t,min_range
30.200000000000003,2.3584182262420654
30.3,2.3634889125823975
30.400000000000002,2.3638811111450195
30.500000000000004,2.367051124572754
30.6,2.3645238876342773
30.700000000000003,2.3652150630950928
30.8,2.3730006217956543
30.900000000000002,2.370215892791748
31.000000000000004,2.362699270248413
31.1,2.373044967651367
31.200000000000003,2.3651123046875
31.3,2.367703676223755
31.400000000000002,2.360032796859741
31.500000000000004,2.352210283279419
31.6,2.3488478660583496
31.700000000000003,2.3545279502868652
31.8,2.3561830520629883
31.900000000000002,2.3531646728515625
32.0,2.3382184505462646
32.1,2.323345184326172
32.2,2.3137645721435547
32.300000000000004,2.3007760047912598
32.4,2.2840607166290283
32.5,2.287402629852295
32.6,2.265016555786133
32.7,2.2555482387542725
32.800000000000004,2.236855983734131
32.9,2.227144241333008
33.0,2.22650146484375
33.1,2.2145943641662598
33.2,2.195610284805298
33.300000000000004,2.1902456283569336
33.4,2.1809561252593994
33.5,2.164428949356079
33.6,2.1585540771484375
33.7,2.1418237686157227
33.800000000000004,2.1618707180023193
33.9,2.1638071537017822
34.0,2.1754376888275146
34.1,2.1758530139923096
34.2,2.194042205810547
34.300000000000004,2.1986818313598633
34.400000000000006,2.200437545776367
34.5,2.202380418777466
34.6,2.207956314086914
34.7,2.2207963466644287
34.800000000000004,2.20890212059021
34.900000000000006,2.2186717987060547
35.0,2.2111191749572754
35.1,2.214353322982788
35.2,2.222198009490967
35.300000000000004,2.2202751636505127
35.400000000000006,2.232611894607544
35.5,2.2341911792755127
35.6,2.2053487300872803
35.7,2.1965529918670654
35.800000000000004,2.1850931644439697
35.900000000000006,2.1474061012268066
36.0,2.1038711071014404
36.1,2.062873601913452
36.2,2.0253639221191406
36.300000000000004,1.9669976234436035
36.400000000000006,1.9174939393997192
36.5,1.8638246059417725
36.6,1.829318881034851
36.7,1.7912455797195435
36.800000000000004,1.7406059503555298
36.900000000000006,1.6748098134994507
37.0,1.6427333354949951
37.1,1.5813360214233398
37.2,1.5215833187103271
37.300000000000004,1.4707671403884888
37.400000000000006,1.4145618677139282
37.5,1.3628783226013184
37.6,1.3065558671951294
37.7,1.2613461017608643
37.800000000000004,1.2114312648773193
37.900000000000006,1.1657114028930664
38.0,1.1442524194717407
38.1,1.1003144979476929
38.2,1.061405062675476
38.300000000000004,1.022235631942749
38.400000000000006,1.0063444375991821
38.5,0.9739336371421814
38.6,0.9456875324249268
38.7,0.9345889687538147
38.800000000000004,0.9333984851837158
38.900000000000006,0.9091896414756775
39.0,0.8899311423301697
39.1,0.8706150054931641
39.2,0.8671948909759521
39.300000000000004,0.8522707223892212
39.400000000000006,0.8319708108901978
39.5,0.8109009861946106
39.6,0.8096516728401184
39.7,0.8055892586708069
39.800000000000004,0.7968188524246216
39.900000000000006,0.7875301837921143
40.0,0.7790213823318481
40.1,0.7679392099380493
40.2,0.7725608944892883
40.300000000000004,0.7613716125488281
40.400000000000006,0.7570188045501709
40.5,0.7471746802330017
40.6,0.7286989688873291
40.7,0.7300205230712891
40.800000000000004,0.7105425596237183
40.900000000000006,0.7006723880767822
41.0,0.7061142325401306
41.1,0.6946120262145996
41.2,0.6903275847434998
41.300000000000004,0.6828482747077942
41.400000000000006,0.6720007658004761
41.5,0.658866286277771
41.6,0.6732183694839478
41.7,0.6483087539672852
41.800000000000004,0.6343638896942139
41.900000000000006,0.6304078102111816
42.0,0.626736581325531
42.1,0.6191278696060181
42.2,0.6182493567466736
42.300000000000004,0.6048304438591003
42.400000000000006,0.6096036434173584
42.5,0.6141650080680847
42.6,0.6137340664863586
42.7,0.614138126373291
42.800000000000004,0.6129438877105713
42.900000000000006,0.6039236187934875
43.0,0.5997489094734192
43.1,0.6121454834938049
43.2,0.6069648861885071
43.300000000000004,0.6021531224250793
43.400000000000006,0.6033440232276917
43.5,0.6022921800613403
43.6,0.6006997227668762
43.7,0.5876681804656982
43.800000000000004,0.5899507999420166
43.900000000000006,0.5935782194137573
44.0,0.5908950567245483
44.1,0.5983884930610657
44.2,0.5800535082817078
44.300000000000004,0.5835310816764832
44.400000000000006,0.5932940244674683
44.5,0.5883934497833252
44.6,0.5686277151107788
44.7,0.5761464238166809
44.800000000000004,0.5709747076034546
44.900000000000006,0.570059597492218
45.0,0.5606099367141724
45.1,0.5647583603858948
45.2,0.5629172325134277
45.300000000000004,0.5554304718971252
45.400000000000006,0.5500292778015137
45.5,0.5355538129806519
45.6,0.5322208404541016
45.7,0.523600161075592
45.800000000000004,0.5180262327194214
45.900000000000006,0.504141628742218
46.0,0.4865487515926361
46.1,0.4757345914840698
46.2,0.4663641154766083
46.300000000000004,0.44978517293930054
46.400000000000006,0.44440579414367676
46.5,0.43259504437446594
46.6,0.42719292640686035
46.7,0.40268048644065857
46.800000000000004,0.40817224979400635
46.900000000000006,0.4070684313774109
47.0,0.4010371267795563
47.1,0.39978739619255066
47.2,0.38201767206192017
47.300000000000004,0.38502034544944763
47.400000000000006,0.3746616840362549
47.5,0.38018998503685
47.6,0.37742137908935547
47.7,0.3734653890132904
47.800000000000004,0.37276187539100647
47.900000000000006,0.3759691119194031
48.0,0.38658004999160767
48.1,0.374803751707077
48.2,0.3670666813850403
48.300000000000004,0.3712623715400696
48.400000000000006,0.3616749346256256
48.5,0.36074069142341614
48.6,0.35631540417671204
48.7,0.3432130515575409
48.800000000000004,0.34401145577430725
48.900000000000006,0.33908432722091675
49.0,0.34468698501586914
49.1,0.3531380593776703
49.2,0.35881859064102173
49.300000000000004,0.34860309958457947
49.400000000000006,0.35561543703079224
49.5,0.35477215051651
49.6,0.35281914472579956
49.7,0.3542362451553345
49.800000000000004,0.35555317997932434
49.900000000000006,0.36243391036987305
50.0,0.3560769557952881
50.1,0.3549356162548065
50.2,0.35197895765304565
50.300000000000004,0.36498183012008667
50.400000000000006,0.3597073554992676
50.5,0.3659881055355072
50.6,0.3677815794944763
50.7,0.3556535243988037
50.800000000000004,0.36358901858329773
50.900000000000006,0.14240001142024994
51.0,0.357552707195282
51.1,0.35003462433815
51.2,0.3633754253387451
51.300000000000004,0.3547936677932739
51.400000000000006,0.36336812376976013
51.5,0.35596850514411926
51.6,0.35862916707992554
51.7,0.3672914505004883
51.800000000000004,0.3633517324924469
51.900000000000006,0.3625507354736328
52.0,0.36442089080810547
52.1,0.36497774720191956
52.2,0.35784661769866943
52.300000000000004,0.3633143901824951
52.400000000000006,0.35062578320503235
52.5,0.3509901165962219
52.6,0.3619672954082489
52.7,0.3631567656993866
52.800000000000004,0.35941457748413086
52.900000000000006,0.3602900207042694
53.0,0.14249853789806366
53.1,0.35502585768699646
53.2,0.35036709904670715
53.300000000000004,0.34913405776023865
53.400000000000006,0.36368289589881897
53.5,0.33990997076034546
53.6,0.35112839937210083
53.7,0.36572548747062683
53.800000000000004,0.3532111644744873
53.900000000000006,0.36181819438934326
54.0,0.3564932644367218
54.1,0.35115185379981995
54.2,0.3559560477733612
54.300000000000004,0.3586575388908386
54.400000000000006,0.3538294732570648
54.5,0.35572317242622375
54.6,0.35284891724586487
54.7,0.3443616032600403
54.800000000000004,0.3543069660663605
54.900000000000006,0.36886680126190186
55.0,0.3482600748538971
55.1,0.359187513589859
55.2,0.35268181562423706
55.300000000000004,0.35764169692993164
55.400000000000006,0.35919854044914246
55.5,0.358598530292511
55.6,0.3566753566265106
55.7,0.36208847165107727
55.800000000000004,0.35329338908195496
55.900000000000006,0.3544224500656128
56.0,0.3502221405506134
56.1,0.35723182559013367
56.2,0.3537827134132385
56.300000000000004,0.3572189509868622
56.400000000000006,0.35947567224502563
56.5,0.3616020679473877
56.6,0.3510251045227051
56.7,0.34225183725357056
56.800000000000004,0.3431759476661682
56.900000000000006,0.3519568145275116
57.0,0.35732269287109375
57.1,0.3492335081100464
57.2,0.3497800827026367
57.300000000000004,0.3528250455856323
57.400000000000006,0.34898075461387634
57.50000000000001,0.3442575931549072
57.6,0.3456358313560486
57.7,0.34275394678115845
57.800000000000004,0.35316088795661926
57.900000000000006,0.34677669405937195
58.00000000000001,0.3479122221469879
58.1,0.3415507674217224
58.2,0.33575987815856934
58.300000000000004,0.3427858352661133
58.400000000000006,0.34000107645988464
58.50000000000001,0.3437162935733795
58.6,0.3466920852661133
58.7,0.3484734892845154
58.800000000000004,0.3476150333881378
58.900000000000006,0.33917558193206787
59.00000000000001,0.34041428565979004
59.1,0.3458798825740814
59.2,0.33725905418395996
59.300000000000004,0.34792283177375793
59.400000000000006,0.339309424161911
59.50000000000001,0.33984285593032837
59.6,0.3453695476055145
59.7,0.33143073320388794
59.800000000000004,0.3448583781719208
59.900000000000006,0.3464919626712799
60.00000000000001,0.34004634618759155
60.1,0.338157594203949
60.2,0.3475671112537384
60.300000000000004,0.34666526317596436
60.400000000000006,0.3379761874675751
60.50000000000001,0.33548665046691895
60.6,0.33834773302078247
60.7,0.3490385115146637
60.800000000000004,0.34474608302116394
60.900000000000006,0.3324054777622223
61.00000000000001,0.33858153223991394
61.1,0.33646002411842346
61.2,0.3304756283760071
61.300000000000004,0.3307735323905945
61.400000000000006,0.33955541253089905
61.50000000000001,0.3307533264160156
61.6,0.33274728059768677
61.7,0.33661308884620667
61.800000000000004,0.32064563035964966
61.900000000000006,0.3200511038303375
62.00000000000001,0.33590617775917053
62.1,0.33534112572669983
62.2,0.3318796753883362
62.300000000000004,0.3353651165962219
62.400000000000006,0.33065858483314514
62.50000000000001,0.3303806185722351
62.6,0.3289354145526886
62.7,0.3192298412322998
62.800000000000004,0.3259110152721405
62.900000000000006,0.33220794796943665
63.00000000000001,0.3325800597667694
63.1,0.330957293510437
63.2,0.33583375811576843
63.300000000000004,0.32104140520095825
63.400000000000006,0.3231755495071411
63.50000000000001,0.3300584554672241
63.6,0.3118363618850708
63.7,0.32678744196891785
63.800000000000004,0.31731531023979187
63.900000000000006,0.3205983638763428
64.0,0.3247305154800415
64.10000000000001,0.32109740376472473
64.2,0.3289436399936676
64.3,0.3277018070220947
64.4,0.3241659700870514
64.5,0.33480677008628845
64.60000000000001,0.33113083243370056
64.7,0.32941827178001404
64.8,0.3259411156177521
64.9,0.32358598709106445
65.0,0.33837199211120605
65.10000000000001,0.328122079372406
65.2,0.3324466943740845
65.3,0.333295613527298
65.4,0.33356764912605286
65.5,0.3316786289215088
65.60000000000001,0.3365677297115326
65.7,0.32620733976364136
65.8,0.3312849998474121
65.9,0.3345685303211212
66.0,0.3354952931404114
66.10000000000001,0.3355679214000702
66.2,0.33349037170410156
66.3,0.32743531465530396
66.4,0.32345935702323914
66.5,0.34456008672714233
66.60000000000001,0.3278837502002716
66.7,0.31476765871047974
66.8,0.3285771608352661
66.9,0.33193784952163696
67.0,0.3314024806022644
67.10000000000001,0.33209294080734253
67.2,0.33309927582740784
67.3,0.3285270631313324
67.4,0.3328441381454468
67.5,0.3319011926651001
67.60000000000001,0.3355511426925659
67.7,0.3275640606880188
67.8,0.3336734473705292
67.9,0.3235923647880554
68.0,0.3315388262271881
68.10000000000001,0.32856565713882446
68.2,0.3298068344593048
68.3,0.33961930871009827
68.4,0.3353385627269745
68.5,0.3309304416179657
68.60000000000001,0.32523277401924133
68.7,0.3277224004268646
68.80000000000001,0.3319871127605438
68.9,0.31873929500579834
69.0,0.32462114095687866
69.10000000000001,0.32627934217453003
69.2,0.32427090406417847
69.30000000000001,0.3247382938861847
69.4,0.3285125195980072
69.5,0.31791913509368896
69.60000000000001,0.3123999536037445
69.7,0.3251921236515045
69.80000000000001,0.32814523577690125
69.9,0.3206265866756439
70.0,0.32718926668167114
70.10000000000001,0.32409629225730896
70.2,0.3221988081932068
70.30000000000001,0.31836798787117004
70.4,0.3178289234638214
70.5,0.3150564134120941
70.60000000000001,0.3219887316226959
70.7,0.3203479051589966
70.80000000000001,0.3110865354537964
70.9,0.312894344329834
71.0,0.32060667872428894
71.10000000000001,0.3206053674221039
71.2,0.31987959146499634
71.30000000000001,0.31644943356513977
71.4,0.32286331057548523
71.5,0.31545290350914
71.60000000000001,0.305479496717453
71.7,0.3189795911312103
71.80000000000001,0.3160174787044525
71.9,0.31843429803848267
72.0,0.32198724150657654
72.10000000000001,0.3168450891971588
72.2,0.3109261095523834
72.30000000000001,0.29442083835601807
72.4,0.3170616626739502
72.5,0.31941187381744385
72.60000000000001,0.31818580627441406
72.7,0.3095947206020355
72.80000000000001,0.3103848695755005
72.9,0.3269931375980377
73.0,0.33606764674186707
73.10000000000001,0.3457203507423401
73.2,0.35063397884368896
73.30000000000001,0.3538627326488495
73.4,0.3485528230667114
73.5,0.3583419620990753
73.60000000000001,0.3460253179073334
73.7,0.3615289330482483
73.80000000000001,0.3564748764038086
73.9,0.354420930147171
74.0,0.3374916613101959
74.10000000000001,0.332597017288208
74.2,0.32098308205604553
74.30000000000001,0.3253925144672394
74.4,0.33340156078338623
74.5,0.33965909481048584
74.60000000000001,0.34595274925231934
74.7,0.3530406653881073
74.80000000000001,0.3520100712776184
74.9,0.36071139574050903
75.0,0.35268229246139526
75.10000000000001,0.3542599678039551
75.2,0.3517039120197296
75.30000000000001,0.34357574582099915
75.4,0.3518945276737213
75.5,0.3600846529006958
75.60000000000001,0.3432750105857849
75.7,0.34989815950393677
75.80000000000001,0.3557676672935486
75.9,0.3631833493709564
76.0,0.3534756898880005
76.10000000000001,0.3593100309371948
76.2,0.35204723477363586
76.30000000000001,0.35361936688423157
76.4,0.36705633997917175
76.5,0.37912386655807495
76.60000000000001,0.42614781856536865
76.7,0.45183396339416504
76.80000000000001,0.4885258078575134
76.9,0.507590115070343
77.0,0.5284325480461121
77.10000000000001,0.5553974509239197
77.2,0.5856192708015442
77.30000000000001,0.6123519539833069
77.4,0.6210446953773499
77.5,0.6415867209434509
77.60000000000001,0.6725320219993591
77.7,0.6878725290298462
77.80000000000001,0.7068118453025818
77.9,0.7133534550666809
78.0,0.7017650604248047
78.10000000000001,0.6836857795715332
78.2,0.6799755692481995
78.30000000000001,0.6624025702476501
78.4,0.6573668718338013
78.5,0.6538193821907043
78.60000000000001,0.6609979867935181
78.7,0.6539650559425354
78.80000000000001,0.6434651613235474
78.9,0.6520804166793823
79.0,0.6599680781364441
79.10000000000001,0.6467634439468384
79.2,0.6461952328681946
79.30000000000001,0.6549296379089355
79.4,0.6417032480239868
79.5,0.637758195400238
79.60000000000001,0.6377618908882141
79.7,0.6266450881958008
79.80000000000001,0.6169194579124451
79.9,0.6144372224807739
80.0,0.6115213632583618
80.10000000000001,0.5909859538078308
80.2,0.5737418532371521
80.30000000000001,0.5723233819007874
80.4,0.5632947683334351
80.5,0.5685909390449524
80.60000000000001,0.5438218116760254
80.7,0.5282750129699707
80.80000000000001,0.523842990398407
80.9,0.5063431859016418
81.0,0.5088832378387451
81.10000000000001,0.4775954484939575
81.2,0.4948601722717285
81.30000000000001,0.4938996732234955
81.4,0.5006747841835022
81.5,0.49832507967948914
81.60000000000001,0.496550589799881
81.7,0.5002586245536804
81.80000000000001,0.5012728571891785
81.9,0.49749910831451416
82.0,0.5085998773574829
82.10000000000001,0.5042430758476257
82.2,0.5076838731765747
82.30000000000001,0.5052198767662048
82.4,0.5031908750534058
82.5,0.5086495876312256
82.60000000000001,0.5062758922576904
82.7,0.4972197413444519
82.80000000000001,0.46720004081726074
82.9,0.4474417567253113
83.0,0.4218667447566986
83.10000000000001,0.3998548984527588
83.2,0.37768852710723877
83.30000000000001,0.3681895434856415
83.4,0.34683507680892944
83.5,0.3376423120498657
83.60000000000001,0.32645222544670105
83.7,0.312822550535202
83.80000000000001,0.3027215600013733
83.9,0.29262644052505493
84.0,0.29728132486343384
84.10000000000001,0.3056405484676361
84.2,0.29491955041885376
84.30000000000001,0.2958245277404785
84.4,0.2891208827495575
84.5,0.28758716583251953
84.60000000000001,0.29774102568626404
84.7,0.30924853682518005
84.80000000000001,0.3165404200553894
84.9,0.3188026249408722
85.0,0.3208051919937134
85.10000000000001,0.3406868577003479
85.2,0.35848385095596313
85.30000000000001,0.36704307794570923
85.4,0.3637002408504486
85.5,0.37992361187934875
85.60000000000001,0.38742566108703613
85.7,0.3925749361515045
85.80000000000001,0.39224523305892944
85.9,0.3979128301143646
86.0,0.3901190161705017
86.10000000000001,0.3931734263896942
86.2,0.4020031988620758
86.30000000000001,0.39556705951690674
86.4,0.3856556713581085
86.5,0.3874828815460205
86.60000000000001,0.38249704241752625
86.7,0.377841979265213
86.80000000000001,0.37535494565963745
86.9,0.3762452006340027
87.0,0.36789289116859436
87.10000000000001,0.3732304573059082
87.2,0.37828531861305237
87.30000000000001,0.3676150441169739
87.4,0.3548937737941742
87.5,0.3606601655483246
87.60000000000001,0.3565565347671509
87.7,0.36064213514328003
87.80000000000001,0.3686267137527466
87.9,0.3759051561355591
88.0,0.3841409385204315
88.10000000000001,0.40096259117126465
88.2,0.4088691771030426
88.30000000000001,0.4211713373661041
88.4,0.4512673318386078
88.5,0.47172337770462036
88.60000000000001,0.47960689663887024
88.7,0.4936833679676056
88.80000000000001,0.5068019032478333
88.9,0.4955224394798279
89.0,0.4987601935863495
89.10000000000001,0.4955470860004425
89.2,0.4805918335914612
89.30000000000001,0.479629784822464
89.4,0.45659488439559937
89.5,0.4451545476913452
89.60000000000001,0.44959625601768494
89.7,0.4268054962158203
89.80000000000001,0.4252465069293976
89.9,0.41481831669807434
90.0,0.3986670970916748
90.10000000000001,0.3975541293621063
90.2,0.3756788969039917
90.30000000000001,0.3672843873500824
90.4,0.36104628443717957
90.5,0.361220121383667
90.60000000000001,0.3541549742221832
90.7,0.34009355306625366
90.80000000000001,0.31244170665740967
90.9,0.3192969858646393
91.0,0.3097415566444397
91.10000000000001,0.33190709352493286
91.2,0.3487520217895508
91.30000000000001,0.35029181838035583
91.4,0.36214226484298706
91.5,0.3663995563983917
91.60000000000001,0.36138203740119934
91.7,0.360712468624115
91.80000000000001,0.36314207315444946
91.9,0.37156108021736145
92.0,0.3569781482219696
92.10000000000001,0.34880736470222473
92.2,0.36691349744796753
92.30000000000001,0.36343008279800415
92.4,0.3588411808013916
92.5,0.3712383806705475
92.60000000000001,0.36072877049446106
92.7,0.3621075451374054
92.80000000000001,0.32374057173728943
92.9,0.29066988825798035
93.0,0.27233317494392395
93.10000000000001,0.2521076500415802
93.2,0.24268507957458496
93.30000000000001,0.25040945410728455
93.4,0.24217700958251953
93.5,0.25105342268943787
93.60000000000001,0.25966987013816833
93.7,0.25253573060035706
93.80000000000001,0.23873746395111084
93.9,0.23423846065998077
94.0,0.23156441748142242
94.10000000000001,0.22463864088058472
94.2,0.23797039687633514
94.30000000000001,0.248489648103714
94.4,0.2715553939342499
94.5,0.2799610197544098
94.60000000000001,0.2959774434566498
94.7,0.30420705676078796
94.80000000000001,0.3371543288230896
94.9,0.34503310918807983
95.0,0.3545837998390198
95.10000000000001,0.35855811834335327
95.2,0.36236679553985596
95.30000000000001,0.3738671541213989
95.4,0.37622013688087463
95.5,0.3756171762943268
95.60000000000001,0.3746608793735504
95.7,0.38002073764801025
95.80000000000001,0.3893897831439972
95.9,0.3761559724807739
96.0,0.3672282099723816
96.10000000000001,0.38569387793540955
96.2,0.3657979667186737
96.30000000000001,0.3781262934207916
96.4,0.3745206892490387
96.5,0.3672471344470978
96.60000000000001,0.374712198972702
96.7,0.3764093518257141
96.80000000000001,0.3681608736515045
96.9,0.37671151757240295
97.0,0.39450210332870483
97.10000000000001,0.41524380445480347
97.2,0.4271968603134155
97.30000000000001,0.44453516602516174
97.4,0.46512430906295776
97.5,0.4736270606517792
97.60000000000001,0.5154539942741394
97.7,0.5383740663528442
97.80000000000001,0.5526799559593201
97.9,0.5646494030952454
98.0,0.5754274129867554
98.10000000000001,0.5952375531196594
98.2,0.6012462377548218
98.30000000000001,0.5991053581237793
98.4,0.5891553163528442
98.5,0.570010781288147
98.60000000000001,0.5416337251663208
98.7,0.5462585091590881
98.80000000000001,0.52101069688797
98.9,0.523412823677063
99.0,0.5039259195327759
99.10000000000001,0.48841044306755066
99.2,0.48864832520484924
99.30000000000001,0.4780113697052002
99.4,0.46700772643089294
99.5,0.45624610781669617
99.60000000000001,0.45424196124076843
99.7,0.45322713255882263
99.80000000000001,0.4428197145462036
99.9,0.44301068782806396
100.0,0.44282105565071106
100.10000000000001,0.4397718608379364
100.2,0.4452574551105499
100.30000000000001,0.44627058506011963
100.4,0.460176557302475
100.5,0.4476364850997925
100.60000000000001,0.45552265644073486
100.7,0.44951534271240234
100.80000000000001,0.4435266852378845
100.9,0.44712185859680176
101.0,0.445447713136673
101.10000000000001,0.4333176910877228
101.2,0.4318734407424927
101.30000000000001,0.4322012662887573
101.4,0.43097132444381714
101.5,0.4271858334541321
101.60000000000001,0.41145604848861694
101.7,0.4227835237979889
101.80000000000001,0.4153268039226532
101.9,0.4200820028781891
102.0,0.4151954650878906
102.10000000000001,0.4106890559196472
102.2,0.41702941060066223
102.30000000000001,0.42786040902137756
102.4,0.417399525642395
102.5,0.39068976044654846
102.60000000000001,0.3344286382198334
102.7,0.2961801588535309
102.80000000000001,0.27054888010025024
102.9,0.2618030607700348
103.0,0.2545466125011444
103.10000000000001,0.2600952982902527
103.2,0.26284006237983704
103.30000000000001,0.2605569064617157
103.4,0.25947239995002747
103.5,0.25133609771728516
103.60000000000001,0.24980959296226501
103.7,0.24817274510860443
103.80000000000001,0.25149279832839966
103.9,0.25253725051879883
104.0,0.263825923204422
104.10000000000001,0.24548523128032684
104.2,0.2465134710073471
104.30000000000001,0.26148372888565063
104.4,0.2594786286354065
104.5,0.24282024800777435
104.60000000000001,0.27465248107910156
104.7,0.26797303557395935
104.80000000000001,0.273974746465683
104.9,0.27705660462379456
105.0,0.29624927043914795
105.10000000000001,0.29885217547416687
105.2,0.30182746052742004
105.30000000000001,0.32127779722213745
105.4,0.32745036482810974
105.5,0.33518630266189575
105.60000000000001,0.3342687785625458
105.7,0.3418968915939331
105.80000000000001,0.3659398555755615
105.9,0.3734062910079956
106.0,0.3886123299598694
106.10000000000001,0.39696183800697327
106.2,0.38205090165138245
106.30000000000001,0.3926222324371338
106.4,0.38904955983161926
106.5,0.39317846298217773
106.60000000000001,0.40127480030059814
106.7,0.4036526083946228
106.80000000000001,0.39106619358062744
106.9,0.4073595404624939
107.0,0.402862012386322
107.10000000000001,0.38962382078170776
107.2,0.38170701265335083
107.30000000000001,0.38966116309165955
107.4,0.38490068912506104
107.5,0.3843991458415985
107.60000000000001,0.3924667239189148
107.7,0.37363219261169434
107.80000000000001,0.39785873889923096
107.9,0.4140316843986511
108.0,0.4328218698501587
108.10000000000001,0.4438433051109314
108.2,0.4814062714576721
108.30000000000001,0.49680987000465393
108.4,0.5170433521270752
108.5,0.5414275527000427
108.60000000000001,0.567110002040863
108.7,0.5821760892868042
108.80000000000001,0.6160090565681458
108.9,0.6268304586410522
109.0,0.6330280900001526
109.10000000000001,0.6377588510513306
109.2,0.6316366791725159
109.30000000000001,0.6047901511192322
109.4,0.6037896275520325
109.5,0.5822550654411316
109.60000000000001,0.5788035988807678
109.7,0.5676233172416687
109.80000000000001,0.5475099682807922
109.9,0.5438776612281799
110.0,0.5456629991531372
110.10000000000001,0.5319206118583679
110.2,0.5321898460388184
110.30000000000001,0.5246323943138123
110.4,0.5232529044151306
110.5,0.5121528506278992
110.60000000000001,0.5121859312057495
110.7,0.5109867453575134
110.80000000000001,0.5197041630744934
110.9,0.5222615599632263
111.0,0.5154455304145813
111.10000000000001,0.5110620260238647
111.2,0.5034647583961487
111.30000000000001,0.4972163438796997
111.4,0.4864576458930969
111.5,0.48415806889533997
111.60000000000001,0.4830057919025421
111.7,0.4793098270893097
111.80000000000001,0.4630963206291199
111.9,0.4661692976951599
112.0,0.45142054557800293
112.10000000000001,0.46319055557250977
112.2,0.44605985283851624
112.30000000000001,0.43767276406288147
112.4,0.455507755279541
112.5,0.4398711621761322
112.60000000000001,0.44146475195884705
112.7,0.44216540455818176
112.80000000000001,0.44444188475608826
112.9,0.44801193475723267
113.0,0.4437081217765808
113.10000000000001,0.4222683310508728
113.2,0.40421488881111145
113.30000000000001,0.3670499622821808
113.4,0.31846103072166443
113.5,0.28584349155426025
113.60000000000001,0.26800963282585144
113.7,0.26621922850608826
113.80000000000001,0.2604702413082123
113.9,0.27201393246650696
114.0,0.25320354104042053
114.10000000000001,0.2941279411315918
114.2,0.2954082787036896
114.30000000000001,0.30934664607048035
114.4,0.3358914852142334
114.50000000000001,0.34605568647384644
114.60000000000001,0.3452130854129791
114.7,0.35758915543556213
114.80000000000001,0.3593614995479584
114.9,0.3605950176715851
115.00000000000001,0.3617006838321686
115.10000000000001,0.35670143365859985
115.2,0.34378308057785034
115.30000000000001,0.3519687056541443
115.4,0.3374187648296356
115.50000000000001,0.32723814249038696
115.60000000000001,0.3197716176509857
115.7,0.30535879731178284
115.80000000000001,0.3108099699020386
115.9,0.31366440653800964
116.00000000000001,0.3165627121925354
116.10000000000001,0.31844937801361084
116.2,0.32664307951927185
116.30000000000001,0.3202463984489441
116.4,0.3258381485939026
116.50000000000001,0.3274654150009155
116.60000000000001,0.30989331007003784
116.7,0.306038498878479
116.80000000000001,0.3111807703971863
116.9,0.3199683427810669
117.00000000000001,0.3151627779006958
117.10000000000001,0.32105565071105957
117.2,0.3130129277706146
117.30000000000001,0.3160499930381775
117.4,0.3115624785423279
117.50000000000001,0.3080010712146759
117.60000000000001,0.30280694365501404
117.7,0.29377108812332153
117.80000000000001,0.3045327961444855
117.9,0.30507147312164307
118.00000000000001,0.3100091218948364
118.10000000000001,0.3013983368873596
118.2,0.2961460053920746
118.30000000000001,0.2977661192417145
118.4,0.2928788661956787
118.50000000000001,0.3007184565067291
118.60000000000001,0.3014400899410248
118.7,0.3159768879413605
118.80000000000001,0.3064229488372803
118.9,0.3012915849685669
119.00000000000001,0.3095707595348358
119.10000000000001,0.3051791787147522
119.2,0.3170802593231201
119.30000000000001,0.3014224171638489
119.4,0.31893107295036316
119.50000000000001,0.3122968375682831
119.60000000000001,0.3078463077545166
119.7,0.31559550762176514
119.80000000000001,0.31637170910835266
119.9,0.31976616382598877
120.00000000000001,0.3217189610004425
120.10000000000001,0.3292381465435028
120.2,0.33210164308547974
120.30000000000001,0.3216176927089691
120.4,0.33534368872642517
120.50000000000001,0.3293690085411072
120.60000000000001,0.3274870216846466
120.7,0.32500511407852173
120.80000000000001,0.3332720100879669
120.9,0.33105728030204773
121.00000000000001,0.32809701561927795
121.10000000000001,0.33810245990753174
121.2,0.3281277120113373
121.30000000000001,0.33592867851257324
121.4,0.3486917316913605
121.50000000000001,0.3664613366127014
121.60000000000001,0.39119651913642883
121.7,0.42958033084869385
121.80000000000001,0.4504774510860443
121.9,0.479013055562973
122.00000000000001,0.5024661421775818
122.10000000000001,0.5289214253425598
122.2,0.54311203956604
122.30000000000001,0.5626678466796875
122.4,0.5829117894172668
122.50000000000001,0.5885902643203735
122.60000000000001,0.6096870303153992
122.7,0.6233636140823364
122.80000000000001,0.6370922327041626
122.9,0.6476688385009766
123.00000000000001,0.6383177042007446
123.10000000000001,0.6183456778526306
123.2,0.6016176342964172
123.30000000000001,0.5877705812454224
123.4,0.587910532951355
123.50000000000001,0.5889722108840942
123.60000000000001,0.584182858467102
123.7,0.579391360282898
123.80000000000001,0.5696921944618225
123.9,0.5746899247169495
124.00000000000001,0.569139838218689
124.10000000000001,0.5670728087425232
124.2,0.5643343329429626
124.30000000000001,0.5659332871437073
124.4,0.5684179663658142
124.50000000000001,0.568731963634491
124.60000000000001,0.5707288980484009
124.7,0.5577409863471985
124.80000000000001,0.5432153940200806
124.9,0.5511459708213806
125.00000000000001,0.5459327697753906
125.10000000000001,0.5416775941848755
125.2,0.5395020246505737
125.30000000000001,0.5504907369613647
125.4,0.5455948710441589
125.50000000000001,0.5322582721710205
125.60000000000001,0.5209370851516724
125.7,0.5038737058639526
125.80000000000001,0.49059370160102844
125.9,0.49806323647499084
126.00000000000001,0.4822860360145569
126.10000000000001,0.48862898349761963
126.2,0.4748061001300812
126.30000000000001,0.4728490710258484
126.4,0.47600221633911133
126.50000000000001,0.4675721824169159
126.60000000000001,0.47192466259002686
126.7,0.467934250831604
126.80000000000001,0.4732084572315216
126.9,0.4697132110595703
127.00000000000001,0.4766086935997009
127.10000000000001,0.4656796455383301
127.2,0.4735073745250702
127.30000000000001,0.4601442515850067
127.4,0.4387305974960327
127.50000000000001,0.38704603910446167
127.60000000000001,0.33759942650794983
127.7,0.2916710674762726
127.80000000000001,0.2677677571773529
127.9,0.24935570359230042
128.0,0.24975404143333435
128.1,0.2531174123287201
128.20000000000002,0.23756186664104462
128.3,0.25024762749671936
128.4,0.24647743999958038
128.5,0.24642333388328552
128.6,0.2505752444267273
128.70000000000002,0.25968319177627563
128.8,0.2561151385307312
128.9,0.26512768864631653
129.0,0.26216819882392883
129.1,0.26409482955932617
129.20000000000002,0.2714819312095642
129.3,0.2601865828037262
129.4,0.271242618560791
129.5,0.28725624084472656
129.6,0.28791162371635437
129.70000000000002,0.30768826603889465
129.8,0.3206659257411957
129.9,0.32535454630851746
130.0,0.33076727390289307
130.1,0.3421274721622467
130.20000000000002,0.3408477008342743
130.3,0.3616865277290344
130.4,0.3593907356262207
130.5,0.360543429851532
130.6,0.3542025685310364
130.70000000000002,0.36097487807273865
130.8,0.3677520155906677
130.9,0.36102816462516785
131.0,0.34456437826156616
131.1,0.329744428396225
131.20000000000002,0.32739126682281494
131.3,0.32284975051879883
131.4,0.3077426254749298
131.5,0.3322993814945221
131.6,0.3263908922672272
131.70000000000002,0.33459341526031494
131.8,0.3403763473033905
131.9,0.3340665400028229
132.0,0.3366103768348694
132.1,0.3505781292915344
132.20000000000002,0.3417127728462219
132.3,0.3477609157562256
132.4,0.3474031090736389
132.5,0.352918416261673
132.6,0.35728636384010315
132.70000000000002,0.35552313923835754
132.8,0.36184418201446533
132.9,0.35949522256851196
133.0,0.3609679937362671
133.1,0.3657476007938385
133.20000000000002,0.3549365997314453
133.3,0.36303380131721497
133.4,0.361270546913147
133.5,0.37427860498428345
133.6,0.4057425558567047
133.70000000000002,0.424990177154541
133.8,0.4433862268924713
133.9,0.45833638310432434
134.0,0.4728161096572876
134.1,0.4886288046836853
134.20000000000002,0.505998969078064
134.3,0.5289800763130188
134.4,0.5340647101402283
134.5,0.5522993803024292
134.6,0.5551559329032898
134.70000000000002,0.576449990272522
134.8,0.5802332162857056
134.9,0.5887000560760498
135.0,0.5730839371681213
135.1,0.572327196598053
135.20000000000002,0.5508291721343994
135.3,0.5623058080673218
135.4,0.5501302480697632
135.5,0.5521638989448547
135.6,0.5597466826438904
135.70000000000002,0.5605092644691467
135.8,0.5602158308029175
135.9,0.5592764616012573
136.0,0.550793468952179
136.1,0.5359237790107727
136.20000000000002,0.5320061445236206
136.3,0.524733304977417
136.4,0.5232934951782227
136.5,0.5165120959281921
136.6,0.4935877323150635
136.70000000000002,0.49137791991233826
136.8,0.48190024495124817
136.9,0.4801446497440338
137.0,0.4841736853122711
137.10000000000002,0.47095754742622375
137.20000000000002,0.4584144949913025
137.3,0.44031718373298645
137.4,0.4330064058303833
137.5,0.4240993857383728
137.60000000000002,0.4121096134185791
137.70000000000002,0.4114486277103424
137.8,0.4151875972747803
137.9,0.4101194143295288
138.0,0.405820369720459
138.10000000000002,0.40492191910743713
138.20000000000002,0.41058453917503357
138.3,0.4164942502975464
138.4,0.4098960757255554
138.5,0.41107043623924255
138.60000000000002,0.41151949763298035
138.70000000000002,0.40780109167099
138.8,0.397847443819046
138.9,0.36630865931510925
139.0,0.3244739770889282
139.10000000000002,0.2761040925979614
139.20000000000002,0.24438588321208954
139.3,0.24073687195777893
139.4,0.24387602508068085
139.5,0.25089749693870544
139.60000000000002,0.2530355453491211
139.70000000000002,0.26893624663352966
139.8,0.28785431385040283
139.9,0.29656898975372314
140.0,0.3075031042098999
140.10000000000002,0.3174855411052704
140.20000000000002,0.33999961614608765
140.3,0.3388165831565857
140.4,0.3504311740398407
140.5,0.362231582403183
140.60000000000002,0.3450460433959961
140.70000000000002,0.37165844440460205
140.8,0.37396860122680664
140.9,0.36889564990997314
141.0,0.3771990239620209
141.10000000000002,0.37097543478012085
141.20000000000002,0.3698294162750244
141.3,0.36313700675964355
141.4,0.3520054817199707
141.5,0.343125581741333
141.60000000000002,0.3442908823490143
141.70000000000002,0.33625295758247375
141.8,0.33757340908050537
141.9,0.3343937397003174
142.0,0.3257635831832886
142.10000000000002,0.32389870285987854
142.20000000000002,0.3295932710170746
142.3,0.3368619382381439
142.4,0.33511534333229065
142.5,0.3351909816265106
142.60000000000002,0.3392591178417206
142.70000000000002,0.3320254981517792
142.8,0.3378344178199768
142.9,0.34399545192718506
143.0,0.3545070290565491
143.10000000000002,0.38133564591407776
143.20000000000002,0.40230581164360046
143.3,0.4152242839336395
143.4,0.41961824893951416
143.5,0.45324596762657166
143.60000000000002,0.47667425870895386
143.70000000000002,0.4891716241836548
143.8,0.5192282795906067
143.9,0.5130186080932617
144.0,0.5464144349098206
144.10000000000002,0.5602691769599915
144.20000000000002,0.5597583651542664
144.3,0.5625596046447754
144.4,0.591033935546875
144.5,0.5948311686515808
144.60000000000002,0.593244194984436
144.70000000000002,0.6059103608131409
144.8,0.5857292413711548
144.9,0.5907586216926575
145.0,0.5747937560081482
145.10000000000002,0.5682294964790344
145.20000000000002,0.5526078343391418
145.3,0.5372761487960815
145.4,0.5370351076126099
145.5,0.5208751559257507
145.60000000000002,0.5041311979293823
145.70000000000002,0.508197009563446
145.8,0.4822118580341339
145.9,0.4813021123409271
146.0,0.47039616107940674
146.10000000000002,0.4610431492328644
146.20000000000002,0.45454660058021545
146.3,0.4489033818244934
146.4,0.4369179904460907
146.5,0.4233350157737732
146.60000000000002,0.4109668731689453
146.70000000000002,0.3975299298763275
146.8,0.3848894536495209
146.9,0.37154337763786316
147.0,0.3883296251296997
147.10000000000002,0.3937109112739563
147.20000000000002,0.39051052927970886
147.3,0.38607290387153625
147.4,0.3850318491458893
147.5,0.40267810225486755
147.60000000000002,0.39559099078178406
147.70000000000002,0.4004096984863281
147.8,0.3967486321926117
147.9,0.3900924623012543
148.0,0.38350915908813477
148.10000000000002,0.38886216282844543
148.20000000000002,0.38981449604034424
148.3,0.3914889097213745
148.4,0.3828820586204529
148.5,0.37695786356925964
148.60000000000002,0.3505096733570099
148.70000000000002,0.30767109990119934
148.8,0.2574950158596039
148.9,0.25958091020584106
149.0,0.2599085867404938
149.10000000000002,0.24693799018859863
149.20000000000002,0.258600652217865
149.3,0.24727456271648407
149.4,0.25187596678733826
149.5,0.24755391478538513
149.60000000000002,0.25307539105415344
149.70000000000002,0.26009905338287354
149.8,0.24715611338615417
149.9,0.24975945055484772
150.0,0.25183749198913574
150.10000000000002,0.24726048111915588
150.20000000000002,0.24082490801811218
150.3,0.25071093440055847
150.4,0.24884015321731567
150.5,0.24717292189598083
150.60000000000002,0.2526554763317108
150.70000000000002,0.28099915385246277
150.8,0.29201576113700867
150.9,0.30216071009635925
151.0,0.3079238533973694
151.10000000000002,0.32084202766418457
151.20000000000002,0.3346025347709656
151.3,0.3502477705478668
151.4,0.3663492798805237
151.5,0.369833767414093
151.60000000000002,0.3794199824333191
151.70000000000002,0.38594889640808105
151.8,0.39304211735725403
151.9,0.3948149085044861
152.0,0.39859750866889954
152.10000000000002,0.39621812105178833
152.20000000000002,0.3898018002510071
152.3,0.37670040130615234
152.4,0.381591796875
152.5,0.38102588057518005
152.60000000000002,0.388325959444046
152.70000000000002,0.3730333745479584
152.8,0.3655531704425812
152.9,0.36072587966918945
153.0,0.3703957200050354
153.10000000000002,0.3679049015045166
153.20000000000002,0.36033743619918823
153.3,0.3574375510215759
153.4,0.37755087018013
153.5,0.4045911729335785
153.60000000000002,0.41424840688705444
153.70000000000002,0.44275128841400146
153.8,0.4848846197128296
153.9,0.507245659828186
154.0,0.5182780027389526
154.10000000000002,0.5471238493919373
154.20000000000002,0.5630753040313721
154.3,0.5650447607040405
154.4,0.5964369773864746
154.5,0.6200834512710571
154.60000000000002,0.6437382698059082
154.70000000000002,0.6629282236099243
154.8,0.6538161039352417
154.9,0.6576105356216431
155.0,0.6382376551628113
155.10000000000002,0.6413418054580688
155.20000000000002,0.623940646648407
155.3,0.6220588684082031
155.4,0.5926660895347595
155.5,0.574291467666626
155.60000000000002,0.5753134489059448
155.70000000000002,0.5462831258773804
155.8,0.5503606796264648
155.9,0.5396981835365295
156.0,0.50909024477005
156.10000000000002,0.5160104036331177
156.20000000000002,0.5100129246711731
156.3,0.48687395453453064
156.4,0.4770229458808899
156.5,0.4774447977542877
156.60000000000002,0.4725710153579712
156.70000000000002,0.44860804080963135
156.8,0.4332410395145416
156.9,0.4319486618041992
157.0,0.4126985967159271
157.10000000000002,0.40855199098587036
157.20000000000002,0.4026477634906769
157.3,0.39957892894744873
157.4,0.39804214239120483
157.5,0.40085867047309875
157.60000000000002,0.4033718705177307
157.70000000000002,0.3943081796169281
157.8,0.4026017189025879
157.9,0.4003516137599945
158.0,0.3941405117511749
158.10000000000002,0.39525407552719116
158.20000000000002,0.38816162943840027
158.3,0.38589954376220703
158.4,0.3763882517814636
158.5,0.3683886229991913
158.60000000000002,0.35810235142707825
158.70000000000002,0.34532371163368225
158.8,0.3248210549354553
158.9,0.30933064222335815
159.0,0.31094151735305786
159.10000000000002,0.3006340265274048
159.20000000000002,0.3110716640949249
159.3,0.2916017472743988
159.4,0.3001193702220917
159.5,0.30420762300491333
159.60000000000002,0.3016655147075653
159.70000000000002,0.2990770936012268
159.8,0.3135682940483093
159.9,0.3118021786212921
160.0,0.31830745935440063
160.10000000000002,0.3295714259147644
160.20000000000002,0.343201607465744
160.3,0.3635042607784271
160.4,0.36478039622306824
160.5,0.35949140787124634
160.60000000000002,0.36645105481147766
160.70000000000002,0.36451515555381775
160.8,0.3740038275718689
160.9,0.3757077157497406
161.0,0.36528441309928894
161.10000000000002,0.3853584825992584
161.20000000000002,0.38553985953330994
161.3,0.39643970131874084
161.4,0.40700802206993103
161.5,0.40617382526397705
161.60000000000002,0.4093553423881531
161.70000000000002,0.4182659685611725
161.8,0.39768925309181213
161.9,0.41584622859954834
162.0,0.4102211594581604
162.10000000000002,0.4150402545928955
162.20000000000002,0.4154093563556671
162.3,0.4201565682888031
162.4,0.41293710470199585
162.5,0.4065449833869934
162.60000000000002,0.4007270634174347
162.70000000000002,0.39340582489967346
162.8,0.409999817609787
162.9,0.42733103036880493
163.0,0.43548089265823364
163.10000000000002,0.43982845544815063
163.20000000000002,0.47774791717529297
163.3,0.5187159776687622
163.4,0.5415002107620239
163.5,0.5619020462036133
163.60000000000002,0.5976607799530029
163.70000000000002,0.611393392086029
163.8,0.6449376940727234
163.9,0.6653305888175964
164.0,0.6813566088676453
164.10000000000002,0.6930636763572693
164.20000000000002,0.7292102575302124
164.3,0.7523805499076843
164.4,0.7520807385444641
164.5,0.750031590461731
164.60000000000002,0.7462995052337646
164.70000000000002,0.7520632743835449
164.8,0.7386411428451538
164.9,0.7273911237716675
165.0,0.72542405128479
165.10000000000002,0.7193290591239929
165.20000000000002,0.6978026628494263
165.3,0.6895747184753418
165.4,0.6810696125030518
165.5,0.6680023074150085
165.60000000000002,0.677311360836029
165.70000000000002,0.6663519144058228
165.8,0.6538599133491516
165.9,0.6369732618331909
166.0,0.6549356579780579
166.10000000000002,0.6449266672134399
166.20000000000002,0.632915735244751
166.3,0.6494480967521667
166.4,0.6437298655509949
166.5,0.646956741809845
166.60000000000002,0.6489660739898682
166.70000000000002,0.6506867408752441
166.8,0.6355489492416382
166.9,0.6273713111877441
167.0,0.6265653371810913
167.10000000000002,0.6216300129890442
167.20000000000002,0.6221272945404053
167.3,0.6112865805625916
167.4,0.6130286455154419
167.5,0.6024366617202759
167.60000000000002,0.5993374586105347
167.70000000000002,0.6030881404876709
167.8,0.5881867408752441
167.9,0.5977814197540283
168.0,0.6022524237632751
168.10000000000002,0.6004070043563843
168.20000000000002,0.5946911573410034
168.3,0.5907997488975525
168.4,0.5955163240432739
168.5,0.589699923992157
168.60000000000002,0.5874767303466797
168.70000000000002,0.5490484237670898
168.8,0.5204041600227356
168.9,0.4784984290599823
169.0,0.44308334589004517
169.10000000000002,0.41148293018341064
169.20000000000002,0.3649601936340332
169.3,0.3472590446472168
169.4,0.3060133457183838
169.5,0.14085766673088074
169.60000000000002,0.32034045457839966
169.70000000000002,0.3128432035446167
169.8,0.31780099868774414
169.9,0.3282583951950073
170.0,0.33535993099212646
170.10000000000002,0.3354126214981079
170.20000000000002,0.34700480103492737
170.3,0.35723039507865906
170.4,0.3550235331058502
170.5,0.3660556375980377
170.60000000000002,0.3630252480506897
170.70000000000002,0.36842623353004456
170.8,0.3479183316230774
170.9,0.3552972078323364
171.0,0.3508588969707489
171.10000000000002,0.3384602665901184
171.20000000000002,0.3270789384841919
171.3,0.31817737221717834
171.4,0.3265082538127899
171.5,0.3387848734855652
171.60000000000002,0.3294576406478882
171.70000000000002,0.34285080432891846
171.8,0.353231817483902
171.9,0.34940099716186523
172.0,0.3602992296218872
172.10000000000002,0.3623673617839813
172.20000000000002,0.35958409309387207
172.3,0.37285202741622925
172.4,0.3759516477584839
172.5,0.371126651763916
172.60000000000002,0.37275245785713196
172.70000000000002,0.37296566367149353
172.8,0.3823016285896301
172.9,0.3838823735713959
173.0,0.38141369819641113
173.10000000000002,0.38377654552459717
173.20000000000002,0.37953346967697144
173.3,0.39006277918815613
173.4,0.37893861532211304
173.5,0.38840675354003906
173.60000000000002,0.38457804918289185
173.70000000000002,0.3946661651134491
173.8,0.4163542091846466
173.9,0.43191447854042053
174.0,0.4502180218696594
174.10000000000002,0.47988373041152954
174.20000000000002,0.48707395792007446
174.3,0.4870745837688446
174.4,0.5088440775871277
174.5,0.517204225063324
174.60000000000002,0.5344948172569275
174.70000000000002,0.5398203730583191
174.8,0.5430542826652527
174.9,0.5565457344055176
175.0,0.5605440139770508
175.10000000000002,0.5671632289886475
175.20000000000002,0.5594211220741272
175.3,0.5686994791030884
175.4,0.5724127888679504
175.5,0.5836519002914429
175.60000000000002,0.5807320475578308
175.70000000000002,0.5827856659889221
175.8,0.571881890296936
175.9,0.5729358196258545
176.0,0.5676899552345276
176.10000000000002,0.5659876465797424
176.20000000000002,0.5710703730583191
176.3,0.5542464256286621
176.4,0.5426595211029053
176.5,0.5266448855400085
176.60000000000002,0.5310823321342468
176.70000000000002,0.5133630037307739
176.8,0.5207592248916626
176.9,0.5109380483627319
177.0,0.5218139886856079
177.10000000000002,0.506404459476471
177.20000000000002,0.5085837244987488
177.3,0.508082389831543
177.4,0.5129997134208679
177.5,0.5236120820045471
177.60000000000002,0.5081661343574524
177.70000000000002,0.510358452796936
177.8,0.5211800336837769
177.9,0.5155612826347351
178.0,0.5187130570411682
178.10000000000002,0.5286044478416443
178.20000000000002,0.5461527705192566
178.3,0.5608312487602234
178.4,0.5671606063842773
178.5,0.575299084186554
178.60000000000002,0.5871451497077942
178.70000000000002,0.5907840132713318
178.8,0.6049238443374634
178.9,0.6076898574829102
179.0,0.6213237643241882
179.10000000000002,0.6255370378494263
179.20000000000002,0.6359844207763672
179.3,0.6373957395553589
179.4,0.6412051320075989
179.5,0.6462854743003845
179.60000000000002,0.6493840217590332
179.70000000000002,0.6409255266189575
179.8,0.6401274800300598
179.9,0.6433293223381042
180.0,0.6475755572319031
180.10000000000002,0.6510841250419617
180.20000000000002,0.6495497822761536
180.3,0.6541666388511658
180.4,0.6590601205825806
180.5,0.6649497747421265
180.60000000000002,0.6689112782478333
180.70000000000002,0.6686216592788696
180.8,0.6613437533378601
180.9,0.6519170999526978
181.0,0.6543788313865662
181.10000000000002,0.6559457182884216
181.20000000000002,0.6461315155029297
181.3,0.6397197246551514
181.4,0.6493462920188904
181.5,0.6402777433395386
181.60000000000002,0.6443867087364197
181.70000000000002,0.637029767036438
181.8,0.6362636089324951
181.9,0.6297909021377563
182.0,0.6322921514511108
182.10000000000002,0.6264755129814148
182.20000000000002,0.6352945566177368
182.3,0.6331183314323425
182.4,0.6328839659690857
182.5,0.624314546585083
182.60000000000002,0.6277474164962769
182.70000000000002,0.6101573705673218
182.8,0.6016729474067688
182.9,0.601742148399353
183.0,0.5975131392478943
183.10000000000002,0.5893163681030273
183.20000000000002,0.5919361710548401
183.3,0.5967208743095398
183.4,0.59957355260849
183.5,0.5975751876831055
183.60000000000002,0.5945441126823425
183.70000000000002,0.6048930883407593
183.8,0.6086615324020386
183.9,0.6078089475631714
184.0,0.5994383692741394
184.10000000000002,0.5893280506134033
184.20000000000002,0.5880289673805237
184.3,0.6091600656509399
184.4,0.5900604724884033
184.5,0.6027079224586487
184.60000000000002,0.6044009923934937
184.70000000000002,0.608666181564331
184.8,0.6112134456634521
184.9,0.6185705065727234
185.0,0.6257172226905823
185.10000000000002,0.6486891508102417
185.20000000000002,0.6528278589248657
185.3,0.6584810018539429
185.4,0.6841910481452942
185.5,0.700217068195343
185.60000000000002,0.6982647180557251
185.70000000000002,0.7035291790962219
185.8,0.7122218608856201
185.9,0.7065171599388123
186.0,0.7029421925544739
186.10000000000002,0.7164765000343323
186.20000000000002,0.7012012600898743
186.3,0.709187388420105
186.4,0.7012686133384705
186.5,0.6927969455718994
186.60000000000002,0.693756639957428
186.70000000000002,0.6764301061630249
186.8,0.6730781197547913
186.9,0.6857203841209412
187.0,0.6683588027954102
187.10000000000002,0.67151939868927
187.20000000000002,0.6595337390899658
187.3,0.6766319870948792
187.4,0.6566228270530701
187.5,0.6592805981636047
187.60000000000002,0.6595766544342041
187.70000000000002,0.6567175984382629
187.8,0.6500101685523987
187.9,0.6680328249931335
188.0,0.6864024996757507
188.10000000000002,0.7096263766288757
188.20000000000002,0.722432017326355
188.3,0.7263792157173157
188.4,0.7285953760147095
188.5,0.7254705429077148
188.60000000000002,0.7414635419845581
188.70000000000002,0.7458263635635376
188.8,0.7495079040527344
188.9,0.7518041133880615
189.0,0.7422144412994385
189.10000000000002,0.7643869519233704
189.20000000000002,0.764225423336029
189.3,0.7405800223350525
189.4,0.7465047836303711
189.5,0.7455997467041016
189.60000000000002,0.7388229370117188
189.70000000000002,0.7259160280227661
189.8,0.7204703092575073
189.9,0.7255094051361084
190.0,0.7219398617744446
190.10000000000002,0.7318883538246155
190.20000000000002,0.7333291172981262
190.3,0.7311328053474426
190.4,0.7236905097961426
190.5,0.7293024659156799
190.60000000000002,0.7257223129272461
190.70000000000002,0.7021925449371338
190.8,0.7024489641189575
190.9,0.7200350761413574
191.0,0.7156147956848145
191.10000000000002,0.7124881744384766
191.20000000000002,0.7095934152603149
191.3,0.7166787385940552
191.4,0.7047658562660217
191.5,0.7031704187393188
191.60000000000002,0.693583071231842
191.70000000000002,0.6732062101364136
191.8,0.6655788421630859
191.9,0.6537559628486633
192.0,0.6692970395088196
192.10000000000002,0.6572332978248596
192.20000000000002,0.6814752221107483
192.3,0.6808600425720215
192.4,0.6857166886329651
192.5,0.6945551633834839
192.60000000000002,0.6881558299064636
192.70000000000002,0.6989694237709045
192.8,0.7047141790390015
192.9,0.6920211315155029
193.0,0.6978792548179626
193.10000000000002,0.6950719356536865
193.20000000000002,0.7106724977493286
193.3,0.7049144506454468
193.4,0.7019283771514893
193.5,0.7122622132301331
193.60000000000002,0.7031872272491455
193.70000000000002,0.6839073300361633
193.8,0.6497681140899658
193.9,0.6195200085639954
194.0,0.5994630455970764
194.10000000000002,0.588682234287262
194.20000000000002,0.5631592273712158
194.3,0.5342249870300293
194.4,0.5020002722740173
194.5,0.4862386882305145
194.60000000000002,0.47017720341682434
194.70000000000002,0.4551897346973419
194.8,0.44542524218559265
194.9,0.44811126589775085
195.0,0.4481356739997864
195.10000000000002,0.44613584876060486
195.20000000000002,0.462589830160141
195.3,0.466340035200119
195.4,0.4820898771286011
195.5,0.5013279914855957
195.60000000000002,0.5131704211235046
195.70000000000002,0.5106766223907471
195.8,0.5195387601852417
195.9,0.5269204378128052
196.0,0.542575478553772
196.10000000000002,0.5326766967773438
196.20000000000002,0.5407613515853882
196.3,0.5463781952857971
196.4,0.549115002155304
196.5,0.5464469790458679
196.60000000000002,0.5410355925559998
196.70000000000002,0.5327215194702148
196.8,0.5340431332588196
196.9,0.5277115106582642
197.0,0.5246085524559021
197.10000000000002,0.5196574926376343
197.20000000000002,0.5174761414527893
197.3,0.5059223175048828
197.4,0.5108835101127625
197.5,0.508020281791687
197.60000000000002,0.5154085159301758
197.70000000000002,0.5185531377792358
197.8,0.5130289196968079
197.9,0.5059260129928589
198.0,0.5079418420791626
198.10000000000002,0.49541404843330383
198.20000000000002,0.4839954674243927
198.3,0.4734802842140198
198.4,0.4688917398452759
198.5,0.4671233594417572
198.60000000000002,0.45645755529403687
198.70000000000002,0.46603408455848694
198.8,0.4570813775062561
198.9,0.43936339020729065
199.0,0.457561731338501
199.10000000000002,0.46258804202079773
199.20000000000002,0.45600077509880066
199.3,0.46969106793403625
199.4,0.4486727714538574
199.5,0.47220322489738464
199.60000000000002,0.46182557940483093
199.70000000000002,0.45681339502334595
199.8,0.44355854392051697
199.9,0.44453760981559753
200.0,0.4401950240135193
200.10000000000002,0.4357859194278717
200.20000000000002,0.4307177662849426
200.3,0.42932429909706116
200.4,0.4154784083366394
200.5,0.4095049202442169
200.60000000000002,0.4244358241558075
200.70000000000002,0.42041015625
200.8,0.4313688576221466
200.9,0.4183900058269501
201.0,0.409454345703125
201.10000000000002,0.39944738149642944
201.20000000000002,0.38111379742622375
201.3,0.3686181902885437
201.4,0.36068058013916016
201.5,0.35361480712890625
201.60000000000002,0.34736716747283936
201.70000000000002,0.3528754413127899
201.8,0.35726213455200195
201.9,0.36695465445518494
202.0,0.3834669291973114
202.10000000000002,0.40388160943984985
202.20000000000002,0.411533921957016
202.3,0.41424521803855896
202.4,0.4191375970840454
202.5,0.41164177656173706
202.60000000000002,0.42988377809524536
202.70000000000002,0.43447333574295044
202.8,0.42804279923439026
202.9,0.44793787598609924
203.0,0.4426318109035492
203.10000000000002,0.4433380961418152
203.20000000000002,0.45246294140815735
203.3,0.45761391520500183
203.4,0.4460394084453583
203.5,0.4539722204208374
203.60000000000002,0.460757851600647
203.70000000000002,0.4620339274406433
203.8,0.4546469449996948
203.9,0.45133256912231445
204.0,0.46561312675476074
204.10000000000002,0.45397359132766724
204.20000000000002,0.4420883357524872
204.3,0.4373888373374939
204.4,0.42155343294143677
204.5,0.41870319843292236
204.60000000000002,0.4056456685066223
204.70000000000002,0.40246161818504333
204.8,0.3997185230255127
204.9,0.3995351493358612
205.0,0.4086185693740845
205.10000000000002,0.43089771270751953
205.20000000000002,0.4417429268360138
205.3,0.4482955038547516
205.4,0.46039971709251404
205.5,0.4784300625324249
205.60000000000002,0.4844069480895996
205.70000000000002,0.4937520921230316
205.8,0.5017748475074768
205.9,0.5047884583473206
206.0,0.5144689679145813
206.10000000000002,0.5100278258323669
206.20000000000002,0.519637942314148
206.3,0.5153389573097229
206.4,0.5105592608451843
206.5,0.5074341297149658
206.60000000000002,0.5188927054405212
206.70000000000002,0.5217906832695007
206.8,0.5157065391540527
206.9,0.5154678225517273
207.0,0.4997790455818176
207.10000000000002,0.5122780799865723
207.20000000000002,0.5117917060852051
207.3,0.504457414150238
207.4,0.5031070709228516
207.5,0.507897675037384
207.60000000000002,0.5042182207107544
207.70000000000002,0.4966757595539093
207.8,0.49551376700401306
207.9,0.47869959473609924
208.0,0.4784540832042694
208.10000000000002,0.47485026717185974
208.20000000000002,0.48573094606399536
208.3,0.4989423155784607
208.4,0.4992035925388336
208.5,0.5102876424789429
208.60000000000002,0.5006123185157776
208.70000000000002,0.5261434316635132
208.8,0.5240800380706787
208.9,0.5303605198860168
209.0,0.5446876883506775
209.10000000000002,0.5377547740936279
209.20000000000002,0.5437225103378296
209.3,0.5369226336479187
209.4,0.5444867610931396
209.5,0.5426203012466431
209.60000000000002,0.5337693095207214
209.70000000000002,0.5400148034095764
209.8,0.5428704619407654
209.9,0.5280680656433105
210.0,0.5291987657546997
210.10000000000002,0.5361150503158569
210.20000000000002,0.531039297580719
210.3,0.5398429036140442
210.4,0.5441364645957947
210.5,0.5824384093284607
210.60000000000002,0.610222339630127
210.70000000000002,0.6399736404418945
210.8,0.6926137208938599
210.9,0.729503333568573
211.0,0.7666600346565247
211.10000000000002,0.8003219962120056
211.20000000000002,0.8375965356826782
211.3,0.8576558828353882
211.4,0.8828076124191284
211.5,0.9045117497444153
211.60000000000002,0.9276369214057922
211.70000000000002,0.9535478353500366
211.8,0.9762622714042664
211.9,0.9931142926216125
212.0,0.9890682697296143
212.10000000000002,0.9832395315170288
212.20000000000002,0.9701647162437439
212.3,0.9649937748908997
212.4,0.9521297812461853
212.5,0.9263531565666199
212.60000000000002,0.9260873794555664
212.70000000000002,0.9334592223167419
212.8,0.9304197430610657
212.9,0.9095064401626587
213.0,0.900367259979248
213.10000000000002,0.8859504461288452
213.20000000000002,0.8629329204559326
213.3,0.8622420430183411
213.4,0.856760561466217
213.5,0.8440061211585999
213.60000000000002,0.8345165252685547
213.70000000000002,0.8280563354492188
213.8,0.8242636322975159
213.9,0.8225117325782776
214.0,0.8160821795463562
214.10000000000002,0.8099889159202576
214.20000000000002,0.8029446601867676
214.3,0.8129026293754578
214.4,0.8081818222999573
214.5,0.8053656816482544
214.60000000000002,0.800929844379425
214.70000000000002,0.7982785105705261
214.8,0.790683925151825
214.9,0.7929955124855042
215.0,0.7986459732055664
215.10000000000002,0.8014979958534241
215.20000000000002,0.7878046631813049
215.3,0.7970902919769287
215.4,0.779112696647644
215.5,0.7864231467247009
215.60000000000002,0.7721367478370667
215.70000000000002,0.7831566333770752
215.8,0.7579502463340759
215.9,0.7312703132629395
216.0,0.7085939645767212
216.10000000000002,0.6822226047515869
216.20000000000002,0.6648681163787842
216.3,0.6389961838722229
216.4,0.6250638961791992
216.5,0.6061996221542358
216.60000000000002,0.5810544490814209
216.70000000000002,0.5775855183601379
216.8,0.571308434009552
216.9,0.5526964068412781
217.0,0.5519256591796875
217.10000000000002,0.5414725542068481
217.20000000000002,0.5500041246414185
217.3,0.5470997095108032
217.4,0.5527838468551636
217.5,0.5541252493858337
217.60000000000002,0.5516756176948547
217.70000000000002,0.5582322478294373
217.8,0.561159610748291
217.9,0.5705333352088928
218.0,0.5690622925758362
218.10000000000002,0.5783091187477112
218.20000000000002,0.5760254263877869
218.3,0.5863261818885803
218.4,0.595687985420227
218.5,0.590516209602356
218.60000000000002,0.5992152690887451
218.70000000000002,0.6093885898590088
218.8,0.6057643294334412
218.9,0.6119445562362671
219.0,0.608227014541626
219.10000000000002,0.6094090342521667
219.20000000000002,0.6077005863189697
219.3,0.6319978833198547
219.4,0.6510065197944641
219.5,0.6755725145339966
219.60000000000002,0.7032009959220886
219.70000000000002,0.7231172919273376
219.8,0.7492583990097046
219.9,0.7601771354675293
220.0,0.7851130962371826
220.10000000000002,0.8116234540939331
220.20000000000002,0.8322882652282715
220.3,0.8533709645271301
220.4,0.8672523498535156
220.5,0.8788209557533264
220.60000000000002,0.8991175293922424
220.70000000000002,0.8925628066062927
220.8,0.9252562522888184
220.9,0.9221004247665405
221.0,0.942949116230011
221.10000000000002,0.9597540497779846
221.20000000000002,0.963594913482666
221.3,0.9722135066986084
221.4,0.9725511074066162
221.5,0.9850484132766724
221.60000000000002,1.0182331800460815
221.70000000000002,1.0401866436004639
221.8,1.1000317335128784
221.9,1.1459548473358154
222.0,1.1840925216674805
222.10000000000002,1.1986995935440063
222.20000000000002,1.2485181093215942
222.3,1.2608184814453125
222.4,1.3045480251312256
222.5,1.3411586284637451
222.60000000000002,1.3617020845413208
222.70000000000002,1.3691703081130981
222.8,1.3886399269104004
222.9,1.4103196859359741
223.0,1.4031850099563599
223.10000000000002,1.4234347343444824
223.20000000000002,1.4257665872573853
223.3,1.4386839866638184
223.4,1.4407713413238525
223.5,1.4397073984146118
223.60000000000002,1.446466326713562
223.70000000000002,1.4899492263793945
223.8,1.526148796081543
223.9,1.5666917562484741
224.0,1.6156412363052368
224.10000000000002,1.667018175125122
224.20000000000002,1.6788126230239868
224.3,1.728639006614685
224.4,1.7458033561706543
224.5,1.7795711755752563
224.60000000000002,1.785873532295227
224.70000000000002,1.816664457321167
224.8,1.8382314443588257
224.9,1.8517811298370361
225.0,1.8661154508590698
225.10000000000002,1.8827505111694336
225.20000000000002,1.8819022178649902
225.3,1.8935805559158325
225.4,1.8997883796691895
225.5,1.9188673496246338
225.60000000000002,1.936849594116211
225.70000000000002,1.9292386770248413
225.8,1.9320176839828491
225.9,1.942257285118103
226.0,2.0157222747802734
226.10000000000002,2.0403053760528564
226.20000000000002,2.0939199924468994
226.3,2.131425380706787
226.4,2.159489154815674
226.5,2.1875438690185547
226.60000000000002,2.2233142852783203
226.70000000000002,2.2480313777923584
226.8,2.2628819942474365
226.9,2.2904489040374756
227.0,2.313854932785034
227.10000000000002,2.3479232788085938
227.20000000000002,2.3336126804351807
227.3,2.3618476390838623
227.4,2.3680849075317383
227.5,2.3843798637390137
227.60000000000002,2.3848094940185547
227.70000000000002,2.4013659954071045
227.8,2.420933961868286
227.9,2.4055142402648926
228.0,2.432419538497925
228.10000000000002,2.45119047164917
228.20000000000002,2.50787091255188
228.3,2.5451908111572266
228.4,2.5795793533325195
228.50000000000003,2.6362762451171875
228.60000000000002,2.6625237464904785
228.70000000000002,2.695617198944092
228.8,2.7167069911956787
228.9,2.750577926635742
229.00000000000003,2.780900239944458
229.10000000000002,2.7794320583343506
229.20000000000002,2.783895969390869
229.3,2.788933277130127
229.4,2.774700880050659
229.50000000000003,2.7946560382843018
229.60000000000002,2.7932634353637695
229.70000000000002,2.795090675354004
229.8,2.8045825958251953
229.9,2.8061256408691406
230.00000000000003,2.804157257080078
230.10000000000002,2.8253486156463623
230.20000000000002,2.8245575428009033
230.3,2.8162150382995605
230.4,2.821495294570923
230.50000000000003,2.8084919452667236
230.60000000000002,2.811450242996216
230.70000000000002,2.7829060554504395
230.8,2.8067269325256348
230.9,2.790571928024292
231.00000000000003,2.784869432449341
231.10000000000002,2.76678729057312
231.20000000000002,2.779094696044922
231.3,2.768265962600708
231.4,2.758812665939331
231.50000000000003,2.7537550926208496
231.60000000000002,2.7446234226226807
231.70000000000002,2.748992443084717
231.8,2.7560951709747314
231.9,2.768580198287964
232.00000000000003,2.765009641647339
232.10000000000002,2.7518110275268555
232.20000000000002,2.7636146545410156
232.3,2.7586519718170166
232.4,2.7575361728668213
232.50000000000003,2.7518348693847656
232.60000000000002,2.756525993347168
232.70000000000002,2.7464096546173096
232.8,2.752470016479492
232.9,2.7221593856811523
233.00000000000003,2.6895596981048584
233.10000000000002,2.628664493560791
233.20000000000002,2.592674732208252
233.3,2.558598518371582
233.4,2.5252685546875
233.50000000000003,2.4929428100585938
233.60000000000002,2.474138021469116
233.70000000000002,2.4525153636932373
233.8,2.4145143032073975
233.9,2.4153661727905273
234.00000000000003,2.3806049823760986
234.10000000000002,2.3690576553344727
234.20000000000002,2.3538379669189453
234.3,2.3233578205108643
234.4,2.317699670791626
234.50000000000003,2.2991676330566406
234.60000000000002,2.2778234481811523
234.70000000000002,2.2675347328186035
234.8,2.2594590187072754
234.9,2.2422802448272705
235.00000000000003,2.245818614959717
235.10000000000002,2.2388620376586914
235.20000000000002,2.2598226070404053
235.3,2.2609546184539795
235.4,2.275236129760742
235.50000000000003,2.3028693199157715
235.60000000000002,2.305004119873047
235.70000000000002,2.323594808578491
235.8,2.3339195251464844
235.9,2.3423821926116943
236.00000000000003,2.359562873840332
236.10000000000002,2.3854994773864746
236.20000000000002,2.3875720500946045
236.3,2.4094905853271484
236.4,2.4070940017700195
236.50000000000003,2.428039789199829
236.60000000000002,2.4368889331817627
236.70000000000002,2.4398555755615234
236.8,2.444338321685791
236.9,2.4485132694244385
237.00000000000003,2.4505980014801025
237.10000000000002,2.451606512069702
237.20000000000002,2.45306134223938
237.3,2.4552998542785645
237.4,2.4521737098693848
237.50000000000003,2.4685018062591553
237.60000000000002,2.455223560333252
237.70000000000002,2.454908847808838
237.8,2.4583990573883057
237.9,2.4597418308258057
238.00000000000003,2.4562933444976807
238.10000000000002,2.4761552810668945
238.20000000000002,2.4830384254455566
238.3,2.4864590167999268
238.4,2.4905362129211426
238.50000000000003,2.4799411296844482
238.60000000000002,2.4957244396209717
238.70000000000002,2.493816375732422
238.8,2.491746664047241
238.9,2.5083675384521484
239.00000000000003,2.486783504486084
239.10000000000002,2.4932146072387695
239.20000000000002,2.5125248432159424
239.3,2.506408214569092
239.4,2.5355310440063477
239.50000000000003,2.5500402450561523
239.60000000000002,2.575481414794922
239.70000000000002,2.6059577465057373
239.8,2.614295244216919
239.9,2.620206117630005
240.00000000000003,2.6393189430236816
240.10000000000002,2.65822696685791
240.20000000000002,2.6388931274414062
240.3,2.65309739112854
240.4,2.67978572845459
240.50000000000003,2.676661968231201
240.60000000000002,2.678133487701416
240.70000000000002,2.668250560760498
240.8,2.69113826751709
240.9,2.678652763366699
241.00000000000003,2.674473762512207
241.10000000000002,2.664677381515503
241.20000000000002,2.6739697456359863
241.3,2.676570177078247
241.4,2.662189483642578
241.50000000000003,2.6641781330108643
241.60000000000002,2.6843836307525635
241.70000000000002,2.6824748516082764
241.8,2.6661946773529053
241.9,2.6616716384887695
242.00000000000003,2.670278549194336
242.10000000000002,2.666746139526367
242.20000000000002,2.6830759048461914
242.3,2.685145378112793
242.4,2.6703450679779053
242.50000000000003,2.6315977573394775
242.60000000000002,2.624199867248535
242.70000000000002,2.560445785522461
242.8,2.5300588607788086
242.9,2.488656759262085
243.00000000000003,2.443492889404297
243.10000000000002,2.4201691150665283
243.20000000000002,2.3706490993499756
243.3,2.330195188522339
243.4,2.3308613300323486
243.50000000000003,2.3358659744262695
243.60000000000002,2.3378615379333496
243.70000000000002,2.333319902420044
243.8,2.3282346725463867
243.9,2.3412435054779053
244.00000000000003,2.3425612449645996
244.10000000000002,2.327549457550049
244.20000000000002,2.331866979598999
244.3,2.34011173248291
244.4,2.3397741317749023
244.50000000000003,2.3350794315338135
244.60000000000002,2.328873872756958
244.70000000000002,2.341430425643921
244.8,2.3312861919403076
244.9,2.3406829833984375
245.00000000000003,2.3351328372955322
245.10000000000002,2.3298583030700684
245.20000000000002,2.33430814743042
245.3,2.3462302684783936
245.4,2.3313775062561035
245.50000000000003,2.330590009689331
245.60000000000002,2.340238094329834
245.70000000000002,2.3387041091918945
245.8,2.3350343704223633
245.9,2.3420250415802
246.00000000000003,2.336838483810425
246.10000000000002,2.3247132301330566
246.20000000000002,2.339301586151123
246.3,2.336430788040161
246.4,2.341513156890869
246.50000000000003,2.3480780124664307
246.60000000000002,2.336456298828125
246.70000000000002,2.3364837169647217
246.8,2.3432109355926514
246.9,2.349682331085205
247.00000000000003,2.3379313945770264
247.10000000000002,2.346750497817993
247.20000000000002,2.3316657543182373
247.3,2.3431005477905273
247.4,2.3221752643585205
247.50000000000003,2.338038206100464
247.60000000000002,2.338327407836914
247.70000000000002,2.344478130340576
247.8,2.3351471424102783
247.9,2.337007522583008
248.00000000000003,2.346883535385132
248.10000000000002,2.337078094482422
248.20000000000002,2.3349123001098633
248.3,2.3429603576660156
248.4,2.3427891731262207
248.50000000000003,2.3407766819000244
248.60000000000002,2.331652879714966
248.70000000000002,2.3531742095947266
248.8,2.3400776386260986
248.9,2.3432343006134033
249.00000000000003,2.3391802310943604
249.10000000000002,2.3321826457977295
249.20000000000002,2.334639310836792
249.3,2.3310511112213135
249.4,2.3290131092071533
249.50000000000003,2.340522050857544
249.60000000000002,2.344358205795288
249.70000000000002,2.329352617263794
249.8,2.347832441329956
249.9,2.3252205848693848
250.00000000000003,2.3304805755615234
250.10000000000002,2.3399598598480225
250.20000000000002,2.3304946422576904
250.3,2.34480881690979
250.4,2.3370583057403564
250.50000000000003,2.3295845985412598
250.60000000000002,2.336125373840332
250.70000000000002,2.3312137126922607
250.8,2.3338212966918945
250.9,2.3335819244384766
251.00000000000003,2.3373446464538574
251.10000000000002,2.3469386100769043
251.20000000000002,2.3424665927886963
251.3,2.3337109088897705
251.4,2.3382341861724854
251.50000000000003,2.3194961547851562
251.60000000000002,2.33498215675354
251.70000000000002,2.340872287750244
251.8,2.3385002613067627
251.9,2.3300106525421143
252.00000000000003,2.344560384750366
252.10000000000002,2.341026782989502
252.20000000000002,2.3361408710479736
252.3,2.3489675521850586
252.4,2.3330399990081787
252.50000000000003,2.3311073780059814
252.60000000000002,2.34308123588562
252.70000000000002,2.328467845916748
252.8,2.3322806358337402
252.9,2.3353095054626465
253.00000000000003,2.339329481124878
253.10000000000002,2.3296267986297607
253.20000000000002,2.3238308429718018
253.3,2.330355405807495
253.4,2.3150055408477783
253.50000000000003,2.342046022415161
253.60000000000002,2.3382816314697266
253.70000000000002,2.330958366394043
253.8,2.3293774127960205
253.9,2.339919328689575
254.00000000000003,2.3353216648101807
254.10000000000002,2.323943853378296
254.20000000000002,2.3300201892852783
254.3,2.3419547080993652
254.4,2.3411710262298584
254.50000000000003,2.3131375312805176
254.60000000000002,2.3398165702819824
254.70000000000002,2.3388960361480713
254.8,2.3318655490875244
254.9,2.3225948810577393
255.00000000000003,2.3501486778259277
255.10000000000002,2.337550163269043
255.20000000000002,2.3316290378570557
255.3,2.337143659591675
255.4,2.335313081741333
255.50000000000003,2.339595317840576
255.60000000000002,2.3271541595458984
255.70000000000002,2.3324224948883057
255.8,2.3250064849853516
255.9,2.3474912643432617
256.0,2.3306283950805664
256.1,2.3263745307922363
256.2,2.3376948833465576
256.3,2.334907054901123
256.40000000000003,2.3305907249450684
256.5,2.338085174560547
256.6,2.344531297683716
256.7,2.3421614170074463
256.8,2.3341872692108154
256.90000000000003,2.334700107574463
257.0,2.338996648788452
257.1,2.325665235519409
257.2,2.345857620239258
257.3,2.3417508602142334
257.40000000000003,2.342757225036621
257.5,2.333684206008911
257.6,2.3464584350585938
257.7,2.3445160388946533
257.8,2.335468053817749
257.90000000000003,2.334778308868408
258.0,2.3366498947143555
258.1,2.3454086780548096
258.2,2.3380627632141113
258.3,2.3255698680877686
258.40000000000003,2.3365478515625
258.5,2.3337786197662354
258.6,2.342533826828003
258.7,2.3394007682800293
258.8,2.3359131813049316
258.90000000000003,2.344545841217041
259.0,2.3399767875671387
259.1,2.3296120166778564
259.2,2.338566541671753
259.3,2.338118553161621
259.40000000000003,2.3442649841308594
259.5,2.3381922245025635
259.6,2.3409204483032227
259.7,2.3324711322784424
259.8,2.343578338623047
259.90000000000003,2.334501266479492
260.0,2.3484461307525635
260.1,2.3377788066864014
260.2,2.3362772464752197
260.3,2.3356516361236572
260.40000000000003,2.3333840370178223
260.5,2.3441107273101807
260.6,2.3463573455810547
260.7,2.347085952758789
260.8,2.3467891216278076
260.90000000000003,2.3361763954162598
261.0,2.3408424854278564
261.1,2.337575912475586
261.2,2.3438222408294678
261.3,2.35740327835083
261.40000000000003,2.3486368656158447
261.5,2.341938018798828
261.6,2.3266711235046387
261.7,2.3506524562835693
261.8,2.347637414932251
261.90000000000003,2.3458480834960938
262.0,2.336336851119995
262.1,2.3479206562042236
262.2,2.3470518589019775
262.3,2.3432297706604004
262.40000000000003,2.3457086086273193
262.5,2.3388798236846924
262.6,2.3422653675079346
262.7,2.3521487712860107
262.8,2.326450824737549
262.90000000000003,2.3449225425720215
263.0,2.342674970626831
263.1,2.344735860824585
263.2,2.3490023612976074
263.3,2.347184419631958
263.40000000000003,2.3373544216156006
263.5,2.347778797149658
263.6,2.337156295776367
263.7,2.3509914875030518
263.8,2.328972578048706
263.90000000000003,2.352015972137451
264.0,2.3616862297058105
264.1,2.3476381301879883
264.2,2.3488714694976807
264.3,2.340216636657715
264.40000000000003,2.3440215587615967
264.5,2.349099636077881
264.6,2.3556156158447266
264.7,2.3481321334838867
264.8,2.363070249557495
264.90000000000003,2.356196165084839
265.0,2.341641664505005
265.1,2.359280586242676
265.2,2.343048095703125
265.3,2.342928409576416
265.40000000000003,2.3455452919006348
265.5,2.349024534225464
265.6,2.3531477451324463
265.7,2.3313562870025635
265.8,2.351041078567505
265.90000000000003,2.3387949466705322
266.0,2.334974527359009
266.1,2.350438117980957
266.2,2.3505001068115234
266.3,2.350618600845337
266.40000000000003,2.3403213024139404
266.5,2.33852481842041
266.6,2.3526206016540527
266.7,2.345736265182495
266.8,2.3577492237091064
266.90000000000003,2.352055549621582
267.0,2.3473317623138428
267.1,2.34548282623291
267.2,2.3518097400665283
267.3,2.360535144805908
267.40000000000003,2.3463902473449707
267.5,2.339982509613037
267.6,2.355656385421753
267.7,2.3459155559539795
267.8,2.3428897857666016
267.90000000000003,2.350393772125244
268.0,2.3446171283721924
268.1,2.349182367324829
268.2,2.3535079956054688
268.3,2.340066432952881
268.40000000000003,2.3511319160461426
268.5,2.3539323806762695
268.6,2.349297046661377
268.7,2.344534397125244
268.8,2.3408424854278564
268.90000000000003,2.352353811264038
269.0,2.340728998184204
269.1,2.356020212173462
269.2,2.3471922874450684
269.3,2.3543756008148193
269.40000000000003,2.3467817306518555
269.5,2.3397412300109863
269.6,2.3388800621032715
269.7,2.347308874130249
269.8,2.349330186843872
269.90000000000003,2.3413352966308594
270.0,2.341726064682007
270.1,2.342585325241089
270.2,2.348551034927368
270.3,2.345179796218872
270.40000000000003,2.3418219089508057
270.5,2.3462140560150146
270.6,2.346881628036499
270.7,2.34541916847229
270.8,2.3415780067443848
270.90000000000003,2.354404926300049
271.0,2.343017578125
271.1,2.346345901489258
271.2,2.3389837741851807
271.3,2.3511288166046143
271.40000000000003,2.3521008491516113
271.5,2.3559837341308594
271.6,2.3504271507263184
271.7,2.346008777618408
271.8,2.347519636154175
271.90000000000003,2.342658042907715
272.0,2.3445467948913574
272.1,2.3503458499908447
272.2,2.3566343784332275
272.3,2.3492138385772705
272.40000000000003,2.3462870121002197
272.5,2.3456482887268066
272.6,2.3433539867401123
272.7,2.360224723815918
272.8,2.352353096008301
272.90000000000003,2.3511829376220703
273.0,2.3438546657562256
273.1,2.3333261013031006
273.2,2.336132526397705
273.3,2.3427391052246094
273.40000000000003,2.3595759868621826
273.5,2.3459722995758057
273.6,2.3520965576171875
273.7,2.3508527278900146
273.8,2.3136439323425293
273.90000000000003,2.3350937366485596
274.0,2.3556981086730957
274.1,2.3470685482025146
274.20000000000005,2.3390467166900635
274.3,2.344695568084717
274.40000000000003,2.361407995223999
274.5,2.3474020957946777
274.6,2.329665422439575
274.70000000000005,2.352262258529663
274.8,2.3471059799194336
274.90000000000003,2.3446407318115234
275.0,2.343061685562134
275.1,2.344217300415039
275.20000000000005,2.3437347412109375
275.3,2.3405227661132812
275.40000000000003,2.3537182807922363
275.5,2.3539204597473145
275.6,2.3383469581604004
275.70000000000005,2.3422768115997314
275.8,2.3469114303588867
275.90000000000003,2.3584494590759277
276.0,2.3461642265319824
276.1,2.347014904022217
276.20000000000005,2.35802960395813
276.3,2.349027395248413
276.40000000000003,2.3429629802703857
276.5,2.350013017654419
276.6,2.352091073989868
276.70000000000005,2.348656177520752
276.8,2.3388075828552246
276.90000000000003,2.3489885330200195
277.0,2.347527503967285
277.1,2.353245973587036
277.20000000000005,2.3625152111053467
277.3,2.3453760147094727
277.40000000000003,2.347182273864746
277.5,2.3473002910614014
277.6,2.358778715133667
277.70000000000005,2.342855930328369
277.8,2.345412492752075
277.90000000000003,2.349372386932373
278.0,2.352041006088257
278.1,2.3377838134765625
278.20000000000005,2.345412015914917
278.3,2.3393123149871826
278.40000000000003,2.344417095184326
278.5,2.3406131267547607
278.6,2.3533198833465576
278.70000000000005,2.347989797592163
278.8,2.3502070903778076
278.90000000000003,2.352411985397339
279.0,2.3443942070007324
279.1,2.344440221786499
279.20000000000005,2.3431217670440674
279.3,2.358116865158081
279.40000000000003,2.341940402984619
279.5,2.352785587310791
279.6,2.360356092453003
279.70000000000005,2.3558602333068848
279.8,2.340491771697998
279.90000000000003,2.348355531692505
280.0,2.3432953357696533
280.1,2.3441379070281982
280.20000000000005,2.3430964946746826
280.3,2.352267026901245
280.40000000000003,2.3540613651275635
280.5,2.3379673957824707
280.6,2.345557451248169
280.70000000000005,2.344740390777588
280.8,2.351649761199951
280.90000000000003,2.350921154022217
281.0,2.3355283737182617
281.1,2.3407840728759766
281.20000000000005,2.349388599395752
281.3,2.3415181636810303
281.40000000000003,2.353815793991089
281.5,2.358403444290161
281.6,2.3631317615509033
281.70000000000005,2.3454084396362305
281.8,2.3595073223114014
281.90000000000003,2.3389828205108643
282.0,2.358705997467041
282.1,2.353926420211792
282.20000000000005,2.3573665618896484
282.3,2.3525993824005127
282.40000000000003,2.339247226715088
282.5,2.340409755706787
282.6,2.3570961952209473
282.70000000000005,2.3549630641937256
282.8,2.353825092315674
282.90000000000003,2.3628475666046143
283.0,2.351179361343384
283.1,2.358642101287842
283.20000000000005,2.3537213802337646
283.3,2.3655989170074463
283.40000000000003,2.359069347381592
283.5,2.36264705657959
283.6,2.3554294109344482
283.70000000000005,2.348677635192871
283.8,2.3576407432556152
283.90000000000003,2.3534655570983887
284.0,2.352760076522827
284.1,2.3555679321289062
284.20000000000005,2.3575592041015625
284.3,2.354682207107544
284.40000000000003,2.3529179096221924
284.5,2.3520450592041016
284.6,2.3564937114715576
284.70000000000005,2.344290256500244
284.8,2.351294755935669
284.90000000000003,2.355358600616455
285.0,2.355518341064453
285.1,2.354829788208008
285.20000000000005,2.347609281539917
285.3,2.3459789752960205
285.40000000000003,2.351832866668701
285.5,2.352973461151123
285.6,2.3389925956726074
285.70000000000005,2.3616981506347656
285.8,2.344161033630371
285.90000000000003,2.357710123062134
286.0,2.342041492462158
286.1,2.36311411857605
286.20000000000005,2.350475311279297
286.3,2.341696262359619
286.40000000000003,2.361196279525757
286.5,2.3423080444335938
286.6,2.360769748687744
286.70000000000005,2.350351572036743
286.8,2.341374397277832
286.90000000000003,2.352444648742676
287.0,2.3332815170288086
287.1,2.345527172088623
287.20000000000005,2.359539747238159
287.3,2.3559751510620117
287.40000000000003,2.3516390323638916
287.5,2.3431296348571777
287.6,2.355970621109009
287.70000000000005,2.3499398231506348
287.8,2.354726791381836
287.90000000000003,2.3490214347839355
288.0,2.3477957248687744
288.1,2.341301679611206
288.20000000000005,2.3510961532592773
288.3,2.3511197566986084
288.40000000000003,2.351752996444702
288.5,2.34376859664917
288.6,2.3620388507843018
288.70000000000005,2.3505067825317383
288.8,2.346512794494629
288.90000000000003,2.3520541191101074
289.0,2.3442940711975098
289.1,2.3657920360565186
289.20000000000005,2.3453712463378906
289.3,2.354851245880127
289.40000000000003,2.348989963531494
289.5,2.3517231941223145
289.6,2.3522229194641113
289.70000000000005,2.3474366664886475
289.8,2.3455216884613037
289.90000000000003,2.365410566329956
290.0,2.3418350219726562
290.1,2.3530445098876953
290.20000000000005,2.362164258956909
290.3,2.34356427192688
290.40000000000003,2.3518548011779785
290.5,2.340811252593994
290.6,2.362680673599243
290.70000000000005,2.3312788009643555
290.8,2.348379135131836
290.90000000000003,2.348158359527588
291.0,2.35430645942688
291.1,2.3530313968658447
291.20000000000005,2.3488430976867676
291.3,2.3506386280059814
291.40000000000003,2.347773551940918
291.5,2.3609776496887207
291.6,2.362029790878296
291.70000000000005,2.3538942337036133
291.8,2.364176034927368
291.90000000000003,2.356926918029785
292.0,2.355314254760742
292.1,2.349259614944458
292.20000000000005,2.356288433074951
292.3,2.342578172683716
292.40000000000003,2.360170364379883
292.5,2.357469320297241
292.6,2.348036050796509
292.70000000000005,2.358842372894287
292.8,2.3544697761535645
292.90000000000003,2.3547849655151367
293.0,2.3506672382354736
293.1,2.355210065841675
293.20000000000005,2.3350913524627686
293.3,2.3508927822113037
293.40000000000003,2.3430733680725098
293.5,2.360142230987549
293.6,2.3476507663726807
293.70000000000005,2.3519794940948486
293.8,2.351228713989258
293.90000000000003,2.3387451171875
294.0,2.350552558898926
294.1,2.3525030612945557
294.20000000000005,2.346679449081421
294.3,2.3425979614257812
294.40000000000003,2.3496501445770264
294.5,2.3441696166992188
294.6,2.356194496154785
294.70000000000005,2.3504395484924316
294.8,2.360529899597168
294.90000000000003,2.3501973152160645
295.0,2.3601629734039307
295.1,2.3513731956481934
295.20000000000005,2.3538870811462402
295.3,2.3529622554779053
295.40000000000003,2.3605103492736816
295.5,2.3567588329315186
295.6,2.3552536964416504
295.70000000000005,2.354837656021118
295.8,2.3553428649902344
295.90000000000003,2.3552582263946533
296.0,2.3407347202301025
296.1,2.355900287628174
296.20000000000005,2.3447296619415283
296.3,2.343439817428589
296.40000000000003,2.3477604389190674
296.5,2.361625909805298
296.6,2.3531124591827393
296.70000000000005,2.3531625270843506
296.8,2.3523502349853516
296.90000000000003,2.35758638381958
297.0,2.364551305770874
297.1,2.3620946407318115
297.20000000000005,2.368877410888672
297.3,2.3601715564727783
297.40000000000003,2.353377103805542
297.5,2.3530101776123047
297.6,2.355170726776123
297.70000000000005,2.3531434535980225
297.8,2.352642059326172
297.90000000000003,2.3504674434661865
298.0,2.3582255840301514
298.1,2.3661906719207764
298.20000000000005,2.355795383453369
298.3,2.357816219329834
298.40000000000003,2.3702645301818848
298.5,2.362574815750122
298.6,2.3540453910827637
298.70000000000005,2.352234125137329
298.8,2.355933666229248
298.90000000000003,2.3475842475891113
299.0,2.356227397918701
299.1,2.344172716140747
299.20000000000005,2.3561062812805176
299.3,2.357290506362915
299.40000000000003,2.353104591369629
299.5,2.3432061672210693
299.6,2.3565866947174072
299.70000000000005,2.3533341884613037
299.8,2.346151828765869
299.90000000000003,2.3602426052093506
300.0,2.3555965423583984
300.1,2.3509700298309326
300.20000000000005,2.3561320304870605
300.3,2.354682445526123
300.40000000000003,2.347233533859253
300.5,2.3440821170806885
300.6,2.3650641441345215
300.70000000000005,2.350590467453003
300.8,2.351353168487549
300.90000000000003,2.3478457927703857
301.0,2.3626279830932617
301.1,2.36425518989563
301.20000000000005,2.3468070030212402
301.3,2.361246347427368
301.40000000000003,2.349543571472168
301.5,2.3525538444519043
301.6,2.350592851638794
301.70000000000005,2.356379508972168
301.8,2.356894016265869
301.90000000000003,2.3554012775421143
302.0,2.3529231548309326
302.1,2.3571338653564453
302.20000000000005,2.3533241748809814
302.3,2.3556525707244873
302.40000000000003,2.3532347679138184
302.5,2.346099376678467
302.6,2.362874746322632
302.70000000000005,2.3543055057525635
302.8,2.3444628715515137
302.90000000000003,2.3384315967559814
303.0,2.3516430854797363
303.1,2.359703779220581
303.20000000000005,2.351393222808838
303.3,2.3305625915527344
303.40000000000003,2.346816062927246
303.5,2.3583924770355225
303.6,2.3640496730804443
303.70000000000005,2.3582098484039307
303.8,2.361666202545166
303.90000000000003,2.35886812210083
304.0,2.345668077468872
304.1,2.3483870029449463
304.20000000000005,2.344536781311035
304.3,2.348287343978882
304.40000000000003,2.3399267196655273
304.5,2.352750539779663
304.6,2.346942663192749
304.70000000000005,2.348374128341675
304.8,2.3442764282226562
304.90000000000003,2.345524311065674
305.0,2.3600785732269287
305.1,2.349673271179199
305.20000000000005,2.3600897789001465
305.3,2.3581061363220215
305.40000000000003,2.3578028678894043
305.5,2.346778154373169
305.6,2.3591349124908447
305.70000000000005,2.358747720718384
305.8,2.365671396255493
305.90000000000003,2.354660987854004
306.0,2.345637559890747
306.1,2.354660987854004
306.20000000000005,2.35797381401062
306.3,2.349823236465454
306.40000000000003,2.355706214904785
306.5,2.3480043411254883
306.6,2.3408520221710205
306.70000000000005,2.350989818572998
306.8,2.3473219871520996
306.90000000000003,2.358238458633423
307.0,2.3562705516815186
307.1,2.3562965393066406
307.20000000000005,2.347979784011841
307.3,2.3570284843444824
307.40000000000003,2.3549814224243164
307.5,2.3555362224578857
307.6,2.357586145401001
307.70000000000005,2.342966318130493
307.8,2.330364465713501
307.90000000000003,2.3387794494628906
308.0,2.3493263721466064
308.1,2.350302219390869
308.20000000000005,2.358100175857544
308.3,2.3397140502929688
308.40000000000003,2.359416961669922
308.5,2.3581552505493164
308.6,2.355372905731201
308.70000000000005,2.3533260822296143
308.8,2.3561291694641113
308.90000000000003,2.354583978652954
309.0,2.354785919189453
309.1,2.3460910320281982
309.20000000000005,2.336439609527588
309.3,2.3625781536102295
309.40000000000003,2.3560922145843506
309.5,2.3681938648223877
309.6,2.3512821197509766
309.70000000000005,2.346177101135254
309.8,2.3580427169799805
309.90000000000003,2.3638060092926025
310.0,2.352466344833374
310.1,2.346644401550293
310.20000000000005,2.336867570877075
310.3,2.352856397628784
310.40000000000003,2.3590517044067383
310.5,2.3586013317108154
310.6,2.359551191329956
310.70000000000005,2.353804349899292
310.8,2.349367380142212
310.90000000000003,2.3538928031921387
311.0,2.349891424179077
311.1,2.3473434448242188
311.20000000000005,2.3579862117767334
311.3,2.358978748321533
311.40000000000003,2.340949296951294
311.5,2.360912322998047
311.6,2.3448760509490967
311.70000000000005,2.3522348403930664
311.8,2.348921298980713
311.90000000000003,2.3628106117248535
312.0,2.3567819595336914
312.1,2.3488588333129883
312.20000000000005,2.35259747505188
312.3,2.3421266078948975
312.40000000000003,2.355029344558716
312.5,2.367920160293579
312.6,2.3525609970092773
312.70000000000005,2.3655195236206055
312.8,2.361135959625244
312.90000000000003,2.344419002532959
313.0,2.3448047637939453
313.1,2.3571789264678955
313.20000000000005,2.3511624336242676
313.3,2.330528736114502
313.40000000000003,2.354567050933838
313.5,2.3675575256347656
313.6,2.3548269271850586
313.70000000000005,2.35292649269104
313.8,2.353538751602173
313.90000000000003,2.3517632484436035
314.0,2.3551034927368164
314.1,2.355316638946533
314.20000000000005,2.3619027137756348
314.3,2.353492259979248
314.40000000000003,2.353957176208496
314.5,2.3648030757904053
314.6,2.347848892211914
314.70000000000005,2.3513681888580322
314.8,2.3551173210144043
314.90000000000003,2.3460593223571777
315.0,2.3509066104888916
315.1,2.355450391769409
315.20000000000005,2.365104913711548
315.3,2.362847328186035
315.40000000000003,2.3544702529907227
315.5,2.3577215671539307
315.6,2.3397881984710693
315.70000000000005,2.3583645820617676
315.8,2.344449520111084
315.90000000000003,2.3689849376678467
316.0,2.361584186553955
316.1,2.3471086025238037
316.20000000000005,2.3461573123931885
316.3,2.352482795715332
316.40000000000003,2.3498570919036865
316.5,2.353281021118164
316.6,2.3538079261779785
316.70000000000005,2.355250358581543
316.8,2.3465304374694824
316.90000000000003,2.3421859741210938
317.0,2.3478879928588867
317.1,2.35589337348938
317.20000000000005,2.351868152618408
317.3,2.358361005783081
317.40000000000003,2.3457188606262207
317.5,2.358388662338257
317.6,2.3519198894500732
317.70000000000005,2.3589580059051514
317.8,2.3518528938293457
317.90000000000003,2.3469672203063965
318.0,2.3509039878845215
318.1,2.365304946899414
318.20000000000005,2.3522093296051025
318.3,2.362579584121704
318.40000000000003,2.3533308506011963
318.5,2.348349094390869
318.6,2.361478805541992
318.70000000000005,2.3642079830169678
318.8,2.3526391983032227
318.90000000000003,2.363980531692505
319.0,2.360886573791504
319.1,2.347243070602417
319.20000000000005,2.3626880645751953
319.3,2.3638219833374023
319.40000000000003,2.353091239929199
319.5,2.356959342956543
319.6,2.3521323204040527
319.70000000000005,2.3590986728668213
319.8,2.344984531402588
319.90000000000003,2.3582890033721924
320.0,2.3571813106536865
320.1,2.3546957969665527
320.20000000000005,2.334421157836914
320.3,2.338132381439209
320.40000000000003,2.3577382564544678
320.5,2.3635451793670654
320.6,2.3581607341766357
320.70000000000005,2.352830648422241
320.8,2.362492561340332
320.90000000000003,2.3447515964508057
321.0,2.361349105834961
321.1,2.359328031539917
321.20000000000005,2.3549251556396484
321.3,2.353783130645752
321.40000000000003,2.359687328338623
321.5,2.3486533164978027
321.6,2.353179693222046
321.70000000000005,2.346907615661621
321.8,2.349148750305176
321.90000000000003,2.341353416442871
322.0,2.3611626625061035
322.1,2.3601953983306885
322.20000000000005,2.349421501159668
322.3,2.3610806465148926
322.40000000000003,2.3472702503204346
322.5,2.367177724838257
322.6,2.348883867263794
322.70000000000005,2.341951847076416
322.8,2.346517562866211
322.90000000000003,2.365818977355957
323.0,2.34767484664917
323.1,2.3503236770629883
323.20000000000005,2.370051622390747
323.3,2.350167989730835
323.40000000000003,2.3456273078918457
323.5,2.3543009757995605
323.6,2.360729932785034
323.70000000000005,2.343353033065796
323.8,2.3624207973480225
323.90000000000003,2.357051372528076
324.0,2.343498945236206
324.1,2.356551170349121
324.20000000000005,2.355478525161743
324.3,2.3575661182403564
324.40000000000003,2.3497557640075684
324.5,2.3367514610290527
324.6,2.3478291034698486
324.70000000000005,2.355407953262329
324.8,2.359659433364868
324.90000000000003,2.3622612953186035
325.0,2.359187602996826
325.1,2.3565661907196045
325.20000000000005,2.351240634918213
325.3,2.350527048110962
325.40000000000003,2.3597562313079834
325.5,2.344740867614746
325.6,2.3429641723632812
325.70000000000005,2.3575809001922607
325.8,2.3544609546661377
325.90000000000003,2.359375476837158
326.0,2.362795829772949
326.1,2.3287246227264404
326.20000000000005,2.3434383869171143
326.3,2.359468460083008
326.40000000000003,2.3639636039733887
326.5,2.344942092895508
326.6,2.361279249191284
326.70000000000005,2.3551480770111084
326.8,2.3383595943450928
326.90000000000003,2.3352386951446533
327.0,2.3498082160949707
327.1,2.3578596115112305
327.20000000000005,2.3475704193115234
327.3,2.3558359146118164
327.40000000000003,2.352609634399414
327.5,2.3548922538757324
327.6,2.3506722450256348
327.70000000000005,2.360652446746826
327.8,2.3654608726501465
327.90000000000003,2.3497161865234375
328.0,2.351686716079712
328.1,2.3508827686309814
328.20000000000005,2.351025342941284
328.3,2.3478095531463623
328.40000000000003,2.356571912765503
328.5,2.3538427352905273
328.6,2.35235333442688
328.70000000000005,2.3480920791625977
328.8,2.3702728748321533
328.90000000000003,2.338923931121826
329.0,2.3580522537231445
329.1,2.35196852684021
329.20000000000005,2.338488817214966
329.3,2.3553268909454346
329.40000000000003,2.337982416152954
329.5,2.342890977859497
329.6,2.350132942199707
329.70000000000005,2.3559279441833496
329.8,2.3535540103912354
329.90000000000003,2.355269432067871
330.0,2.340975761413574
330.1,2.358670473098755
330.20000000000005,2.3512096405029297
330.3,2.363109588623047
330.40000000000003,2.3506295680999756
330.5,2.350308895111084
330.6,2.3561158180236816
330.70000000000005,2.352891206741333
330.8,2.3606743812561035
330.90000000000003,2.358747720718384
331.0,2.3587522506713867
331.1,2.359081745147705
331.20000000000005,2.3539414405822754
331.3,2.350480556488037
331.40000000000003,2.360811471939087
331.5,2.348302125930786
331.6,2.350273847579956
331.70000000000005,2.3588814735412598
331.8,2.356614589691162
331.90000000000003,2.3476669788360596
332.0,2.3491551876068115
332.1,2.351055145263672
332.20000000000005,2.341648578643799
332.3,2.3556814193725586
332.40000000000003,2.3531901836395264
332.5,2.347745418548584
332.6,2.353447675704956
332.70000000000005,2.3385894298553467
332.8,2.3486900329589844
332.90000000000003,2.3477835655212402
333.0,2.3380227088928223
333.1,2.3428516387939453
333.20000000000005,2.368922472000122
333.3,2.355337619781494
333.40000000000003,2.334439754486084
333.5,2.3622078895568848
333.6,2.339114189147949
333.70000000000005,2.359649896621704
333.8,2.3573391437530518
333.90000000000003,2.3455841541290283
334.0,2.3494315147399902
334.1,2.3464560508728027
334.20000000000005,2.3426156044006348
334.3,2.3441545963287354
334.40000000000003,2.351675510406494
334.5,2.3516077995300293
334.6,2.3544046878814697
334.70000000000005,2.3528974056243896
334.8,2.3624584674835205
334.90000000000003,2.3428640365600586
335.0,2.343677520751953
335.1,2.3644111156463623
335.20000000000005,2.3579540252685547
335.3,2.3430144786834717
335.40000000000003,2.355419635772705
335.5,2.3538670539855957
335.6,2.3420908451080322
335.70000000000005,2.361280918121338
335.8,2.3365511894226074
335.90000000000003,2.3597464561462402
336.0,2.356147289276123
336.1,2.348005771636963
336.20000000000005,2.3652231693267822
336.3,2.357811450958252
336.40000000000003,2.3554186820983887
336.5,2.3579602241516113
336.6,2.348789691925049
336.70000000000005,2.334026336669922
336.8,2.3467960357666016
336.90000000000003,2.349661350250244
337.0,2.3474297523498535
337.1,2.3526222705841064
337.20000000000005,2.3538286685943604
337.3,2.3484723567962646
337.40000000000003,2.3529393672943115
337.5,2.3477773666381836
337.6,2.353837251663208
337.70000000000005,2.354377508163452
337.8,2.3550093173980713
337.90000000000003,2.3601977825164795
338.0,2.341827154159546
338.1,2.343592882156372
338.20000000000005,2.345076084136963
338.3,2.359182596206665
338.40000000000003,2.361589193344116
338.5,2.360701560974121
338.6,2.351982593536377
338.70000000000005,2.359239101409912
338.8,2.3583078384399414
338.90000000000003,2.356393337249756
339.0,2.3521478176116943
339.1,2.340933084487915
339.20000000000005,2.349416732788086
339.3,2.349337100982666
339.40000000000003,2.351752519607544
339.5,2.352477550506592
339.6,2.3564696311950684
339.70000000000005,2.352461338043213
339.8,2.3590176105499268
339.90000000000003,2.352060556411743
340.0,2.3551032543182373
340.1,2.350527286529541
340.20000000000005,2.346558094024658
340.3,2.362696409225464
340.40000000000003,2.3615148067474365
340.5,2.3615033626556396
340.6,2.35365629196167
340.70000000000005,2.3560807704925537
340.8,2.363856554031372
340.90000000000003,2.349870204925537
341.0,2.355238199234009
341.1,2.361973285675049
341.20000000000005,2.355175256729126
341.3,2.3580641746520996
341.40000000000003,2.357257843017578
341.5,2.3448617458343506
341.6,2.355623722076416
341.70000000000005,2.35815691947937
341.8,2.3605308532714844
341.90000000000003,2.356403112411499
342.0,2.3623385429382324
342.1,2.354259729385376
342.20000000000005,2.359488010406494
342.3,2.3528010845184326
342.40000000000003,2.361891031265259
342.5,2.360197067260742
342.6,2.352224588394165
342.70000000000005,2.3549981117248535
342.8,2.3527348041534424
342.90000000000003,2.35856294631958
343.0,2.35827898979187
343.1,2.3621902465820312
343.20000000000005,2.345146417617798
343.3,2.345517873764038
343.40000000000003,2.3480656147003174
343.5,2.360909938812256
343.6,2.362844228744507
343.70000000000005,2.3499629497528076
343.8,2.3510825634002686
343.90000000000003,2.361225128173828
344.0,2.3645987510681152
344.1,2.3684351444244385
344.20000000000005,2.3644416332244873
344.3,2.355724334716797
344.40000000000003,2.3666300773620605
344.5,2.3467085361480713
344.6,2.3514318466186523
344.70000000000005,2.34834885597229
344.8,2.349069356918335
344.90000000000003,2.3471364974975586
345.0,2.3588154315948486
345.1,2.3610482215881348
345.20000000000005,2.3580193519592285
345.3,2.353550910949707
345.40000000000003,2.3574140071868896
345.5,2.360989809036255
345.6,2.3656842708587646
345.70000000000005,2.3451738357543945
345.8,2.3582358360290527
345.90000000000003,2.3554255962371826
346.0,2.36016583442688
346.1,2.3440134525299072
346.20000000000005,2.3619086742401123
346.3,2.364706516265869
346.40000000000003,2.370694875717163
346.5,2.366607189178467
346.6,2.365546941757202
346.70000000000005,2.358426809310913
346.8,2.344670534133911
346.90000000000003,2.351020336151123
347.0,2.357274055480957
347.1,2.360067129135132
347.20000000000005,2.36057710647583
347.3,2.3641531467437744
347.40000000000003,2.3617656230926514
347.5,2.362854480743408
347.6,2.3496763706207275
347.70000000000005,2.34291672706604
347.8,2.3608319759368896
347.90000000000003,2.35129451751709
348.0,2.3340487480163574
348.1,2.35727858543396
348.20000000000005,2.3539371490478516
348.3,2.3498899936676025
348.40000000000003,2.348489761352539
348.5,2.353841543197632
348.6,2.3500382900238037
348.70000000000005,2.362410545349121
348.8,2.364769697189331
348.90000000000003,2.3511459827423096
349.0,2.3607265949249268
349.1,2.3610494136810303
349.20000000000005,2.3638739585876465
349.3,2.357316255569458
349.40000000000003,2.367114782333374
349.5,2.3656914234161377
349.6,2.3402316570281982
349.70000000000005,2.370642900466919
349.8,2.357689142227173
349.90000000000003,2.3557260036468506
350.0,2.3431131839752197
350.1,2.363619804382324
350.20000000000005,2.34816312789917
350.3,2.349945306777954
350.40000000000003,2.362694025039673
350.5,2.3557212352752686
350.6,2.3528225421905518
350.70000000000005,2.342867851257324
350.8,2.3452835083007812
350.90000000000003,2.347543478012085
351.0,2.354865550994873
351.1,2.3550915718078613
351.20000000000005,2.359609842300415
351.3,2.341649055480957
351.40000000000003,2.337247848510742
351.5,2.3506360054016113
351.6,2.3535544872283936
351.70000000000005,2.3637278079986572
351.8,2.3376030921936035
351.90000000000003,2.3605728149414062
352.0,2.358851432800293
352.1,2.353195905685425
352.20000000000005,2.3661017417907715
352.3,2.3609938621520996
352.40000000000003,2.3585946559906006
352.5,2.362764835357666
352.6,2.3509929180145264
352.70000000000005,2.361745595932007
352.8,2.357248067855835
352.90000000000003,2.3677165508270264
353.0,2.358741283416748
353.1,2.356118679046631
353.20000000000005,2.336472272872925
353.3,2.340367317199707
353.40000000000003,2.356510877609253
353.5,2.361755609512329
353.6,2.366307020187378
353.70000000000005,2.3474268913269043
353.8,2.35298752784729
353.90000000000003,2.3621139526367188
354.0,2.356074094772339
354.1,2.35957932472229
354.20000000000005,2.36698579788208
354.3,2.3549981117248535
354.40000000000003,2.337754726409912
354.5,2.3480477333068848
354.6,2.3602826595306396
354.70000000000005,2.354306936264038
354.8,2.3525538444519043
354.90000000000003,2.3413546085357666
355.0,2.350959539413452
355.1,2.3540897369384766
355.20000000000005,2.368868112564087
355.3,2.364187479019165
355.40000000000003,2.3338513374328613
355.5,2.3590784072875977
355.6,2.360795021057129
355.70000000000005,2.3477678298950195
355.8,2.346614122390747
355.90000000000003,2.353121757507324
356.0,2.3577182292938232
356.1,2.3684277534484863
356.20000000000005,2.3593037128448486
356.3,2.355573892593384
356.40000000000003,2.352790594100952
356.5,2.3522417545318604
356.6,2.3547723293304443
356.70000000000005,2.347330331802368
356.8,2.3704874515533447
356.90000000000003,2.3570680618286133
357.0,2.3536949157714844
357.1,2.346989631652832
357.20000000000005,2.3506176471710205
357.3,2.361311912536621
357.40000000000003,2.342944860458374
357.5,2.361529588699341
357.6,2.3500566482543945
357.70000000000005,2.354565382003784
357.8,2.3576269149780273
357.90000000000003,2.37062406539917
358.0,2.3484275341033936
358.1,2.3502681255340576
358.20000000000005,2.3546087741851807
358.3,2.353637218475342
358.40000000000003,2.3584892749786377
358.5,2.3482847213745117
358.6,2.3559114933013916
358.70000000000005,2.356649160385132
358.8,2.3508176803588867
358.90000000000003,2.3674771785736084
359.0,2.3519105911254883
359.1,2.365595817565918
359.20000000000005,2.3569161891937256
359.3,2.3627235889434814
359.40000000000003,2.36531138420105
359.5,2.3575024604797363
359.6,2.357100009918213
359.70000000000005,2.3559410572052
359.8,2.3702921867370605
359.90000000000003,2.3522634506225586
360.0,2.3579137325286865
360.1,2.3552393913269043
360.20000000000005,2.339169979095459
360.3,2.3523683547973633
360.40000000000003,2.357273817062378
360.5,2.3621678352355957
360.6,2.361409902572632
360.70000000000005,2.3546741008758545
360.8,2.357964277267456
360.90000000000003,2.3458266258239746
361.0,2.363499641418457
361.1,2.357590675354004
361.20000000000005,2.359165906906128
361.3,2.3578402996063232
361.40000000000003,2.3576717376708984
361.5,2.347245693206787
361.6,2.3677492141723633
361.70000000000005,2.3581254482269287
361.8,2.3611137866973877
361.90000000000003,2.3642237186431885
362.0,2.360813617706299
362.1,2.359928846359253
362.20000000000005,2.354736566543579
362.3,2.3435935974121094
362.40000000000003,2.3563649654388428
362.5,2.354245185852051
362.6,2.355280876159668
362.70000000000005,2.355630874633789
362.8,2.35697078704834
362.90000000000003,2.3537516593933105
363.0,2.3478822708129883
363.1,2.3742127418518066
363.20000000000005,2.355020046234131
363.3,2.357999086380005
363.40000000000003,2.362494707107544
363.5,2.3642146587371826
363.6,2.350257396697998
363.70000000000005,2.365833282470703
363.8,2.3605268001556396
363.90000000000003,2.364865779876709
364.0,2.357140064239502
364.1,2.3677663803100586
364.20000000000005,2.3647375106811523
364.3,2.360612154006958
364.40000000000003,2.374699115753174
364.5,2.3604142665863037
364.6,2.3576653003692627
364.70000000000005,2.361165761947632
364.8,2.3456578254699707
364.90000000000003,2.361201047897339
365.0,2.3577561378479004
365.1,2.373558521270752
365.20000000000005,2.363006591796875
365.3,2.3774101734161377
365.40000000000003,2.373668909072876
365.5,2.374119520187378
365.6,2.3686466217041016
365.70000000000005,2.3478786945343018
365.8,2.3601789474487305
365.90000000000003,2.3682360649108887
366.0,2.3567264080047607
366.1,2.3514111042022705
366.20000000000005,2.3708863258361816
366.3,2.3538012504577637
366.40000000000003,2.3698387145996094
366.5,2.368947982788086
366.6,2.3681981563568115
366.70000000000005,2.372281789779663
366.8,2.3747048377990723
366.90000000000003,2.3721282482147217
367.0,2.370457649230957
367.1,2.3712751865386963
367.20000000000005,2.3667001724243164
367.3,2.3685903549194336
367.40000000000003,2.3576409816741943
367.5,2.368473768234253
367.6,2.367983341217041
367.70000000000005,2.3728675842285156
367.8,2.3600828647613525
367.90000000000003,2.377129316329956
368.0,2.376842498779297
368.1,2.373253583908081
368.20000000000005,2.3643863201141357
368.3,2.3767776489257812
368.40000000000003,2.3695077896118164
368.5,2.3667550086975098
368.6,2.365889072418213
368.70000000000005,2.3732452392578125
368.8,2.362351417541504
368.90000000000003,2.361358165740967
369.0,2.3670122623443604
369.1,2.3627495765686035
369.20000000000005,2.3685691356658936
369.3,2.3673298358917236
369.40000000000003,2.3601529598236084
369.5,2.373103380203247
369.6,2.371721029281616
369.70000000000005,2.3782947063446045
369.8,2.3647546768188477
369.90000000000003,2.3585574626922607
370.0,2.367809534072876
370.1,2.362718105316162
370.20000000000005,2.375669479370117
370.3,2.377037286758423
370.40000000000003,2.3593780994415283
370.5,2.3703625202178955
370.6,2.3823320865631104
370.70000000000005,2.3663971424102783
370.8,2.3668229579925537
370.90000000000003,2.3667280673980713
371.0,2.3870108127593994
371.1,2.3700151443481445
371.20000000000005,2.364670991897583
371.3,2.3714590072631836
371.40000000000003,2.3707268238067627
371.5,2.366882085800171
371.6,2.361745595932007
371.70000000000005,2.3661093711853027
371.8,2.36057710647583
371.90000000000003,2.3683464527130127
372.0,2.3626928329467773
372.1,2.3764514923095703
372.20000000000005,2.3692612648010254
372.3,2.369229555130005
372.40000000000003,2.375068187713623
372.5,2.370628595352173
372.6,2.3619909286499023
372.70000000000005,2.378024101257324
372.8,2.3597049713134766
372.90000000000003,2.3655648231506348
373.0,2.3570563793182373
373.1,2.357301950454712
373.20000000000005,2.371196985244751
373.3,2.3658173084259033
373.40000000000003,2.3609695434570312
373.5,2.3789093494415283
373.6,2.3700287342071533
373.70000000000005,2.377636671066284
373.8,2.3663532733917236
373.90000000000003,2.383897066116333
374.0,2.3634402751922607
374.1,2.3707435131073
374.20000000000005,2.355436325073242
374.3,2.3701133728027344
374.40000000000003,2.3757410049438477
374.5,2.3733067512512207
374.6,2.3658697605133057
374.70000000000005,2.36601185798645
374.8,2.3642377853393555
374.90000000000003,2.363727569580078
375.0,2.377500057220459
375.1,2.370985507965088
375.20000000000005,2.359328031539917
375.3,2.357741355895996
375.40000000000003,2.360922336578369
375.5,2.3720386028289795
375.6,2.36759614944458
375.70000000000005,2.356769561767578
375.8,2.3648622035980225
375.90000000000003,2.3704376220703125
376.0,2.3657922744750977
376.1,2.374318838119507
376.20000000000005,2.3701515197753906
376.3,2.366910457611084
376.40000000000003,2.3718342781066895
376.5,2.3567769527435303
376.6,2.3639068603515625
376.70000000000005,2.3755009174346924
376.8,2.367009162902832
376.90000000000003,2.3740813732147217
377.0,2.3596715927124023
377.1,2.3599162101745605
377.20000000000005,2.3556413650512695
377.3,2.3773016929626465
377.40000000000003,2.3694567680358887
377.5,2.3734803199768066
377.6,2.355700969696045
377.70000000000005,2.3730576038360596
377.8,2.3588826656341553
377.90000000000003,2.3557162284851074
378.0,2.366199016571045
378.1,2.3526434898376465
378.20000000000005,2.365017890930176
378.3,2.3701353073120117
378.40000000000003,2.371455669403076
378.5,2.364370584487915
378.6,2.368173837661743
378.70000000000005,2.3671960830688477
378.8,2.3626294136047363
378.90000000000003,2.3596677780151367
379.0,2.3711612224578857
379.1,2.364438533782959
379.20000000000005,2.3740289211273193
379.3,2.376290798187256
379.40000000000003,2.3762786388397217
379.5,2.3617804050445557
379.6,2.373039722442627
379.70000000000005,2.3701648712158203
379.8,2.368868112564087
379.90000000000003,2.3801679611206055
380.0,2.3751001358032227
380.1,2.373508930206299
380.20000000000005,2.3603310585021973
380.3,2.35502028465271
380.40000000000003,2.3663811683654785
380.5,2.358511209487915
380.6,2.368612051010132
380.70000000000005,2.3691329956054688
380.8,2.3696000576019287
380.90000000000003,2.3714656829833984
381.0,2.3682119846343994
381.1,2.3614389896392822
381.20000000000005,2.353546619415283
381.3,2.3790974617004395
381.40000000000003,2.3680129051208496
381.5,2.370166540145874
381.6,2.3639540672302246
381.70000000000005,2.342264413833618
381.8,2.365588426589966
381.90000000000003,2.3676788806915283
382.0,2.378031015396118
382.1,2.3726108074188232
382.20000000000005,2.360874891281128
382.3,2.3666388988494873
382.40000000000003,2.371478796005249
382.5,2.3634603023529053
382.6,2.351318836212158
382.70000000000005,2.3713767528533936
382.8,2.369140148162842
382.90000000000003,2.3735368251800537
383.0,2.371694803237915
383.1,2.368864059448242
383.20000000000005,2.370471954345703
383.3,2.3655829429626465
383.40000000000003,2.370265007019043
383.5,2.368137836456299
383.6,2.3716742992401123
383.70000000000005,2.365446090698242
383.8,2.3662354946136475
383.90000000000003,2.3685903549194336
384.0,2.3653624057769775
384.1,2.36287260055542
384.20000000000005,2.360377550125122
384.3,2.357689142227173
384.40000000000003,2.3611297607421875
384.5,2.3708243370056152
384.6,2.373469829559326
384.70000000000005,2.369584560394287
384.8,2.3510468006134033
384.90000000000003,2.365513563156128
385.0,2.366220712661743
385.1,2.3631176948547363
385.20000000000005,2.370919942855835
385.3,2.362952709197998
385.40000000000003,2.357675313949585
385.5,2.368377923965454
385.6,2.3710122108459473
385.70000000000005,2.372809648513794
385.8,2.361079216003418
385.90000000000003,2.3639681339263916
386.0,2.3628575801849365
386.1,2.3655612468719482
386.20000000000005,2.3636538982391357
386.3,2.341919183731079
386.40000000000003,2.363001823425293
386.5,2.364593505859375
386.6,2.372770309448242
386.70000000000005,2.3647890090942383
386.8,2.364285707473755
386.90000000000003,2.3399605751037598
387.0,2.36954927444458
387.1,2.356468915939331
387.20000000000005,2.377342939376831
387.3,2.3779373168945312
387.40000000000003,2.3545262813568115
387.5,2.3784902095794678
387.6,2.3705365657806396
387.70000000000005,2.3710525035858154
387.8,2.3789916038513184
387.90000000000003,2.3726394176483154
388.0,2.3624134063720703
388.1,2.364725112915039
388.20000000000005,2.358053207397461
388.3,2.3661699295043945
388.40000000000003,2.3647007942199707
388.5,2.3676013946533203
388.6,2.3728983402252197
388.70000000000005,2.3615381717681885
388.8,2.3643381595611572
388.90000000000003,2.3720266819000244
389.0,2.3769078254699707
389.1,2.3726308345794678
389.20000000000005,2.359495162963867
389.3,2.366222381591797
389.40000000000003,2.368603467941284
389.5,2.3641140460968018
389.6,2.371384620666504
389.70000000000005,2.3723556995391846
389.8,2.365722179412842
389.90000000000003,2.369520664215088
390.0,2.359658718109131
390.1,2.354412078857422
390.20000000000005,2.3700621128082275
390.3,2.367039203643799
390.40000000000003,2.366767406463623
390.5,2.36745285987854
390.6,2.359900712966919
390.70000000000005,2.3736443519592285
390.8,2.3783650398254395
390.90000000000003,2.366413116455078
391.0,2.367555856704712
391.1,2.3676717281341553
391.20000000000005,2.3691070079803467
391.3,2.3765413761138916
391.40000000000003,2.3617396354675293
391.5,2.3791563510894775
391.6,2.358135938644409
391.70000000000005,2.354004383087158
391.8,2.359604835510254
391.90000000000003,2.3627395629882812
392.0,2.3570899963378906
392.1,2.351224660873413
392.20000000000005,2.362924814224243
392.3,2.3651747703552246
392.40000000000003,2.365187644958496
392.5,2.3709871768951416
392.6,2.3700685501098633
392.70000000000005,2.361328363418579
392.8,2.3665809631347656
392.90000000000003,2.3692877292633057
393.0,2.351498603820801
393.1,2.366597890853882
393.20000000000005,2.374666452407837
393.3,2.3625130653381348
393.40000000000003,2.3613696098327637
393.5,2.3765275478363037
393.6,2.379455327987671
393.70000000000005,2.3643455505371094
393.8,2.352867364883423
393.90000000000003,2.3770859241485596
394.0,2.3705873489379883
394.1,2.364903211593628
394.20000000000005,2.357492208480835
394.3,2.3539347648620605
394.40000000000003,2.3664016723632812
394.5,2.3732492923736572
394.6,2.3637471199035645
394.70000000000005,2.356149673461914
394.8,2.3619918823242188
394.90000000000003,2.3780014514923096
395.0,2.3602852821350098
395.1,2.359269142150879
395.20000000000005,2.3812782764434814
395.3,2.3722949028015137
395.40000000000003,2.360485553741455
395.5,2.3603880405426025
395.6,2.3668956756591797
395.70000000000005,2.359220504760742
395.8,2.369460105895996
395.90000000000003,2.3760063648223877
396.0,2.3703432083129883
396.1,2.368605613708496
396.20000000000005,2.36242413520813
396.3,2.3547868728637695
396.40000000000003,2.365544080734253
396.5,2.3766279220581055
396.6,2.3671071529388428
396.70000000000005,2.3747482299804688
396.8,2.358534097671509
396.90000000000003,2.3596715927124023
397.0,2.3483808040618896
397.1,2.3656225204467773
397.20000000000005,2.377650499343872
397.3,2.3674581050872803
397.40000000000003,2.3683230876922607
397.5,2.364705801010132
397.6,2.3666787147521973
397.70000000000005,2.3739519119262695
397.8,2.3614771366119385
397.90000000000003,2.358444929122925
398.0,2.373544216156006
398.1,2.372037410736084
398.20000000000005,2.360069513320923
398.3,2.3632891178131104
398.40000000000003,2.3694570064544678
398.5,2.375465154647827
398.6,2.3565595149993896
398.70000000000005,2.371215343475342
398.8,2.357135534286499
398.90000000000003,2.3746612071990967
399.0,2.371105432510376
399.1,2.3685519695281982
399.20000000000005,2.3581080436706543
399.3,2.37357234954834
399.40000000000003,2.3588106632232666
399.5,2.372187614440918
399.6,2.37204909324646
399.70000000000005,2.365321397781372
399.8,2.357642412185669
399.90000000000003,2.361992359161377
400.0,2.3691070079803467
400.1,2.361964225769043
400.20000000000005,2.362657308578491
400.3,2.3698668479919434
400.40000000000003,2.362757682800293
400.5,2.3667893409729004
400.6,2.359006643295288
400.70000000000005,2.3650219440460205
400.8,2.364448308944702
400.90000000000003,2.3675692081451416
401.0,2.366960287094116
401.1,2.3650779724121094
401.20000000000005,2.368455171585083
401.3,2.371737480163574
401.40000000000003,2.3728158473968506
401.5,2.375401735305786
401.6,2.3627519607543945
401.70000000000005,2.3705859184265137
401.8,2.3740336894989014
401.90000000000003,2.3588802814483643
402.0,2.36442232131958
402.1,2.361381769180298
402.20000000000005,2.357053756713867
402.3,2.375086545944214
402.40000000000003,2.3777718544006348
402.5,2.36527681350708
402.6,2.3564798831939697
402.70000000000005,2.3665215969085693
402.8,2.37166428565979
402.90000000000003,2.368482828140259
403.0,2.3671340942382812
403.1,2.3578946590423584
403.20000000000005,2.3657548427581787
403.3,2.367792844772339
403.40000000000003,2.363292932510376
403.5,2.3656508922576904
403.6,2.3699069023132324
403.70000000000005,2.3628146648406982
403.8,2.3756966590881348
403.90000000000003,2.3573737144470215
404.0,2.363243341445923
404.1,2.370630979537964
404.20000000000005,2.3650803565979004
404.3,2.38280987739563
404.40000000000003,2.3623650074005127
404.5,2.371875762939453
404.6,2.3614041805267334
404.70000000000005,2.3637635707855225
404.8,2.3653669357299805
404.90000000000003,2.364079475402832
405.0,2.3749234676361084
405.1,2.350830078125
405.20000000000005,2.365370988845825
405.3,2.362539529800415
405.40000000000003,2.3685598373413086
405.5,2.3545610904693604
405.6,2.3644871711730957
405.70000000000005,2.3745076656341553
405.8,2.3613412380218506
405.90000000000003,2.3644280433654785
406.0,2.3668975830078125
406.1,2.3675432205200195
406.20000000000005,2.373825788497925
406.3,2.3734962940216064
406.40000000000003,2.3585731983184814
406.5,2.3509809970855713
406.6,2.366081476211548
406.70000000000005,2.3576080799102783
406.8,2.3626868724823
406.90000000000003,2.3765382766723633
407.0,2.3624258041381836
407.1,2.3646750450134277
407.20000000000005,2.355081796646118
407.3,2.356250286102295
407.40000000000003,2.36405086517334
407.5,2.3578219413757324
407.6,2.3573086261749268
407.70000000000005,2.3675270080566406
407.8,2.3589935302734375
407.90000000000003,2.37328839302063
408.0,2.3581736087799072
408.1,2.3657143115997314
408.20000000000005,2.3731746673583984
408.3,2.3805010318756104
408.40000000000003,2.3625411987304688
408.5,2.367661237716675
408.6,2.3674018383026123
408.70000000000005,2.367319345474243
408.8,2.364685297012329
408.90000000000003,2.363799810409546
409.0,2.36323618888855
409.1,2.3638150691986084
409.20000000000005,2.361600637435913
409.3,2.370889902114868
409.40000000000003,2.3706603050231934
409.5,2.3578035831451416
409.6,2.362043619155884
409.70000000000005,2.352114677429199
409.8,2.358224391937256
409.90000000000003,2.3733713626861572
410.0,2.359639883041382
410.1,2.3617196083068848
410.20000000000005,2.3534066677093506
410.3,2.3608672618865967
410.40000000000003,2.3542733192443848
410.5,2.3604211807250977
410.6,2.363710880279541
410.70000000000005,2.362290859222412
410.8,2.3519022464752197
410.90000000000003,2.3730154037475586
411.0,2.3615636825561523
411.1,2.3671298027038574
411.20000000000005,2.368408203125
411.3,2.359189987182617
411.40000000000003,2.3591086864471436
411.5,2.3635966777801514
411.6,2.372964859008789
411.70000000000005,2.3471264839172363
411.8,2.3700785636901855
411.90000000000003,2.3588669300079346
412.0,2.3586208820343018
412.1,2.3639471530914307
412.20000000000005,2.3580398559570312
412.3,2.3545613288879395
412.40000000000003,2.3638057708740234
412.5,2.365828514099121
412.6,2.3570473194122314
412.70000000000005,2.3677000999450684
412.8,2.3707761764526367
412.90000000000003,2.358724594116211
413.0,2.370201826095581
413.1,2.373750925064087
413.20000000000005,2.3655829429626465
413.3,2.366440534591675
413.40000000000003,2.365203380584717
413.5,2.363313674926758
413.6,2.372424840927124
413.70000000000005,2.3686363697052
413.8,2.371387481689453
413.90000000000003,2.368621587753296
414.0,2.354212760925293
414.1,2.3594183921813965
414.20000000000005,2.3656322956085205
414.3,2.3510868549346924
414.40000000000003,2.3633320331573486
414.5,2.3716797828674316
414.6,2.3666956424713135
414.70000000000005,2.353116035461426
414.8,2.376499652862549
414.90000000000003,2.368245840072632
415.0,2.368159770965576
415.1,2.3750381469726562
415.20000000000005,2.380866289138794
415.3,2.3489835262298584
415.40000000000003,2.354346990585327
415.5,2.367298126220703
415.6,2.3713290691375732
415.70000000000005,2.3575327396392822
415.8,2.3802754878997803
415.90000000000003,2.354653835296631
416.0,2.373131036758423
416.1,2.3725600242614746
416.20000000000005,2.3577818870544434
416.3,2.368929624557495
416.40000000000003,2.3635170459747314
416.5,2.365537405014038
416.6,2.3638525009155273
416.70000000000005,2.364737033843994
416.8,2.359417676925659
416.90000000000003,2.3630526065826416
417.0,2.3653268814086914
417.1,2.3662991523742676
417.20000000000005,2.3773021697998047
417.3,2.376007556915283
417.40000000000003,2.373612403869629
417.5,2.3735854625701904
417.6,2.382939338684082
417.70000000000005,2.3588151931762695
417.8,2.376206636428833
417.90000000000003,2.369262456893921
418.0,2.3698527812957764
418.1,2.3737409114837646
418.20000000000005,2.3643009662628174
418.3,2.3621091842651367
418.40000000000003,2.362846851348877
418.5,2.3725955486297607
418.6,2.3393986225128174
418.70000000000005,2.370945453643799
418.8,2.349928379058838
418.90000000000003,2.3643667697906494
419.0,2.3691232204437256
419.1,2.3730311393737793
419.20000000000005,2.3691625595092773
419.3,2.36027193069458
419.40000000000003,2.3730249404907227
419.5,2.3627376556396484
419.6,2.3722000122070312
419.70000000000005,2.3658552169799805
419.8,2.3642375469207764
419.90000000000003,2.355663776397705
420.0,2.3742144107818604
420.1,2.364711046218872
420.20000000000005,2.3625333309173584
420.3,2.3787808418273926
420.40000000000003,2.36332631111145
420.5,2.3672518730163574
420.6,2.372286319732666
420.70000000000005,2.3548028469085693
420.8,2.365088701248169
420.90000000000003,2.368074893951416
421.0,2.379291534423828
421.1,2.3713808059692383
421.20000000000005,2.3733749389648438
421.3,2.3691959381103516
421.40000000000003,2.357081651687622
421.5,2.3697352409362793
421.6,2.3704187870025635
421.70000000000005,2.3714356422424316
421.8,2.36506724357605
421.90000000000003,2.373215436935425
422.0,2.3615217208862305
422.1,2.3724381923675537
422.20000000000005,2.370171070098877
422.3,2.364269495010376
422.40000000000003,2.363320827484131
422.5,2.376052141189575
422.6,2.366858720779419
422.70000000000005,2.359684944152832
422.8,2.368614673614502
422.90000000000003,2.356658935546875
423.0,2.374711513519287
423.1,2.3677608966827393
423.20000000000005,2.3627591133117676
423.3,2.3730967044830322
423.40000000000003,2.3575127124786377
423.5,2.366473913192749
423.6,2.3689334392547607
423.70000000000005,2.3587019443511963
423.8,2.3639111518859863
423.90000000000003,2.3722147941589355
424.0,2.3686742782592773
424.1,2.363123655319214
424.20000000000005,2.3580117225646973
424.3,2.365262746810913
424.40000000000003,2.3692781925201416
424.5,2.3561971187591553
424.6,2.3567185401916504
424.70000000000005,2.3613321781158447
424.8,2.3577563762664795
424.90000000000003,2.361891984939575
425.0,2.3729300498962402
425.1,2.3694446086883545
425.20000000000005,2.3729352951049805
425.3,2.3601481914520264
425.40000000000003,2.3714568614959717
425.5,2.3593814373016357
425.6,2.366614580154419
425.70000000000005,2.3638546466827393
425.8,2.363797187805176
425.90000000000003,2.3543291091918945
426.0,2.3448634147644043
426.1,2.362362861633301
426.20000000000005,2.3669822216033936
426.3,2.3708860874176025
426.40000000000003,2.3567934036254883
426.5,2.3580331802368164
426.6,2.3555219173431396
426.70000000000005,2.3611221313476562
426.8,2.3724124431610107
426.90000000000003,2.3620519638061523
427.0,2.3636741638183594
427.1,2.3655102252960205
427.20000000000005,2.3721516132354736
427.3,2.363870859146118
427.40000000000003,2.3642184734344482
427.5,2.3486597537994385
427.6,2.360278844833374
427.70000000000005,2.3734681606292725
427.8,2.3705172538757324
427.90000000000003,2.365626096725464
428.0,2.3606112003326416
428.1,2.3662261962890625
428.20000000000005,2.3569326400756836
428.3,2.3636157512664795
428.40000000000003,2.3731143474578857
428.5,2.3642237186431885
428.6,2.345637798309326
428.70000000000005,2.3675100803375244
428.8,2.371047258377075
428.90000000000003,2.358818531036377
429.0,2.3573553562164307
429.1,2.3757784366607666
429.20000000000005,2.352336883544922
429.3,2.3669662475585938
429.40000000000003,2.363492250442505
429.5,2.367884635925293
429.6,2.3790605068206787
429.70000000000005,2.375096559524536
429.8,2.362637758255005
429.90000000000003,2.3691492080688477
430.0,2.368220090866089
430.1,2.3710744380950928
430.20000000000005,2.370251417160034
430.3,2.361229658126831
430.40000000000003,2.363534927368164
430.5,2.3633224964141846
430.6,2.3607773780822754
430.70000000000005,2.373384475708008
430.8,2.372037649154663
430.90000000000003,2.3625917434692383
431.0,2.377169132232666
431.1,2.369929552078247
431.20000000000005,2.3668534755706787
431.3,2.3640027046203613
431.40000000000003,2.369387149810791
431.5,2.364494562149048
431.6,2.3806357383728027
431.70000000000005,2.3580076694488525
431.8,2.368945598602295
431.90000000000003,2.355128288269043
432.0,2.3487448692321777
432.1,2.371100425720215
432.20000000000005,2.3648087978363037
432.3,2.3676934242248535
432.40000000000003,2.3599305152893066
432.5,2.3567380905151367
432.6,2.3608005046844482
432.70000000000005,2.3753128051757812
432.8,2.3619847297668457
432.90000000000003,2.3654749393463135
433.0,2.3652331829071045
433.1,2.356144666671753
433.20000000000005,2.371206283569336
433.3,2.3709206581115723
433.40000000000003,2.364868640899658
433.5,2.366325616836548
433.6,2.367828607559204
433.70000000000005,2.3682706356048584
433.8,2.3631503582000732
433.90000000000003,2.384836435317993
434.0,2.362227201461792
434.1,2.3649399280548096
434.20000000000005,2.364116668701172
434.3,2.3661296367645264
434.40000000000003,2.3648791313171387
434.5,2.3458406925201416
434.6,2.364117383956909
434.70000000000005,2.354391574859619
434.8,2.374406099319458
434.90000000000003,2.375929117202759
435.0,2.3523097038269043
435.1,2.371006488800049
435.20000000000005,2.360137462615967
435.3,2.3703973293304443
435.40000000000003,2.362595558166504
435.5,2.370337963104248
435.6,2.3652119636535645
435.70000000000005,2.367152214050293
435.8,2.366851329803467
435.90000000000003,2.3624813556671143
436.0,2.374908447265625
436.1,2.3724539279937744
436.20000000000005,2.3627142906188965
436.3,2.372877597808838
436.40000000000003,2.35666561126709
436.5,2.371762752532959
436.6,2.3749735355377197
436.70000000000005,2.3604507446289062
436.8,2.3649675846099854
436.90000000000003,2.3752732276916504
437.0,2.3730788230895996
437.1,2.3726437091827393
437.20000000000005,2.3551461696624756
437.3,2.3634262084960938
437.40000000000003,2.373152494430542
437.5,2.369715929031372
437.6,2.364961862564087
437.70000000000005,2.3609089851379395
437.8,2.3809919357299805
437.90000000000003,2.3721470832824707
438.0,2.374704360961914
438.1,2.372774839401245
438.20000000000005,2.361950159072876
438.3,2.3675310611724854
438.40000000000003,2.3754541873931885
438.5,2.3701603412628174
438.6,2.3773953914642334
438.70000000000005,2.365121841430664
438.8,2.345081090927124
438.90000000000003,2.3677279949188232
439.0,2.366610050201416
439.1,2.3602919578552246
439.20000000000005,2.3680148124694824
439.3,2.361292839050293
439.40000000000003,2.3578033447265625
439.5,2.3706371784210205
439.6,2.3559420108795166
439.70000000000005,2.3792943954467773
439.8,2.380448818206787
439.90000000000003,2.3659746646881104
440.0,2.3646011352539062
440.1,2.363847017288208
440.20000000000005,2.3724493980407715
440.3,2.3645541667938232
440.40000000000003,2.3758654594421387
440.5,2.3752355575561523
440.6,2.3653500080108643
440.70000000000005,2.3646039962768555
440.8,2.367344379425049
440.90000000000003,2.373687982559204
441.0,2.370161533355713
441.1,2.3595199584960938
441.20000000000005,2.3687264919281006
441.3,2.3732221126556396
441.40000000000003,2.3735623359680176
441.5,2.3863508701324463
441.6,2.3732807636260986
441.70000000000005,2.382404327392578
441.8,2.370363235473633
441.90000000000003,2.3733859062194824
442.0,2.3731393814086914
442.1,2.3690898418426514
442.20000000000005,2.367532968521118
442.3,2.368040084838867
442.40000000000003,2.365978240966797
442.5,2.3746376037597656
442.6,2.3794894218444824
442.70000000000005,2.3494999408721924
442.8,2.3698503971099854
442.90000000000003,2.3525736331939697
443.0,2.3628437519073486
443.1,2.378265380859375
443.20000000000005,2.362560749053955
443.3,2.3874449729919434
443.40000000000003,2.3611390590667725
443.5,2.363605260848999
443.6,2.3717379570007324
443.70000000000005,2.361532688140869
443.8,2.3617358207702637
443.90000000000003,2.368490219116211
444.0,2.3758597373962402
444.1,2.3673529624938965
444.20000000000005,2.3745434284210205
444.3,2.3614580631256104
444.40000000000003,2.3766493797302246
444.5,2.364699363708496
444.6,2.377479314804077
444.70000000000005,2.378751516342163
444.8,2.373352527618408
444.90000000000003,2.373321771621704
445.0,2.368460178375244
445.1,2.368572950363159
445.20000000000005,2.3533034324645996
445.3,2.3632664680480957
445.40000000000003,2.370370388031006
445.5,2.3636722564697266
445.6,2.358288288116455
445.70000000000005,2.3794870376586914
445.8,2.3626699447631836
445.90000000000003,2.375506639480591
446.0,2.377948760986328
446.1,2.3627099990844727
446.20000000000005,2.3661718368530273
446.3,2.368023633956909
446.40000000000003,2.366379976272583
446.5,2.3747434616088867
446.6,2.355430841445923
446.70000000000005,2.3789353370666504
446.8,2.377150297164917
446.90000000000003,2.3736412525177
447.0,2.3651552200317383
447.1,2.3578083515167236
447.20000000000005,2.3610846996307373
447.3,2.360142469406128
447.40000000000003,2.3601527214050293
447.5,2.3642780780792236
447.6,2.3656718730926514
447.70000000000005,2.376739025115967
447.8,2.37109637260437
447.90000000000003,2.3705894947052
448.0,2.374189615249634
448.1,2.3755829334259033
448.20000000000005,2.364180326461792
448.3,2.363675355911255
448.40000000000003,2.372575044631958
448.5,2.3733744621276855
448.6,2.376502513885498
448.70000000000005,2.362196207046509
448.8,2.3734912872314453
448.90000000000003,2.3645381927490234
449.0,2.36545729637146
449.1,2.358064651489258
449.20000000000005,2.3738303184509277
449.3,2.3668720722198486
449.40000000000003,2.3826193809509277
449.5,2.3604371547698975
449.6,2.3728599548339844
449.70000000000005,2.3747215270996094
449.8,2.376755475997925
449.90000000000003,2.36674165725708
450.0,2.37080717086792
450.1,2.3548576831817627
450.20000000000005,2.3648483753204346
450.3,2.376309871673584
450.40000000000003,2.362081289291382
450.5,2.362276792526245
450.6,2.3601338863372803
450.70000000000005,2.3491201400756836
450.8,2.3788886070251465
450.90000000000003,2.3637123107910156
451.0,2.3649682998657227
451.1,2.363652229309082
451.20000000000005,2.361844062805176
451.3,2.3730063438415527
451.40000000000003,2.3737425804138184
451.5,2.376101016998291
451.6,2.3716883659362793
451.70000000000005,2.3765032291412354
451.8,2.372009515762329
451.90000000000003,2.3664886951446533
452.0,2.3574156761169434
452.1,2.3685717582702637
452.20000000000005,2.373905897140503
452.3,2.378563642501831
452.40000000000003,2.377168893814087
452.5,2.3614516258239746
452.6,2.370037794113159
452.70000000000005,2.36366868019104
452.8,2.367924928665161
452.90000000000003,2.3786983489990234
453.0,2.3765318393707275
453.1,2.3545289039611816
453.20000000000005,2.375999689102173
453.3,2.3505663871765137
453.40000000000003,2.3679628372192383
453.5,2.3736026287078857
453.6,2.382922887802124
453.70000000000005,2.361363172531128
453.8,2.376465082168579
453.90000000000003,2.359147787094116
454.0,2.371149778366089
454.1,2.364544153213501
454.20000000000005,2.3723385334014893
454.3,2.36594295501709
454.40000000000003,2.3523120880126953
454.5,2.3716375827789307
454.6,2.3716495037078857
454.70000000000005,2.3630189895629883
454.8,2.358027458190918
454.90000000000003,2.3705527782440186
455.0,2.3692800998687744
455.1,2.368619680404663
455.20000000000005,2.3760530948638916
455.3,2.364194869995117
455.40000000000003,2.37727952003479
455.5,2.3535120487213135
455.6,2.3748180866241455
455.70000000000005,2.372957229614258
455.8,2.3686864376068115
455.90000000000003,2.376210927963257
456.0,2.3738393783569336
456.1,2.374851942062378
456.20000000000005,2.3592593669891357
456.3,2.359001874923706
456.40000000000003,2.3569276332855225
456.50000000000006,2.360696315765381
456.6,2.369868040084839
456.70000000000005,2.373546600341797
456.8,2.3612868785858154
456.90000000000003,2.3682591915130615
457.00000000000006,2.369035482406616
457.1,2.3576600551605225
457.20000000000005,2.36722469329834
457.3,2.375356912612915
457.40000000000003,2.3552515506744385
457.50000000000006,2.367860794067383
457.6,2.361492156982422
457.70000000000005,2.3681204319000244
457.8,2.3683974742889404
457.90000000000003,2.3714776039123535
458.00000000000006,2.3691515922546387
458.1,2.3707780838012695
458.20000000000005,2.373837947845459
458.3,2.3782079219818115
458.40000000000003,2.365093946456909
458.50000000000006,2.374534845352173
458.6,2.3592376708984375
458.70000000000005,2.3581383228302
458.8,2.370004177093506
458.90000000000003,2.368967056274414
459.00000000000006,2.371271848678589
459.1,2.3679840564727783
459.20000000000005,2.371793031692505
459.3,2.373415470123291
459.40000000000003,2.3700649738311768
459.50000000000006,2.3712127208709717
459.6,2.367039680480957
459.70000000000005,2.3782806396484375
459.8,2.3553667068481445
459.90000000000003,2.3733348846435547
460.00000000000006,2.3698151111602783
460.1,2.372981548309326
460.20000000000005,2.361961603164673
460.3,2.3621833324432373
460.40000000000003,2.3558385372161865
460.50000000000006,2.3621976375579834
460.6,2.3631832599639893
460.70000000000005,2.3713197708129883
460.8,2.3593239784240723
460.90000000000003,2.361663818359375
461.00000000000006,2.3604681491851807
461.1,2.371289014816284
461.20000000000005,2.3667428493499756
461.3,2.3755059242248535
461.40000000000003,2.3679823875427246
461.50000000000006,2.371096134185791
461.6,2.3784282207489014
461.70000000000005,2.3755390644073486
461.8,2.3698770999908447
461.90000000000003,2.3746752738952637
462.00000000000006,2.3648488521575928
462.1,2.3665404319763184
462.20000000000005,2.365917682647705
462.3,2.3661537170410156
462.40000000000003,2.367875576019287
462.50000000000006,2.368103504180908
462.6,2.37329363822937
462.70000000000005,2.3564705848693848
462.8,2.3687965869903564
462.90000000000003,2.377664566040039
463.00000000000006,2.3564016819000244
463.1,2.3615221977233887
463.20000000000005,2.371936321258545
463.3,2.369641065597534
463.40000000000003,2.375502824783325
463.50000000000006,2.364382028579712
463.6,2.3723580837249756
463.70000000000005,2.3785929679870605
463.8,2.3654885292053223
463.90000000000003,2.3593809604644775
464.00000000000006,2.384722948074341
464.1,2.361456871032715
464.20000000000005,2.3608150482177734
464.3,2.372178554534912
464.40000000000003,2.3654658794403076
464.50000000000006,2.3718860149383545
464.6,2.3677780628204346
464.70000000000005,2.367967128753662
464.8,2.3577682971954346
464.90000000000003,2.3731441497802734
465.00000000000006,2.3628628253936768
465.1,2.352520227432251
465.20000000000005,2.3769030570983887
465.3,2.355818271636963
465.40000000000003,2.3596584796905518
465.50000000000006,2.3546695709228516
465.6,2.3650314807891846
465.70000000000005,2.364675283432007
465.8,2.374716281890869
465.90000000000003,2.364494800567627
466.00000000000006,2.3673086166381836
466.1,2.357900857925415
466.20000000000005,2.3720991611480713
466.3,2.3597891330718994
466.40000000000003,2.3684539794921875
466.50000000000006,2.3722846508026123
466.6,2.374148368835449
466.70000000000005,2.3697266578674316
466.8,2.3702406883239746
466.90000000000003,2.3585116863250732
467.00000000000006,2.3632309436798096
467.1,2.365790367126465
467.20000000000005,2.360976457595825
467.3,2.3618435859680176
467.40000000000003,2.376504421234131
467.50000000000006,2.365723133087158
467.6,2.374739170074463
467.70000000000005,2.366278886795044
467.8,2.370575189590454
467.90000000000003,2.366903781890869
468.00000000000006,2.3703203201293945
468.1,2.3686633110046387
468.20000000000005,2.3737776279449463
468.3,2.361992120742798
468.40000000000003,2.36926531791687
468.50000000000006,2.3623061180114746
468.6,2.371225118637085
468.70000000000005,2.3818490505218506
468.8,2.3623268604278564
468.90000000000003,2.369478464126587
469.00000000000006,2.3570809364318848
469.1,2.368497848510742
469.20000000000005,2.365212917327881
469.3,2.360966444015503
469.40000000000003,2.367837429046631
469.50000000000006,2.364241123199463
469.6,2.3639962673187256
469.70000000000005,2.3588294982910156
469.8,2.3631350994110107
469.90000000000003,2.3702900409698486
470.00000000000006,2.3705124855041504
470.1,2.365490436553955
470.20000000000005,2.3691773414611816
470.3,2.3550477027893066
470.40000000000003,2.3752686977386475
470.50000000000006,2.3755555152893066
470.6,2.371016025543213
470.70000000000005,2.372880697250366
470.8,2.369389057159424
470.90000000000003,2.360536575317383
471.00000000000006,2.3751442432403564
471.1,2.3768088817596436
471.20000000000005,2.365783214569092
471.3,2.375959634780884
471.40000000000003,2.3567357063293457
471.50000000000006,2.3758609294891357
471.6,2.3611857891082764
471.70000000000005,2.3746700286865234
471.8,2.3625199794769287
471.90000000000003,2.3626654148101807
472.00000000000006,2.3521223068237305
472.1,2.36611270904541
472.20000000000005,2.362011671066284
472.3,2.3721559047698975
472.40000000000003,2.3624446392059326
472.50000000000006,2.3599774837493896
472.6,2.3710782527923584
472.70000000000005,2.3819384574890137
472.8,2.369239330291748
472.90000000000003,2.3767340183258057
473.00000000000006,2.3655571937561035
473.1,2.3632113933563232
473.20000000000005,2.3613059520721436
473.3,2.3684709072113037
473.40000000000003,2.362600326538086
473.50000000000006,2.365638017654419
473.6,2.3547136783599854
473.70000000000005,2.361710548400879
473.8,2.369027853012085
473.90000000000003,2.3814780712127686
474.00000000000006,2.3602168560028076
474.1,2.369476795196533
474.20000000000005,2.35518217086792
474.3,2.363703966140747
474.40000000000003,2.375368356704712
474.50000000000006,2.3701975345611572
474.6,2.3499090671539307
474.70000000000005,2.3746161460876465
474.8,2.377822160720825
474.90000000000003,2.3657386302948
475.00000000000006,2.3472399711608887
475.1,2.3615543842315674
475.20000000000005,2.3719372749328613
475.3,2.354264497756958
475.40000000000003,2.3530519008636475
475.50000000000006,2.3698904514312744
475.6,2.367300510406494
475.70000000000005,2.362738847732544
475.8,2.374756097793579
475.90000000000003,2.356289863586426
476.00000000000006,2.3722457885742188
476.1,2.3720686435699463
476.20000000000005,2.3697352409362793
476.3,2.3679676055908203
476.40000000000003,2.3719308376312256
476.50000000000006,2.3714115619659424
476.6,2.3691179752349854
476.70000000000005,2.3685173988342285
476.8,2.3732635974884033
476.90000000000003,2.3634088039398193
477.00000000000006,2.3702359199523926
477.1,2.3643758296966553
477.20000000000005,2.3626930713653564
477.3,2.3629400730133057
477.40000000000003,2.365976095199585
477.50000000000006,2.3621838092803955
477.6,2.3572094440460205
477.70000000000005,2.368242025375366
477.8,2.364058256149292
477.90000000000003,2.369048833847046
478.00000000000006,2.368168592453003
478.1,2.3618056774139404
478.20000000000005,2.3584842681884766
478.3,2.3674190044403076
478.40000000000003,2.372532606124878
478.50000000000006,2.3667004108428955
478.6,2.3607921600341797
478.70000000000005,2.3659582138061523
478.8,2.364325523376465
478.90000000000003,2.3616812229156494
479.00000000000006,2.3634581565856934
479.1,2.3642168045043945
479.20000000000005,2.3745110034942627
479.3,2.371967315673828
479.40000000000003,2.361546277999878
479.50000000000006,2.355470895767212
479.6,2.3631083965301514
479.70000000000005,2.3752260208129883
479.8,2.3572921752929688
479.90000000000003,2.3737752437591553
480.00000000000006,2.3802576065063477
480.1,2.3702993392944336
480.20000000000005,2.347158670425415
480.3,2.3852028846740723
480.40000000000003,2.3599116802215576
480.50000000000006,2.3698031902313232
480.6,2.3635401725769043
480.70000000000005,2.3560726642608643
480.8,2.3662757873535156
480.90000000000003,2.3651394844055176
481.00000000000006,2.3665833473205566
481.1,2.3658831119537354
481.20000000000005,2.35851788520813
481.3,2.3636910915374756
481.40000000000003,2.3627264499664307
481.50000000000006,2.3679890632629395
481.6,2.370460271835327
481.70000000000005,2.376885414123535
481.8,2.365126609802246
481.90000000000003,2.3511974811553955
482.00000000000006,2.352844715118408
482.1,2.360903739929199
482.20000000000005,2.3634328842163086
482.3,2.3709707260131836
482.40000000000003,2.367136240005493
482.50000000000006,2.360151767730713
482.6,2.367347240447998
482.70000000000005,2.3627285957336426
482.8,2.3765153884887695
482.90000000000003,2.3697662353515625
483.00000000000006,2.3757948875427246
483.1,2.3676397800445557
483.20000000000005,2.3782379627227783
483.3,2.377686023712158
483.40000000000003,2.3671271800994873
483.50000000000006,2.3663041591644287
483.6,2.3738553524017334
483.70000000000005,2.371001720428467
483.8,2.3609650135040283
483.90000000000003,2.3600471019744873
484.00000000000006,2.3631913661956787
484.1,2.3705105781555176
484.20000000000005,2.362755537033081
484.3,2.369168758392334
484.40000000000003,2.3657329082489014
484.50000000000006,2.3695645332336426
484.6,2.3669791221618652
484.70000000000005,2.3543410301208496
484.8,2.3724136352539062
484.90000000000003,2.3620760440826416
485.00000000000006,2.357408285140991
485.1,2.3680899143218994
485.20000000000005,2.3740222454071045
485.3,2.3709867000579834
485.40000000000003,2.3691723346710205
485.50000000000006,2.3738784790039062
485.6,2.3615834712982178
485.70000000000005,2.3819189071655273
485.8,2.3637783527374268
485.90000000000003,2.379913568496704
486.00000000000006,2.375507116317749
486.1,2.371746778488159
486.20000000000005,2.37990665435791
486.3,2.3792552947998047
486.40000000000003,2.371412992477417
486.50000000000006,2.3580074310302734
486.6,2.3681042194366455
486.70000000000005,2.3634889125823975
486.8,2.3721959590911865
486.90000000000003,2.3721370697021484
487.00000000000006,2.3758139610290527
487.1,2.365086793899536
487.20000000000005,2.3583884239196777
487.3,2.37628436088562
487.40000000000003,2.3696963787078857
487.50000000000006,2.3751108646392822
487.6,2.366061210632324
487.70000000000005,2.351732015609741
487.8,2.372344493865967
487.90000000000003,2.3718321323394775
488.00000000000006,2.382276773452759
488.1,2.3706915378570557
488.20000000000005,2.372330904006958
488.3,2.379526138305664
488.40000000000003,2.3781471252441406
488.50000000000006,2.373227596282959
488.6,2.3809235095977783
488.70000000000005,2.3848788738250732
488.8,2.374675750732422
488.90000000000003,2.36824631690979
489.00000000000006,2.3826744556427
489.1,2.3819174766540527
489.20000000000005,2.3720169067382812
489.3,2.3805582523345947
489.40000000000003,2.357710838317871
489.50000000000006,2.3758976459503174
489.6,2.3663039207458496
489.70000000000005,2.386279821395874
489.8,2.378986358642578
489.90000000000003,2.375666379928589
490.00000000000006,2.383794069290161
490.1,2.378892183303833
490.20000000000005,2.3825480937957764
490.3,2.370964527130127
490.40000000000003,2.3749685287475586
490.50000000000006,2.3769936561584473
490.6,2.363279104232788
490.70000000000005,2.3764588832855225
490.8,2.3723461627960205
490.90000000000003,2.375453233718872
491.00000000000006,2.385889768600464
491.1,2.376516580581665
491.20000000000005,2.3742899894714355
491.3,2.3865458965301514
491.40000000000003,2.379786491394043
491.50000000000006,2.3710756301879883
491.6,2.3768789768218994
491.70000000000005,2.3675997257232666
491.8,2.383612871170044
491.90000000000003,2.38413143157959
492.00000000000006,2.3873140811920166
492.1,2.3768036365509033
492.20000000000005,2.386558771133423
492.3,2.381345748901367
492.40000000000003,2.3670454025268555
492.50000000000006,2.383307456970215
492.6,2.3886420726776123
492.70000000000005,2.3857223987579346
492.8,2.3781721591949463
492.90000000000003,2.3713393211364746
493.00000000000006,2.3761980533599854
493.1,2.379859209060669
493.20000000000005,2.3643877506256104
493.3,2.3828229904174805
493.40000000000003,2.373645782470703
493.50000000000006,2.38350510597229
493.6,2.3927555084228516
493.70000000000005,2.3730523586273193
493.8,2.3747174739837646
493.90000000000003,2.3891286849975586
494.00000000000006,2.385967254638672
494.1,2.387554407119751
494.20000000000005,2.3837838172912598
494.3,2.3928771018981934
494.40000000000003,2.382556915283203
494.50000000000006,2.3798704147338867
494.6,2.3854424953460693
494.70000000000005,2.3849189281463623
494.8,2.3811988830566406
494.90000000000003,2.38667631149292
495.00000000000006,2.3824968338012695
495.1,2.3796520233154297
495.20000000000005,2.3699100017547607
495.3,2.3833792209625244
495.40000000000003,2.3880512714385986
495.50000000000006,2.380206823348999
495.6,2.3825197219848633
495.70000000000005,2.3755083084106445
495.8,2.3902785778045654
495.90000000000003,2.385573387145996
496.00000000000006,2.3642313480377197
496.1,2.3856770992279053
496.20000000000005,2.3830361366271973
496.3,2.379148244857788
496.40000000000003,2.381774663925171
496.50000000000006,2.3826935291290283
496.6,2.3791704177856445
496.70000000000005,2.372847080230713
496.8,2.384514331817627
496.90000000000003,2.3834726810455322
497.00000000000006,2.3764238357543945
497.1,2.370976209640503
497.20000000000005,2.382153272628784
497.3,2.3796958923339844
497.40000000000003,2.3706295490264893
497.50000000000006,2.380732536315918
497.6,2.390188694000244
497.70000000000005,2.3807268142700195
497.8,2.38224720954895
497.90000000000003,2.3994743824005127
498.00000000000006,2.385612726211548
498.1,2.3893587589263916
498.20000000000005,2.370919704437256
498.3,2.388822317123413
498.40000000000003,2.378108501434326
498.50000000000006,2.3789398670196533
498.6,2.3955764770507812
498.70000000000005,2.389132499694824
498.8,2.3890841007232666
498.90000000000003,2.3751955032348633
499.00000000000006,2.388719081878662
499.1,2.374480962753296
499.20000000000005,2.3939619064331055
499.3,2.3790242671966553
499.40000000000003,2.3834586143493652
499.50000000000006,2.389674186706543
499.6,2.3877806663513184
499.70000000000005,2.382516860961914
499.8,2.379988193511963
499.90000000000003,2.3925657272338867
500.00000000000006,2.387528896331787
500.1,2.395723342895508
500.20000000000005,2.3863987922668457
500.3,2.389030694961548
500.40000000000003,2.3799679279327393
500.50000000000006,2.376492500305176
500.6,2.3940258026123047
500.70000000000005,2.3935670852661133
500.8,2.378086566925049
500.90000000000003,2.398707628250122
501.00000000000006,2.3784830570220947
501.1,2.3799381256103516
501.20000000000005,2.385607957839966
501.3,2.3996729850769043
501.40000000000003,2.3870909214019775
501.50000000000006,2.391280174255371
501.6,2.3924195766448975
501.70000000000005,2.387173652648926
501.8,2.388673782348633
501.90000000000003,2.3899075984954834
502.00000000000006,2.3841187953948975
502.1,2.401237726211548
502.20000000000005,2.3872885704040527
502.3,2.3898391723632812
502.40000000000003,2.38503098487854
502.50000000000006,2.3824830055236816
502.6,2.3875935077667236
502.70000000000005,2.3943369388580322
502.8,2.3792998790740967
502.90000000000003,2.400912046432495
503.00000000000006,2.3833541870117188
503.1,2.3876264095306396
503.20000000000005,2.393171787261963
503.3,2.395559072494507
503.40000000000003,2.3936939239501953
503.50000000000006,2.396407127380371
503.6,2.3924217224121094
503.70000000000005,2.385329246520996
503.8,2.373948812484741
503.90000000000003,2.3863062858581543
504.00000000000006,2.398257255554199
504.1,2.400094985961914
504.20000000000005,2.393458843231201
504.3,2.3937160968780518
504.40000000000003,2.3940751552581787
504.50000000000006,2.3924522399902344
504.6,2.3934597969055176
504.70000000000005,2.3892734050750732
504.8,2.393425464630127
504.90000000000003,2.3919482231140137
505.00000000000006,2.3813350200653076
505.1,2.3942251205444336
505.20000000000005,2.3986217975616455
505.3,2.38962984085083
505.40000000000003,2.389892578125
505.50000000000006,2.3878965377807617
505.6,2.391711711883545
505.70000000000005,2.384941577911377
505.8,2.3932383060455322
505.90000000000003,2.38311767578125
506.00000000000006,2.40362811088562
506.1,2.3919122219085693
506.20000000000005,2.400279998779297
506.3,2.400352954864502
506.40000000000003,2.396965980529785
506.50000000000006,2.3903629779815674
506.6,2.3992888927459717
506.70000000000005,2.396254301071167
506.8,2.393083095550537
506.90000000000003,2.3779239654541016
507.00000000000006,2.395872116088867
507.1,2.387813091278076
507.20000000000005,2.3954906463623047
507.3,2.397728204727173
507.40000000000003,2.389707326889038
507.50000000000006,2.3803298473358154
507.6,2.388747453689575
507.70000000000005,2.3778038024902344
507.8,2.405933380126953
507.90000000000003,2.3900036811828613
508.00000000000006,2.3864433765411377
508.1,2.410618543624878
508.20000000000005,2.3844590187072754
508.3,2.385153293609619
508.40000000000003,2.382127523422241
508.50000000000006,2.402026891708374
508.6,2.398729085922241
508.70000000000005,2.3953685760498047
508.8,2.393416166305542
508.90000000000003,2.3905677795410156
509.00000000000006,2.39601469039917
509.1,2.4072518348693848
509.20000000000005,2.398167133331299
509.3,2.3950307369232178
509.40000000000003,2.384303092956543
509.50000000000006,2.4070324897766113
509.6,2.397939920425415
509.70000000000005,2.4022672176361084
509.8,2.3887507915496826
509.90000000000003,2.404592275619507
510.00000000000006,2.3835809230804443
510.1,2.397533893585205
510.20000000000005,2.4003705978393555
510.3,2.407153606414795
510.40000000000003,2.409573554992676
510.50000000000006,2.3999876976013184
510.6,2.405824661254883
510.70000000000005,2.41544508934021
510.8,2.3777332305908203
510.90000000000003,2.4028470516204834
511.00000000000006,2.4102835655212402
511.1,2.3961830139160156
511.20000000000005,2.4000959396362305
511.3,2.404254913330078
511.40000000000003,2.4147067070007324
511.50000000000006,2.3958823680877686
511.6,2.403745651245117
511.70000000000005,2.414163589477539
511.8,2.392484426498413
511.90000000000003,2.4012374877929688
512.0,2.3998546600341797
512.1,2.3931915760040283
512.2,2.3998589515686035
512.3000000000001,2.4006285667419434
512.4,2.4044249057769775
512.5,2.407477378845215
512.6,2.4038009643554688
512.7,2.394611120223999
512.8000000000001,2.407090663909912
512.9,2.397587537765503
513.0,2.4087610244750977
513.1,2.3855090141296387
513.2,2.395110607147217
513.3000000000001,2.4120616912841797
513.4,2.3879923820495605
513.5,2.4001238346099854
513.6,2.402498245239258
513.7,2.410895347595215
513.8000000000001,2.409627676010132
513.9,2.405371904373169
514.0,2.4085450172424316
514.1,2.397428512573242
514.2,2.410301685333252
514.3000000000001,2.3984975814819336
514.4,2.4085335731506348
514.5,2.401423454284668
514.6,2.4008963108062744
514.7,2.4013655185699463
514.8000000000001,2.406722068786621
514.9,2.411503314971924
515.0,2.4108567237854004
515.1,2.3960702419281006
515.2,2.3980095386505127
515.3000000000001,2.4021663665771484
515.4,2.41031813621521
515.5,2.4019923210144043
515.6,2.4063315391540527
515.7,2.3950676918029785
515.8000000000001,2.4089114665985107
515.9,2.404639959335327
516.0,2.4122934341430664
516.1,2.4107577800750732
516.2,2.393771171569824
516.3000000000001,2.4036078453063965
516.4,2.4090816974639893
516.5,2.4042720794677734
516.6,2.401731014251709
516.7,2.403369903564453
516.8000000000001,2.404085636138916
516.9,2.40348219871521
517.0,2.411587953567505
517.1,2.4147908687591553
517.2,2.3972995281219482
517.3000000000001,2.3971035480499268
517.4,2.404832363128662
517.5,2.4148566722869873
517.6,2.407045602798462
517.7,2.410907506942749
517.8000000000001,2.41027569770813
517.9,2.4020259380340576
518.0,2.414520263671875
518.1,2.398101568222046
518.2,2.3980062007904053
518.3000000000001,2.40775465965271
518.4,2.395386219024658
518.5,2.4131062030792236
518.6,2.4023499488830566
518.7,2.38525652885437
518.8000000000001,2.4097542762756348
518.9,2.4161036014556885
519.0,2.4142913818359375
519.1,2.4092559814453125
519.2,2.412217140197754
519.3000000000001,2.4104886054992676
519.4,2.40468692779541
519.5,2.39937162399292
519.6,2.4134178161621094
519.7,2.412991762161255
519.8000000000001,2.411083221435547
519.9,2.400956153869629
520.0,2.42281174659729
520.1,2.4167604446411133
520.2,2.412832498550415
520.3000000000001,2.3885467052459717
520.4,2.3996901512145996
520.5,2.4049668312072754
520.6,2.406803846359253
520.7,2.4056618213653564
520.8000000000001,2.408745527267456
520.9,2.415318727493286
521.0,2.3965859413146973
521.1,2.4025261402130127
521.2,2.4157779216766357
521.3000000000001,2.3960697650909424
521.4,2.4091718196868896
521.5,2.406095266342163
521.6,2.4049041271209717
521.7,2.4134576320648193
521.8000000000001,2.4130139350891113
521.9,2.4009952545166016
522.0,2.406550645828247
522.1,2.41109037399292
522.2,2.406745672225952
522.3000000000001,2.409494638442993
522.4,2.4243850708007812
522.5,2.398212432861328
522.6,2.401172161102295
522.7,2.422811269760132
522.8000000000001,2.4137134552001953
522.9,2.410470724105835
523.0,2.401672124862671
523.1,2.3943333625793457
523.2,2.4062414169311523
523.3000000000001,2.411095380783081
523.4,2.3988254070281982
523.5,2.4151253700256348
523.6,2.4023044109344482
523.7,2.41988468170166
523.8000000000001,2.411506175994873
523.9,2.4182169437408447
524.0,2.404318332672119
524.1,2.4080021381378174
524.2,2.409878969192505
524.3000000000001,2.4140279293060303
524.4,2.412719249725342
524.5,2.4242501258850098
524.6,2.417881727218628
524.7,2.4164440631866455
524.8000000000001,2.4162487983703613
524.9,2.4200427532196045
525.0,2.4081101417541504
525.1,2.414384365081787
525.2,2.414897918701172
525.3000000000001,2.424164295196533
525.4,2.4102065563201904
525.5,2.4099130630493164
525.6,2.409888982772827
525.7,2.414905309677124
525.8000000000001,2.4149115085601807
525.9,2.400834798812866
526.0,2.4139716625213623
526.1,2.4196970462799072
526.2,2.407057762145996
526.3000000000001,2.4086318016052246
526.4,2.4227592945098877
526.5,2.401872158050537
526.6,2.3987298011779785
526.7,2.4001455307006836
526.8000000000001,2.413753032684326
526.9,2.408924102783203
527.0,2.4161746501922607
527.1,2.4197587966918945
527.2,2.4144458770751953
527.3000000000001,2.4130635261535645
527.4,2.4100708961486816
527.5,2.4278223514556885
527.6,2.4215240478515625
527.7,2.415574312210083
527.8000000000001,2.4089057445526123
527.9,2.4126598834991455
528.0,2.422651767730713
528.1,2.415693759918213
528.2,2.4047346115112305
528.3000000000001,2.4282138347625732
528.4,2.4224801063537598
528.5,2.4148013591766357
528.6,2.4094555377960205
528.7,2.4191482067108154
528.8000000000001,2.421313762664795
528.9,2.4246439933776855
529.0,2.4216127395629883
529.1,2.4224820137023926
529.2,2.401712656021118
529.3000000000001,2.412785053253174
529.4,2.4074244499206543
529.5,2.42779278755188
529.6,2.4062564373016357
529.7,2.4208972454071045
529.8000000000001,2.416022539138794
529.9,2.4050159454345703
530.0,2.4254772663116455
530.1,2.415281057357788
530.2,2.4164793491363525
530.3000000000001,2.4171996116638184
530.4,2.4143662452697754
530.5,2.4168083667755127
530.6,2.4085962772369385
530.7,2.4183669090270996
530.8000000000001,2.412248373031616
530.9,2.413397789001465
531.0,2.4165267944335938
531.1,2.425929069519043
531.2,2.417022228240967
531.3000000000001,2.42171573638916
531.4,2.4320178031921387
531.5,2.4133310317993164
531.6,2.409418821334839
531.7,2.4285802841186523
531.8000000000001,2.4178030490875244
531.9,2.416104316711426
532.0,2.4081032276153564
532.1,2.4263410568237305
532.2,2.4128758907318115
532.3000000000001,2.4163246154785156
532.4,2.4310216903686523
532.5,2.422259569168091
532.6,2.416138172149658
532.7,2.408906936645508
532.8000000000001,2.4174702167510986
532.9,2.4059417247772217
533.0,2.4135782718658447
533.1,2.428738594055176
533.2,2.4169883728027344
533.3000000000001,2.4259326457977295
533.4,2.417595148086548
533.5,2.4183058738708496
533.6,2.428614616394043
533.7,2.4193007946014404
533.8000000000001,2.4098167419433594
533.9,2.406158685684204
534.0,2.4159090518951416
534.1,2.416006326675415
534.2,2.4294614791870117
534.3000000000001,2.4198925495147705
534.4,2.4151289463043213
534.5,2.42583966255188
534.6,2.4206416606903076
534.7,2.4231116771698
534.8000000000001,2.4179930686950684
534.9,2.4204659461975098
535.0,2.430415153503418
535.1,2.427988290786743
535.2,2.432687520980835
535.3000000000001,2.4183743000030518
535.4,2.4277396202087402
535.5,2.4228098392486572
535.6,2.420743465423584
535.7,2.4142980575561523
535.8000000000001,2.425520658493042
535.9,2.4213523864746094
536.0,2.4252665042877197
536.1,2.4303739070892334
536.2,2.423100233078003
536.3000000000001,2.418593645095825
536.4,2.416938304901123
536.5,2.428818941116333
536.6,2.432032585144043
536.7,2.4117860794067383
536.8000000000001,2.4291083812713623
536.9,2.416473150253296
537.0,2.423154592514038
537.1,2.41064190864563
537.2,2.433281421661377
537.3000000000001,2.4216690063476562
537.4,2.42368483543396
537.5,2.422386646270752
537.6,2.417065143585205
537.7,2.4069981575012207
537.8000000000001,2.4223737716674805
537.9,2.420213222503662
538.0,2.422462224960327
538.1,2.4252612590789795
538.2,2.4302940368652344
538.3000000000001,2.4176909923553467
538.4,2.424359083175659
538.5,2.4285902976989746
538.6,2.4150550365448
538.7,2.4359889030456543
538.8000000000001,2.4226579666137695
538.9,2.4167230129241943
539.0,2.424922466278076
539.1,2.4157440662384033
539.2,2.4191741943359375
539.3000000000001,2.4315524101257324
539.4,2.4174978733062744
539.5,2.436988592147827
539.6,2.422571897506714
539.7,2.4267420768737793
539.8000000000001,2.4265522956848145
539.9,2.421653985977173
540.0,2.416977882385254
540.1,2.431894063949585
540.2,2.426765203475952
540.3000000000001,2.4223594665527344
540.4,2.439000368118286
540.5,2.4323480129241943
540.6,2.421508550643921
540.7,2.4260284900665283
540.8000000000001,2.4091012477874756
540.9,2.4089603424072266
541.0,2.4295125007629395
541.1,2.4229586124420166
541.2,2.409166097640991
541.3000000000001,2.4193880558013916
541.4,2.4149293899536133
541.5,2.4140520095825195
541.6,2.424454927444458
541.7,2.4207987785339355
541.8000000000001,2.430833101272583
541.9,2.4342598915100098
542.0,2.426816463470459
542.1,2.4233405590057373
542.2,2.4336421489715576
542.3000000000001,2.4352731704711914
542.4,2.4354140758514404
542.5,2.423447608947754
542.6,2.4270589351654053
542.7,2.4242281913757324
542.8000000000001,2.4296278953552246
542.9,2.417820930480957
543.0,2.4259109497070312
543.1,2.4395697116851807
543.2,2.4258370399475098
543.3000000000001,2.4339897632598877
543.4,2.4400930404663086
543.5,2.4218270778656006
543.6,2.433351516723633
543.7,2.4139323234558105
543.8000000000001,2.423022747039795
543.9,2.4215948581695557
544.0,2.422595977783203
544.1,2.4295971393585205
544.2,2.4295177459716797
544.3000000000001,2.4328773021698
544.4,2.4334957599639893
544.5,2.4201226234436035
544.6,2.422287940979004
544.7,2.417616367340088
544.8000000000001,2.4336979389190674
544.9,2.4297475814819336
545.0,2.428161144256592
545.1,2.429340362548828
545.2,2.4169557094573975
545.3000000000001,2.4273605346679688
545.4,2.4250762462615967
545.5,2.4229516983032227
545.6,2.429755687713623
545.7,2.426744222640991
545.8000000000001,2.432054281234741
545.9,2.424967050552368
546.0,2.4362142086029053
546.1,2.4280707836151123
546.2,2.428750991821289
546.3000000000001,2.436929225921631
546.4,2.4242773056030273
546.5,2.431703805923462
546.6,2.4333183765411377
546.7,2.433950424194336
546.8000000000001,2.4228014945983887
546.9,2.4295389652252197
547.0,2.4310545921325684
547.1,2.4282498359680176
547.2,2.4383037090301514
547.3000000000001,2.4253087043762207
547.4,2.4282751083374023
547.5,2.4338650703430176
547.6,2.43815541267395
547.7,2.437504529953003
547.8000000000001,2.43660044670105
547.9000000000001,2.4446358680725098
548.0,2.429546594619751
548.1,2.4292075634002686
548.2,2.422442674636841
548.3000000000001,2.4298088550567627
548.4000000000001,2.41922664642334
548.5,2.4362807273864746
548.6,2.4368133544921875
548.7,2.4208197593688965
548.8000000000001,2.431318998336792
548.9000000000001,2.430067777633667
549.0,2.42842173576355
549.1,2.430612802505493
549.2,2.421311378479004
549.3000000000001,2.4442152976989746
549.4000000000001,2.43312931060791
549.5,2.4250447750091553
549.6,2.43052339553833
549.7,2.4260220527648926
549.8000000000001,2.4278554916381836
549.9000000000001,2.4327166080474854
550.0,2.431086778640747
550.1,2.4284372329711914
550.2,2.4403672218322754
550.3000000000001,2.4356484413146973
550.4000000000001,2.442796230316162
550.5,2.43078875541687
550.6,2.434307098388672
550.7,2.431605815887451
550.8000000000001,2.4346261024475098
550.9000000000001,2.441648006439209
551.0,2.431680917739868
551.1,2.413710355758667
551.2,2.4246139526367188
551.3000000000001,2.4249472618103027
551.4000000000001,2.4349639415740967
551.5,2.4294846057891846
551.6,2.423558473587036
551.7,2.4428935050964355
551.8000000000001,2.431199073791504
551.9000000000001,2.444629192352295
552.0,2.4405055046081543
552.1,2.431581735610962
552.2,2.4352147579193115
552.3000000000001,2.436861991882324
552.4000000000001,2.426907777786255
552.5,2.428596258163452
552.6,2.427288055419922
552.7,2.444606065750122
552.8000000000001,2.434089183807373
552.9000000000001,2.438748598098755
553.0,2.426602363586426
553.1,2.421374559402466
553.2,2.431434392929077
553.3000000000001,2.417184829711914
553.4000000000001,2.428436040878296
553.5,2.430884838104248
553.6,2.427435874938965
553.7,2.4320085048675537
553.8000000000001,2.432013750076294
553.9000000000001,2.4400200843811035
554.0,2.4393739700317383
554.1,2.4394304752349854
554.2,2.429374933242798
554.3000000000001,2.433070659637451
554.4000000000001,2.4399375915527344
554.5,2.442624807357788
554.6,2.4371321201324463
554.7,2.4396917819976807
554.8000000000001,2.4436941146850586
554.9000000000001,2.4337542057037354
555.0,2.4377167224884033
555.1,2.4302070140838623
555.2,2.421431541442871
555.3000000000001,2.4366743564605713
555.4000000000001,2.4269521236419678
555.5,2.4304871559143066
555.6,2.4413814544677734
555.7,2.4364535808563232
555.8000000000001,2.427422285079956
555.9000000000001,2.4389290809631348
556.0,2.432866334915161
556.1,2.435579299926758
556.2,2.4297828674316406
556.3000000000001,2.4368972778320312
556.4000000000001,2.428248643875122
556.5,2.4442005157470703
556.6,2.443662405014038
556.7,2.437138080596924
556.8000000000001,2.4400694370269775
556.9000000000001,2.4255943298339844
557.0,2.4348437786102295
557.1,2.4318981170654297
557.2,2.4256529808044434
557.3000000000001,2.4408857822418213
557.4000000000001,2.4392459392547607
557.5,2.4305081367492676
557.6,2.4395883083343506
557.7,2.435119867324829
557.8000000000001,2.4427731037139893
557.9000000000001,2.435594320297241
558.0,2.428741693496704
558.1,2.4321858882904053
558.2,2.440303087234497
558.3000000000001,2.448561906814575
558.4000000000001,2.436012029647827
558.5,2.43666410446167
558.6,2.4397382736206055
558.7,2.437379837036133
558.8000000000001,2.4401090145111084
558.9000000000001,2.4354143142700195
559.0,2.4397072792053223
559.1,2.436744213104248
559.2,2.4450926780700684
559.3000000000001,2.435851812362671
559.4000000000001,2.443889617919922
559.5,2.4443302154541016
559.6,2.435535430908203
559.7,2.4400217533111572
559.8000000000001,2.428006172180176
559.9000000000001,2.4357872009277344
560.0,2.4368832111358643
560.1,2.435988426208496
560.2,2.434882164001465
560.3000000000001,2.4466564655303955
560.4000000000001,2.442537546157837
560.5,2.4437599182128906
560.6,2.44486141204834
560.7,2.4288458824157715
560.8000000000001,2.4304797649383545
560.9000000000001,2.439511299133301
561.0,2.444375991821289
561.1,2.442953109741211
561.2,2.435457944869995
561.3000000000001,2.421947479248047
561.4000000000001,2.440034866333008
561.5,2.4468040466308594
561.6,2.435081958770752
561.7,2.4487452507019043
561.8000000000001,2.444828748703003
561.9000000000001,2.4371657371520996
562.0,2.4360241889953613
562.1,2.4308834075927734
562.2,2.43473482131958
562.3000000000001,2.4350380897521973
562.4000000000001,2.4435322284698486
562.5,2.433568000793457
562.6,2.4408018589019775
562.7,2.431023359298706
562.8000000000001,2.4331777095794678
562.9000000000001,2.430579900741577
563.0,2.4283456802368164
563.1,2.433744192123413
563.2,2.442962408065796
563.3000000000001,2.4394280910491943
563.4000000000001,2.4360594749450684
563.5,2.440251111984253
563.6,2.418353319168091
563.7,2.4387261867523193
563.8000000000001,2.444108009338379
563.9000000000001,2.433136224746704
564.0,2.432574510574341
564.1,2.440201997756958
564.2,2.4417173862457275
564.3000000000001,2.4502878189086914
564.4000000000001,2.4419355392456055
564.5,2.4295220375061035
564.6,2.431074380874634
564.7,2.4414167404174805
564.8000000000001,2.4335741996765137
564.9000000000001,2.444476366043091
565.0,2.437061309814453
565.1,2.4515480995178223
565.2,2.440185070037842
565.3000000000001,2.437701940536499
565.4000000000001,2.4386956691741943
565.5,2.4420628547668457
565.6,2.4443435668945312
565.7,2.4325520992279053
565.8000000000001,2.442772626876831
565.9000000000001,2.437852621078491
566.0,2.4504799842834473
566.1,2.452765941619873
566.2,2.4337520599365234
566.3000000000001,2.430004835128784
566.4000000000001,2.438795566558838
566.5,2.4505255222320557
566.6,2.4416096210479736
566.7,2.430285930633545
566.8000000000001,2.444955825805664
566.9000000000001,2.4318912029266357
567.0,2.4520368576049805
567.1,2.4465250968933105
567.2,2.4332127571105957
567.3000000000001,2.4464170932769775
567.4000000000001,2.428874969482422
567.5,2.4497580528259277
567.6,2.439815044403076
567.7,2.4388625621795654
567.8000000000001,2.4472413063049316
567.9000000000001,2.444523811340332
568.0,2.4542505741119385
568.1,2.441619634628296
568.2,2.4528682231903076
568.3000000000001,2.4233386516571045
568.4000000000001,2.4480741024017334
568.5,2.4376654624938965
568.6,2.4447906017303467
568.7,2.446397304534912
568.8000000000001,2.4455063343048096
568.9000000000001,2.444232940673828
569.0,2.4436330795288086
569.1,2.4403631687164307
569.2,2.4567980766296387
569.3000000000001,2.4506213665008545
569.4000000000001,2.4289631843566895
569.5,2.4307358264923096
569.6,2.429861068725586
569.7,2.4408509731292725
569.8000000000001,2.4391047954559326
569.9000000000001,2.4398725032806396
570.0,2.442624092102051
570.1,2.437821865081787
570.2,2.436923027038574
570.3000000000001,2.4348974227905273
570.4000000000001,2.445927619934082
570.5,2.440808057785034
570.6,2.4323394298553467
570.7,2.4518868923187256
570.8000000000001,2.4504153728485107
570.9000000000001,2.4305307865142822
571.0,2.437746047973633
571.1,2.4440464973449707
571.2,2.4459140300750732
571.3000000000001,2.42757248878479
571.4000000000001,2.4409449100494385
571.5,2.452281951904297
571.6,2.4495906829833984
571.7,2.44224214553833
571.8000000000001,2.4529311656951904
571.9000000000001,2.4359171390533447
572.0,2.4450085163116455
572.1,2.4376184940338135
572.2,2.4331841468811035
572.3000000000001,2.4293882846832275
572.4000000000001,2.4475107192993164
572.5,2.434652805328369
572.6,2.443687677383423
572.7,2.451005220413208
572.8000000000001,2.4308199882507324
572.9000000000001,2.4451990127563477
573.0,2.4496917724609375
573.1,2.441551923751831
573.2,2.4291374683380127
573.3000000000001,2.447755813598633
573.4000000000001,2.4321205615997314
573.5,2.4451634883880615
573.6,2.430729866027832
573.7,2.4413204193115234
573.8000000000001,2.4377689361572266
573.9000000000001,2.4382483959198
574.0,2.4580271244049072
574.1,2.443202495574951
574.2,2.4428281784057617
574.3000000000001,2.4347100257873535
574.4000000000001,2.447779417037964
574.5,2.4315152168273926
574.6,2.453145980834961
574.7,2.4491333961486816
574.8000000000001,2.4416677951812744
574.9000000000001,2.446230411529541
575.0,2.445328950881958
575.1,2.432050943374634
575.2,2.44571590423584
575.3000000000001,2.4461829662323
575.4000000000001,2.447871685028076
575.5,2.4392752647399902
575.6,2.4449121952056885
575.7,2.4518094062805176
575.8000000000001,2.4429290294647217
575.9000000000001,2.447653293609619
576.0,2.443394899368286
576.1,2.445075035095215
576.2,2.436101198196411
576.3000000000001,2.4487407207489014
576.4000000000001,2.4378671646118164
576.5,2.436601400375366
576.6,2.4383115768432617
576.7,2.446320056915283
576.8000000000001,2.445688247680664
576.9000000000001,2.4414420127868652
577.0,2.453327178955078
577.1,2.4519639015197754
577.2,2.455611228942871
577.3000000000001,2.451251268386841
577.4000000000001,2.444828510284424
577.5,2.4488258361816406
577.6,2.4438514709472656
577.7,2.420870780944824
577.8000000000001,2.450474500656128
577.9000000000001,2.4445157051086426
578.0,2.452390670776367
578.1,2.4525442123413086
578.2,2.4466347694396973
578.3000000000001,2.4452884197235107
578.4000000000001,2.443706512451172
578.5,2.4510583877563477
578.6,2.4500794410705566
578.7,2.446396589279175
578.8000000000001,2.4459228515625
578.9000000000001,2.444615602493286
579.0,2.4478330612182617
579.1,2.450357437133789
579.2,2.438298225402832
579.3000000000001,2.4378483295440674
579.4000000000001,2.448836088180542
579.5,2.4372193813323975
579.6,2.451744556427002
579.7,2.4623684883117676
579.8000000000001,2.4466145038604736
579.9000000000001,2.446061611175537
580.0,2.452702283859253
580.1,2.448303699493408
580.2,2.4479188919067383
580.3000000000001,2.4561898708343506
580.4000000000001,2.4453463554382324
580.5,2.4505035877227783
580.6,2.4579977989196777
580.7,2.450488328933716
580.8000000000001,2.447925090789795
580.9000000000001,2.4452714920043945
581.0,2.451763868331909
581.1,2.4336955547332764
581.2,2.4496169090270996
581.3000000000001,2.453322649002075
581.4000000000001,2.437804937362671
581.5,2.4438254833221436
581.6,2.455845355987549
581.7,2.4370193481445312
581.8000000000001,2.4491074085235596
581.9000000000001,2.4419870376586914
582.0,2.4500863552093506
582.1,2.4575088024139404
582.2,2.4500110149383545
582.3000000000001,2.4434707164764404
582.4000000000001,2.44620943069458
582.5,2.4457037448883057
582.6,2.462726354598999
582.7,2.4577369689941406
582.8000000000001,2.4502975940704346
582.9000000000001,2.4494664669036865
583.0,2.4489190578460693
583.1,2.4567759037017822
583.2,2.440577745437622
583.3000000000001,2.438058614730835
583.4000000000001,2.455561637878418
583.5,2.4482505321502686
583.6,2.455888271331787
583.7,2.456969976425171
583.8000000000001,2.4565799236297607
583.9000000000001,2.454133987426758
584.0,2.454977035522461
584.1,2.4496207237243652
584.2,2.4445250034332275
584.3000000000001,2.4471497535705566
584.4000000000001,2.4574198722839355
584.5,2.4407694339752197
584.6,2.451449394226074
584.7,2.450120210647583
584.8000000000001,2.44606876373291
584.9000000000001,2.4463589191436768
585.0,2.449737310409546
585.1,2.4498913288116455
585.2,2.4485065937042236
585.3000000000001,2.462296962738037
585.4000000000001,2.451209545135498
585.5,2.4600536823272705
585.6,2.443918228149414
585.7,2.448817729949951
585.8000000000001,2.4586455821990967
585.9000000000001,2.457052707672119
586.0,2.444129228591919
586.1,2.4332845211029053
586.2,2.446847677230835
586.3000000000001,2.438720226287842
586.4000000000001,2.4350156784057617
586.5,2.4433224201202393
586.6,2.447068691253662
586.7,2.4351398944854736
586.8000000000001,2.4447789192199707
586.9000000000001,2.443089246749878
587.0,2.454179286956787
587.1,2.4582974910736084
587.2,2.453953981399536
587.3000000000001,2.45954966545105
587.4000000000001,2.447736978530884
587.5,2.4554314613342285
587.6,2.463416337966919
587.7,2.4389519691467285
587.8000000000001,2.4469754695892334
587.9000000000001,2.444922924041748
588.0,2.453901767730713
588.1,2.4489939212799072
588.2,2.4413490295410156
588.3000000000001,2.4524152278900146
588.4000000000001,2.436478853225708
588.5,2.4556939601898193
588.6,2.430640935897827
588.7,2.443263530731201
588.8000000000001,2.455009698867798
588.9000000000001,2.4579930305480957
589.0,2.451785087585449
589.1,2.4397308826446533
589.2,2.4380884170532227
589.3000000000001,2.4509201049804688
589.4000000000001,2.4605119228363037
589.5,2.43839168548584
589.6,2.4450552463531494
589.7,2.455751657485962
589.8000000000001,2.4395785331726074
589.9000000000001,2.454047203063965
590.0,2.446864128112793
590.1,2.448072671890259
590.2,2.43210506439209
590.3000000000001,2.4510507583618164
590.4000000000001,2.4442801475524902
590.5,2.4528346061706543
590.6,2.448016881942749
590.7,2.4500157833099365
590.8000000000001,2.4477829933166504
590.9000000000001,2.445061683654785
591.0,2.437264919281006
591.1,2.4423773288726807
591.2,2.4559788703918457
591.3000000000001,2.455000638961792
591.4000000000001,2.4521474838256836
591.5,2.450258493423462
591.6,2.454970121383667
591.7,2.4518439769744873
591.8000000000001,2.449587106704712
591.9000000000001,2.4365344047546387
592.0,2.4429166316986084
592.1,2.4565205574035645
592.2,2.454869031906128
592.3000000000001,2.447093963623047
592.4000000000001,2.4476065635681152
592.5,2.450155258178711
592.6,2.4435460567474365
592.7,2.451735019683838
592.8000000000001,2.4513494968414307
592.9000000000001,2.459475517272949
593.0,2.4466209411621094
593.1,2.44809627532959
593.2,2.4586238861083984
593.3000000000001,2.456066846847534
593.4000000000001,2.440911293029785
593.5,2.4503159523010254
593.6,2.4347336292266846
593.7,2.457852840423584
593.8000000000001,2.458930730819702
593.9000000000001,2.436793327331543
594.0,2.4577882289886475
594.1,2.4455230236053467
594.2,2.448127508163452
594.3000000000001,2.446146011352539
594.4000000000001,2.450312614440918
594.5,2.4522275924682617
594.6,2.4557859897613525
594.7,2.447035789489746
594.8000000000001,2.4420101642608643
594.9000000000001,2.4442431926727295
595.0,2.454132080078125
595.1,2.442392587661743
595.2,2.454932689666748
595.3000000000001,2.453087329864502
595.4000000000001,2.4524011611938477
595.5,2.448996067047119
595.6,2.447904348373413
595.7,2.4448838233947754
595.8000000000001,2.458059787750244
595.9000000000001,2.4454572200775146
596.0,2.451401710510254
596.1,2.434671640396118
596.2,2.458040714263916
596.3000000000001,2.4458131790161133
596.4000000000001,2.4439306259155273
596.5,2.4448401927948
596.6,2.4617745876312256
596.7,2.452054738998413
596.8000000000001,2.447829246520996
596.9000000000001,2.4490232467651367
597.0,2.442416191101074
597.1,2.4493796825408936
597.2,2.445181131362915
597.3000000000001,2.445448875427246
597.4000000000001,2.4471166133880615
597.5,2.449958562850952
597.6,2.4570083618164062
597.7,2.4494235515594482
597.8000000000001,2.4611101150512695
597.9000000000001,2.4503018856048584
598.0,2.4547433853149414
598.1,2.443476915359497
598.2,2.4618947505950928
598.3000000000001,2.448507785797119
598.4000000000001,2.4558804035186768
598.5,2.454202651977539
598.6,2.4525840282440186
598.7,2.455709457397461
598.8000000000001,2.44560170173645
598.9000000000001,2.4596850872039795
599.0,2.458529233932495
599.1,2.4487717151641846
599.2,2.4514827728271484
599.3000000000001,2.4440112113952637
599.4000000000001,2.4460511207580566
599.5,2.449523687362671
599.6,2.453066349029541
599.7,2.4578139781951904
599.8000000000001,2.449014902114868
599.9000000000001,2.4470410346984863
600.0,2.4395787715911865
600.1,2.4618773460388184
600.2,2.456930637359619
600.3000000000001,2.455551862716675
600.4000000000001,2.4464964866638184
600.5,2.4549503326416016
600.6,2.45005464553833
600.7,2.457387685775757
600.8000000000001,2.450364589691162
600.9000000000001,2.4677419662475586
601.0,2.4467835426330566
601.1,2.449549436569214
601.2,2.4535768032073975
601.3000000000001,2.44992733001709
601.4000000000001,2.454922914505005
601.5,2.4455463886260986
601.6,2.451991558074951
601.7,2.4372975826263428
601.8000000000001,2.440521001815796
601.9000000000001,2.465526819229126
602.0,2.4515907764434814
602.1,2.4475042819976807
602.2,2.450613260269165
602.3000000000001,2.4511919021606445
602.4000000000001,2.4610111713409424
602.5,2.4434621334075928
602.6,2.4581704139709473
602.7,2.4394450187683105
602.8000000000001,2.451555013656616
602.9000000000001,2.4403223991394043
603.0,2.446894407272339
603.1,2.4725890159606934
603.2,2.450995445251465
603.3000000000001,2.461817502975464
603.4000000000001,2.4633708000183105
603.5,2.447547674179077
603.6,2.4502789974212646
603.7,2.4411160945892334
603.8000000000001,2.4577724933624268
603.9000000000001,2.4554502964019775
604.0,2.4451096057891846
604.1,2.447704315185547
604.2,2.4462838172912598
604.3000000000001,2.441560745239258
604.4000000000001,2.4474284648895264
604.5,2.4524881839752197
604.6,2.4506571292877197
604.7,2.4455819129943848
604.8000000000001,2.4568142890930176
604.9000000000001,2.4516983032226562
605.0,2.4470906257629395
605.1,2.4463186264038086
605.2,2.449954032897949
605.3000000000001,2.4537928104400635
605.4000000000001,2.4496572017669678
605.5,2.4571900367736816
605.6,2.4540109634399414
605.7,2.462230682373047
605.8000000000001,2.455322265625
605.9000000000001,2.4556877613067627
606.0,2.4536516666412354
606.1,2.464301109313965
606.2,2.4351038932800293
606.3000000000001,2.448667526245117
606.4000000000001,2.4499635696411133
606.5,2.452181339263916
606.6,2.4484925270080566
606.7,2.4368512630462646
606.8000000000001,2.4589755535125732
606.9000000000001,2.460824728012085
607.0,2.4478278160095215
607.1,2.456061840057373
607.2,2.451784610748291
607.3000000000001,2.4507791996002197
607.4000000000001,2.451418399810791
607.5,2.443751573562622
607.6,2.446352958679199
607.7,2.44903302192688
607.8000000000001,2.450563907623291
607.9000000000001,2.4470794200897217
608.0,2.4384360313415527
608.1,2.4379420280456543
608.2,2.446608543395996
608.3000000000001,2.457418918609619
608.4000000000001,2.4520680904388428
608.5,2.450564384460449
608.6,2.4419922828674316
608.7,2.451421022415161
608.8000000000001,2.4457242488861084
608.9000000000001,2.458167552947998
609.0,2.433926820755005
609.1,2.448906660079956
609.2,2.442587375640869
609.3000000000001,2.4480998516082764
609.4000000000001,2.440150499343872
609.5,2.444716453552246
609.6,2.4548823833465576
609.7,2.450986623764038
609.8000000000001,2.4449665546417236
609.9000000000001,2.449329376220703
610.0,2.44856595993042
610.1,2.4481208324432373
610.2,2.463407039642334
610.3000000000001,2.459455728530884
610.4000000000001,2.4429378509521484
610.5,2.4457874298095703
610.6,2.4571495056152344
610.7,2.4540164470672607
610.8000000000001,2.464125156402588
610.9000000000001,2.4542458057403564
611.0,2.447047233581543
611.1,2.4709830284118652
611.2,2.4500629901885986
611.3000000000001,2.4437806606292725
611.4000000000001,2.465308904647827
611.5,2.456568479537964
611.6,2.436575412750244
611.7,2.4584953784942627
611.8000000000001,2.4449844360351562
611.9000000000001,2.461427927017212
612.0,2.4615859985351562
612.1,2.448739528656006
612.2,2.443617582321167
612.3000000000001,2.4561333656311035
612.4000000000001,2.454643487930298
612.5,2.4503049850463867
612.6,2.454218626022339
612.7,2.435741901397705
612.8000000000001,2.4638631343841553
612.9000000000001,2.4449119567871094
613.0,2.459703207015991
613.1,2.460906982421875
613.2,2.4637033939361572
613.3000000000001,2.454075574874878
613.4000000000001,2.4618756771087646
613.5,2.4555652141571045
613.6,2.4566140174865723
613.7,2.4544517993927
613.8000000000001,2.4595320224761963
613.9000000000001,2.4452319145202637
614.0,2.459699869155884
614.1,2.4411187171936035
614.2,2.455838918685913
614.3000000000001,2.443018913269043
614.4000000000001,2.440218448638916
614.5,2.4559097290039062
614.6,2.449141502380371
614.7,2.4548676013946533
614.8000000000001,2.462141275405884
614.9000000000001,2.452897787094116
615.0,2.463575839996338
615.1,2.447925329208374
615.2,2.4492781162261963
615.3000000000001,2.453616142272949
615.4000000000001,2.4584484100341797
615.5,2.450578212738037
615.6,2.450296640396118
615.7,2.4448318481445312
615.8000000000001,2.448587656021118
615.9000000000001,2.4514777660369873
616.0,2.4514286518096924
616.1,2.4527525901794434
616.2,2.4573047161102295
616.3000000000001,2.455167055130005
616.4000000000001,2.4507977962493896
616.5,2.4495108127593994
616.6,2.4616148471832275
616.7,2.447152614593506
616.8000000000001,2.454601764678955
616.9000000000001,2.451681137084961
617.0,2.4485085010528564
617.1,2.4557180404663086
617.2,2.4613876342773438
617.3000000000001,2.4452195167541504
617.4000000000001,2.4558169841766357
617.5,2.4482436180114746
617.6,2.4487829208374023
617.7,2.4545695781707764
617.8000000000001,2.4554381370544434
617.9000000000001,2.453169345855713
618.0,2.4603893756866455
618.1,2.4553580284118652
618.2,2.464785099029541
618.3000000000001,2.4570586681365967
618.4000000000001,2.447518825531006
618.5,2.4455840587615967
618.6,2.4593710899353027
618.7,2.4462406635284424
618.8000000000001,2.468928575515747
618.9000000000001,2.4514007568359375
619.0,2.437425374984741
619.1,2.453300952911377
619.2,2.443387985229492
619.3000000000001,2.453458547592163
619.4000000000001,2.451112747192383
619.5,2.4479761123657227
619.6,2.4577863216400146
619.7,2.457876205444336
619.8000000000001,2.4525046348571777
619.9000000000001,2.45587158203125
620.0,2.4419593811035156
620.1,2.4551336765289307
620.2,2.4449546337127686
620.3000000000001,2.4399116039276123
620.4000000000001,2.4493682384490967
620.5,2.4355766773223877
620.6,2.4453983306884766
620.7,2.4491729736328125
620.8000000000001,2.4335944652557373
620.9000000000001,2.448509693145752
621.0,2.459556818008423
621.1,2.442744016647339
621.2,2.440230369567871
621.3000000000001,2.4568417072296143
621.4000000000001,2.448880672454834
621.5,2.443431854248047
621.6,2.4459269046783447
621.7,2.45109486579895
621.8000000000001,2.4480276107788086
621.9000000000001,2.459347724914551
622.0,2.459303855895996
622.1,2.428591728210449
622.2,2.4568138122558594
622.3000000000001,2.4608545303344727
622.4000000000001,2.4550206661224365
622.5,2.4485785961151123
622.6,2.447744131088257
622.7,2.4628183841705322
622.8000000000001,2.4534518718719482
622.9000000000001,2.4535670280456543
623.0,2.4611032009124756
623.1,2.4477121829986572
623.2,2.4491617679595947
623.3000000000001,2.4487478733062744
623.4000000000001,2.4570980072021484
623.5,2.4642605781555176
623.6,2.4462475776672363
623.7,2.457179307937622
623.8000000000001,2.4379425048828125
623.9000000000001,2.436826467514038
624.0,2.4449408054351807
624.1,2.4467475414276123
624.2,2.452141523361206
624.3000000000001,2.4570388793945312
624.4000000000001,2.444035768508911
624.5,2.4588968753814697
624.6,2.4371376037597656
624.7,2.4495482444763184
624.8000000000001,2.4574267864227295
624.9000000000001,2.454883098602295
625.0,2.448956251144409
625.1,2.4560601711273193
625.2,2.4465537071228027
625.3000000000001,2.4590139389038086
625.4000000000001,2.452122211456299
625.5,2.4585587978363037
625.6,2.441401481628418
625.7,2.4569056034088135
625.8000000000001,2.4371230602264404
625.9000000000001,2.4471983909606934
626.0,2.449514865875244
626.1,2.454028367996216
626.2,2.452754259109497
626.3000000000001,2.456132650375366
626.4000000000001,2.4460415840148926
626.5,2.454710006713867
626.6,2.453004837036133
626.7,2.4397459030151367
626.8000000000001,2.451939344406128
626.9000000000001,2.4483344554901123
627.0,2.456922769546509
627.1,2.4536983966827393
627.2,2.440315008163452
627.3000000000001,2.452855110168457
627.4000000000001,2.459000825881958
627.5,2.44877552986145
627.6,2.451085329055786
627.7,2.4443209171295166
627.8000000000001,2.4577317237854004
627.9000000000001,2.4547693729400635
628.0,2.4487805366516113
628.1,2.458831787109375
628.2,2.45559024810791
628.3000000000001,2.4432754516601562
628.4000000000001,2.4581165313720703
628.5,2.4477946758270264
628.6,2.4385221004486084
628.7,2.4534637928009033
628.8000000000001,2.448194742202759
628.9000000000001,2.4491825103759766
629.0,2.4440438747406006
629.1,2.4435760974884033
629.2,2.4517433643341064
629.3000000000001,2.4531986713409424
629.4000000000001,2.4559316635131836
629.5,2.4468226432800293
629.6,2.4398605823516846
629.7,2.455577850341797
629.8000000000001,2.4469821453094482
629.9000000000001,2.456949234008789
630.0,2.4520065784454346
630.1,2.448850154876709
630.2,2.442124605178833
630.3000000000001,2.443726062774658
630.4000000000001,2.437213897705078
630.5,2.4569931030273438
630.6,2.4551053047180176
630.7,2.4500339031219482
630.8000000000001,2.4480772018432617
630.9000000000001,2.44950008392334
631.0,2.4465067386627197
631.1,2.4521114826202393
631.2,2.457073450088501
631.3000000000001,2.454664707183838
631.4000000000001,2.4575881958007812
631.5,2.457528829574585
631.6,2.4413716793060303
631.7,2.443399429321289
631.8000000000001,2.4507839679718018
631.9000000000001,2.457270622253418
632.0,2.45943284034729
632.1,2.4433069229125977
632.2,2.449862003326416
632.3000000000001,2.447420358657837
632.4000000000001,2.441389560699463
632.5,2.455291986465454
632.6,2.4498908519744873
632.7,2.4402756690979004
632.8000000000001,2.445328950881958
632.9000000000001,2.4435296058654785
633.0,2.4453086853027344
633.1,2.449855327606201
633.2,2.4340529441833496
633.3000000000001,2.4556424617767334
633.4000000000001,2.4442203044891357
633.5,2.445241689682007
633.6,2.4531729221343994
633.7,2.4503376483917236
633.8000000000001,2.439938545227051
633.9000000000001,2.4495105743408203
634.0,2.4421331882476807
634.1,2.4554266929626465
634.2,2.443815231323242
634.3000000000001,2.4456520080566406
634.4000000000001,2.438110589981079
634.5,2.445482015609741
634.6,2.448310613632202
634.7,2.4400634765625
634.8000000000001,2.4614622592926025
634.9000000000001,2.452376365661621
635.0,2.455582857131958
635.1,2.458253860473633
635.2,2.4475135803222656
635.3000000000001,2.4476418495178223
635.4000000000001,2.440880537033081
635.5,2.4538614749908447
635.6,2.4479901790618896
635.7,2.446930170059204
635.8000000000001,2.4580607414245605
635.9000000000001,2.4537198543548584
636.0,2.447000741958618
636.1,2.4646031856536865
636.2,2.4506115913391113
636.3000000000001,2.439173936843872
636.4000000000001,2.4532947540283203
636.5,2.4546287059783936
636.6,2.452502727508545
636.7,2.4563968181610107
636.8000000000001,2.448681354522705
636.9000000000001,2.4520695209503174
637.0,2.4533443450927734
637.1,2.4482533931732178
637.2,2.456753969192505
637.3000000000001,2.4493649005889893
637.4000000000001,2.4518933296203613
637.5,2.4515562057495117
637.6,2.436704397201538
637.7,2.4497952461242676
637.8000000000001,2.4465391635894775
637.9000000000001,2.439725637435913
638.0,2.442572832107544
638.1,2.4432177543640137
638.2,2.4496965408325195
638.3000000000001,2.429637908935547
638.4000000000001,2.457899332046509
638.5,2.4478254318237305
638.6,2.452103614807129
638.7,2.4511399269104004
638.8000000000001,2.4340012073516846
638.9000000000001,2.4462924003601074
639.0,2.465329170227051
639.1,2.4485597610473633
639.2,2.454969882965088
639.3000000000001,2.451601982116699
639.4000000000001,2.439512014389038
639.5,2.4475393295288086
639.6,2.4499785900115967
639.7,2.4496216773986816
639.8000000000001,2.4542739391326904
639.9000000000001,2.449488878250122
640.0,2.44905161857605
640.1,2.4364020824432373
640.2,2.4477925300598145
640.3000000000001,2.446340560913086
640.4000000000001,2.452378034591675
640.5,2.4407637119293213
640.6,2.454153537750244
640.7,2.4397811889648438
640.8000000000001,2.4611027240753174
640.9000000000001,2.4506072998046875
641.0,2.453644275665283
641.1,2.4313418865203857
641.2,2.45361590385437
641.3000000000001,2.4607574939727783
641.4000000000001,2.4495694637298584
641.5,2.4436802864074707
641.6,2.436974287033081
641.7,2.449256420135498
641.8000000000001,2.4403231143951416
641.9000000000001,2.447031021118164
642.0,2.453294277191162
642.1,2.443039894104004
642.2,2.4508650302886963
642.3000000000001,2.459537982940674
642.4000000000001,2.4329211711883545
642.5,2.4418389797210693
642.6,2.4485771656036377
642.7,2.4477927684783936
642.8000000000001,2.4358222484588623
642.9000000000001,2.4461662769317627
643.0,2.4602954387664795
643.1,2.4477498531341553
643.2,2.447068929672241
643.3000000000001,2.434401035308838
643.4000000000001,2.4480574131011963
643.5,2.4496517181396484
643.6,2.4487264156341553
643.7,2.4452309608459473
643.8000000000001,2.443513870239258
643.9000000000001,2.440817356109619
644.0,2.4528725147247314
644.1,2.4494354724884033
644.2,2.4435126781463623
644.3000000000001,2.452178955078125
644.4000000000001,2.4585540294647217
644.5,2.444457530975342
644.6,2.4528424739837646
644.7,2.445054531097412
644.8000000000001,2.4490575790405273
644.9000000000001,2.4475274085998535
645.0,2.452054500579834
645.1,2.451432704925537
645.2,2.4392709732055664
645.3000000000001,2.447537422180176
645.4000000000001,2.455035448074341
645.5,2.4468460083007812
645.6,2.441769599914551
645.7,2.4498510360717773
645.8000000000001,2.441514253616333
645.9000000000001,2.4471967220306396
646.0,2.4533393383026123
646.1,2.4484975337982178
646.2,2.449845314025879
646.3000000000001,2.4402875900268555
646.4000000000001,2.453496217727661
646.5,2.4525651931762695
646.6,2.45699405670166
646.7,2.450089931488037
646.8000000000001,2.4379873275756836
646.9000000000001,2.442033052444458
647.0,2.452719211578369
647.1,2.437734365463257
647.2,2.4426534175872803
647.3000000000001,2.4335148334503174
647.4000000000001,2.4550535678863525
647.5,2.446343183517456
647.6,2.4428133964538574
647.7,2.4474925994873047
647.8000000000001,2.4522297382354736
647.9000000000001,2.4509685039520264
648.0,2.4279253482818604
648.1,2.4373350143432617
648.2,2.4536325931549072
648.3000000000001,2.449864149093628
648.4000000000001,2.4254872798919678
648.5,2.449568271636963
648.6,2.446636438369751
648.7,2.441688299179077
648.8000000000001,2.456638813018799
648.9000000000001,2.4453494548797607
649.0,2.4439337253570557
649.1,2.4464566707611084
649.2,2.4373562335968018
649.3000000000001,2.4586682319641113
649.4000000000001,2.45357346534729
649.5,2.4400413036346436
649.6,2.451341390609741
649.7,2.4386279582977295
649.8000000000001,2.4409191608428955
649.9000000000001,2.4401588439941406
650.0,2.4357972145080566
650.1,2.4394428730010986
650.2,2.41991925239563
650.3000000000001,2.439624071121216
650.4000000000001,2.452908515930176
650.5,2.44576358795166
650.6,2.434147357940674
650.7,2.444469928741455
650.8000000000001,2.4438328742980957
650.9000000000001,2.4465973377227783
651.0,2.449805736541748
651.1,2.442174196243286
651.2,2.45011830329895
651.3000000000001,2.4475338459014893
651.4000000000001,2.442892074584961
651.5,2.4412715435028076
651.6,2.4356870651245117
651.7,2.441434860229492
651.8000000000001,2.4365882873535156
651.9000000000001,2.4535794258117676
652.0,2.442344903945923
652.1,2.4297518730163574
652.2,2.4466488361358643
652.3000000000001,2.425053834915161
652.4000000000001,2.4395925998687744
652.5,2.442986011505127
652.6,2.440453290939331
652.7,2.4379632472991943
652.8000000000001,2.4377658367156982
652.9000000000001,2.4466311931610107
653.0,2.453653573989868
653.1,2.440781831741333
653.2,2.444021224975586
653.3000000000001,2.4379303455352783
653.4000000000001,2.441375255584717
653.5,2.439436912536621
653.6,2.4392006397247314
653.7,2.4166526794433594
653.8000000000001,2.4506514072418213
653.9000000000001,2.4484214782714844
654.0,2.4341237545013428
654.1,2.4269158840179443
654.2,2.4511799812316895
654.3000000000001,2.4444220066070557
654.4000000000001,2.436403512954712
654.5,2.4348652362823486
654.6,2.4486420154571533
654.7,2.446462392807007
654.8000000000001,2.4399218559265137
654.9000000000001,2.446348190307617
655.0,2.4389376640319824
655.1,2.447265148162842
655.2,2.415337324142456
655.3000000000001,2.4332964420318604
655.4000000000001,2.435715913772583
655.5,2.439923048019409
655.6,2.4375109672546387
655.7,2.441810369491577
655.8000000000001,2.4360241889953613
655.9000000000001,2.447186231613159
656.0,2.4117631912231445
656.1,2.442007064819336
656.2,2.429002285003662
656.3000000000001,2.43876314163208
656.4000000000001,2.454841136932373
656.5,2.4527416229248047
656.6,2.42729115486145
656.7,2.437192440032959
656.8000000000001,2.4525463581085205
656.9000000000001,2.44575834274292
657.0,2.440260171890259
657.1,2.436886787414551
657.2,2.4455487728118896
657.3000000000001,2.436816930770874
657.4000000000001,2.4474709033966064
657.5,2.445204496383667
657.6,2.4308583736419678
657.7,2.4403953552246094
657.8000000000001,2.445390224456787
657.9000000000001,2.430824041366577
658.0,2.4354798793792725
658.1,2.4424314498901367
658.2,2.444225788116455
658.3000000000001,2.4406931400299072
658.4000000000001,2.446465015411377
658.5,2.4386708736419678
658.6,2.4266767501831055
658.7,2.4406986236572266
658.8000000000001,2.4420461654663086
658.9000000000001,2.446197271347046
659.0,2.4533960819244385
659.1,2.4399831295013428
659.2,2.4392521381378174
659.3000000000001,2.4310381412506104
659.4000000000001,2.431999444961548
659.5,2.439746379852295
659.6,2.4441978931427
659.7,2.444408893585205
659.8000000000001,2.436525583267212
659.9000000000001,2.4382002353668213
660.0,2.4552199840545654
660.1,2.4550676345825195
660.2,2.4259207248687744
660.3000000000001,2.426787853240967
660.4000000000001,2.45168399810791
660.5,2.429079532623291
660.6,2.447169065475464
660.7,2.4361937046051025
660.8000000000001,2.4401049613952637
660.9000000000001,2.4244189262390137
661.0,2.4366605281829834
661.1,2.436192750930786
661.2,2.445831298828125
661.3000000000001,2.430910348892212
661.4000000000001,2.443298101425171
661.5,2.4357969760894775
661.6,2.4353690147399902
661.7,2.446510076522827
661.8000000000001,2.41471529006958
661.9000000000001,2.4491422176361084
662.0,2.4317119121551514
662.1,2.4395577907562256
662.2,2.430523157119751
662.3000000000001,2.4441146850585938
662.4000000000001,2.423597812652588
662.5,2.450605630874634
662.6,2.4437646865844727
662.7,2.424433469772339
662.8000000000001,2.444441795349121
662.9000000000001,2.445986032485962
663.0,2.4428374767303467
663.1,2.4422214031219482
663.2,2.4339609146118164
663.3000000000001,2.4267046451568604
663.4000000000001,2.4300317764282227
663.5,2.427673578262329
663.6,2.451855421066284
663.7,2.438101291656494
663.8000000000001,2.434684991836548
663.9000000000001,2.446394205093384
664.0,2.4464950561523438
664.1,2.436211585998535
664.2,2.436190128326416
664.3000000000001,2.424473762512207
664.4000000000001,2.4288134574890137
664.5,2.44227933883667
664.6,2.452707529067993
664.7,2.4398279190063477
664.8000000000001,2.4469404220581055
664.9000000000001,2.4495532512664795
665.0,2.4263267517089844
665.1,2.4385669231414795
665.2,2.437835931777954
665.3000000000001,2.432030439376831
665.4000000000001,2.4281859397888184
665.5,2.4328184127807617
665.6,2.4321794509887695
665.7,2.4300620555877686
665.8000000000001,2.423658847808838
665.9000000000001,2.4488587379455566
666.0,2.435478448867798
666.1,2.4370837211608887
666.2,2.4372613430023193
666.3000000000001,2.430558919906616
666.4000000000001,2.42295241355896
666.5,2.431123971939087
666.6,2.4276974201202393
666.7,2.447871208190918
666.8000000000001,2.4428584575653076
666.9000000000001,2.4329984188079834
667.0,2.433029890060425
667.1,2.428981065750122
667.2,2.4272918701171875
667.3000000000001,2.4437971115112305
667.4000000000001,2.4254727363586426
667.5,2.42632794380188
667.6,2.4365508556365967
667.7,2.416550397872925
667.8000000000001,2.4436795711517334
667.9000000000001,2.427241563796997
668.0,2.4314868450164795
668.1,2.433499574661255
668.2,2.436450242996216
668.3000000000001,2.4416329860687256
668.4000000000001,2.441967248916626
668.5,2.4334633350372314
668.6,2.4137625694274902
668.7,2.4193315505981445
668.8000000000001,2.428359031677246
668.9000000000001,2.4249932765960693
669.0,2.4271929264068604
669.1,2.4447970390319824
669.2,2.441225528717041
669.3000000000001,2.434227705001831
669.4000000000001,2.4253149032592773
669.5,2.441732168197632
669.6,2.438535690307617
669.7,2.420362949371338
669.8000000000001,2.4244627952575684
669.9000000000001,2.4232797622680664
670.0,2.4233479499816895
670.1,2.4221889972686768
670.2,2.427274227142334
670.3000000000001,2.427551746368408
670.4000000000001,2.4343817234039307
670.5,2.438521385192871
670.6,2.4023149013519287
670.7,2.432856559753418
670.8000000000001,2.4152212142944336
670.9000000000001,2.4305131435394287
671.0,2.409858226776123
671.1,2.4371488094329834
671.2,2.440103530883789
671.3000000000001,2.4461026191711426
671.4000000000001,2.439082384109497
671.5,2.430647134780884
671.6,2.422290325164795
671.7,2.423797369003296
671.8000000000001,2.4285728931427
671.9000000000001,2.4190635681152344
672.0,2.4285147190093994
672.1,2.4431145191192627
672.2,2.434373617172241
672.3000000000001,2.421497344970703
672.4000000000001,2.4413938522338867
672.5,2.439990282058716
672.6,2.4353244304656982
672.7,2.4367003440856934
672.8000000000001,2.4322803020477295
672.9000000000001,2.4197821617126465
673.0,2.431194305419922
673.1,2.433854818344116
673.2,2.4257614612579346
673.3000000000001,2.4295461177825928
673.4000000000001,2.4207773208618164
673.5,2.4173038005828857
673.6,2.439451217651367
673.7,2.435842752456665
673.8000000000001,2.428612470626831
673.9000000000001,2.4363059997558594
674.0,2.430405378341675
674.1,2.4239110946655273
674.2,2.4360158443450928
674.3000000000001,2.441767454147339
674.4000000000001,2.4268288612365723
674.5,2.421532392501831
674.6,2.4362285137176514
674.7,2.429774045944214
674.8000000000001,2.436124801635742
674.9000000000001,2.436784267425537
675.0,2.435633659362793
675.1,2.4150993824005127
675.2,2.434791088104248
675.3000000000001,2.4230458736419678
675.4000000000001,2.4289355278015137
675.5,2.41850209236145
675.6,2.4234158992767334
675.7,2.4235994815826416
675.8000000000001,2.421663761138916
675.9000000000001,2.433810234069824
676.0,2.431032180786133
676.1,2.4256298542022705
676.2,2.4096953868865967
676.3000000000001,2.4330520629882812
676.4000000000001,2.437474250793457
676.5,2.4307265281677246
676.6,2.4238901138305664
676.7,2.4354066848754883
676.8000000000001,2.411127805709839
676.9000000000001,2.4132025241851807
677.0,2.4208409786224365
677.1,2.4343717098236084
677.2,2.4268832206726074
677.3000000000001,2.4178357124328613
677.4000000000001,2.429797410964966
677.5,2.434595823287964
677.6,2.421682357788086
677.7,2.4309239387512207
677.8000000000001,2.4222970008850098
677.9000000000001,2.4302737712860107
678.0,2.4187591075897217
678.1,2.4280967712402344
678.2,2.423292398452759
678.3000000000001,2.416231870651245
678.4000000000001,2.4093735218048096
678.5,2.425830364227295
678.6,2.4223222732543945
678.7,2.4244771003723145
678.8000000000001,2.411797046661377
678.9000000000001,2.4096999168395996
679.0,2.4193716049194336
679.1,2.4389021396636963
679.2,2.4267325401306152
679.3000000000001,2.4195194244384766
679.4000000000001,2.433992862701416
679.5,2.4225845336914062
679.6,2.422990083694458
679.7,2.416017532348633
679.8000000000001,2.4263713359832764
679.9000000000001,2.423384189605713
680.0,2.4309868812561035
680.1,2.4240071773529053
680.2,2.4220244884490967
680.3000000000001,2.4240589141845703
680.4000000000001,2.4254848957061768
680.5,2.4224753379821777
680.6,2.425908327102661
680.7,2.409285068511963
680.8000000000001,2.4276580810546875
680.9000000000001,2.4300858974456787
681.0,2.4319839477539062
681.1,2.4192917346954346
681.2,2.430420398712158
681.3000000000001,2.4336235523223877
681.4000000000001,2.4365603923797607
681.5,2.425152540206909
681.6,2.4269297122955322
681.7,2.4247076511383057
681.8000000000001,2.4126040935516357
681.9000000000001,2.4291555881500244
682.0,2.426970958709717
682.1,2.4203789234161377
682.2,2.424297571182251
682.3000000000001,2.4099743366241455
682.4000000000001,2.4204771518707275
682.5,2.424088478088379
682.6,2.425750732421875
682.7,2.4258525371551514
682.8000000000001,2.424692392349243
682.9000000000001,2.4256882667541504
683.0,2.4229679107666016
683.1,2.4297449588775635
683.2,2.4153175354003906
683.3000000000001,2.428692102432251
683.4000000000001,2.423285722732544
683.5,2.4199256896972656
683.6,2.4121434688568115
683.7,2.4271132946014404
683.8000000000001,2.4246132373809814
683.9000000000001,2.408501625061035
684.0,2.424020290374756
684.1,2.4141504764556885
684.2,2.42509388923645
684.3000000000001,2.4281351566314697
684.4000000000001,2.4134681224823
684.5,2.4184818267822266
684.6,2.4096710681915283
684.7,2.418543577194214
684.8000000000001,2.422976493835449
684.9000000000001,2.4160521030426025
685.0,2.41264271736145
685.1,2.42299747467041
685.2,2.4294159412384033
685.3000000000001,2.4351906776428223
685.4000000000001,2.417123556137085
685.5,2.418250560760498
685.6,2.4155828952789307
685.7,2.4295778274536133
685.8000000000001,2.426229238510132
685.9000000000001,2.423752784729004
686.0,2.4180691242218018
686.1,2.4230728149414062
686.2,2.424257755279541
686.3000000000001,2.419267177581787
686.4000000000001,2.4243991374969482
686.5,2.4113643169403076
686.6,2.420405387878418
686.7,2.4202258586883545
686.8000000000001,2.422506332397461
686.9000000000001,2.4200079441070557
687.0,2.428032398223877
687.1,2.416887044906616
687.2,2.418694496154785
687.3000000000001,2.421731948852539
687.4000000000001,2.4200644493103027
687.5,2.411820411682129
687.6,2.409620523452759
687.7,2.421119451522827
687.8000000000001,2.41843581199646
687.9000000000001,2.418510675430298
688.0,2.4173028469085693
688.1,2.4125285148620605
688.2,2.410085678100586
688.3000000000001,2.4071006774902344
688.4000000000001,2.4030752182006836
688.5,2.4192047119140625
688.6,2.4275190830230713
688.7,2.429595947265625
688.8000000000001,2.408475875854492
688.9000000000001,2.4297916889190674
689.0,2.4233551025390625
689.1,2.414985418319702
689.2,2.4278223514556885
689.3000000000001,2.425340175628662
689.4000000000001,2.4232430458068848
689.5,2.417546510696411
689.6,2.414059638977051
689.7,2.4187865257263184
689.8000000000001,2.414551019668579
689.9000000000001,2.403193473815918
690.0,2.4231865406036377
690.1,2.4181830883026123
690.2,2.4209654331207275
690.3000000000001,2.4268598556518555
690.4000000000001,2.410139560699463
690.5,2.4185147285461426
690.6,2.409815788269043
690.7,2.4152069091796875
690.8000000000001,2.398787021636963
690.9000000000001,2.4072678089141846
691.0,2.4203991889953613
691.1,2.4199655055999756
691.2,2.4103636741638184
691.3000000000001,2.4023587703704834
691.4000000000001,2.4131908416748047
691.5,2.4341814517974854
691.6,2.411541700363159
691.7,2.4155094623565674
691.8000000000001,2.421118974685669
691.9000000000001,2.414433717727661
692.0,2.4209609031677246
692.1,2.4147450923919678
692.2,2.4170658588409424
692.3000000000001,2.419764995574951
692.4000000000001,2.4161593914031982
692.5,2.412048816680908
692.6,2.416797399520874
692.7,2.407998561859131
692.8000000000001,2.421133041381836
692.9000000000001,2.4145896434783936
693.0,2.410236120223999
693.1,2.4230477809906006
693.2,2.4153361320495605
693.3000000000001,2.4134576320648193
693.4000000000001,2.430208444595337
693.5,2.4214749336242676
693.6,2.412306308746338
693.7,2.418945789337158
693.8000000000001,2.4231576919555664
693.9000000000001,2.4150314331054688
694.0,2.422306537628174
694.1,2.422860622406006
694.2,2.4098920822143555
694.3000000000001,2.416917324066162
694.4000000000001,2.416243314743042
694.5,2.4106624126434326
694.6,2.4126646518707275
694.7,2.407468795776367
694.8000000000001,2.4206175804138184
694.9000000000001,2.419736862182617
695.0,2.40134859085083
695.1,2.4145069122314453
695.2,2.4232776165008545
695.3000000000001,2.402972936630249
695.4000000000001,2.404723644256592
695.5,2.426229238510132
695.6,2.4268782138824463
695.7,2.414947032928467
695.8000000000001,2.4201245307922363
695.9000000000001,2.422926664352417
696.0,2.412653684616089
696.1,2.4074513912200928
696.2,2.4072132110595703
696.3000000000001,2.4228501319885254
696.4000000000001,2.400805950164795
696.5,2.413883924484253
696.6,2.3992936611175537
696.7,2.42362117767334
696.8000000000001,2.418288469314575
696.9000000000001,2.4099068641662598
697.0,2.4110188484191895
697.1,2.403865337371826
697.2,2.4166293144226074
697.3000000000001,2.403686046600342
697.4000000000001,2.41583251953125
697.5,2.41273832321167
697.6,2.406386137008667
697.7,2.4189870357513428
697.8000000000001,2.4144041538238525
697.9000000000001,2.416255235671997
698.0,2.397218704223633
698.1,2.425808906555176
698.2,2.399031400680542
698.3000000000001,2.4109420776367188
698.4000000000001,2.412768840789795
698.5,2.4096362590789795
698.6,2.4145431518554688
698.7,2.4258511066436768
698.8000000000001,2.4037907123565674
698.9000000000001,2.4069650173187256
699.0,2.4074301719665527
699.1,2.4136884212493896
699.2,2.4152212142944336
699.3000000000001,2.4042725563049316
699.4000000000001,2.4120266437530518
699.5,2.4118032455444336
699.6,2.4183127880096436
699.7,2.414201021194458
699.8000000000001,2.3920834064483643
699.9000000000001,2.416421413421631
700.0,2.4138193130493164
700.1,2.4019079208374023
700.2,2.409318447113037
700.3000000000001,2.4182968139648438
700.4000000000001,2.414975881576538
700.5,2.410897731781006
700.6,2.4051194190979004
700.7,2.414456367492676
700.8000000000001,2.4118378162384033
700.9000000000001,2.405139446258545
701.0,2.4123928546905518
701.1,2.405241012573242
701.2,2.407050132751465
701.3000000000001,2.40278697013855
701.4000000000001,2.411369800567627
701.5,2.41038179397583
701.6,2.4119951725006104
701.7,2.4140939712524414
701.8000000000001,2.3986129760742188
701.9000000000001,2.405233144760132
702.0,2.4148640632629395
702.1,2.4059314727783203
702.2,2.407799243927002
702.3000000000001,2.398026943206787
702.4000000000001,2.40657901763916
702.5,2.404498815536499
702.6,2.4046266078948975
702.7,2.407931089401245
702.8000000000001,2.4105522632598877
702.9000000000001,2.415555953979492
703.0,2.3909897804260254
703.1,2.4102344512939453
703.2,2.4097347259521484
703.3000000000001,2.4144487380981445
703.4000000000001,2.4023046493530273
703.5,2.4096789360046387
703.6,2.399479627609253
703.7,2.4056451320648193
703.8000000000001,2.3999335765838623
703.9000000000001,2.393253803253174
704.0,2.399364948272705
704.1,2.407182216644287
704.2,2.413808584213257
704.3000000000001,2.4004392623901367
704.4000000000001,2.407358407974243
704.5,2.4206931591033936
704.6,2.406820774078369
704.7,2.40096378326416
704.8000000000001,2.4103615283966064
704.9000000000001,2.418231248855591
705.0,2.4023914337158203
705.1,2.409173011779785
705.2,2.3982467651367188
705.3000000000001,2.4076857566833496
705.4000000000001,2.4147443771362305
705.5,2.404726505279541
705.6,2.4028332233428955
705.7,2.3968634605407715
705.8000000000001,2.3966081142425537
705.9000000000001,2.407435894012451
706.0,2.3855886459350586
706.1,2.407280921936035
706.2,2.4074649810791016
706.3000000000001,2.399949550628662
706.4000000000001,2.4101884365081787
706.5,2.403916835784912
706.6,2.384517192840576
706.7,2.401822328567505
706.8000000000001,2.4177968502044678
706.9000000000001,2.3992180824279785
707.0,2.4104063510894775
707.1,2.401444673538208
707.2,2.397587537765503
707.3000000000001,2.417875289916992
707.4000000000001,2.4029910564422607
707.5,2.4024462699890137
707.6,2.4105470180511475
707.7,2.402247905731201
707.8000000000001,2.399106740951538
707.9000000000001,2.406681537628174
708.0,2.403172254562378
708.1,2.4005556106567383
708.2,2.4130842685699463
708.3000000000001,2.3947408199310303
708.4000000000001,2.413576364517212
708.5,2.408993721008301
708.6,2.4127824306488037
708.7,2.4034225940704346
708.8000000000001,2.413358688354492
708.9000000000001,2.398512363433838
709.0,2.3841824531555176
709.1,2.388875722885132
709.2,2.4165456295013428
709.3000000000001,2.403247356414795
709.4000000000001,2.3990907669067383
709.5,2.400873899459839
709.6,2.395521402359009
709.7,2.4064812660217285
709.8000000000001,2.397709608078003
709.9000000000001,2.4103856086730957
710.0,2.3968307971954346
710.1,2.4068307876586914
710.2,2.3881802558898926
710.3000000000001,2.4065372943878174
710.4000000000001,2.3951306343078613
710.5,2.4064064025878906
710.6,2.405383825302124
710.7,2.399686813354492
710.8000000000001,2.3940515518188477
710.9000000000001,2.4065663814544678
711.0,2.405103921890259
711.1,2.4004111289978027
711.2,2.3968303203582764
711.3000000000001,2.4039459228515625
711.4000000000001,2.400819778442383
711.5,2.397423505783081
711.6,2.401261329650879
711.7,2.399103879928589
711.8000000000001,2.4135406017303467
711.9000000000001,2.3847129344940186
712.0,2.3982622623443604
712.1,2.4068217277526855
712.2,2.3986611366271973
712.3000000000001,2.3986823558807373
712.4000000000001,2.403123617172241
712.5,2.4000535011291504
712.6,2.3975517749786377
712.7,2.3908896446228027
712.8000000000001,2.401136875152588
712.9000000000001,2.3982298374176025
713.0,2.4038474559783936
713.1,2.386018753051758
713.2,2.3893651962280273
713.3000000000001,2.3903093338012695
713.4000000000001,2.3784401416778564
713.5,2.4032554626464844
713.6,2.3966715335845947
713.7,2.3928639888763428
713.8000000000001,2.3922572135925293
713.9000000000001,2.396996021270752
714.0,2.3982489109039307
714.1,2.401562213897705
714.2,2.3974404335021973
714.3000000000001,2.3981215953826904
714.4000000000001,2.403404474258423
714.5,2.393929958343506
714.6,2.388463020324707
714.7,2.3966078758239746
714.8000000000001,2.374802827835083
714.9000000000001,2.39450740814209
715.0,2.400848627090454
715.1,2.4033546447753906
715.2,2.393292188644409
715.3000000000001,2.3928585052490234
715.4000000000001,2.3943259716033936
715.5,2.395653009414673
715.6,2.3926920890808105
715.7,2.3979742527008057
715.8000000000001,2.385500192642212
715.9000000000001,2.399096965789795
716.0,2.382964849472046
716.1,2.4017131328582764
716.2,2.3835227489471436
716.3000000000001,2.398733377456665
716.4000000000001,2.38274884223938
716.5,2.3827083110809326
716.6,2.3924052715301514
716.7,2.387647867202759
716.8000000000001,2.398189067840576
716.9000000000001,2.3943912982940674
717.0,2.4014387130737305
717.1,2.397991180419922
717.2,2.4002184867858887
717.3000000000001,2.403346538543701
717.4000000000001,2.394195318222046
717.5,2.3969650268554688
717.6,2.4014973640441895
717.7,2.392591953277588
717.8000000000001,2.3971922397613525
717.9000000000001,2.3832597732543945
718.0,2.3896408081054688
718.1,2.3858487606048584
718.2,2.3901398181915283
718.3000000000001,2.381681442260742
718.4000000000001,2.3861818313598633
718.5,2.387070417404175
718.6,2.393397569656372
718.7,2.389099597930908
718.8000000000001,2.398205041885376
718.9000000000001,2.389829397201538
719.0,2.396836757659912
719.1,2.3845744132995605
719.2,2.3814661502838135
719.3000000000001,2.4000608921051025
719.4000000000001,2.39876651763916
719.5,2.3933780193328857
719.6,2.3766753673553467
719.7,2.3918731212615967
719.8000000000001,2.3770511150360107
719.9000000000001,2.381575107574463
720.0,2.4039409160614014
720.1,2.3811450004577637
720.2,2.384011745452881
720.3000000000001,2.386228561401367
720.4000000000001,2.3847429752349854
720.5,2.3952314853668213
720.6,2.3858072757720947
720.7,2.384949207305908
720.8000000000001,2.395758867263794
720.9000000000001,2.3946585655212402
721.0,2.379551410675049
721.1,2.3824613094329834
721.2,2.384038209915161
721.3000000000001,2.3880841732025146
721.4000000000001,2.382294178009033
721.5,2.3817949295043945
721.6,2.3835361003875732
721.7,2.3929758071899414
721.8000000000001,2.3964438438415527
721.9000000000001,2.389768362045288
722.0,2.3760836124420166
722.1,2.3869199752807617
722.2,2.3882763385772705
722.3000000000001,2.3885555267333984
722.4000000000001,2.3781583309173584
722.5,2.387543201446533
722.6,2.3844549655914307
722.7,2.393061637878418
722.8000000000001,2.380690336227417
722.9000000000001,2.387495517730713
723.0,2.3892295360565186
723.1,2.38028621673584
723.2,2.3750221729278564
723.3000000000001,2.393153429031372
723.4000000000001,2.376649856567383
723.5,2.3821451663970947
723.6,2.3816444873809814
723.7,2.378575563430786
723.8000000000001,2.3833162784576416
723.9000000000001,2.3834872245788574
724.0,2.381960391998291
724.1,2.3743672370910645
724.2,2.3768205642700195
724.3000000000001,2.3819613456726074
724.4000000000001,2.390324831008911
724.5,2.3862977027893066
724.6,2.3689427375793457
724.7,2.3813424110412598
724.8000000000001,2.393018960952759
724.9000000000001,2.378000020980835
725.0,2.379427909851074
725.1,2.3920838832855225
725.2,2.3898706436157227
725.3000000000001,2.3896634578704834
725.4000000000001,2.3958539962768555
725.5,2.3796489238739014
725.6,2.375904083251953
725.7,2.3882827758789062
725.8000000000001,2.3834638595581055
725.9000000000001,2.385485887527466
726.0,2.398402452468872
726.1,2.397333860397339
726.2,2.387679100036621
726.3000000000001,2.3753879070281982
726.4000000000001,2.3927054405212402
726.5,2.3806042671203613
726.6,2.374626398086548
726.7,2.387258529663086
726.8000000000001,2.383619546890259
726.9000000000001,2.384282112121582
727.0,2.3807456493377686
727.1,2.3794305324554443
727.2,2.3943002223968506
727.3000000000001,2.3860130310058594
727.4000000000001,2.3755297660827637
727.5,2.3752686977386475
727.6,2.3837151527404785
727.7,2.384340524673462
727.8000000000001,2.3815529346466064
727.9000000000001,2.38744854927063
728.0,2.3834331035614014
728.1,2.3702898025512695
728.2,2.37070369720459
728.3000000000001,2.3794503211975098
728.4000000000001,2.366703748703003
728.5,2.3912017345428467
728.6,2.3744308948516846
728.7,2.3832602500915527
728.8000000000001,2.381648302078247
728.9000000000001,2.3925929069519043
729.0,2.3773927688598633
729.1,2.3772759437561035
729.2,2.375861406326294
729.3000000000001,2.377326488494873
729.4000000000001,2.379964828491211
729.5,2.375847101211548
729.6,2.374741792678833
729.7,2.3739421367645264
729.8000000000001,2.370123863220215
729.9000000000001,2.37583327293396
730.0,2.3757846355438232
730.1,2.380675792694092
730.2,2.3731789588928223
730.3000000000001,2.375113010406494
730.4000000000001,2.3709185123443604
730.5,2.3813281059265137
730.6,2.365875482559204
730.7,2.3730528354644775
730.8000000000001,2.3747687339782715
730.9000000000001,2.38409161567688
731.0,2.3689308166503906
731.1,2.3819870948791504
731.2,2.3751533031463623
731.3000000000001,2.3847336769104004
731.4000000000001,2.3846182823181152
731.5,2.381199598312378
731.6,2.3598759174346924
731.7,2.379032611846924
731.8000000000001,2.386275053024292
731.9000000000001,2.37131404876709
732.0,2.377460241317749
732.1,2.352673292160034
732.2,2.3736438751220703
732.3000000000001,2.378633499145508
732.4000000000001,2.3916149139404297
732.5,2.3738770484924316
732.6,2.3867945671081543
732.7,2.3734161853790283
732.8000000000001,2.379105806350708
732.9000000000001,2.3734748363494873
733.0,2.3820676803588867
733.1,2.3678791522979736
733.2,2.367305278778076
733.3000000000001,2.3817453384399414
733.4000000000001,2.3740155696868896
733.5,2.391080856323242
733.6,2.366431951522827
733.7,2.363112211227417
733.8000000000001,2.3660621643066406
733.9000000000001,2.375413179397583
734.0,2.3741538524627686
734.1,2.3771846294403076
734.2,2.373185873031616
734.3000000000001,2.3590033054351807
734.4000000000001,2.387277603149414
734.5,2.3718295097351074
734.6,2.354034662246704
734.7,2.3707001209259033
734.8000000000001,2.378985643386841
734.9000000000001,2.383488893508911
735.0,2.363189697265625
735.1,2.377711534500122
735.2,2.3735063076019287
735.3000000000001,2.3719286918640137
735.4000000000001,2.373706817626953
735.5,2.3632612228393555
735.6,2.3747663497924805
735.7,2.3769474029541016
735.8000000000001,2.3752479553222656
735.9000000000001,2.38179087638855
736.0,2.3650403022766113
736.1,2.367431879043579
736.2,2.361084461212158
736.3000000000001,2.361931324005127
736.4000000000001,2.3815438747406006
736.5,2.376300573348999
736.6,2.3623013496398926
736.7,2.3716166019439697
736.8000000000001,2.3763904571533203
736.9000000000001,2.3700733184814453
737.0,2.3775689601898193
737.1,2.37444806098938
737.2,2.3552165031433105
737.3000000000001,2.3702640533447266
737.4000000000001,2.3598194122314453
737.5,2.365882158279419
737.6,2.375462532043457
737.7,2.3725571632385254
737.8000000000001,2.3736202716827393
737.9000000000001,2.3670053482055664
738.0,2.3671300411224365
738.1,2.3656370639801025
738.2,2.3713786602020264
738.3000000000001,2.3655099868774414
738.4000000000001,2.375282049179077
738.5,2.3544135093688965
738.6,2.3692073822021484
738.7,2.3659918308258057
738.8000000000001,2.3695600032806396
738.9000000000001,2.3746678829193115
739.0,2.358957052230835
739.1,2.374429941177368
739.2,2.3702356815338135
739.3000000000001,2.3639228343963623
739.4000000000001,2.3637609481811523
739.5,2.36712908744812
739.6,2.360802173614502
739.7,2.365726947784424
739.8000000000001,2.377488613128662
739.9000000000001,2.3674259185791016
740.0,2.3517777919769287
740.1,2.358236312866211
740.2,2.375856399536133
740.3000000000001,2.3682703971862793
740.4000000000001,2.360273838043213
740.5,2.359013795852661
740.6,2.363588571548462
740.7,2.368945837020874
740.8000000000001,2.359379768371582
740.9000000000001,2.3644943237304688
741.0,2.3674263954162598
741.1,2.361201286315918
741.2,2.3676986694335938
741.3000000000001,2.374234914779663
741.4000000000001,2.3677737712860107
741.5,2.3585376739501953
741.6,2.3636865615844727
741.7,2.374648094177246
741.8000000000001,2.3553903102874756
741.9000000000001,2.369816541671753
742.0,2.3617959022521973
742.1,2.3595898151397705
742.2,2.357584238052368
742.3000000000001,2.3740460872650146
742.4000000000001,2.37369704246521
742.5,2.3518614768981934
742.6,2.3667802810668945
742.7,2.364361524581909
742.8000000000001,2.373774290084839
742.9000000000001,2.3666467666625977
743.0,2.370734214782715
743.1,2.373836040496826
743.2,2.363184690475464
743.3000000000001,2.3657736778259277
743.4000000000001,2.3755109310150146
743.5,2.366417407989502
743.6,2.366187572479248
743.7,2.3628954887390137
743.8000000000001,2.3690125942230225
743.9000000000001,2.363022565841675
744.0,2.3670601844787598
744.1,2.3641090393066406
744.2,2.3539798259735107
744.3000000000001,2.3621456623077393
744.4000000000001,2.3616132736206055
744.5,2.3729217052459717
744.6,2.35861873626709
744.7,2.347921848297119
744.8000000000001,2.361103057861328
744.9000000000001,2.3661932945251465
745.0,2.368075370788574
745.1,2.365995407104492
745.2,2.3575799465179443
745.3000000000001,2.3401033878326416
745.4000000000001,2.366827964782715
745.5,2.36867094039917
745.6,2.359053373336792
745.7,2.344325065612793
745.8000000000001,2.3573811054229736
745.9000000000001,2.3580877780914307
746.0,2.3583590984344482
746.1,2.358546018600464
746.2,2.3442704677581787
746.3000000000001,2.364518165588379
746.4000000000001,2.3635406494140625
746.5,2.351802110671997
746.6,2.3605384826660156
746.7,2.3545663356781006
746.8000000000001,2.3664891719818115
746.9000000000001,2.3707242012023926
747.0,2.3445332050323486
747.1,2.3614401817321777
747.2,2.358165979385376
747.3000000000001,2.3597772121429443
747.4000000000001,2.353748083114624
747.5,2.3527350425720215
747.6,2.359149217605591
747.7,2.3594229221343994
747.8000000000001,2.3619868755340576
747.9000000000001,2.354689359664917
748.0,2.359766721725464
748.1,2.3610775470733643
748.2,2.3587942123413086
748.3000000000001,2.3539836406707764
748.4000000000001,2.3487730026245117
748.5,2.357396364212036
748.6,2.3443524837493896
748.7,2.3539838790893555
748.8000000000001,2.353008270263672
748.9000000000001,2.350832223892212
749.0,2.3427555561065674
749.1,2.3573625087738037
749.2,2.353559970855713
749.3000000000001,2.3606297969818115
749.4000000000001,2.358389377593994
749.5,2.349036693572998
749.6,2.3505046367645264
749.7,2.3458688259124756
749.8000000000001,2.3622639179229736
749.9000000000001,2.3448221683502197
750.0,2.358896493911743
750.1,2.3652689456939697
750.2,2.3531665802001953
750.3000000000001,2.351959466934204
750.4000000000001,2.3570711612701416
750.5,2.358572244644165
750.6,2.357741117477417
750.7,2.3532323837280273
750.8000000000001,2.3442084789276123
750.9000000000001,2.358934164047241
751.0,2.3600125312805176
751.1,2.365621328353882
751.2,2.3521318435668945
751.3000000000001,2.3638315200805664
751.4000000000001,2.3513028621673584
751.5,2.3488833904266357
751.6,2.3517110347747803
751.7,2.3448994159698486
751.8000000000001,2.361392021179199
751.9000000000001,2.353073835372925
752.0,2.3481740951538086
752.1,2.351797580718994
752.2,2.3414859771728516
752.3000000000001,2.3515124320983887
752.4000000000001,2.3399202823638916
752.5,2.3621344566345215
752.6,2.3441648483276367
752.7,2.352034330368042
752.8000000000001,2.3515875339508057
752.9000000000001,2.326251745223999
753.0,2.335456371307373
753.1,2.353610038757324
753.2,2.3474884033203125
753.3000000000001,2.345221757888794
753.4000000000001,2.349064826965332
753.5,2.345031499862671
753.6,2.3562586307525635
753.7,2.3427839279174805
753.8000000000001,2.3461132049560547
753.9000000000001,2.3523671627044678
754.0,2.3525686264038086
754.1,2.351104974746704
754.2,2.347071647644043
754.3000000000001,2.3453004360198975
754.4000000000001,2.3540546894073486
754.5,2.3466949462890625
754.6,2.3394036293029785
754.7,2.356025457382202
754.8000000000001,2.352411985397339
754.9000000000001,2.3438074588775635
755.0,2.3545730113983154
755.1,2.3477001190185547
755.2,2.3511035442352295
755.3000000000001,2.3512275218963623
755.4000000000001,2.3457131385803223
755.5,2.340376377105713
755.6,2.343687057495117
755.7,2.3495333194732666
755.8000000000001,2.332437038421631
755.9000000000001,2.339125633239746
756.0,2.3489584922790527
756.1,2.3422181606292725
756.2,2.3448479175567627
756.3000000000001,2.3549435138702393
756.4000000000001,2.339411735534668
756.5,2.3436756134033203
756.6,2.3346266746520996
756.7,2.3270883560180664
756.8000000000001,2.348145008087158
756.9000000000001,2.3517463207244873
757.0,2.3297791481018066
757.1,2.3440892696380615
757.2,2.3479461669921875
757.3000000000001,2.3452422618865967
757.4000000000001,2.3237431049346924
757.5,2.346597194671631
757.6,2.3535587787628174
757.7,2.334949493408203
757.8000000000001,2.337085008621216
757.9000000000001,2.348869800567627
758.0,2.3359053134918213
758.1,2.335458278656006
758.2,2.337904453277588
758.3000000000001,2.334155321121216
758.4000000000001,2.3578364849090576
758.5,2.343559980392456
758.6,2.331056594848633
758.7,2.347393035888672
758.8000000000001,2.348320960998535
758.9000000000001,2.3464958667755127
759.0,2.338618516921997
759.1,2.336573362350464
759.2,2.337216854095459
759.3000000000001,2.347243070602417
759.4000000000001,2.3266773223876953
759.5,2.334603786468506
759.6,2.342252016067505
759.7,2.3348634243011475
759.8000000000001,2.342099905014038
759.9000000000001,2.3399949073791504
760.0,2.345957040786743
760.1,2.3282675743103027
760.2,2.339207649230957
760.3000000000001,2.3402204513549805
760.4000000000001,2.338413953781128
760.5,2.3445520401000977
760.6,2.343400001525879
760.7,2.343860387802124
760.8000000000001,2.334125518798828
760.9000000000001,2.319129467010498
761.0,2.3385329246520996
761.1,2.346590518951416
761.2,2.3451642990112305
761.3000000000001,2.338719606399536
761.4000000000001,2.3419907093048096
761.5,2.3168318271636963
761.6,2.3449575901031494
761.7,2.3352277278900146
761.8000000000001,2.3376083374023438
761.9000000000001,2.3370888233184814
762.0,2.330322265625
762.1,2.3457252979278564
762.2,2.3387386798858643
762.3000000000001,2.3449654579162598
762.4000000000001,2.3309485912323
762.5,2.3419601917266846
762.6,2.3412327766418457
762.7,2.3192617893218994
762.8000000000001,2.3361597061157227
762.9000000000001,2.3346691131591797
763.0,2.3306453227996826
763.1,2.3378536701202393
763.2,2.3512065410614014
763.3000000000001,2.3349428176879883
763.4000000000001,2.3357365131378174
763.5,2.325241804122925
763.6,2.331005096435547
763.7,2.3383431434631348
763.8000000000001,2.331634998321533
763.9000000000001,2.3397090435028076
764.0,2.330505132675171
764.1,2.3238720893859863
764.2,2.3401858806610107
764.3000000000001,2.3332457542419434
764.4000000000001,2.3255252838134766
764.5,2.332486867904663
764.6,2.3333568572998047
764.7,2.3342738151550293
764.8000000000001,2.337315320968628
764.9000000000001,2.338717460632324
765.0,2.3288021087646484
765.1,2.3315954208374023
765.2,2.3251092433929443
765.3000000000001,2.3322079181671143
765.4000000000001,2.34271240234375
765.5,2.3378660678863525
765.6,2.333185911178589
765.7,2.325336217880249
765.8000000000001,2.3294384479522705
765.9000000000001,2.330650806427002
766.0,2.3344199657440186
766.1,2.339285373687744
766.2,2.3327417373657227
766.3000000000001,2.3282878398895264
766.4000000000001,2.317457675933838
766.5,2.3258793354034424
766.6,2.3119168281555176
766.7,2.339370012283325
766.8000000000001,2.3338253498077393
766.9000000000001,2.340688467025757
767.0,2.3198704719543457
767.1,2.331131935119629
767.2,2.33870530128479
767.3000000000001,2.328831672668457
767.4000000000001,2.327033281326294
767.5,2.331653356552124
767.6,2.3242275714874268
767.7,2.3230748176574707
767.8000000000001,2.3352303504943848
767.9000000000001,2.322286605834961
768.0,2.3305153846740723
768.1,2.331334352493286
768.2,2.332242250442505
768.3000000000001,2.3303682804107666
768.4000000000001,2.325477123260498
768.5,2.331082344055176
768.6,2.3277273178100586
768.7,2.336146354675293
768.8000000000001,2.3226733207702637
768.9000000000001,2.3274405002593994
769.0,2.3204798698425293
769.1,2.3318030834198
769.2,2.324587345123291
769.3000000000001,2.3362345695495605
769.4000000000001,2.3258776664733887
769.5,2.3163795471191406
769.6,2.3292438983917236
769.7,2.3202102184295654
769.8000000000001,2.3220102787017822
769.9000000000001,2.3244097232818604
770.0,2.319164752960205
770.1,2.3250696659088135
770.2,2.336777925491333
770.3000000000001,2.3265678882598877
770.4000000000001,2.320838451385498
770.5,2.3240911960601807
770.6,2.3285908699035645
770.7,2.3283932209014893
770.8000000000001,2.3262670040130615
770.9000000000001,2.3177261352539062
771.0,2.3218352794647217
771.1,2.312239408493042
771.2,2.3203582763671875
771.3000000000001,2.3253891468048096
771.4000000000001,2.32246994972229
771.5,2.317420721054077
771.6,2.3169801235198975
771.7,2.316211223602295
771.8000000000001,2.311426877975464
771.9000000000001,2.3171021938323975
772.0,2.3109397888183594
772.1,2.3154642581939697
772.2,2.323042631149292
772.3000000000001,2.3254454135894775
772.4000000000001,2.317183017730713
772.5,2.3137881755828857
772.6,2.312206983566284
772.7,2.3260905742645264
772.8000000000001,2.3294856548309326
772.9000000000001,2.3242406845092773
773.0,2.311901569366455
773.1,2.3199541568756104
773.2,2.3181614875793457
773.3000000000001,2.309298276901245
773.4000000000001,2.3153955936431885
773.5,2.318282127380371
773.6,2.3168375492095947
773.7,2.328768491744995
773.8000000000001,2.3204095363616943
773.9000000000001,2.3254189491271973
774.0,2.320016860961914
774.1,2.3128232955932617
774.2,2.319742202758789
774.3000000000001,2.317416191101074
774.4000000000001,2.331509828567505
774.5,2.3080737590789795
774.6,2.313983678817749
774.7,2.317840337753296
774.8000000000001,2.305716037750244
774.9000000000001,2.320020914077759
775.0,2.3090550899505615
775.1,2.3214540481567383
775.2,2.3298535346984863
775.3000000000001,2.3228979110717773
775.4000000000001,2.3051459789276123
775.5,2.309551239013672
775.6,2.3134877681732178
775.7,2.2963991165161133
775.8000000000001,2.3080646991729736
775.9000000000001,2.318077325820923
776.0,2.3119404315948486
776.1,2.323615074157715
776.2,2.3059499263763428
776.3000000000001,2.3061046600341797
776.4000000000001,2.3100671768188477
776.5,2.321523427963257
776.6,2.3064064979553223
776.7,2.302485704421997
776.8000000000001,2.3058598041534424
776.9000000000001,2.3224599361419678
777.0,2.320286989212036
777.1,2.3245174884796143
777.2,2.3093600273132324
777.3000000000001,2.2894949913024902
777.4000000000001,2.302391290664673
777.5,2.312549591064453
777.6,2.3024401664733887
777.7,2.3217990398406982
777.8000000000001,2.3115501403808594
777.9000000000001,2.3124818801879883
778.0,2.3296573162078857
778.1,2.308785915374756
778.2,2.3096981048583984
778.3000000000001,2.304346799850464
778.4000000000001,2.300753116607666
778.5,2.3143162727355957
778.6,2.3209445476531982
778.7,2.304741859436035
778.8000000000001,2.313107967376709
778.9000000000001,2.311290979385376
779.0,2.3008062839508057
779.1,2.3001558780670166
779.2,2.3190839290618896
779.3000000000001,2.3102328777313232
779.4000000000001,2.300586223602295
779.5,2.3065130710601807
779.6,2.306788444519043
779.7,2.300963878631592
779.8000000000001,2.314511775970459
779.9000000000001,2.3166544437408447
780.0,2.308314800262451
780.1,2.313697099685669
780.2,2.304034471511841
780.3000000000001,2.3079588413238525
780.4000000000001,2.318758726119995
780.5,2.3154056072235107
780.6,2.3014352321624756
780.7,2.320983409881592
780.8000000000001,2.3173232078552246
780.9000000000001,2.2914347648620605
781.0,2.3072421550750732
781.1,2.3100521564483643
781.2,2.2996127605438232
781.3000000000001,2.3030197620391846
781.4000000000001,2.3038904666900635
781.5,2.298384428024292
781.6,2.3109347820281982
781.7,2.304657220840454
781.8000000000001,2.28214168548584
781.9000000000001,2.308788776397705
782.0,2.3092312812805176
782.1,2.3024637699127197
782.2,2.30241060256958
782.3000000000001,2.3116183280944824
782.4000000000001,2.3123505115509033
782.5,2.306764841079712
782.6,2.3077645301818848
782.7,2.3067703247070312
782.8000000000001,2.310258388519287
782.9000000000001,2.2943320274353027
783.0,2.313673496246338
783.1,2.300917148590088
783.2,2.301754951477051
783.3000000000001,2.313490629196167
783.4000000000001,2.3040034770965576
783.5,2.305032968521118
783.6,2.318788528442383
783.7,2.304814338684082
783.8000000000001,2.2971174716949463
783.9000000000001,2.3038341999053955
784.0,2.300260305404663
784.1,2.2875051498413086
784.2,2.3011889457702637
784.3000000000001,2.2993996143341064
784.4000000000001,2.3025271892547607
784.5,2.280994176864624
784.6,2.2968556880950928
784.7,2.2944672107696533
784.8000000000001,2.298769950866699
784.9000000000001,2.308009147644043
785.0,2.301008701324463
785.1,2.298119068145752
785.2,2.30582594871521
785.3000000000001,2.3094677925109863
785.4000000000001,2.3030600547790527
785.5,2.2980475425720215
785.6,2.295518398284912
785.7,2.2791526317596436
785.8000000000001,2.3031423091888428
785.9000000000001,2.29013729095459
786.0,2.2926247119903564
786.1,2.3014426231384277
786.2,2.291456699371338
786.3000000000001,2.2932045459747314
786.4000000000001,2.300560712814331
786.5,2.28619384765625
786.6,2.305612802505493
786.7,2.3051602840423584
786.8000000000001,2.2886862754821777
786.9000000000001,2.2940211296081543
787.0,2.2993927001953125
787.1,2.3012287616729736
787.2,2.3014063835144043
787.3000000000001,2.3007328510284424
787.4000000000001,2.2836709022521973
787.5,2.2989895343780518
787.6,2.3055171966552734
787.7,2.2961673736572266
787.8000000000001,2.293686866760254
787.9000000000001,2.2997519969940186
788.0,2.3037519454956055
788.1,2.308773994445801
788.2,2.2941133975982666
788.3000000000001,2.2975172996520996
788.4000000000001,2.30363130569458
788.5,2.288234233856201
788.6,2.287724018096924
788.7,2.305053234100342
788.8000000000001,2.293780565261841
788.9000000000001,2.294175386428833
789.0,2.2998101711273193
789.1,2.295109272003174
789.2,2.2965948581695557
789.3000000000001,2.3053174018859863
789.4000000000001,2.2764892578125
789.5,2.295445442199707
789.6,2.295078754425049
789.7,2.2950706481933594
789.8000000000001,2.2904155254364014
789.9000000000001,2.295811414718628
790.0,2.2888317108154297
790.1,2.278671979904175
790.2,2.277263879776001
790.3000000000001,2.2873640060424805
790.4000000000001,2.2901880741119385
790.5,2.3016767501831055
790.6,2.2823710441589355
790.7,2.2941811084747314
790.8000000000001,2.3017241954803467
790.9000000000001,2.281061887741089
791.0,2.3054442405700684
791.1,2.297306776046753
791.2,2.287292242050171
791.3000000000001,2.3023784160614014
791.4000000000001,2.2969722747802734
791.5,2.297703981399536
791.6,2.2971415519714355
791.7,2.2820394039154053
791.8000000000001,2.291046380996704
791.9000000000001,2.289907455444336
792.0,2.2840092182159424
792.1,2.2781295776367188
792.2,2.2928082942962646
792.3000000000001,2.2952170372009277
792.4000000000001,2.2991955280303955
792.5,2.2810146808624268
792.6,2.2916762828826904
792.7,2.2919363975524902
792.8000000000001,2.294731378555298
792.9000000000001,2.29632568359375
793.0,2.2849032878875732
793.1,2.2770142555236816
793.2,2.292140245437622
793.3000000000001,2.284205675125122
793.4000000000001,2.295598030090332
793.5,2.2859456539154053
793.6,2.272406816482544
793.7,2.291173219680786
793.8000000000001,2.2931876182556152
793.9000000000001,2.2972400188446045
794.0,2.280672788619995
794.1,2.287661075592041
794.2,2.2866899967193604
794.3000000000001,2.283999443054199
794.4000000000001,2.289031982421875
794.5,2.2730801105499268
794.6,2.2844269275665283
794.7,2.281240224838257
794.8000000000001,2.2650678157806396
794.9000000000001,2.2846438884735107
795.0,2.288614273071289
795.1,2.297255039215088
795.2,2.2801876068115234
795.3000000000001,2.2784416675567627
795.4000000000001,2.290450096130371
795.5,2.2861101627349854
795.6,2.283385992050171
795.7,2.281625986099243
795.8000000000001,2.2804088592529297
795.9000000000001,2.289072275161743
796.0,2.291414737701416
796.1,2.296933650970459
796.2,2.2883996963500977
796.3000000000001,2.29134464263916
796.4000000000001,2.2780933380126953
796.5,2.2799835205078125
796.6,2.2805559635162354
796.7,2.2857887744903564
796.8000000000001,2.277066469192505
796.9000000000001,2.273287534713745
797.0,2.284477949142456
797.1,2.282686710357666
797.2,2.2670183181762695
797.3000000000001,2.2778260707855225
797.4000000000001,2.284280776977539
797.5,2.285922050476074
797.6,2.271874189376831
797.7,2.278949737548828
797.8000000000001,2.2888386249542236
797.9000000000001,2.274081230163574
798.0,2.2805047035217285
798.1,2.2823164463043213
798.2,2.281179904937744
798.3000000000001,2.283757448196411
798.4000000000001,2.276686429977417
798.5,2.279716968536377
798.6,2.2728164196014404
798.7,2.287714719772339
798.8000000000001,2.2702789306640625
798.9000000000001,2.278474807739258
799.0,2.279191255569458
799.1,2.2779221534729004
799.2,2.282424211502075
799.3000000000001,2.269050121307373
799.4000000000001,2.270641326904297
799.5,2.2743279933929443
799.6,2.271517276763916
799.7,2.2753257751464844
799.8000000000001,2.276010036468506
799.9000000000001,2.284644842147827
800.0,2.2775652408599854
800.1,2.2842180728912354
800.2,2.280977964401245
800.3000000000001,2.272028684616089
800.4000000000001,2.2687411308288574
800.5,2.2700538635253906
800.6,2.2712669372558594
800.7,2.273808002471924
800.8000000000001,2.278212070465088
800.9000000000001,2.2796523571014404
801.0,2.26865816116333
801.1,2.2872211933135986
801.2,2.281529664993286
801.3000000000001,2.2703020572662354
801.4000000000001,2.2737674713134766
801.5,2.276796817779541
801.6,2.263263463973999
801.7,2.2673723697662354
801.8000000000001,2.2823894023895264
801.9000000000001,2.268770694732666
802.0,2.261766195297241
802.1,2.260406494140625
802.2,2.2778658866882324
802.3000000000001,2.27815580368042
802.4000000000001,2.266923666000366
802.5,2.275479793548584
802.6,2.2719767093658447
802.7,2.2785181999206543
802.8000000000001,2.263296604156494
802.9000000000001,2.2651760578155518
803.0,2.266535520553589
803.1,2.2775185108184814
803.2,2.2652196884155273
803.3000000000001,2.2825162410736084
803.4000000000001,2.2708263397216797
803.5,2.2563493251800537
803.6,2.278593063354492
803.7,2.2740092277526855
803.8000000000001,2.274958848953247
803.9000000000001,2.269371747970581
804.0,2.2599141597747803
804.1,2.265505790710449
804.2,2.2764837741851807
804.3000000000001,2.2746360301971436
804.4000000000001,2.275843381881714
804.5,2.274637460708618
804.6,2.271045446395874
804.7,2.2516674995422363
804.8000000000001,2.249427080154419
804.9000000000001,2.267312526702881
805.0,2.276122570037842
805.1,2.261054277420044
805.2,2.2626953125
805.3000000000001,2.2810025215148926
805.4000000000001,2.258700370788574
805.5,2.261598825454712
805.6,2.277106761932373
805.7,2.256110191345215
805.8000000000001,2.265151262283325
805.9000000000001,2.272576093673706
806.0,2.265596628189087
806.1,2.2803866863250732
806.2,2.270596504211426
806.3000000000001,2.2604753971099854
806.4000000000001,2.2772982120513916
806.5,2.2630887031555176
806.6,2.2706305980682373
806.7,2.2746734619140625
806.8000000000001,2.2623724937438965
806.9000000000001,2.2778191566467285
807.0,2.2663819789886475
807.1,2.266204595565796
807.2,2.2664194107055664
807.3000000000001,2.262408494949341
807.4000000000001,2.2586262226104736
807.5,2.2618300914764404
807.6,2.268893003463745
807.7,2.263840436935425
807.8000000000001,2.26638126373291
807.9000000000001,2.258774995803833
808.0,2.2626521587371826
808.1,2.2533674240112305
808.2,2.2523367404937744
808.3000000000001,2.264364004135132
808.4000000000001,2.2732841968536377
808.5,2.268084764480591
808.6,2.2660560607910156
808.7,2.2522807121276855
808.8000000000001,2.258176565170288
808.9000000000001,2.2644779682159424
809.0,2.2684671878814697
809.1,2.2526791095733643
809.2,2.265320062637329
809.3000000000001,2.263038396835327
809.4000000000001,2.2684857845306396
809.5,2.2536234855651855
809.6,2.2688395977020264
809.7,2.2682528495788574
809.8000000000001,2.273815870285034
809.9000000000001,2.2638471126556396
810.0,2.2639987468719482
810.1,2.2576000690460205
810.2,2.26050066947937
810.3000000000001,2.2566189765930176
810.4000000000001,2.2414937019348145
810.5,2.263364553451538
810.6,2.262133836746216
810.7,2.2615535259246826
810.8000000000001,2.269763708114624
810.9000000000001,2.261418342590332
811.0,2.245448589324951
811.1,2.2520649433135986
811.2,2.261664867401123
811.3000000000001,2.2635927200317383
811.4000000000001,2.2560887336730957
811.5,2.253133773803711
811.6,2.264828681945801
811.7,2.2707910537719727
811.8000000000001,2.2513959407806396
811.9000000000001,2.2472527027130127
812.0,2.2633464336395264
812.1,2.2517282962799072
812.2,2.258096218109131
812.3000000000001,2.253690004348755
812.4000000000001,2.2494266033172607
812.5,2.2604806423187256
812.6,2.2598142623901367
812.7,2.2508461475372314
812.8000000000001,2.253671407699585
812.9000000000001,2.259611129760742
813.0,2.2619807720184326
813.1,2.2589011192321777
813.2,2.2575485706329346
813.3000000000001,2.241743326187134
813.4000000000001,2.2596890926361084
813.5,2.257324695587158
813.6,2.2391517162323
813.7,2.2589964866638184
813.8000000000001,2.250812530517578
813.9000000000001,2.2510926723480225
814.0,2.2494516372680664
814.1,2.2476866245269775
814.2,2.2486724853515625
814.3000000000001,2.2504403591156006
814.4000000000001,2.2453129291534424
814.5,2.247929573059082
814.6,2.2427988052368164
814.7,2.2490243911743164
814.8000000000001,2.2472457885742188
814.9000000000001,2.2547476291656494
815.0,2.244387149810791
815.1,2.24908185005188
815.2,2.2452497482299805
815.3000000000001,2.2481613159179688
815.4000000000001,2.2667572498321533
815.5,2.2496626377105713
815.6,2.2582950592041016
815.7,2.246746778488159
815.8000000000001,2.2611875534057617
815.9000000000001,2.244358539581299
816.0,2.2501537799835205
816.1,2.2467169761657715
816.2,2.2620136737823486
816.3000000000001,2.2405600547790527
816.4000000000001,2.2414660453796387
816.5,2.2562294006347656
816.6,2.2454471588134766
816.7,2.260874032974243
816.8000000000001,2.2615692615509033
816.9000000000001,2.248326539993286
817.0,2.2522201538085938
817.1,2.2510879039764404
817.2,2.25057315826416
817.3000000000001,2.2422983646392822
817.4000000000001,2.2619476318359375
817.5,2.2406861782073975
817.6,2.2458980083465576
817.7,2.250208616256714
817.8000000000001,2.2478139400482178
817.9000000000001,2.246615171432495
818.0,2.245548963546753
818.1,2.2510974407196045
818.2,2.246997594833374
818.3000000000001,2.232668161392212
818.4000000000001,2.243161678314209
818.5,2.247077703475952
818.6,2.228618860244751
818.7,2.2428431510925293
818.8000000000001,2.2426230907440186
818.9000000000001,2.2548415660858154
819.0,2.2440989017486572
819.1,2.252751111984253
819.2,2.2496402263641357
819.3000000000001,2.251072406768799
819.4000000000001,2.2371127605438232
819.5,2.2339744567871094
819.6,2.232422113418579
819.7,2.2345399856567383
819.8000000000001,2.2388486862182617
819.9000000000001,2.243870973587036
820.0,2.2358715534210205
820.1,2.2388055324554443
820.2,2.2469711303710938
820.3000000000001,2.2377800941467285
820.4000000000001,2.2492268085479736
820.5,2.232778310775757
820.6,2.2304158210754395
820.7,2.2433536052703857
820.8000000000001,2.24320387840271
820.9000000000001,2.2474782466888428
821.0,2.233808755874634
821.1,2.2429356575012207
821.2,2.245849609375
821.3000000000001,2.2369441986083984
821.4000000000001,2.2460367679595947
821.5,2.2372629642486572
821.6,2.227743625640869
821.7,2.2322497367858887
821.8000000000001,2.2391631603240967
821.9000000000001,2.2413408756256104
822.0,2.2511050701141357
822.1,2.2443268299102783
822.2,2.2400760650634766
822.3000000000001,2.234328508377075
822.4000000000001,2.233588457107544
822.5,2.23711895942688
822.6,2.244894027709961
822.7,2.2380244731903076
822.8000000000001,2.2417142391204834
822.9000000000001,2.2450337409973145
823.0,2.243910312652588
823.1,2.2447147369384766
823.2,2.2258598804473877
823.3000000000001,2.240694046020508
823.4000000000001,2.2512154579162598
823.5,2.2452220916748047
823.6,2.245499849319458
823.7,2.243999719619751
823.8000000000001,2.2426936626434326
823.9000000000001,2.238112211227417
824.0,2.2410647869110107
824.1,2.238467216491699
824.2,2.241518259048462
824.3000000000001,2.239145278930664
824.4000000000001,2.238276243209839
824.5,2.2418813705444336
824.6,2.2264339923858643
824.7,2.245056629180908
824.8000000000001,2.2365381717681885
824.9000000000001,2.2294931411743164
825.0,2.2344117164611816
825.1,2.2313694953918457
825.2,2.2322299480438232
825.3000000000001,2.2440719604492188
825.4000000000001,2.2420756816864014
825.5,2.238741397857666
825.6,2.2418692111968994
825.7,2.2266502380371094
825.8000000000001,2.232177257537842
825.9000000000001,2.222127676010132
826.0,2.2363295555114746
826.1,2.240361213684082
826.2,2.2235865592956543
826.3000000000001,2.2318718433380127
826.4000000000001,2.2308428287506104
826.5,2.2421631813049316
826.6,2.235854387283325
826.7,2.2300257682800293
826.8000000000001,2.228043556213379
826.9000000000001,2.2312698364257812
827.0,2.2391786575317383
827.1,2.2342336177825928
827.2,2.237448215484619
827.3000000000001,2.230742931365967
827.4000000000001,2.218184471130371
827.5,2.2210819721221924
827.6,2.236865520477295
827.7,2.229668617248535
827.8000000000001,2.2312989234924316
827.9000000000001,2.2408435344696045
828.0,2.233044147491455
828.1,2.2271151542663574
828.2,2.2316417694091797
828.3000000000001,2.2372853755950928
828.4000000000001,2.2248528003692627
828.5,2.2189719676971436
828.6,2.2267038822174072
828.7,2.2285637855529785
828.8000000000001,2.218205451965332
828.9000000000001,2.2401070594787598
829.0,2.233381509780884
829.1,2.222710132598877
829.2,2.23160982131958
829.3000000000001,2.222046375274658
829.4000000000001,2.2183423042297363
829.5,2.2242889404296875
829.6,2.231184482574463
829.7,2.2347800731658936
829.8000000000001,2.2262563705444336
829.9000000000001,2.225175619125366
830.0,2.2346789836883545
830.1,2.236414909362793
830.2,2.2247250080108643
830.3000000000001,2.2093491554260254
830.4000000000001,2.226353883743286
830.5,2.2317941188812256
830.6,2.2210047245025635
830.7,2.2180378437042236
830.8000000000001,2.2317123413085938
830.9000000000001,2.2254562377929688
831.0,2.2247323989868164
831.1,2.240814685821533
831.2,2.2280495166778564
831.3000000000001,2.2309954166412354
831.4000000000001,2.2146434783935547
831.5,2.219233989715576
831.6,2.2342028617858887
831.7,2.2271785736083984
831.8000000000001,2.2331695556640625
831.9000000000001,2.2265357971191406
832.0,2.229853868484497
832.1,2.233013391494751
832.2,2.227006673812866
832.3000000000001,2.2340621948242188
832.4000000000001,2.220869302749634
832.5,2.223193645477295
832.6,2.226773977279663
832.7,2.209541082382202
832.8000000000001,2.2187461853027344
832.9000000000001,2.2137081623077393
833.0,2.217888355255127
833.1,2.219674825668335
833.2,2.216416597366333
833.3000000000001,2.2173657417297363
833.4000000000001,2.2220842838287354
833.5,2.2220609188079834
833.6,2.226391077041626
833.7,2.2281463146209717
833.8000000000001,2.2168352603912354
833.9000000000001,2.2280242443084717
834.0,2.2287447452545166
834.1,2.2126235961914062
834.2,2.2207770347595215
834.3000000000001,2.213108777999878
834.4000000000001,2.2227344512939453
834.5,2.218592643737793
834.6,2.2145795822143555
834.7,2.216869354248047
834.8000000000001,2.223710060119629
834.9000000000001,2.2145838737487793
835.0,2.2055232524871826
835.1,2.213646650314331
835.2,2.2036914825439453
835.3000000000001,2.2176895141601562
835.4000000000001,2.2233009338378906
835.5,2.2103679180145264
835.6,2.21515154838562
835.7,2.214193105697632
835.8000000000001,2.216686248779297
835.9000000000001,2.206404685974121
836.0,2.2065985202789307
836.1,2.2144434452056885
836.2,2.2172505855560303
836.3000000000001,2.218193292617798
836.4000000000001,2.2156453132629395
836.5,2.2197563648223877
836.6,2.2247376441955566
836.7,2.2130017280578613
836.8000000000001,2.2078192234039307
836.9000000000001,2.214231491088867
837.0,2.198112726211548
837.1,2.205118417739868
837.2,2.209822654724121
837.3000000000001,2.213280439376831
837.4000000000001,2.220820903778076
837.5,2.2139408588409424
837.6,2.213569402694702
837.7,2.215596914291382
837.8000000000001,2.207146644592285
837.9000000000001,2.204686164855957
838.0,2.2217495441436768
838.1,2.2231931686401367
838.2,2.2036211490631104
838.3000000000001,2.206143379211426
838.4000000000001,2.207397937774658
838.5,2.2152748107910156
838.6,2.208629608154297
838.7,2.195775032043457
838.8000000000001,2.203718423843384
838.9000000000001,2.2164885997772217
839.0,2.2200942039489746
839.1,2.209240436553955
839.2,2.20505952835083
839.3000000000001,2.205655813217163
839.4000000000001,2.2010464668273926
839.5,2.2043607234954834
839.6,2.20784592628479
839.7,2.20780086517334
839.8000000000001,2.19480562210083
839.9000000000001,2.200056791305542
840.0,2.1988534927368164
840.1,2.2074363231658936
840.2,2.1926841735839844
840.3000000000001,2.1976616382598877
840.4000000000001,2.2003540992736816
840.5,2.208348274230957
840.6,2.208623170852661
840.7,2.203584909439087
840.8000000000001,2.2011210918426514
840.9000000000001,2.198629856109619
841.0,2.218576431274414
841.1,2.205273151397705
841.2,2.1931421756744385
841.3000000000001,2.21429443359375
841.4000000000001,2.1995418071746826
841.5,2.209001064300537
841.6,2.20566463470459
841.7,2.2048823833465576
841.8000000000001,2.214085340499878
841.9000000000001,2.204824924468994
842.0,2.2118232250213623
842.1,2.2098300457000732
842.2,2.185793161392212
842.3000000000001,2.2058265209198
842.4000000000001,2.2125120162963867
842.5,2.1993627548217773
842.6,2.2013065814971924
842.7,2.1998984813690186
842.8000000000001,2.200812578201294
842.9000000000001,2.2025086879730225
843.0,2.1972811222076416
843.1,2.2043638229370117
843.2,2.207009792327881
843.3000000000001,2.1979973316192627
843.4000000000001,2.198546886444092
843.5,2.1951746940612793
843.6,2.1980137825012207
843.7,2.2091238498687744
843.8000000000001,2.1906464099884033
843.9000000000001,2.2054443359375
844.0,2.20491886138916
844.1,2.19377064704895
844.2,2.200692653656006
844.3000000000001,2.1896121501922607
844.4000000000001,2.1925032138824463
844.5,2.201348066329956
844.6,2.2039313316345215
844.7,2.194822311401367
844.8000000000001,2.198221445083618
844.9000000000001,2.213711977005005
845.0,2.2081310749053955
845.1,2.2085978984832764
845.2,2.210752010345459
845.3000000000001,2.19260573387146
845.4000000000001,2.2026236057281494
845.5,2.2071516513824463
845.6,2.199432134628296
845.7,2.19828724861145
845.8000000000001,2.1933131217956543
845.9000000000001,2.196748971939087
846.0,2.2048563957214355
846.1,2.195469617843628
846.2,2.189699172973633
846.3000000000001,2.200848340988159
846.4000000000001,2.1844966411590576
846.5,2.199098587036133
846.6,2.1947848796844482
846.7,2.1935579776763916
846.8000000000001,2.189387321472168
846.9000000000001,2.1937899589538574
847.0,2.2034997940063477
847.1,2.203068733215332
847.2,2.198652744293213
847.3000000000001,2.1999359130859375
847.4000000000001,2.198845863342285
847.5,2.204468011856079
847.6,2.195675849914551
847.7,2.1930959224700928
847.8000000000001,2.2100274562835693
847.9000000000001,2.190303325653076
848.0,2.1813881397247314
848.1,2.1936933994293213
848.2,2.196601629257202
848.3000000000001,2.1914408206939697
848.4000000000001,2.192930221557617
848.5,2.189742088317871
848.6,2.195957660675049
848.7,2.194603204727173
848.8000000000001,2.1966261863708496
848.9000000000001,2.183408260345459
849.0,2.1940643787384033
849.1,2.1988205909729004
849.2,2.186173915863037
849.3000000000001,2.1863718032836914
849.4000000000001,2.194073438644409
849.5,2.174802541732788
849.6,2.1935198307037354
849.7,2.1746065616607666
849.8000000000001,2.1752583980560303
849.9000000000001,2.195873498916626
850.0,2.183600425720215
850.1,2.1832759380340576
850.2,2.1877589225769043
850.3000000000001,2.1969399452209473
850.4000000000001,2.1975746154785156
850.5,2.1813948154449463
850.6,2.1921749114990234
850.7,2.187812089920044
850.8000000000001,2.187959671020508
850.9000000000001,2.1809661388397217
851.0,2.1923987865448
851.1,2.1934003829956055
851.2,2.186290979385376
851.3000000000001,2.1870853900909424
851.4000000000001,2.189317226409912
851.5,2.183654546737671
851.6,2.192964792251587
851.7,2.182115316390991
851.8000000000001,2.1741864681243896
851.9000000000001,2.194345712661743
852.0,2.1745121479034424
852.1,2.184648275375366
852.2,2.1968159675598145
852.3000000000001,2.1812903881073
852.4000000000001,2.182805061340332
852.5,2.1772263050079346
852.6,2.1954128742218018
852.7,2.1746573448181152
852.8000000000001,2.1816508769989014
852.9000000000001,2.1878509521484375
853.0,2.1850483417510986
853.1,2.1823391914367676
853.2,2.1819300651550293
853.3000000000001,2.191514253616333
853.4000000000001,2.1892902851104736
853.5,2.181915760040283
853.6,2.182368755340576
853.7,2.1815333366394043
853.8000000000001,2.1901164054870605
853.9000000000001,2.180586814880371
854.0,2.188458204269409
854.1,2.1805367469787598
854.2,2.181879758834839
854.3000000000001,2.1828627586364746
854.4000000000001,2.1838560104370117
854.5,2.183074951171875
854.6,2.1795008182525635
854.7,2.179783821105957
854.8000000000001,2.1787633895874023
854.9000000000001,2.190293788909912
855.0,2.1846163272857666
855.1,2.181407928466797
855.2,2.1714625358581543
855.3000000000001,2.158642292022705
855.4000000000001,2.173910140991211
855.5,2.1710901260375977
855.6,2.178638458251953
855.7,2.1713595390319824
855.8000000000001,2.1637489795684814
855.9000000000001,2.1837098598480225
856.0,2.1798787117004395
856.1,2.173670768737793
856.2,2.180264472961426
856.3000000000001,2.176569938659668
856.4000000000001,2.1786625385284424
856.5,2.1660408973693848
856.6,2.177075147628784
856.7,2.1896886825561523
856.8000000000001,2.1622116565704346
856.9000000000001,2.174812078475952
857.0,2.184615135192871
857.1,2.1792068481445312
857.2,2.180845260620117
857.3000000000001,2.1842873096466064
857.4000000000001,2.182283401489258
857.5,2.1869866847991943
857.6,2.1738054752349854
857.7,2.178304433822632
857.8000000000001,2.175855875015259
857.9000000000001,2.175349712371826
858.0,2.17909836769104
858.1,2.171919345855713
858.2,2.1782312393188477
858.3000000000001,2.178287982940674
858.4000000000001,2.182279109954834
858.5,2.1757068634033203
858.6,2.179020404815674
858.7,2.1784157752990723
858.8000000000001,2.1651675701141357
858.9000000000001,2.1618199348449707
859.0,2.178591728210449
859.1,2.1643927097320557
859.2,2.1730549335479736
859.3000000000001,2.1761934757232666
859.4000000000001,2.1727139949798584
859.5,2.17153263092041
859.6,2.1519525051116943
859.7,2.1748549938201904
859.8000000000001,2.17718505859375
859.9000000000001,2.1628456115722656
860.0,2.1700830459594727
860.1,2.1668381690979004
860.2,2.178699016571045
860.3000000000001,2.1605162620544434
860.4000000000001,2.1653342247009277
860.5,2.1646623611450195
860.6,2.1695830821990967
860.7,2.173336982727051
860.8000000000001,2.1789064407348633
860.9000000000001,2.16729736328125
861.0,2.178834915161133
861.1,2.163130760192871
861.2,2.1754941940307617
861.3000000000001,2.1709578037261963
861.4000000000001,2.1693115234375
861.5,2.1703038215637207
861.6,2.162774085998535
861.7,2.18194317817688
861.8000000000001,2.1761438846588135
861.9000000000001,2.17339825630188
862.0,2.1688411235809326
862.1,2.1613521575927734
862.2,2.1741533279418945
862.3000000000001,2.1747426986694336
862.4000000000001,2.173088312149048
862.5,2.1647510528564453
862.6,2.166504383087158
862.7,2.1694352626800537
862.8000000000001,2.157172679901123
862.9000000000001,2.165605068206787
863.0,2.175689935684204
863.1,2.158888339996338
863.2,2.1449954509735107
863.3000000000001,2.1630849838256836
863.4000000000001,2.1639509201049805
863.5,2.171663522720337
863.6,2.1653859615325928
863.7,2.1646339893341064
863.8000000000001,2.1612625122070312
863.9000000000001,2.162515640258789
864.0,2.160720109939575
864.1,2.1647696495056152
864.2,2.1627378463745117
864.3000000000001,2.169461727142334
864.4000000000001,2.1573920249938965
864.5,2.1669297218322754
864.6,2.1646780967712402
864.7,2.165304183959961
864.8000000000001,2.1659703254699707
864.9000000000001,2.158006429672241
865.0,2.156991720199585
865.1,2.164250612258911
865.2,2.1551883220672607
865.3000000000001,2.155914068222046
865.4000000000001,2.1545145511627197
865.5,2.147247552871704
865.6,2.1645865440368652
865.7,2.157269239425659
865.8000000000001,2.1544387340545654
865.9000000000001,2.149923086166382
866.0,2.1755623817443848
866.1,2.1627676486968994
866.2,2.164989709854126
866.3000000000001,2.1604197025299072
866.4000000000001,2.175569534301758
866.5,2.1632378101348877
866.6,2.1626737117767334
866.7,2.1640238761901855
866.8000000000001,2.1659839153289795
866.9000000000001,2.154757022857666
867.0,2.161954641342163
867.1,2.1622390747070312
867.2,2.1604676246643066
867.3000000000001,2.1526732444763184
867.4000000000001,2.1592764854431152
867.5,2.1685452461242676
867.6,2.158113479614258
867.7,2.1644349098205566
867.8000000000001,2.1623547077178955
867.9000000000001,2.158515453338623
868.0,2.162752389907837
868.1,2.161721706390381
868.2,2.1531379222869873
868.3000000000001,2.1616170406341553
868.4000000000001,2.1516833305358887
868.5,2.15388560295105
868.6,2.1534223556518555
868.7,2.158048152923584
868.8000000000001,2.153916120529175
868.9000000000001,2.157433032989502
869.0,2.160823345184326
869.1,2.143993854522705
869.2,2.1485402584075928
869.3000000000001,2.1486947536468506
869.4000000000001,2.1464545726776123
869.5,2.1581504344940186
869.6,2.1580371856689453
869.7,2.13543438911438
869.8000000000001,2.1583287715911865
869.9000000000001,2.1564910411834717
870.0,2.1624703407287598
870.1,2.158393383026123
870.2,2.1656014919281006
870.3000000000001,2.156243324279785
870.4000000000001,2.1525583267211914
870.5,2.147493362426758
870.6,2.131800413131714
870.7,2.133476972579956
870.8000000000001,2.1593708992004395
870.9000000000001,2.1617298126220703
871.0,2.1530768871307373
871.1,2.1542248725891113
871.2,2.1544978618621826
871.3000000000001,2.150069236755371
871.4000000000001,2.1585285663604736
871.5,2.1600677967071533
871.6,2.1480486392974854
871.7,2.156829833984375
871.8000000000001,2.1472578048706055
871.9000000000001,2.150279998779297
872.0,2.1510884761810303
872.1,2.1570820808410645
872.2,2.147143602371216
872.3000000000001,2.1437056064605713
872.4000000000001,2.156057357788086
872.5,2.149885892868042
872.6,2.137424945831299
872.7,2.1489531993865967
872.8000000000001,2.1239256858825684
872.9000000000001,2.1482603549957275
873.0,2.1439943313598633
873.1,2.1423819065093994
873.2,2.152160167694092
873.3000000000001,2.1435561180114746
873.4000000000001,2.1387434005737305
873.5,2.1391003131866455
873.6,2.140320301055908
873.7,2.1458234786987305
873.8000000000001,2.142368793487549
873.9000000000001,2.1313118934631348
874.0,2.1576104164123535
874.1,2.130263566970825
874.2,2.1531906127929688
874.3000000000001,2.1516897678375244
874.4000000000001,2.142396926879883
874.5,2.128317356109619
874.6,2.148794651031494
874.7,2.153796672821045
874.8000000000001,2.1471681594848633
874.9000000000001,2.1352672576904297
875.0,2.130453109741211
875.1,2.136357307434082
875.2,2.1463510990142822
875.3000000000001,2.14083194732666
875.4000000000001,2.138906955718994
875.5,2.136695146560669
875.6,2.1419196128845215
875.7,2.1406257152557373
875.8000000000001,2.133854389190674
875.9000000000001,2.147629499435425
876.0,2.13688063621521
876.1,2.144753932952881
876.2,2.1402130126953125
876.3000000000001,2.124779224395752
876.4000000000001,2.1243503093719482
876.5,2.141462564468384
876.6,2.142944812774658
876.7,2.1426918506622314
876.8000000000001,2.158397912979126
876.9000000000001,2.1341965198516846
877.0,2.1463518142700195
877.1,2.1424479484558105
877.2,2.142805337905884
877.3000000000001,2.136918783187866
877.4000000000001,2.1337249279022217
877.5,2.148906707763672
877.6,2.1317598819732666
877.7,2.1402199268341064
877.8000000000001,2.130707025527954
877.9000000000001,2.1384799480438232
878.0,2.130889654159546
878.1,2.139655828475952
878.2,2.127401113510132
878.3000000000001,2.147242546081543
878.4000000000001,2.1404292583465576
878.5,2.1379685401916504
878.6,2.1413142681121826
878.7,2.1396241188049316
878.8000000000001,2.144274950027466
878.9000000000001,2.136943817138672
879.0,2.1260111331939697
879.1,2.1423580646514893
879.2,2.1360628604888916
879.3000000000001,2.139047861099243
879.4000000000001,2.141964912414551
879.5,2.1384847164154053
879.6,2.1303765773773193
879.7,2.130976438522339
879.8000000000001,2.1214261054992676
879.9000000000001,2.1444361209869385
880.0,2.134711742401123
880.1,2.1385245323181152
880.2,2.137918472290039
880.3000000000001,2.1463561058044434
880.4000000000001,2.140331506729126
880.5,2.125943422317505
880.6,2.1370174884796143
880.7,2.123981475830078
880.8000000000001,2.13417649269104
880.9000000000001,2.1481406688690186
881.0,2.1463253498077393
881.1,2.139801025390625
881.2,2.141645669937134
881.3000000000001,2.132774591445923
881.4000000000001,2.1257877349853516
881.5,2.130368947982788
881.6,2.1385176181793213
881.7,2.130786180496216
881.8000000000001,2.1397504806518555
881.9000000000001,2.1385529041290283
882.0,2.129593849182129
882.1,2.1342904567718506
882.2,2.1276254653930664
882.3000000000001,2.1301095485687256
882.4000000000001,2.1429545879364014
882.5,2.1265225410461426
882.6,2.124481678009033
882.7,2.142639636993408
882.8000000000001,2.131154775619507
882.9000000000001,2.1303954124450684
883.0,2.1274449825286865
883.1,2.1245787143707275
883.2,2.136033535003662
883.3000000000001,2.1347241401672363
883.4000000000001,2.1313633918762207
883.5,2.1157796382904053
883.6,2.1319022178649902
883.7,2.1212689876556396
883.8000000000001,2.1282873153686523
883.9000000000001,2.131211996078491
884.0,2.1326589584350586
884.1,2.1359496116638184
884.2,2.1156630516052246
884.3000000000001,2.134014129638672
884.4000000000001,2.121201992034912
884.5,2.128263473510742
884.6,2.1237165927886963
884.7,2.1222550868988037
884.8000000000001,2.1342787742614746
884.9000000000001,2.1237118244171143
885.0,2.1267318725585938
885.1,2.138230085372925
885.2,2.1210222244262695
885.3000000000001,2.1268346309661865
885.4000000000001,2.122792959213257
885.5,2.131502151489258
885.6,2.1232173442840576
885.7,2.1359124183654785
885.8000000000001,2.112931251525879
885.9000000000001,2.1292943954467773
886.0,2.122121810913086
886.1,2.1261894702911377
886.2,2.1167306900024414
886.3000000000001,2.1215598583221436
886.4000000000001,2.1262776851654053
886.5,2.1243622303009033
886.6,2.1165363788604736
886.7,2.1292238235473633
886.8000000000001,2.1249635219573975
886.9000000000001,2.1156249046325684
887.0,2.1295382976531982
887.1,2.1201331615448
887.2,2.1203811168670654
887.3000000000001,2.1278319358825684
887.4000000000001,2.116265058517456
887.5,2.1226325035095215
887.6,2.115924119949341
887.7,2.1210641860961914
887.8000000000001,2.121786117553711
887.9000000000001,2.1204521656036377
888.0,2.130917549133301
888.1,2.117384195327759
888.2,2.1351420879364014
888.3000000000001,2.1233887672424316
888.4000000000001,2.1284079551696777
888.5,2.125173568725586
888.6,2.1239919662475586
888.7,2.1228511333465576
888.8000000000001,2.114638566970825
888.9000000000001,2.127105712890625
889.0,2.119077682495117
889.1,2.1186587810516357
889.2,2.1234800815582275
889.3000000000001,2.116117477416992
889.4000000000001,2.126469135284424
889.5,2.1308395862579346
889.6,2.1273889541625977
889.7,2.120387554168701
889.8000000000001,2.1116209030151367
889.9000000000001,2.1357529163360596
890.0,2.1131269931793213
890.1,2.12308669090271
890.2,2.10949969291687
890.3000000000001,2.1240322589874268
890.4000000000001,2.101677656173706
890.5,2.1060726642608643
890.6,2.104457139968872
890.7,2.128208637237549
890.8000000000001,2.12282657623291
890.9000000000001,2.104785442352295
891.0,2.111666202545166
891.1,2.1149189472198486
891.2,2.1088461875915527
891.3000000000001,2.109354019165039
891.4000000000001,2.13081955909729
891.5,2.123178482055664
891.6,2.1044998168945312
891.7,2.1111714839935303
891.8000000000001,2.108936071395874
891.9000000000001,2.120429754257202
892.0,2.1255788803100586
892.1,2.1124789714813232
892.2,2.102864980697632
892.3000000000001,2.111598014831543
892.4000000000001,2.1189708709716797
892.5,2.1046557426452637
892.6,2.1176648139953613
892.7,2.1142828464508057
892.8000000000001,2.116925001144409
892.9000000000001,2.1119046211242676
893.0,2.1203153133392334
893.1,2.1057536602020264
893.2,2.118349313735962
893.3000000000001,2.1048331260681152
893.4000000000001,2.1225061416625977
893.5,2.106872081756592
893.6,2.1068873405456543
893.7,2.1203970909118652
893.8000000000001,2.112452983856201
893.9000000000001,2.1128251552581787
894.0,2.1124324798583984
894.1,2.1208345890045166
894.2,2.108715057373047
894.3000000000001,2.11639666557312
894.4000000000001,2.1028246879577637
894.5,2.111239433288574
894.6,2.103715658187866
894.7,2.119957447052002
894.8000000000001,2.1042797565460205
894.9000000000001,2.1117305755615234
895.0,2.1083147525787354
895.1,2.1117796897888184
895.2,2.1131131649017334
895.3000000000001,2.11311411857605
895.4000000000001,2.1036791801452637
895.5,2.0990304946899414
895.6,2.0988926887512207
895.7,2.1023857593536377
895.8000000000001,2.1118462085723877
895.9000000000001,2.1042356491088867
896.0,2.1032462120056152
896.1,2.105483293533325
896.2,2.1036126613616943
896.3000000000001,2.106689453125
896.4000000000001,2.1081929206848145
896.5,2.111419677734375
896.6,2.1184608936309814
896.7,2.1144278049468994
896.8000000000001,2.1073498725891113
896.9000000000001,2.111605405807495
897.0,2.0960800647735596
897.1,2.101736307144165
897.2,2.100503921508789
897.3000000000001,2.106191396713257
897.4000000000001,2.1050429344177246
897.5,2.112819194793701
897.6,2.1110010147094727
897.7,2.1092498302459717
897.8000000000001,2.089857339859009
897.9000000000001,2.099792718887329
898.0,2.0999555587768555
898.1,2.109142780303955
898.2,2.1121513843536377
898.3000000000001,2.105862617492676
898.4000000000001,2.1096105575561523
898.5,2.106931209564209
898.6,2.1014063358306885
898.7,2.0905356407165527
898.8000000000001,2.113734245300293
898.9000000000001,2.094510555267334
899.0,2.114145278930664
899.1,2.1087985038757324
899.2,2.0973622798919678
899.3000000000001,2.111321449279785
899.4000000000001,2.1067209243774414
899.5,2.102262258529663
899.6,2.1023318767547607
899.7,2.0915424823760986
899.8000000000001,2.094883918762207
899.9000000000001,2.0901763439178467
900.0,2.095503091812134
900.1,2.0956597328186035
900.2,2.112682819366455
900.3000000000001,2.0991859436035156
900.4000000000001,2.093013286590576
900.5,2.097809314727783
900.6,2.0997302532196045
900.7,2.0963220596313477
900.8000000000001,2.1086583137512207
900.9000000000001,2.1067090034484863
901.0,2.1039316654205322
901.1,2.0964603424072266
901.2,2.0797741413116455
901.3000000000001,2.101377010345459
901.4000000000001,2.1030826568603516
901.5,2.098053216934204
901.6,2.096489191055298
901.7,2.1021454334259033
901.8000000000001,2.0973987579345703
901.9000000000001,2.0898923873901367
902.0,2.095893144607544
902.1,2.1067755222320557
902.2,2.0977401733398438
902.3000000000001,2.1001596450805664
902.4000000000001,2.0958056449890137
902.5,2.0987088680267334
902.6,2.097106456756592
902.7,2.0928573608398438
902.8000000000001,2.095003128051758
902.9000000000001,2.083639621734619
903.0,2.106501340866089
903.1,2.1014885902404785
903.2,2.0924887657165527
903.3000000000001,2.081458806991577
903.4000000000001,2.0958778858184814
903.5,2.0991790294647217
903.6,2.0897481441497803
903.7,2.0998356342315674
903.8000000000001,2.0927703380584717
903.9000000000001,2.1028130054473877
904.0,2.1046457290649414
904.1,2.085662603378296
904.2,2.0858802795410156
904.3000000000001,2.100252151489258
904.4000000000001,2.1017391681671143
904.5,2.102444648742676
904.6,2.092583656311035
904.7,2.0858304500579834
904.8000000000001,2.099473714828491
904.9000000000001,2.0867600440979004
905.0,2.0984280109405518
905.1,2.0970351696014404
905.2,2.095648765563965
905.3000000000001,2.0964977741241455
905.4000000000001,2.083531618118286
905.5,2.082604169845581
905.6,2.0931038856506348
905.7,2.1057865619659424
905.8000000000001,2.093360662460327
905.9000000000001,2.0884599685668945
906.0,2.087874412536621
906.1,2.098944902420044
906.2,2.092618942260742
906.3000000000001,2.09552264213562
906.4000000000001,2.089782238006592
906.5,2.0804507732391357
906.6,2.0886881351470947
906.7,2.0879530906677246
906.8000000000001,2.0935401916503906
906.9000000000001,2.0899131298065186
907.0,2.0841522216796875
907.1,2.095305919647217
907.2,2.0973517894744873
907.3000000000001,2.097348928451538
907.4000000000001,2.095777988433838
907.5,2.085411548614502
907.6,2.0833849906921387
907.7,2.083568811416626
907.8000000000001,2.0967304706573486
907.9000000000001,2.0950374603271484
908.0,2.094947099685669
908.1,2.0807061195373535
908.2,2.0911808013916016
908.3000000000001,2.0829102993011475
908.4000000000001,2.097045421600342
908.5,2.089296579360962
908.6,2.078644275665283
908.7,2.074857234954834
908.8000000000001,2.083322763442993
908.9000000000001,2.0774102210998535
909.0,2.088515043258667
909.1,2.0878422260284424
909.2,2.0994598865509033
909.3000000000001,2.0943830013275146
909.4000000000001,2.087848663330078
909.5,2.088916301727295
909.6,2.0813491344451904
909.7,2.08610463142395
909.8000000000001,2.0869410037994385
909.9000000000001,2.0808305740356445
910.0,2.0920825004577637
910.1,2.0848388671875
910.2,2.079974889755249
910.3000000000001,2.0860352516174316
910.4000000000001,2.084517002105713
910.5,2.0529868602752686
910.6,2.0957353115081787
910.7,2.082686424255371
910.8000000000001,2.0787792205810547
910.9000000000001,2.078613758087158
911.0,2.083482265472412
911.1,2.08315110206604
911.2,2.075908660888672
911.3000000000001,2.0882747173309326
911.4000000000001,2.0847787857055664
911.5,2.094019651412964
911.6,2.0790493488311768
911.7,2.084256410598755
911.8000000000001,2.083359718322754
911.9000000000001,2.0795774459838867
912.0,2.085439682006836
912.1,2.083158254623413
912.2,2.069007158279419
912.3000000000001,2.077186107635498
912.4000000000001,2.0760340690612793
912.5,2.0821313858032227
912.6,2.089536428451538
912.7,2.0734477043151855
912.8000000000001,2.0756664276123047
912.9000000000001,2.084279775619507
913.0000000000001,2.088002920150757
913.1,2.0820324420928955
913.2,2.088846445083618
913.3000000000001,2.078810930252075
913.4000000000001,2.08754825592041
913.5000000000001,2.088200807571411
913.6,2.0765669345855713
913.7,2.085106372833252
913.8000000000001,2.079122304916382
913.9000000000001,2.088900566101074
914.0000000000001,2.084805727005005
914.1,2.0745604038238525
914.2,2.0726866722106934
914.3000000000001,2.078111171722412
914.4000000000001,2.0835320949554443
914.5000000000001,2.0901448726654053
914.6,2.081012725830078
914.7,2.0878894329071045
914.8000000000001,2.068197250366211
914.9000000000001,2.081268072128296
915.0000000000001,2.0747170448303223
915.1,2.079519033432007
915.2,2.0687177181243896
915.3000000000001,2.079676866531372
915.4000000000001,2.0755257606506348
915.5000000000001,2.0863850116729736
915.6,2.0751781463623047
915.7,2.0690431594848633
915.8000000000001,2.071810007095337
915.9000000000001,2.0793533325195312
916.0000000000001,2.074517250061035
916.1,2.064821481704712
916.2,2.0782670974731445
916.3000000000001,2.0849735736846924
916.4000000000001,2.0719196796417236
916.5000000000001,2.0763132572174072
916.6,2.0834426879882812
916.7,2.088026762008667
916.8000000000001,2.0827064514160156
916.9000000000001,2.0728304386138916
917.1,2.0701849460601807
917.1,2.076131582260132
917.2,2.0630617141723633
917.3000000000001,2.07299542427063
917.4000000000001,2.057405710220337
917.5000000000001,2.0808911323547363
917.6,2.063741445541382
917.7,2.075789451599121
917.8000000000001,2.075289726257324
917.9000000000001,2.0662524700164795
918.0000000000001,2.0748848915100098
918.1,2.0663206577301025
918.2,2.070122718811035
918.3000000000001,2.071565628051758
918.4000000000001,2.0695366859436035
918.5000000000001,2.0689196586608887
918.6,2.067188024520874
918.7,2.0689663887023926
918.8000000000001,2.0701568126678467
918.9000000000001,2.073984384536743
919.0000000000001,2.0688958168029785
919.1,2.081753730773926
919.2,2.0749621391296387
919.3000000000001,2.0780251026153564
919.4000000000001,2.0653536319732666
919.5000000000001,2.0725667476654053
919.6,2.065609931945801
919.7,2.075019359588623
919.8000000000001,2.0704281330108643
919.9000000000001,2.069920063018799
920.0000000000001,2.0648632049560547
920.1,2.080090284347534
920.2,2.083566188812256
920.3000000000001,2.070246934890747
920.4000000000001,2.0753023624420166
920.5000000000001,2.0700502395629883
920.6,2.0769882202148438
920.7,2.065133571624756
920.8000000000001,2.0643081665039062
920.9000000000001,2.073138475418091
921.0000000000001,2.065622091293335
921.1,2.061152458190918
921.2,2.051511764526367
921.3000000000001,2.0637123584747314
921.4000000000001,2.068821430206299
921.5000000000001,2.067121744155884
921.6,2.0602316856384277
921.7,2.0599284172058105
921.8000000000001,2.0727181434631348
921.9000000000001,2.073132038116455
922.0000000000001,2.0724050998687744
922.1,2.0717966556549072
922.2,2.0740244388580322
922.3000000000001,2.0601601600646973
922.4000000000001,2.0628809928894043
922.5000000000001,2.064997911453247
922.6,2.060940742492676
922.7,2.0673086643218994
922.8000000000001,2.064081907272339
922.9000000000001,2.064260482788086
923.0000000000001,2.054826498031616
923.1,2.0635013580322266
923.2,2.071709156036377
923.3000000000001,2.077482223510742
923.4000000000001,2.045091390609741
923.5000000000001,2.0654549598693848
923.6,2.0753517150878906
923.7,2.044092893600464
923.8000000000001,2.0643272399902344
923.9000000000001,2.07991886138916
924.0000000000001,2.060436248779297
924.1,2.0468852519989014
924.2,2.062128782272339
924.3000000000001,2.0576305389404297
924.4000000000001,2.058253049850464
924.5000000000001,2.061504364013672
924.6,2.0579769611358643
924.7,2.0694591999053955
924.8000000000001,2.0639607906341553
924.9000000000001,2.0562002658843994
925.0000000000001,2.0532469749450684
925.1,2.0489611625671387
925.2,2.0561814308166504
925.3000000000001,2.057685136795044
925.4000000000001,2.064006805419922
925.5000000000001,2.0599617958068848
925.6,2.0524260997772217
925.7,2.0633816719055176
925.8000000000001,2.062533378601074
925.9000000000001,2.066520929336548
926.0000000000001,2.056575298309326
926.1,2.056785821914673
926.2,2.0592477321624756
926.3000000000001,2.058042526245117
926.4000000000001,2.0536458492279053
926.5000000000001,2.0628910064697266
926.6,2.0332252979278564
926.7,2.0649752616882324
926.8000000000001,2.055281639099121
926.9000000000001,2.0572335720062256
927.0000000000001,2.063856840133667
927.1,2.056532382965088
927.2,2.0552353858947754
927.3000000000001,2.043602705001831
927.4000000000001,2.0606911182403564
927.5000000000001,2.059129238128662
927.6,2.055267333984375
927.7,2.0421323776245117
927.8000000000001,2.0615668296813965
927.9000000000001,2.060466766357422
928.0000000000001,2.0607590675354004
928.1,2.05879545211792
928.2,2.050628423690796
928.3000000000001,2.0554401874542236
928.4000000000001,2.053786516189575
928.5000000000001,2.0557000637054443
928.6,2.0616016387939453
928.7,2.0460498332977295
928.8000000000001,2.049100160598755
928.9000000000001,2.0587217807769775
929.0000000000001,2.0632176399230957
929.1,2.0532355308532715
929.2,2.049412965774536
929.3000000000001,2.051262855529785
929.4000000000001,2.044560670852661
929.5000000000001,2.0590686798095703
929.6,2.0592751502990723
929.7,2.0596413612365723
929.8000000000001,2.0594165325164795
929.9000000000001,2.054697036743164
930.0000000000001,2.048560857772827
930.1,2.068552017211914
930.2,2.0571439266204834
930.3000000000001,2.05147123336792
930.4000000000001,2.0528671741485596
930.5000000000001,2.0481503009796143
930.6,2.028956174850464
930.7,2.0515928268432617
930.8000000000001,2.0420594215393066
930.9000000000001,2.058960199356079
931.0000000000001,2.044797897338867
931.1,2.047272205352783
931.2,2.0569403171539307
931.3000000000001,2.0640974044799805
931.4000000000001,2.0504541397094727
931.5000000000001,2.045820474624634
931.6,2.054257392883301
931.7,2.0433592796325684
931.8000000000001,2.0593106746673584
931.9000000000001,2.0564424991607666
932.0000000000001,2.0440826416015625
932.1,2.0488715171813965
932.2,2.035576581954956
932.3000000000001,2.044881820678711
932.4000000000001,2.034224510192871
932.5000000000001,2.0550076961517334
932.6,2.0521233081817627
932.7,2.0349373817443848
932.8000000000001,2.048388719558716
932.9000000000001,2.043071985244751
933.0000000000001,2.056546211242676
933.1,2.053290605545044
933.2,2.042412519454956
933.3000000000001,2.0477302074432373
933.4000000000001,2.0574276447296143
933.5000000000001,2.046222448348999
933.6,2.0539071559906006
933.7,2.0460848808288574
933.8000000000001,2.039358377456665
933.9000000000001,2.0523078441619873
934.0000000000001,2.0516197681427
934.1,2.0498368740081787
934.2,2.053764581680298
934.3000000000001,2.052426338195801
934.4000000000001,2.0479354858398438
934.5000000000001,2.0494415760040283
934.6,2.039285182952881
934.7,2.0425167083740234
934.8000000000001,2.0432493686676025
934.9000000000001,2.045440912246704
935.0000000000001,2.0367748737335205
935.1,2.050997018814087
935.2,2.0429790019989014
935.3000000000001,2.044412612915039
935.4000000000001,2.0472145080566406
935.5000000000001,2.0370981693267822
935.6,2.0493037700653076
935.7,2.047534227371216
935.8000000000001,2.029254913330078
935.9000000000001,2.0427119731903076
936.0000000000001,2.0374672412872314
936.1,2.0414023399353027
936.2,2.0474722385406494
936.3000000000001,2.0387747287750244
936.4000000000001,2.043308734893799
936.5000000000001,2.0517654418945312
936.6,2.0460588932037354
936.7,2.051154851913452
936.8000000000001,2.0446650981903076
936.9000000000001,2.040126323699951
937.0000000000001,2.038693428039551
937.1,2.0441858768463135
937.2,2.0359303951263428
937.3000000000001,2.050344944000244
937.4000000000001,2.041529417037964
937.5000000000001,2.0507538318634033
937.6,2.0338985919952393
937.7,2.0444495677948
937.8000000000001,2.044400930404663
937.9000000000001,2.030010461807251
938.0000000000001,2.04319167137146
938.1,2.0470900535583496
938.2,2.052802562713623
938.3000000000001,2.0453221797943115
938.4000000000001,2.027836561203003
938.5000000000001,2.03509521484375
938.6,2.041008234024048
938.7,2.037040948867798
938.8000000000001,2.0397138595581055
938.9000000000001,2.043456554412842
939.0000000000001,2.046363592147827
939.1,2.0342183113098145
939.2,2.035978078842163
939.3000000000001,2.0348265171051025
939.4000000000001,2.0357398986816406
939.5000000000001,2.0372846126556396
939.6,2.0440988540649414
939.7,2.0407509803771973
939.8000000000001,2.0443079471588135
939.9000000000001,2.0345354080200195
940.0000000000001,2.0356531143188477
940.1,2.0381979942321777
940.2,2.0269548892974854
940.3000000000001,2.042954206466675
940.4000000000001,2.04891037940979
940.5000000000001,2.031069755554199
940.6,2.0386626720428467
940.7,2.0409982204437256
940.8000000000001,2.0429744720458984
940.9000000000001,2.0437591075897217
941.0000000000001,2.048900604248047
941.1,2.0361733436584473
941.2,2.036344528198242
941.3000000000001,2.043980598449707
941.4000000000001,2.027655601501465
941.5000000000001,2.036773920059204
941.6,2.0297651290893555
941.7,2.0396525859832764
941.8000000000001,2.0306196212768555
941.9000000000001,2.041990280151367
942.0000000000001,2.0374186038970947
942.1,2.038254499435425
942.2,2.0362462997436523
942.3000000000001,2.0310630798339844
942.4000000000001,2.038844347000122
942.5000000000001,2.038132905960083
942.6,2.040949583053589
942.7,2.023916006088257
942.8000000000001,2.03291916847229
942.9000000000001,2.02335786819458
943.0000000000001,2.033561944961548
943.1,2.0369555950164795
943.2,2.046295404434204
943.3000000000001,2.026014804840088
943.4000000000001,2.034558057785034
943.5000000000001,2.036344051361084
943.6,2.040292978286743
943.7,2.04783296585083
943.8000000000001,2.0285491943359375
943.9000000000001,2.030363082885742
944.0000000000001,2.0301637649536133
944.1,2.034113883972168
944.2,2.031571388244629
944.3000000000001,2.0323963165283203
944.4000000000001,2.031909465789795
944.5000000000001,2.0310308933258057
944.6,2.034491539001465
944.7,2.0278027057647705
944.8000000000001,2.0361971855163574
944.9000000000001,2.017124652862549
945.0000000000001,2.0286519527435303
945.1,2.0275912284851074
945.2,2.023836374282837
945.3000000000001,2.0374348163604736
945.4000000000001,2.0259342193603516
945.5000000000001,2.020977735519409
945.6,2.0255753993988037
945.7,2.031390905380249
945.8000000000001,2.036771535873413
945.9000000000001,2.019831418991089
946.0000000000001,2.0291292667388916
946.1,2.0404505729675293
946.2,2.0397789478302
946.3000000000001,2.0339112281799316
946.4000000000001,2.020826578140259
946.5000000000001,2.026456832885742
946.6,2.031985282897949
946.7,2.02632999420166
946.8000000000001,2.021977186203003
946.9000000000001,2.020078420639038
947.0000000000001,2.0341973304748535
947.1,2.0231666564941406
947.2,2.031252384185791
947.3000000000001,2.034768581390381
947.4000000000001,2.0254454612731934
947.5000000000001,2.0184926986694336
947.6,2.035539388656616
947.7,2.0318052768707275
947.8000000000001,2.0321614742279053
947.9000000000001,2.0354111194610596
948.0000000000001,2.021890640258789
948.1,2.0327179431915283
948.2,2.0303635597229004
948.3000000000001,2.03611421585083
948.4000000000001,2.015716075897217
948.5000000000001,2.0258400440216064
948.6,2.035916805267334
948.7,2.0319409370422363
948.8000000000001,2.0267817974090576
948.9000000000001,2.0200672149658203
949.0000000000001,2.02264404296875
949.1,2.0232901573181152
949.2,2.032935857772827
949.3000000000001,2.022514581680298
949.4000000000001,2.0301549434661865
949.5000000000001,2.0253608226776123
949.6,2.024306535720825
949.7,2.031254529953003
949.8000000000001,2.018899917602539
949.9000000000001,2.0373904705047607
950.0000000000001,2.0148391723632812
950.1,2.022538185119629
950.2,2.0287389755249023
950.3000000000001,2.02498197555542
950.4000000000001,2.018033027648926
950.5000000000001,2.0297181606292725
950.6,2.0186781883239746
950.7,2.0217220783233643
950.8000000000001,2.016826868057251
950.9000000000001,2.029766321182251
951.0000000000001,2.014540672302246
951.1,2.0275089740753174
951.2,2.0229456424713135
951.3000000000001,2.013274669647217
951.4000000000001,2.0227293968200684
951.5000000000001,2.003169298171997
951.6,2.0057475566864014
951.7,2.0054101943969727
951.8000000000001,2.0222513675689697
951.9000000000001,2.020063638687134
952.0000000000001,2.021099090576172
952.1,2.0320115089416504
952.2,2.022263765335083
952.3000000000001,2.020899534225464
952.4000000000001,2.026599645614624
952.5000000000001,2.037243366241455
952.6,2.015977621078491
952.7,2.0216262340545654
952.8000000000001,2.0228211879730225
952.9000000000001,2.01667857170105
953.0000000000001,2.0286037921905518
953.1,2.0212974548339844
953.2,2.026500701904297
953.3000000000001,2.020082712173462
953.4000000000001,2.0213868618011475
953.5000000000001,2.0276260375976562
953.6,2.034409999847412
953.7,2.020192861557007
953.8000000000001,2.011514186859131
953.9000000000001,2.036487579345703
954.0000000000001,2.004422903060913
954.1,2.020397424697876
954.2,2.022817850112915
954.3000000000001,2.0249991416931152
954.4000000000001,2.0135180950164795
954.5000000000001,2.0189483165740967
954.6,2.023024797439575
954.7,2.0301380157470703
954.8000000000001,2.01764178276062
954.9000000000001,2.0153567790985107
955.0000000000001,2.0186052322387695
955.1,2.021929979324341
955.2,2.009244441986084
955.3000000000001,2.01882004737854
955.4000000000001,2.019702196121216
955.5000000000001,2.0179264545440674
955.6,2.010955572128296
955.7,2.0193123817443848
955.8000000000001,2.021052122116089
955.9000000000001,2.015551805496216
956.0000000000001,2.0224363803863525
956.1,2.0230932235717773
956.2,2.0278916358947754
956.3000000000001,2.0181896686553955
956.4000000000001,2.019984722137451
956.5000000000001,2.022674798965454
956.6,2.0085861682891846
956.7,2.0250699520111084
956.8000000000001,2.0124688148498535
956.9000000000001,2.0025932788848877
957.0000000000001,2.015868663787842
957.1,2.0119247436523438
957.2,2.0169992446899414
957.3000000000001,2.016940116882324
957.4000000000001,2.014525890350342
957.5000000000001,2.005558490753174
957.6,2.017536163330078
957.7,2.017228364944458
957.8000000000001,2.0183751583099365
957.9000000000001,2.015063524246216
958.0000000000001,2.0105342864990234
958.1,2.0075762271881104
958.2,2.020326852798462
958.3000000000001,2.0049540996551514
958.4000000000001,2.005859613418579
958.5000000000001,2.00231671333313
958.6,2.010662078857422
958.7,2.003023147583008
958.8000000000001,2.014472723007202
958.9000000000001,2.015308141708374
959.0000000000001,2.010023593902588
959.1,2.0178236961364746
959.2,2.0010485649108887
959.3000000000001,2.0182182788848877
959.4000000000001,2.0186243057250977
959.5000000000001,2.010913372039795
959.6,2.0073697566986084
959.7,2.0053060054779053
959.8000000000001,2.001786708831787
959.9000000000001,2.0139715671539307
960.0000000000001,2.0088887214660645
960.1,2.0126681327819824
960.2,2.0077240467071533
960.3000000000001,2.003920078277588
960.4000000000001,2.0120694637298584
960.5000000000001,2.0156075954437256
960.6,2.004824161529541
960.7,2.007798910140991
960.8000000000001,2.0155410766601562
960.9000000000001,2.0132317543029785
961.0000000000001,2.008493423461914
961.1,2.0166518688201904
961.2,2.0090692043304443
961.3000000000001,2.0139760971069336
961.4000000000001,2.0109426975250244
961.5000000000001,2.008002758026123
961.6,2.021029472351074
961.7,2.0048646926879883
961.8000000000001,2.0064613819122314
961.9000000000001,2.0075676441192627
962.0000000000001,2.01119327545166
962.1,2.018418312072754
962.2,2.0148797035217285
962.3000000000001,2.00540828704834
962.4000000000001,2.00713849067688
962.5000000000001,1.9982922077178955
962.6,2.0089991092681885
962.7,2.0064313411712646
962.8000000000001,1.9972257614135742
962.9000000000001,2.014211416244507
963.0000000000001,2.012521505355835
963.1,2.0022099018096924
963.2,2.0109007358551025
963.3000000000001,2.009370803833008
963.4000000000001,2.0050628185272217
963.5000000000001,2.0000739097595215
963.6,2.0146608352661133
963.7,2.0037925243377686
963.8000000000001,2.00673508644104
963.9000000000001,1.9957071542739868
964.0000000000001,2.014683961868286
964.1,2.0023159980773926
964.2,2.0110886096954346
964.3000000000001,1.9943718910217285
964.4000000000001,2.0001556873321533
964.5000000000001,2.0090675354003906
964.6,2.000004768371582
964.7,1.9998503923416138
964.8000000000001,2.0043914318084717
964.9000000000001,2.002037763595581
965.0000000000001,1.9998977184295654
965.1,2.007803201675415
965.2,2.0065033435821533
965.3000000000001,1.999915599822998
965.4000000000001,2.0012736320495605
965.5000000000001,2.0023868083953857
965.6,2.0047523975372314
965.7,2.0064034461975098
965.8000000000001,2.007422685623169
965.9000000000001,2.0032107830047607
966.0000000000001,1.9979617595672607
966.1,2.003812074661255
966.2,1.9996682405471802
966.3000000000001,1.9967402219772339
966.4000000000001,1.997188687324524
966.5000000000001,1.9921163320541382
966.6,2.0017967224121094
966.7,2.007279872894287
966.8000000000001,1.994462251663208
966.9000000000001,1.9897505044937134
967.0000000000001,1.9914618730545044
967.1,2.010952949523926
967.2,1.9973618984222412
967.3000000000001,2.0062825679779053
967.4000000000001,2.005547523498535
967.5000000000001,1.9971493482589722
967.6,2.0121848583221436
967.7,2.005922555923462
967.8000000000001,2.0032360553741455
967.9000000000001,2.013326406478882
968.0000000000001,2.0034866333007812
968.1,1.997863531112671
968.2,2.007739543914795
968.3000000000001,2.0064477920532227
968.4000000000001,2.0047154426574707
968.5000000000001,1.9923293590545654
968.6,2.005141258239746
968.7,1.9994516372680664
968.8000000000001,2.002462148666382
968.9000000000001,1.9999662637710571
969.0000000000001,2.005964994430542
969.1,1.991004467010498
969.2,2.0017662048339844
969.3000000000001,2.009789228439331
969.4000000000001,1.9991682767868042
969.5000000000001,1.9996143579483032
969.6,2.005984306335449
969.7,1.996169090270996
969.8000000000001,2.0111303329467773
969.9000000000001,2.0008199214935303
970.0000000000001,1.9970897436141968
970.1,2.006998300552368
970.2,2.0003364086151123
970.3000000000001,2.003037691116333
970.4000000000001,2.0081911087036133
970.5000000000001,1.9857492446899414
970.6,1.9927020072937012
970.7,1.9939502477645874
970.8000000000001,1.9999181032180786
970.9000000000001,1.9957860708236694
971.0000000000001,1.998282790184021
971.1,1.9925414323806763
971.2,1.9947501420974731
971.3000000000001,1.98920738697052
971.4000000000001,1.9925405979156494
971.5000000000001,2.009124279022217
971.6,1.9984413385391235
971.7,2.0082614421844482
971.8000000000001,2.0023772716522217
971.9000000000001,1.9915199279785156
972.0000000000001,2.0001327991485596
972.1,1.9848994016647339
972.2,1.9836289882659912
972.3000000000001,1.9943729639053345
972.4000000000001,1.9839993715286255
972.5000000000001,1.983723759651184
972.6,1.993916630744934
972.7,2.001580238342285
972.8000000000001,1.9891993999481201
972.9000000000001,1.9987996816635132
973.0000000000001,2.0056943893432617
973.1,2.004225969314575
973.2,1.9951937198638916
973.3000000000001,1.9881446361541748
973.4000000000001,1.9942777156829834
973.5000000000001,1.9995722770690918
973.6,1.9980437755584717
973.7,2.000063180923462
973.8000000000001,1.992424488067627
973.9000000000001,1.9980342388153076
974.0000000000001,1.9933093786239624
974.1,1.993221402168274
974.2,1.973923921585083
974.3000000000001,1.9914522171020508
974.4000000000001,1.9817922115325928
974.5000000000001,1.976025938987732
974.6,1.997622013092041
974.7,2.000438690185547
974.8000000000001,1.9805660247802734
974.9000000000001,1.9932477474212646
975.0000000000001,1.9807885885238647
975.1,1.9923443794250488
975.2,2.0017526149749756
975.3000000000001,1.9815609455108643
975.4000000000001,1.9888794422149658
975.5000000000001,1.9941147565841675
975.6,1.9790996313095093
975.7,1.9977139234542847
975.8000000000001,1.9791923761367798
975.9000000000001,1.9947896003723145
976.0000000000001,1.9968417882919312
976.1,1.9916473627090454
976.2,1.9970769882202148
976.3000000000001,1.99733304977417
976.4000000000001,1.9949665069580078
976.5000000000001,1.9784719944000244
976.6,1.9768627882003784
976.7,1.9938888549804688
976.8000000000001,1.994171142578125
976.9000000000001,1.9860557317733765
977.0000000000001,1.9935426712036133
977.1,1.9818975925445557
977.2,1.99039888381958
977.3000000000001,1.985382318496704
977.4000000000001,1.986937403678894
977.5000000000001,1.9816213846206665
977.6,1.9778186082839966
977.7,1.9955260753631592
977.8000000000001,1.9812945127487183
977.9000000000001,2.001865863800049
978.0000000000001,1.988639235496521
978.1,1.994803547859192
978.2,1.9904248714447021
978.3000000000001,1.9889447689056396
978.4000000000001,1.9986203908920288
978.5000000000001,1.9813926219940186
978.6,1.9871302843093872
978.7,1.9918007850646973
978.8000000000001,1.9922120571136475
978.9000000000001,1.9898443222045898
979.0000000000001,1.9846593141555786
979.1,1.995059609413147
979.2,1.9970135688781738
979.3000000000001,1.9901542663574219
979.4000000000001,1.9825810194015503
979.5000000000001,1.9941173791885376
979.6,1.978105902671814
979.7,1.9875468015670776
979.8000000000001,1.9919049739837646
979.9000000000001,1.9874789714813232
980.0000000000001,1.9862911701202393
980.1,1.9913548231124878
980.2,1.9787909984588623
980.3000000000001,1.982017993927002
980.4000000000001,1.9964848756790161
980.5000000000001,1.9847526550292969
980.6,1.9810616970062256
980.7,1.9885112047195435
980.8000000000001,1.9869121313095093
980.9000000000001,1.9831181764602661
981.0000000000001,1.9947627782821655
981.1,1.9819729328155518
981.2,1.9858523607254028
981.3000000000001,1.9905304908752441
981.4000000000001,1.9698848724365234
981.5000000000001,1.996443271636963
981.6,1.9784367084503174
981.7,1.9820398092269897
981.8000000000001,1.9886655807495117
981.9000000000001,1.9874060153961182
982.0000000000001,1.974420428276062
982.1,1.9871916770935059
982.2,1.9756629467010498
982.3000000000001,1.9820033311843872
982.4000000000001,1.9821808338165283
982.5000000000001,1.982282280921936
982.6,1.9908806085586548
982.7,1.9946497678756714
982.8000000000001,1.9963676929473877
982.9000000000001,1.9938122034072876
983.0000000000001,1.9858057498931885
983.1,1.9881123304367065
983.2,1.9814891815185547
983.3000000000001,1.9838052988052368
983.4000000000001,1.9973459243774414
983.5000000000001,1.9770139455795288
983.6,1.9812122583389282
983.7,1.9766619205474854
983.8000000000001,1.982432246208191
983.9000000000001,1.9743971824645996
984.0000000000001,1.9846447706222534
984.1,1.9821661710739136
984.2,1.9774919748306274
984.3000000000001,1.977780818939209
984.4000000000001,1.9732675552368164
984.5000000000001,1.9800169467926025
984.6,1.9769929647445679
984.7,1.984418272972107
984.8000000000001,1.978310227394104
984.9000000000001,1.9876644611358643
985.0000000000001,1.9769059419631958
985.1,1.9678152799606323
985.2,1.9781004190444946
985.3000000000001,1.9801067113876343
985.4000000000001,1.9849975109100342
985.5000000000001,1.9657442569732666
985.6,1.9857957363128662
985.7,1.9779945611953735
985.8000000000001,1.9802892208099365
985.9000000000001,1.9783976078033447
986.0000000000001,1.986743688583374
986.1,1.978785514831543
986.2,1.9826346635818481
986.3000000000001,1.9698286056518555
986.4000000000001,1.9602952003479004
986.5000000000001,1.991381287574768
986.6,1.9904611110687256
986.7,1.9817142486572266
986.8000000000001,1.9832267761230469
986.9000000000001,1.9689772129058838
987.0000000000001,1.9860584735870361
987.1,1.9810558557510376
987.2,1.981568694114685
987.3000000000001,1.9646403789520264
987.4000000000001,1.9747954607009888
987.5000000000001,1.975204586982727
987.6,1.9681341648101807
987.7,1.9673407077789307
987.8000000000001,1.9834145307540894
987.9000000000001,1.9755873680114746
988.0000000000001,1.9670501947402954
988.1,1.988242745399475
988.2,1.9829463958740234
988.3000000000001,1.9841687679290771
988.4000000000001,1.9730236530303955
988.5000000000001,1.9807127714157104
988.6,1.97520911693573
988.7,1.9772453308105469
988.8000000000001,1.980638027191162
988.9000000000001,1.968173623085022
989.0000000000001,1.9599337577819824
989.1,1.9758867025375366
989.2,1.9694621562957764
989.3000000000001,1.9751038551330566
989.4000000000001,1.966651439666748
989.5000000000001,1.9698669910430908
989.6,1.979436993598938
989.7,1.9765315055847168
989.8000000000001,1.988052248954773
989.9000000000001,1.9687883853912354
990.0000000000001,1.9782625436782837
990.1,1.971466064453125
990.2,1.9786293506622314
990.3000000000001,1.9762089252471924
990.4000000000001,1.973561406135559
990.5000000000001,1.973433017730713
990.6,1.9764323234558105
990.7,1.9764883518218994
990.8000000000001,1.9789094924926758
990.9000000000001,1.9789155721664429
991.0000000000001,1.9745651483535767
991.1,1.9779709577560425
991.2,1.98117995262146
991.3000000000001,1.976685881614685
991.4000000000001,1.9793165922164917
991.5000000000001,1.9796644449234009
991.6,1.9786090850830078
991.7,1.9701987504959106
991.8000000000001,1.974462866783142
991.9000000000001,1.9703238010406494
992.0000000000001,1.9907146692276
992.1,1.968086838722229
992.2,1.9778329133987427
992.3000000000001,1.9767796993255615
992.4000000000001,1.959130883216858
992.5000000000001,1.9732296466827393
992.6,1.9764169454574585
992.7,1.9589096307754517
992.8000000000001,1.9791927337646484
992.9000000000001,1.974511981010437
993.0000000000001,1.959660530090332
993.1,1.971578598022461
993.2,1.9741445779800415
993.3000000000001,1.9682352542877197
993.4000000000001,1.9726396799087524
993.5000000000001,1.9891531467437744
993.6,1.9722974300384521
993.7,1.9756832122802734
993.8000000000001,1.978055477142334
993.9000000000001,1.979215383529663
994.0000000000001,1.9716962575912476
994.1,1.9726250171661377
994.2,1.9608291387557983
994.3000000000001,1.9660717248916626
994.4000000000001,1.9708528518676758
994.5000000000001,1.9732427597045898
994.6,1.953148603439331
994.7,1.9828532934188843
994.8000000000001,1.9491623640060425
994.9000000000001,1.9707319736480713
995.0000000000001,1.9696500301361084
995.1,1.973353385925293
995.2,1.9769569635391235
995.3000000000001,1.9589862823486328
995.4000000000001,1.9709283113479614
995.5000000000001,1.9738906621932983
995.6,1.9765177965164185
995.7,1.9651310443878174
995.8000000000001,1.9609419107437134
995.9000000000001,1.95975923538208
996.0000000000001,1.9799633026123047
996.1,1.9608720541000366
996.2,1.964815616607666
996.3000000000001,1.9620102643966675
996.4000000000001,1.9642399549484253
996.5000000000001,1.9643664360046387
996.6,1.974566102027893
996.7,1.971539855003357
996.8000000000001,1.9764771461486816
996.9000000000001,1.9710650444030762
997.0000000000001,1.9628502130508423
997.1,1.9686779975891113
997.2,1.973927617073059
997.3000000000001,1.9658948183059692
997.4000000000001,1.9717051982879639
997.5000000000001,1.966416358947754
997.6,1.9410327672958374
997.7,1.9762263298034668
997.8000000000001,1.9774420261383057
997.9000000000001,1.975572943687439
998.0000000000001,1.9678857326507568
998.1,1.9750107526779175
998.2,1.9600577354431152
998.3000000000001,1.965783953666687
998.4000000000001,1.9627104997634888
998.5000000000001,1.9640229940414429
998.6,1.9748984575271606
998.7,1.9714860916137695
998.8000000000001,1.9723124504089355
998.9000000000001,1.9582841396331787
999.0000000000001,1.956492304801941
999.1,1.9663246870040894
999.2,1.9798052310943604
999.3000000000001,1.9686684608459473
999.4000000000001,1.9740058183670044
999.5000000000001,1.9672404527664185
999.6,1.9643981456756592
999.7,1.9643374681472778
999.8000000000001,1.9598475694656372
999.9000000000001,1.970409631729126
1000.0000000000001,1.9654412269592285
1000.1,1.9584109783172607
1000.2,1.9709945917129517
1000.3000000000001,1.977541208267212
1000.4000000000001,1.9728169441223145
1000.5000000000001,1.9717897176742554
1000.6,1.9667288064956665
1000.7,1.9670478105545044
1000.8000000000001,1.9652971029281616
1000.9000000000001,1.9658775329589844
1001.0000000000001,1.9612025022506714
1001.1,1.972511649131775
1001.2,1.9576542377471924
1001.3000000000001,1.968595027923584
1001.4000000000001,1.9649598598480225
1001.5000000000001,1.949865460395813
1001.6,1.9564331769943237
1001.7,1.962216854095459
1001.8000000000001,1.957885503768921
1001.9000000000001,1.984083652496338
1002.0000000000001,1.96320378780365
1002.1,1.9646705389022827
1002.2,1.9685499668121338
1002.3000000000001,1.9707175493240356
1002.4000000000001,1.9633156061172485
1002.5000000000001,1.9631644487380981
1002.6,1.9690077304840088
1002.7,1.966018795967102
1002.8000000000001,1.9485630989074707
1002.9000000000001,1.9702965021133423
1003.0000000000001,1.9676856994628906
1003.1,1.9539858102798462
1003.2,1.9661338329315186
1003.3000000000001,1.9789533615112305
1003.4000000000001,1.9723384380340576
1003.5000000000001,1.9683809280395508
1003.6,1.955363154411316
1003.7,1.9634898900985718
1003.8000000000001,1.9542917013168335
1003.9000000000001,1.9671032428741455
1004.0000000000001,1.962804913520813
1004.1,1.9649051427841187
1004.2,1.9518095254898071
1004.3000000000001,1.9599604606628418
1004.4000000000001,1.9766960144042969
1004.5000000000001,1.963605284690857
1004.6,1.9509600400924683
1004.7,1.9696688652038574
1004.8000000000001,1.9588156938552856
1004.9000000000001,1.9646888971328735
1005.0000000000001,1.974929690361023
1005.1,1.9590299129486084
1005.2,1.960903286933899
1005.3000000000001,1.9585596323013306
1005.4000000000001,1.9516329765319824
1005.5000000000001,1.9505548477172852
1005.6,1.9685169458389282
1005.7,1.9516757726669312
1005.8000000000001,1.968937635421753
1005.9000000000001,1.9698312282562256
1006.0000000000001,1.9438992738723755
1006.1,1.9629356861114502
1006.2,1.953363299369812
1006.3000000000001,1.9532212018966675
1006.4000000000001,1.963409185409546
1006.5000000000001,1.9657682180404663
1006.6,1.9548802375793457
1006.7,1.9651122093200684
1006.8000000000001,1.9660645723342896
1006.9000000000001,1.9598292112350464
1007.0000000000001,1.9552156925201416
1007.1,1.9560229778289795
1007.2,1.9492039680480957
1007.3000000000001,1.9646737575531006
1007.4000000000001,1.9560341835021973
1007.5000000000001,1.9555649757385254
1007.6,1.960633397102356
1007.7,1.9597516059875488
1007.8000000000001,1.9626153707504272
1007.9000000000001,1.9521592855453491
1008.0000000000001,1.9618924856185913
1008.1,1.9593522548675537
1008.2,1.955711841583252
1008.3000000000001,1.9615260362625122
1008.4000000000001,1.963638186454773
1008.5000000000001,1.9521369934082031
1008.6,1.9654771089553833
1008.7,1.952518105506897
1008.8000000000001,1.9494394063949585
1008.9000000000001,1.9529036283493042
1009.0000000000001,1.9577659368515015
1009.1,1.9520152807235718
1009.2,1.9636448621749878
1009.3000000000001,1.967905044555664
1009.4000000000001,1.9644659757614136
1009.5000000000001,1.9603289365768433
1009.6,1.961226224899292
1009.7,1.9550544023513794
1009.8000000000001,1.9507421255111694
1009.9000000000001,1.960802435874939
1010.0000000000001,1.9617050886154175
1010.1,1.9457428455352783
1010.2,1.9570058584213257
1010.3000000000001,1.9576423168182373
1010.4000000000001,1.9633262157440186
1010.5000000000001,1.9502416849136353
1010.6,1.952247142791748
1010.7,1.9507975578308105
1010.8000000000001,1.9562926292419434
1010.9000000000001,1.956037998199463
1011.0000000000001,1.9602574110031128
1011.1,1.9541903734207153
1011.2,1.9570306539535522
1011.3000000000001,1.9675421714782715
1011.4000000000001,1.9537122249603271
1011.5000000000001,1.9587905406951904
1011.6,1.9500797986984253
1011.7,1.9516175985336304
1011.8000000000001,1.957396149635315
1011.9000000000001,1.9621933698654175
1012.0000000000001,1.9726592302322388
1012.1,1.957020878791809
1012.2,1.9528053998947144
1012.3000000000001,1.9569423198699951
1012.4000000000001,1.9463073015213013
1012.5000000000001,1.9531922340393066
1012.6,1.954679012298584
1012.7,1.9631257057189941
1012.8000000000001,1.9587396383285522
1012.9000000000001,1.9630885124206543
1013.0000000000001,1.9573044776916504
1013.1,1.94845449924469
1013.2,1.958363652229309
1013.3000000000001,1.9520303010940552
1013.4000000000001,1.9592355489730835
1013.5000000000001,1.9559674263000488
1013.6,1.9607995748519897
1013.7,1.9649885892868042
1013.8000000000001,1.962658405303955
1013.9000000000001,1.933439016342163
1014.0000000000001,1.9496760368347168
1014.1,1.9614089727401733
1014.2,1.9599353075027466
1014.3000000000001,1.9513980150222778
1014.4000000000001,1.9489500522613525
1014.5000000000001,1.956397533416748
1014.6,1.9423102140426636
1014.7,1.9650912284851074
1014.8000000000001,1.9563616514205933
1014.9000000000001,1.9587490558624268
1015.0000000000001,1.9671618938446045
1015.1,1.962812900543213
1015.2,1.9595866203308105
1015.3000000000001,1.9610271453857422
1015.4000000000001,1.9492201805114746
1015.5000000000001,1.9540212154388428
1015.6,1.9556242227554321
1015.7,1.9656275510787964
1015.8000000000001,1.9611172676086426
1015.9000000000001,1.9534354209899902
1016.0000000000001,1.946020245552063
1016.1,1.9497640132904053
1016.2,1.960869312286377
1016.3000000000001,1.9466493129730225
1016.4000000000001,1.9528555870056152
1016.5000000000001,1.9485827684402466
1016.6,1.9606049060821533
1016.7,1.9421727657318115
1016.8000000000001,1.9464420080184937
1016.9000000000001,1.9410842657089233
1017.0000000000001,1.9528521299362183
1017.1,1.9635601043701172
1017.2,1.9517184495925903
1017.3000000000001,1.9459468126296997
1017.4000000000001,1.9601093530654907
1017.5000000000001,1.9499982595443726
1017.6,1.9529775381088257
1017.7,1.9614859819412231
1017.8000000000001,1.960677146911621
1017.9000000000001,1.9541876316070557
1018.0000000000001,1.9595680236816406
1018.1,1.9421828985214233
1018.2,1.9524725675582886
1018.3000000000001,1.9431146383285522
1018.4000000000001,1.9533416032791138
1018.5000000000001,1.9488023519515991
1018.6,1.9609028100967407
1018.7,1.9454305171966553
1018.8000000000001,1.9587727785110474
1018.9000000000001,1.958959937095642
1019.0000000000001,1.938125729560852
1019.1,1.953019618988037
1019.2,1.9378433227539062
1019.3000000000001,1.964449405670166
1019.4000000000001,1.9429610967636108
1019.5000000000001,1.9514936208724976
1019.6,1.9548375606536865
1019.7,1.945513129234314
1019.8000000000001,1.9453996419906616
1019.9000000000001,1.943239688873291
1020.0000000000001,1.9486126899719238
1020.1,1.948792815208435
1020.2,1.9421714544296265
1020.3000000000001,1.9427789449691772
1020.4000000000001,1.9322187900543213
1020.5000000000001,1.9540258646011353
1020.6,1.9509515762329102
1020.7,1.9401065111160278
1020.8000000000001,1.9500373601913452
1020.9000000000001,1.9607410430908203
1021.0000000000001,1.9467676877975464
1021.1,1.9533891677856445
1021.2,1.948997139930725
1021.3000000000001,1.9493061304092407
1021.4000000000001,1.955878734588623
1021.5000000000001,1.954765796661377
1021.6,1.959204077720642
1021.7,1.9426161050796509
1021.8000000000001,1.941420078277588
1021.9000000000001,1.9671168327331543
1022.0000000000001,1.9390720129013062
1022.1,1.9473729133605957
1022.2,1.9432446956634521
1022.3000000000001,1.9451041221618652
1022.4000000000001,1.9414607286453247
1022.5000000000001,1.94260835647583
1022.6,1.9499484300613403
1022.7,1.9443633556365967
1022.8000000000001,1.9579956531524658
1022.9000000000001,1.9545038938522339
1023.0000000000001,1.9571188688278198
1023.1,1.9559423923492432
1023.2,1.9560401439666748
1023.3000000000001,1.952813744544983
1023.4000000000001,1.9507328271865845
1023.5000000000001,1.9324387311935425
1023.6,1.951170563697815
1023.7,1.93697988986969
1023.8000000000001,1.9469702243804932
1023.9000000000001,1.942524790763855
1024.0,1.948101282119751
1024.1000000000001,1.9464459419250488
1024.2,1.9428092241287231
1024.3,1.9460829496383667
1024.4,1.9503594636917114
1024.5,1.9513224363327026
1024.6000000000001,1.9498205184936523
1024.7,1.9379894733428955
1024.8,1.9354702234268188
1024.9,1.9479727745056152
1025.0,1.936752200126648
1025.1000000000001,1.9422792196273804
1025.2,1.9464364051818848
1025.3,1.9457186460494995
1025.4,1.9641196727752686
1025.5,1.9464157819747925
1025.6000000000001,1.952042818069458
1025.7,1.9621696472167969
1025.8,1.9596343040466309
1025.9,1.9555469751358032
1026.0,1.940711498260498
1026.1000000000001,1.9482933282852173
1026.2,1.9440056085586548
1026.3,1.9413872957229614
1026.4,1.95362389087677
1026.5,1.940458059310913
1026.6000000000001,1.950243353843689
1026.7,1.9627938270568848
1026.8,1.9404762983322144
1026.9,1.9562757015228271
1027.0,1.9478768110275269
1027.1000000000001,1.9504258632659912
1027.2,1.9438660144805908
1027.3,1.9325307607650757
1027.4,1.9563506841659546
1027.5,1.9456055164337158
1027.6000000000001,1.9550856351852417
1027.7,1.9379329681396484
1027.8,1.9515764713287354
1027.9,1.947459101676941
1028.0,1.9406262636184692
1028.1000000000001,1.9394267797470093
1028.2,1.9509071111679077
1028.3,1.944088339805603
1028.4,1.942991018295288
1028.5,1.958904504776001
1028.6000000000001,1.9463859796524048
1028.7,1.9533438682556152
1028.8,1.9369510412216187
1028.9,1.9502493143081665
1029.0,1.9495792388916016
1029.1000000000001,1.9360370635986328
1029.2,1.9542450904846191
1029.3,1.9471752643585205
1029.4,1.9429935216903687
1029.5,1.9411370754241943
1029.6000000000001,1.9575631618499756
1029.7,1.9459279775619507
1029.8,1.9359954595565796
1029.9,1.9442678689956665
1030.0,1.9500685930252075
1030.1000000000001,1.9413970708847046
1030.2,1.948466420173645
1030.3,1.9615986347198486
1030.4,1.9358041286468506
1030.5,1.9426732063293457
1030.6000000000001,1.944423794746399
1030.7,1.949061393737793
1030.8,1.941527247428894
1030.9,1.9442129135131836
1031.0,1.9470449686050415
1031.1000000000001,1.947534441947937
1031.2,1.9412299394607544
1031.3,1.927087664604187
1031.4,1.9438810348510742
1031.5,1.948585867881775
1031.6000000000001,1.9453177452087402
1031.7,1.9512852430343628
1031.8,1.9448719024658203
1031.9,1.930883765220642
1032.0,1.9403417110443115
1032.1000000000001,1.9336462020874023
1032.2,1.9470874071121216
1032.3,1.9460687637329102
1032.4,1.9389092922210693
1032.5,1.9490339756011963
1032.6000000000001,1.940901517868042
1032.7,1.9501893520355225
1032.8,1.9424666166305542
1032.9,1.9428167343139648
1033.0,1.9403831958770752
1033.1000000000001,1.9503577947616577
1033.2,1.9401370286941528
1033.3,1.9374061822891235
1033.4,1.9392693042755127
1033.5,1.9418522119522095
1033.6000000000001,1.9441195726394653
1033.7,1.9467726945877075
1033.8,1.9512908458709717
1033.9,1.9396908283233643
1034.0,1.9501591920852661
1034.1000000000001,1.9510501623153687
1034.2,1.9348548650741577
1034.3,1.9415950775146484
1034.4,1.9331263303756714
1034.5,1.9458457231521606
1034.6000000000001,1.9451066255569458
1034.7,1.9424461126327515
1034.8,1.9417396783828735
1034.9,1.9412275552749634
1035.0,1.9360811710357666
1035.1000000000001,1.9342809915542603
1035.2,1.9468348026275635
1035.3,1.9361015558242798
1035.4,1.9416154623031616
1035.5,1.9443644285202026
1035.6000000000001,1.9447124004364014
1035.7,1.9358733892440796
1035.8,1.9352612495422363
1035.9,1.9361720085144043
1036.0,1.9529414176940918
1036.1000000000001,1.932921051979065
1036.2,1.938412070274353
1036.3,1.92959725856781
1036.4,1.9419599771499634
1036.5,1.9482258558273315
1036.6000000000001,1.9317679405212402
1036.7,1.9478936195373535
1036.8,1.9440609216690063
1036.9,1.9288886785507202
1037.0,1.9412199258804321
1037.1000000000001,1.9360884428024292
1037.2,1.9375332593917847
1037.3,1.9434903860092163
1037.4,1.9442652463912964
1037.5,1.9371247291564941
1037.6000000000001,1.939040184020996
1037.7,1.9318066835403442
1037.8,1.9449267387390137
1037.9,1.93076491355896
1038.0,1.9483615159988403
1038.1000000000001,1.9366950988769531
1038.2,1.9388691186904907
1038.3,1.9530527591705322
1038.4,1.9396592378616333
1038.5,1.9350903034210205
1038.6000000000001,1.9385652542114258
1038.7,1.9342029094696045
1038.8,1.9314738512039185
1038.9,1.9455875158309937
1039.0,1.940779209136963
1039.1000000000001,1.9451038837432861
1039.2,1.9378255605697632
1039.3,1.9489130973815918
1039.4,1.9454764127731323
1039.5,1.9376393556594849
1039.6000000000001,1.9348912239074707
1039.7,1.9437506198883057
1039.8,1.9403469562530518
1039.9,1.9408905506134033
1040.0,1.9515025615692139
1040.1000000000001,1.9390482902526855
1040.2,1.9418740272521973
1040.3,1.9459502696990967
1040.4,1.9435688257217407
1040.5,1.9428316354751587
1040.6000000000001,1.9363458156585693
1040.7,1.9339221715927124
1040.8,1.9493448734283447
1040.9,1.9507975578308105
1041.0,1.941793441772461
1041.1000000000001,1.928813099861145
1041.2,1.9348392486572266
1041.3,1.9253791570663452
1041.4,1.9341015815734863
1041.5,1.9398550987243652
1041.6000000000001,1.9438605308532715
1041.7,1.9444366693496704
1041.8,1.9426521062850952
1041.9,1.9333460330963135
1042.0,1.9305663108825684
1042.1000000000001,1.9283077716827393
1042.2,1.9407570362091064
1042.3,1.9433553218841553
1042.4,1.9489747285842896
1042.5,1.944210410118103
1042.6000000000001,1.9346038103103638
1042.7,1.9386061429977417
1042.8,1.9414466619491577
1042.9,1.9310002326965332
1043.0,1.9369884729385376
1043.1000000000001,1.940965175628662
1043.2,1.925807237625122
1043.3,1.935667872428894
1043.4,1.9367676973342896
1043.5,1.9365695714950562
1043.6000000000001,1.9382939338684082
1043.7,1.9396098852157593
1043.8,1.9375289678573608
1043.9,1.9406471252441406
1044.0,1.9263207912445068
1044.1000000000001,1.9301809072494507
1044.2,1.933422565460205
1044.3,1.9408022165298462
1044.4,1.932583212852478
1044.5,1.9387621879577637
1044.6000000000001,1.932117223739624
1044.7,1.941364049911499
1044.8,1.928346872329712
1044.9,1.939292311668396
1045.0,1.938537359237671
1045.1000000000001,1.9378981590270996
1045.2,1.9300124645233154
1045.3,1.9417235851287842
1045.4,1.9427050352096558
1045.5,1.944258451461792
1045.6000000000001,1.9362258911132812
1045.7,1.9366816282272339
1045.8,1.9408297538757324
1045.9,1.9360780715942383
1046.0,1.9393677711486816
1046.1000000000001,1.9383726119995117
1046.2,1.936806321144104
1046.3,1.944521427154541
1046.4,1.937347173690796
1046.5,1.9483082294464111
1046.6000000000001,1.9406721591949463
1046.7,1.9312105178833008
1046.8,1.929900050163269
1046.9,1.9373937845230103
1047.0,1.9428046941757202
1047.1000000000001,1.9355556964874268
1047.2,1.9304964542388916
1047.3,1.9358723163604736
1047.4,1.9409698247909546
1047.5,1.933894157409668
1047.6000000000001,1.9421511888504028
1047.7,1.9415135383605957
1047.8,1.9292535781860352
1047.9,1.9416136741638184
1048.0,1.9307502508163452
1048.1000000000001,1.9413832426071167
1048.2,1.9404131174087524
1048.3,1.9386260509490967
1048.4,1.9309173822402954
1048.5,1.9351756572723389
1048.6000000000001,1.926331877708435
1048.7,1.947482705116272
1048.8,1.931686520576477
1048.9,1.9414747953414917
1049.0,1.9368067979812622
1049.1000000000001,1.9280329942703247
1049.2,1.9290035963058472
1049.3,1.9296534061431885
1049.4,1.9355942010879517
1049.5,1.932232141494751
1049.6000000000001,1.9384644031524658
1049.7,1.9364354610443115
1049.8,1.937822937965393
1049.9,1.9379346370697021
1050.0,1.9313071966171265
1050.1000000000001,1.9376931190490723
1050.2,1.9279731512069702
1050.3,1.9472856521606445
1050.4,1.9263131618499756
1050.5,1.9258495569229126
1050.6000000000001,1.9282199144363403
1050.7,1.9421879053115845
1050.8,1.9419066905975342
1050.9,1.939894437789917
1051.0,1.9344590902328491
1051.1000000000001,1.9358229637145996
1051.2,1.9285705089569092
1051.3,1.9401593208312988
1051.4,1.9331483840942383
1051.5,1.9346379041671753
1051.6000000000001,1.925140380859375
1051.7,1.9336655139923096
1051.8,1.9363588094711304
1051.9,1.9301236867904663
1052.0,1.9245977401733398
1052.1000000000001,1.9344096183776855
1052.2,1.9221138954162598
1052.3,1.9422526359558105
1052.4,1.935352087020874
1052.5,1.9414743185043335
1052.6000000000001,1.9424000978469849
1052.7,1.924865961074829
1052.8,1.9345967769622803
1052.9,1.9295271635055542
1053.0,1.9486361742019653
1053.1000000000001,1.9449423551559448
1053.2,1.9404091835021973
1053.3,1.9414769411087036
1053.4,1.9256054162979126
1053.5,1.9301745891571045
1053.6000000000001,1.9420175552368164
1053.7,1.9378663301467896
1053.8,1.9392163753509521
1053.9,1.9184316396713257
1054.0,1.9246662855148315
1054.1000000000001,1.9426703453063965
1054.2,1.9269273281097412
1054.3,1.941469669342041
1054.4,1.9378185272216797
1054.5,1.9412027597427368
1054.6000000000001,1.9367091655731201
1054.7,1.934299349784851
1054.8,1.938759207725525
1054.9,1.940932273864746
1055.0,1.9294482469558716
1055.1000000000001,1.9276591539382935
1055.2,1.9316948652267456
1055.3,1.9449437856674194
1055.4,1.9389609098434448
1055.5,1.9482020139694214
1055.6000000000001,1.93010413646698
1055.7,1.9217568635940552
1055.8,1.933122992515564
1055.9,1.9315640926361084
1056.0,1.940964698791504
1056.1000000000001,1.92986261844635
1056.2,1.9254639148712158
1056.3,1.928382396697998
1056.4,1.9381184577941895
1056.5,1.945366382598877
1056.6000000000001,1.930082082748413
1056.7,1.9240732192993164
1056.8,1.9348385334014893
1056.9,1.9349019527435303
1057.0,1.9338610172271729
1057.1000000000001,1.9304035902023315
1057.2,1.9148223400115967
1057.3,1.9327746629714966
1057.4,1.9325534105300903
1057.5,1.9380052089691162
1057.6000000000001,1.9452235698699951
1057.7,1.9382143020629883
1057.8,1.939367413520813
1057.9,1.9270025491714478
1058.0,1.9260700941085815
1058.1000000000001,1.92825186252594
1058.2,1.93195641040802
1058.3,1.9357995986938477
1058.4,1.9380720853805542
1058.5,1.9472817182540894
1058.6000000000001,1.9377223253250122
1058.7,1.9302316904067993
1058.8,1.9368864297866821
1058.9,1.9446744918823242
1059.0,1.9426991939544678
1059.1000000000001,1.9386202096939087
1059.2,1.9448411464691162
1059.3,1.924450159072876
1059.4,1.93958580493927
1059.5,1.942855715751648
1059.6000000000001,1.9374140501022339
1059.7,1.9360586404800415
1059.8,1.9279170036315918
1059.9,1.9382219314575195
1060.0,1.937826156616211
1060.1000000000001,1.9356797933578491
1060.2,1.935184359550476
1060.3,1.9346872568130493
1060.4,1.9345512390136719
1060.5,1.9200750589370728
1060.6000000000001,1.9505106210708618
1060.7,1.9406660795211792
1060.8,1.9220774173736572
1060.9,1.9397624731063843
1061.0,1.939902663230896
1061.1000000000001,1.9366556406021118
1061.2,1.934734582901001
1061.3,1.939897894859314
1061.4,1.9417052268981934
1061.5,1.9386650323867798
1061.6000000000001,1.9306937456130981
1061.7,1.9419811964035034
1061.8,1.9343563318252563
1061.9,1.9324806928634644
1062.0,1.9312504529953003
1062.1000000000001,1.940293550491333
1062.2,1.9386411905288696
1062.3,1.93914794921875
1062.4,1.939113736152649
1062.5,1.9320398569107056
1062.6000000000001,1.9396296739578247
1062.7,1.9406347274780273
1062.8,1.9289741516113281
1062.9,1.9249693155288696
1063.0,1.9323620796203613
1063.1000000000001,1.946154236793518
1063.2,1.9400343894958496
1063.3,1.934662103652954
1063.4,1.9319425821304321
1063.5,1.9212067127227783
1063.6000000000001,1.9428049325942993
1063.7,1.9351422786712646
1063.8,1.9347292184829712
1063.9,1.9427688121795654
1064.0,1.938951849937439
1064.1000000000001,1.9451152086257935
1064.2,1.9395911693572998
1064.3,1.9381208419799805
1064.4,1.936241626739502
1064.5,1.933193564414978
1064.6000000000001,1.937153935432434
1064.7,1.926485538482666
1064.8,1.9299582242965698
1064.9,1.9348289966583252
1065.0,1.9291962385177612
1065.1000000000001,1.9369438886642456
1065.2,1.9425259828567505
1065.3,1.9234800338745117
1065.4,1.9377479553222656
1065.5,1.9434232711791992
1065.6000000000001,1.9414578676223755
1065.7,1.9192078113555908
1065.8,1.9362338781356812
1065.9,1.9309890270233154
1066.0,1.9290543794631958
1066.1000000000001,1.9409960508346558
1066.2,1.9282481670379639
1066.3,1.9216076135635376
1066.4,1.9394011497497559
1066.5,1.944696068763733
1066.6000000000001,1.9375540018081665
1066.7,1.9297760725021362
1066.8,1.9428651332855225
1066.9,1.938144564628601
1067.0,1.9411832094192505
1067.1000000000001,1.9322787523269653
1067.2,1.9280287027359009
1067.3,1.9254611730575562
1067.4,1.9332677125930786
1067.5,1.9338045120239258
1067.6000000000001,1.946308970451355
1067.7,1.9283313751220703
1067.8,1.922612190246582
1067.9,1.9265162944793701
1068.0,1.9350048303604126
1068.1000000000001,1.940951943397522
1068.2,1.9319381713867188
1068.3,1.940726399421692
1068.4,1.9328596591949463
1068.5,1.9355906248092651
1068.6000000000001,1.93428373336792
1068.7,1.9384042024612427
1068.8,1.9278737306594849
1068.9,1.937915563583374
1069.0,1.9314571619033813
1069.1000000000001,1.9279065132141113
1069.2,1.939802646636963
1069.3,1.9300481081008911
1069.4,1.9313608407974243
1069.5,1.9253636598587036
1069.6000000000001,1.9348058700561523
1069.7,1.9434969425201416
1069.8,1.9353355169296265
1069.9,1.9198853969573975
1070.0,1.9511326551437378
1070.1000000000001,1.9287079572677612
1070.2,1.9365237951278687
1070.3,1.9468177556991577
1070.4,1.9237396717071533
1070.5,1.9336273670196533
1070.6000000000001,1.9384331703186035
1070.7,1.9289374351501465
1070.8,1.9289203882217407
1070.9,1.9350941181182861
1071.0,1.9316372871398926
1071.1000000000001,1.9321389198303223
1071.2,1.9415274858474731
1071.3,1.934188961982727
1071.4,1.9278223514556885
1071.5,1.9294869899749756
1071.6000000000001,1.942391276359558
1071.7,1.9343481063842773
1071.8,1.9321069717407227
1071.9,1.9303086996078491
1072.0,1.9359313249588013
1072.1000000000001,1.93083655834198
1072.2,1.9355275630950928
1072.3,1.9336687326431274
1072.4,1.935081958770752
1072.5,1.941431999206543
1072.6000000000001,1.9202382564544678
1072.7,1.9244384765625
1072.8,1.941226840019226
1072.9,1.922775149345398
1073.0,1.9356508255004883
1073.1000000000001,1.9329944849014282
1073.2,1.915394902229309
1073.3,1.9359099864959717
1073.4,1.9396096467971802
1073.5,1.9258179664611816
1073.6000000000001,1.933632731437683
1073.7,1.9290528297424316
1073.8,1.937745451927185
1073.9,1.937950849533081
1074.0,1.92925226688385
1074.1000000000001,1.9376376867294312
1074.2,1.9301105737686157
1074.3,1.9475539922714233
1074.4,1.9257657527923584
1074.5,1.933681607246399
1074.6000000000001,1.934099793434143
1074.7,1.941988468170166
1074.8,1.9187783002853394
1074.9,1.939205288887024
1075.0,1.937530517578125
1075.1000000000001,1.942605972290039
1075.2,1.921852469444275
1075.3,1.9173990488052368
1075.4,1.9364913702011108
1075.5,1.9365224838256836
1075.6000000000001,1.9192713499069214
1075.7,1.9389959573745728
1075.8,1.9257699251174927
1075.9,1.93881356716156
1076.0,1.9347548484802246
1076.1000000000001,1.9333065748214722
1076.2,1.9420795440673828
1076.3,1.9306762218475342
1076.4,1.9356985092163086
1076.5,1.9393720626831055
1076.6000000000001,1.9289450645446777
1076.7,1.9278271198272705
1076.8,1.9300991296768188
1076.9,1.9351911544799805
1077.0,1.9416344165802002
1077.1000000000001,1.9245597124099731
1077.2,1.9328783750534058
1077.3,1.9262009859085083
1077.4,1.9330278635025024
1077.5,1.9395743608474731
1077.6000000000001,1.9248756170272827
1077.7,1.9326092004776
1077.8,1.936966061592102
1077.9,1.9256439208984375
1078.0,1.9413264989852905
1078.1000000000001,1.9358612298965454
1078.2,1.9315872192382812
1078.3,1.9349498748779297
1078.4,1.9302926063537598
1078.5,1.9400420188903809
1078.6000000000001,1.938513159751892
1078.7,1.932425618171692
1078.8,1.9323539733886719
1078.9,1.9398263692855835
1079.0,1.9259099960327148
1079.1000000000001,1.9335099458694458
1079.2,1.9302564859390259
1079.3,1.933337688446045
1079.4,1.9358587265014648
1079.5,1.9246464967727661
1079.6000000000001,1.93486750125885
1079.7,1.9322129487991333
1079.8,1.9355741739273071
1079.9,1.9157544374465942
1080.0,1.9388422966003418
1080.1000000000001,1.9401065111160278
1080.2,1.925004243850708
1080.3,1.9180099964141846
1080.4,1.925321102142334
1080.5,1.9404371976852417
1080.6000000000001,1.9333996772766113
1080.7,1.9295661449432373
1080.8,1.9136264324188232
1080.9,1.9393055438995361
1081.0,1.9327219724655151
1081.1000000000001,1.9289801120758057
1081.2,1.9344112873077393
1081.3,1.9329789876937866
1081.4,1.934638261795044
1081.5,1.925148367881775
1081.6000000000001,1.9381362199783325
1081.7,1.9298745393753052
1081.8,1.932991623878479
1081.9,1.9341461658477783
1082.0,1.9271830320358276
1082.1000000000001,1.9282505512237549
1082.2,1.9389499425888062
1082.3,1.9379264116287231
1082.4,1.9412150382995605
1082.5,1.934530258178711
1082.6000000000001,1.9456324577331543
1082.7,1.9310871362686157
1082.8,1.9409756660461426
1082.9,1.9197793006896973
1083.0,1.9344817399978638
1083.1000000000001,1.9379706382751465
1083.2,1.9263888597488403
1083.3,1.9438077211380005
1083.4,1.946967363357544
1083.5,1.9344106912612915
1083.6000000000001,1.9469993114471436
1083.7,1.9400163888931274
1083.8,1.9448072910308838
1083.9,1.9289860725402832
1084.0,1.935619592666626
1084.1000000000001,1.9354119300842285
1084.2,1.9438905715942383
1084.3,1.9425650835037231
1084.4,1.9472746849060059
1084.5,1.9228837490081787
1084.6000000000001,1.9283082485198975
1084.7,1.9260857105255127
1084.8,1.9300299882888794
1084.9,1.9306398630142212
1085.0,1.9182878732681274
1085.1000000000001,1.9338735342025757
1085.2,1.9387269020080566
1085.3,1.938313364982605
1085.4,1.9428601264953613
1085.5,1.945823311805725
1085.6000000000001,1.9232605695724487
1085.7,1.9338921308517456
1085.8,1.938968539237976
1085.9,1.93362295627594
1086.0,1.927751898765564
1086.1000000000001,1.9338421821594238
1086.2,1.9288825988769531
1086.3,1.934548258781433
1086.4,1.933366298675537
1086.5,1.9202474355697632
1086.6000000000001,1.9394757747650146
1086.7,1.9411134719848633
1086.8,1.946718692779541
1086.9,1.9391709566116333
1087.0,1.9367353916168213
1087.1000000000001,1.9209376573562622
1087.2,1.9347071647644043
1087.3,1.9406522512435913
1087.4,1.9375450611114502
1087.5,1.9409140348434448
1087.6000000000001,1.9378613233566284
1087.7,1.9347277879714966
1087.8,1.9243450164794922
1087.9,1.9310803413391113
1088.0,1.930475115776062
1088.1000000000001,1.9329931735992432
1088.2,1.9197880029678345
1088.3,1.925782322883606
1088.4,1.9366151094436646
1088.5,1.9371109008789062
1088.6000000000001,1.933395504951477
1088.7,1.940253496170044
1088.8,1.9251008033752441
1088.9,1.9412139654159546
1089.0,1.9406518936157227
1089.1000000000001,1.9393409490585327
1089.2,1.9336256980895996
1089.3,1.934944748878479
1089.4,1.9412505626678467
1089.5,1.9246835708618164
1089.6000000000001,1.9363442659378052
1089.7,1.9394797086715698
1089.8,1.9306600093841553
1089.9,1.9419841766357422
1090.0,1.9394292831420898
1090.1000000000001,1.948606252670288
1090.2,1.9340571165084839
1090.3,1.9437073469161987
1090.4,1.9338467121124268
1090.5,1.9317253828048706
1090.6000000000001,1.9301116466522217
1090.7,1.9401203393936157
1090.8,1.924289584159851
1090.9,1.9351211786270142
1091.0,1.935035228729248
1091.1000000000001,1.9222519397735596
1091.2,1.9388905763626099
1091.3,1.9404152631759644
1091.4,1.9279179573059082
1091.5,1.9365289211273193
1091.6000000000001,1.9396642446517944
1091.7,1.9350650310516357
1091.8,1.9365825653076172
1091.9,1.9397695064544678
1092.0,1.9364757537841797
1092.1000000000001,1.935135841369629
1092.2,1.933817744255066
1092.3,1.9364486932754517
1092.4,1.9266053438186646
1092.5,1.9299345016479492
1092.6000000000001,1.945867896080017
1092.7,1.9382383823394775
1092.8,1.937900424003601
1092.9,1.9325605630874634
1093.0,1.9368115663528442
1093.1000000000001,1.9362694025039673
1093.2,1.9407868385314941
1093.3,1.9396295547485352
1093.4,1.9379620552062988
1093.5,1.938193917274475
1093.6000000000001,1.941555142402649
1093.7,1.9430164098739624
1093.8,1.9389606714248657
1093.9,1.936972975730896
1094.0,1.9386506080627441
1094.1000000000001,1.947121024131775
1094.2,1.9347440004348755
1094.3,1.931502103805542
1094.4,1.93601393699646
1094.5,1.9332431554794312
1094.6000000000001,1.9472768306732178
1094.7,1.9379462003707886
1094.8,1.9165009260177612
1094.9,1.9428073167800903
1095.0,1.9391520023345947
1095.1000000000001,1.926612138748169
1095.2,1.9422203302383423
1095.3000000000002,1.9444305896759033
1095.4,1.9340507984161377
1095.5,1.9335213899612427
1095.6000000000001,1.944883108139038
1095.7,1.9513884782791138
1095.8000000000002,1.9286378622055054
1095.9,1.9356683492660522
1096.0,1.9382213354110718
1096.1000000000001,1.9206398725509644
1096.2,1.9414445161819458
1096.3000000000002,1.9425973892211914
1096.4,1.939003348350525
1096.5,1.9393341541290283
1096.6000000000001,1.9329121112823486
1096.7,1.9404135942459106
1096.8000000000002,1.9385080337524414
1096.9,1.9399892091751099
1097.0,1.944887638092041
1097.1000000000001,1.9412025213241577
1097.2,1.9461010694503784
1097.3000000000002,1.94036865234375
1097.4,1.9518985748291016
1097.5,1.9322007894515991
1097.6000000000001,1.9404491186141968
1097.7,1.9388281106948853
1097.8000000000002,1.9314018487930298
1097.9,1.9388755559921265
1098.0,1.9483336210250854
1098.1000000000001,1.9497480392456055
1098.2,1.9467971324920654
1098.3000000000002,1.9390586614608765
1098.4,1.9433584213256836
1098.5,1.946308970451355
1098.6000000000001,1.9398386478424072
1098.7,1.9444444179534912
1098.8000000000002,1.9403260946273804
1098.9,1.9525645971298218
1099.0,1.9417787790298462
1099.1000000000001,1.9387379884719849
1099.2,1.9417216777801514
1099.3000000000002,1.94306218624115
1099.4,1.9390785694122314
1099.5,1.934596300125122
1099.6000000000001,1.9372127056121826
1099.7,1.9343342781066895
1099.8000000000002,1.9417527914047241
1099.9,1.943455696105957
1100.0,1.930902123451233
1100.1000000000001,1.9368594884872437
1100.2,1.923821210861206
1100.3000000000002,1.9346486330032349
1100.4,1.946541666984558
1100.5,1.9357236623764038
1100.6000000000001,1.939786434173584
1100.7,1.9277639389038086
1100.8000000000002,1.946475625038147
1100.9,1.9417674541473389
1101.0,1.9501570463180542
1101.1000000000001,1.9463222026824951
1101.2,1.929100513458252
1101.3000000000002,1.9402236938476562
1101.4,1.94682776927948
1101.5,1.9448875188827515
1101.6000000000001,1.9526684284210205
1101.7,1.9401520490646362
1101.8000000000002,1.930728793144226
1101.9,1.933220624923706
1102.0,1.939648985862732
1102.1000000000001,1.9382599592208862
1102.2,1.9438916444778442
1102.3000000000002,1.9408128261566162
1102.4,1.9423794746398926
1102.5,1.9387784004211426
1102.6000000000001,1.9423152208328247
1102.7,1.9426175355911255
1102.8000000000002,1.933638572692871
1102.9,1.9425057172775269
1103.0,1.9414259195327759
1103.1000000000001,1.9267382621765137
1103.2,1.9414293766021729
1103.3000000000002,1.9399129152297974
1103.4,1.9421533346176147
1103.5,1.9280550479888916
1103.6000000000001,1.9469629526138306
1103.7,1.9355640411376953
1103.8000000000002,1.9298994541168213
1103.9,1.9423071146011353
1104.0,1.9481016397476196
1104.1000000000001,1.9349098205566406
1104.2,1.929761528968811
1104.3000000000002,1.9391895532608032
1104.4,1.922951579093933
1104.5,1.9316235780715942
1104.6000000000001,1.9518086910247803
1104.7,1.9337786436080933
1104.8000000000002,1.9436038732528687
1104.9,1.9257115125656128
1105.0,1.934504508972168
1105.1000000000001,1.950383186340332
1105.2,1.942400336265564
1105.3000000000002,1.9516106843948364
1105.4,1.9446312189102173
1105.5,1.9345110654830933
1105.6000000000001,1.9382596015930176
1105.7,1.9473799467086792
1105.8000000000002,1.9455626010894775
1105.9,1.9509222507476807
1106.0,1.9380592107772827
1106.1000000000001,1.937821865081787
1106.2,1.9345932006835938
1106.3000000000002,1.929991364479065
1106.4,1.9446831941604614
1106.5,1.9471553564071655
1106.6000000000001,1.9421311616897583
1106.7,1.9424664974212646
1106.8000000000002,1.9528743028640747
1106.9,1.9438912868499756
1107.0,1.9462369680404663
1107.1000000000001,1.940727710723877
1107.2,1.947080373764038
1107.3000000000002,1.9395575523376465
1107.4,1.9388954639434814
1107.5,1.9451521635055542
1107.6000000000001,1.9531594514846802
1107.7,1.9408820867538452
1107.8000000000002,1.9446921348571777
1107.9,1.9403208494186401
1108.0,1.9323680400848389
1108.1000000000001,1.9520705938339233
1108.2,1.947041392326355
1108.3000000000002,1.93850839138031
1108.4,1.945570707321167
1108.5,1.9443057775497437
1108.6000000000001,1.931833267211914
1108.7,1.9434092044830322
1108.8000000000002,1.9423279762268066
1108.9,1.9471479654312134
1109.0,1.939473271369934
1109.1000000000001,1.9484647512435913
1109.2,1.942650556564331
1109.3000000000002,1.9369703531265259
1109.4,1.9407325983047485
1109.5,1.9458199739456177
1109.6000000000001,1.945555567741394
1109.7,1.9457993507385254
1109.8000000000002,1.9446849822998047
1109.9,1.9482265710830688
1110.0,1.9445780515670776
1110.1000000000001,1.9476165771484375
1110.2,1.949647307395935
1110.3000000000002,1.9414798021316528
1110.4,1.9280805587768555
1110.5,1.9505529403686523
1110.6000000000001,1.9401895999908447
1110.7,1.9526309967041016
1110.8000000000002,1.9535318613052368
1110.9,1.9513559341430664
1111.0,1.9515823125839233
1111.1000000000001,1.9377589225769043
1111.2,1.942269206047058
1111.3000000000002,1.9477745294570923
1111.4,1.9362893104553223
1111.5,1.9475836753845215
1111.6000000000001,1.9473596811294556
1111.7,1.9469590187072754
1111.8000000000002,1.942592740058899
1111.9,1.9447437524795532
1112.0,1.9309160709381104
1112.1000000000001,1.9436554908752441
1112.2,1.9424223899841309
1112.3000000000002,1.9467447996139526
1112.4,1.9481933116912842
1112.5,1.948856234550476
1112.6000000000001,1.9390041828155518
1112.7,1.9524996280670166
1112.8000000000002,1.9509150981903076
1112.9,1.9560260772705078
1113.0,1.9471811056137085
1113.1000000000001,1.9526699781417847
1113.2,1.9423962831497192
1113.3000000000002,1.948560118675232
1113.4,1.9451448917388916
1113.5,1.9508771896362305
1113.6000000000001,1.9439131021499634
1113.7,1.9386231899261475
1113.8000000000002,1.9428956508636475
1113.9,1.9431343078613281
1114.0,1.9409843683242798
1114.1000000000001,1.9488096237182617
1114.2,1.9620577096939087
1114.3000000000002,1.9359939098358154
1114.4,1.946773886680603
1114.5,1.9451351165771484
1114.6000000000001,1.9471626281738281
1114.7,1.952634334564209
1114.8000000000002,1.9475747346878052
1114.9,1.9442737102508545
1115.0,1.946528434753418
1115.1000000000001,1.9438226222991943
1115.2,1.9513232707977295
1115.3000000000002,1.9565366506576538
1115.4,1.9406628608703613
1115.5,1.9555838108062744
1115.6000000000001,1.9416006803512573
1115.7,1.946200966835022
1115.8000000000002,1.9493393898010254
1115.9,1.952919602394104
1116.0,1.956713080406189
1116.1000000000001,1.9434903860092163
1116.2,1.9453308582305908
1116.3000000000002,1.9532244205474854
1116.4,1.9502544403076172
1116.5,1.936828851699829
1116.6000000000001,1.9486411809921265
1116.7,1.9478836059570312
1116.8000000000002,1.9419909715652466
1116.9,1.9533729553222656
1117.0,1.9426437616348267
1117.1000000000001,1.9258002042770386
1117.2,1.9474780559539795
1117.3000000000002,1.9516499042510986
1117.4,1.9565645456314087
1117.5,1.952828049659729
1117.6000000000001,1.9506628513336182
1117.7,1.9446314573287964
1117.8000000000002,1.9593875408172607
1117.9,1.951743483543396
1118.0,1.9467006921768188
1118.1000000000001,1.953507661819458
1118.2,1.936541199684143
1118.3000000000002,1.9528398513793945
1118.4,1.9195724725723267
1118.5,1.956283688545227
1118.6000000000001,1.943988561630249
1118.7,1.9562287330627441
1118.8000000000002,1.9594156742095947
1118.9,1.9553983211517334
1119.0,1.9541670083999634
1119.1000000000001,1.9510328769683838
1119.2,1.9377213716506958
1119.3000000000002,1.959250807762146
1119.4,1.9546955823898315
1119.5,1.9548522233963013
1119.6000000000001,1.9574861526489258
1119.7,1.953260064125061
1119.8000000000002,1.9530304670333862
1119.9,1.954591155052185
1120.0,1.9496948719024658
1120.1000000000001,1.9476003646850586
1120.2,1.9576830863952637
1120.3000000000002,1.9559762477874756
1120.4,1.9506806135177612
1120.5,1.9466922283172607
1120.6000000000001,1.9658154249191284
1120.7,1.9602155685424805
1120.8000000000002,1.9513485431671143
1120.9,1.9507182836532593
1121.0,1.9463727474212646
1121.1000000000001,1.9423784017562866
1121.2,1.9381835460662842
1121.3000000000002,1.9596500396728516
1121.4,1.950546145439148
1121.5,1.9431655406951904
1121.6000000000001,1.9441050291061401
1121.7,1.961564302444458
1121.8000000000002,1.9515968561172485
1121.9,1.9643726348876953
1122.0,1.939703106880188
1122.1000000000001,1.9475990533828735
1122.2,1.948106050491333
1122.3000000000002,1.9537752866744995
1122.4,1.9225538969039917
1122.5,1.9413702487945557
1122.6000000000001,1.9453833103179932
1122.7,1.950158953666687
1122.8000000000002,1.9660054445266724
1122.9,1.9557421207427979
1123.0,1.953722357749939
1123.1000000000001,1.9435474872589111
1123.2,1.9532697200775146
1123.3000000000002,1.9564570188522339
1123.4,1.95366632938385
1123.5,1.953927993774414
1123.6000000000001,1.957896113395691
1123.7,1.9535014629364014
1123.8000000000002,1.9542155265808105
1123.9,1.9596196413040161
1124.0,1.9540079832077026
1124.1000000000001,1.9549643993377686
1124.2,1.9334288835525513
1124.3000000000002,1.9463369846343994
1124.4,1.9360352754592896
1124.5,1.9468756914138794
1124.6000000000001,1.963322639465332
1124.7,1.9522011280059814
1124.8000000000002,1.9594862461090088
1124.9,1.9593744277954102
1125.0,1.9612019062042236
1125.1000000000001,1.9625059366226196
1125.2,1.9487991333007812
1125.3000000000002,1.9450589418411255
1125.4,1.9553086757659912
1125.5,1.9460309743881226
1125.6000000000001,1.9588145017623901
1125.7,1.9500722885131836
1125.8000000000002,1.9554781913757324
1125.9,1.9650993347167969
1126.0,1.9553296566009521
1126.1000000000001,1.9587563276290894
1126.2,1.9618208408355713
1126.3000000000002,1.953680396080017
1126.4,1.9524641036987305
1126.5,1.9501079320907593
1126.6000000000001,1.9609342813491821
1126.7,1.9630624055862427
1126.8000000000002,1.9514468908309937
1126.9,1.9662755727767944
1127.0,1.9616429805755615
1127.1000000000001,1.9530171155929565
1127.2,1.9621368646621704
1127.3000000000002,1.9588141441345215
1127.4,1.9580495357513428
1127.5,1.9624208211898804
1127.6000000000001,1.9512676000595093
1127.7,1.9677422046661377
1127.8000000000002,1.958680510520935
1127.9,1.9638618230819702
1128.0,1.9601365327835083
1128.1000000000001,1.9470429420471191
1128.2,1.9581125974655151
1128.3000000000002,1.9627190828323364
1128.4,1.9465643167495728
1128.5,1.9495234489440918
1128.6000000000001,1.9616695642471313
1128.7,1.9521833658218384
1128.8000000000002,1.941845417022705
1128.9,1.9424675703048706
1129.0,1.9562805891036987
1129.1000000000001,1.9577709436416626
1129.2,1.9523171186447144
1129.3000000000002,1.954708218574524
1129.4,1.9629276990890503
1129.5,1.9626554250717163
1129.6000000000001,1.9615657329559326
1129.7,1.9437670707702637
1129.8000000000002,1.9562225341796875
1129.9,1.9599591493606567
1130.0,1.957425832748413
1130.1000000000001,1.953989863395691
1130.2,1.9433119297027588
1130.3000000000002,1.9468085765838623
1130.4,1.9567164182662964
1130.5,1.9579449892044067
1130.6000000000001,1.9550073146820068
1130.7,1.957522988319397
1130.8000000000002,1.9497528076171875
1130.9,1.9564388990402222
1131.0,1.95969557762146
1131.1000000000001,1.949311375617981
1131.2,1.957610845565796
1131.3000000000002,1.955781102180481
1131.4,1.9508466720581055
1131.5,1.9645130634307861
1131.6000000000001,1.9581881761550903
1131.7,1.954069972038269
1131.8000000000002,1.938515305519104
1131.9,1.964150071144104
1132.0,1.9685249328613281
1132.1000000000001,1.9650487899780273
1132.2,1.9557163715362549
1132.3000000000002,1.9323303699493408
1132.4,1.9517751932144165
1132.5,1.9538531303405762
1132.6000000000001,1.9597092866897583
1132.7,1.9590989351272583
1132.8000000000002,1.944158911705017
1132.9,1.9533833265304565
1133.0,1.9589755535125732
1133.1000000000001,1.9552605152130127
1133.2,1.9586390256881714
1133.3000000000002,1.9656486511230469
1133.4,1.9641752243041992
1133.5,1.9665403366088867
1133.6000000000001,1.9623024463653564
1133.7,1.9672969579696655
1133.8000000000002,1.9685685634613037
1133.9,1.954773187637329
1134.0,1.9507297277450562
1134.1000000000001,1.972047209739685
1134.2,1.96384859085083
1134.3000000000002,1.9523835182189941
1134.4,1.971264362335205
1134.5,1.9614250659942627
1134.6000000000001,1.9636986255645752
1134.7,1.9707648754119873
1134.8000000000002,1.9664808511734009
1134.9,1.9661571979522705
1135.0,1.9500402212142944
1135.1000000000001,1.9527469873428345
1135.2,1.962844729423523
1135.3000000000002,1.9565128087997437
1135.4,1.9548473358154297
1135.5,1.9612679481506348
1135.6000000000001,1.964840054512024
1135.7,1.9577128887176514
1135.8000000000002,1.9609471559524536
1135.9,1.9592262506484985
1136.0,1.9527716636657715
1136.1000000000001,1.968531608581543
1136.2,1.9574872255325317
1136.3000000000002,1.9751498699188232
1136.4,1.9564653635025024
1136.5,1.9721218347549438
1136.6000000000001,1.9653035402297974
1136.7,1.9438371658325195
1136.8000000000002,1.95875084400177
1136.9,1.956716537475586
1137.0,1.9600825309753418
1137.1000000000001,1.9660565853118896
1137.2,1.9671541452407837
1137.3000000000002,1.9629223346710205
1137.4,1.953741431236267
1137.5,1.9565963745117188
1137.6000000000001,1.9620479345321655
1137.7,1.9552608728408813
1137.8000000000002,1.969940423965454
1137.9,1.962848424911499
1138.0,1.9675981998443604
1138.1000000000001,1.9714832305908203
1138.2,1.953281283378601
1138.3000000000002,1.9690148830413818
1138.4,1.9669957160949707
1138.5,1.9618253707885742
1138.6000000000001,1.9645001888275146
1138.7,1.9589412212371826
1138.8000000000002,1.9671974182128906
1138.9,1.9630928039550781
1139.0,1.980965495109558
1139.1000000000001,1.9669667482376099
1139.2,1.9499108791351318
1139.3000000000002,1.9703631401062012
1139.4,1.961640477180481
1139.5,1.9695911407470703
1139.6000000000001,1.9675103425979614
1139.7,1.9656689167022705
1139.8000000000002,1.96623694896698
1139.9,1.9759495258331299
1140.0,1.9671909809112549
1140.1000000000001,1.9613515138626099
1140.2,1.9658476114273071
1140.3000000000002,1.9574187994003296
1140.4,1.9597047567367554
1140.5,1.9620989561080933
1140.6000000000001,1.961859941482544
1140.7,1.956496238708496
1140.8000000000002,1.9642767906188965
1140.9,1.957932710647583
1141.0,1.9712530374526978
1141.1000000000001,1.9659466743469238
1141.2,1.9683868885040283
1141.3000000000002,1.968424677848816
1141.4,1.9661216735839844
1141.5,1.9651199579238892
1141.6000000000001,1.9671379327774048
1141.7,1.963153600692749
1141.8000000000002,1.9522565603256226
1141.9,1.9582823514938354
1142.0,1.9656776189804077
1142.1000000000001,1.9727673530578613
1142.2,1.962198257446289
1142.3000000000002,1.9567034244537354
1142.4,1.956271767616272
1142.5,1.9638863801956177
1142.6000000000001,1.9580308198928833
1142.7,1.9626442193984985
1142.8000000000002,1.968206763267517
1142.9,1.9523918628692627
1143.0,1.9583344459533691
1143.1000000000001,1.9706038236618042
1143.2,1.9746137857437134
1143.3000000000002,1.9712188243865967
1143.4,1.9656264781951904
1143.5,1.9681344032287598
1143.6000000000001,1.9692857265472412
1143.7,1.9573899507522583
1143.8000000000002,1.9825642108917236
1143.9,1.9681609869003296
1144.0,1.9674421548843384
1144.1000000000001,1.9682894945144653
1144.2,1.945825219154358
1144.3000000000002,1.975951910018921
1144.4,1.9688694477081299
1144.5,1.9700108766555786
1144.6000000000001,1.96986985206604
1144.7,1.9620028734207153
1144.8000000000002,1.979607343673706
1144.9,1.9839154481887817
1145.0,1.9680938720703125
1145.1000000000001,1.9665865898132324
1145.2,1.9748578071594238
1145.3000000000002,1.9551492929458618
1145.4,1.9631025791168213
1145.5,1.9751007556915283
1145.6000000000001,1.9676845073699951
1145.7,1.986249327659607
1145.8000000000002,1.962859034538269
1145.9,1.9698374271392822
1146.0,1.9611960649490356
1146.1000000000001,1.9579068422317505
1146.2,1.9696872234344482
1146.3000000000002,1.9678047895431519
1146.4,1.961622714996338
1146.5,1.9678609371185303
1146.6000000000001,1.9666774272918701
1146.7,1.9770703315734863
1146.8000000000002,1.9819101095199585
1146.9,1.947379231452942
1147.0,1.965940237045288
1147.1000000000001,1.9671474695205688
1147.2,1.9584102630615234
1147.3000000000002,1.9852102994918823
1147.4,1.9732879400253296
1147.5,1.9652215242385864
1147.6000000000001,1.976348876953125
1147.7,1.9729838371276855
1147.8000000000002,1.9637082815170288
1147.9,1.9713164567947388
1148.0,1.964769721031189
1148.1000000000001,1.974647045135498
1148.2,1.983015537261963
1148.3000000000002,1.9667911529541016
1148.4,1.9708114862442017
1148.5,1.97420334815979
1148.6000000000001,1.9687355756759644
1148.7,1.9781908988952637
1148.8000000000002,1.9759749174118042
1148.9,1.9809283018112183
1149.0,1.9799230098724365
1149.1000000000001,1.9734718799591064
1149.2,1.9600809812545776
1149.3000000000002,1.961069941520691
1149.4,1.963686227798462
1149.5,1.972536563873291
1149.6000000000001,1.9769278764724731
1149.7,1.9708772897720337
1149.8000000000002,1.9738315343856812
1149.9,1.971146583557129
1150.0,1.9746793508529663
1150.1000000000001,1.9809026718139648
1150.2,1.9616323709487915
1150.3000000000002,1.9839831590652466
1150.4,1.9705346822738647
1150.5,1.9784034490585327
1150.6000000000001,1.9628713130950928
1150.7,1.9818240404129028
1150.8000000000002,1.9779046773910522
1150.9,1.9687968492507935
1151.0,1.9687843322753906
1151.1000000000001,1.9682127237319946
1151.2,1.9654834270477295
1151.3000000000002,1.974490761756897
1151.4,1.9809995889663696
1151.5,1.9707708358764648
1151.6000000000001,1.9811739921569824
1151.7,1.9785598516464233
1151.8000000000002,1.9648125171661377
1151.9,1.9788585901260376
1152.0,1.9751774072647095
1152.1000000000001,1.962526798248291
1152.2,1.9721007347106934
1152.3000000000002,1.980368971824646
1152.4,1.975937843322754
1152.5,1.97946298122406
1152.6000000000001,1.9738380908966064
1152.7,1.9623267650604248
1152.8000000000002,1.9832736253738403
1152.9,1.985015630722046
1153.0,1.9746583700180054
1153.1000000000001,1.9715598821640015
1153.2,1.978456974029541
1153.3000000000002,1.968103051185608
1153.4,1.9740204811096191
1153.5,1.9745274782180786
1153.6000000000001,1.9828133583068848
1153.7,1.980621337890625
1153.8000000000002,1.9785879850387573
1153.9,1.9787324666976929
1154.0,1.9730939865112305
1154.1000000000001,1.9835036993026733
1154.2,1.9835666418075562
1154.3000000000002,1.9751135110855103
1154.4,1.9753605127334595
1154.5,1.9811856746673584
1154.6000000000001,1.9861259460449219
1154.7,1.968862771987915
1154.8000000000002,1.9868146181106567
1154.9,1.9741435050964355
1155.0,1.977090835571289
1155.1000000000001,1.9720330238342285
1155.2,1.9787030220031738
1155.3000000000002,1.9741616249084473
1155.4,1.9784435033798218
1155.5,1.9842958450317383
1155.6000000000001,1.9850502014160156
1155.7,1.9816570281982422
1155.8000000000002,1.9776744842529297
1155.9,1.9821048974990845
1156.0,1.9843331575393677
1156.1000000000001,1.9887182712554932
1156.2,1.9849714040756226
1156.3000000000002,1.9732394218444824
1156.4,1.990159034729004
1156.5,1.975760579109192
1156.6000000000001,1.985811471939087
1156.7,1.980197548866272
1156.8000000000002,1.9802800416946411
1156.9,1.9788111448287964
1157.0,1.9774619340896606
1157.1000000000001,1.9738649129867554
1157.2,1.9907675981521606
1157.3000000000002,1.9882123470306396
1157.4,1.9890902042388916
1157.5,1.9782845973968506
1157.6000000000001,1.9765723943710327
1157.7,1.9909231662750244
1157.8000000000002,1.983781337738037
1157.9,1.9849473237991333
1158.0,1.9836921691894531
1158.1000000000001,1.9863475561141968
1158.2,1.9874122142791748
1158.3000000000002,1.983940601348877
1158.4,1.9837298393249512
1158.5,1.981971263885498
1158.6000000000001,1.9859663248062134
1158.7,1.983565092086792
1158.8000000000002,1.9872395992279053
1158.9,1.9763612747192383
1159.0,1.9753862619400024
1159.1000000000001,1.967893362045288
1159.2,1.974251389503479
1159.3000000000002,1.9676331281661987
1159.4,1.982565999031067
1159.5,1.9725072383880615
1159.6000000000001,1.9828940629959106
1159.7,1.9692827463150024
1159.8000000000002,1.9831559658050537
1159.9,1.982418417930603
1160.0,1.989595890045166
1160.1000000000001,1.9883736371994019
1160.2,1.9915486574172974
1160.3000000000002,1.980401873588562
1160.4,1.980237364768982
1160.5,1.9847084283828735
1160.6000000000001,1.9918694496154785
1160.7,1.992673397064209
1160.8000000000002,1.9729596376419067
1160.9,1.97025465965271
1161.0,1.9841874837875366
1161.1000000000001,1.989025354385376
1161.2,1.990959882736206
1161.3000000000002,1.9874417781829834
1161.4,1.9820622205734253
1161.5,1.994081974029541
1161.6000000000001,1.9864264726638794
1161.7,1.979694128036499
1161.8000000000002,1.9718878269195557
1161.9,1.9851845502853394
1162.0,1.989450454711914
1162.1000000000001,1.985472559928894
1162.2,1.995176911354065
1162.3000000000002,1.998866081237793
1162.4,1.9869544506072998
1162.5,1.9917012453079224
1162.6000000000001,1.990285038948059
1162.7,1.978171467781067
1162.8000000000002,1.9968634843826294
1162.9,1.989423155784607
1163.0,1.9939134120941162
1163.1000000000001,1.972082495689392
1163.2,1.972900152206421
1163.3000000000002,1.9863544702529907
1163.4,1.9901262521743774
1163.5,1.9878205060958862
1163.6000000000001,1.992506742477417
1163.7,1.983737587928772
1163.8000000000002,1.980748176574707
1163.9,1.9872891902923584
1164.0,1.9876924753189087
1164.1000000000001,1.9886300563812256
1164.2,1.9911636114120483
1164.3000000000002,2.0002310276031494
1164.4,1.9803885221481323
1164.5,1.9950443506240845
1164.6000000000001,1.9901678562164307
1164.7,1.9823344945907593
1164.8000000000002,1.993223786354065
1164.9,1.9910284280776978
1165.0,1.9690861701965332
1165.1000000000001,1.9895685911178589
1165.2,1.9941787719726562
1165.3000000000002,1.9940482378005981
1165.4,1.9883084297180176
1165.5,1.994908094406128
1165.6000000000001,2.002016305923462
1165.7,1.9987778663635254
1165.8000000000002,1.9929999113082886
1165.9,1.9873418807983398
1166.0,1.9876328706741333
1166.1000000000001,2.000657320022583
1166.2,1.9875320196151733
1166.3000000000002,1.9998582601547241
1166.4,1.9879566431045532
1166.5,1.9942777156829834
1166.6000000000001,1.9777942895889282
1166.7,1.9875316619873047
1166.8000000000002,2.00095534324646
1166.9,1.9977202415466309
1167.0,2.004319190979004
1167.1000000000001,1.9952669143676758
1167.2,1.9982682466506958
1167.3000000000002,1.9995077848434448
1167.4,1.9847711324691772
1167.5,2.003462791442871
1167.6000000000001,1.9864282608032227
1167.7,1.9905250072479248
1167.8000000000002,1.9978946447372437
1167.9,1.99326753616333
1168.0,1.994573950767517
1168.1000000000001,1.9896050691604614
1168.2,1.9844799041748047
1168.3000000000002,1.9851040840148926
1168.4,1.9971981048583984
1168.5,2.0004632472991943
1168.6000000000001,1.9831397533416748
1168.7,1.996033787727356
1168.8000000000002,1.995785117149353
1168.9,1.9961696863174438
1169.0,1.9803175926208496
1169.1000000000001,1.985792875289917
1169.2,1.995458722114563
1169.3000000000002,2.003190755844116
1169.4,2.0073282718658447
1169.5,1.9944148063659668
1169.6000000000001,1.9928903579711914
1169.7,1.9965828657150269
1169.8000000000002,2.002811908721924
1169.9,2.0028092861175537
1170.0,2.0084519386291504
1170.1000000000001,2.0014588832855225
1170.2,2.0044422149658203
1170.3000000000002,2.0022215843200684
1170.4,2.0086002349853516
1170.5,2.006754159927368
1170.6000000000001,1.992784857749939
1170.7,2.0083158016204834
1170.8000000000002,1.9890391826629639
1170.9,1.9980888366699219
1171.0,1.9947922229766846
1171.1000000000001,1.9955222606658936
1171.2,1.974265456199646
1171.3000000000002,1.993675947189331
1171.4,2.00626802444458
1171.5,1.996556282043457
1171.6000000000001,2.0017826557159424
1171.7,2.007890224456787
1171.8000000000002,1.9963390827178955
1171.9,1.9918583631515503
1172.0,2.0021398067474365
1172.1000000000001,1.9949188232421875
1172.2,1.997225284576416
1172.3000000000002,2.0007147789001465
1172.4,2.010742425918579
1172.5,1.9889566898345947
1172.6000000000001,1.9961596727371216
1172.7,1.9909796714782715
1172.8000000000002,2.0045878887176514
1172.9,1.9924986362457275
1173.0,2.0009429454803467
1173.1000000000001,2.0027730464935303
1173.2,1.9983083009719849
1173.3000000000002,2.008859872817993
1173.4,2.00823974609375
1173.5,2.0031590461730957
1173.6000000000001,2.000462055206299
1173.7,1.9934804439544678
1173.8000000000002,2.0040690898895264
1173.9,1.997130036354065
1174.0,2.0059430599212646
1174.1000000000001,1.9941121339797974
1174.2,2.001332998275757
1174.3000000000002,2.005537509918213
1174.4,1.9992493391036987
1174.5,2.003546953201294
1174.6000000000001,2.0108039379119873
1174.7,1.9915071725845337
1174.8000000000002,2.0032756328582764
1174.9,1.9986629486083984
1175.0,1.9876835346221924
1175.1000000000001,2.005218505859375
1175.2,1.9967434406280518
1175.3000000000002,2.0078086853027344
1175.4,1.9857313632965088
1175.5,2.001042366027832
1175.6000000000001,2.0117268562316895
1175.7,1.9967396259307861
1175.8000000000002,2.0015506744384766
1175.9,2.0050785541534424
1176.0,2.004124402999878
1176.1000000000001,2.008089065551758
1176.2,2.0100767612457275
1176.3000000000002,2.016709566116333
1176.4,2.0037665367126465
1176.5,1.989922285079956
1176.6000000000001,2.000689744949341
1176.7,2.0082390308380127
1176.8000000000002,2.0003011226654053
1176.9,2.0076310634613037
1177.0,1.9998478889465332
1177.1000000000001,2.005037784576416
1177.2,2.007702112197876
1177.3000000000002,1.9888556003570557
1177.4,2.0097782611846924
1177.5,2.0082080364227295
1177.6000000000001,2.004695415496826
1177.7,2.0086538791656494
1177.8000000000002,2.0086238384246826
1177.9,2.0121066570281982
1178.0,2.012427568435669
1178.1000000000001,2.0192270278930664
1178.2,2.0073466300964355
1178.3000000000002,2.002791404724121
1178.4,2.0111780166625977
1178.5,2.0075204372406006
1178.6000000000001,2.014045238494873
1178.7,2.0013132095336914
1178.8000000000002,2.0028903484344482
1178.9,2.009492874145508
1179.0,2.0125699043273926
1179.1000000000001,1.9998526573181152
1179.2,2.010817766189575
1179.3000000000002,2.0073840618133545
1179.4,2.004302978515625
1179.5,2.0036134719848633
1179.6000000000001,1.9981542825698853
1179.7,2.0196917057037354
1179.8000000000002,2.0155277252197266
1179.9,2.0159850120544434
1180.0,2.0039305686950684
1180.1000000000001,2.0173637866973877
1180.2,2.00738263130188
1180.3000000000002,2.0186753273010254
1180.4,2.011906147003174
1180.5,2.007657051086426
1180.6000000000001,2.016482353210449
1180.7,2.0084407329559326
1180.8000000000002,2.0058977603912354
1180.9,2.00266432762146
1181.0,2.0120091438293457
1181.1000000000001,2.0190296173095703
1181.2,2.0164079666137695
1181.3000000000002,2.0072989463806152
1181.4,2.021740436553955
1181.5,2.003682851791382
1181.6000000000001,2.0137341022491455
1181.7,2.0161640644073486
1181.8000000000002,2.017784595489502
1181.9,2.0136170387268066
1182.0,2.009871244430542
1182.1000000000001,2.0150299072265625
1182.2,2.0114006996154785
1182.3000000000002,2.0163888931274414
1182.4,2.013237476348877
1182.5,2.0113792419433594
1182.6000000000001,2.015469789505005
1182.7,2.001908779144287
1182.8000000000002,2.022926092147827
1182.9,2.004542589187622
1183.0,2.0116140842437744
1183.1000000000001,2.014714002609253
1183.2,2.0230205059051514
1183.3000000000002,2.015275716781616
1183.4,2.014930248260498
1183.5,2.018841505050659
1183.6000000000001,2.016289710998535
1183.7,2.0163373947143555
1183.8000000000002,2.0131607055664062
1183.9,2.018583059310913
1184.0,2.0169880390167236
1184.1000000000001,2.0132057666778564
1184.2,2.0196166038513184
1184.3000000000002,2.0088307857513428
1184.4,2.015883207321167
1184.5,2.0141592025756836
1184.6000000000001,2.0194246768951416
1184.7,2.0138537883758545
1184.8000000000002,2.0194222927093506
1184.9,2.015568256378174
1185.0,2.0174930095672607
1185.1000000000001,2.016322612762451
1185.2,2.017397880554199
1185.3000000000002,2.011739730834961
1185.4,2.011693000793457
1185.5,2.010138988494873
1185.6000000000001,2.0208840370178223
1185.7,2.0198376178741455
1185.8000000000002,2.0175976753234863
1185.9,2.0149974822998047
1186.0,2.019690990447998
1186.1000000000001,2.0117297172546387
1186.2,2.010568618774414
1186.3000000000002,2.0286123752593994
1186.4,2.008617401123047
1186.5,2.027764081954956
1186.6000000000001,2.0250179767608643
1186.7,2.0070903301239014
1186.8000000000002,2.024928569793701
1186.9,2.017266035079956
1187.0,2.0116806030273438
1187.1000000000001,2.0146219730377197
1187.2,2.0169503688812256
1187.3000000000002,2.014981269836426
1187.4,2.0098681449890137
1187.5,2.0173704624176025
1187.6000000000001,2.0325450897216797
1187.7,2.0218565464019775
1187.8000000000002,2.0307750701904297
1187.9,2.0252299308776855
1188.0,2.0307092666625977
1188.1000000000001,2.0143449306488037
1188.2,2.0186426639556885
1188.3000000000002,2.026282787322998
1188.4,2.0110061168670654
1188.5,2.011887311935425
1188.6000000000001,2.02006196975708
1188.7,2.027805805206299
1188.8000000000002,2.0208280086517334
1188.9,2.020953416824341
1189.0,2.0117294788360596
1189.1000000000001,2.0066397190093994
1189.2,2.0367484092712402
1189.3000000000002,2.024463176727295
1189.4,2.0245110988616943
1189.5,2.0233004093170166
1189.6000000000001,2.0277047157287598
1189.7,2.0260581970214844
1189.8000000000002,2.026338577270508
1189.9,2.0056567192077637
1190.0,2.0248212814331055
1190.1000000000001,2.0196006298065186
1190.2,2.023665189743042
1190.3000000000002,2.0237948894500732
1190.4,2.0295817852020264
1190.5,2.021059513092041
1190.6000000000001,2.021562099456787
1190.7,2.027431011199951
1190.8000000000002,2.0159809589385986
1190.9,2.019540786743164
1191.0,2.0103540420532227
1191.1000000000001,2.035888910293579
1191.2,2.0200870037078857
1191.3000000000002,2.022373914718628
1191.4,2.018767833709717
1191.5,2.007791519165039
1191.6000000000001,2.0279386043548584
1191.7,2.009396553039551
1191.8000000000002,2.02085280418396
1191.9,2.0242857933044434
1192.0,2.0230867862701416
1192.1000000000001,2.0278007984161377
1192.2,2.026498556137085
1192.3000000000002,2.015497922897339
1192.4,2.0303423404693604
1192.5,2.022231101989746
1192.6000000000001,2.022653341293335
1192.7,2.0285136699676514
1192.8000000000002,2.0147781372070312
1192.9,2.021662473678589
1193.0,2.028334856033325
1193.1000000000001,2.0360302925109863
1193.2,2.017272710800171
1193.3000000000002,2.0245680809020996
1193.4,2.022266387939453
1193.5,2.0293338298797607
1193.6000000000001,2.036729097366333
1193.7,2.0217151641845703
1193.8000000000002,2.035109519958496
1193.9,2.021926164627075
1194.0,2.021754503250122
1194.1000000000001,2.0272631645202637
1194.2,2.0206949710845947
1194.3000000000002,2.0268704891204834
1194.4,2.0295326709747314
1194.5,2.023284435272217
1194.6000000000001,2.024275302886963
1194.7,2.0263705253601074
1194.8000000000002,2.0285263061523438
1194.9,2.0363311767578125
1195.0,2.0270981788635254
1195.1000000000001,2.0254223346710205
1195.2,2.0359697341918945
1195.3000000000002,2.033371925354004
1195.4,2.03534197807312
1195.5,2.0324530601501465
1195.6000000000001,2.0289077758789062
1195.7,2.0286290645599365
1195.8000000000002,2.024824380874634
1195.9,2.0292694568634033
1196.0,2.022571086883545
1196.1000000000001,2.028791666030884
1196.2,2.0316944122314453
1196.3000000000002,2.0369150638580322
1196.4,2.036304473876953
1196.5,2.0405161380767822
1196.6000000000001,2.0191879272460938
1196.7,2.043349266052246
1196.8000000000002,2.03523325920105
1196.9,2.031096935272217
1197.0,2.0399575233459473
1197.1000000000001,2.029520034790039
1197.2,2.033155679702759
1197.3000000000002,2.0300920009613037
1197.4,2.027599334716797
1197.5,2.0449306964874268
1197.6000000000001,2.0354416370391846
1197.7,2.0229873657226562
1197.8000000000002,2.0361433029174805
1197.9,2.03104305267334
1198.0,2.0295166969299316
1198.1000000000001,2.0427136421203613
1198.2,2.0408990383148193
1198.3000000000002,2.0305395126342773
1198.4,2.0275731086730957
1198.5,2.041731834411621
1198.6000000000001,2.0427141189575195
1198.7,2.0358309745788574
1198.8000000000002,2.0315208435058594
1198.9,2.0367913246154785
1199.0,2.0352377891540527
1199.1000000000001,2.0375165939331055
1199.2,2.0412986278533936
1199.3000000000002,2.032092332839966
1199.4,2.034024238586426
1199.5,2.0387043952941895
1199.6000000000001,2.023052453994751
1199.7,2.0414373874664307
1199.8000000000002,2.035898208618164
1199.9,2.037898063659668
1200.0,2.0447895526885986
1200.1000000000001,2.038153648376465
1200.2,2.0423879623413086
1200.3000000000002,2.0321476459503174
1200.4,2.0219459533691406
1200.5,2.0088558197021484
1200.6000000000001,2.0338072776794434
1200.7,2.0362584590911865
1200.8000000000002,2.034109592437744
1200.9,2.024702310562134
1201.0,2.0368850231170654
1201.1000000000001,2.028228521347046
1201.2,2.033414125442505
1201.3000000000002,2.040828227996826
1201.4,2.0363850593566895
1201.5,2.039693832397461
1201.6000000000001,2.025547742843628
1201.7,2.0366570949554443
1201.8000000000002,2.0297558307647705
1201.9,2.0320990085601807
1202.0,2.0376861095428467
1202.1000000000001,2.0329394340515137
1202.2,2.0399398803710938
1202.3000000000002,2.032477855682373
1202.4,2.0487728118896484
1202.5,2.037879228591919
1202.6000000000001,2.0471959114074707
1202.7,2.0438995361328125
1202.8000000000002,2.0280604362487793
1202.9,2.0389437675476074
1203.0,2.04884672164917
1203.1000000000001,2.05041766166687
1203.2,2.042013645172119
1203.3000000000002,2.0442235469818115
1203.4,2.0380241870880127
1203.5,2.034912347793579
1203.6000000000001,2.051010847091675
1203.7,2.0528228282928467
1203.8000000000002,2.0403048992156982
1203.9,2.0425052642822266
1204.0,2.046597719192505
1204.1000000000001,2.0282106399536133
1204.2,2.0373499393463135
1204.3000000000002,2.0395872592926025
1204.4,2.051954507827759
1204.5,2.0521321296691895
1204.6000000000001,2.0481984615325928
1204.7,2.038667678833008
1204.8000000000002,2.0319652557373047
1204.9,2.052248954772949
1205.0,2.0495965480804443
1205.1000000000001,2.0443458557128906
1205.2,2.0508861541748047
1205.3000000000002,2.028573513031006
1205.4,2.0439798831939697
1205.5,2.0318713188171387
1205.6000000000001,2.043191432952881
1205.7,2.042613983154297
1205.8000000000002,2.0371861457824707
1205.9,2.0564048290252686
1206.0,2.038893699645996
1206.1000000000001,2.053344964981079
1206.2,2.0351061820983887
1206.3000000000002,2.048666477203369
1206.4,2.0455334186553955
1206.5,2.050703525543213
1206.6000000000001,2.0433921813964844
1206.7,2.042576789855957
1206.8000000000002,2.05079984664917
1206.9,2.0564892292022705
1207.0,2.057170867919922
1207.1000000000001,2.0418004989624023
1207.2,2.0401079654693604
1207.3000000000002,2.0518031120300293
1207.4,2.0478878021240234
1207.5,2.0517795085906982
1207.6000000000001,2.0373787879943848
1207.7,2.0532913208007812
1207.8000000000002,2.0529069900512695
1207.9,2.047964334487915
1208.0,2.054098606109619
1208.1000000000001,2.0439741611480713
1208.2,2.0421035289764404
1208.3000000000002,2.0409858226776123
1208.4,2.053640842437744
1208.5,2.037048578262329
1208.6000000000001,2.0496649742126465
1208.7,2.0583319664001465
1208.8000000000002,2.0519721508026123
1208.9,2.0558395385742188
1209.0,2.026075839996338
1209.1000000000001,2.045276403427124
1209.2,2.047724962234497
1209.3000000000002,2.040543556213379
1209.4,2.056152105331421
1209.5,2.0475077629089355
1209.6000000000001,2.044727087020874
1209.7,2.0532665252685547
1209.8000000000002,2.0521905422210693
1209.9,2.044456720352173
1210.0,2.0455925464630127
1210.1000000000001,2.0305216312408447
1210.2,2.0433599948883057
1210.3000000000002,2.0500881671905518
1210.4,2.053654670715332
1210.5,2.058185338973999
1210.6000000000001,2.0526890754699707
1210.7,2.0440762042999268
1210.8000000000002,2.054979085922241
1210.9,2.0579946041107178
1211.0,2.0468318462371826
1211.1000000000001,2.0492823123931885
1211.2,2.055790424346924
1211.3000000000002,2.0667643547058105
1211.4,2.0519351959228516
1211.5,2.060199022293091
1211.6000000000001,2.046116828918457
1211.7,2.054527521133423
1211.8000000000002,2.052717447280884
1211.9,2.0431840419769287
1212.0,2.0400142669677734
1212.1000000000001,2.05531907081604
1212.2,2.0526089668273926
1212.3000000000002,2.042285919189453
1212.4,2.0507969856262207
1212.5,2.0479586124420166
1212.6000000000001,2.0623817443847656
1212.7,2.064885377883911
1212.8000000000002,2.053826332092285
1212.9,2.051098346710205
1213.0,2.0569162368774414
1213.1000000000001,2.0506534576416016
1213.2,2.056967258453369
1213.3000000000002,2.0606436729431152
1213.4,2.0533628463745117
1213.5,2.058519124984741
1213.6000000000001,2.048844814300537
1213.7,2.040189027786255
1213.8000000000002,2.0624682903289795
1213.9,2.0504727363586426
1214.0,2.0637290477752686
1214.1000000000001,2.0554440021514893
1214.2,2.0637385845184326
1214.3000000000002,2.0592713356018066
1214.4,2.0479719638824463
1214.5,2.0542376041412354
1214.6000000000001,2.0489320755004883
1214.7,2.0511021614074707
1214.8000000000002,2.050828695297241
1214.9,2.0526161193847656
1215.0,2.0599544048309326
1215.1000000000001,2.0510330200195312
1215.2,2.057398796081543
1215.3000000000002,2.0471384525299072
1215.4,2.053166389465332
1215.5,2.051767110824585
1215.6000000000001,2.0623700618743896
1215.7,2.055631637573242
1215.8000000000002,2.0604703426361084
1215.9,2.055274724960327
1216.0,2.0645241737365723
1216.1000000000001,2.0666935443878174
1216.2,2.062401294708252
1216.3000000000002,2.0591416358947754
1216.4,2.0626895427703857
1216.5,2.058306932449341
1216.6000000000001,2.0455307960510254
1216.7,2.0535547733306885
1216.8000000000002,2.0611884593963623
1216.9,2.045339584350586
1217.0,2.052227258682251
1217.1000000000001,2.056107521057129
1217.2,2.055168390274048
1217.3000000000002,2.0589356422424316
1217.4,2.0643398761749268
1217.5,2.062490940093994
1217.6000000000001,2.0706238746643066
1217.7,2.0568621158599854
1217.8000000000002,2.0676658153533936
1217.9,2.0724005699157715
1218.0,2.0423617362976074
1218.1000000000001,2.0743000507354736
1218.2,2.059143304824829
1218.3000000000002,2.070678472518921
1218.4,2.0711216926574707
1218.5,2.068701982498169
1218.6000000000001,2.070711612701416
1218.7,2.061511993408203
1218.8000000000002,2.0616860389709473
1218.9,2.06877064704895
1219.0,2.070546865463257
1219.1000000000001,2.076181650161743
1219.2,2.0510447025299072
1219.3000000000002,2.054823160171509
1219.4,2.075491189956665
1219.5,2.0617995262145996
1219.6000000000001,2.0694735050201416
1219.7,2.0709125995635986
1219.8000000000002,2.0569851398468018
1219.9,2.0729243755340576
1220.0,2.0693163871765137
1220.1000000000001,2.063086986541748
1220.2,2.065845489501953
1220.3000000000002,2.0626280307769775
1220.4,2.0712294578552246
1220.5,2.0640878677368164
1220.6000000000001,2.0615766048431396
1220.7,2.076791524887085
1220.8000000000002,2.074115037918091
1220.9,2.0755839347839355
1221.0,2.0645081996917725
1221.1000000000001,2.071139335632324
1221.2,2.0630998611450195
1221.3000000000002,2.072754144668579
1221.4,2.066683530807495
1221.5,2.0627200603485107
1221.6000000000001,2.0704898834228516
1221.7,2.0614283084869385
1221.8000000000002,2.069774627685547
1221.9,2.0790648460388184
1222.0,2.0592737197875977
1222.1000000000001,2.068519353866577
1222.2,2.0769453048706055
1222.3000000000002,2.0692286491394043
1222.4,2.064617872238159
1222.5,2.0738279819488525
1222.6000000000001,2.0758700370788574
1222.7,2.059074878692627
1222.8000000000002,2.0648910999298096
1222.9,2.0703325271606445
1223.0,2.0647308826446533
1223.1000000000001,2.0648820400238037
1223.2,2.0865318775177
1223.3000000000002,2.0664072036743164
1223.4,2.061976194381714
1223.5,2.071786880493164
1223.6000000000001,2.0794429779052734
1223.7,2.0716679096221924
1223.8000000000002,2.0692811012268066
1223.9,2.079860210418701
1224.0,2.068509340286255
1224.1000000000001,2.0783424377441406
1224.2,2.0715787410736084
1224.3000000000002,2.0682926177978516
1224.4,2.0887324810028076
1224.5,2.0743298530578613
1224.6000000000001,2.0741443634033203
1224.7,2.076660633087158
1224.8000000000002,2.072399139404297
1224.9,2.06194806098938
1225.0,2.069488763809204
1225.1000000000001,2.0583903789520264
1225.2,2.084249496459961
1225.3000000000002,2.069338798522949
1225.4,2.077378034591675
1225.5,2.074336290359497
1225.6000000000001,2.062528133392334
1225.7,2.0661559104919434
1225.8000000000002,2.075653314590454
1225.9,2.074319839477539
1226.0,2.0669188499450684
1226.1000000000001,2.086421012878418
1226.2,2.088575601577759
1226.3000000000002,2.082376718521118
1226.4,2.0739567279815674
1226.5,2.0780587196350098
1226.6000000000001,2.082587718963623
1226.7,2.0770719051361084
1226.8000000000002,2.085994005203247
1226.9,2.0873427391052246
1227.0,2.0835134983062744
1227.1000000000001,2.0776214599609375
1227.2,2.0821688175201416
1227.3000000000002,2.070117712020874
1227.4,2.0817832946777344
1227.5,2.0741384029388428
1227.6000000000001,2.075000286102295
1227.7,2.0808351039886475
1227.8000000000002,2.0778303146362305
1227.9,2.0694384574890137
1228.0,2.080240249633789
1228.1000000000001,2.0801446437835693
1228.2,2.0748093128204346
1228.3000000000002,2.0878844261169434
1228.4,2.0718774795532227
1228.5,2.085949659347534
1228.6000000000001,2.0870745182037354
1228.7,2.085028886795044
1228.8000000000002,2.0914323329925537
1228.9,2.086087226867676
1229.0,2.0824878215789795
1229.1000000000001,2.069146156311035
1229.2,2.0663814544677734
1229.3000000000002,2.0723276138305664
1229.4,2.0894582271575928
1229.5,2.0803709030151367
1229.6000000000001,2.0762462615966797
1229.7,2.0622611045837402
1229.8000000000002,2.0691583156585693
1229.9,2.0764708518981934
1230.0,2.0786221027374268
1230.1000000000001,2.0868043899536133
1230.2,2.0809683799743652
1230.3000000000002,2.0768747329711914
1230.4,2.079073190689087
1230.5,2.0936124324798584
1230.6000000000001,2.076540231704712
1230.7,2.0816168785095215
1230.8000000000002,2.07879638671875
1230.9,2.090116262435913
1231.0,2.082960844039917
1231.1000000000001,2.0837395191192627
1231.2,2.0831258296966553
1231.3000000000002,2.086962938308716
1231.4,2.0789356231689453
1231.5,2.072965383529663
1231.6000000000001,2.086071729660034
1231.7,2.0925486087799072
1231.8000000000002,2.0791521072387695
1231.9,2.0929834842681885
1232.0,2.0866401195526123
1232.1000000000001,2.0878827571868896
1232.2,2.0860745906829834
1232.3000000000002,2.1032543182373047
1232.4,2.0820021629333496
1232.5,2.0771265029907227
1232.6000000000001,2.0935118198394775
1232.7,2.0904955863952637
1232.8000000000002,2.071119785308838
1232.9,2.0904541015625
1233.0,2.0824270248413086
1233.1000000000001,2.094993829727173
1233.2,2.096071720123291
1233.3000000000002,2.0930206775665283
1233.4,2.089021682739258
1233.5,2.0840113162994385
1233.6000000000001,2.088012933731079
1233.7,2.090418577194214
1233.8000000000002,2.0896003246307373
1233.9,2.093531847000122
1234.0,2.0910751819610596
1234.1000000000001,2.098984479904175
1234.2,2.0800466537475586
1234.3000000000002,2.097358465194702
1234.4,2.0953917503356934
1234.5,2.0920417308807373
1234.6000000000001,2.0913333892822266
1234.7,2.0881073474884033
1234.8000000000002,2.0936391353607178
1234.9,2.0963594913482666
1235.0,2.0888209342956543
1235.1000000000001,2.084731340408325
1235.2,2.085582971572876
1235.3000000000002,2.092827796936035
1235.4,2.074100971221924
1235.5,2.104923963546753
1235.6000000000001,2.096343517303467
1235.7,2.0860586166381836
1235.8000000000002,2.089400053024292
1235.9,2.0801684856414795
1236.0,2.091780185699463
1236.1000000000001,2.0866565704345703
1236.2,2.0913355350494385
1236.3000000000002,2.0896716117858887
1236.4,2.0810046195983887
1236.5,2.089876890182495
1236.6000000000001,2.0945796966552734
1236.7,2.1081881523132324
1236.8000000000002,2.0978152751922607
1236.9,2.093409538269043
1237.0,2.087718963623047
1237.1000000000001,2.0923242568969727
1237.2,2.0851385593414307
1237.3000000000002,2.096402645111084
1237.4,2.096100091934204
1237.5,2.1014533042907715
1237.6000000000001,2.100315809249878
1237.7,2.105560541152954
1237.8000000000002,2.08971905708313
1237.9,2.0924570560455322
1238.0,2.0967230796813965
1238.1000000000001,2.0992496013641357
1238.2,2.0957677364349365
1238.3000000000002,2.1032204627990723
1238.4,2.0951151847839355
1238.5,2.108874797821045
1238.6000000000001,2.097637176513672
1238.7,2.099228620529175
1238.8000000000002,2.0939526557922363
1238.9,2.0900936126708984
1239.0,2.1008434295654297
1239.1000000000001,2.0889575481414795
1239.2,2.089670181274414
1239.3000000000002,2.086864709854126
1239.4,2.0766379833221436
1239.5,2.1018073558807373
1239.6000000000001,2.0846750736236572
1239.7,2.1029062271118164
1239.8000000000002,2.1090166568756104
1239.9,2.1062872409820557
1240.0,2.0823774337768555
1240.1000000000001,2.0841894149780273
1240.2,2.0974137783050537
1240.3000000000002,2.0973052978515625
1240.4,2.0974314212799072
1240.5,2.1030707359313965
1240.6000000000001,2.0908913612365723
1240.7,2.0969414710998535
1240.8000000000002,2.0893354415893555
1240.9,2.0978798866271973
1241.0,2.1099534034729004
1241.1000000000001,2.097574234008789
1241.2,2.0981273651123047
1241.3000000000002,2.106199026107788
1241.4,2.09792423248291
1241.5,2.106405735015869
1241.6000000000001,2.0995047092437744
1241.7,2.0839991569519043
1241.8000000000002,2.094217300415039
1241.9,2.087073802947998
1242.0,2.102616310119629
1242.1000000000001,2.0931649208068848
1242.2,2.112626552581787
1242.3000000000002,2.0923571586608887
1242.4,2.1098217964172363
1242.5,2.094714879989624
1242.6000000000001,2.095280885696411
1242.7,2.1038589477539062
1242.8000000000002,2.086381435394287
1242.9,2.098634719848633
1243.0,2.113901138305664
1243.1000000000001,2.0950233936309814
1243.2,2.093092441558838
1243.3000000000002,2.109694004058838
1243.4,2.1168642044067383
1243.5,2.1117098331451416
1243.6000000000001,2.1085877418518066
1243.7,2.1002840995788574
1243.8000000000002,2.096848726272583
1243.9,2.111602306365967
1244.0,2.0970816612243652
1244.1000000000001,2.0996181964874268
1244.2,2.097227096557617
1244.3000000000002,2.119978189468384
1244.4,2.0960659980773926
1244.5,2.0946600437164307
1244.6000000000001,2.098505735397339
1244.7,2.1017560958862305
1244.8000000000002,2.1116111278533936
1244.9,2.098471164703369
1245.0,2.10347318649292
1245.1000000000001,2.099592685699463
1245.2,2.114323854446411
1245.3000000000002,2.0986008644104004
1245.4,2.1087019443511963
1245.5,2.106759786605835
1245.6000000000001,2.10882306098938
1245.7,2.10062837600708
1245.8000000000002,2.109463930130005
1245.9,2.1117160320281982
1246.0,2.1125543117523193
1246.1000000000001,2.113085985183716
1246.2,2.1041088104248047
1246.3000000000002,2.1013987064361572
1246.4,2.1138405799865723
1246.5,2.121478319168091
1246.6000000000001,2.1269004344940186
1246.7,2.1031692028045654
1246.8000000000002,2.118962287902832
1246.9,2.1116955280303955
1247.0,2.111798048019409
1247.1000000000001,2.1138923168182373
1247.2,2.108046531677246
1247.3000000000002,2.1106369495391846
1247.4,2.1169352531433105
1247.5,2.095947742462158
1247.6000000000001,2.1081433296203613
1247.7,2.1078543663024902
1247.8000000000002,2.1104369163513184
1247.9,2.1255011558532715
1248.0,2.0920963287353516
1248.1000000000001,2.123579502105713
1248.2,2.1127989292144775
1248.3000000000002,2.114431142807007
1248.4,2.117248296737671
1248.5,2.1135644912719727
1248.6000000000001,2.1126341819763184
1248.7,2.1137771606445312
1248.8000000000002,2.121677875518799
1248.9,2.12087345123291
1249.0,2.1155941486358643
1249.1000000000001,2.111375331878662
1249.2,2.125337600708008
1249.3000000000002,2.113293170928955
1249.4,2.0980682373046875
1249.5,2.1017472743988037
1249.6000000000001,2.118258237838745
1249.7,2.1079890727996826
1249.8000000000002,2.1125948429107666
1249.9,2.121476888656616
1250.0,2.1125223636627197
1250.1000000000001,2.1078248023986816
1250.2,2.097947359085083
1250.3000000000002,2.122824192047119
1250.4,2.115615129470825
1250.5,2.103294610977173
1250.6000000000001,2.1113715171813965
1250.7,2.1041862964630127
1250.8000000000002,2.1198532581329346
1250.9,2.1145153045654297
1251.0,2.1163599491119385
1251.1000000000001,2.126598358154297
1251.2,2.1096267700195312
1251.3000000000002,2.1129202842712402
1251.4,2.1170668601989746
1251.5,2.1099119186401367
1251.6000000000001,2.113090991973877
1251.7,2.121005058288574
1251.8000000000002,2.1139655113220215
1251.9,2.120070219039917
1252.0,2.1167712211608887
1252.1000000000001,2.1180431842803955
1252.2,2.122718334197998
1252.3000000000002,2.114210844039917
1252.4,2.12962007522583
1252.5,2.1169660091400146
1252.6000000000001,2.1325769424438477
1252.7,2.1266531944274902
1252.8000000000002,2.1269125938415527
1252.9,2.107137680053711
1253.0,2.116284132003784
1253.1000000000001,2.1245834827423096
1253.2,2.11196231842041
1253.3000000000002,2.1097302436828613
1253.4,2.1235580444335938
1253.5,2.1125741004943848
1253.6000000000001,2.114245891571045
1253.7,2.132044553756714
1253.8000000000002,2.1158642768859863
1253.9,2.1272923946380615
1254.0,2.119072437286377
1254.1000000000001,2.1205685138702393
1254.2,2.1173572540283203
1254.3000000000002,2.1282689571380615
1254.4,2.1189727783203125
1254.5,2.124821424484253
1254.6000000000001,2.1193811893463135
1254.7,2.1289098262786865
1254.8000000000002,2.124497175216675
1254.9,2.120471715927124
1255.0,2.1210689544677734
1255.1000000000001,2.120408296585083
1255.2,2.1210596561431885
1255.3000000000002,2.1237120628356934
1255.4,2.1220738887786865
1255.5,2.108278274536133
1255.6000000000001,2.1241681575775146
1255.7,2.114312171936035
1255.8000000000002,2.117555618286133
1255.9,2.1217236518859863
1256.0,2.1208531856536865
1256.1000000000001,2.125441789627075
1256.2,2.131343126296997
1256.3000000000002,2.12673020362854
1256.4,2.121047019958496
1256.5,2.1244099140167236
1256.6000000000001,2.131865978240967
1256.7,2.1254231929779053
1256.8000000000002,2.128229856491089
1256.9,2.1151797771453857
1257.0,2.1271798610687256
1257.1000000000001,2.1217947006225586
1257.2,2.1193482875823975
1257.3000000000002,2.119419813156128
1257.4,2.1196253299713135
1257.5,2.1290924549102783
1257.6000000000001,2.139890193939209
1257.7,2.113621711730957
1257.8000000000002,2.1341564655303955
1257.9,2.1099023818969727
1258.0,2.1329941749572754
1258.1000000000001,2.1264564990997314
1258.2,2.1204631328582764
1258.3000000000002,2.1122167110443115
1258.4,2.133439302444458
1258.5,2.1164262294769287
1258.6000000000001,2.1181201934814453
1258.7,2.142563581466675
1258.8000000000002,2.1343271732330322
1258.9,2.120985269546509
1259.0,2.133223056793213
1259.1000000000001,2.1287262439727783
1259.2,2.1366219520568848
1259.3000000000002,2.131652355194092
1259.4,2.1229920387268066
1259.5,2.13822340965271
1259.6000000000001,2.1345267295837402
1259.7,2.136462926864624
1259.8000000000002,2.1346659660339355
1259.9,2.1255505084991455
1260.0,2.1334590911865234
1260.1000000000001,2.132291078567505
1260.2,2.1255228519439697
1260.3000000000002,2.140728712081909
1260.4,2.131592035293579
1260.5,2.1236040592193604
1260.6000000000001,2.137477159500122
1260.7,2.1469931602478027
1260.8000000000002,2.135967969894409
1260.9,2.128688097000122
1261.0,2.1436474323272705
1261.1000000000001,2.1335859298706055
1261.2,2.1370179653167725
1261.3000000000002,2.142730236053467
1261.4,2.1245346069335938
1261.5,2.1450746059417725
1261.6000000000001,2.133476972579956
1261.7,2.131176710128784
1261.8000000000002,2.1417062282562256
1261.9,2.1289138793945312
1262.0,2.1253182888031006
1262.1000000000001,2.133431911468506
1262.2,2.148876428604126
1262.3000000000002,2.1385271549224854
1262.4,2.1370882987976074
1262.5,2.1414732933044434
1262.6000000000001,2.1333630084991455
1262.7,2.1473731994628906
1262.8000000000002,2.1441762447357178
1262.9,2.139066219329834
1263.0,2.1457273960113525
1263.1000000000001,2.134565591812134
1263.2,2.1457154750823975
1263.3000000000002,2.1416573524475098
1263.4,2.1406455039978027
1263.5,2.141063928604126
1263.6000000000001,2.129711627960205
1263.7,2.1339080333709717
1263.8000000000002,2.133697032928467
1263.9,2.134737253189087
1264.0,2.142110824584961
1264.1000000000001,2.1430609226226807
1264.2,2.1343228816986084
1264.3000000000002,2.1205363273620605
1264.4,2.143929958343506
1264.5,2.1422197818756104
1264.6000000000001,2.1368157863616943
1264.7,2.146505117416382
1264.8000000000002,2.1499431133270264
1264.9,2.1341001987457275
1265.0,2.1479153633117676
1265.1000000000001,2.1509459018707275
1265.2,2.142038583755493
1265.3000000000002,2.1417877674102783
1265.4,2.143376588821411
1265.5,2.147639036178589
1265.6000000000001,2.1493194103240967
1265.7,2.1432926654815674
1265.8000000000002,2.14992356300354
1265.9,2.138361692428589
1266.0,2.146895170211792
1266.1000000000001,2.1478633880615234
1266.2,2.153935194015503
1266.3000000000002,2.138575553894043
1266.4,2.140066623687744
1266.5,2.131474018096924
1266.6000000000001,2.1380972862243652
1266.7,2.1484789848327637
1266.8000000000002,2.1549882888793945
1266.9,2.134368658065796
1267.0,2.1416990756988525
1267.1000000000001,2.1533379554748535
1267.2,2.1449098587036133
1267.3000000000002,2.140671491622925
1267.4,2.1342387199401855
1267.5,2.1518924236297607
1267.6000000000001,2.145193576812744
1267.7,2.1470136642456055
1267.8000000000002,2.150156259536743
1267.9,2.147777795791626
1268.0,2.1367874145507812
1268.1000000000001,2.151341438293457
1268.2,2.1466064453125
1268.3000000000002,2.1582751274108887
1268.4,2.152811050415039
1268.5,2.1526665687561035
1268.6000000000001,2.153548002243042
1268.7,2.1547651290893555
1268.8000000000002,2.1385364532470703
1268.9,2.136387348175049
1269.0,2.1452271938323975
1269.1000000000001,2.1532742977142334
1269.2,2.143704414367676
1269.3000000000002,2.1439929008483887
1269.4,2.147986650466919
1269.5,2.1519620418548584
1269.6000000000001,2.1563637256622314
1269.7,2.159205198287964
1269.8000000000002,2.1584367752075195
1269.9,2.1368749141693115
1270.0,2.145543336868286
1270.1000000000001,2.1535534858703613
1270.2,2.1536920070648193
1270.3000000000002,2.150543212890625
1270.4,2.124641180038452
1270.5,2.153609275817871
1270.6000000000001,2.156231641769409
1270.7,2.1369924545288086
1270.8000000000002,2.151156425476074
1270.9,2.1466786861419678
1271.0,2.15752911567688
1271.1000000000001,2.148681402206421
1271.2,2.1539196968078613
1271.3000000000002,2.149956464767456
1271.4,2.1460094451904297
1271.5,2.16312575340271
1271.6000000000001,2.156141996383667
1271.7,2.1559159755706787
1271.8000000000002,2.152181625366211
1271.9,2.1527280807495117
1272.0,2.1562201976776123
1272.1000000000001,2.157863140106201
1272.2,2.1571996212005615
1272.3000000000002,2.157986640930176
1272.4,2.1628947257995605
1272.5,2.1455142498016357
1272.6000000000001,2.1596384048461914
1272.7,2.1586568355560303
1272.8000000000002,2.157360792160034
1272.9,2.1429059505462646
1273.0,2.1629257202148438
1273.1000000000001,2.14894962310791
1273.2,2.150937080383301
1273.3000000000002,2.143601894378662
1273.4,2.1508736610412598
1273.5,2.161796808242798
1273.6000000000001,2.144704580307007
1273.7,2.158855676651001
1273.8000000000002,2.162369966506958
1273.9,2.157060146331787
1274.0,2.1647937297821045
1274.1000000000001,2.1683154106140137
1274.2,2.155425548553467
1274.3000000000002,2.1593618392944336
1274.4,2.1636085510253906
1274.5,2.1620163917541504
1274.6000000000001,2.1650915145874023
1274.7,2.1634926795959473
1274.8000000000002,2.1685128211975098
1274.9,2.167881488800049
1275.0,2.1550052165985107
1275.1000000000001,2.160597085952759
1275.2,2.167391300201416
1275.3000000000002,2.1543872356414795
1275.4,2.1606595516204834
1275.5,2.164440870285034
1275.6000000000001,2.1618499755859375
1275.7,2.1658377647399902
1275.8000000000002,2.1703572273254395
1275.9,2.1610302925109863
1276.0,2.1578567028045654
1276.1000000000001,2.1582112312316895
1276.2,2.1669390201568604
1276.3000000000002,2.1562607288360596
1276.4,2.1619744300842285
1276.5,2.167757987976074
1276.6000000000001,2.162285089492798
1276.7,2.1588103771209717
1276.8000000000002,2.1683688163757324
1276.9,2.155836582183838
1277.0,2.1631205081939697
1277.1000000000001,2.168318748474121
1277.2,2.166337251663208
1277.3000000000002,2.1652817726135254
1277.4,2.170963764190674
1277.5,2.159273147583008
1277.6000000000001,2.156886577606201
1277.7,2.161073684692383
1277.8000000000002,2.1642544269561768
1277.9,2.1726973056793213
1278.0,2.177145481109619
1278.1000000000001,2.168513059616089
1278.2,2.158867835998535
1278.3000000000002,2.1510369777679443
1278.4,2.1630094051361084
1278.5,2.169502019882202
1278.6000000000001,2.1742193698883057
1278.7,2.167210817337036
1278.8000000000002,2.162310838699341
1278.9,2.1736810207366943
1279.0,2.16213321685791
1279.1000000000001,2.158613920211792
1279.2,2.162583112716675
1279.3000000000002,2.163303852081299
1279.4,2.1612067222595215
1279.5,2.168778896331787
1279.6000000000001,2.1665642261505127
1279.7,2.1635236740112305
1279.8000000000002,2.1691012382507324
1279.9,2.1772427558898926
1280.0,2.1698198318481445
1280.1000000000001,2.172034978866577
1280.2,2.167285680770874
1280.3000000000002,2.1634328365325928
1280.4,2.1667068004608154
1280.5,2.175414800643921
1280.6000000000001,2.1710023880004883
1280.7,2.1647603511810303
1280.8000000000002,2.1715028285980225
1280.9,2.1760053634643555
1281.0,2.169778347015381
1281.1000000000001,2.165163040161133
1281.2,2.160590410232544
1281.3000000000002,2.1811749935150146
1281.4,2.1672475337982178
1281.5,2.1636319160461426
1281.6000000000001,2.1760380268096924
1281.7,2.1709954738616943
1281.8000000000002,2.168379068374634
1281.9,2.1689069271087646
1282.0,2.1680798530578613
1282.1000000000001,2.178917407989502
1282.2,2.166139602661133
1282.3000000000002,2.168001890182495
1282.4,2.1776623725891113
1282.5,2.1728997230529785
1282.6000000000001,2.171950578689575
1282.7,2.174478530883789
1282.8000000000002,2.180361270904541
1282.9,2.170278310775757
1283.0,2.168574333190918
1283.1000000000001,2.163208246231079
1283.2,2.1702613830566406
1283.3000000000002,2.1789684295654297
1283.4,2.177293539047241
1283.5,2.171769380569458
1283.6000000000001,2.1686322689056396
1283.7,2.161717176437378
1283.8000000000002,2.183161497116089
1283.9,2.176805257797241
1284.0,2.178023099899292
1284.1000000000001,2.1686785221099854
1284.2,2.181051015853882
1284.3000000000002,2.1811397075653076
1284.4,2.1672160625457764
1284.5,2.186837911605835
1284.6000000000001,2.180140733718872
1284.7,2.169602870941162
1284.8000000000002,2.1806488037109375
1284.9,2.170947551727295
1285.0,2.165813446044922
1285.1000000000001,2.1750786304473877
1285.2,2.180018663406372
1285.3000000000002,2.1694905757904053
1285.4,2.1949808597564697
1285.5,2.180126428604126
1285.6000000000001,2.1694915294647217
1285.7,2.1717746257781982
1285.8000000000002,2.187073230743408
1285.9,2.180373191833496
1286.0,2.181595802307129
1286.1000000000001,2.1836140155792236
1286.2,2.1894960403442383
1286.3000000000002,2.1769888401031494
1286.4,2.1769089698791504
1286.5,2.1757829189300537
1286.6000000000001,2.1823885440826416
1286.7,2.175065755844116
1286.8000000000002,2.1613123416900635
1286.9,2.17256760597229
1287.0,2.1876237392425537
1287.1000000000001,2.169649600982666
1287.2,2.1718852519989014
1287.3000000000002,2.1961188316345215
1287.4,2.1813573837280273
1287.5,2.1912930011749268
1287.6000000000001,2.180269241333008
1287.7,2.1705522537231445
1287.8000000000002,2.1829891204833984
1287.9,2.1828701496124268
1288.0,2.183546781539917
1288.1000000000001,2.1788580417633057
1288.2,2.19510555267334
1288.3000000000002,2.1783597469329834
1288.4,2.188868999481201
1288.5,2.1818668842315674
1288.6000000000001,2.168443441390991
1288.7,2.1886305809020996
1288.8000000000002,2.1880440711975098
1288.9,2.190019130706787
1289.0,2.1972815990448
1289.1000000000001,2.1834211349487305
1289.2,2.1924989223480225
1289.3000000000002,2.1839444637298584
1289.4,2.190157890319824
1289.5,2.179955005645752
1289.6000000000001,2.1886868476867676
1289.7,2.1823503971099854
1289.8000000000002,2.1915767192840576
1289.9,2.1907920837402344
1290.0,2.1841344833374023
1290.1000000000001,2.1854937076568604
1290.2,2.177717685699463
1290.3000000000002,2.187263250350952
1290.4,2.1843762397766113
1290.5,2.1866397857666016
1290.6000000000001,2.175793170928955
1290.7,2.1786417961120605
1290.8000000000002,2.1887218952178955
1290.9,2.1974258422851562
1291.0,2.193124771118164
1291.1000000000001,2.2018871307373047
1291.2,2.1811304092407227
1291.3000000000002,2.18790340423584
1291.4,2.1836435794830322
1291.5,2.192011594772339
1291.6000000000001,2.1882596015930176
1291.7,2.194943904876709
1291.8000000000002,2.1881556510925293
1291.9,2.193804979324341
1292.0,2.1777331829071045
1292.1000000000001,2.1926653385162354
1292.2,2.1868622303009033
1292.3000000000002,2.1861014366149902
1292.4,2.18792724609375
1292.5,2.189687967300415
1292.6000000000001,2.2008702754974365
1292.7,2.1979010105133057
1292.8000000000002,2.1911203861236572
1292.9,2.1801090240478516
1293.0,2.192636728286743
1293.1000000000001,2.177143096923828
1293.2,2.1851141452789307
1293.3000000000002,2.1941580772399902
1293.4,2.1787703037261963
1293.5,2.19461727142334
1293.6000000000001,2.1936140060424805
1293.7,2.1911725997924805
1293.8000000000002,2.2028350830078125
1293.9,2.193389415740967
1294.0,2.2007806301116943
1294.1000000000001,2.2019171714782715
1294.2,2.2024834156036377
1294.3000000000002,2.1866536140441895
1294.4,2.1851909160614014
1294.5,2.193169355392456
1294.6000000000001,2.1829357147216797
1294.7,2.190559148788452
1294.8000000000002,2.1915249824523926
1294.9,2.206425189971924
1295.0,2.1891021728515625
1295.1000000000001,2.1908252239227295
1295.2,2.2117815017700195
1295.3000000000002,2.1905577182769775
1295.4,2.1960933208465576
1295.5,2.2012810707092285
1295.6000000000001,2.2006263732910156
1295.7,2.192840814590454
1295.8000000000002,2.191542863845825
1295.9,2.191131114959717
1296.0,2.2016501426696777
1296.1000000000001,2.1958837509155273
1296.2,2.187411308288574
1296.3000000000002,2.19677472114563
1296.4,2.1847169399261475
1296.5,2.2085459232330322
1296.6000000000001,2.206932783126831
1296.7,2.2050528526306152
1296.8000000000002,2.20371413230896
1296.9,2.1997296810150146
1297.0,2.190100908279419
1297.1000000000001,2.198970317840576
1297.2,2.2016124725341797
1297.3000000000002,2.1843574047088623
1297.4,2.2066500186920166
1297.5,2.184009552001953
1297.6000000000001,2.2014195919036865
1297.7,2.205836772918701
1297.8000000000002,2.1997947692871094
1297.9,2.201321840286255
1298.0,2.1953086853027344
1298.1000000000001,2.205307960510254
1298.2,2.1993846893310547
1298.3000000000002,2.203291416168213
1298.4,2.210674285888672
1298.5,2.2136240005493164
1298.6000000000001,2.20597243309021
1298.7,2.199591636657715
1298.8000000000002,2.2077090740203857
1298.9,2.192483425140381
1299.0,2.2056593894958496
1299.1000000000001,2.194826602935791
1299.2,2.204833984375
1299.3000000000002,2.2139086723327637
1299.4,2.207108736038208
1299.5,2.20013689994812
1299.6000000000001,2.2069125175476074
1299.7,2.196810245513916
1299.8000000000002,2.1846320629119873
1299.9,2.203451633453369
1300.0,2.2026593685150146
1300.1000000000001,2.2149622440338135
1300.2,2.2059836387634277
1300.3000000000002,2.201796770095825
1300.4,2.2004764080047607
1300.5,2.2023096084594727
1300.6000000000001,2.193497657775879
1300.7,2.206658363342285
1300.8000000000002,2.2069032192230225
1300.9,2.2088887691497803
1301.0,2.1961684226989746
1301.1000000000001,2.2122890949249268
1301.2,2.2115635871887207
1301.3000000000002,2.2089035511016846
1301.4,2.202857255935669
1301.5,2.2141735553741455
1301.6000000000001,2.205782651901245
1301.7,2.219531536102295
1301.8000000000002,2.193807363510132
1301.9,2.1993448734283447
1302.0,2.2156457901000977
1302.1000000000001,2.213988780975342
1302.2,2.210491895675659
1302.3000000000002,2.2088911533355713
1302.4,2.214712381362915
1302.5,2.2038662433624268
1302.6000000000001,2.2092278003692627
1302.7,2.2146315574645996
1302.8000000000002,2.2150044441223145
1302.9,2.2058541774749756
1303.0,2.2029738426208496
1303.1000000000001,2.214859962463379
1303.2,2.2116410732269287
1303.3000000000002,2.2041664123535156
1303.4,2.214493989944458
1303.5,2.2087066173553467
1303.6000000000001,2.2111566066741943
1303.7,2.215461492538452
1303.8000000000002,2.213360071182251
1303.9,2.2075631618499756
1304.0,2.2095062732696533
1304.1000000000001,2.21635365486145
1304.2,2.2054851055145264
1304.3000000000002,2.2005536556243896
1304.4,2.1923880577087402
1304.5,2.210460901260376
1304.6000000000001,2.2160229682922363
1304.7,2.2171523571014404
1304.8000000000002,2.2108888626098633
1304.9,2.204463243484497
1305.0,2.200115203857422
1305.1000000000001,2.2160589694976807
1305.2,2.214712619781494
1305.3000000000002,2.226256847381592
1305.4,2.201836347579956
1305.5,2.221421241760254
1305.6000000000001,2.2085394859313965
1305.7,2.2159264087677
1305.8000000000002,2.2212581634521484
1305.9,2.2153286933898926
1306.0,2.2191052436828613
1306.1000000000001,2.2230584621429443
1306.2,2.206545114517212
1306.3000000000002,2.220444917678833
1306.4,2.2175159454345703
1306.5,2.223734140396118
1306.6000000000001,2.220738172531128
1306.7,2.2163634300231934
1306.8000000000002,2.2108399868011475
1306.9,2.2197341918945312
1307.0,2.206153392791748
1307.1000000000001,2.211113929748535
1307.2,2.2088420391082764
1307.3000000000002,2.2197375297546387
1307.4,2.2133259773254395
1307.5,2.20825457572937
1307.6000000000001,2.2112982273101807
1307.7,2.219647169113159
1307.8000000000002,2.2246501445770264
1307.9,2.2222836017608643
1308.0,2.2162513732910156
1308.1000000000001,2.219430923461914
1308.2,2.207606315612793
1308.3000000000002,2.216820001602173
1308.4,2.2251758575439453
1308.5,2.2183449268341064
1308.6000000000001,2.2201685905456543
1308.7,2.2186622619628906
1308.8000000000002,2.2164318561553955
1308.9,2.2239909172058105
1309.0,2.2155208587646484
1309.1000000000001,2.2135093212127686
1309.2,2.2240302562713623
1309.3000000000002,2.2179503440856934
1309.4,2.2057721614837646
1309.5,2.2136991024017334
1309.6000000000001,2.222749710083008
1309.7,2.222646951675415
1309.8000000000002,2.2069091796875
1309.9,2.221156120300293
1310.0,2.228818416595459
1310.1000000000001,2.209855079650879
1310.2,2.2273447513580322
1310.3000000000002,2.2257559299468994
1310.4,2.2318813800811768
1310.5,2.2105116844177246
1310.6000000000001,2.2274608612060547
1310.7,2.2267236709594727
1310.8000000000002,2.2277398109436035
1310.9,2.2265408039093018
1311.0,2.224855422973633
1311.1000000000001,2.218614101409912
1311.2,2.2183127403259277
1311.3000000000002,2.222377300262451
1311.4,2.227822780609131
1311.5,2.2047622203826904
1311.6000000000001,2.2064356803894043
1312.1000000000001,2.2295849323272705
1312.1000000000001,2.225163698196411
1312.1000000000001,2.2199554443359375
1312.1000000000001,2.2208049297332764
1312.1000000000001,2.219663143157959
1312.2,2.221806049346924
1312.3000000000002,2.2295167446136475
1312.4,2.232388973236084
1312.5,2.228925943374634
1312.6000000000001,2.224865674972534
1312.7,2.22857403755188
1312.8000000000002,2.2420408725738525
1312.9,2.226949691772461
1313.0,2.2193856239318848
1313.1000000000001,2.218125104904175
1313.2,2.235445976257324
1313.3000000000002,2.2192893028259277
1313.4,2.2249484062194824
1313.5,2.233067274093628
1313.6000000000001,2.2174112796783447
1313.7,2.232272148132324
1313.8000000000002,2.2279696464538574
1313.9,2.234260082244873
1314.0,2.2301137447357178
1314.1000000000001,2.2371397018432617
1314.2,2.2206311225891113
1314.3000000000002,2.2275750637054443
1314.4,2.2356503009796143
1314.5,2.233484983444214
1314.6000000000001,2.2336976528167725
1314.7,2.2196297645568848
1314.8000000000002,2.2240614891052246
1314.9,2.2328860759735107
1315.0,2.2342488765716553
1315.1000000000001,2.2371582984924316
1315.2,2.231055974960327
1315.3000000000002,2.2306101322174072
1315.4,2.2173988819122314
1315.5,2.239907741546631
1315.6000000000001,2.2304160594940186
1315.7,2.2409045696258545
1315.8000000000002,2.2308571338653564
1315.9,2.230151414871216
1316.0,2.24068284034729
1316.1000000000001,2.2373130321502686
1316.2,2.2387115955352783
1316.3000000000002,2.2330312728881836
1316.4,2.2471795082092285
1316.5,2.239689826965332
1316.6000000000001,2.2222416400909424
1316.7,2.2310216426849365
1316.8000000000002,2.235036849975586
1316.9,2.230203628540039
1317.0,2.209385395050049
1317.1000000000001,2.241070032119751
1317.2,2.2206742763519287
1317.3000000000002,2.2387375831604004
1317.4,2.238877534866333
1317.5,2.2421469688415527
1317.6000000000001,2.238025665283203
1317.7,2.237032651901245
1317.8000000000002,2.238048791885376
1317.9,2.244528293609619
1318.0,2.235537052154541
1318.1000000000001,2.2320303916931152
1318.2,2.232255220413208
1318.3000000000002,2.235966682434082
1318.4,2.233463764190674
1318.5,2.2398648262023926
1318.6000000000001,2.2484776973724365
1318.7,2.237692356109619
1318.8000000000002,2.2378969192504883
1318.9,2.2443172931671143
1319.0,2.2259392738342285
1319.1000000000001,2.2522366046905518
1319.2,2.241119623184204
1319.3000000000002,2.2356364727020264
1319.4,2.2371997833251953
1319.5,2.251217842102051
1319.6000000000001,2.2402591705322266
1319.7,2.2458200454711914
1319.8000000000002,2.216218948364258
1319.9,2.231637477874756
1320.0,2.239550828933716
1320.1000000000001,2.2428717613220215
1320.2,2.252722978591919
1320.3000000000002,2.2330310344696045
1320.4,2.246462106704712
1320.5,2.2443597316741943
1320.6000000000001,2.2323784828186035
1320.7,2.2364697456359863
1320.8000000000002,2.2291147708892822
1320.9,2.241429090499878
1321.0,2.2428457736968994
1321.1000000000001,2.246744155883789
1321.2,2.2394766807556152
1321.3000000000002,2.2398576736450195
1321.4,2.2380363941192627
1321.5,2.2372052669525146
1321.6000000000001,2.2443573474884033
1321.7,2.2391505241394043
1321.8000000000002,2.238551378250122
1321.9,2.230224847793579
1322.0,2.2366092205047607
1322.1000000000001,2.250549793243408
1322.2,2.243227481842041
1322.3000000000002,2.257479190826416
1322.4,2.24953031539917
1322.5,2.249439001083374
1322.6000000000001,2.2429165840148926
1322.7,2.2548396587371826
1322.8000000000002,2.2513558864593506
1322.9,2.2307307720184326
1323.0,2.2346744537353516
1323.1000000000001,2.255037307739258
1323.2,2.242100477218628
1323.3000000000002,2.2471561431884766
1323.4,2.2501349449157715
1323.5,2.246774196624756
1323.6000000000001,2.2490599155426025
1323.7,2.2475321292877197
1323.8000000000002,2.2533226013183594
1323.9,2.242441177368164
1324.0,2.259140729904175
1324.1000000000001,2.2515666484832764
1324.2,2.244255304336548
1324.3000000000002,2.2524399757385254
1324.4,2.2420976161956787
1324.5,2.2486724853515625
1324.6000000000001,2.2382419109344482
1324.7,2.233806848526001
1324.8000000000002,2.2430837154388428
1324.9,2.2500104904174805
1325.0,2.2606537342071533
1325.1000000000001,2.2476048469543457
1325.2,2.2417383193969727
1325.3000000000002,2.2507238388061523
1325.4,2.251955509185791
1325.5,2.2393336296081543
1325.6000000000001,2.2627508640289307
1325.7,2.246983289718628
1325.8000000000002,2.239833116531372
1325.9,2.2489089965820312
1326.0,2.246088743209839
1326.1000000000001,2.2473809719085693
1326.2,2.254971981048584
1326.3000000000002,2.2481086254119873
1326.4,2.2567989826202393
1326.5,2.2542026042938232
1326.6000000000001,2.2479095458984375
1326.7,2.2526400089263916
1326.8000000000002,2.2490599155426025
1326.9,2.2494449615478516
1327.0,2.241360664367676
1327.1000000000001,2.2589776515960693
1327.2,2.2566044330596924
1327.3000000000002,2.2445409297943115
1327.4,2.2564213275909424
1327.5,2.2576348781585693
1327.6000000000001,2.2595748901367188
1327.7,2.2576987743377686
1327.8000000000002,2.2536234855651855
1327.9,2.2575676441192627
1328.0,2.2689337730407715
1328.1000000000001,2.254572868347168
1328.2,2.258406400680542
1328.3000000000002,2.25235915184021
1328.4,2.2550065517425537
1328.5,2.258674144744873
1328.6000000000001,2.254394769668579
1328.7,2.2558534145355225
1328.8000000000002,2.254286766052246
1328.9,2.266251802444458
1329.0,2.264528274536133
1329.1000000000001,2.247732400894165
1329.2,2.2491745948791504
1329.3000000000002,2.253242015838623
1329.4,2.2607686519622803
1329.5,2.2578885555267334
1329.6000000000001,2.260514497756958
1329.7,2.2554116249084473
1329.8000000000002,2.25510311126709
1329.9,2.2601711750030518
1330.0,2.2558817863464355
1330.1000000000001,2.2643606662750244
1330.2,2.2632577419281006
1330.3000000000002,2.254056692123413
1330.4,2.261291027069092
1330.5,2.2580318450927734
1330.6000000000001,2.255411386489868
1330.7,2.256591796875
1330.8000000000002,2.2526493072509766
1330.9,2.25500226020813
1331.0,2.2650296688079834
1331.1000000000001,2.2630553245544434
1331.2,2.261711597442627
1331.3000000000002,2.272768259048462
1331.4,2.254274368286133
1331.5,2.2596323490142822
1331.6000000000001,2.2477266788482666
1331.7,2.2664639949798584
1331.8000000000002,2.2538042068481445
1331.9,2.240459680557251
1332.0,2.2537739276885986
1332.1000000000001,2.2641725540161133
1332.2,2.256582021713257
1332.3000000000002,2.2671778202056885
1332.4,2.261117458343506
1332.5,2.259059190750122
1332.6000000000001,2.2556676864624023
1332.7,2.2661900520324707
1332.8000000000002,2.2587547302246094
1332.9,2.2564773559570312
1333.0,2.2598209381103516
1333.1000000000001,2.26143479347229
1333.2,2.2577707767486572
1333.3000000000002,2.266449213027954
1333.4,2.261789560317993
1333.5,2.269975185394287
1333.6000000000001,2.270111560821533
1333.7,2.272782802581787
1333.8000000000002,2.263068914413452
1333.9,2.2649364471435547
1334.0,2.2594189643859863
1334.1000000000001,2.2644338607788086
1334.2,2.2631943225860596
1334.3000000000002,2.27152681350708
1334.4,2.2645297050476074
1334.5,2.27626895904541
1334.6000000000001,2.2673146724700928
1334.7,2.2620604038238525
1334.8000000000002,2.260749340057373
1334.9,2.2676279544830322
1335.0,2.26580810546875
1335.1000000000001,2.2679905891418457
1335.2,2.2517502307891846
1335.3000000000002,2.2727091312408447
1335.4,2.2667770385742188
1335.5,2.2596254348754883
1335.6000000000001,2.2521936893463135
1335.7,2.253586769104004
1335.8000000000002,2.2656972408294678
1335.9,2.268287420272827
1336.0,2.2681162357330322
1336.1000000000001,2.2773654460906982
1336.2,2.2496390342712402
1336.3000000000002,2.275603771209717
1336.4,2.2722690105438232
1336.5,2.2710447311401367
1336.6000000000001,2.2591705322265625
1336.7,2.2615647315979004
1336.8000000000002,2.264082908630371
1336.9,2.2658698558807373
1337.0,2.264904499053955
1337.1000000000001,2.257066249847412
1337.2,2.2731614112854004
1337.3000000000002,2.2770156860351562
1337.4,2.2530808448791504
1337.5,2.263941764831543
1337.6000000000001,2.2609975337982178
1337.7,2.2613377571105957
1337.8000000000002,2.260525703430176
1337.9,2.2662384510040283
1338.0,2.2693278789520264
1338.1000000000001,2.267136812210083
1338.2,2.2758424282073975
1338.3000000000002,2.272265911102295
1338.4,2.265273094177246
1338.5,2.2779653072357178
1338.6000000000001,2.2671563625335693
1338.7,2.2668590545654297
1338.8000000000002,2.2733089923858643
1338.9,2.274324417114258
1339.0,2.2686803340911865
1339.1000000000001,2.278273344039917
1339.2,2.2650792598724365
1339.3000000000002,2.2502315044403076
1339.4,2.277625322341919
1339.5,2.273700475692749
1339.6000000000001,2.280499219894409
1339.7,2.26418137550354
1339.8000000000002,2.273881673812866
1339.9,2.2672414779663086
1340.0,2.2689919471740723
1340.1000000000001,2.277961492538452
1340.2,2.2821803092956543
1340.3000000000002,2.2776644229888916
1340.4,2.265812873840332
1340.5,2.280353307723999
1340.6000000000001,2.2730817794799805
1340.7,2.263894557952881
1340.8000000000002,2.276528835296631
1340.9,2.274052143096924
1341.0,2.279585838317871
1341.1000000000001,2.2859103679656982
1341.2,2.2681946754455566
1341.3000000000002,2.274402379989624
1341.4,2.2759389877319336
1341.5,2.2744312286376953
1341.6000000000001,2.2733778953552246
1341.7,2.2799861431121826
1341.8000000000002,2.2730257511138916
1341.9,2.2802298069000244
1342.0,2.2588555812835693
1342.1000000000001,2.2765631675720215
1342.2,2.2643210887908936
1342.3000000000002,2.2642219066619873
1342.4,2.2794718742370605
1342.5,2.2937424182891846
1342.6000000000001,2.2797305583953857
1342.7,2.2816154956817627
1342.8000000000002,2.28299617767334
1342.9,2.2811872959136963
1343.0,2.2783656120300293
1343.1000000000001,2.274487257003784
1343.2,2.278428077697754
1343.3000000000002,2.2734076976776123
1343.4,2.2930707931518555
1343.5,2.2789127826690674
1343.6000000000001,2.255763053894043
1343.7,2.2794432640075684
1343.8000000000002,2.286928653717041
1343.9,2.277010440826416
1344.0,2.2731003761291504
1344.1000000000001,2.2799696922302246
1344.2,2.290301561355591
1344.3000000000002,2.2777493000030518
1344.4,2.280170202255249
1344.5,2.290400743484497
1344.6000000000001,2.281729221343994
1344.7,2.2909505367279053
1344.8000000000002,2.301407814025879
1344.9,2.2652575969696045
1345.0,2.2749831676483154
1345.1000000000001,2.284428119659424
1345.2,2.2734124660491943
1345.3000000000002,2.2736451625823975
1345.4,2.2800076007843018
1345.5,2.2802789211273193
1345.6000000000001,2.2819762229919434
1345.7,2.287299633026123
1345.8000000000002,2.277852773666382
1345.9,2.278597354888916
1346.0,2.2720279693603516
1346.1000000000001,2.2774598598480225
1346.2,2.2921950817108154
1346.3000000000002,2.2791433334350586
1346.4,2.2858951091766357
1346.5,2.2933363914489746
1346.6000000000001,2.2749106884002686
1346.7,2.279926300048828
1346.8000000000002,2.280735969543457
1346.9,2.297854423522949
1347.0,2.2815208435058594
1347.1000000000001,2.278998851776123
1347.2,2.2918944358825684
1347.3000000000002,2.2820513248443604
1347.4,2.292168378829956
1347.5,2.2943294048309326
1347.6000000000001,2.2899250984191895
1347.7,2.2898366451263428
1347.8000000000002,2.282372236251831
1347.9,2.2811286449432373
1348.0,2.282825469970703
1348.1000000000001,2.2742393016815186
1348.2,2.287186622619629
1348.3000000000002,2.284120798110962
1348.4,2.29329514503479
1348.5,2.280911922454834
1348.6000000000001,2.2905049324035645
1348.7,2.294923782348633
1348.8000000000002,2.289271116256714
1348.9,2.2876758575439453
1349.0,2.2906458377838135
1349.1000000000001,2.280707597732544
1349.2,2.2932989597320557
1349.3000000000002,2.2924928665161133
1349.4,2.297180414199829
1349.5,2.2912957668304443
1349.6000000000001,2.293093204498291
1349.7,2.281001329421997
1349.8000000000002,2.2863519191741943
1349.9,2.2880301475524902
1350.0,2.2901360988616943
1350.1000000000001,2.2850112915039062
1350.2,2.291825532913208
1350.3000000000002,2.2777066230773926
1350.4,2.2875006198883057
1350.5,2.2957935333251953
1350.6000000000001,2.2963030338287354
1350.7,2.2947490215301514
1350.8000000000002,2.2858288288116455
1350.9,2.300246477127075
1351.0,2.2991342544555664
1351.1000000000001,2.2765097618103027
1351.2,2.3093042373657227
1351.3000000000002,2.2931900024414062
1351.4,2.2896568775177
1351.5,2.2931313514709473
1351.6000000000001,2.3040430545806885
1351.7,2.292984962463379
1351.8000000000002,2.2888758182525635
1351.9,2.2881336212158203
1352.0,2.288534641265869
1352.1000000000001,2.305858850479126
1352.2,2.2921245098114014
1352.3000000000002,2.300447940826416
1352.4,2.3025357723236084
1352.5,2.290799617767334
1352.6000000000001,2.29958438873291
1352.7,2.288649320602417
1352.8000000000002,2.2931277751922607
1352.9,2.2894203662872314
1353.0,2.285423517227173
1353.1000000000001,2.299936056137085
1353.2,2.3052561283111572
1353.3000000000002,2.3023431301116943
1353.4,2.2945430278778076
1353.5,2.300222635269165
1353.6000000000001,2.306454658508301
1353.7,2.310547351837158
1353.8000000000002,2.288201093673706
1353.9,2.2994370460510254
1354.0,2.3005049228668213
1354.1000000000001,2.282768726348877
1354.2,2.298243999481201
1354.3000000000002,2.299321174621582
1354.4,2.2934634685516357
1354.5,2.292026996612549
1354.6000000000001,2.2909860610961914
1354.7,2.302607297897339
1354.8000000000002,2.2901058197021484
1354.9,2.290536403656006
1355.0,2.2902536392211914
1355.1000000000001,2.30375075340271
1355.2,2.305527925491333
1355.3000000000002,2.3025755882263184
1355.4,2.2980473041534424
1355.5,2.3074872493743896
1355.6000000000001,2.2935166358947754
1355.7,2.292930841445923
1355.8000000000002,2.2786619663238525
1355.9,2.3027522563934326
1356.0,2.3099913597106934
1356.1000000000001,2.3049144744873047
1356.2,2.2991323471069336
1356.3000000000002,2.289128303527832
1356.4,2.302783250808716
1356.5,2.290360689163208
1356.6000000000001,2.301325798034668
1356.7,2.3069911003112793
1356.8000000000002,2.2905068397521973
1356.9,2.2969772815704346
1357.0,2.290719985961914
1357.1000000000001,2.3105580806732178
1357.2,2.304641008377075
1357.3000000000002,2.307882785797119
1357.4,2.302708625793457
1357.5,2.305495262145996
1357.6000000000001,2.302915096282959
1357.7,2.2989914417266846
1357.8000000000002,2.299072504043579
1357.9,2.312685966491699
1358.0,2.308948040008545
1358.1000000000001,2.3020544052124023
1358.2,2.3125414848327637
1358.3000000000002,2.303161859512329
1358.4,2.300339698791504
1358.5,2.300509214401245
1358.6000000000001,2.290740728378296
1358.7,2.3124969005584717
1358.8000000000002,2.2936363220214844
1358.9,2.3009722232818604
1359.0,2.304785966873169
1359.1000000000001,2.3130345344543457
1359.2,2.296351432800293
1359.3000000000002,2.305851697921753
1359.4,2.2994375228881836
1359.5,2.3007543087005615
1359.6000000000001,2.3115389347076416
1359.7,2.30232834815979
1359.8000000000002,2.315420389175415
1359.9,2.298940420150757
1360.0,2.313973903656006
1360.1000000000001,2.303173303604126
1360.2,2.3000476360321045
1360.3000000000002,2.3110835552215576
1360.4,2.3031272888183594
1360.5,2.3091955184936523
1360.6000000000001,2.3070569038391113
1360.7,2.3083255290985107
1360.8000000000002,2.308212995529175
1360.9,2.3116343021392822
1361.0,2.3053648471832275
1361.1000000000001,2.312349557876587
1361.2,2.314405918121338
1361.3000000000002,2.311549663543701
1361.4,2.3098978996276855
1361.5,2.3118536472320557
1361.6000000000001,2.3049654960632324
1361.7,2.307602882385254
1361.8000000000002,2.310570240020752
1361.9,2.313584804534912
1362.0,2.307664155960083
1362.1000000000001,2.308962821960449
1362.2,2.309323787689209
1362.3000000000002,2.3037772178649902
1362.4,2.3061132431030273
1362.5,2.3120527267456055
1362.6000000000001,2.3032071590423584
1362.7,2.3192331790924072
1362.8000000000002,2.31667423248291
1362.9,2.3088386058807373
1363.0,2.3193612098693848
1363.1000000000001,2.3197083473205566
1363.2,2.3122987747192383
1363.3000000000002,2.2954344749450684
1363.4,2.314429521560669
1363.5,2.303116798400879
1363.6000000000001,2.311394214630127
1363.7,2.3134915828704834
1363.8000000000002,2.3067893981933594
1363.9,2.326493501663208
1364.0,2.312406063079834
1364.1000000000001,2.326061248779297
1364.2,2.309605360031128
1364.3000000000002,2.3176896572113037
1364.4,2.3109943866729736
1364.5,2.3202731609344482
1364.6000000000001,2.3128108978271484
1364.7,2.309349536895752
1364.8000000000002,2.3174445629119873
1364.9,2.3076975345611572
1365.0,2.314872980117798
1365.1000000000001,2.3186163902282715
1365.2,2.300776481628418
1365.3000000000002,2.3030052185058594
1365.4,2.3056833744049072
1365.5,2.318906545639038
1365.6000000000001,2.3165223598480225
1365.7,2.3097522258758545
1365.8000000000002,2.307953119277954
1365.9,2.32265567779541
1366.0,2.3178787231445312
1366.1000000000001,2.3304364681243896
1366.2,2.308978796005249
1366.3000000000002,2.320176839828491
1366.4,2.315324306488037
1366.5,2.3157927989959717
1366.6000000000001,2.31856632232666
1366.7,2.316106081008911
1366.8000000000002,2.3149540424346924
1366.9,2.3207204341888428
1367.0,2.3193325996398926
1367.1000000000001,2.3269712924957275
1367.2,2.3152546882629395
1367.3000000000002,2.3273191452026367
1367.4,2.3166399002075195
1367.5,2.3128533363342285
1367.6000000000001,2.332548141479492
1367.7,2.3180675506591797
1367.8000000000002,2.313292980194092
1367.9,2.319888114929199
1368.0,2.3155038356781006
1368.1000000000001,2.327450752258301
1368.2,2.324331045150757
1368.3000000000002,2.3221182823181152
1368.4,2.3057191371917725
1368.5,2.3206818103790283
1368.6000000000001,2.323679208755493
1368.7,2.3264315128326416
1368.8000000000002,2.3223772048950195
1368.9,2.323512315750122
1369.0,2.3231427669525146
1369.1000000000001,2.3151330947875977
1369.2,2.3185975551605225
1369.3000000000002,2.3147871494293213
1369.4,2.3115549087524414
1369.5,2.3224546909332275
1369.6000000000001,2.321425199508667
1369.7,2.326916217803955
1369.8000000000002,2.3286044597625732
1369.9,2.318776845932007
1370.0,2.3245158195495605
1370.1000000000001,2.316861152648926
1370.2,2.3197877407073975
1370.3000000000002,2.3330070972442627
1370.4,2.3282573223114014
1370.5,2.3060178756713867
1370.6000000000001,2.321384906768799
1370.7,2.325073480606079
1370.8000000000002,2.332760810852051
1370.9,2.3259317874908447
1371.0,2.3271329402923584
1371.1000000000001,2.323517084121704
1371.2,2.3290064334869385
1371.3000000000002,2.3300232887268066
1371.4,2.323214530944824
1371.5,2.329176425933838
1371.6000000000001,2.3364436626434326
1371.7,2.313876152038574
1371.8000000000002,2.3153085708618164
1371.9,2.323211669921875
1372.0,2.331293821334839
1372.1000000000001,2.3180429935455322
1372.2,2.3285024166107178
1372.3000000000002,2.3142988681793213
1372.4,2.32401442527771
1372.5,2.3322432041168213
1372.6000000000001,2.3243637084960938
1372.7,2.3301188945770264
1372.8000000000002,2.3229475021362305
1372.9,2.324307680130005
1373.0,2.3105478286743164
1373.1000000000001,2.325549840927124
1373.2,2.3271074295043945
1373.3000000000002,2.3354740142822266
1373.4,2.3226613998413086
1373.5,2.324558973312378
1373.6000000000001,2.327324628829956
1373.7,2.3321409225463867
1373.8000000000002,2.3346474170684814
1373.9,2.3226304054260254
1374.0,2.341465473175049
1374.1000000000001,2.3199355602264404
1374.2,2.3198840618133545
1374.3000000000002,2.320345640182495
1374.4,2.3295326232910156
1374.5,2.3281540870666504
1374.6000000000001,2.3367440700531006
1374.7,2.3255128860473633
1374.8000000000002,2.326310634613037
1374.9,2.330583095550537
1375.0,2.332615852355957
1375.1000000000001,2.3342671394348145
1375.2,2.339085102081299
1375.3000000000002,2.318805694580078
1375.4,2.3384859561920166
1375.5,2.3385865688323975
1375.6000000000001,2.3264336585998535
1375.7,2.3247549533843994
1375.8000000000002,2.3307900428771973
1375.9,2.3332998752593994
1376.0,2.3272714614868164
1376.1000000000001,2.3328335285186768
1376.2,2.336696147918701
1376.3000000000002,2.3425559997558594
1376.4,2.3301875591278076
1376.5,2.3295907974243164
1376.6000000000001,2.3275306224823
1376.7,2.33046817779541
1376.8000000000002,2.321794033050537
1376.9,2.332331418991089
1377.0,2.333888292312622
1377.1000000000001,2.3242087364196777
1377.2,2.3349618911743164
1377.3000000000002,2.333791494369507
1377.4,2.322174549102783
1377.5,2.335592031478882
1377.6000000000001,2.3306007385253906
1377.7,2.331555128097534
1377.8000000000002,2.3316988945007324
1377.9,2.339308500289917
1378.0,2.3358638286590576
1378.1000000000001,2.3289554119110107
1378.2,2.3406262397766113
1378.3000000000002,2.329015016555786
1378.4,2.33734130859375
1378.5,2.332047700881958
1378.6000000000001,2.3377280235290527
1378.7,2.3370325565338135
1378.8000000000002,2.3359568119049072
1378.9,2.3404335975646973
1379.0,2.3281424045562744
1379.1000000000001,2.3317530155181885
1379.2,2.325106620788574
1379.3000000000002,2.3214080333709717
1379.4,2.3373913764953613
1379.5,2.3330395221710205
1379.6000000000001,2.333876848220825
1379.7,2.3265974521636963
1379.8000000000002,2.3350327014923096
1379.9,2.339707374572754
1380.0,2.344444751739502
1380.1000000000001,2.33048152923584
1380.2,2.3257968425750732
1380.3000000000002,2.3344953060150146
1380.4,2.3328592777252197
1380.5,2.340449333190918
1380.6000000000001,2.333536386489868
1380.7,2.331942558288574
1380.8000000000002,2.3332948684692383
1380.9,2.337937116622925
1381.0,2.335858106613159
1381.1000000000001,2.33591628074646
1381.2,2.3405909538269043
1381.3000000000002,2.333709716796875
1381.4,2.3460748195648193
1381.5,2.3362040519714355
1381.6000000000001,2.3345797061920166
1381.7,2.3148884773254395
1381.8000000000002,2.3443033695220947
1381.9,2.3356101512908936
1382.0,2.333752155303955
1382.1000000000001,2.339648485183716
1382.2,2.341182231903076
1382.3000000000002,2.3330094814300537
1382.4,2.3406336307525635
1382.5,2.352668523788452
1382.6000000000001,2.338956832885742
1382.7,2.3451602458953857
1382.8000000000002,2.338503122329712
1382.9,2.3373115062713623
1383.0,2.343449831008911
1383.1000000000001,2.327423334121704
1383.2,2.333782196044922
1383.3000000000002,2.341545581817627
1383.4,2.3494958877563477
1383.5,2.3396055698394775
1383.6000000000001,2.3210959434509277
1383.7,2.3418571949005127
1383.8000000000002,2.343414306640625
1383.9,2.3316895961761475
1384.0,2.3439817428588867
1384.1000000000001,2.3405086994171143
1384.2,2.3314414024353027
1384.3000000000002,2.3515572547912598
1384.4,2.3464043140411377
1384.5,2.3426127433776855
1384.6000000000001,2.3374385833740234
1384.7,2.3502137660980225
1384.8000000000002,2.3390862941741943
1384.9,2.350276470184326
1385.0,2.344162702560425
1385.1000000000001,2.32496976852417
1385.2,2.346390962600708
1385.3000000000002,2.3409016132354736
1385.4,2.3506124019622803
1385.5,2.336092948913574
1385.6000000000001,2.349362373352051
1385.7,2.3438169956207275
1385.8000000000002,2.3381459712982178
1385.9,2.361347198486328
1386.0,2.343018054962158
1386.1000000000001,2.3295836448669434
1386.2,2.342651128768921
1386.3000000000002,2.3638064861297607
1386.4,2.334085464477539
1386.5,2.3285186290740967
1386.6000000000001,2.341627836227417
1386.7,2.339902639389038
1386.8000000000002,2.3445966243743896
1386.9,2.3455638885498047
1387.0,2.3597302436828613
1387.1000000000001,2.35215163230896
1387.2,2.3491158485412598
1387.3000000000002,2.35640811920166
1387.4,2.3463191986083984
1387.5,2.3439736366271973
1387.6000000000001,2.3485498428344727
1387.7,2.338808298110962
1387.8000000000002,2.335073947906494
1387.9,2.34208083152771
1388.0,2.34587025642395
1388.1000000000001,2.3465399742126465
1388.2,2.342965841293335
1388.3000000000002,2.3550729751586914
1388.4,2.3432648181915283
1388.5,2.352128028869629
1388.6000000000001,2.3448030948638916
1388.7,2.3474395275115967
1388.8000000000002,2.3411855697631836
1388.9,2.345221519470215
1389.0,2.3533847332000732
1389.1000000000001,2.3516335487365723
1389.2,2.3571903705596924
1389.3000000000002,2.3546977043151855
1389.4,2.3605966567993164
1389.5,2.3418478965759277
1389.6000000000001,2.34490704536438
1389.7,2.340463638305664
1389.8000000000002,2.3480260372161865
1389.9,2.3311800956726074
1390.0,2.3406152725219727
1390.1000000000001,2.344233989715576
1390.2,2.34049129486084
1390.3000000000002,2.3621585369110107
1390.4,2.3474531173706055
1390.5,2.34572696685791
1390.6000000000001,2.3562450408935547
1390.7,2.333630323410034
1390.8000000000002,2.3427071571350098
1390.9,2.35048508644104
1391.0,2.3494174480438232
1391.1000000000001,2.357408285140991
1391.2,2.361989736557007
1391.3000000000002,2.362903594970703
1391.4,2.349724292755127
1391.5,2.356619358062744
1391.6000000000001,2.353790283203125
1391.7,2.3581161499023438
1391.8000000000002,2.3522419929504395
1391.9,2.3484089374542236
1392.0,2.345766067504883
1392.1000000000001,2.352710723876953
1392.2,2.3589067459106445
1392.3000000000002,2.357280969619751
1392.4,2.3554680347442627
1392.5,2.3526253700256348
1392.6000000000001,2.326421022415161
1392.7,2.3512227535247803
1392.8000000000002,2.3457682132720947
1392.9,2.360409736633301
1393.0,2.361177444458008
1393.1000000000001,2.3504927158355713
1393.2,2.3563480377197266
1393.3000000000002,2.3627841472625732
1393.4,2.339231491088867
1393.5,2.3497183322906494
1393.6000000000001,2.3602848052978516
1393.7,2.354795455932617
1393.8000000000002,2.3608620166778564
1393.9,2.3574817180633545
1394.0,2.361466646194458
1394.1000000000001,2.3534629344940186
1394.2,2.3614120483398438
1394.3000000000002,2.3630788326263428
1394.4,2.352234125137329
1394.5,2.345062732696533
1394.6000000000001,2.349945545196533
1394.7,2.3542094230651855
1394.8000000000002,2.3727593421936035
1394.9,2.3488807678222656
1395.0,2.360607147216797
1395.1000000000001,2.3494977951049805
1395.2,2.3576478958129883
1395.3000000000002,2.35066556930542
1395.4,2.3561954498291016
1395.5,2.3557465076446533
1395.6000000000001,2.3651981353759766
1395.7,2.3597965240478516
1395.8000000000002,2.3372061252593994
1395.9,2.369746208190918
1396.0,2.359107494354248
1396.1000000000001,2.349937915802002
1396.2,2.3505265712738037
1396.3000000000002,2.3581199645996094
1396.4,2.3525378704071045
1396.5,2.36299467086792
1396.6000000000001,2.361551523208618
1396.7,2.360691547393799
1396.8000000000002,2.3571388721466064
1396.9,2.3592278957366943
1397.0,2.3720004558563232
1397.1000000000001,2.3325812816619873
1397.2,2.3584558963775635
1397.3000000000002,2.3618340492248535
1397.4,2.366222858428955
1397.5,2.347879648208618
1397.6000000000001,2.358757972717285
1397.7,2.3561549186706543
1397.8000000000002,2.3677878379821777
1397.9,2.3594021797180176
1398.0,2.36016845703125
1398.1000000000001,2.360095977783203
1398.2,2.363318920135498
1398.3000000000002,2.3581185340881348
1398.4,2.3681600093841553
1398.5,2.3699443340301514
1398.6000000000001,2.361858606338501
1398.7,2.369511604309082
1398.8000000000002,2.353733777999878
1398.9,2.373389959335327
1399.0,2.3509716987609863
1399.1000000000001,2.3629767894744873
1399.2,2.3752448558807373
1399.3000000000002,2.366335153579712
1399.4,2.3640060424804688
1399.5,2.3568429946899414
1399.6000000000001,2.3745577335357666
1399.7,2.3567142486572266
1399.8000000000002,2.3667044639587402
1399.9,2.3631372451782227
1400.0,2.363917827606201
1400.1000000000001,2.361501455307007
1400.2,2.3603556156158447
1400.3000000000002,2.3679206371307373
1400.4,2.3704640865325928
1400.5,2.3676540851593018
1400.6000000000001,2.3579483032226562
1400.7,2.3731839656829834
1400.8000000000002,2.3692924976348877
1400.9,2.382089138031006
1401.0,2.3653180599212646
1401.1000000000001,2.358285903930664
1401.2,2.369130849838257
1401.3000000000002,2.366657018661499
1401.4,2.3611979484558105
1401.5,2.359290361404419
1401.6000000000001,2.3537018299102783
1401.7,2.3719143867492676
1401.8000000000002,2.3707704544067383
1401.9,2.3552656173706055
1402.0,2.3614838123321533
1402.1000000000001,2.3560240268707275
1402.2,2.3685059547424316
1402.3000000000002,2.360578775405884
1402.4,2.3703408241271973
1402.5,2.364448070526123
1402.6000000000001,2.3636364936828613
1402.7,2.3685238361358643
1402.8000000000002,2.3750462532043457
1402.9,2.370100259780884
1403.0,2.3580198287963867
1403.1000000000001,2.367603302001953
1403.2,2.363969564437866
1403.3000000000002,2.3681535720825195
1403.4,2.369966983795166
1403.5,2.373431921005249
1403.6000000000001,2.358928680419922
1403.7,2.3703081607818604
1403.8000000000002,2.378373146057129
1403.9,2.3726301193237305
1404.0,2.372972011566162
1404.1000000000001,2.371295213699341
1404.2,2.366248369216919
1404.3000000000002,2.346579074859619
1404.4,2.3715627193450928
1404.5,2.3687636852264404
1404.6000000000001,2.371769428253174
1404.7,2.3681392669677734
1404.8000000000002,2.3674073219299316
1404.9,2.3710997104644775
1405.0,2.3684451580047607
1405.1000000000001,2.370267629623413
1405.2,2.3651885986328125
1405.3000000000002,2.3622260093688965
1405.4,2.366154670715332
1405.5,2.366035223007202
1405.6000000000001,2.369917392730713
1405.7,2.3674960136413574
1405.8000000000002,2.3619720935821533
1405.9,2.3691041469573975
1406.0,2.3616445064544678
1406.1000000000001,2.3592257499694824
1406.2,2.372621774673462
1406.3000000000002,2.3712329864501953
1406.4,2.3744256496429443
1406.5,2.3630692958831787
1406.6000000000001,2.3769659996032715
1406.7,2.3644556999206543
1406.8000000000002,2.3705313205718994
1406.9,2.3719308376312256
1407.0,2.375222682952881
1407.1000000000001,2.379340410232544
1407.2,2.378628730773926
1407.3000000000002,2.3754594326019287
1407.4,2.369142532348633
1407.5,2.3756072521209717
1407.6000000000001,2.3735482692718506
1407.7,2.36824107170105
1407.8000000000002,2.3629112243652344
1407.9,2.3681774139404297
1408.0,2.381147861480713
1408.1000000000001,2.3775405883789062
1408.2,2.3775906562805176
1408.3000000000002,2.384232521057129
1408.4,2.383809804916382
1408.5,2.379530668258667
1408.6000000000001,2.37381649017334
1408.7,2.3813014030456543
1408.8000000000002,2.374439001083374
1408.9,2.38313889503479
1409.0,2.3686065673828125
1409.1000000000001,2.3834967613220215
1409.2,2.378781795501709
1409.3000000000002,2.3747997283935547
1409.4,2.3709921836853027
1409.5,2.374363422393799
1409.6000000000001,2.3823471069335938
1409.7,2.380436420440674
1409.8000000000002,2.38554048538208
1409.9,2.365837812423706
1410.0,2.3637897968292236
1410.1000000000001,2.3777432441711426
1410.2,2.371849536895752
1410.3000000000002,2.3727476596832275
1410.4,2.374476909637451
1410.5,2.3739349842071533
1410.6000000000001,2.372633695602417
1410.7,2.3745274543762207
1410.8000000000002,2.371319532394409
1410.9,2.3830199241638184
1411.0,2.3650829792022705
1411.1000000000001,2.3815371990203857
1411.2,2.381751775741577
1411.3000000000002,2.3658111095428467
1411.4,2.369333267211914
1411.5,2.3825266361236572
1411.6000000000001,2.3836421966552734
1411.7,2.370548963546753
1411.8000000000002,2.38645339012146
1411.9,2.3780364990234375
1412.0,2.3759710788726807
1412.1000000000001,2.370770215988159
1412.2,2.385578155517578
1412.3000000000002,2.3772130012512207
1412.4,2.376138210296631
1412.5,2.3816440105438232
1412.6000000000001,2.3681998252868652
1412.7,2.377222776412964
1412.8000000000002,2.383470296859741
1412.9,2.3767828941345215
1413.0,2.396988868713379
1413.1000000000001,2.3744163513183594
1413.2,2.39068341255188
1413.3000000000002,2.387430429458618
1413.4,2.373713254928589
1413.5,2.3792943954467773
1413.6000000000001,2.3709824085235596
1413.7,2.3820793628692627
1413.8000000000002,2.3810555934906006
1413.9,2.388300657272339
1414.0,2.3750226497650146
1414.1000000000001,2.384871006011963
1414.2,2.390015125274658
1414.3000000000002,2.380530595779419
1414.4,2.3913936614990234
1414.5,2.3922574520111084
1414.6000000000001,2.3674495220184326
1414.7,2.3727259635925293
1414.8000000000002,2.3753557205200195
1414.9,2.3950259685516357
1415.0,2.3783633708953857
1415.1000000000001,2.370358943939209
1415.2,2.3883776664733887
1415.3000000000002,2.3982508182525635
1415.4,2.385817527770996
1415.5,2.3792641162872314
1415.6000000000001,2.363034725189209
1415.7,2.3857109546661377
1415.8000000000002,2.393805980682373
1415.9,2.3845646381378174
1416.0,2.3796579837799072
1416.1000000000001,2.3790249824523926
1416.2,2.3730814456939697
1416.3000000000002,2.3760859966278076
1416.4,2.3866817951202393
1416.5,2.3869709968566895
1416.6000000000001,2.383662462234497
1416.7,2.377565383911133
1416.8000000000002,2.3743646144866943
1416.9,2.3685972690582275
1417.0,2.391500949859619
1417.1000000000001,2.4029829502105713
1417.2,2.3826100826263428
1417.3000000000002,2.3764851093292236
1417.4,2.3919265270233154
1417.5,2.3856120109558105
1417.6000000000001,2.3805880546569824
1417.7,2.391529083251953
1417.8000000000002,2.380032777786255
1417.9,2.3859591484069824
1418.0,2.3778040409088135
1418.1000000000001,2.3904876708984375
1418.2,2.3780195713043213
1418.3000000000002,2.380610704421997
1418.4,2.3842594623565674
1418.5,2.394988536834717
1418.6000000000001,2.3685152530670166
1418.7,2.3811821937561035
1418.8000000000002,2.3914904594421387
1418.9,2.373875379562378
1419.0,2.387638568878174
1419.1000000000001,2.3825855255126953
1419.2,2.3827712535858154
1419.3000000000002,2.3887228965759277
1419.4,2.386960506439209
1419.5,2.3654701709747314
1419.6000000000001,2.3954875469207764
1419.7,2.3800039291381836
1419.8000000000002,2.3822855949401855
1419.9,2.3926210403442383
1420.0,2.3794593811035156
1420.1000000000001,2.393792152404785
1420.2,2.4030189514160156
1420.3000000000002,2.384770154953003
1420.4,2.388050079345703
1420.5,2.38027024269104
1420.6000000000001,2.389392137527466
1420.7,2.391407012939453
1420.8000000000002,2.394191265106201
1420.9,2.3874073028564453
1421.0,2.3891794681549072
1421.1000000000001,2.3903284072875977
1421.2,2.4007859230041504
1421.3000000000002,2.391467332839966
1421.4,2.39510178565979
1421.5,2.3846123218536377
1421.6000000000001,2.3883864879608154
1421.7,2.3976457118988037
1421.8000000000002,2.39048433303833
1421.9,2.392146348953247
1422.0,2.3906824588775635
1422.1000000000001,2.4026682376861572
1422.2,2.393888473510742
1422.3000000000002,2.382129669189453
1422.4,2.3873579502105713
1422.5,2.3949055671691895
1422.6000000000001,2.3780064582824707
1422.7,2.390232801437378
1422.8000000000002,2.3935811519622803
1422.9,2.390420913696289
1423.0,2.4044885635375977
1423.1000000000001,2.3915231227874756
1423.2,2.3982954025268555
1423.3000000000002,2.3894474506378174
1423.4,2.39180588722229
1423.5,2.4017274379730225
1423.6000000000001,2.3902626037597656
1423.7,2.39760684967041
1423.8000000000002,2.39565372467041
1423.9,2.3994429111480713
1424.0,2.3951377868652344
1424.1000000000001,2.4011831283569336
1424.2,2.3954474925994873
1424.3000000000002,2.3966102600097656
1424.4,2.390742063522339
1424.5,2.3899660110473633
1424.6000000000001,2.4022538661956787
1424.7,2.38490891456604
1424.8000000000002,2.3966431617736816
1424.9,2.3962016105651855
1425.0,2.386366367340088
1425.1000000000001,2.3913426399230957
1425.2,2.391857624053955
1425.3000000000002,2.374192476272583
1425.4,2.379523277282715
1425.5,2.3964009284973145
1425.6000000000001,2.38150691986084
1425.7,2.389097213745117
1425.8000000000002,2.3749642372131348
1425.9,2.401744842529297
1426.0,2.386265993118286
1426.1000000000001,2.397704839706421
1426.2,2.3871023654937744
1426.3000000000002,2.388253927230835
1426.4,2.3890035152435303
1426.5,2.390094041824341
1426.6000000000001,2.4017698764801025
1426.7,2.404217004776001
1426.8000000000002,2.4081225395202637
1426.9,2.3926544189453125
1427.0,2.3868556022644043
1427.1000000000001,2.397967576980591
1427.2,2.4058268070220947
1427.3000000000002,2.3981173038482666
1427.4,2.4041171073913574
1427.5,2.396026372909546
1427.6000000000001,2.3904519081115723
1427.7,2.384678840637207
1427.8000000000002,2.3907487392425537
1427.9,2.389683961868286
1428.0,2.403347969055176
1428.1000000000001,2.402083396911621
1428.2,2.3936915397644043
1428.3000000000002,2.3965632915496826
1428.4,2.3960747718811035
1428.5,2.4045491218566895
1428.6000000000001,2.397362470626831
1429.1000000000001,2.401209831237793
1429.1000000000001,2.4031577110290527
1429.1000000000001,2.3892180919647217
1429.1000000000001,2.393404483795166
1429.1000000000001,2.4003803730010986
1429.2,2.3988301753997803
1429.3000000000002,2.4053075313568115
1429.4,2.3883607387542725
1429.5,2.4020254611968994
1429.6000000000001,2.380627393722534
1429.7,2.3950510025024414
1429.8000000000002,2.403627634048462
1429.9,2.412750720977783
1430.0,2.3873250484466553
1430.1000000000001,2.403198719024658
1430.2,2.4057095050811768
1430.3000000000002,2.4048194885253906
1430.4,2.408440589904785
1430.5,2.396988868713379
1430.6000000000001,2.39284086227417
1430.7,2.3983190059661865
1430.8000000000002,2.394439220428467
1430.9,2.3923192024230957
1431.0,2.393691062927246
1431.1000000000001,2.3949382305145264
1431.2,2.404003620147705
1431.3000000000002,2.3949620723724365
1431.4,2.406615972518921
1431.5,2.4080774784088135
1431.6000000000001,2.3959593772888184
1431.7,2.4145829677581787
1431.8000000000002,2.4000072479248047
1431.9,2.393409252166748
1432.0,2.3838348388671875
1432.1000000000001,2.4033737182617188
1432.2,2.3818047046661377
1432.3000000000002,2.3810648918151855
1432.4,2.4056835174560547
1432.5,2.3945188522338867
1432.6000000000001,2.409653902053833
1432.7,2.3888416290283203
1432.8000000000002,2.3993313312530518
1432.9,2.3969173431396484
1433.0,2.4012322425842285
1433.1000000000001,2.3961894512176514
1433.2,2.40048885345459
1433.3000000000002,2.399590253829956
1433.4,2.3868353366851807
1433.5,2.401946783065796
1433.6000000000001,2.3972268104553223
1433.7,2.393547773361206
1433.8000000000002,2.4028263092041016
1433.9,2.4042890071868896
1434.0,2.4039366245269775
1434.1000000000001,2.4066648483276367
1434.2,2.3967297077178955
1434.3000000000002,2.4042017459869385
1434.4,2.401276111602783
1434.5,2.3997738361358643
1434.6000000000001,2.4026801586151123
1434.7,2.4141688346862793
1434.8000000000002,2.3987581729888916
1434.9,2.4001197814941406
1435.0,2.4073641300201416
1435.1000000000001,2.3900699615478516
1435.2,2.4022679328918457
1435.3000000000002,2.4050958156585693
1435.4,2.405456066131592
1435.5,2.3999717235565186
1435.6000000000001,2.404541015625
1435.7,2.4017131328582764
1435.8000000000002,2.3986546993255615
1435.9,2.4065818786621094
1436.0,2.4077234268188477
1436.1000000000001,2.4104583263397217
1436.2,2.413374662399292
1436.3000000000002,2.4104623794555664
1436.4,2.4056522846221924
1436.5,2.4048147201538086
1436.6000000000001,2.4019808769226074
1436.7,2.395907402038574
1436.8000000000002,2.407834053039551
1436.9,2.3995680809020996
1437.0,2.4013638496398926
1437.1000000000001,2.4043662548065186
1437.2,2.4126386642456055
1437.3000000000002,2.401796340942383
1437.4,2.4124550819396973
1437.5,2.398672103881836
1437.6000000000001,2.4155023097991943
1437.7,2.4054911136627197
1437.8000000000002,2.4067509174346924
1437.9,2.400412082672119
1438.0,2.400949478149414
1438.1000000000001,2.4105050563812256
1438.2,2.4140124320983887
1438.3000000000002,2.4054384231567383
1438.4,2.3901054859161377
1438.5,2.3939919471740723
1438.6000000000001,2.4022390842437744
1438.7,2.410930871963501
1438.8000000000002,2.409823417663574
1438.9,2.4138002395629883
1439.0,2.405808448791504
1439.1000000000001,2.399315357208252
1439.2,2.417442560195923
1439.3000000000002,2.4080491065979004
1439.4,2.401289939880371
1439.5,2.4136669635772705
1439.6000000000001,2.3980307579040527
1439.7,2.4230892658233643
1439.8000000000002,2.403757095336914
1439.9,2.4079720973968506
1440.0,2.4107463359832764
1440.1000000000001,2.4098165035247803
1440.2,2.412860870361328
1440.3000000000002,2.398674964904785
1440.4,2.414638042449951
1440.5,2.4075214862823486
1440.6000000000001,2.4125752449035645
1440.7,2.4016997814178467
1440.8000000000002,2.4121897220611572
1440.9,2.4118754863739014
1441.0,2.4066052436828613
1441.1000000000001,2.4171807765960693
1441.2,2.4119465351104736
1441.3000000000002,2.416511297225952
1441.4,2.4139413833618164
1441.5,2.4089550971984863
1441.6000000000001,2.4070494174957275
1441.7,2.4042539596557617
1441.8000000000002,2.402198076248169
1441.9,2.413102865219116
1442.0,2.4027860164642334
1442.1000000000001,2.4092764854431152
1442.2,2.408114194869995
1442.3000000000002,2.405355453491211
1442.4,2.413724899291992
1442.5,2.4106502532958984
1442.6000000000001,2.404466390609741
1442.7,2.405068874359131
1442.8000000000002,2.4147961139678955
1442.9,2.4090139865875244
1443.0,2.407835006713867
1443.1000000000001,2.4086310863494873
1443.2,2.4048118591308594
1443.3000000000002,2.4058029651641846
1443.4,2.406820058822632
1443.5,2.417717218399048
1443.6000000000001,2.4204769134521484
1443.7,2.4260637760162354
1443.8000000000002,2.414722442626953
1443.9,2.4148945808410645
1444.0,2.4019787311553955
1444.1000000000001,2.416498899459839
1444.2,2.4134674072265625
1444.3000000000002,2.4169726371765137
1444.4,2.4166524410247803
1444.5,2.421266555786133
1444.6000000000001,2.416066884994507
1444.7,2.417799711227417
1444.8000000000002,2.4123098850250244
1444.9,2.427187919616699
1445.0,2.402531862258911
1445.1000000000001,2.4011995792388916
1445.2,2.3999576568603516
1445.3000000000002,2.4124984741210938
1445.4,2.406735420227051
1445.5,2.410306692123413
1445.6000000000001,2.4163177013397217
1445.7,2.426441192626953
1445.8000000000002,2.407719135284424
1445.9,2.3973326683044434
1446.0,2.3996551036834717
1446.1000000000001,2.4000775814056396
1446.2,2.4150197505950928
1446.3000000000002,2.400347948074341
1446.4,2.421967029571533
1446.5,2.411996841430664
1446.6000000000001,2.412407636642456
1446.7,2.4033753871917725
1446.8000000000002,2.4134771823883057
1446.9,2.411440372467041
1447.0,2.418412685394287
1447.1000000000001,2.3979156017303467
1447.2,2.418153762817383
1447.3000000000002,2.4222817420959473
1447.4,2.4161243438720703
1447.5,2.4141907691955566
1447.6000000000001,2.409386157989502
1447.7,2.4214441776275635
1447.8000000000002,2.401620864868164
1447.9,2.416147470474243
1448.0,2.417006015777588
1448.1000000000001,2.4194891452789307
1448.2,2.400200128555298
1448.3000000000002,2.41542387008667
1448.4,2.4245598316192627
1448.5,2.413360595703125
1448.6000000000001,2.415722370147705
1448.7,2.4190871715545654
1448.8000000000002,2.4064180850982666
1448.9,2.4082751274108887
1449.0,2.413454294204712
1449.1000000000001,2.4117445945739746
1449.2,2.419045925140381
1449.3000000000002,2.4159700870513916
1449.4,2.4191019535064697
1449.5,2.398707151412964
1449.6000000000001,2.417090892791748
1449.7,2.4254989624023438
1449.8000000000002,2.4193692207336426
1449.9,2.4344608783721924
1450.0,2.428860664367676
1450.1000000000001,2.413816452026367
1450.2,2.418123960494995
1450.3000000000002,2.4202938079833984
1450.4,2.4136054515838623
1450.5,2.4151158332824707
1450.6000000000001,2.4220330715179443
1450.7,2.4103147983551025
1450.8000000000002,2.4140126705169678
1450.9,2.4022152423858643
1451.0,2.4128360748291016
1451.1000000000001,2.412433385848999
1451.2,2.4123263359069824
1451.3000000000002,2.424426555633545
1451.4,2.42867112159729
1451.5,2.406527042388916
1451.6000000000001,2.4093101024627686
1451.7,2.411259651184082
1451.8000000000002,2.415132522583008
1451.9,2.418076276779175
1452.0,2.4027161598205566
1452.1000000000001,2.431874990463257
1452.2,2.4227213859558105
1452.3000000000002,2.417348861694336
1452.4,2.4199142456054688
1452.5,2.4194064140319824
1452.6000000000001,2.422856569290161
1452.7,2.423135995864868
1452.8000000000002,2.426168918609619
1452.9,2.422563314437866
1453.0,2.419825315475464
1453.1000000000001,2.414931297302246
1453.2,2.416529417037964
1453.3000000000002,2.418775796890259
1453.4,2.413158655166626
1453.5,2.413519859313965
1453.6000000000001,2.41684889793396
1453.7,2.417865514755249
1453.8000000000002,2.421501874923706
1453.9,2.405290126800537
1454.0,2.4206292629241943
1454.1000000000001,2.4255530834198
1454.2,2.4230096340179443
1454.3000000000002,2.426706314086914
1454.4,2.4160122871398926
1454.5,2.4250998497009277
1454.6000000000001,2.4312710762023926
1454.7,2.438328504562378
1454.8000000000002,2.420907497406006
1454.9,2.4237804412841797
1455.0,2.4189491271972656
1455.1000000000001,2.416642665863037
1455.2,2.407151222229004
1455.3000000000002,2.421640157699585
1455.4,2.4137017726898193
1455.5,2.427511692047119
1455.6000000000001,2.4166204929351807
1455.7,2.419611692428589
1455.8000000000002,2.4209094047546387
1455.9,2.416577100753784
1456.0,2.4023795127868652
1456.1000000000001,2.4168684482574463
1456.2,2.4289896488189697
1456.3000000000002,2.42242431640625
1456.4,2.4026336669921875
1456.5,2.4181787967681885
1456.6000000000001,2.431534767150879
1456.7,2.430696725845337
1456.8000000000002,2.4344444274902344
1456.9,2.420403242111206
1457.0,2.4170939922332764
1457.1000000000001,2.425680637359619
1457.2,2.4308128356933594
1457.3000000000002,2.4069669246673584
1457.4,2.413130521774292
1457.5,2.429833173751831
1457.6000000000001,2.4240877628326416
1457.7,2.4262094497680664
1457.8000000000002,2.410740375518799
1457.9,2.4343008995056152
1458.0,2.4337894916534424
1458.1000000000001,2.415741205215454
1458.2,2.425143003463745
1458.3000000000002,2.4015395641326904
1458.4,2.4300546646118164
1458.5,2.4096240997314453
1458.6000000000001,2.4276154041290283
1458.7,2.4270358085632324
1458.8000000000002,2.4221184253692627
1458.9,2.4266653060913086
1459.0,2.420949935913086
1459.1000000000001,2.432180643081665
1459.2,2.4200448989868164
1459.3000000000002,2.4295103549957275
1459.4,2.425105094909668
1459.5,2.4192111492156982
1459.6000000000001,2.4251437187194824
1459.7,2.4270033836364746
1459.8000000000002,2.4291553497314453
1459.9,2.4217419624328613
1460.0,2.416476011276245
1460.1000000000001,2.43038272857666
1460.2,2.427574396133423
1460.3000000000002,2.4179489612579346
1460.4,2.424009084701538
1460.5,2.426593065261841
1460.6000000000001,2.426198959350586
1460.7,2.4338760375976562
1460.8000000000002,2.4233391284942627
1460.9,2.4143638610839844
1461.0,2.4264559745788574
1461.1000000000001,2.427992105484009
1461.2,2.427394151687622
1461.3000000000002,2.435722589492798
1461.4,2.4298360347747803
1461.5,2.4234578609466553
1461.6000000000001,2.4321136474609375
1461.7,2.4264917373657227
1461.8000000000002,2.429558038711548
1461.9,2.41749906539917
1462.0,2.4109086990356445
1462.1000000000001,2.416029453277588
1462.2,2.417344093322754
1462.3000000000002,2.43064284324646
1462.4,2.4250130653381348
1462.5,2.418736219406128
1462.6000000000001,2.420182228088379
1462.7,2.411039113998413
1462.8000000000002,2.432915687561035
1462.9,2.4247217178344727
1463.0,2.4321303367614746
1463.1000000000001,2.431891441345215
1463.2,2.4358296394348145
1463.3000000000002,2.4241385459899902
1463.4,2.424959182739258
1463.5,2.4435536861419678
1463.6000000000001,2.4302377700805664
1463.7,2.4301254749298096
1463.8000000000002,2.422837018966675
1463.9,2.433488130569458
1464.0,2.410062789916992
1464.1000000000001,2.419924020767212
1464.2,2.4151344299316406
1464.3000000000002,2.4324069023132324
1464.4,2.4262940883636475
1464.5,2.4240026473999023
1464.6000000000001,2.4293205738067627
1464.7,2.419412851333618
1464.8000000000002,2.4284982681274414
1464.9,2.4320037364959717
1465.0,2.4232404232025146
1465.1000000000001,2.4271414279937744
1465.2,2.4413657188415527
1465.3000000000002,2.4231460094451904
1465.4,2.432709217071533
1465.5,2.4217429161071777
1465.6000000000001,2.4319541454315186
1465.7,2.4333269596099854
1465.8000000000002,2.4359171390533447
1465.9,2.424309492111206
1466.0,2.410896062850952
1466.1000000000001,2.4299662113189697
1466.2,2.4281272888183594
1466.3000000000002,2.428497791290283
1466.4,2.419189929962158
1466.5,2.4361767768859863
1466.6000000000001,2.4244065284729004
1466.7,2.4337844848632812
1466.8000000000002,2.425935745239258
1466.9,2.444167375564575
1467.0,2.422945261001587
1467.1000000000001,2.4196200370788574
1467.2,2.4153997898101807
1467.3000000000002,2.4379472732543945
1467.4,2.4329447746276855
1467.5,2.430392026901245
1467.6000000000001,2.435579776763916
1467.7,2.440045118331909
1467.8000000000002,2.4307315349578857
1467.9,2.4401443004608154
1468.0,2.4323158264160156
1468.1000000000001,2.4320075511932373
1468.2,2.4352214336395264
1468.3000000000002,2.4281585216522217
1468.4,2.4389102458953857
1468.5,2.4243528842926025
1468.6000000000001,2.452162504196167
1468.7,2.43145751953125
1468.8000000000002,2.428961753845215
1468.9,2.425360918045044
1469.0,2.422395706176758
1469.1000000000001,2.432704210281372
1469.2,2.422358989715576
1469.3000000000002,2.424808979034424
1469.4,2.4381661415100098
1469.5,2.4225664138793945
1469.6000000000001,2.4305293560028076
1469.7,2.4362568855285645
1469.8000000000002,2.436537742614746
1469.9,2.4327690601348877
1470.0,2.4354708194732666
1470.1000000000001,2.4405438899993896
1470.2,2.4344987869262695
1470.3000000000002,2.434452772140503
1470.4,2.432804584503174
1470.5,2.4446756839752197
1470.6000000000001,2.4281651973724365
1470.7,2.4386985301971436
1470.8000000000002,2.437880754470825
1470.9,2.4401981830596924
1471.0,2.432619333267212
1471.1000000000001,2.4159066677093506
1471.2,2.433292865753174
1471.3000000000002,2.432164430618286
1471.4,2.428744077682495
1471.5,2.431431531906128
1471.6000000000001,2.424525737762451
1471.7,2.4289863109588623
1471.8000000000002,2.4300804138183594
1471.9,2.427449941635132
1472.0,2.4328114986419678
1472.1000000000001,2.4218857288360596
1472.2,2.4389052391052246
1472.3000000000002,2.433178186416626
1472.4,2.4396867752075195
1472.5,2.4321961402893066
1472.6000000000001,2.4261252880096436
1472.7,2.4351723194122314
1472.8000000000002,2.433826208114624
1472.9,2.4395575523376465
1473.0,2.440685510635376
1473.1000000000001,2.423532247543335
1473.2,2.4270851612091064
1473.3000000000002,2.434702157974243
1473.4,2.42116641998291
1473.5,2.4312684535980225
1473.6000000000001,2.4343197345733643
1473.7,2.425321102142334
1473.8000000000002,2.4264307022094727
1473.9,2.4433727264404297
1474.0,2.440826654434204
1474.1000000000001,2.421020269393921
1474.2,2.4185822010040283
1474.3000000000002,2.430131196975708
1474.4,2.4255106449127197
1474.5,2.444329023361206
1474.6000000000001,2.445598840713501
1474.7,2.4351038932800293
1474.8000000000002,2.4396257400512695
1474.9,2.4281651973724365
1475.0,2.4375901222229004
1475.1000000000001,2.438398838043213
1475.2,2.4332094192504883
1475.3000000000002,2.444777250289917
1475.4,2.439657688140869
1475.5,2.435852527618408
1475.6000000000001,2.439746141433716
1475.7,2.4329993724823
1475.8000000000002,2.432516098022461
1475.9,2.43084716796875
1476.0,2.429410934448242
1476.1000000000001,2.44482421875
1476.2,2.4391520023345947
1476.3000000000002,2.43074631690979
1476.4,2.439528226852417
1476.5,2.4396986961364746
1476.6000000000001,2.443203926086426
1476.7,2.433948040008545
1476.8000000000002,2.4342286586761475
1476.9,2.4445228576660156
1477.0,2.4415810108184814
1477.1000000000001,2.438577651977539
1477.2,2.4385552406311035
1477.3000000000002,2.4381678104400635
1477.4,2.447791337966919
1477.5,2.4385616779327393
1477.6000000000001,2.443279981613159
1477.7,2.4392924308776855
1477.8000000000002,2.4517009258270264
1477.9,2.4413113594055176
1478.0,2.437268018722534
1478.1000000000001,2.4445602893829346
1478.2,2.4293296337127686
1478.3000000000002,2.434309244155884
1478.4,2.4390037059783936
1478.5,2.4417717456817627
1478.6000000000001,2.433030605316162
1478.7,2.4423561096191406
1478.8000000000002,2.4388949871063232
1478.9,2.4356603622436523
1479.0,2.4417903423309326
1479.1000000000001,2.433626174926758
1479.2,2.434847354888916
1479.3000000000002,2.430638074874878
1479.4,2.432467460632324
1479.5,2.45098614692688
1479.6000000000001,2.4474003314971924
1479.7,2.442697048187256
1479.8000000000002,2.424055814743042
1479.9,2.4390692710876465
1480.0,2.432385206222534
1480.1000000000001,2.4280154705047607
1480.2,2.4387340545654297
1480.3000000000002,2.437763214111328
1480.4,2.4242565631866455
1480.5,2.4341514110565186
1480.6000000000001,2.4448628425598145
1480.7,2.4376518726348877
1480.8000000000002,2.4481699466705322
1480.9,2.437103033065796
1481.0,2.443498134613037
1481.1000000000001,2.440009117126465
1481.2,2.4417808055877686
1481.3000000000002,2.435685873031616
1481.4,2.4464573860168457
1481.5,2.442891836166382
1481.6000000000001,2.434401035308838
1481.7,2.4273500442504883
1481.8000000000002,2.4368412494659424
1481.9,2.4474384784698486
1482.0,2.4370803833007812
1482.1000000000001,2.4408087730407715
1482.2,2.4145917892456055
1482.3000000000002,2.4269416332244873
1482.4,2.4417598247528076
1482.5,2.433868169784546
1482.6000000000001,2.4427173137664795
1482.7,2.441786289215088
1482.8000000000002,2.432993173599243
1482.9,2.434556722640991
1483.0,2.4474360942840576
1483.1000000000001,2.4273288249969482
1483.2,2.4458301067352295
1483.3000000000002,2.437791585922241
1483.4,2.441054344177246
1483.5,2.4552605152130127
1483.6000000000001,2.4386990070343018
1483.7,2.4406726360321045
1483.8000000000002,2.4444692134857178
1483.9,2.435032606124878
1484.0,2.422837018966675
1484.1000000000001,2.4409751892089844
1484.2,2.43784761428833
1484.3000000000002,2.4349710941314697
1484.4,2.438995838165283
1484.5,2.4514145851135254
1484.6000000000001,2.4414920806884766
1484.7,2.441410541534424
1484.8000000000002,2.444962501525879
1484.9,2.4456334114074707
1485.0,2.432608127593994
1485.1000000000001,2.454172134399414
1485.2,2.450188159942627
1485.3000000000002,2.4517598152160645
1485.4,2.4427425861358643
1485.5,2.4296157360076904
1485.6000000000001,2.448490858078003
1485.7,2.438612937927246
1485.8000000000002,2.4348154067993164
1485.9,2.4414222240448
1486.0,2.4303996562957764
1486.1000000000001,2.4343793392181396
1486.2,2.4316859245300293
1486.3000000000002,2.4396979808807373
1486.4,2.441847324371338
1486.5,2.4564504623413086
1486.6000000000001,2.437217950820923
1486.7,2.452847480773926
1486.8000000000002,2.4428179264068604
1486.9,2.4431886672973633
1487.0,2.445713758468628
1487.1000000000001,2.441767930984497
1487.2,2.4439845085144043
1487.3000000000002,2.4471287727355957
1487.4,2.4460301399230957
1487.5,2.4388980865478516
1487.6000000000001,2.44682240486145
1487.7,2.431929588317871
1487.8000000000002,2.4439377784729004
1487.9,2.4468295574188232
1488.0,2.435770034790039
1488.1000000000001,2.4424540996551514
1488.6000000000001,2.448641300201416
1488.6000000000001,2.4489188194274902
1488.6000000000001,2.4454188346862793
1488.6000000000001,2.440126657485962
1488.6000000000001,2.443934917449951
1488.7,2.4480140209198
1488.8000000000002,2.424426317214966
1488.9,2.4475202560424805
1489.0,2.446730136871338
1489.1000000000001,2.4519643783569336
1489.2,2.4389941692352295
1489.3000000000002,2.4404754638671875
1489.4,2.443284749984741
1489.5,2.445258378982544
1489.6000000000001,2.446122646331787
1489.7,2.4441514015197754
1489.8000000000002,2.4408137798309326
1489.9,2.4403204917907715
1490.0,2.431192636489868
1490.1000000000001,2.451941728591919
1490.2,2.451124429702759
1490.3000000000002,2.4311444759368896
1490.4,2.444209575653076
1490.5,2.450188159942627
1490.6000000000001,2.443312168121338
1490.7,2.4407577514648438
1490.8000000000002,2.436044692993164
1490.9,2.4397501945495605
1491.0,2.443896770477295
1491.1000000000001,2.445443868637085
1491.2,2.439704656600952
1491.3000000000002,2.435103416442871
1491.4,2.4438047409057617
1491.5,2.450136423110962
1491.6000000000001,2.4499247074127197
1491.7,2.450078248977661
1491.8000000000002,2.440392255783081
1491.9,2.4384448528289795
1492.0,2.4449455738067627
1492.1000000000001,2.430490732192993
1492.2,2.434704065322876
1492.3000000000002,2.432929039001465
1492.4,2.4578752517700195
1492.5,2.430363178253174
1492.6000000000001,2.443871021270752
1492.7,2.438492774963379
1492.8000000000002,2.4332165718078613
1492.9,2.4368653297424316
1493.0,2.4461402893066406
1493.1000000000001,2.450233221054077
1493.2,2.438732385635376
1493.3000000000002,2.438645124435425
1493.4,2.4412128925323486
1493.5,2.441654682159424
1493.6000000000001,2.4416534900665283
1493.7,2.449511766433716
1493.8000000000002,2.448516368865967
1493.9,2.433868408203125
1494.0,2.448728322982788
1494.1000000000001,2.4375054836273193
1494.2,2.429917335510254
1494.3000000000002,2.4320924282073975
1494.4,2.4306938648223877
1494.5,2.435394525527954
1494.6000000000001,2.4577910900115967
1494.7,2.4546165466308594
1494.8000000000002,2.4385592937469482
1494.9,2.4313008785247803
1495.0,2.441676139831543
1495.1000000000001,2.4396750926971436
1495.2,2.455669641494751
1495.3000000000002,2.4438669681549072
1495.4,2.434422016143799
1495.5,2.444340705871582
1495.6000000000001,2.4454588890075684
1495.7,2.4484574794769287
1495.8000000000002,2.4458658695220947
1495.9,2.443500518798828
1496.0,2.4499764442443848
1496.1000000000001,2.4528374671936035
1496.2,2.4480080604553223
1496.3000000000002,2.444915533065796
1496.4,2.4455177783966064
1496.5,2.434532642364502
1496.6000000000001,2.4415283203125
1496.7,2.448263645172119
1496.8000000000002,2.4350497722625732
1496.9,2.4503848552703857
1497.0,2.449949264526367
1497.1000000000001,2.454483985900879
1497.2,2.448491096496582
1497.3000000000002,2.444140672683716
1497.4,2.4472219944000244
1497.5,2.4384970664978027
1497.6000000000001,2.440370559692383
1497.7,2.450294256210327
1497.8000000000002,2.4448282718658447
1497.9,2.4467368125915527
1498.0,2.4528534412384033
1498.1000000000001,2.4560322761535645
1498.2,2.436870813369751
1498.3000000000002,2.4441277980804443
1498.4,2.442201614379883
1498.5,2.451057195663452
1498.6000000000001,2.4518165588378906
1498.7,2.4459476470947266
1498.8000000000002,2.452955484390259
1498.9,2.4482293128967285
1499.0,2.449995517730713
1499.1000000000001,2.441901445388794
1499.2,2.4318056106567383
1499.3000000000002,2.4482531547546387
1499.4,2.4488978385925293
1499.5,2.446624994277954
1499.6000000000001,2.4437711238861084
1499.7,2.4315004348754883
1499.8000000000002,2.441636562347412
1499.9,2.449291229248047
1500.0,2.4601447582244873
1500.1000000000001,2.437971591949463
1500.2,2.436305046081543
1500.3000000000002,2.454113006591797
1500.4,2.4485983848571777
1500.5,2.4469475746154785
1500.6000000000001,2.445636510848999
1500.7,2.4372622966766357
1500.8000000000002,2.451343536376953
1500.9,2.4375572204589844
1501.0,2.4433095455169678
1501.1000000000001,2.446432113647461
1501.2,2.439964532852173
1501.3000000000002,2.428326368331909
1501.4,2.45558500289917
1501.5,2.4575960636138916
1501.6000000000001,2.447866678237915
1501.7,2.450793981552124
1501.8000000000002,2.4462618827819824
1501.9,2.4437437057495117
1502.0,2.4567577838897705
1502.1000000000001,2.4438846111297607
1502.2,2.43853759765625
1502.3000000000002,2.456312894821167
1502.4,2.457972526550293
1502.5,2.4435524940490723
1502.6000000000001,2.4372403621673584
1502.7,2.4383795261383057
1502.8000000000002,2.458632230758667
1502.9,2.449450731277466
1503.0,2.4504973888397217
1503.1000000000001,2.442365884780884
1503.2,2.4337759017944336
1503.3000000000002,2.440831184387207
1503.4,2.4367690086364746
1503.5,2.44911527633667
1503.6000000000001,2.4451022148132324
1503.7,2.4540255069732666
1503.8000000000002,2.439582586288452
1503.9,2.452970027923584
1504.0,2.449453353881836
1504.1000000000001,2.4400269985198975
1504.2,2.434436321258545
1504.3000000000002,2.4568440914154053
1504.4,2.447270631790161
1504.5,2.4463820457458496
1504.6000000000001,2.43892240524292
1504.7,2.4523544311523438
1504.8000000000002,2.445868968963623
1504.9,2.442312717437744
1505.0,2.4509735107421875
1505.1000000000001,2.4451558589935303
1505.2,2.439793109893799
1505.3000000000002,2.4510648250579834
1505.4,2.4595930576324463
1505.5,2.4412574768066406
1505.6000000000001,2.4537408351898193
1505.7,2.453259229660034
1505.8000000000002,2.452669620513916
1505.9,2.4601447582244873
1506.0,2.449415922164917
1506.1000000000001,2.459747552871704
1506.2,2.432771921157837
1506.3000000000002,2.4444375038146973
1506.4,2.4404406547546387
1506.5,2.4449782371520996
1506.6000000000001,2.437450647354126
1506.7,2.4447832107543945
1506.8000000000002,2.450165271759033
1506.9,2.453890562057495
1507.0,2.455599308013916
1507.1000000000001,2.455822706222534
1507.2,2.4659249782562256
1507.3000000000002,2.4386110305786133
1507.4,2.447352409362793
1507.5,2.4576492309570312
1507.6000000000001,2.4360058307647705
1507.7,2.4551925659179688
1507.8000000000002,2.450495481491089
1507.9,2.4497790336608887
1508.0,2.4469423294067383
1508.1000000000001,2.4399960041046143
1508.2,2.4502081871032715
1508.3000000000002,2.4427852630615234
1508.4,2.4505271911621094
1508.5,2.446357488632202
1508.6000000000001,2.447138786315918
1508.7,2.4431633949279785
1508.8000000000002,2.4457387924194336
1508.9,2.4546468257904053
1509.0,2.441988468170166
1509.1000000000001,2.444762945175171
1509.2,2.441107749938965
1509.3000000000002,2.4569342136383057
1509.4,2.441335916519165
1509.5,2.4360077381134033
1509.6000000000001,2.447283983230591
1509.7,2.452471971511841
1509.8000000000002,2.452627182006836
1509.9,2.450072765350342
1510.0,2.4546399116516113
1510.1000000000001,2.433095693588257
1510.2,2.4550740718841553
1510.3000000000002,2.441810131072998
1510.4,2.450683355331421
1510.5,2.4505929946899414
1510.6000000000001,2.4554378986358643
1510.7,2.4623141288757324
1510.8000000000002,2.450990915298462
1510.9,2.449373960494995
1511.0,2.4406442642211914
1511.1000000000001,2.4316275119781494
1511.2,2.447632074356079
1511.3000000000002,2.44211483001709
1511.4,2.4557292461395264
1511.5,2.447875738143921
1511.6000000000001,2.4600610733032227
1511.7,2.4356179237365723
1511.8000000000002,2.4506425857543945
1511.9,2.4450366497039795
1512.0,2.4517788887023926
1512.1000000000001,2.4467432498931885
1512.2,2.453490972518921
1512.3000000000002,2.454331159591675
1512.4,2.458096742630005
1512.5,2.4507904052734375
1512.6000000000001,2.4507408142089844
1512.7,2.4414923191070557
1512.8000000000002,2.4496779441833496
1512.9,2.450061798095703
1513.0,2.445068836212158
1513.1000000000001,2.448293685913086
1513.2,2.4476468563079834
1513.3000000000002,2.454240083694458
1513.4,2.4387176036834717
1513.5,2.449179172515869
1513.6000000000001,2.4504432678222656
1513.7,2.4520087242126465
1513.8000000000002,2.4542927742004395
1513.9,2.4520180225372314
1514.0,2.448695182800293
1514.1000000000001,2.442110538482666
1514.2,2.445812702178955
1514.3000000000002,2.4562900066375732
1514.4,2.4443182945251465
1514.5,2.461463451385498
1514.6000000000001,2.4626097679138184
1514.7,2.4515037536621094
1514.8000000000002,2.459414482116699
1514.9,2.4539403915405273
1515.0,2.4467179775238037
1515.1000000000001,2.4598076343536377
1515.2,2.459840774536133
1515.3000000000002,2.4378061294555664
1515.4,2.455327033996582
1515.5,2.442187786102295
1515.6000000000001,2.458409547805786
1515.7,2.4425907135009766
1515.8000000000002,2.46001935005188
1515.9,2.4565651416778564
1516.0,2.444977045059204
1516.1000000000001,2.451950788497925
1516.2,2.4527692794799805
1516.3000000000002,2.4522533416748047
1516.4,2.450899839401245
1516.5,2.4462907314300537
1516.6000000000001,2.4566476345062256
1516.7,2.456759452819824
1516.8000000000002,2.448387384414673
1516.9,2.445117473602295
1517.0,2.4489035606384277
1517.1000000000001,2.455348491668701
1517.2,2.45279598236084
1517.3000000000002,2.437950611114502
1517.4,2.451796531677246
1517.5,2.4369888305664062
1517.6000000000001,2.457509994506836
1517.7,2.4482100009918213
1517.8000000000002,2.447194814682007
1517.9,2.460801839828491
1518.0,2.460038185119629
1518.1000000000001,2.455251455307007
1518.2,2.458665132522583
1518.3000000000002,2.455824136734009
1518.4,2.4505386352539062
1518.5,2.448456287384033
1518.6000000000001,2.4468581676483154
1518.7,2.4565911293029785
1518.8000000000002,2.4539873600006104
1518.9,2.4569807052612305
1519.0,2.4450292587280273
1519.1000000000001,2.447096347808838
1519.2,2.4594321250915527
1519.3000000000002,2.467876434326172
1519.4,2.448336124420166
1519.5,2.4423060417175293
1519.6000000000001,2.4398090839385986
1519.7,2.452017307281494
1519.8000000000002,2.4547903537750244
1519.9,2.449857234954834
1520.0,2.451326847076416
1520.1000000000001,2.4487650394439697
1520.2,2.456882953643799
1520.3000000000002,2.4487268924713135
1520.4,2.450324058532715
1520.5,2.446599006652832
1520.6000000000001,2.4490418434143066
1520.7,2.45721173286438
1520.8000000000002,2.452904224395752
1520.9,2.4592227935791016
1521.0,2.4448139667510986
1521.1000000000001,2.4459147453308105
1521.2,2.4529080390930176
1521.3000000000002,2.450824499130249
1521.4,2.443267822265625
1521.5,2.4533255100250244
1521.6000000000001,2.4534506797790527
1521.7,2.4547030925750732
1521.8000000000002,2.4526419639587402
1521.9,2.438124179840088
1522.0,2.4559121131896973
1522.1000000000001,2.4463553428649902
1522.2,2.4548208713531494
1522.3000000000002,2.452346086502075
1522.4,2.4504241943359375
1522.5,2.4546546936035156
1522.6000000000001,2.456165313720703
1522.7,2.463533639907837
1522.8000000000002,2.4512414932250977
1522.9,2.4470126628875732
1523.0,2.459242105484009
1523.1000000000001,2.439565420150757
1523.2,2.451601982116699
1523.3000000000002,2.4503390789031982
1523.4,2.4516801834106445
1523.5,2.4486427307128906
1523.6000000000001,2.459698438644409
1523.7,2.434162139892578
1523.8000000000002,2.4501404762268066
1523.9,2.4455783367156982
1524.0,2.4574506282806396
1524.1000000000001,2.4529104232788086
1524.2,2.4416985511779785
1524.3000000000002,2.4543113708496094
1524.4,2.4538497924804688
1524.5,2.4555788040161133
1524.6000000000001,2.4632978439331055
1524.7,2.4547619819641113
1524.8000000000002,2.446714162826538
1524.9,2.451889753341675
1525.0,2.44858717918396
1525.1000000000001,2.4639461040496826
1525.2,2.451542854309082
1525.3000000000002,2.4516968727111816
1525.4,2.46250319480896
1525.5,2.4472732543945312
1525.6000000000001,2.4603261947631836
1525.7,2.4560837745666504
1525.8000000000002,2.460211753845215
1525.9,2.4524950981140137
1526.0,2.443751811981201
1526.1000000000001,2.446469306945801
1526.2,2.459455728530884
1526.3000000000002,2.4426276683807373
1526.4,2.45593523979187
1526.5,2.4542484283447266
1526.6000000000001,2.4435184001922607
1526.7,2.4494712352752686
1526.8000000000002,2.441183567047119
1526.9,2.4321982860565186
1527.0,2.4482614994049072
1527.1000000000001,2.460068941116333
1527.2,2.4562642574310303
1527.3000000000002,2.4569029808044434
1527.4,2.4544460773468018
1527.5,2.44980525970459
1527.6000000000001,2.4643914699554443
1527.7,2.4554216861724854
1527.8000000000002,2.4460508823394775
1527.9,2.443079948425293
1528.0,2.4615609645843506
1528.1000000000001,2.4553399085998535
1528.2,2.441099166870117
1528.3000000000002,2.4510695934295654
1528.4,2.447828531265259
1528.5,2.4564342498779297
1528.6000000000001,2.4631435871124268
1528.7,2.4442288875579834
1528.8000000000002,2.4426350593566895
1528.9,2.4656832218170166
1529.0,2.453814744949341
1529.1000000000001,2.45619535446167
1529.2,2.4576210975646973
1529.3000000000002,2.4640190601348877
1529.4,2.457162618637085
1529.5,2.4393742084503174
1529.6000000000001,2.456090211868286
1529.7,2.4520702362060547
1529.8000000000002,2.4425148963928223
1529.9,2.4588205814361572
1530.0,2.457432508468628
1530.1000000000001,2.4535303115844727
1530.2,2.4449188709259033
1530.3000000000002,2.450772523880005
1530.4,2.4601149559020996
1530.5,2.453981876373291
1530.6000000000001,2.4508442878723145
1530.7,2.4368269443511963
1530.8000000000002,2.453737497329712
1530.9,2.446492910385132
1531.0,2.4624223709106445
1531.1000000000001,2.4377188682556152
1531.2,2.453317642211914
1531.3000000000002,2.454267978668213
1531.4,2.448390483856201
1531.5,2.443065643310547
1531.6000000000001,2.4487946033477783
1531.7,2.465033531188965
1531.8000000000002,2.4535725116729736
1531.9,2.460204601287842
1532.0,2.454183578491211
1532.1000000000001,2.4452767372131348
1532.2,2.45304012298584
1532.3000000000002,2.459040880203247
1532.4,2.464031934738159
1532.5,2.461479902267456
1532.6000000000001,2.462954521179199
1532.7,2.451425790786743
1532.8000000000002,2.4463589191436768
1532.9,2.457043170928955
1533.0,2.4387316703796387
1533.1000000000001,2.454265594482422
1533.2,2.4386630058288574
1533.3000000000002,2.4592137336730957
1533.4,2.446007251739502
1533.5,2.4579825401306152
1533.6000000000001,2.4548590183258057
1533.7,2.4556963443756104
1533.8000000000002,2.455237627029419
1533.9,2.4563028812408447
1534.0,2.4531290531158447
1534.1000000000001,2.4487462043762207
1534.2,2.4574339389801025
1534.3000000000002,2.4430758953094482
1534.4,2.4546544551849365
1534.5,2.450733184814453
1534.6000000000001,2.457303047180176
1534.7,2.4562041759490967
1534.8000000000002,2.4575421810150146
1534.9,2.4585821628570557
1535.0,2.460254192352295
1535.1000000000001,2.4401614665985107
1535.2,2.4534475803375244
1535.3000000000002,2.4431653022766113
1535.4,2.456772804260254
1535.5,2.45009446144104
1535.6000000000001,2.4500885009765625
1535.7,2.4447391033172607
1535.8000000000002,2.4577457904815674
1535.9,2.445324182510376
1536.0,2.4427547454833984
1536.1000000000001,2.454318046569824
1536.2,2.457279920578003
1536.3000000000002,2.443868398666382
1536.4,2.4456422328948975
1536.5,2.4565229415893555
1536.6000000000001,2.450829029083252
1536.7,2.443057060241699
1536.8000000000002,2.4470579624176025
1536.9,2.449007272720337
1537.0,2.460184097290039
1537.1000000000001,2.457041025161743
1537.2,2.4505133628845215
1537.3000000000002,2.4529800415039062
1537.4,2.4501349925994873
1537.5,2.4592220783233643
1537.6000000000001,2.451507091522217
1537.7,2.4488651752471924
1537.8000000000002,2.459014415740967
1537.9,2.4578816890716553
1538.0,2.444528102874756
1538.1000000000001,2.4574403762817383
1538.2,2.455476999282837
1538.3000000000002,2.447821855545044
1538.4,2.4524385929107666
1538.5,2.4678118228912354
1538.6000000000001,2.4476816654205322
1538.7,2.4593453407287598
1538.8000000000002,2.4567291736602783
1538.9,2.450909376144409
1539.0,2.452924966812134
1539.1000000000001,2.4487764835357666
1539.2,2.450533151626587
1539.3000000000002,2.4495816230773926
1539.4,2.4482457637786865
1539.5,2.454589605331421
1539.6000000000001,2.446899652481079
1539.7,2.456437587738037
1539.8000000000002,2.4453060626983643
1539.9,2.449094533920288
1540.0,2.444992780685425
1540.1000000000001,2.4598100185394287
1540.2,2.431591272354126
1540.3000000000002,2.446661949157715
1540.4,2.461679220199585
1540.5,2.45204758644104
1540.6000000000001,2.4456722736358643
1540.7,2.4511497020721436
1540.8000000000002,2.4405319690704346
1540.9,2.456519365310669
1541.0,2.4489755630493164
1541.1000000000001,2.448699474334717
1541.2,2.4485256671905518
1541.3000000000002,2.45676851272583
1541.4,2.445707321166992
1541.5,2.4552533626556396
1541.6000000000001,2.4473135471343994
1541.7,2.4418885707855225
1541.8000000000002,2.4472317695617676
1541.9,2.4436721801757812
1542.0,2.439711332321167
1542.1000000000001,2.4582858085632324
1542.2,2.4507195949554443
1542.3000000000002,2.455022096633911
1542.4,2.46095871925354
1542.5,2.4528069496154785
1542.6000000000001,2.460829257965088
1542.7,2.447999954223633
1542.8000000000002,2.4535157680511475
1542.9,2.456932544708252
1543.0,2.4629528522491455
1543.1000000000001,2.4373953342437744
1543.2,2.441840171813965
1543.3000000000002,2.4496235847473145
1543.4,2.4418392181396484
1543.5,2.442344903945923
1543.6000000000001,2.4604175090789795
1543.7,2.4438230991363525
1543.8000000000002,2.430164098739624
1543.9,2.4554038047790527
1544.0,2.447465181350708
1544.1000000000001,2.458125591278076
1544.2,2.4429423809051514
1544.3000000000002,2.4515135288238525
1544.4,2.4363491535186768
1544.5,2.4526727199554443
1544.6000000000001,2.4383413791656494
1544.7,2.453439712524414
1544.8000000000002,2.45078444480896
1544.9,2.454683303833008
1545.0,2.4473180770874023
1545.1000000000001,2.440828800201416
1545.2,2.45398211479187
1545.3000000000002,2.456374406814575
1545.4,2.4587602615356445
1545.5,2.44407057762146
1545.6000000000001,2.445340156555176
1545.7,2.4528896808624268
1545.8000000000002,2.4484646320343018
1545.9,2.4535722732543945
1546.0,2.445876121520996
1546.1000000000001,2.4579010009765625
1546.2,2.4572412967681885
1546.3000000000002,2.453458786010742
1546.4,2.4555962085723877
1546.5,2.4530484676361084
1546.6000000000001,2.446382522583008
1546.7,2.4604930877685547
1546.8000000000002,2.4450278282165527
1546.9,2.463764190673828
1547.0,2.4468963146209717
1547.1000000000001,2.4570508003234863
1547.2,2.4441030025482178
1547.3000000000002,2.4518883228302
1547.4,2.4366872310638428
1547.5,2.4422407150268555
1547.6000000000001,2.456601858139038
1547.7,2.4372458457946777
1547.8000000000002,2.451176881790161
1547.9,2.453814744949341
1548.0,2.44290828704834
1548.1000000000001,2.443472146987915
1548.2,2.455245018005371
1548.3000000000002,2.440326690673828
1548.4,2.441493034362793
1548.5,2.4496877193450928
1548.6000000000001,2.4440712928771973
1548.7,2.4608263969421387
1548.8000000000002,2.444661855697632
1548.9,2.445192813873291
1549.0,2.4518418312072754
1549.1000000000001,2.4606411457061768
1549.2,2.4432058334350586
1549.3000000000002,2.453047037124634
1549.4,2.439420700073242
1549.5,2.449453115463257
1549.6000000000001,2.444096088409424
1549.7,2.447953939437866
1549.8000000000002,2.4383316040039062
1549.9,2.45993709564209
1550.0,2.4439685344696045
1550.1000000000001,2.4505038261413574
1550.2,2.4465103149414062
1550.3000000000002,2.4518532752990723
1550.4,2.462526798248291
1550.5,2.4555470943450928
1550.6000000000001,2.4490151405334473
1550.7,2.45514178276062
1550.8000000000002,2.450544834136963
1550.9,2.4514167308807373
1551.0,2.4523751735687256
1551.1000000000001,2.4544341564178467
1551.2,2.453512668609619
1551.3000000000002,2.4546821117401123
1551.4,2.455960750579834
1551.5,2.4557721614837646
1551.6000000000001,2.448249101638794
1551.7,2.44932222366333
1551.8000000000002,2.4409358501434326
1551.9,2.452711582183838
1552.0,2.457178831100464
1552.1000000000001,2.443765878677368
1552.2,2.447533369064331
1552.3000000000002,2.4477365016937256
1552.4,2.4344117641448975
1552.5,2.4515433311462402
1552.6000000000001,2.4525673389434814
1552.7,2.459007740020752
1552.8000000000002,2.4423439502716064
1552.9,2.4544289112091064
1553.0,2.4497199058532715
1553.1000000000001,2.4536824226379395
1553.2,2.4557647705078125
1553.3000000000002,2.4491043090820312
1553.4,2.4407989978790283
1553.5,2.450315237045288
1553.6000000000001,2.4425814151763916
1553.7,2.458588123321533
1553.8000000000002,2.459460496902466
1553.9,2.4384379386901855
1554.0,2.4341275691986084
1554.1000000000001,2.4548118114471436
1554.2,2.4385571479797363
1554.3000000000002,2.448105812072754
1554.4,2.4538381099700928
1554.5,2.450587511062622
1554.6000000000001,2.460597038269043
1554.7,2.44168758392334
1554.8000000000002,2.4496023654937744
1554.9,2.449751138687134
1555.1000000000001,2.441627264022827
1555.1000000000001,2.4570271968841553
1555.2,2.448403835296631
1555.3000000000002,2.440293788909912
1555.4,2.4545323848724365
1555.5,2.447293996810913
1555.6000000000001,2.452803134918213
1555.7,2.4452290534973145
1555.8000000000002,2.4479260444641113
1555.9,2.4383962154388428
1556.0,2.454073667526245
1556.1000000000001,2.4391143321990967
1556.2,2.452303171157837
1556.3000000000002,2.455153703689575
1556.4,2.4536139965057373
1556.5,2.44937801361084
1556.6000000000001,2.439822196960449
1556.7,2.4440317153930664
1556.8000000000002,2.4421489238739014
1556.9,2.4372286796569824
1557.0,2.44343900680542
1557.1000000000001,2.452911853790283
1557.2,2.4338598251342773
1557.3000000000002,2.4637012481689453
1557.4,2.4504241943359375
1557.5,2.4470558166503906
1557.6000000000001,2.4637417793273926
1557.7,2.4560916423797607
1557.8000000000002,2.4468910694122314
1557.9,2.448427200317383
1558.0,2.4505372047424316
1558.1000000000001,2.454235553741455
1558.2,2.445558786392212
1558.3000000000002,2.4476711750030518
1558.4,2.438664674758911
1558.5,2.4563040733337402
1558.6000000000001,2.448679208755493
1558.7,2.431570529937744
1558.8000000000002,2.4548726081848145
1558.9,2.443298101425171
1559.0,2.4448280334472656
1559.1000000000001,2.447577476501465
1559.2,2.44946026802063
1559.3000000000002,2.4390318393707275
1559.4,2.442092180252075
1559.5,2.451274871826172
1559.6000000000001,2.4563348293304443
1559.7,2.4545445442199707
1559.8000000000002,2.447842597961426
1559.9,2.442814588546753
1560.0,2.452423572540283
1560.1000000000001,2.432891368865967
1560.2,2.453774929046631
1560.3000000000002,2.4462831020355225
1560.4,2.4491100311279297
1560.5,2.453213691711426
1560.6000000000001,2.4495580196380615
1560.7,2.4470741748809814
1560.8000000000002,2.4489428997039795
1560.9,2.440765857696533
1561.0,2.4575693607330322
1561.1000000000001,2.4532363414764404
1561.2,2.4413483142852783
1561.3000000000002,2.4366257190704346
1561.4,2.4483401775360107
1561.5,2.4576494693756104
1561.6000000000001,2.452655076980591
1561.7,2.444913625717163
1561.8000000000002,2.4426381587982178
1561.9,2.4556283950805664
1562.0,2.4341368675231934
1562.1000000000001,2.459474802017212
1562.2,2.4434452056884766
1562.3000000000002,2.4404075145721436
1562.4,2.4424498081207275
1562.5,2.446767807006836
1562.6000000000001,2.440580129623413
1562.7,2.448241710662842
1562.8000000000002,2.434880018234253
1562.9,2.4422669410705566
1563.0,2.4339566230773926
1563.1000000000001,2.4435722827911377
1563.2,2.4447662830352783
1563.3000000000002,2.4383254051208496
1563.4,2.4471583366394043
1563.5,2.441779136657715
1563.6000000000001,2.4471328258514404
1563.7,2.4567670822143555
1563.8000000000002,2.4505221843719482
1563.9,2.4476253986358643
1564.0,2.450847864151001
1564.1000000000001,2.4416379928588867
1564.2,2.4448249340057373
1564.3000000000002,2.438579797744751
1564.4,2.444913625717163
1564.5,2.449338436126709
1564.6000000000001,2.437885046005249
1564.7,2.4500577449798584
1564.8000000000002,2.4483346939086914
1564.9,2.437530755996704
1565.0,2.442460298538208
1565.1000000000001,2.4462668895721436
1565.2,2.439074993133545
1565.3000000000002,2.4422738552093506
1565.4,2.4414474964141846
1565.5,2.440131425857544
1565.6000000000001,2.4446566104888916
1565.7,2.4365975856781006
1565.8000000000002,2.4508190155029297
1565.9,2.450249433517456
1566.0,2.4481635093688965
1566.1000000000001,2.4497969150543213
1566.2,2.4396934509277344
1566.3000000000002,2.454674482345581
1566.4,2.4484870433807373
1566.5,2.4501192569732666
1566.6000000000001,2.4529929161071777
1566.7,2.451695442199707
1566.8000000000002,2.439803123474121
1566.9,2.438390016555786
1567.0,2.448146343231201
1567.1000000000001,2.452402114868164
1567.2,2.4284255504608154
1567.3000000000002,2.4447615146636963
1567.4,2.4412107467651367
1567.5,2.452840805053711
1567.6000000000001,2.446916103363037
1567.7,2.4476985931396484
1567.8000000000002,2.438904047012329
1567.9,2.4281458854675293
1568.0,2.4550960063934326
1568.1000000000001,2.426218271255493
1568.2,2.453896999359131
1568.3000000000002,2.430576801300049
1568.4,2.442237377166748
1568.5,2.4300999641418457
1568.6000000000001,2.4446284770965576
1568.7,2.450617551803589
1568.8000000000002,2.4468371868133545
1568.9,2.4449996948242188
1569.0,2.4488651752471924
1569.1000000000001,2.4543490409851074
1569.2,2.4475975036621094
1569.3000000000002,2.4450395107269287
1569.4,2.4336462020874023
1569.5,2.4431958198547363
1569.6000000000001,2.4433634281158447
1569.7,2.433863401412964
1569.8000000000002,2.4495651721954346
1569.9,2.4199018478393555
1570.0,2.432769775390625
1570.1000000000001,2.4266297817230225
1570.2,2.4315025806427
1570.3000000000002,2.435497760772705
1570.4,2.432863712310791
1570.5,2.4486825466156006
1570.6000000000001,2.4311790466308594
1570.7,2.4492623805999756
1570.8000000000002,2.442755699157715
1570.9,2.446866989135742
1571.0,2.438276767730713
1571.1000000000001,2.4527225494384766
1571.2,2.4559054374694824
1571.3000000000002,2.453321933746338
1571.4,2.440704107284546
1571.5,2.4242286682128906
1571.6000000000001,2.4538114070892334
1571.7,2.439138174057007
1571.8000000000002,2.438037157058716
1571.9,2.4255599975585938
1572.0,2.4401307106018066
1572.1000000000001,2.4429290294647217
1572.2,2.4410452842712402
1572.3000000000002,2.440284013748169
1572.4,2.4418158531188965
1572.5,2.448827028274536
1572.6000000000001,2.445495128631592
1572.7,2.437427520751953
1572.8000000000002,2.443969249725342
1572.9,2.446951150894165
1573.0,2.4506819248199463
1573.1000000000001,2.4433085918426514
1573.2,2.425387382507324
1573.3000000000002,2.440107583999634
1573.4,2.455537796020508
1573.5,2.451298713684082
1573.6000000000001,2.4415085315704346
1573.7,2.445760726928711
1573.8000000000002,2.4386003017425537
1573.9,2.4401695728302
1574.0,2.4383106231689453
1574.1000000000001,2.4416799545288086
1574.2,2.44941782951355
1574.3000000000002,2.4436042308807373
1574.4,2.4301064014434814
1574.5,2.441124439239502
1574.6000000000001,2.4486660957336426
1574.7,2.447082757949829
1574.8000000000002,2.437056303024292
1574.9,2.447079658508301
1575.0,2.4422903060913086
1575.1000000000001,2.442871332168579
1575.2,2.431795597076416
1575.3000000000002,2.4431848526000977
1575.4,2.450593948364258
1575.5,2.447186231613159
1575.6000000000001,2.4443891048431396
1575.7,2.443754196166992
1575.8000000000002,2.4267895221710205
1575.9,2.4353861808776855
1576.0,2.405719518661499
1576.1000000000001,2.4423530101776123
1576.2,2.443988561630249
1576.3000000000002,2.4462454319000244
1576.4,2.4499480724334717
1576.5,2.4441325664520264
1576.6000000000001,2.441929578781128
1576.7,2.434784412384033
1576.8000000000002,2.4436750411987305
1576.9,2.444769859313965
1577.0,2.430910348892212
1577.1000000000001,2.4354372024536133
1577.2,2.430474042892456
1577.3000000000002,2.4404664039611816
1577.4,2.429959297180176
1577.5,2.4363090991973877
1577.6000000000001,2.441307306289673
1577.7,2.42673397064209
1577.8000000000002,2.4423141479492188
1577.9,2.4416024684906006
1578.0,2.4336488246917725
1578.1000000000001,2.440485715866089
1578.2,2.4199960231781006
1578.3000000000002,2.4452826976776123
1578.4,2.4535887241363525
1578.5,2.4233500957489014
1578.6000000000001,2.4263055324554443
1578.7,2.4397566318511963
1578.8000000000002,2.4407448768615723
1578.9,2.4450764656066895
1579.0,2.4200665950775146
1579.1000000000001,2.4339113235473633
1579.2,2.4513492584228516
1579.3000000000002,2.4371213912963867
1579.4,2.446467638015747
1579.5,2.4413981437683105
1579.6000000000001,2.435734748840332
1579.7,2.427851438522339
1579.8000000000002,2.426396131515503
1579.9,2.443004846572876
1580.0,2.4343833923339844
1580.1000000000001,2.448457956314087
1580.2,2.432305335998535
1580.3000000000002,2.4311132431030273
1580.4,2.4494152069091797
1580.5,2.448817014694214
1580.6000000000001,2.4451682567596436
1580.7,2.4496004581451416
1580.8000000000002,2.439258098602295
1580.9,2.4440670013427734
1581.0,2.4411730766296387
1581.1000000000001,2.42665433883667
1581.2,2.437941551208496
1581.3000000000002,2.4345505237579346
1581.4,2.4397459030151367
1581.5,2.434814691543579
1581.6000000000001,2.4410531520843506
1581.7,2.43271541595459
1581.8000000000002,2.4408116340637207
1581.9,2.4416470527648926
1582.0,2.435203790664673
1582.1000000000001,2.445064067840576
1582.2,2.4447927474975586
1582.3000000000002,2.4328486919403076
1582.4,2.4421563148498535
1582.5,2.4119338989257812
1582.6000000000001,2.4319515228271484
1582.7,2.434907913208008
1582.8000000000002,2.4331657886505127
1582.9,2.451791286468506
1583.0,2.4395835399627686
1583.1000000000001,2.4408764839172363
1583.2,2.4335899353027344
1583.3000000000002,2.435004711151123
1583.4,2.447293519973755
1583.5,2.447070598602295
1583.6000000000001,2.4409525394439697
1583.7,2.442441701889038
1583.8000000000002,2.4342429637908936
1583.9,2.4349122047424316
1584.0,2.440401792526245
1584.1000000000001,2.4399867057800293
1584.2,2.447147846221924
1584.3000000000002,2.4328508377075195
1584.4,2.4411051273345947
1584.5,2.4283177852630615
1584.6000000000001,2.433628797531128
1584.7,2.426952600479126
1584.8000000000002,2.4353342056274414
1584.9,2.438408613204956
1585.0,2.44122052192688
1585.1000000000001,2.425201892852783
1585.2,2.424450397491455
1585.3000000000002,2.4465150833129883
1585.4,2.4401443004608154
1585.5,2.4415392875671387
1585.6000000000001,2.432203769683838
1585.7,2.4381723403930664
1585.8000000000002,2.448941230773926
1585.9,2.4452879428863525
1586.0,2.437257766723633
1586.1000000000001,2.436202049255371
1586.2,2.4233238697052
1586.3000000000002,2.4357259273529053
1586.4,2.4271399974823
1586.5,2.4459426403045654
1586.6000000000001,2.438849925994873
1586.7,2.43171763420105
1586.8000000000002,2.4398837089538574
1586.9,2.43660831451416
1587.0,2.4383647441864014
1587.1000000000001,2.451122522354126
1587.2,2.423011541366577
1587.3000000000002,2.4351565837860107
1587.4,2.424147367477417
1587.5,2.442221164703369
1587.6000000000001,2.434458017349243
1587.7,2.4245686531066895
1587.8000000000002,2.4358267784118652
1587.9,2.437772512435913
1588.0,2.4354047775268555
1588.1000000000001,2.4251129627227783
1588.2,2.4347376823425293
1588.3000000000002,2.4131999015808105
1588.4,2.436624050140381
1588.5,2.4407286643981934
1588.6000000000001,2.4376041889190674
1588.7,2.449700355529785
1588.8000000000002,2.4179978370666504
1588.9,2.4293315410614014
1589.0,2.430661678314209
1589.1000000000001,2.4285199642181396
1589.2,2.433896541595459
1589.3000000000002,2.418534755706787
1589.4,2.42850661277771
1589.5,2.4322783946990967
1589.6000000000001,2.4411780834198
1589.7,2.436183214187622
1589.8000000000002,2.419891119003296
1589.9,2.431818723678589
1590.0,2.4413809776306152
1590.1000000000001,2.4236698150634766
1590.2,2.4298837184906006
1590.3000000000002,2.4216549396514893
1590.4,2.4401371479034424
1590.5,2.4420793056488037
1590.6000000000001,2.429184913635254
1590.7,2.431535482406616
1590.8000000000002,2.4330618381500244
1590.9,2.437617063522339
1591.0,2.431459903717041
1591.1000000000001,2.4235377311706543
1591.2,2.421977996826172
1591.3000000000002,2.43019700050354
1591.4,2.433026075363159
1591.5,2.4156136512756348
1591.6000000000001,2.4340827465057373
1591.7,2.436880588531494
1591.8000000000002,2.445673942565918
1591.9,2.4257166385650635
1592.0,2.432934284210205
1592.1000000000001,2.436110258102417
1592.2,2.4245445728302
1592.3000000000002,2.42825984954834
1592.4,2.4376144409179688
1592.5,2.427677869796753
1592.6000000000001,2.4308159351348877
1592.7,2.426544666290283
1592.8000000000002,2.4251294136047363
1592.9,2.4306118488311768
1593.0,2.4348604679107666
1593.1000000000001,2.4351065158843994
1593.2,2.433212995529175
1593.3000000000002,2.421355724334717
1593.4,2.430192232131958
1593.5,2.4341788291931152
1593.6000000000001,2.431565046310425
1593.7,2.437802791595459
1593.8000000000002,2.4384965896606445
1593.9,2.430906295776367
1594.0,2.433868885040283
1594.1000000000001,2.427394390106201
1594.2,2.4169423580169678
1594.3000000000002,2.4183454513549805
1594.4,2.428009271621704
1594.5,2.433546304702759
1594.6000000000001,2.4235596656799316
1594.7,2.436838150024414
1594.8000000000002,2.427386999130249
1594.9,2.425408363342285
1595.0,2.410210609436035
1595.1000000000001,2.425504446029663
1595.2,2.4258015155792236
1595.3000000000002,2.424928903579712
1595.4,2.426379919052124
1595.5,2.4398891925811768
1595.6000000000001,2.4330766201019287
1595.7,2.423126459121704
1595.8000000000002,2.4354734420776367
1595.9,2.415020227432251
1596.0,2.4342095851898193
1596.1000000000001,2.4412875175476074
1596.2,2.424947738647461
1596.3000000000002,2.4139442443847656
1596.4,2.4212474822998047
1596.5,2.4347755908966064
1596.6000000000001,2.4356918334960938
1596.7,2.4387025833129883
1596.8000000000002,2.421938180923462
1596.9,2.4352798461914062
1597.0,2.4327433109283447
1597.1000000000001,2.425273895263672
1597.2,2.4253249168395996
1597.3000000000002,2.4297034740448
1597.4,2.4322049617767334
1597.5,2.434704542160034
1597.6000000000001,2.429901361465454
1597.7,2.424945116043091
1597.8000000000002,2.4379591941833496
1597.9,2.4373104572296143
1598.0,2.4332869052886963
1598.1000000000001,2.4315879344940186
1598.2,2.421825647354126
1598.3000000000002,2.41428279876709
1598.4,2.422478675842285
1598.5,2.4203438758850098
1598.6000000000001,2.423842668533325
1598.7,2.412656307220459
1598.8000000000002,2.4269957542419434
1598.9,2.4305801391601562
1599.0,2.4104421138763428
1599.1000000000001,2.427635669708252
1599.2,2.424373149871826
1599.3000000000002,2.434135675430298
1599.4,2.438077211380005
1599.5,2.4168601036071777
1599.6000000000001,2.429013729095459
1599.7,2.431565046310425
1599.8000000000002,2.4259324073791504
1599.9,2.4232451915740967
1600.0,2.4315030574798584
1600.1000000000001,2.4314687252044678
1600.2,2.419968605041504
1600.3000000000002,2.4303672313690186
1600.4,2.4275035858154297
1600.5,2.4257562160491943
1600.6000000000001,2.4249236583709717
1600.7,2.422384738922119
1600.8000000000002,2.4343957901000977
1600.9,2.4309403896331787
1601.0,2.4200735092163086
1601.1000000000001,2.417236328125
1601.2,2.4216740131378174
1601.3000000000002,2.423311233520508
1601.4,2.422393798828125
1601.5,2.4349145889282227
1601.6000000000001,2.4121901988983154
1601.7,2.4203643798828125
1601.8000000000002,2.4207117557525635
1601.9,2.4177916049957275
1602.0,2.4251883029937744
1602.1000000000001,2.4198546409606934
1602.2,2.422952651977539
1602.3000000000002,2.423424482345581
1602.4,2.43196439743042
1602.5,2.431776523590088
1602.6000000000001,2.4241387844085693
1602.7,2.4235849380493164
1602.8000000000002,2.4156386852264404
1602.9,2.4162404537200928
1603.0,2.413525342941284
1603.1000000000001,2.42000412940979
1603.2,2.4260809421539307
1603.3000000000002,2.43373703956604
1603.4,2.4262185096740723
1603.5,2.4137206077575684
1603.6000000000001,2.408574342727661
1603.7,2.413681983947754
1603.8000000000002,2.430154800415039
1603.9,2.4309513568878174
1604.0,2.4201529026031494
1604.1000000000001,2.423121929168701
1604.2,2.4314334392547607
1604.3000000000002,2.4288365840911865
1604.4,2.42341947555542
1604.5,2.430098533630371
1604.6000000000001,2.4104325771331787
1604.7,2.409486770629883
1604.8000000000002,2.4280543327331543
1604.9,2.429412364959717
1605.0,2.4208486080169678
1605.1000000000001,2.4161620140075684
1605.2,2.409243106842041
1605.3000000000002,2.424520492553711
1605.4,2.4133479595184326
1605.5,2.420713186264038
1605.6000000000001,2.4210777282714844
1605.7,2.40684175491333
1605.8000000000002,2.427156686782837
1605.9,2.424522876739502
1606.0,2.4208498001098633
1606.1000000000001,2.4176759719848633
1606.2,2.415541648864746
1606.3000000000002,2.4253389835357666
1606.4,2.427598476409912
1606.5,2.423882246017456
1606.6000000000001,2.421069860458374
1606.7,2.4257194995880127
1606.8000000000002,2.418919086456299
1606.9,2.4096670150756836
1607.0,2.4184629917144775
1607.1000000000001,2.4159674644470215
1607.2,2.4179365634918213
1607.3000000000002,2.4162466526031494
1607.4,2.4178566932678223
1607.5,2.419553518295288
1607.6000000000001,2.4200644493103027
1607.7,2.4196431636810303
1607.8000000000002,2.4208545684814453
1607.9,2.4287898540496826
1608.0,2.4265894889831543
1608.1000000000001,2.417914867401123
1608.2,2.4276652336120605
1608.3000000000002,2.4216582775115967
1608.4,2.438044309616089
1608.5,2.4298183917999268
1608.6000000000001,2.42629337310791
1608.7,2.429830312728882
1608.8000000000002,2.394627571105957
1608.9,2.4091176986694336
1609.0,2.411592721939087
1609.1000000000001,2.4289040565490723
1609.2,2.4080827236175537
1609.3000000000002,2.4228386878967285
1609.4,2.4126908779144287
1609.5,2.4053685665130615
1609.6000000000001,2.4217541217803955
1609.7,2.4248766899108887
1609.8000000000002,2.4193599224090576
1609.9,2.420344352722168
1610.0,2.4160783290863037
1610.1000000000001,2.4157259464263916
1610.2,2.413001298904419
1610.3000000000002,2.418802499771118
1610.4,2.4120430946350098
1610.5,2.427518129348755
1610.6000000000001,2.4196605682373047
1610.7,2.4231605529785156
1610.8000000000002,2.421196460723877
1610.9,2.4153523445129395
1611.0,2.425901412963867
1611.1000000000001,2.426015853881836
1611.2,2.4020674228668213
1611.3000000000002,2.4156033992767334
1611.4,2.4283552169799805
1611.5,2.4139556884765625
1611.6000000000001,2.428969383239746
1611.7,2.4217710494995117
1611.8000000000002,2.4124739170074463
1611.9,2.4237799644470215
1612.0,2.4156956672668457
1612.1000000000001,2.414386749267578
1612.2,2.4242935180664062
1612.3000000000002,2.420027732849121
1612.4,2.428065538406372
1612.5,2.41339373588562
1612.6000000000001,2.425416946411133
1612.7,2.4117798805236816
1612.8000000000002,2.4150683879852295
1612.9,2.4080111980438232
1613.0,2.4133524894714355
1613.1000000000001,2.416562795639038
1613.2,2.4217300415039062
1613.3000000000002,2.3996317386627197
1613.4,2.4181275367736816
1613.5,2.417177677154541
1613.6000000000001,2.4006547927856445
1613.7,2.428830862045288
1613.8000000000002,2.4153859615325928
1613.9,2.4161505699157715
1614.0,2.420597553253174
1614.1000000000001,2.414677381515503
1614.2,2.4160919189453125
1614.3000000000002,2.40971302986145
1614.4,2.4264283180236816
1614.5,2.411503553390503
1614.6000000000001,2.4258651733398438
1614.7,2.4260196685791016
1614.8000000000002,2.421808958053589
1614.9,2.4198715686798096
1615.0,2.415567398071289
1615.1000000000001,2.4131953716278076
1615.2,2.415951728820801
1615.3000000000002,2.4036343097686768
1615.4,2.4111859798431396
1615.5,2.4178781509399414
1615.6000000000001,2.414891004562378
1615.7,2.4120678901672363
1615.8000000000002,2.394630193710327
1615.9,2.3998985290527344
1616.0,2.40852427482605
1616.1000000000001,2.4110212326049805
1616.2,2.408917188644409
1616.3000000000002,2.4143998622894287
1616.4,2.4184370040893555
1616.5,2.424614191055298
1616.6000000000001,2.4041953086853027
1616.7,2.4138593673706055
1616.8000000000002,2.409492015838623
1616.9,2.393986701965332
1617.0,2.4041996002197266
1617.1000000000001,2.3977150917053223
1617.2,2.416269302368164
1617.3000000000002,2.4124772548675537
1617.4,2.4128079414367676
1617.5,2.4166719913482666
1617.6000000000001,2.4115548133850098
1617.7,2.418839693069458
1617.8000000000002,2.404100179672241
1617.9,2.4183356761932373
1618.0,2.4217541217803955
1618.1000000000001,2.414519786834717
1618.2,2.400292158126831
1618.3000000000002,2.4102890491485596
1618.4,2.3935322761535645
1618.5,2.4102847576141357
1618.6000000000001,2.408270835876465
1618.7,2.4062132835388184
1618.8000000000002,2.396548271179199
1618.9,2.405674457550049
1619.0,2.421844959259033
1619.1000000000001,2.418086528778076
1619.2,2.4117238521575928
1619.3000000000002,2.4056906700134277
1619.4,2.4137392044067383
1619.5,2.413048267364502
1619.6000000000001,2.4101593494415283
1619.7,2.417616605758667
1619.8000000000002,2.404235363006592
1619.9,2.4160983562469482
1620.0,2.403284788131714
1620.1000000000001,2.400895118713379
1620.2,2.4099323749542236
1620.3000000000002,2.411504030227661
1620.4,2.4122486114501953
1620.5,2.3930084705352783
1620.6000000000001,2.394806146621704
1620.7,2.406993865966797
1620.8000000000002,2.4076366424560547
1620.9,2.413625717163086
1621.0,2.4175312519073486
1621.1000000000001,2.413459539413452
1621.2,2.4178109169006348
1621.3000000000002,2.4066364765167236
1621.4,2.4047350883483887
1621.5,2.401423215866089
1621.6000000000001,2.396613121032715
1621.7,2.414550304412842
1621.8000000000002,2.414080858230591
1621.9,2.409968852996826
1622.0,2.4119691848754883
1622.1000000000001,2.4190540313720703
1622.2,2.423567771911621
1622.3000000000002,2.4038748741149902
1622.4,2.4145267009735107
1622.5,2.4076669216156006
1622.6000000000001,2.4021286964416504
1622.7,2.4120640754699707
1622.8000000000002,2.403679370880127
1622.9,2.3940021991729736
1623.0,2.4113519191741943
1623.1000000000001,2.4100887775421143
1623.2,2.4094505310058594
1623.3000000000002,2.400163173675537
1623.4,2.402634620666504
1623.5,2.396845817565918
1623.6000000000001,2.4099643230438232
1623.7,2.399404525756836
1623.8000000000002,2.4196343421936035
1623.9,2.421983242034912
1624.0,2.409299612045288
1624.1000000000001,2.3958353996276855
1624.2,2.3953561782836914
1624.3000000000002,2.395803213119507
1624.4,2.4102325439453125
1624.5,2.4111275672912598
1624.6000000000001,2.4153215885162354
1624.7,2.405923843383789
1624.8000000000002,2.409555673599243
1624.9,2.404637336730957
1625.0,2.401404619216919
1625.1000000000001,2.4019906520843506
1625.2,2.3940744400024414
1625.3000000000002,2.4006383419036865
1625.4,2.4051318168640137
1625.5,2.4085419178009033
1625.6000000000001,2.4098238945007324
1625.7,2.4084103107452393
1625.8000000000002,2.4029629230499268
1625.9,2.4047889709472656
1626.0,2.395059108734131
1626.1000000000001,2.4050590991973877
1626.2,2.3952066898345947
1626.3000000000002,2.4044623374938965
1626.4,2.4035849571228027
1626.5,2.4074831008911133
1626.6000000000001,2.41729474067688
1626.7,2.4046390056610107
1626.8000000000002,2.4022574424743652
1626.9,2.3964271545410156
1627.0,2.406681537628174
1627.1000000000001,2.3981919288635254
1627.2,2.4019155502319336
1627.3000000000002,2.407862663269043
1627.4,2.409506320953369
1627.5,2.407836675643921
1627.6000000000001,2.4004926681518555
1627.7,2.391819715499878
1627.8000000000002,2.4069390296936035
1627.9,2.4062514305114746
1628.0,2.4048938751220703
1628.1000000000001,2.4029529094696045
1628.2,2.407010078430176
1628.3000000000002,2.3950846195220947
1628.4,2.406264305114746
1628.5,2.39778470993042
1628.6000000000001,2.4044570922851562
1628.7,2.406032085418701
1628.8000000000002,2.399496555328369
1628.9,2.3997905254364014
1629.0,2.404053211212158
1629.1000000000001,2.400862455368042
1629.2,2.412163496017456
1629.3000000000002,2.4138174057006836
1629.4,2.4100215435028076
1629.5,2.405344009399414
1629.6000000000001,2.39339542388916
1629.7,2.403014659881592
1629.8000000000002,2.3918545246124268
1629.9,2.4011332988739014
1630.0,2.411864757537842
1630.1000000000001,2.3987514972686768
1630.2,2.4086458683013916
1630.3000000000002,2.4005329608917236
1630.4,2.4083964824676514
1630.5,2.4026365280151367
1630.6000000000001,2.4068238735198975
1630.7,2.409867286682129
1630.8000000000002,2.4041907787323
1630.9,2.39546275138855
1631.0,2.395531177520752
1631.1000000000001,2.3949286937713623
1631.2,2.393075704574585
1631.3000000000002,2.3889529705047607
1631.4,2.4020607471466064
1631.5,2.397346019744873
1631.6000000000001,2.3989815711975098
1631.7,2.3902173042297363
1631.8000000000002,2.394866943359375
1631.9,2.395531177520752
1632.0,2.3958652019500732
1632.1000000000001,2.3932886123657227
1632.2,2.4018895626068115
1632.3000000000002,2.401627779006958
1632.4,2.4066436290740967
1632.5,2.383235216140747
1632.6000000000001,2.3924171924591064
1632.7,2.4011337757110596
1632.8000000000002,2.4041666984558105
1632.9,2.394446849822998
1633.0,2.410186290740967
1633.1000000000001,2.4042272567749023
1633.2,2.4000678062438965
1633.3000000000002,2.4047493934631348
1633.4,2.4035427570343018
1633.5,2.399120330810547
1633.6000000000001,2.3947856426239014
1633.7,2.387498378753662
1633.8000000000002,2.404372215270996
1633.9,2.40476131439209
1634.0,2.3751847743988037
1634.1000000000001,2.3940391540527344
1634.2,2.40653920173645
1634.3000000000002,2.3968007564544678
1634.4,2.395033121109009
1634.5,2.396690607070923
1634.6000000000001,2.405982732772827
1634.7,2.3946704864501953
1634.8000000000002,2.3921127319335938
1634.9,2.397826671600342
1635.0,2.40446400642395
1635.1000000000001,2.389970541000366
1635.2,2.399739980697632
1635.3000000000002,2.3981826305389404
1635.4,2.4060091972351074
1635.5,2.3975722789764404
1635.6000000000001,2.385568618774414
1635.7,2.386186361312866
1635.8000000000002,2.391878128051758
1635.9,2.384866714477539
1636.0,2.4032089710235596
1636.1000000000001,2.3868110179901123
1636.2,2.395759344100952
1636.3000000000002,2.397789716720581
1636.4,2.3897297382354736
1636.5,2.3997867107391357
1636.6000000000001,2.40014910697937
1636.7,2.3832318782806396
1636.8000000000002,2.398719310760498
1636.9,2.391266107559204
1637.0,2.3808650970458984
1637.1000000000001,2.3926033973693848
1637.2,2.3875608444213867
1637.3000000000002,2.388760805130005
1637.4,2.381939172744751
1637.5,2.390486240386963
1637.6000000000001,2.391449451446533
1637.7,2.3795595169067383
1637.8000000000002,2.3818888664245605
1637.9,2.38366436958313
1638.0,2.384277582168579
1638.1000000000001,2.4004364013671875
1638.2,2.39253306388855
1638.3000000000002,2.3828787803649902
1638.4,2.401479721069336
1638.5,2.390164852142334
1638.6000000000001,2.39355206489563
1638.7,2.394078254699707
1638.8000000000002,2.3949708938598633
1638.9,2.398801326751709
1639.0,2.3981993198394775
1639.1000000000001,2.388200521469116
1639.2,2.395355224609375
1639.3000000000002,2.390087842941284
1639.4,2.3817989826202393
1639.5,2.391383409500122
1639.6000000000001,2.3752269744873047
1639.7,2.3857152462005615
1639.8000000000002,2.3888981342315674
1639.9,2.3848371505737305
1640.0,2.399941921234131
1640.1000000000001,2.386772394180298
1640.2,2.38503098487854
1640.3000000000002,2.388481378555298
1640.4,2.3742353916168213
1640.5,2.376405715942383
1640.6000000000001,2.3839995861053467
1640.7,2.389031171798706
1640.8000000000002,2.3904361724853516
1640.9,2.403751850128174
1641.0,2.3862032890319824
1641.1000000000001,2.392672061920166
1641.2,2.387389898300171
1641.3000000000002,2.3860504627227783
1641.4,2.3923892974853516
1641.5,2.3943874835968018
1641.6000000000001,2.389453887939453
1641.7,2.3800318241119385
1641.8000000000002,2.3880057334899902
1641.9,2.3932626247406006
1642.0,2.387070417404175
1642.1000000000001,2.3939902782440186
1642.2,2.392469644546509
1642.3000000000002,2.3749349117279053
1642.4,2.3834288120269775
1642.5,2.3935348987579346
1642.6000000000001,2.3846919536590576
1642.7,2.389324426651001
1642.8000000000002,2.3820204734802246
1642.9,2.387571334838867
1643.0,2.387481927871704
1643.1000000000001,2.381207227706909
1643.2,2.3834917545318604
1643.3000000000002,2.3930201530456543
1643.4,2.3975846767425537
1643.5,2.383859872817993
1643.6000000000001,2.3823797702789307
1643.7,2.3857085704803467
1643.8000000000002,2.3817906379699707
1643.9,2.390587091445923
1644.0,2.374185800552368
1644.1000000000001,2.3905649185180664
1644.2,2.369575023651123
1644.3000000000002,2.3679068088531494
1644.4,2.388813018798828
1644.5,2.398900270462036
1644.6000000000001,2.3867712020874023
1644.7,2.380021572113037
1644.8000000000002,2.376047134399414
1644.9,2.3813822269439697
1645.0,2.3799831867218018
1645.1000000000001,2.3934848308563232
1645.2,2.384528160095215
1645.3000000000002,2.3831470012664795
1645.4,2.377284049987793
1645.5,2.375265598297119
1645.6000000000001,2.380587100982666
1645.7,2.377760171890259
1645.8000000000002,2.390348196029663
1645.9,2.387314558029175
1646.0,2.371248483657837
1646.1000000000001,2.3795053958892822
1646.2,2.3791940212249756
1646.3000000000002,2.3853843212127686
1646.4,2.3802056312561035
1646.5,2.376147985458374
1646.6000000000001,2.3797502517700195
1646.7,2.380460500717163
1646.8000000000002,2.382575511932373
1646.9,2.3847715854644775
1647.0,2.3786070346832275
1647.1000000000001,2.380009889602661
1647.2,2.368537425994873
1647.3000000000002,2.379242181777954
1647.4,2.372791051864624
1647.5,2.3771235942840576
1647.6000000000001,2.3857247829437256
1647.7,2.371992588043213
1647.8000000000002,2.378338575363159
1647.9,2.3862597942352295
1648.0,2.3891632556915283
1648.1000000000001,2.381145715713501
1648.2,2.377274513244629
1648.3000000000002,2.3791561126708984
1648.4,2.3869922161102295
1648.5,2.3819940090179443
1648.6000000000001,2.383378505706787
1648.7,2.3907768726348877
1648.8000000000002,2.382035493850708
1648.9,2.3792238235473633
1649.0,2.3784353733062744
1649.1000000000001,2.3690993785858154
1649.2,2.374751091003418
1649.3000000000002,2.395048141479492
1649.4,2.3775558471679688
1649.5,2.378471851348877
1649.6000000000001,2.3706212043762207
1649.7,2.386939287185669
1649.8000000000002,2.393364667892456
1649.9,2.3784072399139404
1650.0,2.39078426361084
1650.1000000000001,2.373873472213745
1650.2,2.3875505924224854
1650.3000000000002,2.371035575866699
1650.4,2.3784589767456055
1650.5,2.3806257247924805
1650.6000000000001,2.3772060871124268
1650.7,2.3831820487976074
1650.8000000000002,2.3831892013549805
1650.9,2.3776557445526123
1651.0,2.3750431537628174
1651.1000000000001,2.3736655712127686
1651.2,2.3941287994384766
1651.3000000000002,2.374091625213623
1651.4,2.3851194381713867
1651.5,2.38214373588562
1651.6000000000001,2.388735294342041
1651.7,2.365901470184326
1651.8000000000002,2.3776471614837646
1651.9,2.37319016456604
1652.0,2.3612732887268066
1652.1000000000001,2.3630969524383545
1652.2,2.3628060817718506
1652.3000000000002,2.3739280700683594
1652.4,2.3845701217651367
1652.5,2.3846945762634277
1652.6000000000001,2.3760499954223633
1652.7,2.387758493423462
1652.8000000000002,2.3809821605682373
1652.9,2.37961483001709
1653.0,2.3768150806427
1653.1000000000001,2.3839287757873535
1653.2,2.3715741634368896
1653.3000000000002,2.3714938163757324
1653.4,2.3758034706115723
1653.5,2.372853994369507
1653.6000000000001,2.379279613494873
1653.7,2.364971399307251
1653.8000000000002,2.3719449043273926
1653.9,2.3680970668792725
1654.0,2.374865770339966
1654.1000000000001,2.3738324642181396
1654.2,2.3737311363220215
1654.3000000000002,2.3756632804870605
1654.4,2.37336802482605
1654.5,2.366701126098633
1654.6000000000001,2.3682401180267334
1654.7,2.364847421646118
1654.8000000000002,2.372675657272339
1654.9,2.373788595199585
1655.0,2.3713016510009766
1655.1000000000001,2.3725929260253906
1655.2,2.3788340091705322
1655.3000000000002,2.371582508087158
1655.4,2.382603406906128
1655.5,2.385134220123291
1655.6000000000001,2.3801231384277344
1655.7,2.3808603286743164
1655.8000000000002,2.3546886444091797
1655.9,2.3594019412994385
1656.0,2.3744826316833496
1656.1000000000001,2.375544309616089
1656.2,2.36567759513855
1656.3000000000002,2.375576972961426
1656.4,2.369434118270874
1656.5,2.366487979888916
1656.6000000000001,2.3664119243621826
1656.7,2.371840238571167
1656.8000000000002,2.37211537361145
1656.9,2.382725954055786
1657.0,2.371980667114258
1657.1000000000001,2.370941638946533
1657.2,2.3786211013793945
1657.3000000000002,2.3687145709991455
1657.4,2.363518714904785
1657.5,2.3664512634277344
1657.6000000000001,2.371602773666382
1657.7,2.3753035068511963
1657.8000000000002,2.351600408554077
1657.9,2.3847718238830566
1658.0,2.3755805492401123
1658.1000000000001,2.3747100830078125
1658.2,2.3755319118499756
1658.3000000000002,2.3802523612976074
1658.4,2.370375633239746
1658.5,2.3588485717773438
1658.6000000000001,2.377901077270508
1658.7,2.372185707092285
1658.8000000000002,2.3630526065826416
1658.9,2.3704912662506104
1659.0,2.374314546585083
1659.1000000000001,2.3584346771240234
1659.2,2.3718297481536865
1659.3000000000002,2.3711588382720947
1659.4,2.3601839542388916
1659.5,2.376664638519287
1659.6000000000001,2.372121572494507
1659.7,2.3662478923797607
1659.8000000000002,2.378948926925659
1659.9,2.358010768890381
1660.0,2.3732168674468994
1660.1000000000001,2.3680965900421143
1660.2,2.3711509704589844
1660.3000000000002,2.370499849319458
1660.4,2.3639886379241943
1660.5,2.3658041954040527
1660.6000000000001,2.3678643703460693
1660.7,2.3549821376800537
1660.8000000000002,2.3666012287139893
1660.9,2.362431526184082
1661.0,2.35849928855896
1661.1000000000001,2.3566994667053223
1661.2,2.3707120418548584
1661.3000000000002,2.361337423324585
1661.4,2.3625152111053467
1661.5,2.3543081283569336
1661.6000000000001,2.36151385307312
1661.7,2.371558904647827
1661.8000000000002,2.378810167312622
1661.9,2.351726531982422
1662.0,2.3703410625457764
1662.1000000000001,2.366492748260498
1662.2,2.3756961822509766
1662.3000000000002,2.360391139984131
1662.4,2.365779399871826
1662.5,2.3515026569366455
1662.6000000000001,2.353849172592163
1662.7,2.360929489135742
1662.8000000000002,2.351184129714966
1662.9,2.366988182067871
1663.0,2.370089054107666
1663.1000000000001,2.354341983795166
1663.2,2.3613998889923096
1663.3000000000002,2.3684582710266113
1663.4,2.3686485290527344
1663.5,2.3734130859375
1663.6000000000001,2.362750768661499
1663.7,2.3618695735931396
1663.8000000000002,2.367110013961792
1663.9,2.3535594940185547
1664.0,2.3639795780181885
1664.1000000000001,2.3571267127990723
1664.2,2.3643712997436523
1664.3000000000002,2.362919807434082
1664.4,2.3680317401885986
1664.5,2.369105100631714
1664.6000000000001,2.379843235015869
1664.7,2.351865768432617
1664.8000000000002,2.356750011444092
1664.9,2.358213424682617
1665.0,2.35772967338562
1665.1000000000001,2.3667185306549072
1665.2,2.370192527770996
1665.3000000000002,2.3595950603485107
1665.4,2.354895830154419
1665.5,2.364860773086548
1665.6000000000001,2.3679137229919434
1665.7,2.3598859310150146
1665.8000000000002,2.3618969917297363
1665.9,2.3500962257385254
1666.0,2.3596558570861816
1666.1000000000001,2.3599188327789307
1666.2,2.358091354370117
1666.3000000000002,2.359096050262451
1666.4,2.3555855751037598
1666.5,2.354729652404785
1666.6000000000001,2.359452247619629
1666.7,2.3391106128692627
1666.8000000000002,2.357174873352051
1666.9,2.3629395961761475
1667.0,2.3550174236297607
1667.1000000000001,2.367988109588623
1667.2,2.352011203765869
1667.3000000000002,2.3500421047210693
1667.4,2.3571341037750244
1667.5,2.3530781269073486
1667.6000000000001,2.351163148880005
1667.7,2.350675344467163
1667.8000000000002,2.3448829650878906
1667.9,2.358043909072876
1668.0,2.3576300144195557
1668.1000000000001,2.3558897972106934
1668.2,2.3509440422058105
1668.3000000000002,2.350161075592041
1668.4,2.3437387943267822
1668.5,2.3576948642730713
1668.6000000000001,2.357527732849121
1668.7,2.357644557952881
1668.8000000000002,2.3614959716796875
1668.9,2.3594672679901123
1669.0,2.350799322128296
1669.1000000000001,2.3523647785186768
1669.2,2.3608059883117676
1669.3000000000002,2.344949960708618
1669.4,2.363340377807617
1669.5,2.3410322666168213
1669.6000000000001,2.3553426265716553
1669.7,2.34942626953125
1669.8000000000002,2.356644630432129
1669.9,2.35554838180542
1670.0,2.354032278060913
1670.1000000000001,2.355278730392456
1670.2,2.349839448928833
1670.3000000000002,2.3517322540283203
1670.4,2.3488895893096924
1670.5,2.351236581802368
1670.6000000000001,2.3605895042419434
1670.7,2.352649688720703
1670.8000000000002,2.358700752258301
1670.9,2.348783016204834
1671.0,2.352451801300049
1671.1000000000001,2.346881866455078
1671.2,2.3466153144836426
1671.3000000000002,2.364264965057373
1671.4,2.348221778869629
1671.5,2.3535377979278564
1671.6000000000001,2.3533432483673096
1671.7,2.356625556945801
1671.8000000000002,2.3465657234191895
1671.9,2.351344585418701
1672.0,2.36118745803833
1672.1000000000001,2.345099449157715
1672.2,2.3491153717041016
1672.3000000000002,2.349656105041504
1672.4,2.3516006469726562
1672.5,2.337581157684326
1672.6000000000001,2.3582732677459717
1672.7,2.34946608543396
1672.8000000000002,2.359079122543335
1672.9,2.334561347961426
1673.0,2.3487331867218018
1673.1000000000001,2.3472399711608887
1673.2,2.35540771484375
1673.3000000000002,2.3566930294036865
1673.4,2.3555643558502197
1673.5,2.338212490081787
1673.6000000000001,2.3537240028381348
1673.7,2.3353168964385986
1673.8000000000002,2.352799654006958
1673.9,2.33984112739563
1674.0,2.348069429397583
1674.1000000000001,2.3501579761505127
1674.2,2.349153518676758
1674.3000000000002,2.346344470977783
1674.4,2.343358278274536
1674.5,2.3501908779144287
1674.6000000000001,2.351357936859131
1674.7,2.357116222381592
1674.8000000000002,2.336559772491455
1674.9,2.3465659618377686
1675.0,2.34136700630188
1675.1000000000001,2.3480641841888428
1675.2,2.3265275955200195
1675.3000000000002,2.338808059692383
1675.4,2.347759246826172
1675.5,2.352409601211548
1675.6000000000001,2.3352999687194824
1675.7,2.3457181453704834
1675.8000000000002,2.3376424312591553
1675.9,2.3499817848205566
1676.0,2.339297294616699
1676.1000000000001,2.3430957794189453
1676.2,2.3459858894348145
1676.3000000000002,2.3451075553894043
1676.4,2.330979347229004
1676.5,2.3415286540985107
1676.6000000000001,2.338923931121826
1676.7,2.341933488845825
1676.8000000000002,2.3389151096343994
1676.9,2.343529462814331
1677.0,2.348139524459839
1677.1000000000001,2.3335256576538086
1677.2,2.3450796604156494
1677.3000000000002,2.3412749767303467
1677.4,2.3355367183685303
1677.5,2.3374123573303223
1677.6000000000001,2.343343496322632
1677.7,2.346334934234619
1677.8000000000002,2.335637092590332
1677.9,2.3502776622772217
1678.0,2.3554587364196777
1678.1000000000001,2.346590280532837
1678.2,2.349099636077881
1678.3000000000002,2.3493361473083496
1678.4,2.3352677822113037
1678.5,2.3458704948425293
1678.6000000000001,2.35361385345459
1678.7,2.342569589614868
1678.8000000000002,2.3305327892303467
1678.9,2.3367691040039062
1679.0,2.3468821048736572
1679.1000000000001,2.3476059436798096
1679.2,2.339468479156494
1679.3000000000002,2.332819938659668
1679.4,2.344693183898926
1679.5,2.344914674758911
1679.6000000000001,2.3392608165740967
1679.7,2.347264289855957
1679.8000000000002,2.341773748397827
1679.9,2.3408100605010986
1680.0,2.340825080871582
1680.1000000000001,2.3329923152923584
1680.2,2.343964099884033
1680.3000000000002,2.3464627265930176
1680.4,2.342686891555786
1680.5,2.3411030769348145
1680.6000000000001,2.3332037925720215
1680.7,2.3396310806274414
1680.8000000000002,2.3302481174468994
1680.9,2.3334832191467285
1681.0,2.3419532775878906
1681.1000000000001,2.3355765342712402
1681.2,2.336031436920166
1681.3000000000002,2.3358945846557617
1681.4,2.3418667316436768
1681.5,2.337203025817871
1681.6000000000001,2.3448657989501953
1681.7,2.340557098388672
1681.8000000000002,2.335966110229492
1681.9,2.3402016162872314
1682.0,2.334028720855713
1682.1000000000001,2.3412396907806396
1682.2,2.3191564083099365
1682.3000000000002,2.336264133453369
1682.4,2.3254740238189697
1682.5,2.3332486152648926
1682.6000000000001,2.341409921646118
1682.7,2.3389949798583984
1682.8000000000002,2.326704263687134
1682.9,2.3329057693481445
1683.0,2.3380749225616455
1683.1000000000001,2.324352741241455
1683.2,2.3369386196136475
1683.3000000000002,2.337078332901001
1683.4,2.33526349067688
1683.5,2.3382575511932373
1683.6000000000001,2.3396661281585693
1683.7,2.325916051864624
1683.8000000000002,2.3449206352233887
1683.9,2.335880994796753
1684.0,2.339900016784668
1684.1000000000001,2.3360300064086914
1684.2,2.3404715061187744
1684.3000000000002,2.334774971008301
1684.4,2.3279244899749756
1684.5,2.3326072692871094
1684.6000000000001,2.343897581100464
1684.7,2.347134828567505
1684.8000000000002,2.324392557144165
1684.9,2.321431875228882
1685.0,2.3450710773468018
1685.1000000000001,2.3326199054718018
1685.2,2.33630108833313
1685.3000000000002,2.3319571018218994
1685.4,2.3266234397888184
1685.5,2.3402020931243896
1685.6000000000001,2.327707052230835
1685.7,2.3260250091552734
1685.8000000000002,2.3336069583892822
1685.9,2.3332176208496094
1686.0,2.3364717960357666
1686.1000000000001,2.3496172428131104
1686.2,2.330502510070801
1686.3000000000002,2.321401834487915
1686.4,2.3336503505706787
1686.5,2.3186800479888916
1686.6000000000001,2.336514949798584
1686.7,2.335696220397949
1686.8000000000002,2.3283755779266357
1686.9,2.3353917598724365
1687.0,2.3253695964813232
1687.1000000000001,2.3306591510772705
1687.2,2.3293514251708984
1687.3000000000002,2.3279318809509277
1687.4,2.3293631076812744
1687.5,2.3347370624542236
1687.6000000000001,2.329206705093384
1687.7,2.3294241428375244
1687.8000000000002,2.321098566055298
1687.9,2.3367371559143066
1688.0,2.329514980316162
1688.1000000000001,2.3259451389312744
1688.2,2.325942277908325
1688.3000000000002,2.3415744304656982
1688.4,2.327411413192749
1688.5,2.3258726596832275
1688.6000000000001,2.327448844909668
1688.7,2.3297159671783447
1688.8000000000002,2.3286330699920654
1688.9,2.3189640045166016
1689.0,2.3318331241607666
1689.1000000000001,2.3207244873046875
1689.2,2.31284236907959
1689.3000000000002,2.3303301334381104
1689.4,2.32246994972229
1689.5,2.3210337162017822
1689.6000000000001,2.324449062347412
1689.7,2.326216697692871
1689.8000000000002,2.3305184841156006
1689.9,2.326620578765869
1690.0,2.3244333267211914
1690.1000000000001,2.3233940601348877
1690.2,2.3162825107574463
1690.3000000000002,2.328080415725708
1690.4,2.3248343467712402
1690.5,2.3205149173736572
1690.6000000000001,2.3137762546539307
1690.7,2.331848621368408
1690.8000000000002,2.3093068599700928
1690.9,2.3255701065063477
1691.0,2.328951835632324
1691.1000000000001,2.326728343963623
1691.2,2.324119806289673
1691.3000000000002,2.3212668895721436
1691.4,2.335644483566284
1691.5,2.3199996948242188
1691.6000000000001,2.3235950469970703
1691.7,2.3170742988586426
1691.8000000000002,2.3295340538024902
1691.9,2.3154239654541016
1692.0,2.327791213989258
1692.1000000000001,2.32228946685791
1692.2,2.3139028549194336
1692.3000000000002,2.3198165893554688
1692.4,2.3283796310424805
1692.5,2.3272526264190674
1692.6000000000001,2.332634449005127
1692.7,2.308464288711548
1692.8000000000002,2.3227808475494385
1692.9,2.3236398696899414
1693.0,2.3105857372283936
1693.1000000000001,2.3198187351226807
1693.2,2.316509246826172
1693.3000000000002,2.3092598915100098
1693.4,2.3217368125915527
1693.5,2.3074817657470703
1693.6000000000001,2.318830966949463
1693.7,2.319679021835327
1693.8000000000002,2.323396682739258
1693.9,2.3235764503479004
1694.0,2.319711685180664
1694.1000000000001,2.313269853591919
1694.2,2.3301122188568115
1694.3000000000002,2.3292133808135986
1694.4,2.3237416744232178
1694.5,2.311781883239746
1694.6000000000001,2.321816921234131
1694.7,2.3167951107025146
1694.8000000000002,2.3317530155181885
1694.9,2.3247873783111572
1695.0,2.318586587905884
1695.1000000000001,2.2997708320617676
1695.2,2.3262062072753906
1695.3000000000002,2.3084542751312256
1695.4,2.3266396522521973
1695.5,2.3040099143981934
1695.6000000000001,2.3179211616516113
1695.7,2.3233249187469482
1695.8000000000002,2.318391799926758
1695.9,2.3251230716705322
1696.0,2.3100836277008057
1696.1000000000001,2.3097801208496094
1696.2,2.3132386207580566
1696.3000000000002,2.321589231491089
1696.4,2.314873456954956
1696.5,2.3256757259368896
1696.6000000000001,2.3165574073791504
1696.7,2.305387496948242
1696.8000000000002,2.3090577125549316
1696.9,2.3129069805145264
1697.0,2.318720579147339
1697.1000000000001,2.3053860664367676
1697.2,2.3214032649993896
1697.3000000000002,2.326845169067383
1697.4,2.3072595596313477
1697.5,2.31520676612854
1697.6000000000001,2.30180287361145
1697.7,2.313593864440918
1697.8000000000002,2.320584774017334
1697.9,2.313225030899048
1698.0,2.303960084915161
1698.1000000000001,2.3093771934509277
1698.2,2.3153443336486816
1698.3000000000002,2.309962034225464
1698.4,2.3173747062683105
1698.5,2.320558786392212
1698.6000000000001,2.3083832263946533
1698.7,2.30088472366333
1698.8000000000002,2.318514347076416
1698.9,2.3088905811309814
1699.0,2.3151047229766846
1699.1000000000001,2.3081014156341553
1699.2,2.3014843463897705
1699.3000000000002,2.3143112659454346
1699.4,2.3215508460998535
1699.5,2.3117547035217285
1699.6000000000001,2.301029682159424
1699.7,2.3054609298706055
1699.8000000000002,2.304959535598755
1699.9,2.30963134765625
1700.0,2.3026962280273438
1700.1000000000001,2.3135650157928467
1700.2,2.302027702331543
1700.3000000000002,2.309800148010254
1700.4,2.3031203746795654
1700.5,2.3114354610443115
1700.6000000000001,2.305939197540283
1700.7,2.3147132396698
1700.8000000000002,2.306084156036377
1700.9,2.316265344619751
1701.0,2.311850070953369
1701.1000000000001,2.317763328552246
1701.2,2.3195009231567383
1701.3000000000002,2.315223455429077
1701.4,2.3068549633026123
1701.5,2.303729772567749
1701.6000000000001,2.3143343925476074
1701.7,2.3038530349731445
1701.8000000000002,2.3017265796661377
1701.9,2.3129780292510986
1702.0,2.315788745880127
1702.1000000000001,2.3026416301727295
1702.2,2.306445598602295
1702.3000000000002,2.30545973777771
1702.4,2.308288097381592
1702.5,2.313847541809082
1702.6000000000001,2.313072443008423
1702.7,2.291133403778076
1702.8000000000002,2.296421527862549
1702.9,2.3031251430511475
1703.0,2.3115503787994385
1703.1000000000001,2.3088996410369873
1703.2,2.3041155338287354
1703.3000000000002,2.3054206371307373
1703.4,2.2987210750579834
1703.5,2.307097911834717
1703.6000000000001,2.3067259788513184
1703.7,2.3072335720062256
1703.8000000000002,2.290769100189209
1703.9,2.311448097229004
1704.0,2.3011560440063477
1704.1000000000001,2.305452823638916
1704.2,2.306671619415283
1704.3000000000002,2.2985239028930664
1704.4,2.307358980178833
1704.5,2.3068530559539795
1704.6000000000001,2.3060946464538574
1704.7,2.302277088165283
1704.8000000000002,2.3035356998443604
1704.9,2.307276487350464
1705.0,2.2957615852355957
1705.1000000000001,2.295926094055176
1705.2,2.2978687286376953
1705.3000000000002,2.2967493534088135
1705.4,2.2979013919830322
1705.5,2.2934916019439697
1705.6000000000001,2.3006746768951416
1705.7,2.2942912578582764
1705.8000000000002,2.296591281890869
1705.9,2.27567458152771
1706.0,2.3029348850250244
1706.1000000000001,2.286991834640503
1706.2,2.30599308013916
1706.3000000000002,2.3166580200195312
1706.4,2.3092169761657715
1706.5,2.300046920776367
1706.6000000000001,2.302980899810791
1706.7,2.290132999420166
1706.8000000000002,2.309818744659424
1706.9,2.3050220012664795
1707.0,2.304072856903076
1707.1000000000001,2.304084062576294
1707.2,2.3011367321014404
1707.3000000000002,2.2969627380371094
1707.4,2.293820858001709
1707.5,2.2959022521972656
1707.6000000000001,2.304342031478882
1707.7,2.30121111869812
1707.8000000000002,2.3003933429718018
1707.9,2.2946269512176514
1708.0,2.2974281311035156
1708.1000000000001,2.3029227256774902
1708.2,2.294940233230591
1708.3000000000002,2.306452751159668
1708.4,2.3062479496002197
1708.5,2.299070358276367
1708.6000000000001,2.295109987258911
1708.7,2.2871596813201904
1708.8000000000002,2.300386428833008
1708.9,2.2977144718170166
1709.0,2.2898077964782715
1709.1000000000001,2.2920937538146973
1709.2,2.2919018268585205
1709.3000000000002,2.275421619415283
1709.4,2.306781530380249
1709.5,2.291083812713623
1709.6000000000001,2.2981438636779785
1709.7,2.2999465465545654
1709.8000000000002,2.291017532348633
1709.9,2.2881240844726562
1710.0,2.288639545440674
1710.1000000000001,2.2997660636901855
1710.2,2.2735376358032227
1710.3000000000002,2.2815372943878174
1710.4,2.30387282371521
1710.5,2.287865400314331
1710.6000000000001,2.2978038787841797
1710.7,2.2941882610321045
1710.8000000000002,2.299795150756836
1710.9,2.2879786491394043
1711.0,2.2859039306640625
1711.1000000000001,2.293640375137329
1711.2,2.2917985916137695
1711.3000000000002,2.294318914413452
1711.4,2.2927401065826416
1711.5,2.300511598587036
1711.6000000000001,2.300034523010254
1711.7,2.287841796875
1711.8000000000002,2.2928411960601807
1711.9,2.2993369102478027
1712.0,2.290790319442749
1712.1000000000001,2.292611598968506
1712.2,2.301971197128296
1712.3000000000002,2.2911579608917236
1712.4,2.2832627296447754
1712.5,2.293640613555908
1712.6000000000001,2.288517475128174
1712.7,2.2878077030181885
1712.8000000000002,2.2809338569641113
1712.9,2.2890610694885254
1713.0,2.292600393295288
1713.1000000000001,2.2884559631347656
1713.2,2.2945737838745117
1713.3000000000002,2.2859981060028076
1713.4,2.2984743118286133
1713.5,2.289339065551758
1713.6000000000001,2.291443347930908
1713.7,2.2935197353363037
1713.8000000000002,2.2828140258789062
1713.9,2.295063018798828
1714.0,2.289649248123169
1714.1000000000001,2.2809078693389893
1714.2,2.290982723236084
1714.3000000000002,2.3057146072387695
1714.4,2.2973077297210693
1714.5,2.281920909881592
1714.6000000000001,2.2935826778411865
1714.7,2.2883195877075195
1714.8000000000002,2.2935590744018555
1714.9,2.2912673950195312
1715.0,2.295586347579956
1715.1000000000001,2.28303861618042
1715.2,2.295515298843384
1715.3000000000002,2.285137176513672
1715.4,2.2905802726745605
1715.5,2.284724712371826
1715.6000000000001,2.2692711353302
1715.7,2.287487268447876
1715.8000000000002,2.276352882385254
1715.9,2.2913315296173096
1716.0,2.283766269683838
1716.1000000000001,2.290297269821167
1716.2,2.281170606613159
1716.3000000000002,2.2822015285491943
1716.4,2.2761967182159424
1716.5,2.2937660217285156
1716.6000000000001,2.287787675857544
1716.7,2.28568959236145
1716.8000000000002,2.2893426418304443
1716.9,2.282008171081543
1717.0,2.277366876602173
1717.1000000000001,2.279766321182251
1717.2,2.28946852684021
1717.3000000000002,2.2712841033935547
1717.4,2.2795698642730713
1717.5,2.283717155456543
1717.6000000000001,2.282918930053711
1717.7,2.2839226722717285
1717.8000000000002,2.2694764137268066
1717.9,2.288803815841675
1718.0,2.276907444000244
1718.1000000000001,2.285646915435791
1718.2,2.2792272567749023
1718.3000000000002,2.2803452014923096
1718.4,2.2866244316101074
1718.5,2.275352716445923
1718.6000000000001,2.289123773574829
1718.7,2.287271022796631
1718.8000000000002,2.290479898452759
1718.9,2.283433437347412
1719.0,2.2879133224487305
1719.1000000000001,2.269408702850342
1719.2,2.2763097286224365
1719.3000000000002,2.2680745124816895
1719.4,2.2664499282836914
1719.5,2.2757112979888916
1719.6000000000001,2.261812210083008
1719.7,2.2762367725372314
1719.8000000000002,2.2899880409240723
1719.9,2.270725965499878
1720.0,2.277398109436035
1720.1000000000001,2.2751595973968506
1720.2,2.267270565032959
1720.3000000000002,2.2646210193634033
1720.4,2.2796578407287598
1720.5,2.2645113468170166
1720.6000000000001,2.2791402339935303
1720.7,2.2735981941223145
1720.8000000000002,2.2917044162750244
1720.9,2.2745578289031982
1721.0,2.2708733081817627
1721.1000000000001,2.2716774940490723
1721.2,2.27348256111145
1721.3000000000002,2.284964084625244
1721.4,2.2763853073120117
1721.5,2.2836995124816895
1721.6000000000001,2.283942461013794
1721.7,2.265075206756592
1721.8000000000002,2.2801883220672607
1721.9,2.261892080307007
1722.0,2.2647957801818848
1722.1000000000001,2.2910494804382324
1722.2,2.263561487197876
1722.3000000000002,2.2701306343078613
1722.4,2.2590630054473877
1722.5,2.275624990463257
1722.6000000000001,2.284283399581909
1722.7,2.2617897987365723
1722.8000000000002,2.2819669246673584
1722.9,2.277581214904785
1723.0,2.2678725719451904
1723.1000000000001,2.270167350769043
1723.2,2.2836875915527344
1723.3000000000002,2.2543158531188965
1723.4,2.281454563140869
1723.5,2.2843027114868164
1723.6000000000001,2.2775931358337402
1723.7,2.2553462982177734
1723.8000000000002,2.269024133682251
1723.9,2.273789644241333
1724.0,2.2708775997161865
1724.1000000000001,2.2567524909973145
1724.2,2.267862558364868
1724.3000000000002,2.2702271938323975
1724.4,2.2722439765930176
1724.5,2.2596700191497803
1724.6000000000001,2.282975673675537
1724.7,2.2652902603149414
1724.8000000000002,2.275940418243408
1724.9,2.2824878692626953
1725.0,2.2674129009246826
1725.1000000000001,2.2696352005004883
1725.2,2.27664852142334
1725.3000000000002,2.267611265182495
1725.4,2.274305582046509
1725.5,2.2826380729675293
1725.6000000000001,2.2601306438446045
1725.7,2.2675437927246094
1725.8000000000002,2.2714650630950928
1725.9,2.2629098892211914
1726.0,2.266836166381836
1726.1000000000001,2.2595901489257812
1726.2,2.267782211303711
1726.3000000000002,2.2711992263793945
1726.4,2.2737245559692383
1726.5,2.2459189891815186
1726.6000000000001,2.2681350708007812
1726.7,2.266263961791992
1726.8000000000002,2.2769289016723633
1726.9,2.26814341545105
1727.0,2.2718615531921387
1727.1000000000001,2.258120536804199
1727.2,2.2638940811157227
1727.3000000000002,2.2736740112304688
1727.4,2.2673752307891846
1727.5,2.254956007003784
1727.6000000000001,2.2742526531219482
1727.7,2.25793194770813
1727.8000000000002,2.2598133087158203
1727.9,2.2630372047424316
1728.0,2.268178701400757
1728.1000000000001,2.268113851547241
1728.2,2.265730857849121
1728.3000000000002,2.2628519535064697
1728.4,2.2660446166992188
1728.5,2.2509920597076416
1728.6000000000001,2.2496092319488525
1728.7,2.2710554599761963
1728.8000000000002,2.265167236328125
1728.9,2.2668371200561523
1729.0,2.265753746032715
1729.1000000000001,2.263352394104004
1729.2,2.2536776065826416
1729.3000000000002,2.263596534729004
1729.4,2.253472328186035
1729.5,2.263242721557617
1729.6000000000001,2.2590482234954834
1729.7,2.270148515701294
1729.8000000000002,2.2554922103881836
1729.9,2.263063907623291
1730.0,2.2642483711242676
1730.1000000000001,2.258288860321045
1730.2,2.257155179977417
1730.3000000000002,2.271801233291626
1730.4,2.2561991214752197
1730.5,2.2603261470794678
1730.6000000000001,2.2639641761779785
1730.7,2.2465274333953857
1730.8000000000002,2.2616288661956787
1730.9,2.2576045989990234
1731.0,2.2594590187072754
1731.1000000000001,2.273688793182373
1731.2,2.257040023803711
1731.3000000000002,2.2568161487579346
1731.4,2.2681329250335693
1731.5,2.2545957565307617
1731.6000000000001,2.234863758087158
1731.7,2.2655060291290283
1731.8000000000002,2.2594568729400635
1731.9,2.2572929859161377
1732.0,2.2567598819732666
1732.1000000000001,2.2521562576293945
1732.2,2.260535478591919
1732.3000000000002,2.265092134475708
1732.4,2.24090576171875
1732.5,2.2552075386047363
1732.6000000000001,2.2479825019836426
1732.7,2.2565646171569824
1732.8000000000002,2.2637898921966553
1732.9,2.2545948028564453
1733.0,2.2363219261169434
1733.1000000000001,2.248863458633423
1733.2,2.2580454349517822
1733.3000000000002,2.2572550773620605
1733.4,2.2584025859832764
1733.5,2.249084949493408
1733.6000000000001,2.2471628189086914
1733.7,2.258995771408081
1733.8000000000002,2.2588231563568115
1733.9,2.2582828998565674
1734.0,2.257610559463501
1734.1000000000001,2.256953477859497
1734.2,2.2545924186706543
1734.3000000000002,2.243144989013672
1734.4,2.255202054977417
1734.5,2.268130302429199
1734.6000000000001,2.256561756134033
1734.7,2.2570788860321045
1734.8000000000002,2.259153127670288
1734.9,2.245185136795044
1735.0,2.2612078189849854
1735.1000000000001,2.255401372909546
1735.2,2.2560312747955322
1735.3000000000002,2.2608087062835693
1735.4,2.25376033782959
1735.5,2.2663943767547607
1735.6000000000001,2.2599527835845947
1735.7,2.247480869293213
1735.8000000000002,2.2572109699249268
1735.9,2.248121500015259
1736.0,2.2427456378936768
1736.1000000000001,2.242985963821411
1736.2,2.2391326427459717
1736.3000000000002,2.251555919647217
1736.4,2.2501864433288574
1736.5,2.2396092414855957
1736.6000000000001,2.253734588623047
1736.7,2.2423412799835205
1736.8000000000002,2.24971342086792
1736.9,2.25081205368042
1737.0,2.2283565998077393
1737.1000000000001,2.2603330612182617
1737.2,2.25506854057312
1737.3000000000002,2.2480568885803223
1737.4,2.2402026653289795
1737.5,2.242401599884033
1737.6000000000001,2.2479472160339355
1737.7,2.259035110473633
1737.8000000000002,2.2258059978485107
1737.9,2.2360317707061768
1738.0,2.2411701679229736
1738.1000000000001,2.2452964782714844
1738.2,2.241359233856201
1738.3000000000002,2.2455193996429443
1738.4,2.252394676208496
1738.5,2.2486414909362793
1738.6000000000001,2.235325574874878
1738.7,2.2388715744018555
1738.8000000000002,2.246124744415283
1738.9,2.2379698753356934
1739.0,2.2336618900299072
1739.1000000000001,2.247483491897583
1739.2,2.2544400691986084
1739.3000000000002,2.2442238330841064
1739.4,2.239143133163452
1739.5,2.2417991161346436
1739.6000000000001,2.23193621635437
1739.7,2.2375762462615967
1739.8000000000002,2.2300357818603516
1739.9,2.2518362998962402
1740.0,2.2323007583618164
1740.1000000000001,2.2432620525360107
1740.2,2.2556440830230713
1740.3000000000002,2.2352488040924072
1740.4,2.252876043319702
1740.5,2.24066424369812
1740.6000000000001,2.258265733718872
1740.7,2.253232479095459
1740.8000000000002,2.240863084793091
1740.9,2.2370855808258057
1741.0,2.246009349822998
1741.1000000000001,2.24650239944458
1741.2,2.251161575317383
1741.3000000000002,2.2515766620635986
1741.4,2.245485544204712
1741.5,2.2367587089538574
1741.6000000000001,2.2478463649749756
1741.7,2.2307984828948975
1741.8000000000002,2.2401349544525146
1741.9,2.2223546504974365
1742.0,2.2413370609283447
1742.1000000000001,2.2424001693725586
1742.2,2.2273190021514893
1742.3000000000002,2.2340638637542725
1742.4,2.239811658859253
1742.5,2.229218006134033
1742.6000000000001,2.2428948879241943
1742.7,2.2373058795928955
1742.8000000000002,2.244077682495117
1742.9,2.2477478981018066
1743.0,2.2362730503082275
1743.1000000000001,2.2493629455566406
1743.2,2.2259788513183594
1743.3000000000002,2.230410099029541
1743.4,2.236771583557129
1743.5,2.2559986114501953
1743.6000000000001,2.242522716522217
1743.7,2.2448692321777344
1743.8000000000002,2.2167916297912598
1743.9,2.2368037700653076
1744.0,2.2362582683563232
1744.1000000000001,2.223512649536133
1744.2,2.2285311222076416
1744.3000000000002,2.230177640914917
1744.4,2.2323355674743652
1744.5,2.235347032546997
1744.6000000000001,2.228524684906006
1744.7,2.2239990234375
1744.8000000000002,2.2420461177825928
1744.9,2.2418792247772217
1745.0,2.2330689430236816
1745.1000000000001,2.2375688552856445
1745.2,2.2375600337982178
1745.3000000000002,2.2148571014404297
1745.4,2.2412774562835693
1745.5,2.2362356185913086
1745.6000000000001,2.2341222763061523
1745.7,2.216594934463501
1745.8000000000002,2.2393667697906494
1745.9,2.230506181716919
1746.0,2.2382733821868896
1746.1000000000001,2.2340850830078125
1746.2,2.2326807975769043
1746.3000000000002,2.2293715476989746
1746.4,2.2283270359039307
1746.5,2.2326934337615967
1746.6000000000001,2.2392172813415527
1746.7,2.236405372619629
1746.8000000000002,2.2340619564056396
1746.9,2.233081102371216
1747.0,2.2345712184906006
1747.1000000000001,2.2354793548583984
1747.2,2.2297985553741455
1747.3000000000002,2.2384095191955566
1747.4,2.230229139328003
1747.5,2.2316880226135254
1747.6000000000001,2.2333767414093018
1747.7,2.2316806316375732
1747.8000000000002,2.2313313484191895
1747.9,2.232616901397705
1748.0,2.216604709625244
1748.1000000000001,2.2305140495300293
1748.2,2.225029230117798
1748.3000000000002,2.231680393218994
1748.4,2.2256994247436523
1748.5,2.2249033451080322
1748.6000000000001,2.2270960807800293
1748.7,2.2234604358673096
1748.8000000000002,2.2243845462799072
1748.9,2.240535020828247
1749.0,2.224820613861084
1749.1000000000001,2.2214064598083496
1749.2,2.235342025756836
1749.3000000000002,2.227433681488037
1749.4,2.2222537994384766
1749.5,2.2277987003326416
1749.6000000000001,2.222644329071045
1749.7,2.2309610843658447
1749.8000000000002,2.2303950786590576
1749.9,2.241302490234375
1750.0,2.2106916904449463
1750.1000000000001,2.2277753353118896
1750.2,2.225605010986328
1750.3000000000002,2.218250274658203
1750.4,2.226321220397949
1750.5,2.223855972290039
1750.6000000000001,2.216501235961914
1750.7,2.2217750549316406
1750.8000000000002,2.233286142349243
1750.9,2.2242307662963867
1751.0,2.229135274887085
1751.1000000000001,2.2109975814819336
1751.2,2.232668399810791
1751.3000000000002,2.2346034049987793
1751.4,2.2154273986816406
1751.5,2.221616506576538
1751.6000000000001,2.223390817642212
1751.7,2.2119598388671875
1751.8000000000002,2.223536491394043
1751.9,2.232379674911499
1752.0,2.2184627056121826
1752.1000000000001,2.2223012447357178
1752.2,2.222904682159424
1752.3000000000002,2.2254581451416016
1752.4,2.225365161895752
1752.5,2.2154130935668945
1752.6000000000001,2.228985071182251
1752.7,2.2195725440979004
1752.8000000000002,2.2258856296539307
1752.9,2.2176010608673096
1753.0,2.2056753635406494
1753.1000000000001,2.2267746925354004
1753.2,2.2079684734344482
1753.3000000000002,2.2222447395324707
1753.4,2.2201318740844727
1753.5,2.2211382389068604
1753.6000000000001,2.2231407165527344
1753.7,2.2149343490600586
1753.8000000000002,2.213348150253296
1753.9,2.210937976837158
1754.0,2.2101094722747803
1754.1000000000001,2.2378697395324707
1754.2,2.235262155532837
1754.3000000000002,2.2231807708740234
1754.4,2.212400197982788
1754.5,2.2301478385925293
1754.6000000000001,2.211125612258911
1754.7,2.220372438430786
1754.8000000000002,2.2164900302886963
1754.9,2.2296195030212402
1755.0,2.220889091491699
1755.1000000000001,2.224090099334717
1755.2,2.2214999198913574
1755.3000000000002,2.2173333168029785
1755.4,2.2169713973999023
1755.5,2.227931022644043
1755.6000000000001,2.218517303466797
1755.7,2.2255592346191406
1755.8000000000002,2.2169711589813232
1755.9,2.2162623405456543
1756.0,2.215406656265259
1756.1000000000001,2.20446515083313
1756.2,2.2204766273498535
1756.3000000000002,2.223234176635742
1756.4,2.2184412479400635
1756.5,2.212799549102783
1756.6000000000001,2.2102134227752686
1756.7,2.2199819087982178
1756.8000000000002,2.2115318775177
1756.9,2.2231924533843994
1757.0,2.2089850902557373
1757.1000000000001,2.2292122840881348
1757.2,2.2077083587646484
1757.3000000000002,2.21699595451355
1757.4,2.210625171661377
1757.5,2.21524977684021
1757.6000000000001,2.200756311416626
1757.7,2.213679552078247
1757.8000000000002,2.219407796859741
1757.9,2.204047679901123
1758.0,2.2171828746795654
1758.1000000000001,2.2197179794311523
1758.2,2.2171597480773926
1758.3000000000002,2.2172293663024902
1758.4,2.2063028812408447
1758.5,2.2053909301757812
1758.6000000000001,2.213679313659668
1758.7,2.210768222808838
1758.8000000000002,2.2048439979553223
1758.9,2.210875988006592
1759.0,2.215893030166626
1759.1000000000001,2.2115232944488525
1759.2,2.204990863800049
1759.3000000000002,2.215712070465088
1759.4,2.2130889892578125
1759.5,2.2058475017547607
1759.6000000000001,2.226642608642578
1759.7,2.2138898372650146
1759.8000000000002,2.2179558277130127
1759.9,2.2225828170776367
1760.0,2.2109856605529785
1760.1000000000001,2.214585542678833
1760.2,2.209085464477539
1760.3000000000002,2.205425500869751
1760.4,2.2079293727874756
1760.5,2.2112820148468018
1760.6000000000001,2.2137229442596436
1760.7,2.197439432144165
1760.8000000000002,2.1832175254821777
1760.9,2.2039663791656494
1761.0,2.192589521408081
1761.1000000000001,2.19621205329895
1761.2,2.204923391342163
1761.3000000000002,2.1959071159362793
1761.4,2.219153881072998
1761.5,2.190666437149048
1761.6000000000001,2.2026100158691406
1761.7,2.2102503776550293
1761.8000000000002,2.201284646987915
1761.9,2.213125228881836
1762.0,2.214089870452881
1762.1000000000001,2.2121176719665527
1762.2,2.200770854949951
1762.3000000000002,2.2025158405303955
1762.4,2.208465099334717
1762.5,2.2022132873535156
1762.6000000000001,2.2011847496032715
1762.7,2.206151247024536
1762.8000000000002,2.2058095932006836
1762.9,2.196174383163452
1763.0,2.197988271713257
1763.1000000000001,2.2054221630096436
1763.2,2.2062366008758545
1763.3000000000002,2.2113049030303955
1763.4,2.2111363410949707
1763.5,2.1967644691467285
1763.6000000000001,2.193498373031616
1763.7,2.197164535522461
1763.8000000000002,2.1989848613739014
1763.9,2.2091727256774902
1764.0,2.204990863800049
1764.1000000000001,2.2081682682037354
1764.2,2.1970622539520264
1764.3000000000002,2.1914150714874268
1764.4,2.2077016830444336
1764.5,2.1971323490142822
1764.6000000000001,2.202937602996826
1764.7,2.182873010635376
1764.8000000000002,2.1977193355560303
1764.9,2.191282272338867
1765.0,2.1893463134765625
1765.1000000000001,2.197084665298462
1765.2,2.195708990097046
1765.3000000000002,2.206735610961914
1765.4,2.2009053230285645
1765.5,2.196061849594116
1765.6000000000001,2.194737672805786
1765.7,2.2168164253234863
1765.8000000000002,2.202578544616699
1765.9,2.1973702907562256
1766.0,2.197190046310425
1766.1000000000001,2.1982762813568115
1766.2,2.205653429031372
1766.3000000000002,2.1868388652801514
1766.4,2.1948935985565186
1766.5,2.183946132659912
1766.6000000000001,2.201260566711426
1766.7,2.205007314682007
1766.8000000000002,2.1984686851501465
1766.9,2.182966709136963
1767.0,2.1848666667938232
1767.1000000000001,2.197756290435791
1767.2,2.193995237350464
1767.3000000000002,2.1989123821258545
1767.4,2.1982576847076416
1767.5,2.1975057125091553
1767.6000000000001,2.192028284072876
1767.7,2.1994147300720215
1767.8000000000002,2.1930627822875977
1767.9,2.188016891479492
1768.0,2.1901121139526367
1768.1000000000001,2.2044003009796143
1768.2,2.1916627883911133
1768.3000000000002,2.193437099456787
1768.4,2.1961092948913574
1768.5,2.205317735671997
1768.6000000000001,2.1933062076568604
1768.7,2.195502996444702
1768.8000000000002,2.1841232776641846
1768.9,2.1893227100372314
1769.0,2.188976287841797
1769.1000000000001,2.187746047973633
1769.2,2.1967287063598633
1769.3000000000002,2.19545316696167
1769.4,2.2070975303649902
1769.5,2.1952810287475586
1769.6000000000001,2.197831392288208
1769.7,2.170171022415161
1769.8000000000002,2.1855368614196777
1769.9,2.1987974643707275
1770.0,2.1872007846832275
1770.1000000000001,2.193911075592041
1770.2,2.1883766651153564
1770.3000000000002,2.1854872703552246
1770.4,2.1761512756347656
1770.5,2.188833236694336
1770.6000000000001,2.1805641651153564
1770.7,2.1952662467956543
1770.8000000000002,2.1896920204162598
1770.9,2.19480037689209
1771.0,2.18770432472229
1771.1000000000001,2.1826367378234863
1771.2,2.1969776153564453
1771.3000000000002,2.1765363216400146
1771.4,2.1738691329956055
1771.5,2.186016082763672
1771.6000000000001,2.177295207977295
1771.7,2.190624475479126
1771.8000000000002,2.182063341140747
1771.9,2.195798397064209
1772.0,2.1801722049713135
1772.1000000000001,2.1861541271209717
1772.2,2.17669677734375
1772.3000000000002,2.2015652656555176
1772.4,2.1869754791259766
1772.5,2.168426990509033
1772.6000000000001,2.1782498359680176
1772.7,2.183333396911621
1772.8000000000002,2.183412551879883
1772.9,2.1822855472564697
1773.0,2.1932289600372314
1773.1000000000001,2.179500102996826
1773.2,2.1698360443115234
1773.3000000000002,2.178854465484619
1773.4,2.1789371967315674
1773.5,2.181748390197754
1773.6000000000001,2.181577444076538
1773.7,2.1853561401367188
1773.8000000000002,2.177304744720459
1773.9,2.187121868133545
1774.0,2.1888041496276855
1774.1000000000001,2.1856465339660645
1774.2,2.1765222549438477
1774.3000000000002,2.1866471767425537
1774.4,2.162886142730713
1774.5,2.1814115047454834
1774.6000000000001,2.1885910034179688
1774.7,2.183966636657715
1774.8000000000002,2.1745173931121826
1774.9,2.1857094764709473
1775.0,2.1839802265167236
1775.1000000000001,2.1699411869049072
1775.2,2.1853134632110596
1775.3000000000002,2.182528495788574
1775.4,2.176811933517456
1775.5,2.1869845390319824
1775.6000000000001,2.193718910217285
1775.7,2.181830644607544
1775.8000000000002,2.188688039779663
1775.9,2.169779062271118
1776.0,2.1797749996185303
1776.1000000000001,2.1809399127960205
1776.2,2.1784329414367676
1776.3000000000002,2.1818621158599854
1776.4,2.1897826194763184
1776.5,2.1738691329956055
1776.6000000000001,2.170660972595215
1776.7,2.1829843521118164
1776.8000000000002,2.1689891815185547
1776.9,2.1819112300872803
1777.0,2.15606689453125
1777.1000000000001,2.1770763397216797
1777.2,2.1815340518951416
1777.3000000000002,2.1712441444396973
1777.4,2.1794772148132324
1777.5,2.178427219390869
1777.6000000000001,2.180583953857422
1777.7,2.171708345413208
1777.8000000000002,2.179157018661499
1777.9,2.164482593536377
1778.0,2.177164077758789
1778.1000000000001,2.1715965270996094
1778.2,2.1757750511169434
1778.3000000000002,2.1746671199798584
1778.4,2.181978940963745
1778.5,2.1747360229492188
1778.6000000000001,2.181001901626587
1778.7,2.1795742511749268
1778.8000000000002,2.1644864082336426
1778.9,2.1753900051116943
1779.0,2.1799116134643555
1779.1000000000001,2.1770551204681396
1779.2,2.1736819744110107
1779.3000000000002,2.1677584648132324
1779.4,2.1815097332000732
1779.5,2.1869561672210693
1779.6000000000001,2.171661376953125
1779.7,2.182506799697876
1779.8000000000002,2.173039674758911
1779.9,2.1692886352539062
1780.0,2.168400287628174
1780.1000000000001,2.1726808547973633
1780.2,2.1710915565490723
1780.3000000000002,2.180265188217163
1780.4,2.166747570037842
1780.5,2.174030065536499
1780.6000000000001,2.167482852935791
1780.7,2.1807496547698975
1780.8000000000002,2.1758902072906494
1780.9,2.167509078979492
1781.0,2.16807222366333
1781.1000000000001,2.1769468784332275
1781.2,2.165709972381592
1781.3000000000002,2.175489902496338
1781.4,2.1723644733428955
1781.5,2.17788028717041
1781.6000000000001,2.179227828979492
1781.7,2.171078681945801
1781.8000000000002,2.1646766662597656
1781.9,2.173867702484131
1782.0,2.1761202812194824
1782.1000000000001,2.1675992012023926
1782.2,2.1772899627685547
1782.3000000000002,2.1630122661590576
1782.4,2.1700336933135986
1782.5,2.171091318130493
1782.6000000000001,2.1622166633605957
1782.7,2.155458927154541
1782.8000000000002,2.156297206878662
1782.9,2.1705119609832764
1783.0,2.169468879699707
1783.1000000000001,2.156665802001953
1783.2,2.1786646842956543
1783.3000000000002,2.1716628074645996
1783.4,2.1490824222564697
1783.5,2.1634902954101562
1783.6000000000001,2.1731925010681152
1783.7,2.155576705932617
1783.8000000000002,2.164527177810669
1783.9,2.1457483768463135
1784.0,2.157243251800537
1784.1000000000001,2.166836977005005
1784.2,2.165238857269287
1784.3000000000002,2.168396472930908
1784.4,2.1528985500335693
1784.5,2.1684699058532715
1784.6000000000001,2.157280206680298
1784.7,2.1590051651000977
1784.8000000000002,2.162879705429077
1784.9,2.1724910736083984
1785.0,2.1697094440460205
1785.1000000000001,2.1519646644592285
1785.2,2.1568915843963623
1785.3000000000002,2.1648354530334473
1785.4,2.148430585861206
1785.5,2.165698289871216
1785.6000000000001,2.1656205654144287
1785.7,2.1762022972106934
1785.8000000000002,2.152930974960327
1785.9,2.1535801887512207
1786.0,2.161221981048584
1786.1000000000001,2.1649370193481445
1786.2,2.164714813232422
1786.3000000000002,2.1572680473327637
1786.4,2.165818691253662
1786.5,2.1656877994537354
1786.6000000000001,2.1694934368133545
1786.7,2.1483116149902344
1786.8000000000002,2.1574220657348633
1786.9,2.1552863121032715
1787.0,2.1576461791992188
1787.1000000000001,2.1599793434143066
1787.2,2.1646664142608643
1787.3000000000002,2.1514878273010254
1787.4,2.155427932739258
1787.5,2.166354179382324
1787.6000000000001,2.1555416584014893
1787.7,2.168443202972412
1787.8000000000002,2.1714868545532227
1787.9,2.1584739685058594
1788.0,2.160656690597534
1788.1000000000001,2.146005868911743
1788.2,2.15030574798584
1788.3000000000002,2.157665967941284
1788.4,2.1372668743133545
1788.5,2.157989978790283
1788.6000000000001,2.1554360389709473
1788.7,2.1474339962005615
1788.8000000000002,2.161372661590576
1788.9,2.1485676765441895
1789.0,2.167607069015503
1789.1000000000001,2.161097288131714
1789.2,2.1505165100097656
1789.3000000000002,2.1529955863952637
1789.4,2.1480295658111572
1789.5,2.140812635421753
1789.6000000000001,2.1520490646362305
1789.7,2.1700336933135986
1789.8000000000002,2.1497297286987305
1789.9,2.1679084300994873
1790.0,2.1524360179901123
1790.1000000000001,2.143268585205078
1790.2,2.16188383102417
1790.3000000000002,2.1457386016845703
1790.4,2.1580862998962402
1790.5,2.1539859771728516
1790.6000000000001,2.158812999725342
1790.7,2.153913974761963
1790.8000000000002,2.138732433319092
1790.9,2.1541390419006348
1791.0,2.162388563156128
1791.1000000000001,2.1572935581207275
1791.2,2.1524643898010254
1791.3000000000002,2.15409517288208
1791.4,2.146136522293091
1791.5,2.141728401184082
1791.6000000000001,2.1391196250915527
1791.7,2.1480066776275635
1791.8000000000002,2.153963565826416
1791.9,2.160507917404175
1792.0,2.156419515609741
1792.1000000000001,2.15974760055542
1792.2,2.14715576171875
1792.3000000000002,2.134942054748535
1792.4,2.143695116043091
1792.5,2.160770893096924
1792.6000000000001,2.142603874206543
1792.7,2.1492772102355957
1792.8000000000002,2.1505329608917236
1792.9,2.1360971927642822
1793.0,2.1474905014038086
1793.1000000000001,2.1468210220336914
1793.2,2.1468777656555176
1793.3000000000002,2.160517454147339
1793.4,2.1293892860412598
1793.5,2.1408729553222656
1793.6000000000001,2.1589152812957764
1793.7,2.1479005813598633
1793.8000000000002,2.149731159210205
1793.9,2.1422603130340576
1794.0,2.1538033485412598
1794.1000000000001,2.15238094329834
1794.2,2.1466476917266846
1794.3000000000002,2.151581287384033
1794.4,2.1375985145568848
1794.5,2.1345019340515137
1794.6000000000001,2.154508590698242
1794.7,2.145183801651001
1794.8000000000002,2.1417996883392334
1794.9,2.1513500213623047
1795.0,2.143411636352539
1795.1000000000001,2.1458029747009277
1795.2,2.156846046447754
1795.3000000000002,2.1279401779174805
1795.4,2.130582809448242
1795.5,2.1480712890625
1795.6000000000001,2.145089626312256
1795.7,2.137902021408081
1795.8000000000002,2.1452677249908447
1795.9,2.1427595615386963
1796.0,2.1439168453216553
1796.1000000000001,2.1476428508758545
1796.2,2.152151346206665
1796.3000000000002,2.1443328857421875
1796.4,2.1455037593841553
1796.5,2.1568076610565186
1796.6000000000001,2.1430933475494385
1796.7,2.140784978866577
1796.8000000000002,2.1429708003997803
1796.9,2.1366255283355713
1797.0,2.1426050662994385
1797.1000000000001,2.14216947555542
1797.2,2.143540859222412
1797.3000000000002,2.1466257572174072
1797.4,2.137282609939575
1797.5,2.1451733112335205
1797.6000000000001,2.1538124084472656
1797.7,2.135406970977783
1797.8000000000002,2.142927408218384
1797.9,2.145110607147217
1798.0,2.119696855545044
1798.1000000000001,2.1460695266723633
1798.2,2.136723756790161
1798.3000000000002,2.1245079040527344
1798.4,2.151885509490967
1798.5,2.1437649726867676
1798.6000000000001,2.146022319793701
1798.7,2.136735439300537
1798.8000000000002,2.1349987983703613
1798.9,2.1446988582611084
1799.0,2.1442811489105225
1799.1000000000001,2.1463992595672607
1799.2,2.1307525634765625
1799.3000000000002,2.133456230163574
1799.4,2.1405234336853027
1799.5,2.138838529586792
1799.6000000000001,2.141158103942871
1799.7,2.151026487350464
1799.8000000000002,2.1352150440216064
1799.9,2.1265203952789307
1800.0,2.134981870651245
1800.1000000000001,2.1485347747802734
1800.2,2.132601737976074
1800.3000000000002,2.131044864654541
1800.4,2.1396093368530273
1800.5,2.1237223148345947
1800.6000000000001,2.1518781185150146
1800.7,2.1396961212158203
1800.8000000000002,2.1298253536224365
1800.9,2.137993097305298
1801.0,2.1406137943267822
1801.1000000000001,2.1260478496551514
1801.2,2.140080213546753
1801.3000000000002,2.1450374126434326
1801.4,2.134284734725952
1801.5,2.11702561378479
1801.6000000000001,2.137068033218384
1801.7,2.1427836418151855
1801.8000000000002,2.144925117492676
1801.9,2.1376729011535645
1802.0,2.1304728984832764
1802.1000000000001,2.1304025650024414
1802.2,2.137451171875
1802.3000000000002,2.145153045654297
1802.4,2.1222167015075684
1802.5,2.132966995239258
1802.6000000000001,2.1371710300445557
1802.7,2.129659652709961
1802.8000000000002,2.1405608654022217
1802.9,2.1211605072021484
1803.0,2.1276984214782715
1803.1000000000001,2.1254801750183105
1803.2,2.1260979175567627
1803.3000000000002,2.1281003952026367
1803.4,2.1415700912475586
1803.5,2.1195788383483887
1803.6000000000001,2.1323459148406982
1803.7,2.134551525115967
1803.8000000000002,2.136291027069092
1803.9,2.122607707977295
1804.0,2.1320619583129883
1804.1000000000001,2.129063606262207
1804.2,2.1418187618255615
1804.3000000000002,2.125642776489258
1804.4,2.127955198287964
1804.5,2.12911057472229
1804.6000000000001,2.127720832824707
1804.7,2.1167216300964355
1804.8000000000002,2.1237149238586426
1804.9,2.1212048530578613
1805.0,2.133756399154663
1805.1000000000001,2.119391918182373
1805.2,2.1243319511413574
1805.3000000000002,2.136733293533325
1805.4,2.137084722518921
1805.5,2.1246097087860107
1805.6000000000001,2.1244709491729736
1805.7,2.1225297451019287
1805.8000000000002,2.1301369667053223
1805.9,2.1243841648101807
1806.0,2.121321678161621
1806.1000000000001,2.133287191390991
1806.2,2.1304574012756348
1806.3000000000002,2.1253626346588135
1806.4,2.121931791305542
1806.5,2.125866651535034
1806.6000000000001,2.1219372749328613
1806.7,2.1242775917053223
1806.8000000000002,2.1317050457000732
1806.9,2.127899646759033
1807.0,2.1266422271728516
1807.1000000000001,2.1284573078155518
1807.2,2.12566876411438
1807.3000000000002,2.126180410385132
1807.4,2.121676445007324
1807.5,2.1217949390411377
1807.6000000000001,2.130060911178589
1807.7,2.12009334564209
1807.8000000000002,2.1286118030548096
1807.9,2.125143051147461
1808.0,2.110666513442993
1808.1000000000001,2.1233506202697754
1808.2,2.1269266605377197
1808.3000000000002,2.109748125076294
1808.4,2.1233506202697754
1808.5,2.12782883644104
1808.6000000000001,2.127891778945923
1808.7,2.1176681518554688
1808.8000000000002,2.113948345184326
1808.9,2.1154935359954834
1809.0,2.119101047515869
1809.1000000000001,2.1199727058410645
1809.2,2.1226608753204346
1809.3000000000002,2.12386155128479
1809.4,2.1143980026245117
1809.5,2.1193790435791016
1809.6000000000001,2.1149611473083496
1809.7,2.112942934036255
1809.8000000000002,2.1166043281555176
1809.9,2.12431001663208
1810.0,2.102541446685791
1810.1000000000001,2.1200239658355713
1810.2,2.1249136924743652
1810.3000000000002,2.124690532684326
1810.4,2.1262385845184326
1810.5,2.122846841812134
1810.6000000000001,2.120692014694214
1810.7,2.1165568828582764
1810.8000000000002,2.1250576972961426
1810.9,2.1227691173553467
1811.0,2.1221632957458496
1811.1000000000001,2.127542018890381
1811.2,2.1184823513031006
1811.3000000000002,2.1118240356445312
1811.4,2.1129202842712402
1811.5,2.1215336322784424
1811.6000000000001,2.1196868419647217
1811.7,2.1209800243377686
1811.8000000000002,2.1134088039398193
1811.9,2.115267515182495
1812.0,2.101609706878662
1812.1000000000001,2.115631103515625
1812.2,2.1233439445495605
1812.3000000000002,2.114555597305298
1812.4,2.122312545776367
1812.5,2.1092844009399414
1812.6000000000001,2.1056644916534424
1812.7,2.1153926849365234
1812.8000000000002,2.1107113361358643
1812.9,2.116061210632324
1813.0,2.125673532485962
1813.1000000000001,2.1028590202331543
1813.2,2.108966588973999
1813.3000000000002,2.102203607559204
1813.4,2.1150271892547607
1813.5,2.117852210998535
1813.6000000000001,2.1134142875671387
1813.7,2.117091178894043
1813.8000000000002,2.102628231048584
1813.9,2.104989528656006
1814.0,2.1053409576416016
1814.1000000000001,2.113903284072876
1814.2,2.1157784461975098
1814.3000000000002,2.104750156402588
1814.4,2.1078670024871826
1814.5,2.111220121383667
1814.6000000000001,2.10990571975708
1814.7,2.0957884788513184
1814.8000000000002,2.1104753017425537
1814.9,2.1123616695404053
1815.0,2.115840196609497
1815.1000000000001,2.1159143447875977
1815.2,2.1122212409973145
1815.3000000000002,2.1138463020324707
1815.4,2.116157054901123
1815.5,2.1068947315216064
1815.6000000000001,2.114759683609009
1815.7,2.1114389896392822
1815.8000000000002,2.1206068992614746
1815.9,2.118124485015869
1816.0,2.110059976577759
1816.1000000000001,2.118579626083374
1816.2,2.105773687362671
1816.3000000000002,2.109048843383789
1816.4,2.1115076541900635
1816.5,2.113607883453369
1816.6000000000001,2.1051106452941895
1816.7,2.0894973278045654
1816.8000000000002,2.1117517948150635
1816.9,2.123624563217163
1817.0,2.1125943660736084
1817.1000000000001,2.1218085289001465
1817.2,2.1073191165924072
1817.3000000000002,2.108907699584961
1817.4,2.104602575302124
1817.5,2.111767530441284
1817.6000000000001,2.0780160427093506
1817.7,2.114720106124878
1817.8000000000002,2.1082496643066406
1817.9,2.108959674835205
1818.0,2.1103861331939697
1818.1000000000001,2.1036791801452637
1818.2,2.109804391860962
1818.3000000000002,2.0993142127990723
1818.4,2.111609697341919
1818.5,2.1084439754486084
1818.6000000000001,2.1136281490325928
1818.7,2.1046154499053955
1818.8000000000002,2.0996127128601074
1818.9,2.1088502407073975
1819.0,2.1129941940307617
1819.1000000000001,2.108438014984131
1819.2,2.09592342376709
1819.3000000000002,2.1044859886169434
1819.4,2.1010799407958984
1819.5,2.102867603302002
1819.6000000000001,2.1056535243988037
1819.7,2.1146090030670166
1819.8000000000002,2.1050641536712646
1819.9,2.1074914932250977
1820.0,2.0984878540039062
1820.1000000000001,2.09616756439209
1820.2,2.0961170196533203
1820.3000000000002,2.102048397064209
1820.4,2.1039655208587646
1820.5,2.090757369995117
1820.6000000000001,2.1098883152008057
1820.7,2.1107606887817383
1820.8000000000002,2.1056506633758545
1820.9,2.1022040843963623
1821.0,2.1001410484313965
1821.1000000000001,2.0978453159332275
1821.2,2.099778890609741
1821.3000000000002,2.099475622177124
1821.4,2.094456434249878
1821.5,2.1064321994781494
1821.6000000000001,2.1075656414031982
1821.7,2.0945136547088623
1821.8000000000002,2.095294237136841
1821.9,2.1033427715301514
1822.0,2.104675054550171
1822.1000000000001,2.0997018814086914
1822.2,2.111409902572632
1822.3000000000002,2.114436626434326
1822.4,2.1001038551330566
1822.5,2.0995142459869385
1822.6000000000001,2.1048331260681152
1822.7,2.0991642475128174
1822.8000000000002,2.1008145809173584
1822.9,2.0999581813812256
1823.0,2.0848217010498047
1823.1000000000001,2.094341516494751
1823.2,2.0967535972595215
1823.3000000000002,2.105903387069702
1823.4,2.088320016860962
1823.5,2.0962159633636475
1823.6000000000001,2.0994584560394287
1823.7,2.0822675228118896
1823.8000000000002,2.090070962905884
1823.9,2.100654363632202
1824.0,2.0928852558135986
1824.1000000000001,2.073854446411133
1824.2,2.0924341678619385
1824.3000000000002,2.0891618728637695
1824.4,2.1005942821502686
1824.5,2.0916500091552734
1824.6000000000001,2.0948140621185303
1824.7,2.0949277877807617
1824.8000000000002,2.097827911376953
1824.9,2.0899600982666016
1825.0,2.0939829349517822
1825.1000000000001,2.0982632637023926
1825.2,2.083841562271118
1825.3000000000002,2.0774450302124023
1825.4,2.078265905380249
1825.5000000000002,2.085559606552124
1825.6000000000001,2.1004440784454346
1825.7,2.079169273376465
1825.8000000000002,2.101069927215576
1825.9,2.080819606781006
1826.0000000000002,2.0839898586273193
1826.1000000000001,2.09029221534729
1826.2,2.098806619644165
1826.3000000000002,2.0847020149230957
1826.4,2.0841219425201416
1826.5000000000002,2.0797486305236816
1826.6000000000001,2.0845322608947754
1826.7,2.0827739238739014
1826.8000000000002,2.0884995460510254
1826.9,2.0831658840179443
1827.0000000000002,2.095965623855591
1827.1000000000001,2.082552671432495
1827.2,2.0924198627471924
1827.3000000000002,2.0950186252593994
1827.4,2.0869967937469482
1827.5000000000002,2.085141658782959
1827.6000000000001,2.094529390335083
1827.7,2.087737798690796
1827.8000000000002,2.0847978591918945
1827.9,2.086913585662842
1828.0000000000002,2.0863120555877686
1828.1000000000001,2.0807323455810547
1828.2,2.097080707550049
1828.3000000000002,2.0812909603118896
1828.4,2.0822947025299072
1828.5000000000002,2.096853494644165
1828.6000000000001,2.0958073139190674
1828.7,2.0887155532836914
1828.8000000000002,2.075562000274658
1828.9,2.081804037094116
1829.0000000000002,2.086973190307617
1829.1000000000001,2.080937623977661
1829.2,2.0818521976470947
1829.3000000000002,2.0829918384552
1829.4,2.0800704956054688
1829.5000000000002,2.0878562927246094
1829.6000000000001,2.0927112102508545
1829.7,2.082934617996216
1829.8000000000002,2.0821447372436523
1829.9,2.081369400024414
1830.0000000000002,2.0810375213623047
1830.1000000000001,2.0804030895233154
1830.2,2.0905351638793945
1830.3000000000002,2.085071563720703
1830.4,2.094980001449585
1830.5000000000002,2.077768325805664
1830.6000000000001,2.076211452484131
1830.7,2.0843505859375
1830.8000000000002,2.0804169178009033
1830.9,2.081772565841675
1831.0000000000002,2.0864830017089844
1831.1000000000001,2.088688850402832
1831.2,2.0930964946746826
1831.3000000000002,2.0806071758270264
1831.4,2.0850229263305664
1831.5000000000002,2.0885934829711914
1831.6000000000001,2.0642268657684326
1831.7,2.0753979682922363
1831.8000000000002,2.0731348991394043
1831.9,2.0811550617218018
1832.0000000000002,2.0859363079071045
1832.1000000000001,2.0840253829956055
1832.2,2.085069179534912
1832.3000000000002,2.079918384552002
1832.4,2.0829246044158936
1832.5000000000002,2.066236972808838
1832.6000000000001,2.083400249481201
1832.7,2.0808072090148926
1832.8000000000002,2.0850718021392822
1832.9,2.079254150390625
1833.0000000000002,2.0808801651000977
1833.1000000000001,2.075671911239624
1833.2,2.0839781761169434
1833.3000000000002,2.065161943435669
1833.4,2.0639541149139404
1833.5000000000002,2.081132411956787
1833.6000000000001,2.0808143615722656
1833.7,2.079904317855835
1833.8000000000002,2.076462507247925
1833.9,2.077920913696289
1834.0000000000002,2.07856822013855
1834.1000000000001,2.079969882965088
1834.2,2.077406167984009
1834.3000000000002,2.0793042182922363
1834.4,2.072725534439087
1834.5000000000002,2.07789945602417
1834.6000000000001,2.092495918273926
1834.7,2.07356333732605
1834.8000000000002,2.077293872833252
1834.9,2.070838212966919
1835.0000000000002,2.0793681144714355
1835.1000000000001,2.0880684852600098
1835.2,2.0635080337524414
1835.3000000000002,2.0675506591796875
1835.4,2.062368631362915
1835.5000000000002,2.0798559188842773
1835.6000000000001,2.0723681449890137
1835.7,2.073169469833374
1835.8000000000002,2.076342821121216
1835.9,2.0892579555511475
1836.0000000000002,2.0754013061523438
1836.1000000000001,2.085998773574829
1836.2,2.0864243507385254
1836.3000000000002,2.074472665786743
1836.4,2.0673012733459473
1836.5000000000002,2.072948694229126
1836.6000000000001,2.0802135467529297
1836.7,2.0904924869537354
1836.8000000000002,2.075244188308716
1836.9,2.0750784873962402
1837.0000000000002,2.0826826095581055
1837.1000000000001,2.0867297649383545
1837.2,2.0669302940368652
1837.3000000000002,2.067864418029785
1837.4,2.0777781009674072
1837.5000000000002,2.0787012577056885
1837.6000000000001,2.0692853927612305
1837.7,2.0663211345672607
1837.8000000000002,2.0736119747161865
1837.9,2.071920394897461
1838.0000000000002,2.0765445232391357
1838.1000000000001,2.0603864192962646
1838.2,2.0759437084198
1838.3000000000002,2.0755937099456787
1838.4,2.080613851547241
1838.5000000000002,2.072075128555298
1838.6000000000001,2.0817348957061768
1838.7,2.0801889896392822
1838.8000000000002,2.0738871097564697
1838.9,2.0704379081726074
1839.0000000000002,2.0816893577575684
1839.1000000000001,2.0787582397460938
1839.2,2.0882837772369385
1839.3000000000002,2.067683219909668
1839.4,2.0755434036254883
1839.5000000000002,2.0578112602233887
1839.6000000000001,2.0704381465911865
1839.7,2.0716512203216553
1839.8000000000002,2.0785598754882812
1839.9,2.057260036468506
1840.0000000000002,2.0860555171966553
1840.1000000000001,2.073864459991455
1840.2,2.0668601989746094
1840.3000000000002,2.0783283710479736
1840.4,2.0705881118774414
1840.5000000000002,2.070667028427124
1840.6000000000001,2.0642921924591064
1840.7,2.0620646476745605
1840.8000000000002,2.066373586654663
1840.9,2.066805362701416
1841.0000000000002,2.0677003860473633
1841.1000000000001,2.0769426822662354
1841.2,2.0646872520446777
1841.3000000000002,2.079854965209961
1841.4,2.0768632888793945
1841.5000000000002,2.066011905670166
1841.6000000000001,2.0611727237701416
1841.7,2.0677382946014404
1841.8000000000002,2.071324110031128
1841.9,2.069096088409424
1842.0000000000002,2.0742480754852295
1842.1000000000001,2.0774998664855957
1842.2,2.0698511600494385
1842.3000000000002,2.063511371612549
1842.4,2.073607921600342
1842.5000000000002,2.0627875328063965
1842.6000000000001,2.072324514389038
1842.7,2.0648176670074463
1842.8000000000002,2.0646631717681885
1842.9,2.072948694229126
1843.0000000000002,2.0619049072265625
1843.1000000000001,2.080231189727783
1843.2,2.0671865940093994
1843.3000000000002,2.0699284076690674
1843.4,2.058901309967041
1843.5000000000002,2.059985876083374
1843.6000000000001,2.0724401473999023
1843.7,2.0597727298736572
1843.8000000000002,2.050139904022217
1843.9,2.058774948120117
1844.0000000000002,2.072065591812134
1844.1000000000001,2.0626819133758545
1844.2,2.067617177963257
1844.3000000000002,2.0679256916046143
1844.4,2.061293363571167
1844.5000000000002,2.0565850734710693
1844.6000000000001,2.060673236846924
1844.7,2.0598368644714355
1844.8000000000002,2.0639779567718506
1844.9,2.060504198074341
1845.0000000000002,2.064047336578369
1845.1000000000001,2.063337802886963
1845.2,2.063751697540283
1845.3000000000002,2.0570950508117676
1845.4,2.0558393001556396
1845.5000000000002,2.06276273727417
1845.6000000000001,2.0695674419403076
1845.7,2.061232328414917
1845.8000000000002,2.0536253452301025
1845.9,2.0513954162597656
1846.0000000000002,2.049919605255127
1846.1000000000001,2.0566835403442383
1846.2,2.0585176944732666
1846.3000000000002,2.069545030593872
1846.4,2.064685583114624
1846.5000000000002,2.056351661682129
1846.6000000000001,2.0583677291870117
1846.7,2.0484211444854736
1846.8000000000002,2.053192377090454
1846.9,2.071967363357544
1847.0000000000002,2.0546727180480957
1847.1000000000001,2.056252956390381
1847.2,2.058908700942993
1847.3000000000002,2.0611109733581543
1847.4,2.052834987640381
1847.5000000000002,2.0511486530303955
1847.6000000000001,2.066619873046875
1847.7,2.0676586627960205
1847.8000000000002,2.057825803756714
1847.9,2.0602195262908936
1848.0000000000002,2.046151638031006
1848.1000000000001,2.043635606765747
1848.2,2.0620968341827393
1848.3000000000002,2.055138349533081
1848.4,2.053461790084839
1848.5000000000002,2.0496509075164795
1848.6000000000001,2.0441184043884277
1848.7,2.055140733718872
1848.8000000000002,2.0594589710235596
1848.9,2.0529043674468994
1849.0000000000002,2.047065258026123
1849.1000000000001,2.05088210105896
1849.2,2.0679566860198975
1849.3000000000002,2.0613057613372803
1849.4,2.0571494102478027
1849.5000000000002,2.0480659008026123
1849.6000000000001,2.0378785133361816
1849.7,2.0548653602600098
1849.8000000000002,2.0399184226989746
1849.9,2.045564651489258
1850.0000000000002,2.056786298751831
1850.1000000000001,2.0621461868286133
1850.2,2.0510997772216797
1850.3000000000002,2.0394556522369385
1850.4,2.056739330291748
1850.5000000000002,2.0456883907318115
1850.6000000000001,2.0584447383880615
1850.7,2.054622173309326
1850.8000000000002,2.049428939819336
1850.9,2.0566089153289795
1851.0000000000002,2.0546016693115234
1851.1000000000001,2.046689033508301
1851.2,2.0445363521575928
1851.3000000000002,2.0494253635406494
1851.4,2.040865182876587
1851.5000000000002,2.04372501373291
1851.6000000000001,2.0518991947174072
1851.7,2.062685966491699
1851.8000000000002,2.0330071449279785
1851.9,2.050895929336548
1852.0000000000002,2.034050226211548
1852.1000000000001,2.056147813796997
1852.2,2.0496201515197754
1852.3000000000002,2.041966438293457
1852.4,2.0427701473236084
1852.5000000000002,2.042100191116333
1852.6000000000001,2.034043073654175
1852.7,2.060704231262207
1852.8000000000002,2.0449037551879883
1852.9,2.050347089767456
1853.0000000000002,2.0432281494140625
1853.1000000000001,2.0569570064544678
1853.2,2.0449695587158203
1853.3000000000002,2.0432488918304443
1853.4,2.0447895526885986
1853.5000000000002,2.0465729236602783
1853.6000000000001,2.034665822982788
1853.7,2.054270029067993
1853.8000000000002,2.0484774112701416
1853.9,2.057001829147339
1854.0000000000002,2.0472748279571533
1854.1000000000001,2.061061143875122
1854.2,2.041686773300171
1854.3000000000002,2.0522379875183105
1854.4,2.0424704551696777
1854.5000000000002,2.041360378265381
1854.6000000000001,2.0537283420562744
1854.7,2.0411183834075928
1854.8000000000002,2.0410537719726562
1854.9,2.044503688812256
1855.0000000000002,2.038334369659424
1855.1000000000001,2.0272152423858643
1855.2,2.049450635910034
1855.3000000000002,2.0493099689483643
1855.4,2.0402774810791016
1855.5000000000002,2.057077646255493
1855.6000000000001,2.0448877811431885
1855.7,2.0560147762298584
1855.8000000000002,2.0467512607574463
1855.9,2.053102731704712
1856.0000000000002,2.0394487380981445
1856.1000000000001,2.0418732166290283
1856.2,2.04437255859375
1856.3000000000002,2.036609411239624
1856.4,2.03816294670105
1856.5000000000002,2.053732395172119
1856.6000000000001,2.044973373413086
1856.7,2.045424222946167
1856.8000000000002,2.043708324432373
1856.9,2.0410008430480957
1857.0000000000002,2.049826145172119
1857.1000000000001,2.0008704662323
1857.2,2.040090560913086
1857.3000000000002,2.056692600250244
1857.4,2.0435311794281006
1857.5000000000002,2.041182279586792
1857.6000000000001,2.0436811447143555
1857.7,2.0425829887390137
1857.8000000000002,2.052286386489868
1857.9,2.03204345703125
1858.0000000000002,2.0475475788116455
1858.1000000000001,2.043943405151367
1858.2,2.0409650802612305
1858.3000000000002,2.03661847114563
1858.4,2.0412886142730713
1858.5000000000002,2.0369198322296143
1858.6000000000001,2.042836904525757
1858.7,2.0397586822509766
1858.8000000000002,2.035776138305664
1858.9,2.041963815689087
1859.0000000000002,2.0350098609924316
1859.1000000000001,2.0279338359832764
1859.2,2.036952257156372
1859.3000000000002,2.031043529510498
1859.4,2.046067953109741
1859.5000000000002,2.039019823074341
1859.6000000000001,2.021353244781494
1859.7,2.039620876312256
1859.8000000000002,2.0388636589050293
1859.9,2.0431058406829834
1860.0000000000002,2.0406768321990967
1860.1000000000001,2.0236244201660156
1860.2,2.0383529663085938
1860.3000000000002,2.037285089492798
1860.4,2.0364606380462646
1860.5000000000002,2.0414397716522217
1860.6000000000001,2.018909454345703
1860.7,2.0381827354431152
1860.8000000000002,2.0450544357299805
1860.9,2.0218594074249268
1861.0000000000002,2.0317816734313965
1861.1000000000001,2.030393362045288
1861.2,2.033168077468872
1861.3000000000002,2.0442614555358887
1861.4,2.0310730934143066
1861.5000000000002,2.04071044921875
1861.6000000000001,2.038032054901123
1861.7,2.0437676906585693
1861.8000000000002,2.031844139099121
1861.9,2.023369550704956
1862.0000000000002,2.028512954711914
1862.1000000000001,2.0327861309051514
1862.2,2.029265880584717
1862.3000000000002,2.0389657020568848
1862.4,2.0358636379241943
1862.5000000000002,2.034205436706543
1862.6000000000001,2.0424790382385254
1862.7,2.027576446533203
1862.8000000000002,2.0373876094818115
1862.9,2.0330591201782227
1863.0000000000002,2.0304906368255615
1863.1000000000001,2.033535957336426
1863.2,2.0164601802825928
1863.3000000000002,2.0423381328582764
1863.4,2.0343642234802246
1863.5000000000002,2.025956630706787
1863.6000000000001,2.0302274227142334
1863.7,2.0326061248779297
1863.8000000000002,2.034872055053711
1863.9,2.0426149368286133
1864.0000000000002,2.0355124473571777
1864.1000000000001,2.039437770843506
1864.2,2.0245418548583984
1864.3000000000002,2.0412189960479736
1864.4,2.028491973876953
1864.5000000000002,2.0359466075897217
1864.6000000000001,2.030778169631958
1864.7,2.03806734085083
1864.8000000000002,2.029446601867676
1864.9,2.035240888595581
1865.0000000000002,2.030963659286499
1865.1000000000001,2.0287160873413086
1865.2,2.034836530685425
1865.3000000000002,2.0288913249969482
1865.4,2.0264246463775635
1865.5000000000002,2.0313720703125
1865.6000000000001,2.021986484527588
1865.7,2.0311219692230225
1865.8000000000002,2.026921033859253
1865.9,2.0231575965881348
1866.0000000000002,2.025186538696289
1866.1000000000001,2.0319058895111084
1866.2,2.035616874694824
1866.3000000000002,2.023803949356079
1866.4,2.029603958129883
1866.5000000000002,2.022517204284668
1866.6000000000001,2.026122808456421
1866.7,2.025897979736328
1866.8000000000002,2.0296924114227295
1866.9,2.0343194007873535
1867.0000000000002,2.0280861854553223
1867.1000000000001,2.033933162689209
1867.2,2.0270884037017822
1867.3000000000002,2.0342257022857666
1867.4,2.0324769020080566
1867.5000000000002,2.0307466983795166
1867.6000000000001,2.038672685623169
1867.7,2.020573139190674
1867.8000000000002,2.03444242477417
1867.9,2.0242316722869873
1868.0000000000002,2.0315804481506348
1868.1000000000001,2.0182015895843506
1868.2,2.032957077026367
1868.3000000000002,2.03175687789917
1868.4,2.0376710891723633
1868.5000000000002,2.0316355228424072
1868.6000000000001,2.0229616165161133
1868.7,2.0241189002990723
1868.8000000000002,2.0360260009765625
1868.9,2.032021999359131
1869.0000000000002,2.023113489151001
1869.1000000000001,2.0206310749053955
1869.2,2.0260300636291504
1869.3000000000002,2.01303768157959
1869.4,2.0325732231140137
1869.5000000000002,2.0229125022888184
1869.6000000000001,2.0291450023651123
1869.7,2.0205612182617188
1869.8000000000002,2.031182050704956
1869.9,2.025858163833618
1870.0000000000002,2.0224111080169678
1870.1000000000001,2.025111675262451
1870.2,2.0275027751922607
1870.3000000000002,2.021073818206787
1870.4,2.0354883670806885
1870.5000000000002,2.0240793228149414
1870.6000000000001,2.02736759185791
1870.7,2.02960205078125
1870.8000000000002,2.027846336364746
1870.9,2.0061581134796143
1871.0000000000002,2.0178780555725098
1871.1000000000001,2.031144142150879
1871.2,2.0191526412963867
1871.3000000000002,2.0130677223205566
1871.4,2.0265963077545166
1871.5000000000002,2.027827262878418
1871.6000000000001,2.031705379486084
1871.7,2.032499074935913
1871.8000000000002,2.0283069610595703
1871.9,2.025848150253296
1872.0000000000002,2.0176608562469482
1872.1000000000001,2.0195741653442383
1872.2,2.011807441711426
1872.3000000000002,2.029710292816162
1872.4,2.0249361991882324
1872.5000000000002,2.010878324508667
1872.6000000000001,2.036043643951416
1872.7,2.024390459060669
1872.8000000000002,2.030177354812622
1872.9,2.029243230819702
1873.0000000000002,2.025146007537842
1873.1000000000001,2.011984348297119
1873.2,2.0266246795654297
1873.3000000000002,2.0257551670074463
1873.4,2.017984390258789
1873.5000000000002,2.0251858234405518
1873.6000000000001,2.028201103210449
1873.7,2.0203046798706055
1873.8000000000002,2.0216381549835205
1873.9,2.0048840045928955
1874.0000000000002,2.0242135524749756
1874.1000000000001,2.021653890609741
1874.2,2.0244033336639404
1874.3000000000002,2.0227582454681396
1874.4,2.0130178928375244
1874.5000000000002,2.0183544158935547
1874.6000000000001,2.010756731033325
1874.7,2.016209840774536
1874.8000000000002,2.0285484790802
1874.9,2.018953800201416
1875.0000000000002,2.0265815258026123
1875.1000000000001,2.0191004276275635
1875.2,2.02203369140625
1875.3000000000002,2.022834062576294
1875.4,2.0160863399505615
1875.5000000000002,2.0123331546783447
1875.6000000000001,2.0266220569610596
1875.7,2.018918991088867
1875.8000000000002,2.0087811946868896
1875.9,2.0093326568603516
1876.0000000000002,2.009317398071289
1876.1000000000001,1.9995671510696411
1876.2,2.0071144104003906
1876.3000000000002,2.009643077850342
1876.4,2.006699323654175
1876.5000000000002,2.008507251739502
1876.6000000000001,2.001387119293213
1876.7,2.0130374431610107
1876.8000000000002,2.0055952072143555
1876.9,2.0128445625305176
1877.0000000000002,2.0196785926818848
1877.1000000000001,2.0257458686828613
1877.2,2.0117263793945312
1877.3000000000002,2.0000314712524414
1877.4,2.0012388229370117
1877.5000000000002,2.0131585597991943
1877.6000000000001,2.0227913856506348
1877.7,2.0102922916412354
1877.8000000000002,2.0206210613250732
1877.9,2.0165390968322754
1878.0000000000002,2.021237373352051
1878.1000000000001,2.017205238342285
1878.2,2.0063977241516113
1878.3000000000002,2.021291971206665
1878.4,2.021052122116089
1878.5000000000002,2.0106561183929443
1878.6000000000001,2.008629083633423
1878.7,2.0176353454589844
1878.8000000000002,2.0075979232788086
1878.9,2.0001628398895264
1879.0000000000002,2.015932559967041
1879.1000000000001,2.0111732482910156
1879.2,2.0193209648132324
1879.3000000000002,2.0192949771881104
1879.4,2.018921375274658
1879.5000000000002,2.0093564987182617
1879.6000000000001,2.004181146621704
1879.7,2.02103853225708
1879.8000000000002,2.0190694332122803
1879.9,2.0163097381591797
1880.0000000000002,2.014439821243286
1880.1000000000001,2.0067436695098877
1880.2,2.0150296688079834
1880.3000000000002,2.019047975540161
1880.4,2.0131442546844482
1880.5000000000002,1.998314380645752
1880.6000000000001,2.0025763511657715
1880.7,2.005586624145508
1880.8000000000002,2.0137784481048584
1880.9,2.0009188652038574
1881.0000000000002,2.0190303325653076
1881.1000000000001,1.9972164630889893
1881.2,2.00803279876709
1881.3000000000002,2.011051654815674
1881.4,2.016820192337036
1881.5000000000002,2.017422676086426
1881.6000000000001,2.0144236087799072
1881.7,2.0122668743133545
1881.8000000000002,2.016848087310791
1881.9,2.0062265396118164
1882.0000000000002,2.02177357673645
1882.1000000000001,1.9949017763137817
1882.2,1.9994380474090576
1882.3000000000002,2.0134286880493164
1882.4,2.01326584815979
1882.5000000000002,2.020679235458374
1882.6000000000001,2.009970188140869
1882.7,2.011223554611206
1882.8000000000002,2.0164244174957275
1882.9,2.0158674716949463
1883.0000000000002,2.0161707401275635
1883.1000000000001,2.0067100524902344
1883.2,1.9987237453460693
1883.3000000000002,2.0100455284118652
1883.4,2.0030035972595215
1883.5000000000002,1.997743844985962
1883.6000000000001,2.007662534713745
1883.7,1.9928807020187378
1883.8000000000002,2.0068204402923584
1883.9,2.002805709838867
1884.0000000000002,2.018460750579834
1884.1000000000001,2.0052711963653564
1884.2,2.0060439109802246
1884.3000000000002,2.0096435546875
1884.4,2.016066312789917
1884.5000000000002,2.008049249649048
1884.6000000000001,2.0094192028045654
1884.7,2.0111629962921143
1884.8000000000002,2.0063586235046387
1884.9,2.007718563079834
1885.0000000000002,1.9980279207229614
1885.1000000000001,2.006596088409424
1885.2,2.0058352947235107
1885.3000000000002,2.010126829147339
1885.4,2.012850522994995
1885.5000000000002,2.010756254196167
1885.6000000000001,1.9992239475250244
1885.7,2.0001816749572754
1885.8000000000002,1.982836365699768
1885.9,2.0005993843078613
1886.0000000000002,2.0086581707000732
1886.1000000000001,2.0102379322052
1886.2,2.004687786102295
1886.3000000000002,1.9986494779586792
1886.4,1.9997025728225708
1886.5000000000002,1.9990445375442505
1886.6000000000001,2.0025289058685303
1886.7,2.0061354637145996
1886.8000000000002,2.004774808883667
1886.9,2.0000054836273193
1887.0000000000002,2.0091702938079834
1887.1000000000001,2.005615711212158
1887.2,2.0130481719970703
1887.3000000000002,2.0019946098327637
1887.4,2.0100791454315186
1887.5000000000002,1.9900572299957275
1887.6000000000001,2.0070602893829346
1887.7,1.9907423257827759
1887.8000000000002,2.0063891410827637
1887.9,1.991026759147644
1888.0000000000002,1.9920607805252075
1888.1000000000001,2.0096616744995117
1888.2,1.9949113130569458
1888.3000000000002,2.010338544845581
1888.4,2.003401279449463
1888.5000000000002,2.000520944595337
1888.6000000000001,2.0051920413970947
1888.7,2.0012807846069336
1888.8000000000002,2.0050265789031982
1888.9,2.010158061981201
1889.0000000000002,1.9880404472351074
1889.1000000000001,2.000978946685791
1889.2,1.9981739521026611
1889.3000000000002,1.993333101272583
1889.4,2.0072591304779053
1889.5000000000002,1.9771783351898193
1889.6000000000001,1.9957038164138794
1889.7,1.993842601776123
1889.8000000000002,2.005171298980713
1889.9,1.9899821281433105
1890.0000000000002,1.9954276084899902
1890.1000000000001,1.9918384552001953
1890.2,1.9971932172775269
1890.3000000000002,1.997731328010559
1890.4,1.9890806674957275
1890.5000000000002,1.9920545816421509
1890.6000000000001,1.9856173992156982
1890.7,2.0034029483795166
1890.8000000000002,1.9951783418655396
1890.9,1.9838732481002808
1891.0000000000002,1.996639609336853
1891.1000000000001,2.0084943771362305
1891.2,1.9977985620498657
1891.3000000000002,1.995700478553772
1891.4,1.988852620124817
1891.5000000000002,1.9899892807006836
1891.6000000000001,2.0058887004852295
1891.7,1.993877649307251
1891.8000000000002,2.0112383365631104
1891.9,1.9893178939819336
1892.0000000000002,1.9938437938690186
1892.1000000000001,1.9965678453445435
1892.2,1.9957997798919678
1892.3000000000002,2.0049426555633545
1892.4,1.9943221807479858
1892.5000000000002,1.9961034059524536
1892.6000000000001,1.9964258670806885
1892.7,1.998649001121521
1892.8000000000002,1.9877958297729492
1892.9,1.9961763620376587
1893.0000000000002,2.001912832260132
1893.1000000000001,1.9911397695541382
1893.2,2.00849986076355
1893.3000000000002,1.9894460439682007
1893.4,1.999826431274414
1893.5000000000002,1.9916085004806519
1893.6000000000001,1.9915084838867188
1893.7,2.0060558319091797
1893.8000000000002,1.981826663017273
1893.9,1.9891468286514282
1894.0000000000002,2.0066232681274414
1894.1000000000001,1.9920388460159302
1894.2,1.9938509464263916
1894.3000000000002,1.9958213567733765
1894.4,2.003208637237549
1894.5000000000002,1.9914989471435547
1894.6000000000001,1.9846434593200684
1894.7,1.9945294857025146
1894.8000000000002,1.9958996772766113
1894.9,1.998273491859436
1895.0000000000002,1.97688627243042
1895.1000000000001,1.979873538017273
1895.2,2.004145383834839
1895.3000000000002,1.9854283332824707
1895.4,1.9903885126113892
1895.5000000000002,1.9918571710586548
1895.6000000000001,1.9877148866653442
1895.7,2.001919984817505
1895.8000000000002,1.9954288005828857
1895.9,1.9985194206237793
1896.0000000000002,1.983776569366455
1896.1000000000001,1.9906065464019775
1896.2,1.9991310834884644
1896.3000000000002,1.994486927986145
1896.4,1.982468843460083
1896.5000000000002,2.002234935760498
1896.6000000000001,1.990293025970459
1896.7,1.987791895866394
1896.8000000000002,1.9868274927139282
1896.9,1.9912536144256592
1897.0000000000002,1.9886127710342407
1897.1000000000001,2.0012712478637695
1897.2,1.9906643629074097
1897.3000000000002,1.9850703477859497
1897.4,1.9756205081939697
1897.5000000000002,1.996901512145996
1897.6000000000001,1.9942901134490967
1897.7,1.9969851970672607
1897.8000000000002,1.9878756999969482
1897.9,1.9849603176116943
1898.0000000000002,1.9857313632965088
1898.1000000000001,1.987544298171997
1898.2,1.9842454195022583
1898.3000000000002,1.9778536558151245
1898.4,1.9883184432983398
1898.5000000000002,1.9916070699691772
1898.6000000000001,1.9794381856918335
1898.7,1.9910411834716797
1898.8000000000002,1.9785467386245728
1898.9,1.978766679763794
1899.0000000000002,1.994626760482788
1899.1000000000001,1.979397177696228
1899.2,1.9850947856903076
1899.3000000000002,1.9918112754821777
1899.4,1.974450707435608
1899.5000000000002,1.9865628480911255
1899.6000000000001,1.9894208908081055
1899.7,1.9949331283569336
1899.8000000000002,1.995611310005188
1899.9,1.9968687295913696
1900.0000000000002,1.9951117038726807
1900.1000000000001,1.9908733367919922
1900.2,1.9979896545410156
1900.3000000000002,1.9925589561462402
1900.4,1.9800406694412231
1900.5000000000002,1.9928224086761475
1900.6000000000001,1.990265130996704
1900.7,1.9871670007705688
1900.8000000000002,1.9809200763702393
1900.9,1.9939182996749878
1901.0000000000002,1.9917994737625122
1901.1000000000001,1.9885238409042358
1901.2,1.9870811700820923
1901.3000000000002,1.9919792413711548
1901.4,1.9853233098983765
1901.5000000000002,1.9858478307724
1901.6000000000001,1.9774630069732666
1901.7,1.985492467880249
1901.8000000000002,1.9862231016159058
1901.9,1.9901705980300903
1902.0000000000002,1.9937689304351807
1902.1000000000001,1.989095687866211
1902.2,1.9789130687713623
1902.3000000000002,1.9890453815460205
1902.4,1.986316204071045
1902.5000000000002,1.9804898500442505
1902.6000000000001,1.9921294450759888
1902.7,1.9835255146026611
1902.8000000000002,1.9902758598327637
1902.9,1.9842920303344727
1903.0000000000002,1.9881665706634521
1903.1000000000001,1.982445240020752
1903.2,1.9824810028076172
1903.3000000000002,1.9930334091186523
1903.4,1.9908039569854736
1903.5000000000002,1.9742094278335571
1903.6000000000001,1.9817620515823364
1903.7,1.983260989189148
1903.8000000000002,1.9803764820098877
1903.9,1.9750845432281494
1904.0000000000002,1.9765645265579224
1904.1000000000001,1.9785770177841187
1904.2,1.9840549230575562
1904.3000000000002,1.9746451377868652
1904.4,1.9782718420028687
1904.5000000000002,1.9808895587921143
1904.6000000000001,1.9864847660064697
1904.7,1.9789605140686035
1904.8000000000002,1.9868220090866089
1904.9,1.988612413406372
1905.0000000000002,1.9862710237503052
1905.1000000000001,1.9773894548416138
1905.2,1.976542353630066
1905.3000000000002,1.9924883842468262
1905.4,1.975244402885437
1905.5000000000002,1.980161428451538
1905.6000000000001,1.9879530668258667
1905.7,1.9921391010284424
1905.8000000000002,1.9688093662261963
1905.9,1.982506513595581
1906.0000000000002,1.9790616035461426
1906.1000000000001,1.9741665124893188
1906.2,1.9876128435134888
1906.3000000000002,1.9744917154312134
1906.4,1.9725415706634521
1906.5000000000002,1.9770933389663696
1906.6000000000001,1.9718278646469116
1906.7,1.9869331121444702
1906.8000000000002,1.969968318939209
1906.9,1.975101113319397
1907.0000000000002,1.9710274934768677
1907.1000000000001,1.9817163944244385
1907.2,1.975960612297058
1907.3000000000002,1.9708322286605835
1907.4,1.9900585412979126
1907.5000000000002,1.980690598487854
1907.6000000000001,1.9852752685546875
1907.7,1.9728220701217651
1907.8000000000002,1.9871820211410522
1907.9,1.9785460233688354
1908.0000000000002,1.973617434501648
1908.1000000000001,1.993457317352295
1908.2,1.9817721843719482
1908.3000000000002,1.9778612852096558
1908.4,1.989656686782837
1908.5000000000002,1.9789671897888184
1908.6000000000001,1.9728565216064453
1908.7,1.969156265258789
1908.8000000000002,1.9827708005905151
1908.9,1.9785336256027222
1909.0000000000002,1.9736920595169067
1909.1000000000001,1.9820128679275513
1909.2,1.975340485572815
1909.3000000000002,1.9805442094802856
1909.4,1.980401873588562
1909.5000000000002,1.9770328998565674
1909.6000000000001,1.973611831665039
1909.7,1.9815713167190552
1909.8000000000002,1.9866540431976318
1909.9,1.9722669124603271
1910.0000000000002,1.9837963581085205
1910.1000000000001,1.9810465574264526
1910.2,1.9742794036865234
1910.3000000000002,1.9690172672271729
1910.4,1.9740819931030273
1910.5000000000002,1.9714381694793701
1910.6000000000001,1.9697446823120117
1910.7,1.9814502000808716
1910.8000000000002,1.9680918455123901
1910.9,1.9839656352996826
1911.0000000000002,1.9582172632217407
1911.1000000000001,1.9758195877075195
1911.2,1.9690138101577759
1911.3000000000002,1.9763426780700684
1911.4,1.9658628702163696
1911.5000000000002,1.9759358167648315
1911.6000000000001,1.979041576385498
1911.7,1.9684690237045288
1911.8000000000002,1.9823254346847534
1911.9,1.9782606363296509
1912.0000000000002,1.9726905822753906
1912.1000000000001,1.9701659679412842
1912.2,1.9742909669876099
1912.3000000000002,1.966905117034912
1912.4,1.9693063497543335
1912.5000000000002,1.9798957109451294
1912.6000000000001,1.9752553701400757
1912.7,1.9733879566192627
1912.8000000000002,1.9706462621688843
1912.9,1.9790844917297363
1913.0000000000002,1.9674865007400513
1913.1000000000001,1.9735679626464844
1913.2,1.9858925342559814
1913.3000000000002,1.9629207849502563
1913.4,1.9721418619155884
1913.5000000000002,1.9800775051116943
1913.6000000000001,1.97366464138031
1913.7,1.9644489288330078
1913.8000000000002,1.9749675989151
1913.9,1.9577209949493408
1914.0000000000002,1.981651782989502
1914.1000000000001,1.9604438543319702
1914.2,1.9805206060409546
1914.3000000000002,1.9789373874664307
1914.4,1.9689205884933472
1914.5000000000002,1.9746720790863037
1914.6000000000001,1.9733593463897705
1914.7,1.974943995475769
1914.8000000000002,1.973888874053955
1914.9,1.9712437391281128
1915.0000000000002,1.9709266424179077
1915.1000000000001,1.9765437841415405
1915.2,1.971096396446228
1915.3000000000002,1.9752377271652222
1915.4,1.9629424810409546
1915.5000000000002,1.9685975313186646
1915.6000000000001,1.9717953205108643
1915.7,1.9717127084732056
1915.8000000000002,1.9795259237289429
1915.9,1.9577767848968506
1916.0000000000002,1.9706284999847412
1916.1000000000001,1.9713904857635498
1916.2,1.967766284942627
1916.3000000000002,1.9715760946273804
1916.4,1.9713038206100464
1916.5000000000002,1.9712257385253906
1916.6000000000001,1.974638819694519
1916.7,1.9658558368682861
1916.8000000000002,1.9694836139678955
1916.9,1.9793809652328491
1917.0000000000002,1.975959300994873
1917.1000000000001,1.9742553234100342
1917.2,1.9720566272735596
1917.3000000000002,1.9744617938995361
1917.4,1.9706494808197021
1917.5000000000002,1.95682954788208
1917.6000000000001,1.9687273502349854
1917.7,1.9713503122329712
1917.8000000000002,1.9709069728851318
1917.9,1.9701906442642212
1918.0000000000002,1.9740926027297974
1918.1000000000001,1.9739999771118164
1918.2,1.9667021036148071
1918.3000000000002,1.9832608699798584
1918.4,1.9779094457626343
1918.5000000000002,1.9632571935653687
1918.6000000000001,1.980385422706604
1918.7,1.9549856185913086
1918.8000000000002,1.965820074081421
1918.9,1.9739751815795898
1919.0000000000002,1.9659656286239624
1919.1000000000001,1.9715105295181274
1919.2,1.978758454322815
1919.3000000000002,1.9771140813827515
1919.4,1.9603487253189087
1919.5000000000002,1.959391474723816
1919.6000000000001,1.9689198732376099
1919.7,1.966094970703125
1919.8000000000002,1.9682010412216187
1919.9,1.9747751951217651
1920.0000000000002,1.965604543685913
1920.1000000000001,1.9623903036117554
1920.2,1.963478446006775
1920.3000000000002,1.9633065462112427
1920.4,1.960601568222046
1920.5000000000002,1.9663169384002686
1920.6000000000001,1.9787187576293945
1920.7,1.9659863710403442
1920.8000000000002,1.9579190015792847
1920.9,1.9656072854995728
1921.0000000000002,1.9669541120529175
1921.1000000000001,1.9659098386764526
1921.2,1.977944254875183
1921.3000000000002,1.974710464477539
1921.4,1.9703307151794434
1921.5000000000002,1.9760706424713135
1921.6000000000001,1.9759608507156372
1921.7,1.9601161479949951
1921.8000000000002,1.9632858037948608
1921.9,1.9613893032073975
1922.0000000000002,1.9531241655349731
1922.1000000000001,1.962492823600769
1922.2,1.9591957330703735
1922.3000000000002,1.960684061050415
1922.4,1.9602855443954468
1922.5000000000002,1.9652466773986816
1922.6000000000001,1.965112328529358
1922.7,1.9507924318313599
1922.8000000000002,1.958064079284668
1922.9,1.9639874696731567
1923.0000000000002,1.9643083810806274
1923.1000000000001,1.964720368385315
1923.2,1.954603910446167
1923.3000000000002,1.9503527879714966
1923.4,1.959641933441162
1923.5000000000002,1.9588619470596313
1923.6000000000001,1.9562797546386719
1923.7,1.955979824066162
1923.8000000000002,1.9734801054000854
1923.9,1.9644771814346313
1924.0000000000002,1.9740557670593262
1924.1000000000001,1.959149956703186
1924.2,1.9808313846588135
1924.3000000000002,1.9607131481170654
1924.4,1.9681949615478516
1924.5000000000002,1.951284408569336
1924.6000000000001,1.9630507230758667
1924.7,1.9526965618133545
1924.8000000000002,1.9737708568572998
1924.9,1.9652695655822754
1925.0000000000002,1.9678012132644653
1925.1000000000001,1.9581127166748047
1925.2,1.9699158668518066
1925.3000000000002,1.9708166122436523
1925.4,1.9667531251907349
1925.5000000000002,1.9653849601745605
1925.6000000000001,1.964090347290039
1925.7,1.9616445302963257
1925.8000000000002,1.957822322845459
1925.9,1.9556134939193726
1926.0000000000002,1.958573579788208
1926.1000000000001,1.958970546722412
1926.2,1.9639683961868286
1926.3000000000002,1.9705575704574585
1926.4,1.972860336303711
1926.5000000000002,1.9629316329956055
1926.6000000000001,1.9641978740692139
1926.7,1.9686169624328613
1926.8000000000002,1.9659768342971802
1926.9,1.955315113067627
1927.0000000000002,1.9717168807983398
1927.1000000000001,1.9614827632904053
1927.2,1.9569804668426514
1927.3000000000002,1.9607539176940918
1927.4,1.9504467248916626
1927.5000000000002,1.9583603143692017
1927.6000000000001,1.9654053449630737
1927.7,1.9602426290512085
1927.8000000000002,1.9647552967071533
1927.9,1.9715133905410767
1928.0000000000002,1.9619885683059692
1928.1000000000001,1.964996337890625
1928.2,1.959648847579956
1928.3000000000002,1.9616347551345825
1928.4,1.9707330465316772
1928.5000000000002,1.9565032720565796
1928.6000000000001,1.951802372932434
1928.7,1.957973837852478
1928.8000000000002,1.9665305614471436
1928.9,1.9670202732086182
1929.0000000000002,1.9601054191589355
1929.1000000000001,1.9645322561264038
1929.2,1.9453065395355225
1929.3000000000002,1.9600589275360107
1929.4,1.9553266763687134
1929.5000000000002,1.9558042287826538
1929.6000000000001,1.948707103729248
1929.7,1.9711525440216064
1929.8000000000002,1.9584834575653076
1929.9,1.9544881582260132
1930.0000000000002,1.9588934183120728
1930.1000000000001,1.9585261344909668
1930.2,1.9668465852737427
1930.3000000000002,1.958626389503479
1930.4,1.953608512878418
1930.5000000000002,1.9565329551696777
1930.6000000000001,1.953925609588623
1930.7,1.944856882095337
1930.8000000000002,1.95728600025177
1930.9,1.9570168256759644
1931.0000000000002,1.9568816423416138
1931.1000000000001,1.9572902917861938
1931.2,1.958139419555664
1931.3000000000002,1.959889531135559
1931.4,1.9521381855010986
1931.5000000000002,1.950222134590149
1931.6000000000001,1.9560630321502686
1931.7,1.952184796333313
1931.8000000000002,1.9615247249603271
1931.9,1.9662562608718872
1932.0000000000002,1.9532816410064697
1932.1000000000001,1.9638863801956177
1932.2,1.9564836025238037
1932.3000000000002,1.9543778896331787
1932.4,1.951445460319519
1932.5000000000002,1.960579752922058
1932.6000000000001,1.9627368450164795
1932.7,1.9506312608718872
1932.8000000000002,1.9597547054290771
1932.9,1.9430311918258667
1933.0000000000002,1.9558556079864502
1933.1000000000001,1.9516278505325317
1933.2,1.955278754234314
1933.3000000000002,1.9517930746078491
1933.4,1.9609580039978027
1933.5000000000002,1.9637420177459717
1933.6000000000001,1.949804663658142
1933.7,1.9547888040542603
1933.8000000000002,1.9542744159698486
1933.9,1.9446611404418945
1934.0000000000002,1.9575608968734741
1934.1000000000001,1.961287498474121
1934.2,1.9477519989013672
1934.3000000000002,1.9569076299667358
1934.4,1.9521715641021729
1934.5000000000002,1.9472366571426392
1934.6000000000001,1.9444472789764404
1934.7,1.956320881843567
1934.8000000000002,1.966798186302185
1934.9,1.9676018953323364
1935.0000000000002,1.9527673721313477
1935.1000000000001,1.9565762281417847
1935.2,1.9568486213684082
1935.3000000000002,1.9622842073440552
1935.4,1.9610810279846191
1935.5000000000002,1.9611705541610718
1935.6000000000001,1.942226529121399
1935.7,1.9494242668151855
1935.8000000000002,1.9497886896133423
1935.9,1.9522628784179688
1936.0000000000002,1.952260136604309
1936.1000000000001,1.9504730701446533
1936.2,1.947914958000183
1936.3000000000002,1.9575966596603394
1936.4,1.9558998346328735
1936.5000000000002,1.9439671039581299
1936.6000000000001,1.9402179718017578
1936.7,1.955620527267456
1936.8000000000002,1.9641176462173462
1936.9,1.953902006149292
1937.0000000000002,1.945871114730835
1937.1000000000001,1.9579808712005615
1937.2,1.951737403869629
1937.3000000000002,1.9579795598983765
1937.4,1.9541311264038086
1937.5000000000002,1.9507696628570557
1937.6000000000001,1.946184754371643
1937.7,1.941664218902588
1937.8000000000002,1.9437116384506226
1937.9,1.965633511543274
1938.0000000000002,1.955108642578125
1938.1000000000001,1.954197645187378
1938.2,1.9462424516677856
1938.3000000000002,1.9506458044052124
1938.4,1.9499144554138184
1938.5000000000002,1.9561758041381836
1938.6000000000001,1.9567902088165283
1938.7,1.9460797309875488
1938.8000000000002,1.9558303356170654
1938.9,1.951155185699463
1939.0000000000002,1.9673726558685303
1939.1000000000001,1.95880126953125
1939.2,1.9525724649429321
1939.3000000000002,1.9541295766830444
1939.4,1.949439525604248
1939.5000000000002,1.9508516788482666
1939.6000000000001,1.949478030204773
1939.7,1.9559828042984009
1939.8000000000002,1.9622079133987427
1939.9,1.9502705335617065
1940.0000000000002,1.9561443328857422
1940.1000000000001,1.9561333656311035
1940.2,1.9517594575881958
1940.3000000000002,1.9555776119232178
1940.4,1.9575022459030151
1940.5000000000002,1.9489872455596924
1940.6000000000001,1.955421805381775
1940.7,1.9357701539993286
1940.8000000000002,1.9579683542251587
1940.9,1.9492013454437256
1941.0000000000002,1.9409770965576172
1941.1000000000001,1.9510719776153564
1941.2,1.9419423341751099
1941.3000000000002,1.9508672952651978
1941.4,1.9512827396392822
1941.5000000000002,1.9481819868087769
1941.6000000000001,1.9550272226333618
1941.7,1.9544085264205933
1941.8000000000002,1.9475828409194946
1941.9,1.9497584104537964
1942.0000000000002,1.9523310661315918
1942.1000000000001,1.9494569301605225
1942.2,1.949149489402771
1942.3000000000002,1.9446783065795898
1942.4,1.9438327550888062
1942.5000000000002,1.950775146484375
1942.6000000000001,1.9317889213562012
1942.7,1.9479670524597168
1942.8000000000002,1.9407036304473877
1942.9,1.942124366760254
1943.0000000000002,1.9541571140289307
1943.1000000000001,1.9660261869430542
1943.2,1.9504284858703613
1943.3000000000002,1.9525550603866577
1943.4,1.9536277055740356
1943.5000000000002,1.9471713304519653
1943.6000000000001,1.9489634037017822
1943.7,1.9510375261306763
1943.8000000000002,1.9605865478515625
1943.9,1.9555730819702148
1944.0000000000002,1.9467883110046387
1944.1000000000001,1.9503073692321777
1944.2,1.9395877122879028
1944.3000000000002,1.9617209434509277
1944.4,1.9486802816390991
1944.5000000000002,1.9526567459106445
1944.6000000000001,1.9396837949752808
1944.7,1.9558523893356323
1944.8000000000002,1.9406073093414307
1944.9,1.9474362134933472
1945.0000000000002,1.9347294569015503
1945.1000000000001,1.936879277229309
1945.2,1.9441462755203247
1945.3000000000002,1.947697401046753
1945.4,1.9413328170776367
1945.5000000000002,1.9479420185089111
1945.6000000000001,1.9524567127227783
1945.7,1.9468871355056763
1945.8000000000002,1.9571772813796997
1945.9,1.946889042854309
1946.0000000000002,1.9387584924697876
1946.1000000000001,1.938735008239746
1946.2,1.933164119720459
1946.3000000000002,1.9447035789489746
1946.4,1.9405823945999146
1946.5000000000002,1.9404202699661255
1946.6000000000001,1.9419023990631104
1946.7,1.9454138278961182
1946.8000000000002,1.9316184520721436
1946.9,1.9410338401794434
1947.0000000000002,1.9400739669799805
1947.1000000000001,1.9498038291931152
1947.2,1.9508788585662842
1947.3000000000002,1.9405176639556885
1947.4,1.9585896730422974
1947.5000000000002,1.9530479907989502
1947.6000000000001,1.9401869773864746
1947.7,1.9350744485855103
1947.8000000000002,1.9489467144012451
1947.9,1.9492347240447998
1948.0000000000002,1.932787537574768
1948.1000000000001,1.950126051902771
1948.2,1.9406933784484863
1948.3000000000002,1.9500977993011475
1948.4,1.9506900310516357
1948.5000000000002,1.9483494758605957
1948.6000000000001,1.9511162042617798
1948.7,1.948864459991455
1948.8000000000002,1.9546481370925903
1948.9,1.9371798038482666
1949.0000000000002,1.9491071701049805
1949.1000000000001,1.9367327690124512
1949.2,1.9501641988754272
1949.3000000000002,1.9433869123458862
1949.4,1.940562129020691
1949.5000000000002,1.945385217666626
1949.6000000000001,1.9567877054214478
1949.7,1.9410401582717896
1949.8000000000002,1.9503202438354492
1949.9,1.9478707313537598
1950.0000000000002,1.9545320272445679
1950.1000000000001,1.9361038208007812
1950.2,1.9391882419586182
1950.3000000000002,1.945107340812683
1950.4,1.94302237033844
1950.5000000000002,1.9456669092178345
1950.6000000000001,1.9309715032577515
1950.7,1.934686303138733
1950.8000000000002,1.9485130310058594
1950.9,1.9366130828857422
1951.0000000000002,1.945487380027771
1951.1000000000001,1.9455128908157349
1951.2,1.9457652568817139
1951.3000000000002,1.9354979991912842
1951.4,1.9545139074325562
1951.5000000000002,1.9447976350784302
1951.6000000000001,1.9453779458999634
1951.7,1.9430581331253052
1951.8000000000002,1.9507020711898804
1951.9,1.9490851163864136
1952.0000000000002,1.955031394958496
1952.1000000000001,1.943816900253296
1952.2,1.943423867225647
1952.3000000000002,1.9439470767974854
1952.4,1.9565346240997314
1952.5000000000002,1.9432333707809448
1952.6000000000001,1.935030460357666
1952.7,1.9424195289611816
1952.8000000000002,1.944636583328247
1952.9,1.9375625848770142
1953.0000000000002,1.9431369304656982
1953.1000000000001,1.9472099542617798
1953.2,1.9336634874343872
1953.3000000000002,1.949187159538269
1953.4,1.9484610557556152
1953.5000000000002,1.9355251789093018
1953.6000000000001,1.9290101528167725
1953.7,1.9448657035827637
1953.8000000000002,1.9433218240737915
1953.9,1.9452060461044312
1954.0000000000002,1.9533963203430176
1954.1000000000001,1.9492099285125732
1954.2,1.9329584836959839
1954.3000000000002,1.9458991289138794
1954.4,1.9427618980407715
1954.5000000000002,1.9462673664093018
1954.6000000000001,1.9368467330932617
1954.7,1.934898018836975
1954.8000000000002,1.9495021104812622
1954.9,1.9343503713607788
1955.0000000000002,1.9467507600784302
1955.1000000000001,1.9359210729599
1955.2,1.9422942399978638
1955.3000000000002,1.9456685781478882
1955.4,1.9290071725845337
1955.5000000000002,1.94473135471344
1955.6000000000001,1.9413496255874634
1955.7,1.9480212926864624
1955.8000000000002,1.9416786432266235
1955.9,1.938789963722229
1956.0000000000002,1.9345811605453491
1956.1000000000001,1.9412661790847778
1956.2,1.9447802305221558
1956.3000000000002,1.9455691576004028
1956.4,1.946289300918579
1956.5000000000002,1.9356811046600342
1956.6000000000001,1.9320738315582275
1956.7,1.9418493509292603
1956.8000000000002,1.947718620300293
1956.9,1.9468517303466797
1957.0000000000002,1.9274095296859741
1957.1000000000001,1.9417513608932495
1957.2,1.935426115989685
1957.3000000000002,1.9398311376571655
1957.4,1.9527041912078857
1957.5000000000002,1.9474910497665405
1957.6000000000001,1.9498745203018188
1957.7,1.93891441822052
1957.8000000000002,1.9463220834732056
1957.9,1.9406061172485352
1958.0000000000002,1.9423272609710693
1958.1000000000001,1.9352729320526123
1958.2,1.9353101253509521
1958.3000000000002,1.9446614980697632
1958.4,1.9336929321289062
1958.5000000000002,1.9474214315414429
1958.6000000000001,1.9364291429519653
1958.7,1.9430954456329346
1958.8000000000002,1.9503722190856934
1958.9,1.9472126960754395
1959.0000000000002,1.931511402130127
1959.1000000000001,1.9325865507125854
1959.2,1.9403624534606934
1959.3000000000002,1.9243924617767334
1959.4,1.9293262958526611
1959.5000000000002,1.93563973903656
1959.6000000000001,1.9368256330490112
1959.7,1.9332643747329712
1959.8000000000002,1.9361212253570557
1959.9,1.9382059574127197
1960.0000000000002,1.936079740524292
1960.1000000000001,1.9390355348587036
1960.2,1.9448528289794922
1960.3000000000002,1.9471347332000732
1960.4,1.9483489990234375
1960.5000000000002,1.9461575746536255
1960.6000000000001,1.9374315738677979
1960.7,1.9424808025360107
1960.8000000000002,1.9416898488998413
1960.9,1.9277228116989136
1961.0000000000002,1.938915729522705
1961.1000000000001,1.9447202682495117
1961.2,1.9387784004211426
1961.3000000000002,1.9388949871063232
1961.4,1.9414756298065186
1961.5000000000002,1.9472718238830566
1961.6000000000001,1.9341901540756226
1961.7,1.9423562288284302
1961.8000000000002,1.9316900968551636
1961.9,1.9431499242782593
1962.0000000000002,1.9346626996994019
1962.1000000000001,1.9526880979537964
1962.2,1.948083519935608
1962.3000000000002,1.9384671449661255
1962.4,1.9338231086730957
1962.5000000000002,1.950270175933838
1962.6000000000001,1.9442164897918701
1962.7,1.9398473501205444
1962.8000000000002,1.934149146080017
1962.9,1.9416345357894897
1963.0000000000002,1.932558536529541
1963.1000000000001,1.9332942962646484
1963.2,1.9294856786727905
1963.3000000000002,1.9390161037445068
1963.4,1.9430296421051025
1963.5000000000002,1.9525703191757202
1963.6000000000001,1.9413528442382812
1963.7,1.9461085796356201
1963.8000000000002,1.9349923133850098
1963.9,1.9367071390151978
1964.0000000000002,1.9419405460357666
1964.1000000000001,1.9346760511398315
1964.2,1.9392074346542358
1964.3000000000002,1.9340513944625854
1964.4,1.9325766563415527
1964.5000000000002,1.9378671646118164
1964.6000000000001,1.9323989152908325
1964.7,1.9514797925949097
1964.8000000000002,1.941557765007019
1964.9,1.9335308074951172
1965.0000000000002,1.9308704137802124
1965.1000000000001,1.9434969425201416
1965.2,1.937139868736267
1965.3000000000002,1.9341585636138916
1965.4,1.936060905456543
1965.5000000000002,1.9355628490447998
1965.6000000000001,1.9403486251831055
1965.7,1.9423960447311401
1965.8000000000002,1.9338443279266357
1965.9,1.935472846031189
1966.0000000000002,1.9444881677627563
1966.1000000000001,1.9338324069976807
1966.2,1.9302736520767212
1966.3000000000002,1.9428048133850098
1966.4,1.9453657865524292
1966.5000000000002,1.9473938941955566
1966.6000000000001,1.9463815689086914
1966.7,1.9413731098175049
1966.8000000000002,1.9247090816497803
1966.9,1.9441876411437988
1967.0000000000002,1.9390314817428589
1967.1000000000001,1.9339616298675537
1967.2,1.9373633861541748
1967.3000000000002,1.9425891637802124
1967.4,1.9408215284347534
1967.5000000000002,1.940407156944275
1967.6000000000001,1.9247324466705322
1967.7,1.9399080276489258
1967.8000000000002,1.931857943534851
1967.9,1.9438012838363647
1968.0000000000002,1.945090413093567
1968.1000000000001,1.9321422576904297
1968.2,1.9369138479232788
1968.3000000000002,1.9403339624404907
1968.4,1.9428884983062744
1968.5000000000002,1.9414036273956299
1968.6000000000001,1.943263053894043
1968.7,1.9297149181365967
1968.8000000000002,1.9309937953948975
1968.9,1.940814733505249
1969.0000000000002,1.9348928928375244
1969.1000000000001,1.9474260807037354
1969.2,1.9475067853927612
1969.3000000000002,1.9424631595611572
1969.4,1.9358961582183838
1969.5000000000002,1.9256919622421265
1969.6000000000001,1.9242576360702515
1969.7,1.9473741054534912
1969.8000000000002,1.932248830795288
1969.9,1.9398791790008545
1970.0000000000002,1.9425196647644043
1970.1000000000001,1.938322901725769
1970.2,1.9380708932876587
1970.3000000000002,1.9381273984909058
1970.4,1.9261839389801025
1970.5000000000002,1.9255400896072388
1970.6000000000001,1.93185293674469
1970.7,1.9296647310256958
1970.8000000000002,1.9360594749450684
1970.9,1.9407144784927368
1971.0000000000002,1.9368313550949097
1971.1000000000001,1.9477219581604004
1971.2,1.9395443201065063
1971.3000000000002,1.937530517578125
1971.4,1.9350212812423706
1971.5000000000002,1.9416452646255493
1971.6000000000001,1.9297935962677002
1971.7,1.9388093948364258
1971.8000000000002,1.9304783344268799
1971.9,1.9351444244384766
1972.0000000000002,1.9309502840042114
1972.1000000000001,1.9318907260894775
1972.2,1.9325705766677856
1972.3000000000002,1.9232012033462524
1972.4,1.9456448554992676
1972.5000000000002,1.9350764751434326
1972.6000000000001,1.937256932258606
1972.7,1.9404274225234985
1972.8000000000002,1.9414033889770508
1972.9,1.9397865533828735
1973.0000000000002,1.9420496225357056
1973.1000000000001,1.9425805807113647
1973.2,1.94209885597229
1973.3000000000002,1.9348124265670776
1973.4,1.935638427734375
1973.5000000000002,1.93768310546875
1973.6000000000001,1.9311084747314453
1973.7,1.9387294054031372
1973.8000000000002,1.9424299001693726
1973.9,1.9302785396575928
1974.0000000000002,1.9385055303573608
1974.1000000000001,1.9274051189422607
1974.2,1.937543511390686
1974.3000000000002,1.9328075647354126
1974.4,1.9247575998306274
1974.5000000000002,1.9400599002838135
1974.6000000000001,1.9315825700759888
1974.7,1.9448801279067993
1974.8000000000002,1.9189199209213257
1974.9,1.935617446899414
1975.0000000000002,1.9407402276992798
1975.1000000000001,1.933699369430542
1975.2,1.9312970638275146
1975.3000000000002,1.9341214895248413
1975.4,1.9341214895248413
1975.5000000000002,1.9374817609786987
1975.6000000000001,1.9301087856292725
1975.7,1.930972695350647
1975.8000000000002,1.9313637018203735
1975.9,1.9414565563201904
1976.0000000000002,1.93367338180542
1976.1000000000001,1.9442626237869263
1976.2,1.9400784969329834
1976.3000000000002,1.9415923357009888
1976.4,1.9363141059875488
1976.5000000000002,1.9397917985916138
1976.6000000000001,1.9364968538284302
1976.7,1.9301905632019043
1976.8000000000002,1.939634919166565
1976.9,1.9378315210342407
1977.0000000000002,1.9302725791931152
1977.1000000000001,1.9358857870101929
1977.2,1.944636583328247
1977.3000000000002,1.937788724899292
1977.4,1.9416069984436035
1977.5000000000002,1.9331130981445312
1977.6000000000001,1.9451693296432495
1977.7,1.934592843055725
1977.8000000000002,1.9306495189666748
1977.9,1.9289292097091675
1978.0000000000002,1.9407544136047363
1978.1000000000001,1.937893033027649
1978.2,1.9316680431365967
1978.3000000000002,1.9286190271377563
1978.4,1.925727367401123
1978.5000000000002,1.934951901435852
1978.6000000000001,1.9358570575714111
1978.7,1.9336892366409302
1978.8000000000002,1.9513312578201294
1978.9,1.9282124042510986
1979.0000000000002,1.9304498434066772
1979.1000000000001,1.934769868850708
1979.2,1.9320367574691772
1979.3000000000002,1.929276704788208
1979.4,1.9368419647216797
1979.5000000000002,1.944993257522583
1979.6000000000001,1.9392893314361572
1979.7,1.931371808052063
1979.8000000000002,1.937722086906433
1979.9,1.9397052526474
1980.0000000000002,1.9276124238967896
1980.1000000000001,1.9455608129501343
1980.2,1.9389749765396118
1980.3000000000002,1.9335442781448364
1980.4,1.936805009841919
1980.5000000000002,1.9380167722702026
1980.6000000000001,1.9292269945144653
1980.7,1.9374459981918335
1980.8000000000002,1.938171148300171
1980.9,1.9250800609588623
1981.0000000000002,1.928193211555481
1981.1000000000001,1.940307378768921
1981.2,1.9445093870162964
1981.3000000000002,1.9303306341171265
1981.4,1.923190951347351
1981.5000000000002,1.926160454750061
1981.6000000000001,1.9491997957229614
1981.7,1.9363349676132202
1981.8000000000002,1.939085602760315
1981.9,1.9457582235336304
1982.0000000000002,1.9159506559371948
1982.1000000000001,1.9202131032943726
1982.2,1.933245301246643
1982.3000000000002,1.9412741661071777
1982.4,1.9319802522659302
1982.5000000000002,1.9305107593536377
1982.6000000000001,1.934999704360962
1982.7,1.9215351343154907
1982.8000000000002,1.9471226930618286
1982.9,1.9245495796203613
1983.0000000000002,1.9452003240585327
1983.1000000000001,1.9370275735855103
1983.2,1.9352457523345947
1983.3000000000002,1.9295574426651
1983.4,1.9350502490997314
1983.5000000000002,1.9296318292617798
1983.6000000000001,1.9456838369369507
1983.7,1.9277547597885132
1983.8000000000002,1.9298361539840698
1983.9,1.9310840368270874
1984.0000000000002,1.9392732381820679
1984.1000000000001,1.9305760860443115
1984.2,1.9322692155838013
1984.3000000000002,1.9386823177337646
1984.4,1.9293779134750366
1984.5000000000002,1.9300984144210815
1984.6000000000001,1.934766173362732
1984.7,1.936192274093628
1984.8000000000002,1.9231796264648438
1984.9,1.933655023574829
1985.0000000000002,1.9232041835784912
1985.1000000000001,1.9310959577560425
1985.2,1.9352107048034668
1985.3000000000002,1.9500374794006348
1985.4,1.9333767890930176
1985.5000000000002,1.9450434446334839
1985.6000000000001,1.9344267845153809
1985.7,1.9315083026885986
1985.8000000000002,1.9331598281860352
1985.9,1.9354500770568848
1986.0000000000002,1.9299125671386719
1986.1000000000001,1.9334384202957153
1986.2,1.9360525608062744
1986.3000000000002,1.92754065990448
1986.4,1.9249680042266846
1986.5000000000002,1.9427542686462402
1986.6000000000001,1.9355031251907349
1986.7,1.9402529001235962
1986.8000000000002,1.929484486579895
1986.9,1.9425956010818481
1987.0000000000002,1.9419517517089844
1987.1000000000001,1.9278733730316162
1987.2,1.9313825368881226
1987.3000000000002,1.938080072402954
1987.4,1.9292250871658325
1987.5000000000002,1.9325567483901978
1987.6000000000001,1.9288986921310425
1987.7,1.9367210865020752
1987.8000000000002,1.9251327514648438
1987.9,1.9434481859207153
1988.0000000000002,1.9371260404586792
1988.1000000000001,1.9395520687103271
1988.2,1.9325637817382812
1988.3000000000002,1.9380619525909424
1988.4,1.9313669204711914
1988.5000000000002,1.9350684881210327
1988.6000000000001,1.9413893222808838
1988.7,1.9279115200042725
1988.8000000000002,1.9371615648269653
1988.9,1.9349457025527954
1989.0000000000002,1.9258038997650146
1989.1000000000001,1.9341418743133545
1989.2,1.9246140718460083
1989.3000000000002,1.9393351078033447
1989.4,1.9273878335952759
1989.5000000000002,1.9264024496078491
1989.6000000000001,1.9259443283081055
1989.7,1.9403806924819946
1989.8000000000002,1.9311623573303223
1989.9,1.9406994581222534
1990.0000000000002,1.927342414855957
1990.1000000000001,1.9386321306228638
1990.2,1.9320169687271118
1990.3000000000002,1.9298012256622314
1990.4,1.9282480478286743
1990.5000000000002,1.9350043535232544
1990.6000000000001,1.9426285028457642
1990.7,1.942388892173767
1990.8000000000002,1.9258638620376587
1990.9,1.9230098724365234
1991.0000000000002,1.9469934701919556
1991.1000000000001,1.9394712448120117
1991.2,1.9322319030761719
1991.3000000000002,1.936028242111206
1991.4,1.9477993249893188
1991.5000000000002,1.9358479976654053
1991.6000000000001,1.937339425086975
1991.7,1.938958764076233
1991.8000000000002,1.9290887117385864
1991.9,1.9340693950653076
1992.0000000000002,1.9346582889556885
1992.1000000000001,1.937554121017456
1992.2,1.9329053163528442
1992.3000000000002,1.9324522018432617
1992.4,1.9407562017440796
1992.5000000000002,1.9297621250152588
1992.6000000000001,1.929003119468689
1992.7,1.924560546875
1992.8000000000002,1.9304691553115845
1992.9,1.9279671907424927
1993.0000000000002,1.9334903955459595
1993.1000000000001,1.9305588006973267
1993.2,1.931018590927124
1993.3000000000002,1.9379888772964478
1993.4,1.9369816780090332
1993.5000000000002,1.9404773712158203
1993.6000000000001,1.9244321584701538
1993.7,1.9295532703399658
1993.8000000000002,1.940895438194275
1993.9,1.9375276565551758
1994.0000000000002,1.9324041604995728
1994.1000000000001,1.932206153869629
1994.2,1.9339882135391235
1994.3000000000002,1.9307820796966553
1994.4,1.9352678060531616
1994.5000000000002,1.9219062328338623
1994.6000000000001,1.9318029880523682
1994.7,1.9376298189163208
1994.8000000000002,1.932241678237915
1994.9,1.939308762550354
1995.0000000000002,1.9292973279953003
1995.1000000000001,1.9362010955810547
1995.2,1.9257112741470337
1995.3000000000002,1.9389208555221558
1995.4,1.9439650774002075
1995.5000000000002,1.930071473121643
1995.6000000000001,1.9392255544662476
1995.7,1.9307565689086914
1995.8000000000002,1.932010293006897
1995.9,1.937781572341919
1996.0000000000002,1.9269323348999023
1996.1000000000001,1.9203064441680908
1996.2,1.9399333000183105
1996.3000000000002,1.9231934547424316
1996.4,1.9339195489883423
1996.5000000000002,1.9249430894851685
1996.6000000000001,1.9165257215499878
1996.7,1.9267592430114746
1996.8000000000002,1.935932993888855
1996.9,1.9369837045669556
1997.0000000000002,1.9275890588760376
1997.1000000000001,1.9186129570007324
1997.2,1.9474443197250366
1997.3000000000002,1.9282952547073364
1997.4,1.9413636922836304
1997.5000000000002,1.9336059093475342
1997.6000000000001,1.9442800283432007
1997.7,1.925222635269165
1997.8000000000002,1.9276189804077148
1997.9,1.9337462186813354
1998.0000000000002,1.9274486303329468
1998.1000000000001,1.9298123121261597
1998.2,1.9376071691513062
1998.3000000000002,1.944653034210205
1998.4,1.9353195428848267
1998.5000000000002,1.943097710609436
1998.6000000000001,1.9254229068756104
1998.7,1.941459059715271
1998.8000000000002,1.9350939989089966
1998.9,1.942518711090088
1999.0000000000002,1.947313666343689
1999.1000000000001,1.9390991926193237
1999.2,1.9426590204238892
1999.3000000000002,1.9282901287078857
1999.4,1.9328804016113281
1999.5000000000002,1.93910551071167
1999.6000000000001,1.9291216135025024
1999.7,1.9370976686477661
1999.8000000000002,1.9473061561584473
1999.9,1.9456363916397095
2000.0000000000002,1.9379173517227173
2000.1000000000001,1.9338728189468384
2000.2,1.9295132160186768
2000.3000000000002,1.9388681650161743
2000.4,1.9332895278930664
2000.5000000000002,1.9332484006881714
2000.6000000000001,1.9460169076919556
2000.7,1.9298874139785767
2000.8000000000002,1.9294154644012451
2000.9,1.936141848564148
2001.0000000000002,1.9355411529541016
2001.1000000000001,1.9240527153015137
2001.2,1.9185559749603271
2001.3000000000002,1.939303994178772
2001.4,1.928923487663269
2001.5000000000002,1.9446637630462646
2001.6000000000001,1.945389747619629
2001.7,1.9311213493347168
2001.8000000000002,1.940191626548767
2001.9,1.9393539428710938
2002.0000000000002,1.928115963935852
2002.1000000000001,1.9274638891220093
2002.2,1.9415555000305176
2002.3000000000002,1.936031460762024
2002.4,1.9348726272583008
2002.5000000000002,1.933838129043579
2002.6000000000001,1.9272797107696533
2002.7,1.925766110420227
2002.8000000000002,1.9452557563781738
2002.9,1.9341505765914917
2003.0000000000002,1.9314184188842773
2003.1000000000001,1.9326295852661133
2003.2,1.9346833229064941
2003.3000000000002,1.926037073135376
2003.4,1.9330898523330688
2003.5000000000002,1.9245926141738892
2003.6000000000001,1.9329352378845215
2003.7,1.928932785987854
2003.8000000000002,1.9412953853607178
2003.9,1.93306565284729
2004.0000000000002,1.9360815286636353
2004.1000000000001,1.928341269493103
2004.2,1.93989098072052
2004.3000000000002,1.934909462928772
2004.4,1.9400403499603271
2004.5000000000002,1.9327173233032227
2004.6000000000001,1.9281563758850098
2004.7,1.9279919862747192
2004.8000000000002,1.9279731512069702
2004.9,1.935569405555725
2005.0000000000002,1.9397958517074585
2005.1000000000001,1.9448920488357544
2005.2,1.9404406547546387
2005.3000000000002,1.947643518447876
2005.4,1.9276577234268188
2005.5000000000002,1.92861008644104
2005.6000000000001,1.9272397756576538
2005.7,1.9428350925445557
2005.8000000000002,1.9287161827087402
2005.9,1.9327343702316284
2006.0000000000002,1.9302891492843628
2006.1000000000001,1.940767526626587
2006.2,1.9393620491027832
2006.3000000000002,1.9354356527328491
2006.4,1.9357677698135376
2006.5000000000002,1.9315286874771118
2006.6000000000001,1.9360909461975098
2006.7,1.9373373985290527
2006.8000000000002,1.9319299459457397
2006.9,1.93594229221344
2007.0000000000002,1.9342586994171143
2007.1000000000001,1.9390672445297241
2007.2,1.929084300994873
2007.3000000000002,1.9262531995773315
2007.4,1.930287480354309
2007.5000000000002,1.9347859621047974
2007.6000000000001,1.9177582263946533
2007.7,1.9213454723358154
2007.8000000000002,1.9348013401031494
2007.9,1.9346351623535156
2008.0000000000002,1.9469319581985474
2008.1000000000001,1.9491702318191528
2008.2,1.9372549057006836
2008.3000000000002,1.9344431161880493
2008.4,1.9423127174377441
2008.5000000000002,1.9394665956497192
2008.6000000000001,1.9394785165786743
2008.7,1.9361923933029175
2008.8000000000002,1.9285308122634888
2008.9,1.9272825717926025
2009.0000000000002,1.9321963787078857
2009.1000000000001,1.932905912399292
2009.2,1.929995059967041
2009.3000000000002,1.943681001663208
2009.4,1.9275236129760742
2009.5000000000002,1.9465340375900269
2009.6000000000001,1.9424409866333008
2009.7,1.9390637874603271
2009.8000000000002,1.922208309173584
2009.9,1.9445390701293945
2010.0000000000002,1.9422883987426758
2010.1000000000001,1.944510579109192
2010.2,1.9399877786636353
2010.3000000000002,1.9438745975494385
2010.4,1.9348894357681274
2010.5000000000002,1.9317363500595093
2010.6000000000001,1.934858798980713
2010.7,1.9115281105041504
2010.8000000000002,1.9415388107299805
2010.9,1.9296057224273682
2011.0000000000002,1.9292330741882324
2011.1000000000001,1.9253965616226196
2011.2,1.9433093070983887
2011.3000000000002,1.945227861404419
2011.4,1.9364172220230103
2011.5000000000002,1.9303104877471924
2011.6000000000001,1.9253344535827637
2011.7,1.9306347370147705
2011.8000000000002,1.9412238597869873
2011.9,1.9485129117965698
2012.0000000000002,1.9326201677322388
2012.1000000000001,1.9575645923614502
2012.2,1.9264780282974243
2012.3000000000002,1.9462711811065674
2012.4,1.9295748472213745
2012.5000000000002,1.9232832193374634
2012.6000000000001,1.9423307180404663
2012.7,1.9354851245880127
2012.8000000000002,1.932557225227356
2012.9,1.9313161373138428
2013.0000000000002,1.9348771572113037
2013.1000000000001,1.9332292079925537
2013.2,1.932388424873352
2013.3000000000002,1.9347642660140991
2013.4,1.9284621477127075
2013.5000000000002,1.9426435232162476
2013.6000000000001,1.9386409521102905
2013.7,1.9310351610183716
2013.8000000000002,1.9355409145355225
2013.9,1.9455856084823608
2014.0000000000002,1.922485589981079
2014.1000000000001,1.9374505281448364
2014.2,1.9340031147003174
2014.3000000000002,1.9237394332885742
2014.4,1.932154655456543
2014.5000000000002,1.942500114440918
2014.6000000000001,1.9228788614273071
2014.7,1.9423234462738037
2014.8000000000002,1.9365051984786987
2014.9,1.9452975988388062
2015.0000000000002,1.9438813924789429
2015.1000000000001,1.935468077659607
2015.2,1.952387809753418
2015.3000000000002,1.9376462697982788
2015.4,1.9369125366210938
2015.5000000000002,1.9344587326049805
2015.6000000000001,1.9370025396347046
2015.7,1.9371763467788696
2015.8000000000002,1.9432220458984375
2015.9,1.9343059062957764
2016.2,1.936149001121521
2016.2,1.9244107007980347
2016.2,1.921355128288269
2016.3000000000002,1.949623703956604
2016.4,1.9285273551940918
2016.5000000000002,1.9388347864151
2016.6000000000001,1.9277896881103516
2016.7,1.9349783658981323
2016.8000000000002,1.9387791156768799
2016.9,1.9294787645339966
2017.0000000000002,1.932715892791748
2017.1000000000001,1.9426674842834473
2017.2,1.9365692138671875
2017.3000000000002,1.9449870586395264
2017.4,1.9310529232025146
2017.5000000000002,1.9286434650421143
2017.6000000000001,1.9354710578918457
2017.7,1.9350067377090454
2017.8000000000002,1.932345986366272
2017.9,1.9368176460266113
2018.0000000000002,1.9351215362548828
2018.1000000000001,1.9307949542999268
2018.2,1.9458160400390625
2018.3000000000002,1.9480663537979126
2018.4,1.9434195756912231
2018.5000000000002,1.9398767948150635
2018.6000000000001,1.942927360534668
2018.7,1.928419828414917
2018.8000000000002,1.9320189952850342
2018.9,1.9522730112075806
2019.0000000000002,1.9333399534225464
2019.1000000000001,1.9396072626113892
2019.2,1.9347946643829346
2019.3000000000002,1.943625807762146
2019.4,1.935863971710205
2019.5000000000002,1.93467378616333
2019.6000000000001,1.9437425136566162
2019.7,1.9366285800933838
2019.8000000000002,1.9250181913375854
2019.9,1.9418590068817139
2020.0000000000002,1.9467095136642456
2020.1000000000001,1.929635763168335
2020.2,1.934666633605957
2020.3000000000002,1.9430056810379028
2020.4,1.9431999921798706
2020.5000000000002,1.9415181875228882
2020.6000000000001,1.944522738456726
2020.7,1.9469162225723267
2020.8000000000002,1.9353584051132202
2020.9,1.9480328559875488
2021.0000000000002,1.936422348022461
2021.1000000000001,1.9508806467056274
2021.2,1.9349069595336914
2021.3000000000002,1.9373644590377808
2021.4,1.936562418937683
2021.5000000000002,1.9434117078781128
2021.6000000000001,1.940175175666809
2021.7,1.9437204599380493
2021.8000000000002,1.9472485780715942
2021.9,1.9354190826416016
2022.0000000000002,1.9496920108795166
2022.1000000000001,1.9443392753601074
2022.2,1.9334022998809814
2022.3000000000002,1.9341920614242554
2022.4,1.9350125789642334
2022.5000000000002,1.9334492683410645
2022.6000000000001,1.9354292154312134
2022.7,1.9369474649429321
2022.8000000000002,1.9379327297210693
2022.9,1.9309914112091064
2023.0000000000002,1.940582513809204
2023.1000000000001,1.9492113590240479
2023.2,1.9353821277618408
2023.3000000000002,1.9415194988250732
2023.4,1.9386413097381592
2023.5000000000002,1.928124189376831
2023.6000000000001,1.944690227508545
2023.7,1.9436894655227661
2023.8000000000002,1.9516408443450928
2023.9,1.932665467262268
2024.0000000000002,1.9421261548995972
2024.1000000000001,1.9455530643463135
2024.2,1.9208964109420776
2024.3000000000002,1.9461396932601929
2024.4,1.9198658466339111
2024.5000000000002,1.9435731172561646
2024.6000000000001,1.936809778213501
2024.7,1.9565449953079224
2024.8000000000002,1.9437559843063354
2024.9,1.9373105764389038
2025.0000000000002,1.9335118532180786
2025.1000000000001,1.9461339712142944
2025.2,1.9279333353042603
2025.3000000000002,1.9314838647842407
2025.4,1.9355201721191406
2025.5000000000002,1.9467759132385254
2025.6000000000001,1.934779405593872
2025.7,1.946149468421936
2025.8000000000002,1.9422938823699951
2025.9,1.9448963403701782
2026.0000000000002,1.9451993703842163
2026.1000000000001,1.9277945756912231
2026.2,1.9390795230865479
2026.3000000000002,1.9443765878677368
2026.4,1.9362632036209106
2026.5000000000002,1.9311541318893433
2026.6000000000001,1.937538981437683
2026.7,1.9356186389923096
2026.8000000000002,1.9513310194015503
2026.9,1.9443159103393555
2027.0000000000002,1.933146595954895
2027.1000000000001,1.9383018016815186
2027.2,1.9356178045272827
2027.3000000000002,1.949721097946167
2027.4,1.9455846548080444
2027.5000000000002,1.9355748891830444
2027.6000000000001,1.948400616645813
2027.7,1.9478046894073486
2027.8000000000002,1.940576195716858
2027.9,1.9405450820922852
2028.0000000000002,1.9340627193450928
2028.1000000000001,1.9412280321121216
2028.2,1.9445422887802124
2028.3000000000002,1.944909930229187
2028.4,1.9454522132873535
2028.5000000000002,1.9561339616775513
2028.6000000000001,1.9426829814910889
2028.7,1.9276771545410156
2028.8000000000002,1.9510278701782227
2028.9,1.9499801397323608
2029.0000000000002,1.945125699043274
2029.1000000000001,1.9558182954788208
2029.2,1.9255644083023071
2029.3000000000002,1.9421002864837646
2029.4,1.9368375539779663
2029.5000000000002,1.9352847337722778
2029.6000000000001,1.9484357833862305
2029.7,1.938504695892334
2029.8000000000002,1.949816107749939
2029.9,1.9532017707824707
2030.0000000000002,1.9434826374053955
2030.1000000000001,1.9556472301483154
2030.2,1.951187252998352
2030.3000000000002,1.9365856647491455
2030.4,1.9543242454528809
2030.5000000000002,1.948714256286621
2030.6000000000001,1.9422701597213745
2030.7,1.9495065212249756
2030.8000000000002,1.9491877555847168
2030.9,1.9440244436264038
2031.0000000000002,1.9367815256118774
2031.1000000000001,1.9473289251327515
2031.2,1.9398577213287354
2031.3000000000002,1.9492887258529663
2031.4,1.9346504211425781
2031.5000000000002,1.9396295547485352
2031.6000000000001,1.942237377166748
2031.7,1.9449138641357422
2031.8000000000002,1.9533265829086304
2031.9,1.9500335454940796
2032.0000000000002,1.9526058435440063
2032.1000000000001,1.9496527910232544
2032.2,1.9425960779190063
2032.3000000000002,1.9424865245819092
2032.4,1.9516379833221436
2032.5000000000002,1.9368126392364502
2032.6000000000001,1.9448233842849731
2032.7,1.9495781660079956
2032.8000000000002,1.9445353746414185
2032.9,1.9560391902923584
2033.0000000000002,1.943664312362671
2033.1000000000001,1.9381166696548462
2033.2,1.938902735710144
2033.3000000000002,1.948302149772644
2033.4,1.9503196477890015
2033.5000000000002,1.9367176294326782
2033.6000000000001,1.9460004568099976
2033.7,1.9340057373046875
2033.8000000000002,1.9526252746582031
2033.9,1.9408549070358276
2034.0000000000002,1.9452314376831055
2034.1000000000001,1.9374133348464966
2034.2,1.936226725578308
2034.3000000000002,1.9547007083892822
2034.4,1.9475518465042114
2034.5000000000002,1.9512083530426025
2034.6000000000001,1.9472283124923706
2034.7,1.9422632455825806
2034.8000000000002,1.9467217922210693
2034.9,1.95059072971344
2035.0000000000002,1.9491794109344482
2035.1000000000001,1.9484691619873047
2035.2,1.9416513442993164
2035.3000000000002,1.9469077587127686
2035.4,1.9456923007965088
2035.5000000000002,1.941655158996582
2035.6000000000001,1.938275694847107
2035.7,1.9420137405395508
2035.8000000000002,1.951980710029602
2035.9,1.9419206380844116
2036.0000000000002,1.9489833116531372
2036.1000000000001,1.9566349983215332
2036.2,1.9403560161590576
2036.3000000000002,1.9484997987747192
2036.4,1.9471368789672852
2036.5000000000002,1.9433780908584595
2036.6000000000001,1.9288444519042969
2036.7,1.9450891017913818
2036.8000000000002,1.9401235580444336
2036.9,1.950157880783081
2037.0000000000002,1.9429224729537964
2037.1000000000001,1.9527689218521118
2037.2,1.9550318717956543
2037.3000000000002,1.94723379611969
2037.4,1.9494051933288574
2037.5000000000002,1.9392873048782349
2037.6000000000001,1.9542773962020874
2037.7,1.9407449960708618
2037.8000000000002,1.9507828950881958
2037.9,1.957182765007019
2038.0000000000002,1.9421501159667969
2038.1000000000001,1.9428520202636719
2038.2,1.9452664852142334
2038.3000000000002,1.9481136798858643
2038.4,1.9443634748458862
2038.5000000000002,1.9407448768615723
2038.6000000000001,1.9475445747375488
2038.7,1.9545842409133911
2038.8000000000002,1.958399772644043
2038.9,1.9457882642745972
2039.0000000000002,1.9511338472366333
2039.1000000000001,1.9495701789855957
2039.2,1.9388189315795898
2039.3000000000002,1.9511321783065796
2039.4,1.9563376903533936
2039.5000000000002,1.9476827383041382
2039.6000000000001,1.943724513053894
2039.7,1.9514225721359253
2039.8000000000002,1.9530187845230103
2039.9,1.9515060186386108
2040.0000000000002,1.94126296043396
2040.1000000000001,1.948959469795227
2040.2,1.9458330869674683
2040.3000000000002,1.948034644126892
2040.4,1.9602510929107666
2040.5000000000002,1.9548388719558716
2040.6000000000001,1.9531959295272827
2040.7,1.9378697872161865
2040.8000000000002,1.9543358087539673
2040.9,1.9414719343185425
2041.0000000000002,1.9501276016235352
2041.1000000000001,1.9588921070098877
2041.2,1.952916145324707
2041.3000000000002,1.9428638219833374
2041.4,1.9495731592178345
2041.5000000000002,1.946225881576538
2041.6000000000001,1.9305604696273804
2041.7,1.9579883813858032
2041.8000000000002,1.9625494480133057
2041.9,1.958588719367981
2042.0000000000002,1.947245478630066
2042.1000000000001,1.9638139009475708
2042.2,1.947790265083313
2042.3000000000002,1.9586029052734375
2042.4,1.9599204063415527
2042.5000000000002,1.9549709558486938
2042.6000000000001,1.948702335357666
2042.7,1.9392709732055664
2042.8000000000002,1.963076114654541
2042.9,1.9503240585327148
2043.0000000000002,1.9558640718460083
2043.1000000000001,1.9485827684402466
2043.2,1.9492311477661133
2043.3000000000002,1.9616780281066895
2043.4,1.9595640897750854
2043.5000000000002,1.9484769105911255
2043.6000000000001,1.9488672018051147
2043.7,1.9365179538726807
2043.8000000000002,1.9509479999542236
2043.9,1.9539138078689575
2044.0000000000002,1.9412678480148315
2044.1000000000001,1.9546349048614502
2044.2,1.9582706689834595
2044.3000000000002,1.9549341201782227
2044.4,1.947221279144287
2044.5000000000002,1.9473332166671753
2044.6000000000001,1.9474601745605469
2044.7,1.9572956562042236
2044.8000000000002,1.9450629949569702
2044.9,1.9441502094268799
2045.0000000000002,1.9514158964157104
2045.1000000000001,1.9397480487823486
2045.2,1.949501872062683
2045.3000000000002,1.9514074325561523
2045.4,1.9587851762771606
2045.5000000000002,1.9590858221054077
2045.6000000000001,1.953718662261963
2045.7,1.9577547311782837
2045.8000000000002,1.9594504833221436
2045.9,1.9515262842178345
2046.0000000000002,1.971526026725769
2046.1000000000001,1.9551434516906738
2046.2,1.9490399360656738
2046.3000000000002,1.955209732055664
2046.4,1.947051763534546
2046.5000000000002,1.9644838571548462
2046.6000000000001,1.9407817125320435
2046.7,1.9506285190582275
2046.8000000000002,1.9574041366577148
2046.9,1.9488999843597412
2047.0000000000002,1.930859923362732
2047.1000000000001,1.9615079164505005
2047.2,1.9652153253555298
2047.3000000000002,1.958975911140442
2047.4,1.950990080833435
2047.5000000000002,1.951217532157898
2047.6000000000001,1.9406828880310059
2047.7,1.9543856382369995
2047.8000000000002,1.9534393548965454
2047.9,1.9539765119552612
2048.0,1.957680106163025
2048.1,1.937969446182251
2048.2000000000003,1.953519344329834
2048.3,1.9436308145523071
2048.4,1.9547457695007324
2048.5,1.9449266195297241
2048.6,1.9642667770385742
2048.7000000000003,1.9665651321411133
2048.8,1.9473745822906494
2048.9,1.9686576128005981
2049.0,1.9511253833770752
2049.1,1.9569050073623657
2049.2000000000003,1.957513689994812
2049.3,1.9639021158218384
2049.4,1.9619390964508057
2049.5,1.9627156257629395
2049.6,1.958248257637024
2049.7000000000003,1.9554494619369507
2049.8,1.9557616710662842
2049.9,1.9658591747283936
2050.0,1.9504814147949219
2050.1,1.9591174125671387
2050.2000000000003,1.9647244215011597
2050.3,1.955649971961975
2050.4,1.9528605937957764
2050.5,1.9549431800842285
2050.6,1.9621483087539673
2050.7000000000003,1.9575008153915405
2050.8,1.9502754211425781
2050.9,1.9568883180618286
2051.0,1.9453915357589722
2051.1,1.9521288871765137
2051.2000000000003,1.960495948791504
2051.3,1.9577970504760742
2051.4,1.9571657180786133
2051.5,1.9547380208969116
2051.6,1.9473875761032104
2051.7000000000003,1.9486989974975586
2051.8,1.9487978219985962
2051.9,1.9617336988449097
2052.0,1.9523621797561646
2052.1,1.9533538818359375
2052.2000000000003,1.96302330493927
2052.3,1.957787036895752
2052.4,1.963375210762024
2052.5,1.9582781791687012
2052.6,1.9526801109313965
2052.7000000000003,1.9685719013214111
2052.8,1.965303659439087
2052.9,1.9485098123550415
2053.0,1.950051188468933
2053.1,1.9685860872268677
2053.2000000000003,1.9584318399429321
2053.3,1.9705487489700317
2053.4,1.964888334274292
2053.5,1.9556901454925537
2053.6,1.9579596519470215
2053.7000000000003,1.9670968055725098
2053.8,1.9601305723190308
2053.9,1.9678435325622559
2054.0,1.9508213996887207
2054.1,1.966191291809082
2054.2000000000003,1.9638831615447998
2054.3,1.9643568992614746
2054.4,1.969232201576233
2054.5,1.9475162029266357
2054.6,1.9536819458007812
2054.7000000000003,1.9570256471633911
2054.8,1.964690923690796
2054.9,1.964022159576416
2055.0,1.956922173500061
2055.1,1.9580821990966797
2055.2000000000003,1.9578886032104492
2055.3,1.9579113721847534
2055.4,1.9604687690734863
2055.5,1.9655531644821167
2055.6,1.960155963897705
2055.7000000000003,1.9623239040374756
2055.8,1.9508874416351318
2055.9,1.9653023481369019
2056.0,1.9700051546096802
2056.1,1.9630180597305298
2056.2000000000003,1.9673168659210205
2056.3,1.9566903114318848
2056.4,1.9566899538040161
2056.5,1.94989013671875
2056.6,1.9698193073272705
2056.7000000000003,1.9540297985076904
2056.8,1.9638986587524414
2056.9,1.9633584022521973
2057.0,1.9651707410812378
2057.1,1.9618974924087524
2057.2000000000003,1.9666728973388672
2057.3,1.9603840112686157
2057.4,1.9598846435546875
2057.5,1.9612669944763184
2057.6,1.9622422456741333
2057.7000000000003,1.9627395868301392
2057.8,1.9668606519699097
2057.9,1.9615386724472046
2058.0,1.9563512802124023
2058.1,1.9600681066513062
2058.2000000000003,1.9631330966949463
2058.3,1.9569456577301025
2058.4,1.9628047943115234
2058.5,1.9565342664718628
2058.6,1.9618358612060547
2058.7000000000003,1.954236626625061
2058.8,1.9685747623443604
2058.9,1.9633252620697021
2059.0,1.971023440361023
2059.1,1.966851830482483
2059.2000000000003,1.9679865837097168
2059.3,1.9644927978515625
2059.4,1.9586622714996338
2059.5,1.963001012802124
2059.6,1.9688456058502197
2059.7000000000003,1.9727150201797485
2059.8,1.9661848545074463
2059.9,1.9602899551391602
2060.0,1.9747645854949951
2060.1,1.959251880645752
2060.2000000000003,1.9587198495864868
2060.3,1.9645627737045288
2060.4,1.9676886796951294
2060.5,1.9766720533370972
2060.6,1.9623188972473145
2060.7000000000003,1.9670850038528442
2060.8,1.964390754699707
2060.9,1.9571598768234253
2061.0,1.961850881576538
2061.1,1.9683588743209839
2061.2000000000003,1.972822666168213
2061.3,1.9591126441955566
2061.4,1.9560898542404175
2061.5,1.9623677730560303
2061.6,1.9717575311660767
2061.7000000000003,1.9486689567565918
2061.8,1.9563182592391968
2061.9,1.9615904092788696
2062.0,1.9500761032104492
2062.1,1.960322618484497
2062.2000000000003,1.9620944261550903
2062.3,1.9656339883804321
2062.4,1.9680285453796387
2062.5,1.9660625457763672
2062.6,1.961126446723938
2062.7000000000003,1.9570645093917847
2062.8,1.9666510820388794
2062.9,1.9712979793548584
2063.0,1.9622867107391357
2063.1,1.9546239376068115
2063.2000000000003,1.9623537063598633
2063.3,1.9743633270263672
2063.4,1.9826503992080688
2063.5,1.962201476097107
2063.6,1.9737361669540405
2063.7000000000003,1.9736677408218384
2063.8,1.965941071510315
2063.9,1.9659674167633057
2064.0,1.9680169820785522
2064.1,1.9759409427642822
2064.2000000000003,1.9597432613372803
2064.3,1.9769673347473145
2064.4,1.9621127843856812
2064.5,1.9610110521316528
2064.6,1.9591717720031738
2064.7000000000003,1.9585052728652954
2064.8,1.9666063785552979
2064.9,1.9690150022506714
2065.0,1.9688289165496826
2065.1,1.9629814624786377
2065.2000000000003,1.964181661605835
2065.3,1.9748036861419678
2065.4,1.9748677015304565
2065.5,1.9625755548477173
2065.6,1.9708645343780518
2065.7000000000003,1.9675511121749878
2065.8,1.971888780593872
2065.9,1.9749678373336792
2066.0,1.975995659828186
2066.1,1.9616624116897583
2066.2000000000003,1.9749475717544556
2066.3,1.9733604192733765
2066.4,1.967241644859314
2066.5,1.9770417213439941
2066.6,1.980486512184143
2066.7000000000003,1.9746696949005127
2066.8,1.9749313592910767
2066.9,1.9696688652038574
2067.0,1.971746802330017
2067.1,1.9627265930175781
2067.2000000000003,1.9635940790176392
2067.3,1.9724328517913818
2067.4,1.9639933109283447
2067.5,1.9727323055267334
2067.6,1.9856088161468506
2067.7000000000003,1.9673686027526855
2067.8,1.9756566286087036
2067.9,1.972389578819275
2068.0,1.978119134902954
2068.1,1.9659593105316162
2068.2000000000003,1.9658769369125366
2068.3,1.9855493307113647
2068.4,1.973189353942871
2068.5,1.9758780002593994
2068.6,1.9602065086364746
2068.7000000000003,1.9787263870239258
2068.8,1.9584100246429443
2068.9,1.966586709022522
2069.0,1.973578691482544
2069.1,1.977583885192871
2069.2000000000003,1.9704855680465698
2069.3,1.97910737991333
2069.4,1.9747601747512817
2069.5,1.9789032936096191
2069.6,1.967679500579834
2069.7000000000003,1.973646879196167
2069.8,1.9567596912384033
2069.9,1.9764797687530518
2070.0,1.9720162153244019
2070.1,1.9739681482315063
2070.2000000000003,1.973401427268982
2070.3,1.9782459735870361
2070.4,1.9674211740493774
2070.5,1.9797956943511963
2070.6,1.9784154891967773
2070.7000000000003,1.987971305847168
2070.8,1.98024320602417
2070.9,1.9759405851364136
2071.0,1.971625566482544
2071.1,1.9782079458236694
2071.2000000000003,1.9852434396743774
2071.3,1.970814824104309
2071.4,1.9600439071655273
2071.5,1.9819164276123047
2071.6,1.9765903949737549
2071.7000000000003,1.9797532558441162
2071.8,1.9655053615570068
2071.9,1.9776960611343384
2072.0,1.9792842864990234
2072.1,1.975295901298523
2072.2000000000003,1.970099687576294
2072.3,1.980995774269104
2072.4,1.9756793975830078
2072.5,1.9854536056518555
2072.6,1.9583817720413208
2072.7000000000003,1.9749771356582642
2072.8,1.973605751991272
2072.9,1.9821101427078247
2073.0,1.9799447059631348
2073.1,1.9827579259872437
2073.2000000000003,1.9742587804794312
2073.3,1.9761751890182495
2073.4,1.9699214696884155
2073.5,1.9870423078536987
2073.6,1.9792308807373047
2073.7000000000003,1.978374719619751
2073.8,1.9839764833450317
2073.9,1.9761958122253418
2074.0,1.9912846088409424
2074.1,1.97976815700531
2074.2000000000003,1.9826406240463257
2074.3,1.9852367639541626
2074.4,1.9757391214370728
2074.5,1.9781866073608398
2074.6,1.9766234159469604
2074.7000000000003,1.9843227863311768
2074.8,1.9709872007369995
2074.9,1.9721858501434326
2075.0,1.9803884029388428
2075.1,1.9817142486572266
2075.2000000000003,1.9853906631469727
2075.3,1.9783085584640503
2075.4,1.9797332286834717
2075.5,1.9783821105957031
2075.6,1.976908564567566
2075.7000000000003,1.981346607208252
2075.8,1.9884052276611328
2075.9,1.9849326610565186
2076.0,1.9797724485397339
2076.1,1.9772924184799194
2076.2000000000003,1.9855313301086426
2076.3,1.9853885173797607
2076.4,1.9816904067993164
2076.5,1.980863094329834
2076.6,1.981400728225708
2076.7000000000003,1.98935067653656
2076.8,1.9785690307617188
2076.9,1.9804184436798096
2077.0,1.9836617708206177
2077.1,1.9811965227127075
2077.2000000000003,1.967889666557312
2077.3,1.9849509000778198
2077.4,1.9812113046646118
2077.5,1.9902441501617432
2077.6,1.98216712474823
2077.7000000000003,1.9915618896484375
2077.8,1.977778434753418
2077.9,1.9774549007415771
2078.0,1.9870539903640747
2078.1,1.9855709075927734
2078.2000000000003,1.9739010334014893
2078.3,1.9836757183074951
2078.4,1.9937056303024292
2078.5,1.9873861074447632
2078.6,1.9804273843765259
2078.7000000000003,1.9940004348754883
2078.8,1.9724352359771729
2078.9,1.989916205406189
2079.0,1.9723275899887085
2079.1,1.9848558902740479
2079.2000000000003,1.9902880191802979
2079.3,1.9835057258605957
2079.4,1.9817519187927246
2079.5,1.9843709468841553
2079.6,1.9876723289489746
2079.7000000000003,1.9793249368667603
2079.8,1.9883220195770264
2079.9,1.9851948022842407
2080.0,1.982727289199829
2080.1,1.9699901342391968
2080.2000000000003,1.9861810207366943
2080.3,1.9842597246170044
2080.4,1.9914906024932861
2080.5,1.974203109741211
2080.6,1.9834269285202026
2080.7000000000003,1.97527015209198
2080.8,1.991770625114441
2080.9,1.9854263067245483
2081.0,1.9835618734359741
2081.1,1.9828962087631226
2081.2000000000003,1.9892503023147583
2081.3,1.98615562915802
2081.4,1.9807871580123901
2081.5,1.9890812635421753
2081.6,1.9779685735702515
2081.7000000000003,1.98551344871521
2081.8,1.9898359775543213
2081.9,1.9754506349563599
2082.0,1.9820778369903564
2082.1,1.9877268075942993
2082.2000000000003,1.9912065267562866
2082.3,1.9813798666000366
2082.4,1.9943621158599854
2082.5,1.9917058944702148
2082.6,1.9933456182479858
2082.7000000000003,1.9772014617919922
2082.8,1.990863561630249
2082.9,1.9913674592971802
2083.0,1.976378083229065
2083.1,1.9909652471542358
2083.2000000000003,1.984639048576355
2083.3,1.9860807657241821
2083.4,1.9831948280334473
2083.5,1.981329083442688
2083.6,1.9900661706924438
2083.7000000000003,1.9934536218643188
2083.8,1.9939604997634888
2083.9,1.9872651100158691
2084.0,1.9856332540512085
2084.1,1.9798901081085205
2084.2000000000003,1.9792072772979736
2084.3,1.987512469291687
2084.4,1.998106837272644
2084.5,1.9846770763397217
2084.6,2.0002059936523438
2084.7000000000003,1.9865682125091553
2084.8,1.9785099029541016
2084.9,1.9850441217422485
2085.0,1.9946385622024536
2085.1,1.9900099039077759
2085.2000000000003,1.9878816604614258
2085.3,1.97993004322052
2085.4,1.9867475032806396
2085.5,1.9895883798599243
2085.6,1.990817666053772
2085.7000000000003,1.9979945421218872
2085.8,1.998826503753662
2085.9,1.9825316667556763
2086.0,1.9902623891830444
2086.1,1.9891787767410278
2086.2000000000003,1.9882919788360596
2086.3,1.9797366857528687
2086.4,1.9839818477630615
2086.5,1.988111138343811
2086.6,1.994067668914795
2086.7000000000003,1.9947248697280884
2086.8,1.9892901182174683
2086.9,1.981980562210083
2087.0,1.9935725927352905
2087.1,1.9871644973754883
2087.2000000000003,1.996188759803772
2087.3,1.984479308128357
2087.4,1.998807430267334
2087.5,1.9935824871063232
2087.6,1.9857549667358398
2087.7000000000003,2.003626585006714
2087.8,1.9820553064346313
2087.9,1.9922212362289429
2088.0,1.9979784488677979
2088.1,1.997841477394104
2088.2000000000003,1.9931533336639404
2088.3,1.9966763257980347
2088.4,1.992424488067627
2088.5,2.006485939025879
2088.6,1.9955981969833374
2088.7000000000003,1.9933229684829712
2088.8,1.9875792264938354
2088.9,1.9934500455856323
2089.0,1.9812504053115845
2089.1,1.9924085140228271
2089.2000000000003,1.9868968725204468
2089.3,1.9860323667526245
2089.4,1.990018367767334
2089.5,1.9907866716384888
2089.6,1.9957658052444458
2089.7000000000003,1.9929864406585693
2089.8,1.9909113645553589
2089.9,1.989997148513794
2090.0,2.000190019607544
2090.1,2.0006237030029297
2090.2000000000003,1.9833039045333862
2090.3,2.0022997856140137
2090.4,2.0016684532165527
2090.5,1.9958925247192383
2090.6,1.9947463274002075
2090.7000000000003,1.987810492515564
2090.8,1.978074312210083
2090.9,1.9998213052749634
2091.0,2.00603985786438
2091.1,1.9821374416351318
2091.2000000000003,1.9947786331176758
2091.3,1.9960473775863647
2091.4,2.004843235015869
2091.5,1.9999439716339111
2091.6,1.9969271421432495
2091.7000000000003,2.005479574203491
2091.8,2.0064542293548584
2091.9,1.9818141460418701
2092.0,1.989805817604065
2092.1,1.9989416599273682
2092.2000000000003,2.0018110275268555
2092.3,2.0062367916107178
2092.4,2.0072848796844482
2092.5,2.0045716762542725
2092.6,2.005934476852417
2092.7000000000003,1.9953402280807495
2092.8,1.999529480934143
2092.9,2.0011725425720215
2093.0,2.0060060024261475
2093.1,1.9975792169570923
2093.2000000000003,1.9989029169082642
2093.3,1.9971537590026855
2093.4,2.006983995437622
2093.5,1.99972403049469
2093.6,2.003614664077759
2093.7000000000003,1.9907305240631104
2093.8,1.995889663696289
2093.9,1.9909253120422363
2094.0,2.000275135040283
2094.1,2.0044405460357666
2094.2000000000003,1.9919967651367188
2094.3,1.9884036779403687
2094.4,1.9989367723464966
2094.5,1.9999043941497803
2094.6,1.9892562627792358
2094.7000000000003,1.994493842124939
2094.8,2.003124475479126
2094.9,1.9977540969848633
2095.0,1.9974170923233032
2095.1,2.0018115043640137
2095.2000000000003,2.0110862255096436
2095.3,1.9963641166687012
2095.4,1.9935617446899414
2095.5,2.0075836181640625
2095.6,1.9941322803497314
2095.7000000000003,2.011486768722534
2095.8,2.013091802597046
2095.9,2.001110315322876
2096.0,1.9812133312225342
2096.1,2.009385347366333
2096.2000000000003,2.0123424530029297
2096.3,2.0028810501098633
2096.4,1.9937890768051147
2096.5,2.0069375038146973
2096.6,1.9950095415115356
2096.7000000000003,1.9966001510620117
2096.8,2.0007705688476562
2096.9,2.005048990249634
2097.0,2.0082733631134033
2097.1,2.0040817260742188
2097.2000000000003,2.0035459995269775
2097.3,2.0002665519714355
2097.4,2.0133821964263916
2097.5,1.9948844909667969
2097.6,2.01027250289917
2097.7000000000003,2.0118298530578613
2097.8,2.0020883083343506
2097.9,1.999534249305725
2098.0,2.0018367767333984
2098.1,2.008305788040161
2098.2000000000003,2.003993511199951
2098.3,2.001987934112549
2098.4,2.0059707164764404
2098.5,2.0060648918151855
2098.6,2.0013246536254883
2098.7000000000003,2.000311851501465
2098.8,2.011131525039673
2098.9,2.0019164085388184
2099.0,1.9927242994308472
2099.1,2.018800973892212
2099.2000000000003,2.0074005126953125
2099.3,2.0042884349823
2099.4,1.9972240924835205
2099.5,2.010124683380127
2099.6,2.0084340572357178
2099.7000000000003,2.005178689956665
2099.8,2.012657403945923
2099.9,2.0118541717529297
2100.0,2.0052247047424316
2100.1,2.0028135776519775
2100.2000000000003,1.9996787309646606
2100.3,2.010305881500244
2100.4,2.01576828956604
2100.5,2.0170655250549316
2100.6,2.0116629600524902
2100.7000000000003,2.0013067722320557
2100.8,2.015740156173706
2100.9,2.002333402633667
2101.0,2.0125977993011475
2101.1,2.010082721710205
2101.2000000000003,2.020975351333618
2101.3,1.994431972503662
2101.4,2.017146587371826
2101.5,2.019192695617676
2101.6,2.007552146911621
2101.7000000000003,2.004500150680542
2101.8,2.0071394443511963
2101.9,2.009746551513672
2102.0,2.0182933807373047
2102.1,2.0172998905181885
2102.2000000000003,2.01705002784729
2102.3,2.00173020362854
2102.4,2.017479419708252
2102.5,2.0128777027130127
2102.6,2.0114517211914062
2102.7000000000003,2.01405930519104
2102.8,2.0076279640197754
2102.9,2.0168185234069824
2103.0,2.0043962001800537
2103.1,2.0122296810150146
2103.2000000000003,2.0092504024505615
2103.3,2.007636547088623
2103.4,2.0069127082824707
2103.5,2.0092391967773438
2103.6,2.0235190391540527
2103.7000000000003,2.011950731277466
2103.8,2.010406494140625
2103.9,2.005326747894287
2104.0,2.010380983352661
2104.1,2.01590633392334
2104.2000000000003,2.0104854106903076
2104.3,2.015410900115967
2104.4,2.007868528366089
2104.5,2.014718532562256
2104.6,2.0052449703216553
2104.7000000000003,2.016664981842041
2104.8,2.011763572692871
2104.9,2.0146148204803467
2105.0,2.013256072998047
2105.1,2.016101360321045
2105.2000000000003,2.0024561882019043
2105.3,2.0215017795562744
2105.4,2.017533540725708
2105.5,2.004551887512207
2105.6,2.0073399543762207
2105.7000000000003,2.000323534011841
2105.8,2.008815050125122
2105.9,2.013190984725952
2106.0,2.022691249847412
2106.1,2.030766010284424
2106.2000000000003,2.009404420852661
2106.3,2.007236957550049
2106.4,2.017367124557495
2106.5,2.0140388011932373
2106.6,2.024864912033081
2106.7000000000003,2.0227622985839844
2106.8,2.0110206604003906
2106.9,2.0112175941467285
2107.0,2.0135140419006348
2107.1,2.0266754627227783
2107.2000000000003,2.0093700885772705
2107.3,2.0222606658935547
2107.4,2.016528606414795
2107.5,2.003295660018921
2107.6,2.0159285068511963
2107.7000000000003,2.0054872035980225
2107.8,2.018557548522949
2107.9,2.0190274715423584
2108.0,2.022371292114258
2108.1,2.0197317600250244
2108.2000000000003,2.0202486515045166
2108.3,2.022493600845337
2108.4,2.0107007026672363
2108.5,2.021620988845825
2108.6,2.0188894271850586
2108.7000000000003,2.019829273223877
2108.8,2.0173425674438477
2108.9,2.0216073989868164
2109.0,2.021279811859131
2109.1,2.0218379497528076
2109.2000000000003,2.02415132522583
2109.3,2.022907018661499
2109.4,2.017685651779175
2109.5,2.0286941528320312
2109.6,2.0216801166534424
2109.7000000000003,2.020169973373413
2109.8,2.0244271755218506
2109.9,2.0256597995758057
2110.0,2.020576238632202
2110.1,2.024963855743408
2110.2000000000003,2.030170202255249
2110.3,2.02048921585083
2110.4,2.0160412788391113
2110.5,2.018739938735962
2110.6,2.0303287506103516
2110.7000000000003,2.0284364223480225
2110.8,2.0054538249969482
2110.9,2.0173709392547607
2111.0,2.023287773132324
2111.1,2.0132861137390137
2111.2000000000003,2.0288798809051514
2111.3,2.0240705013275146
2111.4,2.019164562225342
2111.5,2.0283758640289307
2111.6,2.0281636714935303
2111.7000000000003,2.0158920288085938
2111.8,2.0164449214935303
2111.9,2.0175652503967285
2112.0,2.0085840225219727
2112.1,2.023373603820801
2112.2000000000003,2.0333523750305176
2112.3,2.024754762649536
2112.4,2.0365352630615234
2112.5,2.019413948059082
2112.6,2.0218005180358887
2112.7000000000003,2.0232231616973877
2112.8,2.022860527038574
2112.9,2.0072717666625977
2113.0,2.0190646648406982
2113.1,2.019444704055786
2113.2000000000003,2.0240211486816406
2113.3,2.0355958938598633
2113.4,2.0197362899780273
2113.5,2.0175931453704834
2113.6,2.016592025756836
2113.7000000000003,2.02726149559021
2113.8,2.0333261489868164
2113.9,2.023834466934204
2114.0,2.0264978408813477
2114.1,2.028769016265869
2114.2000000000003,2.023885726928711
2114.3,2.028291702270508
2114.4,2.0237314701080322
2114.5,2.0310797691345215
2114.6,2.036010265350342
2114.7000000000003,2.021456003189087
2114.8,2.0326945781707764
2114.9,2.0363290309906006
2115.0,2.0173277854919434
2115.1,2.037750482559204
2115.2000000000003,2.0411436557769775
2115.3,2.0258641242980957
2115.4,2.039456367492676
2115.5,2.0278661251068115
2115.6,2.031442403793335
2115.7000000000003,2.0278139114379883
2115.8,2.031219959259033
2115.9,2.038731336593628
2116.0,2.0329885482788086
2116.1,2.0301480293273926
2116.2000000000003,2.0375583171844482
2116.3,2.0342371463775635
2116.4,2.025266647338867
2116.5,2.0346243381500244
2116.6,2.0244176387786865
2116.7000000000003,2.0290393829345703
2116.8,2.0365147590637207
2116.9,2.0257327556610107
2117.0,2.04049015045166
2117.1,2.0413880348205566
2117.2000000000003,2.0260677337646484
2117.3,2.0302231311798096
2117.4,2.0260770320892334
2117.5,2.028815269470215
2117.6,2.0299196243286133
2117.7000000000003,2.0304384231567383
2117.8,2.0247864723205566
2117.9,2.0391249656677246
2118.0,2.0273430347442627
2118.1,2.031754732131958
2118.2000000000003,2.024843692779541
2118.3,2.0326130390167236
2118.4,2.033154010772705
2118.5,2.033966541290283
2118.6,2.027383804321289
2118.7000000000003,2.0372819900512695
2118.8,2.0237748622894287
2118.9,2.036553144454956
2119.0,2.0405619144439697
2119.1,2.0342490673065186
2119.2000000000003,2.026712656021118
2119.3,2.0278711318969727
2119.4,2.038745164871216
2119.5,2.0363149642944336
2119.6,2.0337493419647217
2119.7000000000003,2.0351812839508057
2119.8,2.033449649810791
2119.9,2.0417332649230957
2120.0,2.0335030555725098
2120.1,2.038193464279175
2120.2000000000003,2.0412397384643555
2120.3,2.0220680236816406
2120.4,2.037921905517578
2120.5,2.033717393875122
2120.6,2.030912399291992
2120.7000000000003,2.0352559089660645
2120.8,2.026205062866211
2120.9,2.0252974033355713
2121.0,2.0346949100494385
2121.1,2.030527353286743
2121.2000000000003,2.0415070056915283
2121.3,2.0201709270477295
2121.4,2.0456278324127197
2121.5,2.042663335800171
2121.6,2.0350072383880615
2121.7000000000003,2.0411078929901123
2121.8,2.041949987411499
2121.9,2.0380666255950928
2122.0,2.031968832015991
2122.1,2.041389226913452
2122.2000000000003,2.033916473388672
2122.3,2.0492374897003174
2122.4,2.034522294998169
2122.5,2.032980442047119
2122.6,2.03544020652771
2122.7000000000003,2.046898365020752
2122.8,2.0387535095214844
2122.9,2.032196044921875
2123.0,2.0296106338500977
2123.1,2.047041893005371
2123.2000000000003,2.0459609031677246
2123.3,2.03977108001709
2123.4,2.035292387008667
2123.5,2.031059980392456
2123.6,2.0307652950286865
2123.7000000000003,2.0366146564483643
2123.8,2.0261635780334473
2123.9,2.040557384490967
2124.0,2.0361392498016357
2124.1,2.042970895767212
2124.2000000000003,2.0560216903686523
2124.3,2.042843818664551
2124.4,2.0457756519317627
2124.5,2.05005145072937
2124.6,2.040414810180664
2124.7000000000003,2.0360405445098877
2124.8,2.0305216312408447
2124.9,2.0511703491210938
2125.0,2.0496585369110107
2125.1,2.0540213584899902
2125.2000000000003,2.0487446784973145
2125.3,2.045983076095581
2125.4,2.045149564743042
2125.5,2.0490283966064453
2125.6,2.0380914211273193
2125.7000000000003,2.0496697425842285
2125.8,2.050168037414551
2125.9,2.0511207580566406
2126.0,2.0514121055603027
2126.1,2.047050952911377
2126.2000000000003,2.0502357482910156
2126.3,2.0382297039031982
2126.4,2.0368125438690186
2126.5,2.0404860973358154
2126.6,2.0484580993652344
2126.7000000000003,2.0459418296813965
2126.8,2.0405349731445312
2126.9,2.0511932373046875
2127.0,2.0442328453063965
2127.1,2.0503079891204834
2127.2000000000003,2.0476810932159424
2127.3,2.045508623123169
2127.4,2.0438995361328125
2127.5,2.036699056625366
2127.6,2.0426127910614014
2127.7000000000003,2.047915458679199
2127.8,2.0503642559051514
2127.9,2.0457870960235596
2128.0,2.0277457237243652
2128.1,2.0412533283233643
2128.2000000000003,2.045769453048706
2128.3,2.05293607711792
2128.4,2.048438549041748
2128.5,2.0515780448913574
2128.6,2.0522940158843994
2128.7000000000003,2.051703691482544
2128.8,2.0393855571746826
2128.9,2.0461363792419434
2129.0,2.053593158721924
2129.1,2.0633606910705566
2129.2000000000003,2.046416997909546
2129.3,2.0490269660949707
2129.4,2.056628942489624
2129.5,2.038536310195923
2129.6,2.0368812084198
2129.7000000000003,2.050121784210205
2129.8,2.054142951965332
2129.9,2.048572063446045
2130.0,2.0577731132507324
2130.1,2.0297224521636963
2130.2000000000003,2.048064708709717
2130.3,2.0412485599517822
2130.4,2.0527842044830322
2130.5,2.055037260055542
2130.6,2.052915334701538
2130.7000000000003,2.0387253761291504
2130.8,2.0367236137390137
2130.9,2.0567781925201416
2131.0,2.038454055786133
2131.1,2.0429749488830566
2131.2000000000003,2.0523910522460938
2131.3,2.0615127086639404
2131.4,2.0424561500549316
2131.5,2.057323455810547
2131.6,2.0471348762512207
2131.7000000000003,2.0449576377868652
2131.8,2.055905818939209
2131.9,2.0538783073425293
2132.0,2.04306960105896
2132.1,2.057896614074707
2132.2000000000003,2.05550479888916
2132.3,2.0531280040740967
2132.4,2.0535171031951904
2132.5,2.061868906021118
2132.6,2.0428011417388916
2132.7000000000003,2.0407721996307373
2132.8,2.048380136489868
2132.9,2.0524654388427734
2133.0,2.044398069381714
2133.1,2.0384185314178467
2133.2000000000003,2.0618255138397217
2133.3,2.045515298843384
2133.4,2.0651564598083496
2133.5,2.0573787689208984
2133.6,2.066147565841675
2133.7000000000003,2.0590615272521973
2133.8,2.062530994415283
2133.9,2.051403760910034
2134.0,2.057070255279541
2134.1,2.0569658279418945
2134.2000000000003,2.0559027194976807
2134.3,2.0656721591949463
2134.4,2.0636913776397705
2134.5,2.0592358112335205
2134.6,2.065514326095581
2134.7000000000003,2.0542869567871094
2134.8,2.0650267601013184
2134.9,2.059617519378662
2135.0,2.0621132850646973
2135.1,2.052020311355591
2135.2000000000003,2.0595970153808594
2135.3,2.050783634185791
2135.4,2.062283754348755
2135.5,2.064997911453247
2135.6,2.071166753768921
2135.7000000000003,2.0682313442230225
2135.8,2.053793430328369
2135.9,2.056457042694092
2136.0,2.0628252029418945
2136.1,2.061673879623413
2136.2000000000003,2.048093318939209
2136.3,2.0729012489318848
2136.4,2.049736261367798
2136.5,2.059140920639038
2136.6,2.060447931289673
2136.7000000000003,2.0615694522857666
2136.8,2.0532562732696533
2136.9,2.0613200664520264
2137.0,2.0575666427612305
2137.1,2.0656256675720215
2137.6,2.0524585247039795
2137.6,2.0547218322753906
2137.6,2.0439980030059814
2137.6,2.0562744140625
2137.6,2.0551505088806152
2137.7000000000003,2.0611870288848877
2137.8,2.071625232696533
2137.9,2.0593459606170654
2138.0,2.0669703483581543
2138.1,2.047520160675049
2138.2000000000003,2.0518436431884766
2138.3,2.0694336891174316
2138.4,2.0548880100250244
2138.5,2.0656204223632812
2138.6,2.0580859184265137
2138.7000000000003,2.0625126361846924
2138.8,2.0659446716308594
2138.9,2.067455291748047
2139.0,2.068803071975708
2139.1,2.064310312271118
2139.2000000000003,2.059964895248413
2139.3,2.057798147201538
2139.4,2.0691161155700684
2139.5,2.051006317138672
2139.6,2.065638542175293
2139.7000000000003,2.0628905296325684
2139.8,2.058781385421753
2139.9,2.0701098442077637
2140.0,2.0534136295318604
2140.1,2.063244342803955
2140.2000000000003,2.0771877765655518
2140.3,2.075784206390381
2140.4,2.0602598190307617
2140.5,2.0693821907043457
2140.6,2.0610170364379883
2140.7000000000003,2.061960220336914
2140.8,2.0707244873046875
2140.9,2.06219482421875
2141.0,2.0636887550354004
2141.1,2.069105625152588
2141.2000000000003,2.067307472229004
2141.3,2.062873363494873
2141.4,2.0766003131866455
2141.5,2.074429988861084
2141.6,2.0746824741363525
2141.7000000000003,2.079123020172119
2141.8,2.058920383453369
2141.9,2.0660104751586914
2142.0,2.0679705142974854
2142.1,2.0649378299713135
2142.2000000000003,2.0606558322906494
2142.3,2.0575315952301025
2142.4,2.076073408126831
2142.5,2.0756564140319824
2142.6,2.060774087905884
2142.7000000000003,2.0639736652374268
2142.8,2.064021587371826
2142.9,2.059880256652832
2143.0,2.063352346420288
2143.1,2.069430112838745
2143.2000000000003,2.0720489025115967
2143.3,2.066894292831421
2143.4,2.0792315006256104
2143.5,2.0695860385894775
2143.6,2.063692092895508
2143.7000000000003,2.066026210784912
2143.8,2.071690082550049
2143.9,2.0652108192443848
2144.0,2.068161725997925
2144.1,2.0603792667388916
2144.2000000000003,2.064521312713623
2144.3,2.0747287273406982
2144.4,2.075244903564453
2144.5,2.069063186645508
2144.6,2.073500871658325
2144.7000000000003,2.0626277923583984
2144.8,2.0763745307922363
2144.9,2.0592000484466553
2145.0,2.0711796283721924
2145.1,2.0729689598083496
2145.2000000000003,2.059685230255127
2145.3,2.0709359645843506
2145.4,2.0688297748565674
2145.5,2.0629804134368896
2145.6,2.068129062652588
2145.7000000000003,2.0829341411590576
2145.8,2.060736894607544
2145.9,2.0612471103668213
2146.0,2.065420627593994
2146.1,2.0849814414978027
2146.2000000000003,2.078437566757202
2146.3,2.078486442565918
2146.4,2.0757594108581543
2146.5,2.081533670425415
2146.6,2.0771169662475586
2146.7000000000003,2.0698957443237305
2146.8,2.0836522579193115
2146.9,2.079500675201416
2147.0,2.0691349506378174
2147.1,2.0707037448883057
2147.2000000000003,2.078105926513672
2147.3,2.0795834064483643
2147.4,2.0707647800445557
2147.5,2.0794947147369385
2147.6,2.079829692840576
2147.7000000000003,2.0719165802001953
2147.8,2.079679012298584
2147.9,2.0804054737091064
2148.0,2.085991144180298
2148.1,2.0743165016174316
2148.2000000000003,2.07794451713562
2148.3,2.0723087787628174
2148.4,2.080040216445923
2148.5,2.0736072063446045
2148.6,2.071704387664795
2148.7000000000003,2.0682156085968018
2148.8,2.0735952854156494
2148.9,2.0588560104370117
2149.0,2.084123134613037
2149.1,2.058856725692749
2149.2000000000003,2.0787782669067383
2149.3,2.079029083251953
2149.4,2.061368703842163
2149.5,2.07401704788208
2149.6,2.083418130874634
2149.7000000000003,2.078974485397339
2149.8,2.0817677974700928
2149.9,2.0827763080596924
2150.0,2.0821120738983154
2150.1,2.0871756076812744
2150.2000000000003,2.083061933517456
2150.3,2.0954346656799316
2150.4,2.0780763626098633
2150.5,2.0711357593536377
2150.6,2.0743465423583984
2150.7000000000003,2.076659917831421
2150.8,2.0841758251190186
2150.9,2.0847158432006836
2151.0,2.086099147796631
2151.1,2.080331563949585
2151.2000000000003,2.060173511505127
2151.3,2.088520050048828
2151.4,2.0846714973449707
2151.5,2.066906213760376
2151.6,2.077523946762085
2151.7000000000003,2.0733327865600586
2151.8,2.0877292156219482
2151.9,2.0827996730804443
2152.0,2.0844476222991943
2152.1,2.0880539417266846
2152.2000000000003,2.0735862255096436
2152.3,2.0798678398132324
2152.4,2.088027000427246
2152.5,2.0806922912597656
2152.6,2.090308427810669
2152.7000000000003,2.0845253467559814
2152.8,2.0954928398132324
2152.9,2.0882811546325684
2153.0,2.083301067352295
2153.1,2.0989348888397217
2153.2000000000003,2.0776968002319336
2153.3,2.082606315612793
2153.4,2.0918424129486084
2153.5,2.0707247257232666
2153.6,2.078303337097168
2153.7000000000003,2.0904147624969482
2153.8,2.088107109069824
2153.9,2.0785632133483887
2154.0,2.0931107997894287
2154.1,2.094768524169922
2154.2000000000003,2.0880022048950195
2154.3,2.0795345306396484
2154.4,2.0796420574188232
2154.5,2.0897483825683594
2154.6,2.0742578506469727
2154.7000000000003,2.096632242202759
2154.8,2.0891857147216797
2154.9,2.0973031520843506
2155.0,2.0838258266448975
2155.1,2.0953667163848877
2155.2000000000003,2.0873897075653076
2155.3,2.079641580581665
2155.4,2.0928127765655518
2155.5,2.0853192806243896
2155.6,2.0897650718688965
2155.7000000000003,2.0865325927734375
2155.8,2.086517810821533
2155.9,2.081942081451416
2156.0,2.0808846950531006
2156.1,2.0809943675994873
2156.2000000000003,2.1015610694885254
2156.3,2.0786385536193848
2156.4,2.103468656539917
2156.5,2.0915064811706543
2156.6,2.0884974002838135
2156.7000000000003,2.0900559425354004
2156.8,2.097107410430908
2156.9,2.086890459060669
2157.0,2.0862059593200684
2157.1,2.0899925231933594
2157.2000000000003,2.0949387550354004
2157.3,2.110630750656128
2157.4,2.08970308303833
2157.5,2.0865116119384766
2157.6,2.0909423828125
2157.7000000000003,2.0832717418670654
2157.8,2.0853919982910156
2157.9,2.102226734161377
2158.0,2.094543933868408
2158.1,2.0981688499450684
2158.2000000000003,2.0905652046203613
2158.3,2.0947060585021973
2158.4,2.0882110595703125
2158.5,2.0959672927856445
2158.6,2.100281238555908
2158.7000000000003,2.089686632156372
2158.8,2.0829882621765137
2158.9,2.1057729721069336
2159.0,2.084867000579834
2159.1,2.094907760620117
2159.2000000000003,2.095341205596924
2159.3,2.0967631340026855
2159.4,2.0981650352478027
2159.5,2.0920891761779785
2159.6,2.0945043563842773
2159.7000000000003,2.09871506690979
2159.8,2.099130868911743
2159.9,2.1027281284332275
2160.0,2.1040022373199463
2160.1,2.096740484237671
2160.2000000000003,2.083486318588257
2160.3,2.0969460010528564
2160.4,2.1006991863250732
2160.5,2.1045725345611572
2160.6,2.0790817737579346
2160.7000000000003,2.1019325256347656
2160.8,2.10451340675354
2160.9,2.100214719772339
2161.0,2.088351011276245
2161.1,2.1036393642425537
2161.2000000000003,2.0978217124938965
2161.3,2.109205722808838
2161.4,2.101294994354248
2161.5,2.0939900875091553
2161.6,2.107837677001953
2161.7000000000003,2.1011600494384766
2161.8,2.0930185317993164
2161.9,2.0972135066986084
2162.0,2.098456382751465
2162.1,2.102867364883423
2162.2000000000003,2.105956792831421
2162.3,2.0994150638580322
2162.4,2.094851016998291
2162.5,2.1064836978912354
2162.6,2.1008548736572266
2162.7000000000003,2.1002230644226074
2162.8,2.106252908706665
2162.9,2.095499277114868
2163.0,2.105119466781616
2163.1,2.1119027137756348
2163.2000000000003,2.108180522918701
2163.3,2.097926139831543
2163.4,2.102155923843384
2163.5,2.101698398590088
2163.6,2.102721929550171
2163.7000000000003,2.1194446086883545
2163.8,2.0895283222198486
2163.9,2.097860097885132
2164.0,2.107870578765869
2164.1,2.113724708557129
2164.2000000000003,2.081207752227783
2164.3,2.1020138263702393
2164.4,2.0992610454559326
2164.5,2.1100316047668457
2164.6,2.0987284183502197
2164.7000000000003,2.096175193786621
2164.8,2.1054930686950684
2164.9,2.1131858825683594
2165.0,2.0916640758514404
2165.1,2.1126022338867188
2165.2000000000003,2.103121280670166
2165.3,2.0949835777282715
2165.4,2.1012794971466064
2165.5,2.1023638248443604
2165.6,2.1235809326171875
2165.7000000000003,2.116852283477783
2165.8,2.1038413047790527
2165.9,2.1080539226531982
2166.0,2.117072105407715
2166.1,2.0950024127960205
2166.2000000000003,2.089866876602173
2166.3,2.1072700023651123
2166.4,2.1140010356903076
2166.5,2.1206560134887695
2166.6,2.106931686401367
2166.7000000000003,2.1109437942504883
2166.8,2.104537010192871
2166.9,2.108668088912964
2167.0,2.1177072525024414
2167.1,2.097275733947754
2167.2000000000003,2.102168083190918
2167.3,2.114225387573242
2167.4,2.1183924674987793
2167.5,2.087827205657959
2167.6,2.1093950271606445
2167.7000000000003,2.098390579223633
2167.8,2.115375518798828
2167.9,2.0985500812530518
2168.0,2.113419532775879
2168.1,2.129323959350586
2168.2000000000003,2.1071903705596924
2168.3,2.1027908325195312
2168.4,2.112874984741211
2168.5,2.118140697479248
2168.6,2.106433391571045
2168.7000000000003,2.1177492141723633
2168.8,2.1207728385925293
2168.9,2.117374897003174
2169.0,2.120145559310913
2169.1,2.1033759117126465
2169.2000000000003,2.1168787479400635
2169.3,2.1200990676879883
2169.4,2.108933448791504
2169.5,2.1039462089538574
2169.6,2.1051034927368164
2169.7000000000003,2.112659215927124
2169.8,2.102787733078003
2169.9,2.1079258918762207
2170.0,2.1165382862091064
2170.1,2.110402822494507
2170.2000000000003,2.125614643096924
2170.3,2.105842113494873
2170.4,2.1164896488189697
2170.5,2.100975751876831
2170.6,2.1078169345855713
2170.7000000000003,2.1083717346191406
2170.8,2.1211771965026855
2170.9,2.1176791191101074
2171.0,2.1045961380004883
2171.1,2.1153817176818848
2171.2000000000003,2.1213796138763428
2171.3,2.1121888160705566
2171.4,2.1172902584075928
2171.5,2.1088521480560303
2171.6,2.1212360858917236
2171.7000000000003,2.1153695583343506
2171.8,2.1169533729553223
2171.9,2.1223785877227783
2172.0,2.1212642192840576
2172.1,2.113091230392456
2172.2000000000003,2.1169397830963135
2172.3,2.119741916656494
2172.4,2.1126625537872314
2172.5,2.117663621902466
2172.6,2.118086099624634
2172.7000000000003,2.115185022354126
2172.8,2.116680860519409
2172.9,2.1154091358184814
2173.0,2.1139273643493652
2173.1,2.1242263317108154
2173.2000000000003,2.1245179176330566
2173.3,2.116227388381958
2173.4,2.108872652053833
2173.5,2.1310603618621826
2173.6,2.1108264923095703
2173.7000000000003,2.1219990253448486
2173.8,2.125704765319824
2173.9,2.122481346130371
2174.0,2.121812582015991
2174.1,2.131603717803955
2174.2000000000003,2.126713275909424
2174.3,2.126176357269287
2174.4,2.1218440532684326
2174.5,2.1202707290649414
2174.6,2.1275384426116943
2174.7000000000003,2.118339776992798
2174.8,2.116710901260376
2174.9,2.1258010864257812
2175.0,2.1211206912994385
2175.1,2.1298420429229736
2175.2000000000003,2.131380081176758
2175.3,2.1184802055358887
2175.4,2.1127490997314453
2175.5,2.1197288036346436
2175.6,2.1287825107574463
2175.7000000000003,2.1437411308288574
2175.8,2.1229352951049805
2175.9,2.136603593826294
2176.0,2.1311326026916504
2176.1,2.1101551055908203
2176.2000000000003,2.1261749267578125
2176.3,2.117953300476074
2176.4,2.1259288787841797
2176.5,2.1330533027648926
2176.6,2.1247146129608154
2176.7000000000003,2.1273763179779053
2176.8,2.132962226867676
2176.9,2.1319215297698975
2177.0,2.1347556114196777
2177.1,2.1317436695098877
2177.2000000000003,2.1273536682128906
2177.3,2.116791009902954
2177.4,2.1265292167663574
2177.5,2.125643014907837
2177.6,2.126218795776367
2177.7000000000003,2.1190669536590576
2177.8,2.1255674362182617
2177.9,2.139427900314331
2178.0,2.1323366165161133
2178.1,2.128354072570801
2178.2000000000003,2.132841110229492
2178.3,2.131486654281616
2178.4,2.1485512256622314
2178.5,2.137909412384033
2178.6,2.1286942958831787
2178.7000000000003,2.1322193145751953
2178.8,2.1256613731384277
2178.9,2.109283924102783
2179.0,2.1333696842193604
2179.1,2.1384201049804688
2179.2000000000003,2.128241777420044
2179.3,2.14121675491333
2179.4,2.124811887741089
2179.5,2.140547037124634
2179.6,2.1366043090820312
2179.7000000000003,2.1188838481903076
2179.8,2.119765520095825
2179.9,2.126499891281128
2180.0,2.1325438022613525
2180.1,2.136054039001465
2180.2000000000003,2.136545181274414
2180.3,2.1404714584350586
2180.4,2.1352338790893555
2180.5,2.127246618270874
2180.6,2.138723373413086
2180.7000000000003,2.1270740032196045
2180.8,2.1402645111083984
2180.9,2.137720823287964
2181.0,2.1499719619750977
2181.1,2.1422319412231445
2181.2000000000003,2.1363985538482666
2181.3,2.1275434494018555
2181.4,2.1276261806488037
2181.5,2.126258134841919
2181.6,2.134537696838379
2181.7000000000003,2.1250956058502197
2181.8,2.133146286010742
2181.9,2.125284194946289
2182.0,2.1328284740448
2182.1,2.1260218620300293
2182.2000000000003,2.1405067443847656
2182.3,2.124479055404663
2182.4,2.1283884048461914
2182.5,2.14056396484375
2182.6,2.1314032077789307
2182.7000000000003,2.135939836502075
2182.8,2.1456894874572754
2182.9,2.136955738067627
2183.0,2.130918502807617
2183.1,2.1315758228302
2183.2000000000003,2.144315481185913
2183.3,2.133690595626831
2183.4,2.1427791118621826
2183.5,2.137427806854248
2183.6,2.1437292098999023
2183.7000000000003,2.1476528644561768
2183.8,2.1409409046173096
2183.9,2.1266086101531982
2184.0,2.1512060165405273
2184.1,2.1315979957580566
2184.2000000000003,2.138854503631592
2184.3,2.133129596710205
2184.4,2.1428933143615723
2184.5,2.135478973388672
2184.6,2.1426966190338135
2184.7000000000003,2.1444194316864014
2184.8,2.136802911758423
2184.9,2.126337766647339
2185.0,2.1413354873657227
2185.1,2.136672019958496
2185.2000000000003,2.131819486618042
2185.3,2.1299571990966797
2185.4,2.135291814804077
2185.5,2.1347243785858154
2185.6,2.1476805210113525
2185.7000000000003,2.1439132690429688
2185.8,2.1477389335632324
2185.9,2.15092396736145
2186.0,2.1420345306396484
2186.1,2.146627426147461
2186.2000000000003,2.1315276622772217
2186.3,2.14643931388855
2186.4,2.1479625701904297
2186.5,2.1481339931488037
2186.6,2.1460988521575928
2186.7000000000003,2.142526149749756
2186.8,2.1291911602020264
2186.9,2.13761830329895
2187.0,2.1517674922943115
2187.1,2.1545474529266357
2187.2000000000003,2.1476614475250244
2187.3,2.1443066596984863
2187.4,2.1502530574798584
2187.5,2.143082857131958
2187.6,2.131908893585205
2187.7000000000003,2.1361923217773438
2187.8,2.133667230606079
2187.9,2.155143976211548
2188.0,2.1431586742401123
2188.1,2.148228168487549
2188.2000000000003,2.1487247943878174
2188.3,2.1422665119171143
2188.4,2.1473913192749023
2188.5,2.150540351867676
2188.6,2.1575863361358643
2188.7000000000003,2.1315667629241943
2188.8,2.139892816543579
2188.9,2.1518967151641846
2189.0,2.153578042984009
2189.1,2.1498873233795166
2189.2000000000003,2.146545886993408
2189.3,2.146388530731201
2189.4,2.1569104194641113
2189.5,2.146711826324463
2189.6,2.1513803005218506
2189.7000000000003,2.1510984897613525
2189.8,2.1567957401275635
2189.9,2.1564383506774902
2190.0,2.1699047088623047
2190.1,2.146688222885132
2190.2000000000003,2.148444414138794
2190.3,2.1621129512786865
2190.4,2.145524024963379
2190.5,2.1550087928771973
2190.6000000000004,2.1527485847473145
2190.7000000000003,2.152862071990967
2190.8,2.1531474590301514
2190.9,2.1597976684570312
2191.0,2.1374270915985107
2191.1000000000004,2.1437203884124756
2191.2000000000003,2.1565206050872803
2191.3,2.153402805328369
2191.4,2.1513333320617676
2191.5,2.152496576309204
2191.6000000000004,2.1446268558502197
2191.7000000000003,2.155524969100952
2191.8,2.1578176021575928
2191.9,2.152639627456665
2192.0,2.1476731300354004
2192.1000000000004,2.162181854248047
2192.2000000000003,2.1608922481536865
2192.3,2.1482653617858887
2192.4,2.1667542457580566
2192.5,2.163252115249634
2192.6000000000004,2.1447789669036865
2192.7000000000003,2.1541225910186768
2192.8,2.152686357498169
2192.9,2.1447293758392334
2193.0,2.1537811756134033
2193.1000000000004,2.1586031913757324
2193.2000000000003,2.1453237533569336
2193.3,2.154815435409546
2193.4,2.1717541217803955
2193.5,2.15425968170166
2193.6000000000004,2.151870012283325
2193.7000000000003,2.1534805297851562
2193.8,2.153193712234497
2193.9,2.1637439727783203
2194.0,2.151888370513916
2194.1000000000004,2.1463959217071533
2194.2000000000003,2.1583938598632812
2194.3,2.1589982509613037
2194.4,2.1482226848602295
2194.5,2.1493136882781982
2194.6000000000004,2.1563937664031982
2194.7000000000003,2.1446595191955566
2194.8,2.163912534713745
2194.9,2.1523983478546143
2195.0,2.1573526859283447
2195.1000000000004,2.164701223373413
2195.2000000000003,2.162383794784546
2195.3,2.1510252952575684
2195.4,2.1534745693206787
2195.5,2.1591272354125977
2195.6000000000004,2.173020601272583
2195.7000000000003,2.1596317291259766
2195.8,2.1639657020568848
2195.9,2.1658151149749756
2196.0,2.1683428287506104
2196.1000000000004,2.161992073059082
2196.2000000000003,2.174048662185669
2196.3,2.1583094596862793
2196.4,2.167797327041626
2196.5,2.1608073711395264
2196.6000000000004,2.160278081893921
2196.7000000000003,2.161686897277832
2196.8,2.162005662918091
2196.9,2.164376974105835
2197.0,2.1629037857055664
2197.1000000000004,2.1633028984069824
2197.2000000000003,2.1527552604675293
2197.3,2.165149450302124
2197.4,2.1568782329559326
2197.5,2.160080671310425
2197.6000000000004,2.1506571769714355
2197.7000000000003,2.169405937194824
2197.8,2.158735513687134
2197.9,2.1621227264404297
2198.0,2.166335105895996
2198.1000000000004,2.169830560684204
2198.2000000000003,2.166713237762451
2198.3,2.167180061340332
2198.4,2.173312187194824
2198.5,2.1501245498657227
2198.6000000000004,2.1588728427886963
2198.7000000000003,2.17109751701355
2198.8,2.1613595485687256
2198.9,2.1621477603912354
2199.0,2.172180652618408
2199.1000000000004,2.1733360290527344
2199.2000000000003,2.1696486473083496
2199.3,2.1615140438079834
2199.4,2.1477699279785156
2199.5,2.168759346008301
2199.6000000000004,2.16937518119812
2199.7000000000003,2.168008327484131
2199.8,2.1649842262268066
2199.9,2.161935806274414
2200.0,2.1734161376953125
2200.1000000000004,2.16517972946167
2200.2000000000003,2.173853874206543
2200.3,2.1637864112854004
2200.4,2.169595718383789
2200.5,2.156874895095825
2200.6000000000004,2.1589832305908203
2200.7000000000003,2.1543943881988525
2200.8,2.1751086711883545
2200.9,2.1747796535491943
2201.0,2.169415235519409
2201.1000000000004,2.1738524436950684
2201.2000000000003,2.1625146865844727
2201.3,2.1683640480041504
2201.4,2.167701244354248
2201.5,2.175142765045166
2201.6000000000004,2.1652519702911377
2201.7000000000003,2.178429126739502
2201.8,2.1817779541015625
2201.9,2.175109624862671
2202.0,2.1633496284484863
2202.1000000000004,2.1801464557647705
2202.2000000000003,2.16430926322937
2202.3,2.160885810852051
2202.4,2.1703298091888428
2202.5,2.1815297603607178
2202.6000000000004,2.155832052230835
2202.7000000000003,2.182847023010254
2202.8,2.1799097061157227
2202.9,2.161947011947632
2203.0,2.18203067779541
2203.1000000000004,2.1656203269958496
2203.2000000000003,2.176440477371216
2203.3,2.1754517555236816
2203.4,2.1740317344665527
2203.5,2.181601047515869
2203.6000000000004,2.1749799251556396
2203.7000000000003,2.1666207313537598
2203.8,2.171750545501709
2203.9,2.1786413192749023
2204.0,2.189302682876587
2204.1000000000004,2.1704540252685547
2204.2000000000003,2.184584856033325
2204.3,2.1703693866729736
2204.4,2.169877767562866
2204.5,2.174542188644409
2204.6000000000004,2.1809818744659424
2204.7000000000003,2.1841588020324707
2204.8,2.1858866214752197
2204.9,2.175842046737671
2205.0,2.176881790161133
2205.1000000000004,2.179183006286621
2205.2000000000003,2.179995536804199
2205.3,2.178102970123291
2205.4,2.179293394088745
2205.5,2.1734776496887207
2205.6000000000004,2.181023597717285
2205.7000000000003,2.1844425201416016
2205.8,2.184777021408081
2205.9,2.1804275512695312
2206.0,2.1679978370666504
2206.1000000000004,2.167097330093384
2206.2000000000003,2.1757986545562744
2206.3,2.1753804683685303
2206.4,2.1763172149658203
2206.5,2.183469772338867
2206.6000000000004,2.1827542781829834
2206.7000000000003,2.1863760948181152
2206.8,2.190836191177368
2206.9,2.175168037414551
2207.0,2.1717092990875244
2207.1000000000004,2.175762414932251
2207.2000000000003,2.182751178741455
2207.3,2.1702706813812256
2207.4,2.1747336387634277
2207.5,2.175333261489868
2207.6000000000004,2.182720184326172
2207.7000000000003,2.1712396144866943
2207.8,2.1840767860412598
2207.9,2.175524950027466
2208.0,2.1827011108398438
2208.1000000000004,2.187466859817505
2208.2000000000003,2.1761627197265625
2208.3,2.1905577182769775
2208.4,2.1739084720611572
2208.5,2.179821252822876
2208.6000000000004,2.1916346549987793
2208.7000000000003,2.175219774246216
2208.8,2.1712024211883545
2208.9,2.181588888168335
2209.0,2.17608380317688
2209.1000000000004,2.176927328109741
2209.2000000000003,2.1758832931518555
2209.3,2.182375907897949
2209.4,2.181671142578125
2209.5,2.190145492553711
2209.6000000000004,2.193885326385498
2209.7000000000003,2.1865181922912598
2209.8,2.186363697052002
2209.9,2.1758673191070557
2210.0,2.1880900859832764
2210.1000000000004,2.170628309249878
2210.2000000000003,2.187845230102539
2210.3,2.200090169906616
2210.4,2.1898584365844727
2210.5,2.165855884552002
2210.6000000000004,2.183837413787842
2210.7000000000003,2.167109966278076
2210.8,2.1817219257354736
2210.9,2.1841354370117188
2211.0,2.1714484691619873
2211.1000000000004,2.195089817047119
2211.2000000000003,2.1839234828948975
2211.3,2.179974317550659
2211.4,2.175999879837036
2211.5,2.176819324493408
2211.6000000000004,2.186779737472534
2211.7000000000003,2.198864459991455
2211.8,2.1884782314300537
2211.9,2.1830999851226807
2212.0,2.1999239921569824
2212.1000000000004,2.1905593872070312
2212.2000000000003,2.1689693927764893
2212.3,2.189671516418457
2212.4,2.182786226272583
2212.5,2.19168758392334
2212.6000000000004,2.1920852661132812
2212.7000000000003,2.201521873474121
2212.8,2.1914801597595215
2212.9,2.187770128250122
2213.0,2.180962562561035
2213.1000000000004,2.184129238128662
2213.2000000000003,2.189004421234131
2213.3,2.187875986099243
2213.4,2.186643362045288
2213.5,2.2065248489379883
2213.6000000000004,2.2008566856384277
2213.7000000000003,2.1884665489196777
2213.8,2.1885335445404053
2213.9,2.194944381713867
2214.0,2.1849372386932373
2214.1000000000004,2.2000179290771484
2214.2000000000003,2.187364339828491
2214.3,2.2024848461151123
2214.4,2.196284532546997
2214.5,2.1963326930999756
2214.6000000000004,2.193333864212036
2214.7000000000003,2.187678098678589
2214.8,2.1773016452789307
2214.9,2.194549560546875
2215.0,2.1904730796813965
2215.1000000000004,2.187180280685425
2215.2000000000003,2.1985487937927246
2215.3,2.19199275970459
2215.4,2.1918063163757324
2215.5,2.2045717239379883
2215.6000000000004,2.1991734504699707
2215.7000000000003,2.1810879707336426
2215.8,2.1981568336486816
2215.9,2.1998331546783447
2216.0,2.2086644172668457
2216.1000000000004,2.1985652446746826
2216.2000000000003,2.1973719596862793
2216.3,2.1989493370056152
2216.4,2.203535795211792
2216.5,2.2050561904907227
2216.6000000000004,2.2037875652313232
2216.7000000000003,2.202474355697632
2216.8,2.185458183288574
2216.9,2.1983861923217773
2217.0,2.1856300830841064
2217.1000000000004,2.179121494293213
2217.2000000000003,2.202796459197998
2217.3,2.1873385906219482
2217.4,2.1945998668670654
2217.5,2.2075772285461426
2217.6000000000004,2.209829568862915
2217.7000000000003,2.196944236755371
2217.8,2.2071986198425293
2217.9,2.1940793991088867
2218.0,2.1989619731903076
2218.1000000000004,2.202389717102051
2218.2000000000003,2.197180986404419
2218.3,2.1869497299194336
2218.4,2.1990652084350586
2218.5,2.187371015548706
2218.6000000000004,2.196223497390747
2218.7000000000003,2.198655843734741
2218.8,2.20282244682312
2218.9,2.203589677810669
2219.0,2.200016498565674
2219.1000000000004,2.2060816287994385
2219.2000000000003,2.210460662841797
2219.3,2.2025742530822754
2219.4,2.1915948390960693
2219.5,2.2061057090759277
2219.6000000000004,2.1955156326293945
2219.7000000000003,2.205075740814209
2219.8,2.212214708328247
2219.9,2.2057814598083496
2220.0,2.209179639816284
2220.1000000000004,2.2035341262817383
2220.2000000000003,2.2047348022460938
2220.3,2.2112536430358887
2220.4,2.211381196975708
2220.5,2.198586940765381
2220.6000000000004,2.2078633308410645
2220.7000000000003,2.209045648574829
2220.8,2.2008743286132812
2220.9,2.204202175140381
2221.0,2.2037854194641113
2221.1000000000004,2.1927096843719482
2221.2000000000003,2.1932437419891357
2221.3,2.21113920211792
2221.4,2.204019069671631
2221.5,2.211049795150757
2221.6000000000004,2.2027394771575928
2221.7000000000003,2.211916446685791
2221.8,2.2180397510528564
2221.9,2.2079787254333496
2222.0,2.213183879852295
2222.1000000000004,2.217860221862793
2222.2000000000003,2.207068681716919
2222.3,2.202958822250366
2222.4,2.1882882118225098
2222.5,2.2031214237213135
2222.6000000000004,2.2062065601348877
2222.7000000000003,2.204429864883423
2222.8,2.2125415802001953
2222.9,2.2129762172698975
2223.0,2.217426300048828
2223.1000000000004,2.22354793548584
2223.2000000000003,2.213350534439087
2223.3,2.213392496109009
2223.4,2.210787773132324
2223.5,2.2097606658935547
2223.6000000000004,2.210200071334839
2223.7000000000003,2.215629816055298
2223.8,2.2155075073242188
2223.9,2.214698314666748
2224.0,2.2121996879577637
2224.1000000000004,2.2091212272644043
2224.2000000000003,2.2182164192199707
2224.3,2.206051826477051
2224.4,2.212103843688965
2224.5,2.2191884517669678
2224.6000000000004,2.213653802871704
2224.7000000000003,2.2173192501068115
2224.8,2.2275917530059814
2224.9,2.2059621810913086
2225.0,2.2116219997406006
2225.1000000000004,2.204909563064575
2225.2000000000003,2.2154436111450195
2225.3,2.21117901802063
2225.4,2.213287353515625
2225.5,2.2132067680358887
2225.6000000000004,2.207890748977661
2225.7000000000003,2.2111964225769043
2225.8,2.2190685272216797
2225.9,2.228771924972534
2226.0,2.218903064727783
2226.1000000000004,2.2226998805999756
2226.2000000000003,2.217876672744751
2226.3,2.2248024940490723
2226.4,2.2031750679016113
2226.5,2.214109182357788
2226.6000000000004,2.21006178855896
2226.7000000000003,2.212067127227783
2226.8,2.2131011486053467
2226.9,2.212559461593628
2227.0,2.224076509475708
2227.1000000000004,2.2157654762268066
2227.2000000000003,2.212979555130005
2227.3,2.220047950744629
2227.4,2.217522382736206
2227.5,2.2175509929656982
2227.6000000000004,2.211585760116577
2227.7000000000003,2.2071261405944824
2227.8,2.2126529216766357
2227.9,2.219644784927368
2228.0,2.220991849899292
2228.1000000000004,2.22841215133667
2228.2000000000003,2.212648630142212
2228.3,2.2238566875457764
2228.4,2.2225539684295654
2228.5,2.2245142459869385
2228.6000000000004,2.216904878616333
2228.7000000000003,2.2087690830230713
2228.8,2.217294216156006
2228.9,2.226541519165039
2229.0,2.2042832374572754
2229.1000000000004,2.200030565261841
2229.2000000000003,2.2255759239196777
2229.3,2.2207703590393066
2229.4,2.2316017150878906
2229.5,2.2182223796844482
2229.6000000000004,2.224886178970337
2229.7000000000003,2.230828285217285
2229.8,2.2243499755859375
2229.9,2.219940423965454
2230.0,2.2264881134033203
2230.1000000000004,2.2267038822174072
2230.2000000000003,2.234551429748535
2230.3,2.223093271255493
2230.4,2.2157557010650635
2230.5,2.233461618423462
2230.6000000000004,2.2260382175445557
2230.7000000000003,2.2333741188049316
2230.8,2.2172439098358154
2230.9,2.2335011959075928
2231.0,2.2199666500091553
2231.1000000000004,2.241802453994751
2231.2000000000003,2.214696168899536
2231.3,2.2227532863616943
2231.4,2.21909761428833
2231.5,2.232956647872925
2231.6000000000004,2.224191188812256
2231.7000000000003,2.211308002471924
2231.8,2.2322263717651367
2231.9,2.233123540878296
2232.0,2.2177894115448
2232.1000000000004,2.2155911922454834
2232.2000000000003,2.221923351287842
2232.3,2.2321832180023193
2232.4,2.223039150238037
2232.5,2.2310354709625244
2232.6000000000004,2.225939989089966
2232.7000000000003,2.235316753387451
2232.8,2.224364757537842
2232.9,2.2335433959960938
2233.0,2.2129666805267334
2233.1000000000004,2.2254722118377686
2233.2000000000003,2.2274951934814453
2233.3,2.231289863586426
2233.4,2.2256581783294678
2233.5,2.2241814136505127
2233.6000000000004,2.23939847946167
2233.7000000000003,2.244163751602173
2233.8,2.228832483291626
2233.9,2.2313268184661865
2234.0,2.2300851345062256
2234.1000000000004,2.2313196659088135
2234.2000000000003,2.232997179031372
2234.3,2.2351086139678955
2234.4,2.2315804958343506
2234.5,2.22745418548584
2234.6000000000004,2.2391035556793213
2234.7000000000003,2.23398756980896
2234.8,2.233647346496582
2234.9,2.2199997901916504
2235.0,2.232008457183838
2235.1000000000004,2.231966018676758
2235.2000000000003,2.2365074157714844
2235.3,2.2231593132019043
2235.4,2.2425084114074707
2235.5,2.221035957336426
2235.6000000000004,2.2331812381744385
2235.7000000000003,2.2315926551818848
2235.8,2.2287240028381348
2235.9,2.2435097694396973
2236.0,2.2363250255584717
2236.1000000000004,2.239955425262451
2236.2000000000003,2.2284793853759766
2236.3,2.231400728225708
2236.4,2.225630044937134
2236.5,2.2245757579803467
2236.6000000000004,2.228309392929077
2236.7000000000003,2.2327709197998047
2236.8,2.2373147010803223
2236.9,2.2322404384613037
2237.0,2.231511116027832
2237.1000000000004,2.2092859745025635
2237.2000000000003,2.237535238265991
2237.3,2.240337371826172
2237.4,2.2313506603240967
2237.5,2.225067377090454
2237.6000000000004,2.230360746383667
2237.7000000000003,2.2408547401428223
2237.8,2.237407684326172
2237.9,2.237342596054077
2238.0,2.231478691101074
2238.1000000000004,2.2319822311401367
2238.2000000000003,2.241870880126953
2238.3,2.2362802028656006
2238.4,2.2310421466827393
2238.5,2.2353968620300293
2238.6000000000004,2.2360787391662598
2238.7000000000003,2.238435983657837
2238.8,2.2436492443084717
2238.9,2.234417200088501
2239.0,2.2350215911865234
2239.1000000000004,2.2477211952209473
2239.2000000000003,2.2261548042297363
2239.3,2.215099573135376
2239.4,2.2356317043304443
2239.5,2.2417798042297363
2239.6000000000004,2.2361631393432617
2239.7000000000003,2.245252847671509
2239.8,2.2333364486694336
2239.9,2.246302604675293
2240.0,2.2329111099243164
2240.1000000000004,2.237931489944458
2240.2000000000003,2.2259225845336914
2240.3,2.2337229251861572
2240.4,2.2472712993621826
2240.5,2.240271806716919
2240.6000000000004,2.233161449432373
2240.7000000000003,2.232208728790283
2240.8,2.242091178894043
2240.9,2.2364695072174072
2241.0,2.247255325317383
2241.1000000000004,2.224199056625366
2241.2000000000003,2.238363265991211
2241.3,2.236454725265503
2241.4,2.237252712249756
2241.5,2.2282042503356934
2241.6000000000004,2.245405912399292
2241.7000000000003,2.236093521118164
2241.8,2.2352678775787354
2241.9,2.2406044006347656
2242.0,2.24993896484375
2242.1000000000004,2.2383813858032227
2242.2000000000003,2.23783278465271
2242.3,2.247730255126953
2242.4,2.2388195991516113
2242.5,2.253146171569824
2242.6000000000004,2.2291738986968994
2242.7000000000003,2.239673137664795
2242.8,2.2520663738250732
2242.9,2.2295875549316406
2243.0,2.253528594970703
2243.1000000000004,2.2430574893951416
2243.2000000000003,2.2494957447052
2243.3,2.228609561920166
2243.4,2.2501931190490723
2243.5,2.2520358562469482
2243.6000000000004,2.254642963409424
2243.7000000000003,2.2492599487304688
2243.8,2.2484419345855713
2243.9,2.253412961959839
2244.0,2.2409474849700928
2244.1000000000004,2.2438786029815674
2244.2000000000003,2.2399508953094482
2244.3,2.251223564147949
2244.4,2.253288984298706
2244.5,2.2487990856170654
2244.6000000000004,2.2522690296173096
2244.7000000000003,2.244576930999756
2244.8,2.2507102489471436
2244.9,2.254132032394409
2245.0,2.241738796234131
2245.1000000000004,2.249948024749756
2245.2000000000003,2.246093273162842
2245.3,2.2424137592315674
2245.4,2.2325780391693115
2245.5,2.2447493076324463
2245.6000000000004,2.2522284984588623
2245.7000000000003,2.2418906688690186
2245.8,2.257667064666748
2245.9,2.2533297538757324
2246.0,2.2541277408599854
2246.1000000000004,2.240509271621704
2246.2000000000003,2.242732048034668
2246.3,2.2578210830688477
2246.4,2.2470810413360596
2246.5,2.2507572174072266
2246.6000000000004,2.2414443492889404
2246.7000000000003,2.2599010467529297
2246.8,2.2541892528533936
2246.9,2.2402713298797607
2247.0,2.2305798530578613
2247.1000000000004,2.2528271675109863
2247.2000000000003,2.249725818634033
2247.3,2.2369024753570557
2247.4,2.2526495456695557
2247.5,2.2519118785858154
2247.6000000000004,2.2507522106170654
2247.7000000000003,2.242363691329956
2247.8,2.2490925788879395
2247.9,2.2614407539367676
2248.0,2.256592273712158
2248.1000000000004,2.259695053100586
2248.2000000000003,2.2517783641815186
2248.3,2.2515387535095215
2248.4,2.248594045639038
2248.5,2.2540555000305176
2248.6000000000004,2.2584969997406006
2248.7000000000003,2.252732992172241
2248.8,2.257488250732422
2248.9,2.258909225463867
2249.0,2.2549397945404053
2249.1000000000004,2.2481513023376465
2249.2000000000003,2.260319232940674
2249.3,2.2585175037384033
2249.4,2.258556604385376
2249.5,2.2589621543884277
2249.6000000000004,2.253075361251831
2249.7000000000003,2.253805637359619
2249.8,2.2569074630737305
2249.9,2.264042377471924
2250.0,2.253551721572876
2250.1000000000004,2.263427495956421
2250.2000000000003,2.257194995880127
2250.3,2.2640645503997803
2250.4,2.2472033500671387
2250.5,2.2593867778778076
2250.6000000000004,2.2743704319000244
2250.7000000000003,2.2503559589385986
2250.8,2.258864402770996
2250.9,2.255136489868164
2251.0,2.2710814476013184
2251.1000000000004,2.2622761726379395
2251.2000000000003,2.25929856300354
2251.3,2.2607457637786865
2251.4,2.2489778995513916
2251.5,2.262666940689087
2251.6000000000004,2.254567861557007
2251.7000000000003,2.247847557067871
2251.8,2.255396842956543
2251.9,2.2594382762908936
2252.0,2.258002519607544
2252.1000000000004,2.2597169876098633
2252.2000000000003,2.2590816020965576
2252.3,2.269307851791382
2252.4,2.264110803604126
2252.5,2.2660014629364014
2252.6000000000004,2.259007215499878
2252.7000000000003,2.272637128829956
2252.8,2.268444299697876
2252.9,2.2616167068481445
2253.0,2.2594337463378906
2253.1000000000004,2.266655445098877
2253.2000000000003,2.2665860652923584
2253.3,2.270939826965332
2253.4,2.263885736465454
2253.5,2.264810562133789
2253.6000000000004,2.2637555599212646
2253.7000000000003,2.2641870975494385
2253.8,2.2648754119873047
2253.9,2.269996166229248
2254.0,2.2649033069610596
2254.1000000000004,2.261491537094116
2254.2000000000003,2.2673540115356445
2254.3,2.2597391605377197
2254.4,2.2699782848358154
2254.5,2.2713310718536377
2254.6000000000004,2.272345781326294
2254.7000000000003,2.277608871459961
2254.8,2.2655868530273438
2254.9,2.264878511428833
2255.0,2.266335964202881
2255.1000000000004,2.261718273162842
2255.2000000000003,2.2569162845611572
2255.3,2.263488531112671
2255.4,2.2690656185150146
2255.5,2.266345977783203
2255.6000000000004,2.2680320739746094
2255.7000000000003,2.249509572982788
2255.8,2.2741000652313232
2255.9,2.260575771331787
2256.0,2.2697176933288574
2256.1000000000004,2.2615370750427246
2256.2000000000003,2.2747888565063477
2256.3,2.2739460468292236
2256.4,2.2611160278320312
2256.5,2.256584882736206
2256.6000000000004,2.2683329582214355
2256.7000000000003,2.2609782218933105
2256.8,2.28104305267334
2256.9,2.263817071914673
2257.0,2.272599935531616
2257.1000000000004,2.268458366394043
2257.2000000000003,2.272191047668457
2257.3,2.255786895751953
2257.4,2.270988702774048
2257.5,2.269061803817749
2257.6000000000004,2.2702534198760986
2257.7000000000003,2.2667808532714844
2257.8,2.272876739501953
2257.9,2.2810046672821045
2258.0,2.2698380947113037
2258.1000000000004,2.275242567062378
2258.2000000000003,2.2728359699249268
2258.3,2.2761425971984863
2258.4,2.2623958587646484
2258.5,2.267794609069824
2258.6000000000004,2.2719991207122803
2258.7000000000003,2.270094394683838
2258.8,2.276742935180664
2258.9,2.273358106613159
2259.0,2.2755298614501953
2259.1000000000004,2.269753932952881
2259.2000000000003,2.283525228500366
2259.3,2.27763032913208
2259.4,2.279860734939575
2259.5,2.2600159645080566
2259.6000000000004,2.2802865505218506
2259.7000000000003,2.282562255859375
2259.8,2.2782411575317383
2259.9,2.2740111351013184
2260.0,2.250152587890625
2260.1000000000004,2.2799370288848877
2260.2000000000003,2.2746939659118652
2260.3,2.2707271575927734
2260.4,2.2666962146759033
2260.5,2.265251874923706
2260.6000000000004,2.2663826942443848
2260.7000000000003,2.277524709701538
2260.8,2.275623321533203
2260.9,2.2780559062957764
2261.0,2.2725632190704346
2261.1000000000004,2.2777092456817627
2261.2000000000003,2.2740137577056885
2261.3,2.280247449874878
2261.4,2.2720248699188232
2261.5,2.2707624435424805
2261.6000000000004,2.278862714767456
2261.7000000000003,2.2701914310455322
2261.8,2.278148889541626
2261.9,2.2884557247161865
2262.0,2.2747883796691895
2262.1000000000004,2.279202699661255
2262.2000000000003,2.276430130004883
2262.3,2.280668258666992
2262.4,2.269706964492798
2262.5,2.289318084716797
2262.6000000000004,2.2822036743164062
2262.7000000000003,2.2787668704986572
2262.8,2.2806408405303955
2262.9,2.2782692909240723
2263.0,2.2850067615509033
2263.1000000000004,2.285512685775757
2263.2000000000003,2.270512104034424
2263.3,2.2781753540039062
2263.4,2.2728517055511475
2263.5,2.276797294616699
2263.6000000000004,2.2808725833892822
2263.7000000000003,2.2767693996429443
2263.8,2.282257318496704
2263.9,2.2898919582366943
2264.0,2.2647550106048584
2264.1000000000004,2.2922332286834717
2264.2000000000003,2.275113344192505
2264.3,2.2847647666931152
2264.4,2.280019521713257
2264.5,2.279700517654419
2264.6000000000004,2.2834553718566895
2264.7000000000003,2.2773258686065674
2264.8,2.2804205417633057
2264.9,2.287954330444336
2265.0,2.2796578407287598
2265.1000000000004,2.277179718017578
2265.2000000000003,2.2848639488220215
2265.3,2.2717132568359375
2265.4,2.2793118953704834
2265.5,2.2944834232330322
2265.6000000000004,2.279960870742798
2265.7000000000003,2.2824151515960693
2265.8,2.294323205947876
2265.9,2.281002998352051
2266.0,2.285341262817383
2266.1000000000004,2.28645396232605
2266.2000000000003,2.284158945083618
2266.3,2.2789456844329834
2266.4,2.2816531658172607
2266.5,2.290634870529175
2266.6000000000004,2.2810304164886475
2266.7000000000003,2.283881425857544
2266.8,2.2846970558166504
2266.9,2.2801132202148438
2267.0,2.2848172187805176
2267.1000000000004,2.293596029281616
2267.2000000000003,2.2776694297790527
2267.3,2.290001630783081
2267.4,2.2739925384521484
2267.5,2.2855935096740723
2267.6000000000004,2.2748968601226807
2267.7000000000003,2.2871952056884766
2267.8,2.2913472652435303
2267.9,2.2778260707855225
2268.0,2.2846384048461914
2268.1000000000004,2.2783851623535156
2268.2000000000003,2.2931857109069824
2268.3,2.2819180488586426
2268.4,2.2849361896514893
2268.5,2.2921483516693115
2268.6000000000004,2.2831227779388428
2268.7000000000003,2.284013032913208
2268.8,2.2771308422088623
2268.9,2.2808785438537598
2269.0,2.2901217937469482
2269.1000000000004,2.28828763961792
2269.2000000000003,2.282222270965576
2269.3,2.304589033126831
2269.4,2.2899868488311768
2269.5,2.2964305877685547
2269.6000000000004,2.272073745727539
2269.7000000000003,2.2837698459625244
2269.8,2.2895610332489014
2269.9,2.2788572311401367
2270.0,2.280160427093506
2270.1000000000004,2.2964353561401367
2270.2000000000003,2.2825205326080322
2270.3,2.2877423763275146
2270.4,2.2981507778167725
2270.5,2.2880091667175293
2270.6000000000004,2.2995734214782715
2270.7000000000003,2.2953643798828125
2270.8,2.293588161468506
2270.9,2.298708438873291
2271.0,2.2908828258514404
2271.1000000000004,2.288917064666748
2271.2000000000003,2.301304340362549
2271.3,2.2839369773864746
2271.4,2.2892706394195557
2271.5,2.282017469406128
2271.6000000000004,2.290944814682007
2271.7000000000003,2.302557945251465
2271.8,2.2782273292541504
2271.9,2.287529230117798
2272.0,2.2877674102783203
2272.1000000000004,2.300251007080078
2272.2000000000003,2.283665180206299
2272.3,2.2879412174224854
2272.4,2.291721820831299
2272.5,2.2907066345214844
2272.6000000000004,2.2966744899749756
2272.7000000000003,2.2910683155059814
2272.8,2.293166399002075
2272.9,2.2966392040252686
2273.0,2.295714855194092
2273.1000000000004,2.279904842376709
2273.2000000000003,2.290837526321411
2273.3,2.2979443073272705
2273.4,2.2853591442108154
2273.5,2.2908377647399902
2273.6000000000004,2.297372817993164
2273.7000000000003,2.30120849609375
2273.8,2.2949090003967285
2273.9,2.299166202545166
2274.0,2.2859182357788086
2274.1000000000004,2.3004860877990723
2274.2000000000003,2.2827906608581543
2274.3,2.3047189712524414
2274.4,2.3004233837127686
2274.5,2.293989896774292
2274.6000000000004,2.2954912185668945
2274.7000000000003,2.296034574508667
2274.8,2.307629108428955
2274.9,2.282484769821167
2275.0,2.3010404109954834
2275.1000000000004,2.2946503162384033
2275.2000000000003,2.295334577560425
2275.3,2.3074123859405518
2275.4,2.302851915359497
2275.5,2.29818058013916
2275.6000000000004,2.2977163791656494
2275.7000000000003,2.2950942516326904
2275.8,2.2989792823791504
2275.9,2.3077166080474854
2276.0,2.293800115585327
2276.1000000000004,2.3073770999908447
2276.2000000000003,2.29664945602417
2276.3,2.3004729747772217
2276.4,2.3041815757751465
2276.5,2.3000526428222656
2276.6000000000004,2.2976181507110596
2276.7000000000003,2.295513868331909
2276.8,2.2875678539276123
2276.9,2.302018880844116
2277.0,2.306987762451172
2277.1000000000004,2.299995183944702
2277.2000000000003,2.3001017570495605
2277.3,2.3112716674804688
2277.4,2.319002389907837
2277.5,2.3040993213653564
2277.6000000000004,2.305293560028076
2277.7000000000003,2.2928032875061035
2277.8,2.311350107192993
2277.9,2.293457269668579
2278.0,2.3019802570343018
2278.1000000000004,2.3049373626708984
2278.2000000000003,2.306627035140991
2278.3,2.3046131134033203
2278.4,2.2993805408477783
2278.5,2.300724744796753
2278.6000000000004,2.3136301040649414
2278.7000000000003,2.299105167388916
2278.8,2.300055503845215
2278.9,2.3150908946990967
2279.0,2.291710138320923
2279.1000000000004,2.3155019283294678
2279.2000000000003,2.3029866218566895
2279.3,2.302677869796753
2279.4,2.298485040664673
2279.5,2.297989845275879
2279.6000000000004,2.2921817302703857
2279.7000000000003,2.2887074947357178
2279.8,2.304377317428589
2279.9,2.3006591796875
2280.0,2.3059468269348145
2280.1000000000004,2.3095626831054688
2280.2000000000003,2.3035333156585693
2280.3,2.3185274600982666
2280.4,2.2996339797973633
2280.5,2.306034564971924
2280.6000000000004,2.308056116104126
2280.7000000000003,2.3077969551086426
2280.8,2.3076741695404053
2280.9,2.314216375350952
2281.0,2.30969500541687
2281.1000000000004,2.3096563816070557
2281.2000000000003,2.3092281818389893
2281.3,2.3044893741607666
2281.4,2.305638551712036
2281.5,2.3147549629211426
2281.6000000000004,2.3143112659454346
2281.7000000000003,2.3044917583465576
2281.8,2.3141348361968994
2281.9,2.314149856567383
2282.0,2.3082938194274902
2282.1000000000004,2.29921555519104
2282.2000000000003,2.3158180713653564
2282.3,2.3107643127441406
2282.4,2.3137478828430176
2282.5,2.309171199798584
2282.6000000000004,2.312835931777954
2282.7000000000003,2.300471067428589
2282.8,2.3156344890594482
2282.9,2.3112876415252686
2283.0,2.315424919128418
2283.1000000000004,2.325025796890259
2283.2000000000003,2.297968626022339
2283.3,2.3092546463012695
2283.4,2.305952310562134
2283.5,2.3124022483825684
2283.6000000000004,2.314129590988159
2283.7000000000003,2.3110132217407227
2283.8,2.313981056213379
2283.9,2.312089681625366
2284.0,2.3252007961273193
2284.1000000000004,2.3061280250549316
2284.2000000000003,2.3097097873687744
2284.3,2.3109006881713867
2284.4,2.3124866485595703
2284.5,2.307159662246704
2284.6000000000004,2.32759690284729
2284.7000000000003,2.3093464374542236
2284.8,2.303696632385254
2284.9,2.3139212131500244
2285.0,2.3133020401000977
2285.1000000000004,2.319464683532715
2285.2000000000003,2.3103814125061035
2285.3,2.303351640701294
2285.4,2.307530164718628
2285.5,2.312673807144165
2285.6000000000004,2.3180625438690186
2285.7000000000003,2.312933921813965
2285.8,2.3215012550354004
2285.9,2.318614959716797
2286.0,2.3134853839874268
2286.1000000000004,2.31207275390625
2286.2000000000003,2.3183791637420654
2286.3,2.30941104888916
2286.4,2.3109002113342285
2286.5,2.3212175369262695
2286.6000000000004,2.3249573707580566
2286.7000000000003,2.3249804973602295
2286.8,2.322944164276123
2286.9,2.3189663887023926
2287.0,2.3183040618896484
2287.1000000000004,2.324506998062134
2287.2000000000003,2.3248519897460938
2287.3,2.3111958503723145
2287.4,2.317079782485962
2287.5,2.314879894256592
2287.6000000000004,2.318314790725708
2287.7000000000003,2.313239574432373
2287.8,2.3063249588012695
2287.9,2.309260129928589
2288.0,2.322028875350952
2288.1000000000004,2.316835880279541
2288.2000000000003,2.321843385696411
2288.3,2.3217928409576416
2288.4,2.3274710178375244
2288.5,2.299671173095703
2288.6000000000004,2.312685489654541
2288.7000000000003,2.325948476791382
2288.8,2.3276515007019043
2288.9,2.3278043270111084
2289.0,2.319963216781616
2289.1000000000004,2.3141708374023438
2289.2000000000003,2.327756881713867
2289.3,2.33038330078125
2289.4,2.3147993087768555
2289.5,2.329096794128418
2289.6000000000004,2.3207485675811768
2289.7000000000003,2.3202555179595947
2289.8,2.315563678741455
2289.9,2.3142263889312744
2290.0,2.3170862197875977
2290.1000000000004,2.3162145614624023
2290.2000000000003,2.331359624862671
2290.3,2.3139846324920654
2290.4,2.3310086727142334
2290.5,2.303138017654419
2290.6000000000004,2.330644369125366
2290.7000000000003,2.325814723968506
2290.8,2.3258755207061768
2290.9,2.3196702003479004
2291.0,2.3206260204315186
2291.1000000000004,2.320531129837036
2291.2000000000003,2.3190932273864746
2291.3,2.322777509689331
2291.4,2.313810348510742
2291.5,2.326780080795288
2291.6000000000004,2.3178870677948
2291.7000000000003,2.332277774810791
2291.8,2.3280189037323
2291.9,2.3136985301971436
2292.0,2.3120276927948
2292.1000000000004,2.3284125328063965
2292.2000000000003,2.3226592540740967
2292.3,2.3318300247192383
2292.4,2.3279480934143066
2292.5,2.334747791290283
2292.6000000000004,2.3231256008148193
2292.7000000000003,2.3207194805145264
2292.8,2.321908712387085
2292.9,2.3331220149993896
2293.0,2.3316385746002197
2293.1000000000004,2.3315582275390625
2293.2000000000003,2.333228349685669
2293.3,2.324828624725342
2293.4,2.318554639816284
2293.5,2.329606771469116
2293.6000000000004,2.324235677719116
2293.7000000000003,2.308762550354004
2293.8,2.329625368118286
2293.9,2.327726125717163
2294.0,2.334343671798706
2294.1000000000004,2.34041428565979
2294.2000000000003,2.328418731689453
2294.3,2.3306210041046143
2294.4,2.3361711502075195
2294.5,2.3229246139526367
2294.6000000000004,2.340012550354004
2294.7000000000003,2.328083038330078
2294.8,2.316784381866455
2294.9,2.3191845417022705
2295.0,2.3309197425842285
2295.1000000000004,2.340298891067505
2295.2000000000003,2.3348586559295654
2295.3,2.3378477096557617
2295.4,2.3222482204437256
2295.5,2.329528331756592
2295.6000000000004,2.313446044921875
2295.7000000000003,2.334043025970459
2295.8,2.324798107147217
2295.9,2.3324666023254395
2296.0,2.3314239978790283
2296.1000000000004,2.33048677444458
2296.2000000000003,2.3373258113861084
2296.3,2.330808639526367
2296.4,2.333535671234131
2296.5,2.322209358215332
2296.6000000000004,2.336703300476074
2296.7000000000003,2.3330764770507812
2296.8,2.327787160873413
2296.9,2.339641809463501
2297.0,2.331559896469116
2297.1000000000004,2.3342010974884033
2297.2000000000003,2.341076374053955
2297.3,2.34053111076355
2297.4,2.3457388877868652
2297.5,2.3336868286132812
2297.6000000000004,2.3320257663726807
2297.7000000000003,2.3357949256896973
2297.8,2.331922769546509
2297.9,2.342005729675293
2298.0,2.340104103088379
2298.1000000000004,2.3385367393493652
2298.2000000000003,2.338247060775757
2298.3,2.33862042427063
2298.4,2.3493893146514893
2298.5,2.339444398880005
2298.6000000000004,2.328169107437134
2298.7000000000003,2.331991672515869
2298.8,2.3356142044067383
2298.9,2.325565814971924
2299.0,2.3375508785247803
2299.1000000000004,2.3393445014953613
2299.2000000000003,2.3410465717315674
2299.3,2.327529191970825
2299.4,2.3459835052490234
2299.5,2.3374366760253906
2299.6000000000004,2.338085174560547
2299.7000000000003,2.331639051437378
2299.8,2.3346636295318604
2299.9,2.3411076068878174
2300.0,2.3418731689453125
2300.1000000000004,2.334277391433716
2300.2000000000003,2.3293919563293457
2300.3,2.3230178356170654
2300.4,2.336857318878174
2300.5,2.3286101818084717
2300.6000000000004,2.323545217514038
2300.7000000000003,2.3302204608917236
2300.8,2.3346502780914307
2300.9,2.3454062938690186
2301.0,2.3401782512664795
2301.1000000000004,2.34565806388855
2301.2000000000003,2.3154544830322266
2301.3,2.3286077976226807
2301.4,2.3305773735046387
2301.5,2.341015100479126
2301.6000000000004,2.327824831008911
2301.7000000000003,2.3424651622772217
2301.8,2.3380398750305176
2301.9,2.3477048873901367
2302.0,2.3497979640960693
2302.1000000000004,2.3370869159698486
2302.2000000000003,2.332705020904541
2302.3,2.357713460922241
2302.4,2.3321945667266846
2302.5,2.332488775253296
2302.6000000000004,2.3387932777404785
2302.7000000000003,2.3298826217651367
2302.8,2.347768783569336
2302.9,2.3343253135681152
2303.0,2.3404204845428467
2303.1000000000004,2.3399875164031982
2303.2000000000003,2.330516815185547
2303.3,2.332080841064453
2303.4,2.338613748550415
2303.5,2.343141555786133
2303.6000000000004,2.3334128856658936
2303.7000000000003,2.358536720275879
2303.8,2.3434057235717773
2303.9,2.3427982330322266
2304.0,2.3307318687438965
2304.1000000000004,2.3353421688079834
2304.2000000000003,2.3317902088165283
2304.3,2.345585584640503
2304.4,2.3511831760406494
2304.5,2.342639923095703
2304.6000000000004,2.355120897293091
2304.7000000000003,2.349416971206665
2304.8,2.3383679389953613
2304.9,2.3429152965545654
2305.0,2.338961601257324
2305.1000000000004,2.347414970397949
2305.2000000000003,2.337768793106079
2305.3,2.3389217853546143
2305.4,2.33840012550354
2305.5,2.3494768142700195
2305.6000000000004,2.3498504161834717
2305.7000000000003,2.340149402618408
2305.8,2.350151777267456
2305.9,2.3461923599243164
2306.0,2.3492844104766846
2306.1000000000004,2.346010446548462
2306.2000000000003,2.3537375926971436
2306.3,2.3453056812286377
2306.4,2.333625555038452
2306.5,2.3369994163513184
2306.6000000000004,2.313951253890991
2306.7000000000003,2.3358795642852783
2306.8,2.346557378768921
2306.9,2.3478713035583496
2307.0,2.3529956340789795
2307.1000000000004,2.3510007858276367
2307.2000000000003,2.3596560955047607
2307.3,2.34157657623291
2307.4,2.336587905883789
2307.5,2.345156669616699
2307.6000000000004,2.3285789489746094
2307.7000000000003,2.3381903171539307
2307.8,2.352571964263916
2307.9,2.3384506702423096
2308.0,2.358408212661743
2308.1000000000004,2.3429813385009766
2308.2000000000003,2.3461766242980957
2308.3,2.3414828777313232
2308.4,2.3499395847320557
2308.5,2.3450822830200195
2308.6000000000004,2.3491203784942627
2308.7000000000003,2.35305118560791
2308.8,2.3410539627075195
2308.9,2.3516361713409424
2309.0,2.3510358333587646
2309.1000000000004,2.344088554382324
2309.2000000000003,2.3552353382110596
2309.3,2.3526008129119873
2309.4,2.3458733558654785
2309.5,2.3478305339813232
2309.6000000000004,2.3549561500549316
2309.7000000000003,2.3594143390655518
2309.8,2.3639862537384033
2309.9,2.3537869453430176
2310.0,2.35396409034729
2310.1000000000004,2.3543827533721924
2310.2000000000003,2.3462343215942383
2310.3,2.3558828830718994
2310.4,2.341834306716919
2310.5,2.351440191268921
2310.6000000000004,2.3473217487335205
2310.7000000000003,2.360550880432129
2310.8,2.346806049346924
2310.9,2.3523528575897217
2311.0,2.3628995418548584
2311.1000000000004,2.361485242843628
2311.2000000000003,2.3353562355041504
2311.3,2.3454012870788574
2311.4,2.3552050590515137
2311.5,2.347356081008911
2311.6000000000004,2.335975408554077
2311.7000000000003,2.3540165424346924
2311.8,2.3511908054351807
2311.9,2.340120792388916
2312.0,2.3414502143859863
2312.1000000000004,2.3397152423858643
2312.2000000000003,2.353400230407715
2312.3,2.3485968112945557
2312.4,2.3608155250549316
2312.5,2.3662168979644775
2312.6000000000004,2.3601646423339844
2312.7000000000003,2.3541486263275146
2312.8,2.3617053031921387
2312.9,2.3539512157440186
2313.0,2.345069646835327
2313.1000000000004,2.3567874431610107
2313.2000000000003,2.3519134521484375
2313.3,2.350179433822632
2313.6000000000004,2.35482120513916
2313.6000000000004,2.3565564155578613
2313.6000000000004,2.349888324737549
2313.7000000000003,2.3634133338928223
2313.8,2.34895658493042
2313.9,2.3533036708831787
2314.0,2.358525037765503
2314.1000000000004,2.3417911529541016
2314.2000000000003,2.3558099269866943
2314.3,2.34818434715271
2314.4,2.3465585708618164
2314.5,2.3560686111450195
2314.6000000000004,2.3556442260742188
2314.7000000000003,2.350273370742798
2314.8,2.360342502593994
2314.9,2.355496406555176
2315.0,2.3616979122161865
2315.1000000000004,2.351912498474121
2315.2000000000003,2.360252618789673
2315.3,2.357333183288574
2315.4,2.367544651031494
2315.5,2.3584680557250977
2315.6000000000004,2.3523194789886475
2315.7000000000003,2.357218027114868
2315.8,2.3495757579803467
2315.9,2.348200798034668
2316.0,2.3653640747070312
2316.1000000000004,2.3410768508911133
2316.2000000000003,2.3465535640716553
2316.3,2.3492069244384766
2316.4,2.3597002029418945
2316.5,2.353874683380127
2316.6000000000004,2.3608012199401855
2316.7000000000003,2.344388723373413
2316.8,2.336266279220581
2316.9,2.3667545318603516
2317.0,2.3671092987060547
2317.1000000000004,2.3566293716430664
2317.2000000000003,2.356187343597412
2317.3,2.3635241985321045
2317.4,2.3552985191345215
2317.5,2.369732141494751
2317.6000000000004,2.3738651275634766
2317.7000000000003,2.3606696128845215
2317.8,2.3763182163238525
2317.9,2.3623952865600586
2318.0,2.353031873703003
2318.1000000000004,2.3630144596099854
2318.2000000000003,2.3602495193481445
2318.3,2.3526558876037598
2318.4,2.3692524433135986
2318.5,2.354248523712158
2318.6000000000004,2.3607208728790283
2318.7000000000003,2.366166830062866
2318.8,2.361084222793579
2318.9,2.370622396469116
2319.0,2.3557772636413574
2319.1000000000004,2.361442804336548
2319.2000000000003,2.357846260070801
2319.3,2.346519708633423
2319.4,2.3689663410186768
2319.5,2.3522236347198486
2319.6000000000004,2.3659629821777344
2319.7000000000003,2.3707337379455566
2319.8,2.3644678592681885
2319.9,2.3629066944122314
2320.0,2.3655171394348145
2320.1000000000004,2.3559200763702393
2320.2000000000003,2.3665008544921875
2320.3,2.3732423782348633
2320.4,2.3625237941741943
2320.5,2.357947587966919
2320.6000000000004,2.3586456775665283
2320.7000000000003,2.3509037494659424
2320.8,2.3633482456207275
2320.9,2.3514342308044434
2321.0,2.366685152053833
2321.1000000000004,2.375924587249756
2321.2000000000003,2.3705637454986572
2321.3,2.378124713897705
2321.4,2.3557960987091064
2321.5,2.3651745319366455
2321.6000000000004,2.3533153533935547
2321.7000000000003,2.3588569164276123
2321.8,2.3704233169555664
2321.9,2.363119602203369
2322.0,2.355074644088745
2322.1000000000004,2.3614344596862793
2322.2000000000003,2.3704135417938232
2322.3,2.3742940425872803
2322.4,2.36899733543396
2322.5,2.3744759559631348
2322.6000000000004,2.371387004852295
2322.7000000000003,2.3693370819091797
2322.8,2.3653736114501953
2322.9,2.351398229598999
2323.0,2.3570356369018555
2323.1000000000004,2.363710880279541
2323.2000000000003,2.370729446411133
2323.3,2.3656222820281982
2323.4,2.352052927017212
2323.5,2.361257553100586
2323.6000000000004,2.3773319721221924
2323.7000000000003,2.370713472366333
2323.8,2.3692758083343506
2323.9,2.377293348312378
2324.0,2.369894504547119
2324.1000000000004,2.3703415393829346
2324.2000000000003,2.360978603363037
2324.3,2.3677918910980225
2324.4,2.363858222961426
2324.5,2.377694606781006
2324.6000000000004,2.359703779220581
2324.7000000000003,2.3670125007629395
2324.8,2.3826684951782227
2324.9,2.3697216510772705
2325.0,2.355926036834717
2325.1000000000004,2.3769378662109375
2325.2000000000003,2.3754725456237793
2325.3,2.367762327194214
2325.4,2.3563406467437744
2325.5,2.349215030670166
2325.6000000000004,2.3703882694244385
2325.7000000000003,2.3629956245422363
2325.8,2.365671396255493
2325.9,2.3659615516662598
2326.0,2.3724520206451416
2326.1000000000004,2.3775458335876465
2326.2000000000003,2.363624334335327
2326.3,2.3697283267974854
2326.4,2.3859403133392334
2326.5,2.3645172119140625
2326.6000000000004,2.3593595027923584
2326.7000000000003,2.377225637435913
2326.8,2.367755174636841
2326.9,2.3676021099090576
2327.0,2.3765289783477783
2327.1000000000004,2.365210771560669
2327.2000000000003,2.368605613708496
2327.3,2.3787343502044678
2327.4,2.371490955352783
2327.5,2.3634979724884033
2327.6000000000004,2.3620333671569824
2327.7000000000003,2.3702571392059326
2327.8,2.362532615661621
2327.9,2.369598150253296
2328.0,2.3713741302490234
2328.1000000000004,2.37054443359375
2328.2000000000003,2.375687599182129
2328.3,2.364128589630127
2328.4,2.3693549633026123
2328.5,2.3823227882385254
2328.6000000000004,2.379056215286255
2328.7000000000003,2.374730348587036
2328.8,2.3511929512023926
2328.9,2.376572370529175
2329.0,2.3688817024230957
2329.1000000000004,2.362642765045166
2329.2000000000003,2.382620096206665
2329.3,2.366276979446411
2329.4,2.370191812515259
2329.5,2.3714051246643066
2329.6000000000004,2.382279872894287
2329.7000000000003,2.3711400032043457
2329.8,2.3700039386749268
2329.9,2.381551742553711
2330.0,2.3795063495635986
2330.1000000000004,2.388780355453491
2330.2000000000003,2.362767457962036
2330.3,2.386117458343506
2330.4,2.3772387504577637
2330.5,2.3713924884796143
2330.6000000000004,2.371727705001831
2330.7000000000003,2.3761026859283447
2330.8,2.3738439083099365
2330.9,2.3840785026550293
2331.0,2.376380443572998
2331.1000000000004,2.3807361125946045
2331.2000000000003,2.3698465824127197
2331.3,2.375877618789673
2331.4,2.373753309249878
2331.5,2.3781356811523438
2331.6000000000004,2.361079454421997
2331.7000000000003,2.3721201419830322
2331.8,2.371990203857422
2331.9,2.372938394546509
2332.0,2.378619432449341
2332.1000000000004,2.3802404403686523
2332.2000000000003,2.3665521144866943
2332.3,2.3780224323272705
2332.4,2.374854564666748
2332.5,2.375858783721924
2332.6000000000004,2.3902385234832764
2332.7000000000003,2.380679130554199
2332.8,2.386650800704956
2332.9,2.375284194946289
2333.0,2.377204179763794
2333.1000000000004,2.3823530673980713
2333.2000000000003,2.384303331375122
2333.3,2.3831775188446045
2333.4,2.3887836933135986
2333.5,2.382411479949951
2333.6000000000004,2.3761250972747803
2333.7000000000003,2.3878140449523926
2333.8,2.3913443088531494
2333.9,2.3839492797851562
2334.0,2.373307228088379
2334.1000000000004,2.3779687881469727
2334.2000000000003,2.383227825164795
2334.3,2.374569892883301
2334.4,2.384298801422119
2334.5,2.37727952003479
2334.6000000000004,2.3766515254974365
2334.7000000000003,2.3869469165802
2334.8,2.384450912475586
2334.9,2.379138946533203
2335.0,2.3853652477264404
2335.1000000000004,2.3703293800354004
2335.2000000000003,2.370544910430908
2335.3,2.3882687091827393
2335.4,2.3813929557800293
2335.5,2.377164363861084
2335.6000000000004,2.375420570373535
2335.7000000000003,2.3788061141967773
2335.8,2.3847978115081787
2335.9,2.3834030628204346
2336.0,2.3756051063537598
2336.1000000000004,2.386216640472412
2336.2000000000003,2.382408380508423
2336.3,2.3820536136627197
2336.4,2.3919479846954346
2336.5,2.3815293312072754
2336.6000000000004,2.3858695030212402
2336.7000000000003,2.388338804244995
2336.8,2.3814384937286377
2336.9,2.378206491470337
2337.0,2.3789594173431396
2337.1000000000004,2.39054274559021
2337.2000000000003,2.391767740249634
2337.3,2.382471799850464
2337.4,2.375337600708008
2337.5,2.375556230545044
2337.6000000000004,2.3806817531585693
2337.7000000000003,2.3876874446868896
2337.8,2.3832483291625977
2337.9,2.376133918762207
2338.0,2.3773422241210938
2338.1000000000004,2.3881514072418213
2338.2000000000003,2.3818719387054443
2338.3,2.3848886489868164
2338.4,2.373218059539795
2338.5,2.375392198562622
2338.6000000000004,2.389326810836792
2338.7000000000003,2.3817148208618164
2338.8,2.37402081489563
2338.9,2.383226156234741
2339.0,2.390922784805298
2339.1000000000004,2.3839704990386963
2339.2000000000003,2.3928918838500977
2339.3,2.3887553215026855
2339.4,2.3886306285858154
2339.5,2.3882153034210205
2339.6000000000004,2.386115550994873
2339.7000000000003,2.3710248470306396
2339.8,2.3799989223480225
2339.9,2.3898768424987793
2340.0,2.3769173622131348
2340.1000000000004,2.3899824619293213
2340.2000000000003,2.3902575969696045
2340.3,2.3888144493103027
2340.4,2.3867757320404053
2340.5,2.385389566421509
2340.6000000000004,2.3880648612976074
2340.7000000000003,2.3761098384857178
2340.8,2.3857944011688232
2340.9,2.368974208831787
2341.0,2.37380313873291
2341.1000000000004,2.3785593509674072
2341.2000000000003,2.3855652809143066
2341.3,2.391707420349121
2341.4,2.3928139209747314
2341.5,2.390819787979126
2341.6000000000004,2.39184308052063
2341.7000000000003,2.3906137943267822
2341.8,2.3995280265808105
2341.9,2.3848774433135986
2342.0,2.3964123725891113
2342.1000000000004,2.3906004428863525
2342.2000000000003,2.388366222381592
2342.3,2.3982996940612793
2342.4,2.394735336303711
2342.5,2.400517463684082
2342.6000000000004,2.400444269180298
2342.7000000000003,2.3843207359313965
2342.8,2.3887264728546143
2342.9,2.395193576812744
2343.0,2.3849775791168213
2343.1000000000004,2.385098934173584
2343.2000000000003,2.397054672241211
2343.3,2.3781912326812744
2343.4,2.3911027908325195
2343.5,2.3801956176757812
2343.6000000000004,2.3937253952026367
2343.7000000000003,2.378563404083252
2343.8,2.4015417098999023
2343.9,2.3918654918670654
2344.0,2.390239953994751
2344.1000000000004,2.3816378116607666
2344.6000000000004,2.399761199951172
2344.6000000000004,2.395740509033203
2344.6000000000004,2.397265672683716
2344.6000000000004,2.390367269515991
2344.6000000000004,2.3832945823669434
2344.7000000000003,2.3841047286987305
2344.8,2.3891077041625977
2344.9,2.391491413116455
2345.0,2.396589994430542
2345.1000000000004,2.3784232139587402
2345.2000000000003,2.3866500854492188
2345.3,2.3777542114257812
2345.4,2.4010820388793945
2345.5,2.3967363834381104
2345.6000000000004,2.3968825340270996
2345.7000000000003,2.3875997066497803
2345.8,2.390916109085083
2345.9,2.3940773010253906
2346.0,2.3969333171844482
2346.1000000000004,2.3914644718170166
2346.2000000000003,2.383305311203003
2346.3,2.3946211338043213
2346.4,2.379014015197754
2346.5,2.385686159133911
2346.6000000000004,2.402071237564087
2346.7000000000003,2.3900668621063232
2346.8,2.397146463394165
2346.9,2.397777795791626
2347.0,2.403024673461914
2347.1000000000004,2.390432357788086
2347.2000000000003,2.3906807899475098
2347.3,2.4048843383789062
2347.4,2.392335891723633
2347.5,2.39231276512146
2347.6000000000004,2.3927433490753174
2347.7000000000003,2.3836772441864014
2347.8,2.4037139415740967
2347.9,2.3937511444091797
2348.0,2.387328863143921
2348.1000000000004,2.3937056064605713
2348.2000000000003,2.39459490776062
2348.3,2.400460958480835
2348.4,2.398750066757202
2348.5,2.393855571746826
2348.6000000000004,2.3720145225524902
2348.7000000000003,2.4055488109588623
2348.8,2.393521308898926
2348.9,2.3992531299591064
2349.0,2.398660659790039
2349.1000000000004,2.3965651988983154
2349.2000000000003,2.3888628482818604
2349.3,2.4002816677093506
2349.4,2.4032723903656006
2349.5,2.3992671966552734
2349.6000000000004,2.406144857406616
2349.7000000000003,2.393467426300049
2349.8,2.400097370147705
2349.9,2.391366958618164
2350.0,2.3918023109436035
2350.1000000000004,2.3894615173339844
2350.2000000000003,2.39845609664917
2350.3,2.3891806602478027
2350.4,2.392583131790161
2350.5,2.390561103820801
2350.6000000000004,2.398751735687256
2350.7000000000003,2.4005959033966064
2350.8,2.3920392990112305
2350.9,2.406162977218628
2351.0,2.3939247131347656
2351.1000000000004,2.4144718647003174
2351.2000000000003,2.4025380611419678
2351.6000000000004,2.392947196960449
2351.6000000000004,2.4034829139709473
2351.6000000000004,2.4028782844543457
2351.6000000000004,2.402843713760376
2351.7000000000003,2.408541679382324
2351.8,2.3960633277893066
2351.9,2.407097816467285
2352.0,2.3967602252960205
2352.1000000000004,2.3847692012786865
2352.2000000000003,2.414581060409546
2352.3,2.395231008529663
2352.4,2.39816951751709
2352.5,2.384368419647217
2352.6000000000004,2.395329236984253
2352.7000000000003,2.4022421836853027
2352.8,2.4150283336639404
2352.9,2.3909409046173096
2353.0,2.4038610458374023
2353.1000000000004,2.3967530727386475
2353.2000000000003,2.4041616916656494
2353.3,2.3980510234832764
2353.4,2.3937265872955322
2353.5,2.4011802673339844
2353.6000000000004,2.404158115386963
2353.7000000000003,2.397840738296509
2353.8,2.4045827388763428
2353.9,2.4113047122955322
2354.0,2.405050277709961
2354.1000000000004,2.4072635173797607
2354.2000000000003,2.4070892333984375
2354.3,2.401937246322632
2354.4,2.4149911403656006
2354.5,2.3987035751342773
2354.6000000000004,2.412856340408325
2354.7000000000003,2.3989639282226562
2354.8,2.401388168334961
2354.9,2.406985282897949
2355.0,2.4086999893188477
2355.1000000000004,2.405491590499878
2355.2000000000003,2.387479066848755
2355.3,2.4031052589416504
2355.4,2.401263475418091
2355.5,2.4021332263946533
2355.6000000000004,2.398153781890869
2355.7000000000003,2.394134759902954
2355.8,2.405014753341675
2355.9,2.402812957763672
2356.0,2.3943960666656494
2356.1000000000004,2.4075610637664795
2356.2000000000003,2.3916149139404297
2356.3,2.404855966567993
2356.4,2.398315191268921
2356.5,2.39365816116333
2356.6000000000004,2.3965542316436768
2356.7000000000003,2.405543804168701
2356.8,2.3951687812805176
2356.9,2.401106357574463
2357.0,2.4053773880004883
2357.1000000000004,2.409640073776245
2357.2000000000003,2.394606828689575
2357.3,2.3955423831939697
2357.4,2.399399995803833
2357.5,2.4085400104522705
2357.6000000000004,2.399925947189331
2357.7000000000003,2.415863513946533
2357.8,2.4022014141082764
2357.9,2.404723644256592
2358.0,2.405966281890869
2358.1000000000004,2.402890205383301
2358.2000000000003,2.4087717533111572
2358.3,2.3938302993774414
2358.4,2.4214587211608887
2358.5,2.4096145629882812
2358.6000000000004,2.411619186401367
2358.7000000000003,2.4155235290527344
2358.8,2.413525104522705
2358.9,2.413198471069336
2359.0,2.4073007106781006
2359.1000000000004,2.4165945053100586
2359.2000000000003,2.4147610664367676
2359.3,2.4085285663604736
2359.4,2.399688720703125
2359.5,2.39775013923645
2359.6000000000004,2.4166793823242188
2359.7000000000003,2.3922369480133057
2359.8,2.4138758182525635
2359.9,2.3844940662384033
2360.0,2.4111130237579346
2360.1000000000004,2.410973310470581
2360.2000000000003,2.409646987915039
2360.3,2.4076271057128906
2360.4,2.4222047328948975
2360.5,2.4093852043151855
2360.6000000000004,2.4050896167755127
2360.7000000000003,2.4143483638763428
2360.8,2.4063637256622314
2360.9,2.3952107429504395
2361.0,2.4176273345947266
2361.1000000000004,2.407959222793579
2361.2000000000003,2.4124562740325928
2361.3,2.4100592136383057
2361.4,2.4068195819854736
2361.5,2.4124410152435303
2361.6000000000004,2.4070181846618652
2361.7000000000003,2.4124221801757812
2361.8,2.4172117710113525
2361.9,2.4092395305633545
2362.0,2.4203829765319824
2362.1000000000004,2.406428337097168
2362.2000000000003,2.408642292022705
2362.3,2.39961838722229
2362.4,2.403144598007202
2362.5,2.412553548812866
2362.6000000000004,2.4068572521209717
2362.7000000000003,2.403125286102295
2362.8,2.40989351272583
2362.9,2.401060104370117
2363.0,2.4159107208251953
2363.1000000000004,2.4115748405456543
2363.2000000000003,2.4068121910095215
2363.3,2.4101722240448
2363.4,2.398503541946411
2363.5,2.414991617202759
2363.6000000000004,2.4053616523742676
2363.7000000000003,2.408602237701416
2363.8,2.40576171875
2363.9,2.3984053134918213
2364.0,2.416172742843628
2364.1000000000004,2.41400408744812
2364.2000000000003,2.42419695854187
2364.3,2.4039089679718018
2364.4,2.4081780910491943
2364.5,2.398024797439575
2364.6000000000004,2.4119925498962402
2364.7000000000003,2.4032695293426514
2364.8,2.412532329559326
2364.9,2.406547784805298
2365.0,2.397782325744629
2365.1000000000004,2.3918638229370117
2365.2000000000003,2.4042508602142334
2365.3,2.408190965652466
2365.4,2.410337209701538
2365.5,2.4100003242492676
2365.6000000000004,2.416322946548462
2365.7000000000003,2.408130168914795
2365.8,2.411930561065674
2365.9,2.415846347808838
2366.0,2.4120490550994873
2366.1000000000004,2.417886972427368
2366.2000000000003,2.4081201553344727
2366.3,2.4194748401641846
2366.4,2.4175522327423096
2366.5,2.406712293624878
2366.6000000000004,2.4090194702148438
2366.7000000000003,2.4075212478637695
2366.8,2.4013214111328125
2366.9,2.4079790115356445
2367.0,2.425487756729126
2367.1000000000004,2.4106850624084473
2367.2000000000003,2.4120876789093018
2367.3,2.4078216552734375
2367.4,2.411637306213379
2367.5,2.392662286758423
2367.6000000000004,2.413055419921875
2367.7000000000003,2.4194533824920654
2367.8,2.421377658843994
2367.9,2.4187917709350586
2368.0,2.401479482650757
2368.1000000000004,2.4168357849121094
2368.2000000000003,2.4040637016296387
2368.3,2.4251694679260254
2368.4,2.3955135345458984
2368.5,2.399576187133789
2368.6000000000004,2.418250799179077
2368.7000000000003,2.410297393798828
2368.8,2.42164945602417
2368.9,2.409376382827759
2369.0,2.42798113822937
2369.1000000000004,2.4028191566467285
2369.2000000000003,2.416060209274292
2369.3,2.415675163269043
2369.4,2.4197304248809814
2369.5,2.4030697345733643
2369.6000000000004,2.4115030765533447
2369.7000000000003,2.423391103744507
2369.8,2.4265010356903076
2369.9,2.418304204940796
2370.0,2.4312925338745117
2370.1000000000004,2.4146838188171387
2370.2000000000003,2.4178991317749023
2370.3,2.4231693744659424
2370.4,2.423499345779419
2370.5,2.429892063140869
2370.6000000000004,2.413412094116211
2370.7000000000003,2.406182289123535
2370.8,2.4262726306915283
2370.9,2.4145843982696533
2371.0,2.4150736331939697
2371.1000000000004,2.4145853519439697
2371.2000000000003,2.407453775405884
2371.3,2.4090545177459717
2371.4,2.4216182231903076
2371.5,2.4219489097595215
2371.6000000000004,2.413997173309326
2371.7000000000003,2.4124763011932373
2371.8,2.4101622104644775
2371.9,2.4153494834899902
2372.0,2.406033754348755
2372.1000000000004,2.4073684215545654
2372.2000000000003,2.426541328430176
2372.3,2.425589084625244
2372.4,2.421818494796753
2372.5,2.423011302947998
2372.6000000000004,2.4201204776763916
2372.7000000000003,2.4282143115997314
2372.8,2.4144561290740967
2372.9,2.4176385402679443
2373.0,2.415156126022339
2373.1000000000004,2.432676076889038
2373.2000000000003,2.414069175720215
2373.3,2.4226887226104736
2373.4,2.398019790649414
2373.5,2.4068093299865723
2373.6000000000004,2.425055742263794
2373.7000000000003,2.4125170707702637
2374.1000000000004,2.4115350246429443
2374.1000000000004,2.4207568168640137
2374.1000000000004,2.425510883331299
2374.1000000000004,2.4228286743164062
2374.2000000000003,2.420316696166992
2374.3,2.4181015491485596
2374.4,2.412595272064209
2374.5,2.422990322113037
2374.6000000000004,2.4199254512786865
2374.7000000000003,2.4139177799224854
2374.8,2.419015407562256
2374.9,2.43408465385437
2375.0,2.4192800521850586
2375.1000000000004,2.4107353687286377
2375.2000000000003,2.4188249111175537
2375.3,2.4260594844818115
2375.4,2.426649332046509
2375.5,2.433231830596924
2375.6000000000004,2.4079790115356445
2375.7000000000003,2.4195194244384766
2375.8,2.4228622913360596
2375.9,2.418179988861084
2376.0,2.428868055343628
2376.1000000000004,2.4175028800964355
2376.2000000000003,2.4285953044891357
2376.3,2.418231725692749
2376.4,2.4159674644470215
2376.5,2.422839879989624
2376.6000000000004,2.419092893600464
2376.7000000000003,2.4199483394622803
2376.8,2.4269862174987793
2376.9,2.427215576171875
2377.0,2.4052295684814453
2377.1000000000004,2.4212863445281982
2377.2000000000003,2.421137571334839
2377.3,2.428615093231201
2377.4,2.431239366531372
2377.5,2.4213967323303223
2377.6000000000004,2.4041852951049805
2377.7000000000003,2.4216926097869873
2377.8,2.4170446395874023
2377.9,2.4027023315429688
2378.0,2.4222238063812256
2378.1000000000004,2.4355924129486084
2378.2000000000003,2.422212600708008
2378.3,2.4106173515319824
2378.4,2.4215948581695557
2378.5,2.41784930229187
2378.6000000000004,2.4314568042755127
2378.7000000000003,2.4314651489257812
2378.8,2.4308197498321533
2378.9,2.4308106899261475
2379.0,2.4169821739196777
2379.1000000000004,2.4224915504455566
2379.2000000000003,2.4197616577148438
2379.3,2.4341728687286377
2379.4,2.4263176918029785
2379.5,2.428244113922119
2379.6000000000004,2.4270474910736084
2379.7000000000003,2.4210991859436035
2379.8,2.421661615371704
2379.9,2.4293816089630127
2380.0,2.4199371337890625
2380.1000000000004,2.4235527515411377
2380.2000000000003,2.427785873413086
2380.3,2.424727201461792
2380.4,2.4439189434051514
2380.5,2.4244742393493652
2380.6000000000004,2.4272193908691406
2380.7000000000003,2.4335319995880127
2380.8,2.434614658355713
2380.9,2.4163246154785156
2381.0,2.422347068786621
2381.1000000000004,2.4261691570281982
2381.2000000000003,2.4207229614257812
2381.3,2.419200897216797
2381.4,2.4231622219085693
2381.5,2.4131126403808594
2381.6000000000004,2.4356696605682373
2381.7000000000003,2.425234317779541
2381.8,2.4445338249206543
2381.9,2.4212646484375
2382.0,2.4143497943878174
2382.1000000000004,2.4083471298217773
2382.2000000000003,2.421757459640503
2382.3,2.4247756004333496
2382.4,2.4284493923187256
2382.5,2.438042640686035
2382.6000000000004,2.428882598876953
2382.7000000000003,2.4122421741485596
2382.8,2.4238474369049072
2382.9,2.4291629791259766
2383.0,2.433499813079834
2383.1000000000004,2.433938980102539
2383.2000000000003,2.419337749481201
2383.3,2.4164834022521973
2383.4,2.425724506378174
2383.5,2.424152135848999
2383.6000000000004,2.4380433559417725
2383.7000000000003,2.4122042655944824
2383.8,2.4224536418914795
2383.9,2.43902325630188
2384.0,2.4297873973846436
2384.1000000000004,2.435398817062378
2384.2000000000003,2.4082512855529785
2384.3,2.4375760555267334
2384.4,2.4391191005706787
2384.5,2.4340643882751465
2384.6000000000004,2.413963794708252
2384.7000000000003,2.4327144622802734
2384.8,2.4264819622039795
2384.9,2.4186298847198486
2385.0,2.4179909229278564
2385.1000000000004,2.4167606830596924
2385.2000000000003,2.425959825515747
2385.3,2.4369442462921143
2385.4,2.4065394401550293
2385.5,2.4092211723327637
2385.6000000000004,2.431337833404541
2385.7000000000003,2.422929048538208
2385.8,2.4308574199676514
2385.9,2.4306838512420654
2386.0,2.428213596343994
2386.1000000000004,2.4265055656433105
2386.2000000000003,2.4256374835968018
2386.3,2.433417320251465
2386.4,2.4323394298553467
2386.5,2.428112506866455
2386.6000000000004,2.428197145462036
2386.7000000000003,2.4349732398986816
2386.8,2.4329512119293213
2386.9,2.434758424758911
2387.0,2.4303832054138184
2387.1000000000004,2.4263477325439453
2387.2000000000003,2.4249191284179688
2387.3,2.4365503787994385
2387.4,2.4435572624206543
2387.5,2.4353275299072266
2387.6000000000004,2.4375646114349365
2387.7000000000003,2.4368550777435303
2387.8,2.4184582233428955
2387.9,2.404819965362549
2388.0,2.4253487586975098
2388.1000000000004,2.4327847957611084
2388.2000000000003,2.4257278442382812
2388.3,2.442901611328125
2388.4,2.4191060066223145
2388.5,2.4236397743225098
2388.6000000000004,2.42177414894104
2388.7000000000003,2.4251482486724854
2388.8,2.422858476638794
2388.9,2.434216260910034
2389.0,2.4278321266174316
2389.1000000000004,2.4261114597320557
2389.2000000000003,2.435455083847046
2389.3,2.430708169937134
2389.4,2.4343535900115967
2389.5,2.4373035430908203
2389.6000000000004,2.429060935974121
2389.7000000000003,2.4432566165924072
2389.8,2.4332730770111084
2389.9,2.4335505962371826
2390.0,2.4320878982543945
2390.1000000000004,2.4396650791168213
2390.2000000000003,2.4227025508880615
2390.3,2.4280190467834473
2390.4,2.4098002910614014
2390.5,2.430877923965454
2390.6000000000004,2.42297101020813
2390.7000000000003,2.4335532188415527
2390.8,2.4321935176849365
2390.9,2.4224183559417725
2391.0,2.4351165294647217
2391.1000000000004,2.430373430252075
2391.2000000000003,2.4350380897521973
2391.3,2.441006660461426
2391.4,2.426398277282715
2391.5,2.420076847076416
2391.6000000000004,2.4352288246154785
2391.7000000000003,2.4215469360351562
2391.8,2.4348154067993164
2391.9,2.4342854022979736
2392.0,2.4400980472564697
2392.1000000000004,2.4406778812408447
2392.2000000000003,2.4245071411132812
2392.3,2.4337704181671143
2392.4,2.4392592906951904
2392.5,2.426145315170288
2392.6000000000004,2.430370569229126
2392.7000000000003,2.430982828140259
2392.8,2.430128574371338
2392.9,2.4337544441223145
2393.0,2.4332590103149414
2393.1000000000004,2.440685510635376
2393.2000000000003,2.443362236022949
2393.3,2.432528495788574
2393.4,2.435396909713745
2393.5,2.4254343509674072
2393.6000000000004,2.429234743118286
2393.7000000000003,2.422386646270752
2393.8,2.437134027481079
2393.9,2.425891399383545
2394.0,2.4307219982147217
2394.1000000000004,2.422827959060669
2394.2000000000003,2.4289743900299072
2394.3,2.4307987689971924
2394.4,2.431511163711548
2394.5,2.4340410232543945
2394.6000000000004,2.4356818199157715
2394.7000000000003,2.441174268722534
2394.8,2.4409165382385254
2394.9,2.429025173187256
2395.0,2.428710699081421
2395.1000000000004,2.431234359741211
2395.2000000000003,2.4367153644561768
2395.3,2.437317132949829
2395.4,2.4258248805999756
2395.5,2.443427324295044
2395.6000000000004,2.430556058883667
2395.7000000000003,2.4465866088867188
2395.8,2.4266183376312256
2395.9,2.4325785636901855
2396.0,2.43640398979187
2396.1000000000004,2.4520015716552734
2396.2000000000003,2.4325547218322754
2396.3,2.442121982574463
2396.4,2.4360878467559814
2396.5,2.4382283687591553
2396.6000000000004,2.4413440227508545
2396.7000000000003,2.4382784366607666
2396.8,2.4361484050750732
2396.9,2.4290318489074707
2397.0,2.436396837234497
2397.1000000000004,2.443437337875366
2397.2000000000003,2.4518096446990967
2397.3,2.4390602111816406
2397.4,2.452302932739258
2397.5,2.4315428733825684
2397.6000000000004,2.4495882987976074
2397.7000000000003,2.4451098442077637
2397.8,2.4310426712036133
2397.9,2.4381704330444336
2398.0,2.4332187175750732
2398.1000000000004,2.435880184173584
2398.2000000000003,2.4395182132720947
2398.3,2.436735153198242
2398.4,2.4203226566314697
2398.5,2.4284489154815674
2398.6000000000004,2.4239959716796875
2398.7000000000003,2.4409475326538086
2398.8,2.441037178039551
2398.9,2.4311962127685547
2399.0,2.4463000297546387
2399.1000000000004,2.443267345428467
2399.2000000000003,2.4342148303985596
2399.3,2.4402801990509033
2399.4,2.4402406215667725
2399.5,2.438575506210327
2399.6000000000004,2.4259846210479736
2399.7000000000003,2.4397199153900146
2399.8,2.4302637577056885
2399.9,2.4414687156677246
2400.0,2.4475209712982178
2400.1000000000004,2.4281601905822754
2400.2000000000003,2.4502673149108887
2400.3,2.439371109008789
2400.4,2.438680410385132
2400.5,2.4319264888763428
2400.6000000000004,2.4377071857452393
2400.7000000000003,2.4346792697906494
2400.8,2.454301595687866
2400.9,2.435901165008545
2401.0,2.439761161804199
2401.1000000000004,2.4366743564605713
2401.2000000000003,2.447352886199951
2401.3,2.445103168487549
2401.4,2.4418532848358154
2401.5,2.443594455718994
2401.6000000000004,2.425137758255005
2401.7000000000003,2.444300651550293
2401.8,2.4471259117126465
2401.9,2.4469566345214844
2402.0,2.432779312133789
2402.1000000000004,2.4405014514923096
2402.2000000000003,2.4440860748291016
2402.3,2.433870553970337
2402.4,2.439896583557129
2402.5,2.4252214431762695
2402.6000000000004,2.4388716220855713
2402.7000000000003,2.4381771087646484
2402.8,2.4312822818756104
2402.9,2.425996780395508
2403.0,2.4309279918670654
2403.1000000000004,2.435335397720337
2403.2000000000003,2.4458422660827637
2403.3,2.4400317668914795
2403.4,2.436403512954712
2403.5,2.4442086219787598
2403.6000000000004,2.4369349479675293
2403.7000000000003,2.4348323345184326
2403.8,2.4310271739959717
2403.9,2.443540573120117
2404.0,2.4393534660339355
2404.1000000000004,2.426560163497925
2404.2000000000003,2.4432992935180664
2404.3,2.453040361404419
2404.4,2.438678026199341
2404.5,2.4437177181243896
2404.6000000000004,2.4371378421783447
2404.7000000000003,2.4349892139434814
2404.8,2.4517245292663574
2404.9,2.445286512374878
2405.0,2.4324848651885986
2405.1000000000004,2.4388396739959717
2405.2000000000003,2.44431209564209
2405.3,2.4329514503479004
2405.4,2.4398443698883057
2405.5,2.432699680328369
2405.6000000000004,2.429399251937866
2405.7000000000003,2.4394161701202393
2405.8,2.4297006130218506
2405.9,2.4414215087890625
2406.0,2.432558298110962
2406.1000000000004,2.438298463821411
2406.2000000000003,2.4380550384521484
2406.3,2.4387102127075195
2406.4,2.4458980560302734
2406.5,2.444669008255005
2406.6000000000004,2.4375157356262207
2406.7000000000003,2.4270412921905518
2406.8,2.4433274269104004
2406.9,2.4330458641052246
2407.0,2.4431731700897217
2407.1000000000004,2.452240228652954
2407.2000000000003,2.434142589569092
2407.3,2.4419047832489014
2407.4,2.4382107257843018
2407.5,2.4481489658355713
2407.6000000000004,2.4387571811676025
2407.7000000000003,2.438502311706543
2407.8,2.4419775009155273
2407.9,2.437469720840454
2408.0,2.4426493644714355
2408.1000000000004,2.435786247253418
2408.2000000000003,2.440520763397217
2408.3,2.434353828430176
2408.4,2.4366114139556885
2408.5,2.447070837020874
2408.6000000000004,2.4400346279144287
2408.7000000000003,2.4422295093536377
2408.8,2.43475079536438
2408.9,2.4441912174224854
2409.0,2.443202257156372
2409.1000000000004,2.437230110168457
2409.2000000000003,2.4363598823547363
2409.3,2.4491894245147705
2409.4,2.4457056522369385
2409.5,2.440488815307617
2409.6000000000004,2.448054313659668
2409.7000000000003,2.444169044494629
2409.8,2.4474246501922607
2409.9,2.426530599594116
2410.0,2.4451770782470703
2410.1000000000004,2.442230224609375
2410.2000000000003,2.441877841949463
2410.3,2.439260244369507
2410.4,2.421199321746826
2410.5,2.436892032623291
2410.6000000000004,2.4486443996429443
2410.7000000000003,2.439979076385498
2410.8,2.4309115409851074
2410.9,2.441192626953125
2411.0,2.443448781967163
2411.1000000000004,2.4363696575164795
2411.2000000000003,2.4644675254821777
2411.3,2.4365592002868652
2411.4,2.4349355697631836
2411.5,2.4519920349121094
2411.6000000000004,2.416675329208374
2411.7000000000003,2.4416844844818115
2411.8,2.4441163539886475
2411.9,2.442333698272705
2412.0,2.450822114944458
2412.1000000000004,2.4429643154144287
2412.2000000000003,2.432389497756958
2412.3,2.4447407722473145
2412.4,2.4412457942962646
2412.5,2.431321620941162
2412.6000000000004,2.446629762649536
2412.7000000000003,2.443488121032715
2412.8,2.4488525390625
2412.9,2.440012216567993
2413.0,2.446204662322998
2413.1000000000004,2.456570863723755
2413.2000000000003,2.437049388885498
2413.3,2.436901807785034
2413.4,2.443202495574951
2413.5,2.4425208568573
2413.6000000000004,2.445176362991333
2413.7000000000003,2.4416985511779785
2413.8,2.44400954246521
2413.9,2.448219060897827
2414.0,2.4345779418945312
2414.1000000000004,2.4477791786193848
2414.2000000000003,2.44534969329834
2414.3,2.4518227577209473
2414.4,2.439378023147583
2414.5,2.4435811042785645
2414.6000000000004,2.4442901611328125
2414.7000000000003,2.445676803588867
2414.8,2.4446592330932617
2414.9,2.446514129638672
2415.0,2.4463210105895996
2415.1000000000004,2.4443230628967285
2415.2000000000003,2.4505040645599365
2415.3,2.4356908798217773
2415.4,2.4418771266937256
2415.5,2.43930983543396
2415.6000000000004,2.4208197593688965
2415.7000000000003,2.444702386856079
2415.8,2.452012062072754
2415.9,2.459702253341675
2416.0,2.4386236667633057
2416.1000000000004,2.4429006576538086
2416.2000000000003,2.433457374572754
2416.3,2.444835901260376
2416.4,2.4466044902801514
2416.5,2.4509785175323486
2416.6000000000004,2.4471170902252197
2416.7000000000003,2.4484455585479736
2416.8,2.4416239261627197
2416.9,2.4530205726623535
2417.0,2.4457857608795166
2417.1000000000004,2.45767879486084
2417.2000000000003,2.437201499938965
2417.3,2.446920394897461
2417.4,2.4277987480163574
2417.5,2.441035747528076
2417.6000000000004,2.4426047801971436
2417.7000000000003,2.457167863845825
2417.8,2.4485936164855957
2417.9,2.4554855823516846
2418.0,2.4433846473693848
2418.1000000000004,2.4403247833251953
2418.2000000000003,2.456340789794922
2418.3,2.445709466934204
2418.4,2.442148208618164
2418.5,2.45322322845459
2418.6000000000004,2.4505443572998047
2418.7000000000003,2.437180995941162
2418.8,2.4589436054229736
2418.9,2.4446873664855957
2419.0,2.44470477104187
2419.1000000000004,2.451140880584717
2419.2000000000003,2.439810037612915
2419.3,2.449373722076416
2419.4,2.431068181991577
2419.5,2.4431135654449463
2419.6000000000004,2.435607671737671
2419.7000000000003,2.4466166496276855
2419.8,2.4331586360931396
2419.9,2.446126699447632
2420.0,2.4521701335906982
2420.1000000000004,2.426913261413574
2420.2000000000003,2.454878807067871
2420.3,2.450171947479248
2420.4,2.4455862045288086
2420.5,2.452507257461548
2420.6000000000004,2.4472086429595947
2420.7000000000003,2.4356820583343506
2420.8,2.443423271179199
2420.9,2.4493260383605957
2421.0,2.447511911392212
2421.1000000000004,2.44435453414917
2421.2000000000003,2.451678514480591
2421.3,2.4442458152770996
2421.4,2.4263579845428467
2421.5,2.4548280239105225
2421.6000000000004,2.4421029090881348
2421.7000000000003,2.4427413940429688
2421.8,2.4452688694000244
2421.9,2.445051431655884
2422.0,2.4542741775512695
2422.1000000000004,2.4619944095611572
2422.2000000000003,2.4437479972839355
2422.3,2.4541141986846924
2422.4,2.448118209838867
2422.5,2.4418537616729736
2422.6000000000004,2.4529149532318115
2422.7000000000003,2.4477813243865967
2422.8,2.436781883239746
2422.9,2.4419453144073486
2423.0,2.4557623863220215
2423.1000000000004,2.4495558738708496
2423.2000000000003,2.4448258876800537
2423.3,2.440335988998413
2423.4,2.4528555870056152
2423.5,2.4478907585144043
2423.6000000000004,2.4446442127227783
2423.7000000000003,2.44181227684021
2423.8,2.4417688846588135
2423.9,2.44989275932312
2424.0,2.4439430236816406
2424.1000000000004,2.4542386531829834
2424.2000000000003,2.4571690559387207
2424.3,2.452444076538086
2424.4,2.4554357528686523
2424.5,2.4403269290924072
2424.6000000000004,2.443122625350952
2424.7000000000003,2.456564426422119
2424.8,2.455392360687256
2424.9,2.4477181434631348
2425.0,2.448336601257324
2425.1000000000004,2.4480154514312744
2425.2000000000003,2.447258472442627
2425.3,2.457923650741577
2425.4,2.4437384605407715
2425.5,2.454580783843994
2425.6000000000004,2.452122688293457
2425.7000000000003,2.4496686458587646
2425.8,2.458024263381958
2425.9,2.4420034885406494
2426.0,2.4483654499053955
2426.1000000000004,2.452667474746704
2426.2000000000003,2.434048652648926
2426.3,2.447481870651245
2426.4,2.4368932247161865
2426.5,2.446340322494507
2426.6000000000004,2.460676908493042
2426.7000000000003,2.4463765621185303
2426.8,2.445240020751953
2426.9,2.4508986473083496
2427.0,2.454096794128418
2427.1000000000004,2.441101551055908
2427.2000000000003,2.45415997505188
2427.3,2.4446277618408203
2427.4,2.443842887878418
2427.5,2.441021203994751
2427.6000000000004,2.4372947216033936
2427.7000000000003,2.4553802013397217
2427.8,2.443159341812134
2427.9,2.443479537963867
2428.0,2.445253849029541
2428.1000000000004,2.4554412364959717
2428.2000000000003,2.445488214492798
2428.3,2.460799217224121
2428.4,2.455686330795288
2428.5,2.46563982963562
2428.6000000000004,2.4583866596221924
2428.7000000000003,2.4520552158355713
2428.8,2.445199966430664
2428.9,2.454763889312744
2429.0,2.457468271255493
2429.1000000000004,2.445462465286255
2429.2000000000003,2.447861671447754
2429.3,2.4531025886535645
2429.4,2.448429822921753
2429.5,2.4506776332855225
2429.6000000000004,2.4666895866394043
2429.7000000000003,2.44944167137146
2429.8,2.441546678543091
2429.9,2.4546408653259277
2430.0,2.451237440109253
2430.1000000000004,2.4366462230682373
2430.2000000000003,2.451002597808838
2430.3,2.4560792446136475
2430.4,2.447218894958496
2430.5,2.4494636058807373
2430.6000000000004,2.4482433795928955
2430.7000000000003,2.4546597003936768
2430.8,2.451601028442383
2430.9,2.439053535461426
