t,min_range
30.200000000000003,2.3617663383483887
30.3,2.367460012435913
30.400000000000002,2.365989923477173
30.500000000000004,2.353433609008789
30.6,2.3244237899780273
30.700000000000003,2.3123562335968018
30.8,2.3021414279937744
30.900000000000002,2.2960498332977295
31.000000000000004,2.287155866622925
31.1,2.264878273010254
31.200000000000003,2.265282154083252
31.3,2.2550272941589355
31.400000000000002,2.2493040561676025
31.500000000000004,2.2241766452789307
31.6,2.2296838760375977
31.700000000000003,2.225576639175415
31.8,2.1959915161132812
31.900000000000002,2.184778928756714
32.0,2.1797285079956055
32.1,2.1623640060424805
32.2,2.13818359375
32.300000000000004,2.1394460201263428
32.4,2.139604330062866
32.5,2.1447198390960693
32.6,2.1374170780181885
32.7,2.147301197052002
32.800000000000004,2.155653715133667
32.9,2.1583449840545654
33.0,2.1610071659088135
33.1,2.157712459564209
33.2,2.1647403240203857
33.300000000000004,2.1693179607391357
33.4,2.1733944416046143
33.5,2.167353630065918
33.6,2.161597728729248
33.7,2.1682381629943848
33.800000000000004,2.1642351150512695
33.9,2.159982681274414
34.0,2.1585347652435303
34.1,2.1546952724456787
34.2,2.1597487926483154
34.300000000000004,2.160806179046631
34.400000000000006,2.1669869422912598
34.5,2.159926176071167
34.6,2.1610260009765625
34.7,2.153879404067993
34.800000000000004,2.178231954574585
34.900000000000006,2.1663875579833984
35.0,2.1666922569274902
35.1,2.1745824813842773
35.2,2.1546850204467773
35.300000000000004,2.1086831092834473
35.400000000000006,2.0668208599090576
35.5,2.0132932662963867
35.6,1.9651163816452026
35.7,1.9056055545806885
35.800000000000004,1.8588588237762451
35.900000000000006,1.7976012229919434
36.0,1.7609269618988037
36.1,1.7018804550170898
36.2,1.6577709913253784
36.300000000000004,1.611923098564148
36.400000000000006,1.569404125213623
36.5,1.5085229873657227
36.6,1.4706459045410156
36.7,1.4200719594955444
36.800000000000004,1.354739785194397
36.900000000000006,1.3128596544265747
37.0,1.279374599456787
37.1,1.241363763809204
37.2,1.195466160774231
37.300000000000004,1.1683851480484009
37.400000000000006,1.1275216341018677
37.5,1.114010214805603
37.6,1.0812156200408936
37.7,1.0485759973526
37.800000000000004,1.0353412628173828
37.900000000000006,0.9990966320037842
38.0,0.9953915476799011
38.1,0.9829644560813904
38.2,0.9696027040481567
38.300000000000004,0.960137665271759
38.400000000000006,0.9503576159477234
38.5,0.9382281303405762
38.6,0.9449222087860107
38.7,0.9258087873458862
38.800000000000004,0.9155687689781189
38.900000000000006,0.9086804389953613
39.0,0.9191092848777771
39.1,0.9201402068138123
39.2,0.9186177849769592
39.300000000000004,0.899258553981781
39.400000000000006,0.9119904637336731
39.5,0.9057440161705017
39.6,0.899793267250061
39.7,0.9017778635025024
39.800000000000004,0.9123402237892151
39.900000000000006,0.905922532081604
40.0,0.922491729259491
40.1,0.9134880900382996
40.2,0.931265115737915
40.300000000000004,0.9094528555870056
40.400000000000006,0.8827638030052185
40.5,0.8797796368598938
40.6,0.8776018619537354
40.7,0.8723369240760803
40.800000000000004,0.85582435131073
40.900000000000006,0.8544447422027588
41.0,0.8472025394439697
41.1,0.8370065689086914
41.2,0.8434473276138306
41.300000000000004,0.8358398675918579
41.400000000000006,0.8119736313819885
41.5,0.7987560629844666
41.6,0.787300169467926
41.7,0.7779916524887085
41.800000000000004,0.7685953974723816
41.900000000000006,0.7705092430114746
42.0,0.7635812163352966
42.1,0.7612104415893555
42.2,0.7550272941589355
42.300000000000004,0.7531411051750183
42.400000000000006,0.7564464211463928
42.5,0.747623085975647
42.6,0.7382701635360718
42.7,0.7268611788749695
42.800000000000004,0.7092795372009277
42.900000000000006,0.7141546010971069
43.0,0.7021783590316772
43.1,0.6950870752334595
43.2,0.6826001405715942
43.300000000000004,0.6764721274375916
43.400000000000006,0.6694697141647339
43.5,0.683440625667572
43.6,0.6764815449714661
43.7,0.6708806753158569
43.800000000000004,0.6742931008338928
43.900000000000006,0.6663278937339783
44.0,0.6726729273796082
44.1,0.6567099094390869
44.2,0.6575406789779663
44.300000000000004,0.6467475891113281
44.400000000000006,0.6461582183837891
44.5,0.6419711112976074
44.6,0.6351417303085327
44.7,0.6353138089179993
44.800000000000004,0.6381832957267761
44.900000000000006,0.6378502249717712
45.0,0.6316642761230469
45.1,0.6370861530303955
45.2,0.629560112953186
45.300000000000004,0.633722722530365
45.400000000000006,0.6093782186508179
45.5,0.6117503643035889
45.6,0.6031234860420227
45.7,0.6063646078109741
45.800000000000004,0.5956732630729675
45.900000000000006,0.5860008597373962
46.0,0.5863252878189087
46.1,0.5806833505630493
46.2,0.5629434585571289
46.300000000000004,0.5651496648788452
46.400000000000006,0.5738329887390137
46.5,0.5582266449928284
46.6,0.5486106276512146
46.7,0.5545817613601685
46.800000000000004,0.5447657108306885
46.900000000000006,0.5380972623825073
47.0,0.5347710847854614
47.1,0.528998613357544
47.2,0.5175848007202148
47.300000000000004,0.5083506107330322
47.400000000000006,0.5009937882423401
47.5,0.4947322607040405
47.6,0.4872128665447235
47.7,0.4889715015888214
47.800000000000004,0.4825840890407562
47.900000000000006,0.45848220586776733
48.0,0.48243704438209534
48.1,0.4679616093635559
48.2,0.47062429785728455
48.300000000000004,0.46027565002441406
48.400000000000006,0.4502793848514557
48.5,0.44210031628608704
48.6,0.42885544896125793
48.7,0.434967964887619
48.800000000000004,0.42568859457969666
48.900000000000006,0.41956907510757446
49.0,0.409134179353714
49.1,0.41075390577316284
49.2,0.39420613646507263
49.300000000000004,0.39384862780570984
49.400000000000006,0.39686575531959534
49.5,0.40291133522987366
49.6,0.3897463083267212
49.7,0.38054680824279785
49.800000000000004,0.37893348932266235
49.900000000000006,0.3757745623588562
50.0,0.3597587049007416
50.1,0.35566017031669617
50.2,0.3619910478591919
50.300000000000004,0.36626458168029785
50.400000000000006,0.3540389835834503
50.5,0.3575543463230133
50.6,0.36777180433273315
50.7,0.36406105756759644
50.800000000000004,0.3637160360813141
50.900000000000006,0.35361579060554504
51.0,0.3483288586139679
51.1,0.36142030358314514
51.2,0.36098501086235046
51.300000000000004,0.3591756522655487
51.400000000000006,0.36247941851615906
51.5,0.3595106899738312
51.6,0.36176741123199463
51.7,0.35453423857688904
51.800000000000004,0.34932106733322144
51.900000000000006,0.36184412240982056
52.0,0.35980460047721863
52.1,0.36294251680374146
52.2,0.3603740930557251
52.300000000000004,0.3577127754688263
52.400000000000006,0.3599371910095215
52.5,0.3561669588088989
52.6,0.3546005189418793
52.7,0.357393741607666
52.800000000000004,0.34397441148757935
52.900000000000006,0.35090410709381104
53.0,0.3558403551578522
53.1,0.35361248254776
53.2,0.34544137120246887
53.300000000000004,0.3397425711154938
53.400000000000006,0.3501926362514496
53.5,0.3558425307273865
53.6,0.3568976819515228
53.7,0.35155975818634033
53.800000000000004,0.3549838960170746
53.900000000000006,0.338243693113327
54.0,0.3534789979457855
54.1,0.35263296961784363
54.2,0.34635594487190247
54.300000000000004,0.3421376645565033
54.400000000000006,0.3419242203235626
54.5,0.3378833532333374
54.6,0.34224897623062134
54.7,0.33868148922920227
54.800000000000004,0.34716036915779114
54.900000000000006,0.3475499749183655
55.0,0.3440963625907898
55.1,0.34933313727378845
55.2,0.3368929624557495
55.300000000000004,0.3300856351852417
55.400000000000006,0.3459804654121399
55.5,0.339415580034256
55.6,0.33477485179901123
55.7,0.3397117853164673
55.800000000000004,0.3443737328052521
55.900000000000006,0.3333722651004791
56.0,0.33705851435661316
56.1,0.3352736234664917
56.2,0.33939415216445923
56.300000000000004,0.3343285024166107
56.400000000000006,0.33419275283813477
56.5,0.3339441418647766
56.6,0.336531400680542
56.7,0.3363044261932373
56.800000000000004,0.33025604486465454
56.900000000000006,0.33924469351768494
57.0,0.33344534039497375
57.1,0.33352044224739075
57.2,0.32424747943878174
57.300000000000004,0.32875967025756836
57.400000000000006,0.3262205123901367
57.50000000000001,0.3216245472431183
57.6,0.3296678960323334
57.7,0.337909460067749
57.800000000000004,0.3287654519081116
57.900000000000006,0.33599579334259033
58.00000000000001,0.32591569423675537
58.1,0.32388752698898315
58.2,0.32757845520973206
58.300000000000004,0.32435712218284607
58.400000000000006,0.32875362038612366
58.50000000000001,0.332322359085083
58.6,0.31477123498916626
58.7,0.3198542594909668
58.800000000000004,0.32420915365219116
58.900000000000006,0.32460376620292664
59.00000000000001,0.31887394189834595
59.1,0.3140128254890442
59.2,0.32188931107521057
59.300000000000004,0.32304078340530396
59.400000000000006,0.32472923398017883
59.50000000000001,0.3263804316520691
59.6,0.327080637216568
59.7,0.32371756434440613
59.800000000000004,0.32656627893447876
59.900000000000006,0.3344755470752716
60.00000000000001,0.3191043436527252
60.1,0.32435816526412964
60.2,0.32973620295524597
60.300000000000004,0.33488792181015015
60.400000000000006,0.3189335763454437
60.50000000000001,0.3235873878002167
60.6,0.3306830823421478
60.7,0.32995226979255676
60.800000000000004,0.32839763164520264
60.900000000000006,0.3351682424545288
61.00000000000001,0.3318462371826172
61.1,0.3237488865852356
61.2,0.3218456506729126
61.300000000000004,0.3341641128063202
61.400000000000006,0.3368943929672241
61.50000000000001,0.3390907049179077
61.6,0.33553943037986755
61.7,0.33211591839790344
61.800000000000004,0.3349304795265198
61.900000000000006,0.33287501335144043
62.00000000000001,0.3277774155139923
62.1,0.33243927359580994
62.2,0.3288287818431854
62.300000000000004,0.3441701829433441
62.400000000000006,0.3311338722705841
62.50000000000001,0.3330506682395935
62.6,0.33513379096984863
62.7,0.3348643183708191
62.800000000000004,0.32182326912879944
62.900000000000006,0.32020890712738037
63.00000000000001,0.3382425010204315
63.1,0.3229951560497284
63.2,0.3370703458786011
63.300000000000004,0.33577707409858704
63.400000000000006,0.32874566316604614
63.50000000000001,0.3367372155189514
63.6,0.3293823301792145
63.7,0.34050610661506653
63.800000000000004,0.34120887517929077
63.900000000000006,0.33145540952682495
64.0,0.33765003085136414
64.10000000000001,0.31963759660720825
64.2,0.3309652507305145
64.3,0.32425665855407715
64.4,0.3309352993965149
64.5,0.33470040559768677
64.60000000000001,0.32132017612457275
64.7,0.3401266932487488
64.8,0.3379884362220764
64.9,0.33555299043655396
65.0,0.33820483088493347
65.10000000000001,0.33464524149894714
65.2,0.33021998405456543
65.3,0.33867037296295166
65.4,0.3382805287837982
65.5,0.3307206928730011
65.60000000000001,0.33373454213142395
65.7,0.32980531454086304
65.8,0.32089465856552124
65.9,0.3285757601261139
66.0,0.331238716840744
66.10000000000001,0.33766305446624756
66.2,0.33094412088394165
66.3,0.33003664016723633
66.4,0.33104050159454346
66.5,0.3237672448158264
66.60000000000001,0.33473482728004456
66.7,0.33782002329826355
66.8,0.3334292471408844
66.9,0.32923680543899536
67.0,0.3299844563007355
67.10000000000001,0.3328445553779602
67.2,0.3312566876411438
67.3,0.3353661596775055
67.4,0.32300257682800293
67.5,0.3316347002983093
67.60000000000001,0.3243112564086914
67.7,0.3320007026195526
67.8,0.3209448456764221
67.9,0.3175295293331146
68.0,0.3284686207771301
68.10000000000001,0.32783496379852295
68.2,0.3315078318119049
68.3,0.3175778388977051
68.4,0.3132990896701813
68.5,0.3309471905231476
68.60000000000001,0.32663530111312866
68.7,0.3308938443660736
68.80000000000001,0.3258453905582428
68.9,0.32099777460098267
69.0,0.32474279403686523
69.10000000000001,0.3382430076599121
69.2,0.3294748365879059
69.30000000000001,0.31586408615112305
69.4,0.3390067517757416
69.5,0.32618868350982666
69.60000000000001,0.3228253424167633
69.7,0.3182072043418884
69.80000000000001,0.3252549469470978
69.9,0.3281075656414032
70.0,0.3294696509838104
70.10000000000001,0.3254987299442291
70.2,0.3227052688598633
70.30000000000001,0.3201513886451721
70.4,0.31830674409866333
70.5,0.317229688167572
70.60000000000001,0.32214877009391785
70.7,0.3208845257759094
70.80000000000001,0.32265016436576843
70.9,0.32719776034355164
71.0,0.320404052734375
71.10000000000001,0.31240516901016235
71.2,0.3225737512111664
71.30000000000001,0.3188402056694031
71.4,0.3228755593299866
71.5,0.3234802186489105
71.60000000000001,0.3180435597896576
71.7,0.31755927205085754
71.80000000000001,0.3152133822441101
71.9,0.31144455075263977
72.0,0.32275089621543884
72.10000000000001,0.3156377971172333
72.2,0.3179378807544708
72.30000000000001,0.31370002031326294
72.4,0.30709514021873474
72.5,0.3153592050075531
72.60000000000001,0.310096800327301
72.7,0.3012966513633728
72.80000000000001,0.31607362627983093
72.9,0.3018212914466858
73.0,0.31103649735450745
73.10000000000001,0.31700509786605835
73.2,0.3117237687110901
73.30000000000001,0.3119605779647827
73.4,0.31708085536956787
73.5,0.3224886655807495
73.60000000000001,0.3199380934238434
73.7,0.3222172260284424
73.80000000000001,0.3160877227783203
73.9,0.3338456451892853
74.0,0.32770392298698425
74.10000000000001,0.31244316697120667
74.2,0.32864829897880554
74.30000000000001,0.32424303889274597
74.4,0.3244307041168213
74.5,0.32705286145210266
74.60000000000001,0.320656955242157
74.7,0.322317510843277
74.80000000000001,0.3297916650772095
74.9,0.33141404390335083
75.0,0.32843154668807983
75.10000000000001,0.3192616105079651
75.2,0.32736364006996155
75.30000000000001,0.33529001474380493
75.4,0.3303752541542053
75.5,0.3300657570362091
75.60000000000001,0.3238309323787689
75.7,0.3221988379955292
75.80000000000001,0.3378598392009735
75.9,0.33138033747673035
76.0,0.33736106753349304
76.10000000000001,0.3327813744544983
76.2,0.335356742143631
76.30000000000001,0.33544453978538513
76.4,0.32593345642089844
76.5,0.33639588952064514
76.60000000000001,0.33244654536247253
76.7,0.3318072557449341
76.80000000000001,0.3310636579990387
76.9,0.3373824656009674
77.0,0.33014142513275146
77.10000000000001,0.32881656289100647
77.2,0.3332652151584625
77.30000000000001,0.33594122529029846
77.4,0.3319830596446991
77.5,0.3413930833339691
77.60000000000001,0.3223143517971039
77.7,0.3217606246471405
77.80000000000001,0.3325386047363281
77.9,0.3225381076335907
78.0,0.3300820589065552
78.10000000000001,0.33657026290893555
78.2,0.3242131471633911
78.30000000000001,0.32979685068130493
78.4,0.33666878938674927
78.5,0.33227524161338806
78.60000000000001,0.32819250226020813
78.7,0.3274224102497101
78.80000000000001,0.3181452453136444
78.9,0.32481786608695984
79.0,0.3214758038520813
79.10000000000001,0.3301548659801483
79.2,0.33224228024482727
79.30000000000001,0.3286866247653961
79.4,0.33204448223114014
79.5,0.3304826021194458
79.60000000000001,0.32160910964012146
79.7,0.3339802622795105
79.80000000000001,0.3244098722934723
79.9,0.3232851028442383
80.0,0.3240061104297638
80.2,0.3258242607116699
80.2,0.32790523767471313
80.30000000000001,0.32943037152290344
80.4,0.31616491079330444
80.5,0.3365822434425354
80.60000000000001,0.3187028765678406
80.7,0.3274778127670288
80.80000000000001,0.33049508929252625
80.9,0.3336593508720398
81.0,0.3257851004600525
81.10000000000001,0.31415224075317383
81.2,0.31863918900489807
81.30000000000001,0.32142865657806396
81.4,0.33474424481391907
81.5,0.32874417304992676
81.60000000000001,0.3279569447040558
81.7,0.3280765116214752
81.80000000000001,0.3264395296573639
81.9,0.3224194645881653
82.0,0.3257845342159271
82.10000000000001,0.3272966146469116
82.2,0.32691437005996704
82.30000000000001,0.31196147203445435
82.4,0.32475584745407104
82.5,0.3155328333377838
82.60000000000001,0.3223748207092285
82.7,0.3247095048427582
82.80000000000001,0.3287070691585541
82.9,0.3161453306674957
83.0,0.32190772891044617
83.10000000000001,0.3296857178211212
83.2,0.31314051151275635
83.30000000000001,0.3264636695384979
83.4,0.31920647621154785
83.5,0.30927956104278564
83.60000000000001,0.31513962149620056
83.7,0.3142780065536499
83.80000000000001,0.3100433945655823
83.9,0.30900701880455017
84.0,0.3218614459037781
84.10000000000001,0.31137871742248535
84.2,0.31512534618377686
84.30000000000001,0.3090364336967468
84.4,0.29462212324142456
84.5,0.30186766386032104
84.60000000000001,0.3058995306491852
84.7,0.3104994297027588
84.80000000000001,0.31762760877609253
84.9,0.29860174655914307
85.0,0.31841641664505005
85.10000000000001,0.3136863112449646
85.2,0.33808842301368713
85.30000000000001,0.3301355242729187
85.4,0.33189326524734497
85.5,0.3255274295806885
85.60000000000001,0.3343387842178345
85.7,0.3401212692260742
85.80000000000001,0.3375231623649597
85.9,0.3375043272972107
86.0,0.3364551365375519
86.10000000000001,0.33571112155914307
86.2,0.3424590826034546
86.30000000000001,0.34120920300483704
86.4,0.3362296223640442
86.5,0.3380953371524811
86.60000000000001,0.34126877784729004
86.7,0.33792516589164734
86.80000000000001,0.3323458731174469
86.9,0.33435457944869995
87.0,0.33613502979278564
87.10000000000001,0.33639630675315857
87.2,0.34359294176101685
87.30000000000001,0.3342101573944092
87.4,0.3399140536785126
87.5,0.3346146047115326
87.60000000000001,0.3423354923725128
87.7,0.33742108941078186
87.80000000000001,0.341363787651062
87.9,0.34259119629859924
88.0,0.34335702657699585
88.10000000000001,0.3383379280567169
88.2,0.3410446345806122
88.30000000000001,0.34865647554397583
88.4,0.34312230348587036
88.5,0.3415104150772095
88.60000000000001,0.3245139718055725
88.7,0.339350163936615
88.80000000000001,0.3389683663845062
88.9,0.34513232111930847
89.0,0.33605292439460754
89.10000000000001,0.34142160415649414
89.2,0.3354469835758209
89.30000000000001,0.34043222665786743
89.4,0.3208344876766205
89.5,0.33050745725631714
89.60000000000001,0.3236226439476013
89.7,0.34029483795166016
89.80000000000001,0.32825925946235657
89.9,0.3296924829483032
90.0,0.3291792869567871
90.10000000000001,0.3202659487724304
90.2,0.31634533405303955
90.30000000000001,0.30807968974113464
90.4,0.31530094146728516
90.5,0.3242974281311035
90.60000000000001,0.3158147633075714
90.7,0.30604198575019836
90.80000000000001,0.30722886323928833
90.9,0.31240296363830566
91.0,0.2969416379928589
91.10000000000001,0.30577564239501953
91.2,0.30194607377052307
91.30000000000001,0.29625338315963745
91.4,0.30742937326431274
91.5,0.30188992619514465
91.60000000000001,0.3035075068473816
91.7,0.30517178773880005
91.80000000000001,0.31492865085601807
91.9,0.3310171067714691
92.0,0.34008046984672546
92.10000000000001,0.3438203036785126
92.2,0.3359355330467224
92.30000000000001,0.34830543398857117
92.4,0.3644765615463257
92.5,0.3586677610874176
92.60000000000001,0.36866793036460876
92.7,0.3593461811542511
92.80000000000001,0.37549829483032227
92.9,0.36510735750198364
93.0,0.380277156829834
93.10000000000001,0.37897205352783203
93.2,0.3840450346469879
93.30000000000001,0.3814084231853485
93.4,0.3757893443107605
93.5,0.3774821162223816
93.60000000000001,0.36384817957878113
93.7,0.36901938915252686
93.80000000000001,0.36834555864334106
93.9,0.3458886742591858
94.0,0.35133635997772217
94.10000000000001,0.3410781919956207
94.2,0.33911487460136414
94.30000000000001,0.35380885004997253
94.4,0.3603498935699463
94.5,0.37146228551864624
94.60000000000001,0.3859958350658417
94.7,0.40534254908561707
94.80000000000001,0.4173685908317566
94.9,0.4249703288078308
95.0,0.44874292612075806
95.10000000000001,0.45347508788108826
95.2,0.4647215008735657
95.30000000000001,0.48146647214889526
95.4,0.4875175952911377
95.5,0.503544807434082
95.60000000000001,0.5060619711875916
95.7,0.5014752149581909
95.80000000000001,0.49879008531570435
95.9,0.5083551406860352
96.0,0.5096994042396545
96.10000000000001,0.5127542018890381
96.2,0.5106795430183411
96.30000000000001,0.5092998147010803
96.4,0.5001393556594849
96.5,0.4962373375892639
96.60000000000001,0.5102612972259521
96.7,0.4988418221473694
96.80000000000001,0.4914264678955078
96.9,0.4769851863384247
97.0,0.4886552095413208
97.10000000000001,0.49589288234710693
97.2,0.4884812831878662
97.30000000000001,0.48348814249038696
97.4,0.46121567487716675
97.5,0.46387508511543274
97.60000000000001,0.4492875933647156
97.7,0.45014339685440063
97.80000000000001,0.44127151370048523
97.9,0.4476318955421448
98.0,0.46092283725738525
98.10000000000001,0.4490249454975128
98.2,0.46281346678733826
98.30000000000001,0.46880611777305603
98.4,0.4494261145591736
98.5,0.45667797327041626
98.60000000000001,0.45123064517974854
98.7,0.4513428211212158
98.80000000000001,0.4495384693145752
98.9,0.4616909921169281
99.0,0.45401567220687866
99.10000000000001,0.4451808035373688
99.2,0.43289533257484436
99.30000000000001,0.44774073362350464
99.4,0.4521658420562744
99.5,0.45113247632980347
99.60000000000001,0.45022210478782654
99.7,0.4489555060863495
99.80000000000001,0.43531379103660583
99.9,0.4136059582233429
100.0,0.40195906162261963
100.10000000000001,0.3919574022293091
100.2,0.3878975212574005
100.30000000000001,0.37994077801704407
100.4,0.36762863397598267
100.5,0.3820226490497589
100.60000000000001,0.3829587697982788
100.7,0.38736140727996826
100.80000000000001,0.3862786293029785
100.9,0.3948717415332794
101.0,0.39381006360054016
101.10000000000001,0.41240713000297546
101.2,0.4182432293891907
101.30000000000001,0.4288862943649292
101.4,0.4282326400279999
101.5,0.44621825218200684
101.60000000000001,0.4263221323490143
101.7,0.41772913932800293
101.80000000000001,0.40738949179649353
101.9,0.39561599493026733
102.0,0.3949210047721863
102.10000000000001,0.37701767683029175
102.2,0.38035130500793457
102.30000000000001,0.367804616689682
102.4,0.34399670362472534
102.5,0.3481210768222809
102.60000000000001,0.3436879515647888
102.7,0.3513416647911072
102.80000000000001,0.3337130844593048
102.9,0.36255961656570435
103.0,0.3656674325466156
103.10000000000001,0.3708108365535736
103.2,0.38503971695899963
103.30000000000001,0.3798975944519043
103.4,0.3817266821861267
103.5,0.3793235421180725
103.60000000000001,0.3955751061439514
103.7,0.38500407338142395
103.80000000000001,0.3959418535232544
103.9,0.3987632691860199
104.0,0.3855383098125458
104.10000000000001,0.3961268663406372
104.2,0.40529221296310425
104.30000000000001,0.40090593695640564
104.4,0.4061290919780731
104.5,0.3987753689289093
104.60000000000001,0.4151081144809723
104.7,0.44110167026519775
104.80000000000001,0.44556283950805664
104.9,0.45771917700767517
105.0,0.4588016867637634
105.10000000000001,0.4789600968360901
105.2,0.47594040632247925
105.30000000000001,0.4794563353061676
105.4,0.48267069458961487
105.5,0.4767164885997772
105.60000000000001,0.4748068153858185
105.7,0.5015172362327576
105.80000000000001,0.5026735067367554
105.9,0.506632924079895
106.0,0.5093055963516235
106.10000000000001,0.5083426833152771
106.2,0.5136468410491943
106.30000000000001,0.5149829387664795
106.4,0.5330626368522644
106.5,0.5336359143257141
106.60000000000001,0.5439557433128357
106.7,0.5524343252182007
106.80000000000001,0.5711615681648254
106.9,0.5817617177963257
107.0,0.5853800177574158
107.10000000000001,0.6026285290718079
107.2,0.6185282468795776
107.30000000000001,0.6354585289955139
107.4,0.6425057649612427
107.5,0.6486092805862427
107.60000000000001,0.6480923295021057
107.7,0.6357318162918091
107.80000000000001,0.6259671449661255
107.9,0.6108279228210449
108.0,0.6045129299163818
108.10000000000001,0.5898071527481079
108.2,0.580194354057312
108.30000000000001,0.5693743824958801
108.4,0.5573604106903076
108.5,0.5520824790000916
108.60000000000001,0.5293573141098022
108.7,0.5318790674209595
108.80000000000001,0.5050266981124878
108.9,0.4962191581726074
109.0,0.49985167384147644
109.10000000000001,0.46912747621536255
109.2,0.46870681643486023
109.30000000000001,0.4685133099555969
109.4,0.46538856625556946
109.5,0.4577619135379791
109.60000000000001,0.45753708481788635
109.7,0.45737189054489136
109.80000000000001,0.4545604884624481
109.9,0.4456936717033386
110.0,0.44677287340164185
110.10000000000001,0.4461559057235718
110.2,0.43787065148353577
110.30000000000001,0.4406934976577759
110.4,0.44208216667175293
110.5,0.4349254071712494
110.60000000000001,0.4299226999282837
110.7,0.4344874620437622
110.80000000000001,0.43031689524650574
110.9,0.4172537922859192
111.0,0.4127051830291748
111.10000000000001,0.40940698981285095
111.2,0.39062172174453735
111.30000000000001,0.3799307346343994
111.4,0.379350483417511
111.5,0.3747580945491791
111.60000000000001,0.37389421463012695
111.7,0.35605794191360474
111.80000000000001,0.36261996626853943
111.9,0.3697628676891327
112.0,0.37984970211982727
112.10000000000001,0.39485442638397217
112.2,0.4073409140110016
112.30000000000001,0.4223794639110565
112.4,0.4431474506855011
112.5,0.46961602568626404
112.60000000000001,0.48782843351364136
112.7,0.517331063747406
112.80000000000001,0.5381163954734802
112.9,0.5646337270736694
113.0,0.6005533337593079
113.10000000000001,0.6258589625358582
113.2,0.6642375588417053
113.30000000000001,0.6951627731323242
113.4,0.7270888686180115
113.5,0.7683361768722534
113.60000000000001,0.8037217259407043
113.7,0.8379165530204773
113.80000000000001,0.885434091091156
113.9,0.9264892339706421
114.0,0.9636414051055908
114.10000000000001,1.0012682676315308
114.2,1.0390985012054443
114.30000000000001,1.081099271774292
114.4,1.1155412197113037
114.50000000000001,1.1562769412994385
114.60000000000001,1.1838144063949585
114.7,1.220518946647644
115.10000000000001,1.2538855075836182
115.10000000000001,1.2828857898712158
115.10000000000001,1.2994688749313354
115.10000000000001,1.324669599533081
115.2,1.336666464805603
115.30000000000001,1.3664816617965698
115.4,1.369425654411316
115.50000000000001,1.3940320014953613
115.60000000000001,1.4044643640518188
115.7,1.4157832860946655
115.80000000000001,1.422054648399353
115.9,1.437041997909546
116.00000000000001,1.4475888013839722
116.10000000000001,1.4508591890335083
116.2,1.45867919921875
116.30000000000001,1.4600372314453125
116.4,1.4657841920852661
116.50000000000001,1.5171988010406494
116.60000000000001,1.548752784729004
116.7,1.5972198247909546
116.80000000000001,1.645584225654602
116.9,1.665425181388855
117.00000000000001,1.6939408779144287
117.10000000000001,1.724772572517395
117.2,1.7581770420074463
117.30000000000001,1.764502763748169
117.4,1.8096109628677368
117.50000000000001,1.8361711502075195
117.60000000000001,1.8432652950286865
117.7,1.8573203086853027
117.80000000000001,1.8654745817184448
117.9,1.8868732452392578
118.00000000000001,1.8889278173446655
118.10000000000001,1.9035229682922363
118.2,1.9202345609664917
118.30000000000001,1.9247570037841797
118.4,1.9278627634048462
118.50000000000001,1.9427012205123901
118.60000000000001,1.9698245525360107
118.7,2.030390977859497
118.80000000000001,2.0633606910705566
118.9,2.1035211086273193
119.00000000000001,2.131657600402832
119.10000000000001,2.1717946529388428
119.2,2.210109233856201
119.30000000000001,2.2352757453918457
119.4,2.253916025161743
119.50000000000001,2.290919780731201
119.60000000000001,2.307185173034668
119.7,2.3333446979522705
119.80000000000001,2.3620595932006836
119.9,2.3519558906555176
120.00000000000001,2.3565869331359863
120.10000000000001,2.3903865814208984
120.2,2.387486219406128
120.30000000000001,2.3947136402130127
120.4,2.401479482650757
120.50000000000001,2.4224603176116943
120.60000000000001,2.4088311195373535
120.7,2.4176852703094482
120.80000000000001,2.47285532951355
120.9,2.5189404487609863
121.00000000000001,2.574970245361328
121.10000000000001,2.6076550483703613
121.2,2.6387906074523926
121.30000000000001,2.66331148147583
121.4,2.695685863494873
121.50000000000001,2.7207794189453125
121.60000000000001,2.756864309310913
121.7,2.773594617843628
121.80000000000001,2.7897720336914062
121.9,2.793804168701172
122.00000000000001,2.789119005203247
122.10000000000001,2.7888083457946777
122.2,2.7873687744140625
122.30000000000001,2.7926204204559326
122.4,2.787543296813965
122.50000000000001,2.787933826446533
122.60000000000001,2.7751307487487793
122.7,2.776869058609009
122.80000000000001,2.7915773391723633
122.9,2.7840609550476074
123.00000000000001,2.79911208152771
123.10000000000001,2.806776285171509
123.2,2.814640998840332
123.30000000000001,2.8130664825439453
123.4,2.8291730880737305
123.50000000000001,2.829583168029785
123.60000000000001,2.8234262466430664
123.7,2.81537127494812
123.80000000000001,2.8042995929718018
123.9,2.790431022644043
124.00000000000001,2.7890892028808594
124.10000000000001,2.784705877304077
124.2,2.779804229736328
124.30000000000001,2.7756404876708984
124.4,2.79119610786438
124.50000000000001,2.7971079349517822
124.60000000000001,2.774397850036621
124.7,2.812530755996704
124.80000000000001,2.817702531814575
124.9,2.807860851287842
125.00000000000001,2.8091440200805664
125.10000000000001,2.821416139602661
125.2,2.8287465572357178
125.30000000000001,2.8148179054260254
125.4,2.8064136505126953
125.50000000000001,2.812084674835205
125.60000000000001,2.8057029247283936
125.7,2.8085169792175293
125.80000000000001,2.8006134033203125
125.9,2.8075735569000244
126.00000000000001,2.7831835746765137
126.10000000000001,2.8007757663726807
126.2,2.7993462085723877
126.30000000000001,2.8181979656219482
126.4,2.8163747787475586
126.50000000000001,2.806013822555542
126.60000000000001,2.8057737350463867
126.7,2.7977702617645264
126.80000000000001,2.819049835205078
126.9,2.8381402492523193
127.00000000000001,2.8393285274505615
127.10000000000001,2.8384132385253906
127.2,2.8162500858306885
127.30000000000001,2.8007924556732178
127.4,2.8085389137268066
127.50000000000001,2.802032470703125
127.60000000000001,2.7848458290100098
127.7,2.7931888103485107
127.80000000000001,2.7642664909362793
127.9,2.7300806045532227
128.0,2.6907453536987305
128.1,2.6502022743225098
128.20000000000002,2.5822184085845947
128.3,2.542212724685669
128.4,2.4944710731506348
128.5,2.4294896125793457
128.6,2.3928744792938232
128.70000000000002,2.351280689239502
128.8,2.3468222618103027
128.9,2.3353934288024902
129.0,2.355266571044922
129.1,2.341595411300659
129.20000000000002,2.3476850986480713
129.3,2.3615434169769287
129.4,2.3399510383605957
129.5,2.3345093727111816
129.6,2.340053081512451
129.70000000000002,2.352552890777588
129.8,2.3385026454925537
129.9,2.3501501083374023
130.0,2.339730739593506
130.1,2.3525197505950928
130.20000000000002,2.3446648120880127
130.3,2.3383147716522217
130.4,2.3296027183532715
130.5,2.357128143310547
130.6,2.3383820056915283
130.70000000000002,2.342747211456299
130.8,2.34224271774292
130.9,2.3291850090026855
131.0,2.3514132499694824
131.1,2.3442423343658447
131.20000000000002,2.329639196395874
131.3,2.3223679065704346
131.4,2.334055185317993
131.5,2.3370044231414795
131.6,2.324432134628296
131.70000000000002,2.329545497894287
131.8,2.3226420879364014
131.9,2.3278937339782715
132.0,2.320517063140869
132.1,2.3248119354248047
132.20000000000002,2.3247523307800293
132.3,2.3354570865631104
132.4,2.3335893154144287
132.5,2.338242530822754
132.6,2.3180596828460693
132.70000000000002,2.3246939182281494
132.8,2.325869560241699
132.9,2.328273057937622
133.0,2.307422637939453
133.1,2.332932233810425
133.20000000000002,2.324738025665283
133.3,2.3218917846679688
133.4,2.329664468765259
133.5,2.3250296115875244
133.6,2.322749614715576
133.70000000000002,2.324042320251465
133.8,2.3251447677612305
133.9,2.3123884201049805
134.0,2.32053279876709
134.1,2.3099687099456787
134.20000000000002,2.3147952556610107
134.3,2.3244690895080566
134.4,2.305906057357788
134.5,2.30808162689209
134.6,2.293275833129883
134.70000000000002,2.3189516067504883
134.8,2.3029518127441406
134.9,2.315192937850952
135.0,2.305476188659668
135.1,2.2927181720733643
135.20000000000002,2.306156873703003
135.3,2.298340082168579
135.4,2.3010101318359375
135.5,2.303197145462036
135.6,2.2934913635253906
135.70000000000002,2.2951531410217285
135.8,2.297457695007324
135.9,2.2796571254730225
136.0,2.3075156211853027
136.1,2.2767820358276367
136.20000000000002,2.289510488510132
136.3,2.291334629058838
136.4,2.28126859664917
136.5,2.276538133621216
136.6,2.277512788772583
136.70000000000002,2.2733750343322754
136.8,2.2669472694396973
136.9,2.2639687061309814
137.0,2.2691240310668945
137.10000000000002,2.2637250423431396
137.20000000000002,2.274000406265259
137.3,2.2528836727142334
137.4,2.259600877761841
137.5,2.25384783744812
137.60000000000002,2.2635550498962402
137.70000000000002,2.2773122787475586
137.8,2.262791156768799
137.9,2.269832134246826
138.0,2.274003744125366
138.10000000000002,2.257561683654785
138.20000000000002,2.271092176437378
138.3,2.2648062705993652
138.4,2.2682976722717285
138.5,2.276278018951416
138.60000000000002,2.2650749683380127
138.70000000000002,2.252199172973633
138.8,2.2711141109466553
138.9,2.2681760787963867
139.0,2.2592880725860596
139.10000000000002,2.2606756687164307
139.20000000000002,2.265021800994873
139.3,2.256882667541504
139.4,2.25968337059021
139.5,2.2573463916778564
139.60000000000002,2.2619919776916504
139.70000000000002,2.261235237121582
139.8,2.2647154331207275
139.9,2.263615846633911
140.0,2.246687412261963
140.10000000000002,2.258025884628296
140.20000000000002,2.2550387382507324
140.3,2.2522082328796387
140.4,2.251620054244995
140.5,2.237232208251953
140.60000000000002,2.2466752529144287
140.70000000000002,2.25717830657959
140.8,2.250795364379883
140.9,2.2457239627838135
141.0,2.2324647903442383
141.10000000000002,2.2414183616638184
141.20000000000002,2.2465364933013916
141.3,2.252027750015259
141.4,2.245652914047241
141.5,2.252157688140869
141.60000000000002,2.2419517040252686
141.70000000000002,2.2496325969696045
141.8,2.242112159729004
141.9,2.245318651199341
142.0,2.2440826892852783
142.10000000000002,2.229445695877075
142.20000000000002,2.2383241653442383
142.3,2.252856969833374
142.4,2.255507469177246
142.5,2.251899242401123
142.60000000000002,2.2514569759368896
142.70000000000002,2.2689974308013916
142.8,2.2678048610687256
142.9,2.2721221446990967
143.0,2.2522923946380615
143.10000000000002,2.2536120414733887
143.20000000000002,2.2710719108581543
143.3,2.2628791332244873
143.4,2.2645444869995117
143.5,2.263819932937622
143.60000000000002,2.263172149658203
143.70000000000002,2.257225275039673
143.8,2.2672150135040283
143.9,2.2602574825286865
144.0,2.2801177501678467
144.10000000000002,2.26096248626709
144.20000000000002,2.2714381217956543
144.3,2.271228313446045
144.4,2.2676467895507812
144.5,2.2628045082092285
144.60000000000002,2.276158571243286
144.70000000000002,2.2404096126556396
144.8,2.263120174407959
144.9,2.269249439239502
145.0,2.2622430324554443
145.10000000000002,2.261709690093994
145.20000000000002,2.2577576637268066
145.3,2.278371810913086
145.4,2.2464840412139893
145.5,2.258371114730835
145.60000000000002,2.273435354232788
145.70000000000002,2.2616474628448486
145.8,2.2554306983947754
145.9,2.266341209411621
146.0,2.258378744125366
146.10000000000002,2.2624001502990723
146.20000000000002,2.2761542797088623
146.3,2.2717134952545166
146.4,2.261827230453491
146.5,2.2661798000335693
146.60000000000002,2.259622097015381
146.70000000000002,2.263227701187134
146.8,2.259634494781494
146.9,2.25805401802063
147.0,2.256523370742798
147.10000000000002,2.2566661834716797
147.20000000000002,2.2594642639160156
147.3,2.2617785930633545
147.4,2.2467257976531982
147.5,2.2628347873687744
147.60000000000002,2.266509532928467
147.70000000000002,2.2593226432800293
147.8,2.2615418434143066
147.9,2.2539682388305664
148.0,2.260277509689331
148.10000000000002,2.255483865737915
148.20000000000002,2.260228395462036
148.3,2.2704532146453857
148.4,2.2629621028900146
148.5,2.263373613357544
148.60000000000002,2.251612424850464
148.70000000000002,2.2633655071258545
148.8,2.2592175006866455
148.9,2.253232479095459
149.0,2.2596123218536377
149.10000000000002,2.261962890625
149.20000000000002,2.257819890975952
149.3,2.2613210678100586
149.4,2.262424945831299
149.5,2.2624242305755615
149.60000000000002,2.2613916397094727
149.70000000000002,2.2580599784851074
149.8,2.248701810836792
149.9,2.253697633743286
150.0,2.260265827178955
150.10000000000002,2.2689783573150635
150.20000000000002,2.2517669200897217
150.3,2.239492893218994
150.4,2.2642669677734375
150.5,2.2553582191467285
150.60000000000002,2.257066249847412
150.70000000000002,2.264256715774536
150.8,2.26672101020813
150.9,2.2696261405944824
151.0,2.255080461502075
151.10000000000002,2.2574098110198975
151.20000000000002,2.255736827850342
151.3,2.2626235485076904
151.4,2.2742550373077393
151.5,2.2644684314727783
151.60000000000002,2.2471683025360107
151.70000000000002,2.2529990673065186
151.8,2.2597086429595947
151.9,2.2550315856933594
152.0,2.2672247886657715
152.10000000000002,2.2643625736236572
152.20000000000002,2.256627082824707
152.3,2.253293991088867
152.4,2.265756368637085
152.5,2.2570385932922363
152.60000000000002,2.2602734565734863
152.70000000000002,2.2581467628479004
152.8,2.260727643966675
152.9,2.255953073501587
153.0,2.2551584243774414
153.10000000000002,2.2445006370544434
153.20000000000002,2.260660171508789
153.3,2.2468488216400146
153.4,2.26457142829895
153.5,2.255798101425171
153.60000000000002,2.261322259902954
153.70000000000002,2.258654832839966
153.8,2.2590274810791016
153.9,2.2592432498931885
154.0,2.255687713623047
154.10000000000002,2.2591545581817627
154.20000000000002,2.2600882053375244
154.3,2.2525687217712402
154.4,2.2514805793762207
154.5,2.263169765472412
154.60000000000002,2.2656383514404297
154.70000000000002,2.257498025894165
154.8,2.251500129699707
154.9,2.267738103866577
155.0,2.258423328399658
155.10000000000002,2.2509312629699707
155.20000000000002,2.2553884983062744
155.3,2.2461695671081543
155.4,2.268007278442383
155.5,2.263460397720337
155.60000000000002,2.2723681926727295
155.70000000000002,2.2564852237701416
155.8,2.2565319538116455
155.9,2.265949010848999
156.0,2.253512382507324
156.10000000000002,2.269106388092041
156.20000000000002,2.271292209625244
156.3,2.260972738265991
156.4,2.260321855545044
156.5,2.255805015563965
156.60000000000002,2.2614119052886963
156.70000000000002,2.2545666694641113
156.8,2.2629621028900146
156.9,2.2433338165283203
157.0,2.2568750381469727
157.10000000000002,2.250746726989746
157.20000000000002,2.2554779052734375
157.3,2.2501416206359863
157.4,2.250819206237793
157.5,2.259033441543579
157.60000000000002,2.2552173137664795
157.70000000000002,2.2529592514038086
157.8,2.239424228668213
157.9,2.248067855834961
158.0,2.248670816421509
158.10000000000002,2.255542278289795
158.20000000000002,2.2565503120422363
158.3,2.2367804050445557
158.4,2.250244617462158
158.5,2.256920337677002
158.60000000000002,2.258995771408081
158.70000000000002,2.2560598850250244
158.8,2.2679834365844727
158.9,2.253812789916992
159.0,2.2642624378204346
159.10000000000002,2.245511531829834
159.20000000000002,2.260646343231201
159.3,2.2471721172332764
159.4,2.2579410076141357
159.5,2.2612364292144775
159.60000000000002,2.2580878734588623
159.70000000000002,2.261564016342163
159.8,2.264983892440796
159.9,2.248244285583496
160.0,2.250164031982422
160.10000000000002,2.254343271255493
160.20000000000002,2.2609896659851074
160.3,2.2579939365386963
160.4,2.2554209232330322
160.5,2.261320114135742
160.60000000000002,2.2492141723632812
160.70000000000002,2.247558832168579
160.8,2.255693197250366
160.9,2.2517387866973877
161.0,2.2652640342712402
161.10000000000002,2.2584664821624756
161.20000000000002,2.249720573425293
161.3,2.2441859245300293
161.4,2.258873701095581
161.5,2.2470571994781494
161.60000000000002,2.2660770416259766
161.70000000000002,2.2685670852661133
161.8,2.2633070945739746
161.9,2.2612929344177246
162.0,2.2412211894989014
162.10000000000002,2.2565884590148926
162.20000000000002,2.254467010498047
162.3,2.2514748573303223
162.4,2.256411075592041
162.5,2.2610104084014893
162.60000000000002,2.259819269180298
162.70000000000002,2.2587008476257324
162.8,2.2466554641723633
162.9,2.26737380027771
163.0,2.265299081802368
163.10000000000002,2.2583911418914795
163.20000000000002,2.2521839141845703
163.3,2.2529799938201904
163.4,2.2568020820617676
163.5,2.2602357864379883
163.60000000000002,2.264237642288208
163.70000000000002,2.261612892150879
163.8,2.249856472015381
163.9,2.2677571773529053
164.0,2.2632901668548584
164.10000000000002,2.2578258514404297
164.20000000000002,2.253645658493042
164.3,2.2614917755126953
164.4,2.241342067718506
164.5,2.2608847618103027
164.60000000000002,2.2546348571777344
164.70000000000002,2.2497880458831787
164.8,2.269594192504883
164.9,2.257761240005493
165.0,2.264517307281494
165.10000000000002,2.2428297996520996
165.20000000000002,2.253352403640747
165.3,2.2481136322021484
165.4,2.2475574016571045
165.5,2.2409095764160156
165.60000000000002,2.2614874839782715
165.70000000000002,2.2601771354675293
165.8,2.254167318344116
165.9,2.260742425918579
166.0,2.2620797157287598
166.10000000000002,2.261388063430786
166.20000000000002,2.236698865890503
166.3,2.2487051486968994
166.4,2.2693777084350586
166.5,2.2570574283599854
166.60000000000002,2.2545547485351562
166.70000000000002,2.254455089569092
166.8,2.2536380290985107
166.9,2.2556564807891846
167.0,2.264014482498169
167.10000000000002,2.2413341999053955
167.20000000000002,2.260629415512085
167.3,2.2548060417175293
167.4,2.261730194091797
167.5,2.2578186988830566
167.60000000000002,2.252322196960449
167.70000000000002,2.2642977237701416
167.8,2.2583324909210205
167.9,2.2558200359344482
168.0,2.2497477531433105
168.10000000000002,2.260619640350342
168.20000000000002,2.253547430038452
168.3,2.256681203842163
168.4,2.2637434005737305
168.5,2.2628841400146484
168.60000000000002,2.2529046535491943
168.70000000000002,2.2593588829040527
168.8,2.2583377361297607
168.9,2.255455493927002
169.0,2.2470791339874268
169.10000000000002,2.2543673515319824
169.20000000000002,2.2567508220672607
169.3,2.2610604763031006
169.4,2.263554334640503
169.5,2.262394428253174
169.60000000000002,2.2567055225372314
169.70000000000002,2.258409023284912
169.8,2.2564430236816406
169.9,2.2347571849823
170.0,2.2540082931518555
170.10000000000002,2.2593181133270264
170.20000000000002,2.2698869705200195
170.3,2.2574594020843506
170.4,2.256068229675293
170.5,2.263228178024292
170.60000000000002,2.2562901973724365
170.70000000000002,2.239348888397217
170.8,2.2617812156677246
170.9,2.2488698959350586
171.0,2.246441125869751
171.10000000000002,2.245281219482422
171.20000000000002,2.2519266605377197
171.3,2.257399559020996
171.4,2.2481391429901123
171.5,2.256603956222534
171.60000000000002,2.2437095642089844
171.70000000000002,2.251572847366333
171.8,2.26287579536438
171.9,2.2557880878448486
172.0,2.2620270252227783
172.10000000000002,2.2487969398498535
172.20000000000002,2.2695472240448
172.3,2.2478299140930176
172.4,2.2460436820983887
172.5,2.2557671070098877
172.60000000000002,2.2484428882598877
172.70000000000002,2.253537893295288
172.8,2.254976272583008
172.9,2.2568917274475098
173.0,2.247030735015869
173.10000000000002,2.250466823577881
173.20000000000002,2.265432357788086
173.3,2.249809980392456
173.4,2.2593045234680176
173.5,2.2573704719543457
173.60000000000002,2.266606330871582
173.70000000000002,2.2523033618927
173.8,2.25665545463562
173.9,2.2567696571350098
174.0,2.2568397521972656
174.10000000000002,2.248450517654419
174.20000000000002,2.2581539154052734
174.3,2.246325969696045
174.4,2.247676372528076
174.5,2.2461676597595215
174.60000000000002,2.255997896194458
174.70000000000002,2.2534408569335938
174.8,2.2586123943328857
174.9,2.262392520904541
175.0,2.2465498447418213
175.10000000000002,2.262152910232544
175.20000000000002,2.2552073001861572
175.3,2.2528157234191895
175.4,2.2550837993621826
175.5,2.2638561725616455
175.60000000000002,2.259799003601074
175.70000000000002,2.2470171451568604
175.8,2.2491464614868164
175.9,2.2568421363830566
176.0,2.263193130493164
176.10000000000002,2.2466061115264893
176.20000000000002,2.2554471492767334
176.3,2.2538633346557617
176.4,2.2667346000671387
176.5,2.255449056625366
176.60000000000002,2.248368263244629
176.70000000000002,2.255769968032837
176.8,2.2552523612976074
176.9,2.249065637588501
177.0,2.2470450401306152
177.10000000000002,2.2544760704040527
177.20000000000002,2.2568225860595703
177.3,2.246107578277588
177.4,2.249044418334961
177.5,2.266296625137329
177.60000000000002,2.251596450805664
177.70000000000002,2.2585294246673584
177.8,2.256263494491577
177.9,2.264676094055176
178.0,2.2447352409362793
178.10000000000002,2.2498364448547363
178.20000000000002,2.2582595348358154
178.3,2.257473945617676
178.4,2.2588155269622803
178.5,2.245924234390259
178.60000000000002,2.255610466003418
178.70000000000002,2.2447831630706787
178.8,2.25148344039917
178.9,2.2529616355895996
179.0,2.254794120788574
179.10000000000002,2.2499473094940186
179.20000000000002,2.251938819885254
179.3,2.2624101638793945
179.4,2.2630832195281982
179.5,2.241248846054077
179.60000000000002,2.2487547397613525
179.70000000000002,2.2580058574676514
179.8,2.262080669403076
179.9,2.2562363147735596
180.0,2.2526164054870605
180.10000000000002,2.252009153366089
180.20000000000002,2.2592215538024902
180.3,2.2571375370025635
180.4,2.247713565826416
180.5,2.229627847671509
180.60000000000002,2.2637832164764404
180.70000000000002,2.264789581298828
180.8,2.2565691471099854
180.9,2.248556137084961
181.0,2.25998592376709
181.10000000000002,2.2565557956695557
181.20000000000002,2.251051425933838
181.3,2.2606654167175293
181.4,2.2418251037597656
181.5,2.25563645362854
181.60000000000002,2.257159948348999
181.70000000000002,2.258293628692627
181.8,2.2593204975128174
181.9,2.259439706802368
182.0,2.2439095973968506
182.10000000000002,2.2600154876708984
182.20000000000002,2.252533435821533
182.3,2.2534496784210205
182.4,2.2429041862487793
182.5,2.2513840198516846
182.60000000000002,2.2473247051239014
182.70000000000002,2.249001979827881
182.8,2.2448599338531494
182.9,2.245626926422119
183.0,2.250319004058838
183.10000000000002,2.257077693939209
183.20000000000002,2.256054401397705
183.3,2.253617525100708
183.4,2.245500087738037
183.5,2.2573344707489014
183.60000000000002,2.2523276805877686
183.70000000000002,2.2370738983154297
183.8,2.2620813846588135
183.9,2.2548861503601074
184.0,2.2492504119873047
184.10000000000002,2.252925157546997
184.20000000000002,2.254638195037842
184.3,2.252042055130005
184.4,2.255737781524658
184.5,2.2605412006378174
184.60000000000002,2.2526562213897705
184.70000000000002,2.2580103874206543
184.8,2.2525172233581543
184.9,2.2385401725769043
185.0,2.258164882659912
185.10000000000002,2.258216381072998
185.20000000000002,2.256866455078125
185.3,2.2511563301086426
185.4,2.260801315307617
185.5,2.2378616333007812
185.60000000000002,2.264756441116333
185.70000000000002,2.2520618438720703
185.8,2.262674570083618
185.9,2.2525696754455566
186.0,2.237352132797241
186.10000000000002,2.2629685401916504
186.20000000000002,2.2604589462280273
186.3,2.246227741241455
186.4,2.2545793056488037
186.5,2.2407896518707275
186.60000000000002,2.268496036529541
186.70000000000002,2.24883770942688
186.8,2.2535316944122314
186.9,2.241579532623291
187.0,2.2520506381988525
187.10000000000002,2.260688304901123
187.20000000000002,2.245387077331543
187.3,2.2452871799468994
187.4,2.2548563480377197
187.5,2.2635841369628906
187.60000000000002,2.25730299949646
187.70000000000002,2.2602641582489014
187.8,2.255600929260254
187.9,2.2520580291748047
188.0,2.2487287521362305
188.10000000000002,2.2451581954956055
188.20000000000002,2.2418253421783447
188.3,2.2581470012664795
188.4,2.2574574947357178
188.5,2.254091739654541
188.60000000000002,2.2641382217407227
188.70000000000002,2.2470154762268066
188.8,2.262547254562378
188.9,2.2655482292175293
189.0,2.259658098220825
189.10000000000002,2.2376625537872314
189.20000000000002,2.25665545463562
189.3,2.256995677947998
189.4,2.259289264678955
189.5,2.2500171661376953
189.60000000000002,2.2630786895751953
189.70000000000002,2.255012035369873
189.8,2.2480416297912598
189.9,2.249741792678833
190.0,2.263211727142334
190.10000000000002,2.2406258583068848
190.20000000000002,2.2574007511138916
190.3,2.257960796356201
190.4,2.2538583278656006
190.5,2.2648563385009766
190.60000000000002,2.246253252029419
190.70000000000002,2.247982978820801
190.8,2.2616422176361084
190.9,2.255297899246216
191.0,2.256777763366699
191.10000000000002,2.2633697986602783
191.20000000000002,2.24346661567688
191.3,2.2469563484191895
191.4,2.2540814876556396
191.5,2.256732225418091
191.60000000000002,2.2345283031463623
191.70000000000002,2.2437808513641357
191.8,2.2571699619293213
191.9,2.2597804069519043
192.0,2.254328727722168
192.10000000000002,2.241626262664795
192.20000000000002,2.2574455738067627
192.3,2.26246976852417
192.4,2.255528688430786
192.5,2.2530744075775146
192.60000000000002,2.260453939437866
192.70000000000002,2.257534980773926
192.8,2.250096082687378
192.9,2.2567360401153564
193.0,2.2345130443573
193.10000000000002,2.251173734664917
193.20000000000002,2.2430167198181152
193.3,2.25113582611084
193.4,2.2516837120056152
193.5,2.2597062587738037
193.60000000000002,2.249387741088867
193.70000000000002,2.254507064819336
193.8,2.2570245265960693
193.9,2.2605340480804443
194.0,2.257728099822998
194.10000000000002,2.252915143966675
194.20000000000002,2.2555928230285645
194.3,2.2592475414276123
194.4,2.249220371246338
194.5,2.2546656131744385
194.60000000000002,2.254145383834839
194.70000000000002,2.262101650238037
194.8,2.257598876953125
194.9,2.2452175617218018
195.0,2.2488019466400146
195.10000000000002,2.260568141937256
195.20000000000002,2.2383453845977783
195.3,2.2528393268585205
195.4,2.256978988647461
195.5,2.2474560737609863
195.60000000000002,2.2450709342956543
195.70000000000002,2.2619824409484863
195.8,2.265679121017456
195.9,2.2528510093688965
196.0,2.242645502090454
196.10000000000002,2.254671573638916
196.20000000000002,2.2335152626037598
196.3,2.263883352279663
196.4,2.2461564540863037
196.5,2.254390001296997
196.60000000000002,2.2503662109375
196.70000000000002,2.2498247623443604
196.8,2.2532382011413574
196.9,2.254856824874878
197.0,2.258255958557129
197.10000000000002,2.251547336578369
197.20000000000002,2.2585983276367188
197.3,2.2444467544555664
197.4,2.255532741546631
197.5,2.2502236366271973
197.60000000000002,2.262145757675171
197.70000000000002,2.251979112625122
197.8,2.240971803665161
197.9,2.2558085918426514
198.0,2.2559895515441895
198.10000000000002,2.256451368331909
198.20000000000002,2.250854730606079
198.3,2.2498226165771484
198.4,2.249412775039673
198.5,2.245272397994995
198.60000000000002,2.2512528896331787
198.70000000000002,2.253997802734375
198.8,2.252993106842041
198.9,2.252640962600708
199.0,2.235792398452759
199.10000000000002,2.2539050579071045
199.20000000000002,2.260638952255249
199.3,2.255284309387207
199.4,2.22607421875
199.5,2.2291178703308105
199.60000000000002,2.261889934539795
199.70000000000002,2.253601551055908
199.8,2.255401611328125
199.9,2.252357006072998
200.0,2.2541794776916504
200.10000000000002,2.2498393058776855
200.20000000000002,2.254101276397705
200.3,2.259702205657959
200.4,2.263878345489502
200.5,2.2626569271087646
200.60000000000002,2.248182773590088
200.70000000000002,2.2492480278015137
200.8,2.254492998123169
200.9,2.257965326309204
201.0,2.257251262664795
201.10000000000002,2.256047010421753
201.20000000000002,2.2490506172180176
201.3,2.2437584400177
201.4,2.2344541549682617
201.5,2.248007297515869
201.60000000000002,2.255662679672241
201.70000000000002,2.256639003753662
201.8,2.2545382976531982
201.9,2.2531394958496094
202.0,2.2610394954681396
202.10000000000002,2.257568836212158
202.20000000000002,2.2427237033843994
202.3,2.248274564743042
202.4,2.253105401992798
202.5,2.2448010444641113
202.60000000000002,2.2566211223602295
202.70000000000002,2.244838237762451
202.8,2.248756170272827
202.9,2.2362241744995117
203.0,2.2630882263183594
203.10000000000002,2.258946418762207
203.20000000000002,2.2607309818267822
203.3,2.243382692337036
203.4,2.241422653198242
203.5,2.256584644317627
203.60000000000002,2.24540638923645
203.70000000000002,2.2533161640167236
203.8,2.243114471435547
203.9,2.252150058746338
204.0,2.2457704544067383
204.10000000000002,2.241046667098999
204.20000000000002,2.2429263591766357
204.3,2.2532341480255127
204.4,2.249464988708496
204.5,2.247427463531494
204.60000000000002,2.2543931007385254
204.70000000000002,2.2614457607269287
204.8,2.249345302581787
204.9,2.2514259815216064
205.0,2.2390902042388916
205.10000000000002,2.252932548522949
205.20000000000002,2.254887104034424
205.3,2.24843168258667
205.4,2.249293804168701
205.5,2.2547969818115234
205.60000000000002,2.257398843765259
205.70000000000002,2.246854782104492
205.8,2.2393569946289062
205.9,2.2526795864105225
206.0,2.262968063354492
206.10000000000002,2.2525837421417236
206.20000000000002,2.2544922828674316
206.3,2.2448647022247314
206.4,2.252963066101074
206.5,2.241197347640991
206.60000000000002,2.2405006885528564
206.70000000000002,2.2598953247070312
206.8,2.245692253112793
206.9,2.2540245056152344
207.0,2.254485607147217
207.10000000000002,2.25110125541687
207.20000000000002,2.2467377185821533
207.3,2.2493131160736084
207.4,2.233837842941284
207.5,2.2614753246307373
207.60000000000002,2.2527880668640137
207.70000000000002,2.2496376037597656
207.8,2.2544400691986084
207.9,2.259936571121216
208.0,2.2539918422698975
208.10000000000002,2.25386905670166
208.20000000000002,2.249565839767456
208.3,2.2539305686950684
208.4,2.2535104751586914
208.5,2.2564775943756104
208.60000000000002,2.258286714553833
208.70000000000002,2.2514491081237793
208.8,2.2529242038726807
208.9,2.2451961040496826
209.0,2.2451534271240234
209.10000000000002,2.2605412006378174
209.20000000000002,2.2599198818206787
209.3,2.2501773834228516
209.4,2.2504336833953857
209.5,2.2445406913757324
209.60000000000002,2.2494826316833496
209.70000000000002,2.256618022918701
209.8,2.24746036529541
209.9,2.2586655616760254
210.0,2.240222454071045
210.10000000000002,2.244384288787842
210.20000000000002,2.2545485496520996
210.3,2.261061429977417
210.4,2.2504351139068604
210.5,2.255608081817627
210.60000000000002,2.2480382919311523
210.70000000000002,2.2447006702423096
210.8,2.255668878555298
210.9,2.255420207977295
211.0,2.2570912837982178
211.10000000000002,2.2517478466033936
211.20000000000002,2.2578113079071045
211.3,2.245917797088623
211.4,2.2361299991607666
211.5,2.241678237915039
211.60000000000002,2.24560284614563
211.70000000000002,2.250101089477539
211.8,2.2456374168395996
211.9,2.2520487308502197
212.0,2.250756025314331
212.10000000000002,2.245406150817871
212.20000000000002,2.253582239151001
212.3,2.239128589630127
212.4,2.255516529083252
212.5,2.2504305839538574
212.60000000000002,2.246425151824951
212.70000000000002,2.253472089767456
212.8,2.2512435913085938
212.9,2.246095895767212
213.0,2.252631425857544
213.10000000000002,2.2466213703155518
213.20000000000002,2.2480628490448
213.3,2.255270004272461
213.4,2.2543790340423584
213.5,2.246877670288086
213.60000000000002,2.2431867122650146
213.70000000000002,2.258661985397339
213.8,2.2572364807128906
213.9,2.2541325092315674
214.0,2.250689744949341
214.10000000000002,2.256873369216919
214.20000000000002,2.250218152999878
214.3,2.2495839595794678
214.4,2.24955153465271
214.5,2.250059127807617
214.60000000000002,2.260282278060913
214.70000000000002,2.261247158050537
214.8,2.2537543773651123
214.9,2.2476375102996826
215.0,2.248737335205078
215.10000000000002,2.241980791091919
215.20000000000002,2.2514593601226807
215.3,2.245805501937866
215.4,2.2624073028564453
215.5,2.2480123043060303
215.60000000000002,2.2457847595214844
215.70000000000002,2.234938383102417
215.8,2.255500078201294
215.9,2.245856285095215
216.0,2.257608652114868
216.10000000000002,2.24546480178833
216.20000000000002,2.254767894744873
216.3,2.235836982727051
216.4,2.2375454902648926
216.5,2.2485015392303467
216.60000000000002,2.2514381408691406
216.70000000000002,2.2517025470733643
216.8,2.2377564907073975
216.9,2.252831220626831
217.0,2.2537407875061035
217.10000000000002,2.256240129470825
217.20000000000002,2.240753173828125
217.3,2.2501487731933594
217.4,2.247032880783081
217.5,2.262294292449951
217.60000000000002,2.255342960357666
217.70000000000002,2.2541544437408447
217.8,2.2516918182373047
217.9,2.2466962337493896
218.0,2.2445085048675537
218.10000000000002,2.265928268432617
218.20000000000002,2.2514946460723877
218.3,2.2472968101501465
218.4,2.2424492835998535
218.5,2.243213415145874
218.60000000000002,2.2560157775878906
218.70000000000002,2.2464568614959717
218.8,2.24045991897583
218.9,2.2544991970062256
219.0,2.230506658554077
219.10000000000002,2.243701934814453
219.20000000000002,2.247605800628662
219.3,2.2638635635375977
219.4,2.253615617752075
219.5,2.254512310028076
219.60000000000002,2.2473833560943604
219.70000000000002,2.243603229522705
219.8,2.2439565658569336
219.9,2.2461421489715576
220.0,2.251929759979248
220.10000000000002,2.257993698120117
220.20000000000002,2.243558168411255
220.3,2.249354839324951
220.4,2.2481372356414795
220.5,2.2566378116607666
220.60000000000002,2.2438814640045166
220.70000000000002,2.2444674968719482
220.8,2.243116617202759
220.9,2.2536427974700928
221.0,2.241288661956787
221.10000000000002,2.2585530281066895
221.20000000000002,2.2605786323547363
221.3,2.252729892730713
221.4,2.249661922454834
221.5,2.2479443550109863
221.60000000000002,2.2556204795837402
221.70000000000002,2.2461793422698975
221.8,2.24910831451416
221.9,2.2557733058929443
222.0,2.2537035942077637
222.10000000000002,2.2331125736236572
222.20000000000002,2.2418789863586426
222.3,2.2524847984313965
222.4,2.2330782413482666
222.5,2.2565243244171143
222.60000000000002,2.25378155708313
222.70000000000002,2.2597439289093018
222.8,2.251598834991455
222.9,2.2511343955993652
223.0,2.2613139152526855
223.10000000000002,2.2437050342559814
223.20000000000002,2.258165121078491
223.3,2.249398946762085
223.4,2.256190061569214
223.5,2.2489688396453857
223.60000000000002,2.255772590637207
223.70000000000002,2.2461187839508057
223.8,2.2509961128234863
223.9,2.2629618644714355
224.0,2.2482964992523193
224.10000000000002,2.247856616973877
224.20000000000002,2.250648021697998
224.3,2.2466659545898438
224.4,2.2469263076782227
224.5,2.2539162635803223
224.60000000000002,2.264559268951416
224.70000000000002,2.2474541664123535
224.8,2.246953248977661
224.9,2.2444238662719727
225.0,2.24029278755188
225.10000000000002,2.246528148651123
225.20000000000002,2.25008225440979
225.3,2.2508459091186523
225.4,2.2411036491394043
225.5,2.254901170730591
225.60000000000002,2.243967294692993
225.70000000000002,2.2450387477874756
225.8,2.259312391281128
225.9,2.243520975112915
226.0,2.249268054962158
226.10000000000002,2.263472318649292
226.20000000000002,2.246830701828003
226.3,2.2524843215942383
226.4,2.238389492034912
226.5,2.258791923522949
226.60000000000002,2.258359670639038
226.70000000000002,2.248877763748169
226.8,2.247089385986328
226.9,2.2477219104766846
227.0,2.239774227142334
227.10000000000002,2.2423276901245117
227.20000000000002,2.253124952316284
227.3,2.253103733062744
227.4,2.2587101459503174
227.5,2.249521493911743
227.60000000000002,2.2442238330841064
227.70000000000002,2.2508180141448975
227.8,2.260622262954712
227.9,2.2493767738342285
228.0,2.2480316162109375
228.10000000000002,2.2495973110198975
228.20000000000002,2.2499115467071533
228.3,2.2530224323272705
228.4,2.2444591522216797
228.50000000000003,2.2534632682800293
228.60000000000002,2.2509143352508545
228.70000000000002,2.245107889175415
228.8,2.2499866485595703
228.9,2.2551794052124023
229.00000000000003,2.265665054321289
229.10000000000002,2.253457546234131
229.20000000000002,2.243622064590454
229.3,2.2356252670288086
229.4,2.248962163925171
229.50000000000003,2.250058650970459
229.60000000000002,2.240849733352661
229.70000000000002,2.2511045932769775
229.8,2.2532598972320557
229.9,2.24916934967041
230.00000000000003,2.2528889179229736
230.10000000000002,2.242814064025879
230.20000000000002,2.231398820877075
230.3,2.2546582221984863
230.4,2.2616233825683594
230.50000000000003,2.248680591583252
230.60000000000002,2.2395315170288086
230.70000000000002,2.261413335800171
230.8,2.2581825256347656
230.9,2.25365948677063
231.00000000000003,2.2547521591186523
231.10000000000002,2.250110387802124
231.20000000000002,2.2532596588134766
231.3,2.2368621826171875
231.4,2.2539498805999756
231.50000000000003,2.2665233612060547
231.60000000000002,2.2496323585510254
231.70000000000002,2.258208990097046
231.8,2.2531590461730957
231.9,2.2633726596832275
232.00000000000003,2.2510488033294678
232.10000000000002,2.261934757232666
232.20000000000002,2.258699417114258
232.3,2.254668951034546
232.4,2.2572782039642334
232.50000000000003,2.254291534423828
232.60000000000002,2.2433886528015137
232.70000000000002,2.2580151557922363
232.8,2.2598559856414795
232.9,2.2408735752105713
233.00000000000003,2.2683327198028564
233.10000000000002,2.2538607120513916
233.20000000000002,2.246628999710083
233.3,2.2688732147216797
233.4,2.2560415267944336
233.50000000000003,2.261143922805786
233.60000000000002,2.2690722942352295
233.70000000000002,2.2591001987457275
233.8,2.2641215324401855
233.9,2.260993003845215
234.00000000000003,2.260941743850708
234.10000000000002,2.2626454830169678
234.20000000000002,2.265329122543335
234.3,2.2594175338745117
234.4,2.256101131439209
234.50000000000003,2.2638742923736572
234.60000000000002,2.248373031616211
234.70000000000002,2.262211322784424
234.8,2.2626490592956543
234.9,2.2612273693084717
235.00000000000003,2.2615978717803955
235.10000000000002,2.263683319091797
235.20000000000002,2.2598021030426025
235.3,2.2579751014709473
235.4,2.250674247741699
235.50000000000003,2.262730360031128
235.60000000000002,2.273216962814331
235.70000000000002,2.262044668197632
235.8,2.2604737281799316
235.9,2.2570009231567383
236.00000000000003,2.2652652263641357
236.10000000000002,2.2486793994903564
236.20000000000002,2.250197172164917
236.3,2.2594234943389893
236.4,2.2594282627105713
236.50000000000003,2.2545948028564453
236.60000000000002,2.266594886779785
236.70000000000002,2.265883684158325
236.8,2.24772310256958
236.9,2.2503230571746826
237.00000000000003,2.2648870944976807
237.10000000000002,2.2498810291290283
237.20000000000002,2.259918212890625
237.3,2.2457292079925537
237.4,2.264089345932007
237.50000000000003,2.255711078643799
237.60000000000002,2.249269962310791
237.70000000000002,2.2628750801086426
237.8,2.2744858264923096
237.9,2.2645058631896973
238.00000000000003,2.2728211879730225
238.10000000000002,2.2633585929870605
238.20000000000002,2.2710025310516357
238.3,2.2675771713256836
238.4,2.273780107498169
238.50000000000003,2.2609801292419434
238.60000000000002,2.263849973678589
238.70000000000002,2.2692043781280518
238.8,2.251690149307251
238.9,2.269282817840576
239.00000000000003,2.2709994316101074
239.10000000000002,2.27353572845459
239.20000000000002,2.26833176612854
239.3,2.2749598026275635
239.4,2.2672348022460938
239.50000000000003,2.2648561000823975
239.60000000000002,2.2808327674865723
239.70000000000002,2.274155855178833
239.8,2.2642672061920166
239.9,2.270512104034424
240.00000000000003,2.254786729812622
240.10000000000002,2.269277572631836
240.20000000000002,2.27419114112854
240.3,2.2823729515075684
240.4,2.27299165725708
240.50000000000003,2.2590088844299316
240.60000000000002,2.268902063369751
240.70000000000002,2.270042657852173
240.8,2.2753264904022217
240.9,2.27223801612854
241.00000000000003,2.274259328842163
241.10000000000002,2.2725818157196045
241.20000000000002,2.280383586883545
241.3,2.263361930847168
241.4,2.2593109607696533
241.50000000000003,2.260056257247925
241.60000000000002,2.2807552814483643
241.70000000000002,2.277418613433838
241.8,2.274909019470215
241.9,2.2662973403930664
242.00000000000003,2.2818961143493652
242.10000000000002,2.271374225616455
242.20000000000002,2.2658283710479736
242.3,2.2753758430480957
242.4,2.266071319580078
242.50000000000003,2.2708702087402344
242.60000000000002,2.261847972869873
242.70000000000002,2.2714717388153076
242.8,2.274423599243164
242.9,2.2807633876800537
243.00000000000003,2.278270721435547
243.10000000000002,2.277634620666504
243.20000000000002,2.2835843563079834
243.3,2.268282651901245
243.4,2.268784999847412
243.50000000000003,2.2743749618530273
243.60000000000002,2.279510736465454
243.70000000000002,2.2770516872406006
243.8,2.2702057361602783
243.9,2.2604711055755615
244.00000000000003,2.2765557765960693
244.10000000000002,2.2718849182128906
244.20000000000002,2.272761821746826
244.3,2.2827799320220947
244.4,2.277017831802368
244.50000000000003,2.2754483222961426
244.60000000000002,2.2815141677856445
244.70000000000002,2.269556999206543
244.8,2.2791190147399902
244.9,2.2847275733947754
245.00000000000003,2.2813758850097656
245.10000000000002,2.278367757797241
245.20000000000002,2.278848886489868
245.3,2.274778127670288
245.4,2.2886579036712646
245.50000000000003,2.2865309715270996
245.60000000000002,2.279496669769287
245.70000000000002,2.2877025604248047
245.8,2.271625280380249
245.9,2.2798850536346436
246.00000000000003,2.2893638610839844
246.10000000000002,2.2876482009887695
246.20000000000002,2.2829105854034424
246.3,2.2912163734436035
246.4,2.2899386882781982
246.50000000000003,2.276521682739258
246.60000000000002,2.294069766998291
246.70000000000002,2.269632339477539
246.8,2.2808005809783936
246.9,2.2981011867523193
247.00000000000003,2.268188714981079
247.10000000000002,2.2852015495300293
247.20000000000002,2.2794342041015625
247.3,2.2907397747039795
247.4,2.280730724334717
247.50000000000003,2.2728073596954346
247.60000000000002,2.2848727703094482
247.70000000000002,2.2835962772369385
247.8,2.2766613960266113
247.9,2.287344455718994
248.00000000000003,2.2978148460388184
248.10000000000002,2.283860683441162
248.20000000000002,2.2754125595092773
248.3,2.2943458557128906
248.4,2.2896928787231445
248.50000000000003,2.2881686687469482
248.60000000000002,2.2880983352661133
248.70000000000002,2.294036865234375
248.8,2.2804465293884277
248.9,2.2882256507873535
249.10000000000002,2.2984189987182617
249.10000000000002,2.300217866897583
249.20000000000002,2.306429386138916
249.3,2.299406051635742
249.4,2.3028247356414795
249.50000000000003,2.300137519836426
249.60000000000002,2.3044915199279785
249.70000000000002,2.2812676429748535
249.8,2.2978434562683105
249.9,2.2961983680725098
250.00000000000003,2.292933940887451
250.10000000000002,2.2979652881622314
250.20000000000002,2.2976043224334717
250.3,2.29752254486084
250.4,2.292367935180664
250.50000000000003,2.300168037414551
250.60000000000002,2.3016510009765625
250.70000000000002,2.2887344360351562
250.8,2.2914464473724365
250.9,2.3060147762298584
251.00000000000003,2.304276943206787
251.10000000000002,2.2865421772003174
251.20000000000002,2.301762819290161
251.3,2.29337477684021
251.4,2.3017752170562744
251.50000000000003,2.294111728668213
251.60000000000002,2.3019087314605713
251.70000000000002,2.2958197593688965
251.8,2.299027442932129
251.9,2.293440580368042
252.00000000000003,2.2930922508239746
252.10000000000002,2.2837393283843994
252.20000000000002,2.30068302154541
252.3,2.2974860668182373
252.4,2.2887747287750244
252.50000000000003,2.2932095527648926
252.60000000000002,2.2978649139404297
252.70000000000002,2.3022592067718506
252.8,2.2954280376434326
252.9,2.2952206134796143
253.00000000000003,2.2889671325683594
253.10000000000002,2.3034565448760986
253.20000000000002,2.293729543685913
253.3,2.3062446117401123
253.4,2.294567823410034
253.50000000000003,2.2940735816955566
253.60000000000002,2.296112298965454
253.70000000000002,2.2995471954345703
253.8,2.2994654178619385
253.9,2.2874093055725098
254.00000000000003,2.2978100776672363
254.10000000000002,2.2923779487609863
254.20000000000002,2.2970786094665527
254.3,2.3124845027923584
254.4,2.2945151329040527
254.50000000000003,2.2944748401641846
254.60000000000002,2.3096165657043457
254.70000000000002,2.3087849617004395
254.8,2.309509038925171
254.9,2.2892560958862305
255.00000000000003,2.3049681186676025
255.10000000000002,2.298419952392578
255.20000000000002,2.305366277694702
255.3,2.3036611080169678
255.4,2.299358367919922
255.50000000000003,2.3068654537200928
255.60000000000002,2.2859978675842285
255.70000000000002,2.299011707305908
255.8,2.3057758808135986
255.9,2.305434226989746
256.0,2.3055474758148193
256.1,2.292222261428833
256.2,2.2943851947784424
256.3,2.3018546104431152
256.40000000000003,2.3027451038360596
256.5,2.298666477203369
256.6,2.2956676483154297
256.7,2.295532464981079
256.8,2.2995617389678955
256.90000000000003,2.29728102684021
257.0,2.301093816757202
257.1,2.2968194484710693
257.2,2.2981913089752197
257.3,2.298093557357788
257.40000000000003,2.287233591079712
257.5,2.2975406646728516
257.6,2.2882611751556396
257.7,2.298250436782837
257.8,2.2949819564819336
257.90000000000003,2.2991623878479004
258.0,2.300532817840576
258.1,2.3003413677215576
258.2,2.2983713150024414
258.3,2.2994847297668457
258.40000000000003,2.2783257961273193
258.5,2.2898364067077637
258.6,2.293767213821411
258.7,2.3017122745513916
258.8,2.298973321914673
258.90000000000003,2.3021092414855957
259.0,2.30441951751709
259.1,2.2932350635528564
259.2,2.304352283477783
259.3,2.2890470027923584
259.40000000000003,2.282931327819824
259.5,2.30513858795166
259.6,2.2832539081573486
259.7,2.304469108581543
259.8,2.2778666019439697
259.90000000000003,2.3168623447418213
260.0,2.2978551387786865
260.1,2.2881221771240234
260.2,2.3058509826660156
260.3,2.2964982986450195
260.40000000000003,2.2978456020355225
260.5,2.3093342781066895
260.6,2.2881662845611572
260.7,2.301579236984253
260.8,2.278653860092163
260.90000000000003,2.2972052097320557
261.0,2.3005735874176025
261.1,2.3017144203186035
261.2,2.304551124572754
261.3,2.2898547649383545
261.40000000000003,2.298959970474243
261.5,2.303678274154663
261.6,2.2996957302093506
261.7,2.3016202449798584
261.8,2.29337215423584
261.90000000000003,2.291186571121216
262.0,2.294490098953247
262.1,2.2999370098114014
262.2,2.2957375049591064
262.3,2.2854018211364746
262.40000000000003,2.290583610534668
262.5,2.2971112728118896
262.6,2.293459177017212
262.7,2.2901008129119873
262.8,2.296703577041626
262.90000000000003,2.2978365421295166
263.0,2.286646604537964
263.1,2.299880027770996
263.2,2.2987473011016846
263.3,2.3015525341033936
263.40000000000003,2.3082497119903564
263.5,2.2889556884765625
263.6,2.2964401245117188
263.7,2.300109624862671
263.8,2.2941317558288574
263.90000000000003,2.291377544403076
264.0,2.289302349090576
264.1,2.290374279022217
264.2,2.3010878562927246
264.3,2.298159599304199
264.40000000000003,2.291022300720215
264.5,2.2979671955108643
264.6,2.302786350250244
264.7,2.2940804958343506
264.8,2.294137477874756
264.90000000000003,2.302684783935547
265.0,2.29866361618042
265.1,2.2920498847961426
265.2,2.2833104133605957
265.3,2.2884304523468018
265.40000000000003,2.2895970344543457
265.5,2.3028011322021484
265.6,2.286940813064575
265.7,2.297459363937378
265.8,2.2799088954925537
265.90000000000003,2.300804615020752
266.0,2.3036420345306396
266.1,2.304126501083374
266.2,2.3108487129211426
266.3,2.2978415489196777
266.40000000000003,2.3045780658721924
266.5,2.2879302501678467
266.6,2.294193983078003
266.7,2.299191951751709
266.8,2.3025896549224854
266.90000000000003,2.2931127548217773
267.0,2.289766311645508
267.1,2.291459083557129
267.2,2.2861571311950684
267.3,2.289830446243286
267.40000000000003,2.297468662261963
267.5,2.2941343784332275
267.6,2.296919822692871
267.7,2.2895379066467285
267.8,2.2942404747009277
267.90000000000003,2.302398681640625
268.0,2.2856945991516113
268.1,2.298322916030884
268.2,2.2965142726898193
268.3,2.2924442291259766
268.40000000000003,2.305248975753784
268.5,2.295107364654541
268.6,2.2946245670318604
268.7,2.307405710220337
268.8,2.2920033931732178
268.90000000000003,2.3001036643981934
269.0,2.2969300746917725
269.1,2.287252187728882
269.2,2.3070011138916016
269.3,2.296168565750122
269.40000000000003,2.295429229736328
269.5,2.308182954788208
269.6,2.2898988723754883
269.7,2.2905845642089844
269.8,2.2925782203674316
269.90000000000003,2.2966301441192627
270.0,2.2893919944763184
270.1,2.298982858657837
270.2,2.304701805114746
270.3,2.2948758602142334
270.40000000000003,2.2933902740478516
270.5,2.29506516456604
270.6,2.308444023132324
270.7,2.2808895111083984
270.8,2.288848876953125
270.90000000000003,2.292271375656128
271.0,2.2916483879089355
271.1,2.2933595180511475
271.2,2.2833309173583984
271.3,2.3010671138763428
271.40000000000003,2.284247398376465
271.5,2.306846857070923
271.6,2.2980337142944336
271.7,2.2911157608032227
271.8,2.302372694015503
271.90000000000003,2.2968249320983887
272.0,2.3045945167541504
272.1,2.2965354919433594
272.2,2.294794797897339
272.3,2.2997279167175293
272.40000000000003,2.306861162185669
272.5,2.2898409366607666
272.6,2.2974865436553955
272.7,2.300420045852661
272.8,2.292576789855957
272.90000000000003,2.2998733520507812
273.0,2.286874294281006
273.1,2.2924063205718994
273.2,2.2973732948303223
273.3,2.2894089221954346
273.40000000000003,2.290538787841797
273.5,2.293325662612915
273.6,2.277998208999634
273.7,2.297767400741577
273.8,2.29233980178833
273.90000000000003,2.301827907562256
274.0,2.284412384033203
274.1,2.2914178371429443
274.20000000000005,2.3017537593841553
274.3,2.293989419937134
274.6,2.2981419563293457
274.6,2.2968876361846924
274.6,2.296398639678955
274.70000000000005,2.284432888031006
274.8,2.2980480194091797
274.90000000000003,2.290095329284668
275.0,2.3016793727874756
275.1,2.2889623641967773
275.20000000000005,2.2988028526306152
275.3,2.2929799556732178
275.40000000000003,2.3055152893066406
275.5,2.298792600631714
275.6,2.2916901111602783
275.70000000000005,2.293876886367798
275.8,2.3007359504699707
275.90000000000003,2.2949492931365967
276.0,2.2961180210113525
276.1,2.297961711883545
276.20000000000005,2.286925792694092
276.3,2.2975220680236816
276.40000000000003,2.2846529483795166
276.5,2.2939465045928955
276.6,2.2920782566070557
276.70000000000005,2.3119587898254395
276.8,2.2844865322113037
276.90000000000003,2.2999989986419678
277.0,2.2912278175354004
277.1,2.30401611328125
277.20000000000005,2.305455446243286
277.3,2.2903425693511963
277.40000000000003,2.287108898162842
277.5,2.301557779312134
277.6,2.2863712310791016
277.70000000000005,2.2992889881134033
277.8,2.2998857498168945
277.90000000000003,2.290766954421997
278.0,2.291145086288452
278.1,2.284696578979492
278.20000000000005,2.2909460067749023
278.3,2.30550217628479
278.40000000000003,2.2933502197265625
278.5,2.291433095932007
278.6,2.2924060821533203
278.70000000000005,2.292541980743408
278.8,2.2859010696411133
278.90000000000003,2.282649517059326
279.0,2.300187349319458
279.1,2.2977612018585205
279.20000000000005,2.295881986618042
279.3,2.2917284965515137
279.40000000000003,2.305269718170166
279.5,2.301025152206421
279.6,2.2947895526885986
279.70000000000005,2.2935712337493896
279.8,2.2936885356903076
279.90000000000003,2.3050343990325928
280.0,2.3009707927703857
280.1,2.2952327728271484
280.20000000000005,2.298006057739258
280.3,2.2881863117218018
280.40000000000003,2.2979235649108887
280.5,2.2824742794036865
280.6,2.2949724197387695
280.70000000000005,2.288867950439453
280.8,2.3008930683135986
280.90000000000003,2.2905075550079346
281.0,2.292076587677002
281.1,2.3034133911132812
281.20000000000005,2.296361207962036
281.3,2.2945985794067383
281.40000000000003,2.2967982292175293
281.5,2.287074089050293
281.6,2.282395601272583
281.70000000000005,2.308211326599121
281.8,2.2949745655059814
281.90000000000003,2.281649112701416
282.0,2.295194149017334
282.1,2.3044397830963135
282.20000000000005,2.287806272506714
282.3,2.301755428314209
282.40000000000003,2.2980384826660156
282.5,2.2887122631073
282.6,2.296452522277832
282.70000000000005,2.3010005950927734
282.8,2.2983269691467285
282.90000000000003,2.2836291790008545
283.0,2.288348913192749
283.1,2.298442840576172
283.20000000000005,2.29081654548645
283.3,2.2908504009246826
283.40000000000003,2.294473171234131
283.5,2.289971113204956
283.6,2.294468402862549
283.70000000000005,2.3014609813690186
283.8,2.2885074615478516
283.90000000000003,2.29866623878479
284.0,2.285966157913208
284.1,2.292555093765259
284.20000000000005,2.301917552947998
284.3,2.2992422580718994
284.40000000000003,2.296769142150879
284.5,2.2928993701934814
284.6,2.3029327392578125
284.70000000000005,2.293733596801758
284.8,2.2906670570373535
284.90000000000003,2.2933058738708496
285.0,2.280454397201538
285.1,2.2919633388519287
285.20000000000005,2.2806830406188965
285.3,2.300663709640503
285.40000000000003,2.2933411598205566
285.5,2.2902042865753174
285.6,2.2965304851531982
285.70000000000005,2.293292284011841
285.8,2.294234037399292
285.90000000000003,2.3016417026519775
286.0,2.299252986907959
286.1,2.279723882675171
286.20000000000005,2.294055223464966
286.3,2.290288209915161
286.40000000000003,2.3004117012023926
286.5,2.3004631996154785
286.6,2.2934718132019043
286.70000000000005,2.297553539276123
286.8,2.289252996444702
286.90000000000003,2.2994658946990967
287.0,2.2926690578460693
287.1,2.3018274307250977
287.20000000000005,2.282191038131714
287.3,2.294191360473633
287.40000000000003,2.2846992015838623
287.5,2.3007469177246094
287.6,2.2961153984069824
287.70000000000005,2.2827038764953613
287.8,2.2907838821411133
287.90000000000003,2.293971300125122
288.0,2.290189027786255
288.1,2.2965316772460938
288.20000000000005,2.286999464035034
288.3,2.3004584312438965
288.40000000000003,2.3037402629852295
288.5,2.288966655731201
288.6,2.2845325469970703
288.70000000000005,2.2935688495635986
288.8,2.3023197650909424
288.90000000000003,2.290663003921509
289.0,2.28843355178833
289.1,2.297684669494629
289.20000000000005,2.3058218955993652
289.3,2.288362503051758
289.40000000000003,2.3085973262786865
289.5,2.296945810317993
289.6,2.277296543121338
289.70000000000005,2.287259578704834
289.8,2.3096976280212402
289.90000000000003,2.278287649154663
290.0,2.2991597652435303
290.1,2.286731243133545
290.20000000000005,2.287222385406494
290.3,2.292593002319336
290.40000000000003,2.297041654586792
290.5,2.296625852584839
290.6,2.296647787094116
290.70000000000005,2.2744476795196533
290.8,2.292546033859253
290.90000000000003,2.29026460647583
291.0,2.292341470718384
291.1,2.2868621349334717
291.20000000000005,2.294971466064453
291.3,2.2860357761383057
291.40000000000003,2.295473337173462
291.5,2.2861804962158203
291.6,2.2974987030029297
291.70000000000005,2.294673442840576
291.8,2.3062918186187744
291.90000000000003,2.2856318950653076
292.0,2.292649269104004
292.1,2.2986292839050293
292.20000000000005,2.29437518119812
292.3,2.2816362380981445
292.40000000000003,2.2937443256378174
292.5,2.298854112625122
292.6,2.2979891300201416
292.70000000000005,2.303072929382324
292.8,2.291875123977661
292.90000000000003,2.302342414855957
293.0,2.290358066558838
293.1,2.3054535388946533
293.20000000000005,2.3045549392700195
293.3,2.307527780532837
293.40000000000003,2.2917568683624268
293.5,2.294957160949707
293.6,2.2967774868011475
293.70000000000005,2.2973296642303467
293.8,2.2950406074523926
293.90000000000003,2.282388925552368
294.0,2.2879106998443604
294.1,2.294116497039795
294.20000000000005,2.2925376892089844
294.3,2.300483226776123
294.40000000000003,2.292954206466675
294.5,2.2826037406921387
294.6,2.2885406017303467
294.70000000000005,2.3001251220703125
294.8,2.3112332820892334
294.90000000000003,2.279911756515503
295.0,2.295078992843628
295.1,2.2877707481384277
295.20000000000005,2.293346405029297
295.3,2.2921175956726074
295.40000000000003,2.291013479232788
295.5,2.2945549488067627
295.6,2.29500150680542
295.70000000000005,2.2947535514831543
295.8,2.296609401702881
295.90000000000003,2.304453134536743
296.0,2.2933461666107178
296.1,2.278409719467163
296.20000000000005,2.2980921268463135
296.3,2.2973592281341553
296.40000000000003,2.293947458267212
296.5,2.2842230796813965
296.6,2.2807540893554688
296.70000000000005,2.296341896057129
296.8,2.3012523651123047
296.90000000000003,2.278952121734619
297.0,2.3025059700012207
297.1,2.3008596897125244
297.20000000000005,2.2965195178985596
297.3,2.2966785430908203
297.40000000000003,2.2897045612335205
297.5,2.296692371368408
297.6,2.3055059909820557
297.70000000000005,2.2966301441192627
297.8,2.297208309173584
297.90000000000003,2.2896413803100586
298.0,2.288846492767334
298.1,2.293764352798462
298.20000000000005,2.288057804107666
298.3,2.300943374633789
298.40000000000003,2.2967429161071777
298.5,2.3035523891448975
298.6,2.301549196243286
298.70000000000005,2.284902811050415
298.8,2.2933473587036133
298.90000000000003,2.29486346244812
299.0,2.293125867843628
299.1,2.289771556854248
299.20000000000005,2.2956924438476562
299.3,2.2921440601348877
299.40000000000003,2.2788612842559814
299.5,2.307427167892456
299.6,2.281745195388794
299.70000000000005,2.2943761348724365
299.8,2.2905876636505127
299.90000000000003,2.2920496463775635
300.0,2.283684253692627
300.1,2.2814881801605225
300.20000000000005,2.285710573196411
300.3,2.291160821914673
300.40000000000003,2.2825934886932373
300.5,2.291606903076172
300.6,2.2947206497192383
300.70000000000005,2.2980732917785645
300.8,2.283085346221924
300.90000000000003,2.2991130352020264
301.0,2.2826991081237793
301.1,2.3016915321350098
301.20000000000005,2.291107654571533
301.3,2.2996139526367188
301.40000000000003,2.3026719093322754
301.5,2.294309616088867
301.6,2.2966203689575195
301.70000000000005,2.30654239654541
301.8,2.292335033416748
301.90000000000003,2.279794931411743
302.0,2.2895891666412354
302.1,2.2843613624572754
302.20000000000005,2.2980239391326904
302.3,2.299978256225586
302.40000000000003,2.29487681388855
302.5,2.2799808979034424
302.6,2.29549241065979
302.70000000000005,2.290524482727051
302.8,2.2909014225006104
302.90000000000003,2.3038971424102783
303.0,2.2969303131103516
303.1,2.2882914543151855
303.20000000000005,2.2949860095977783
303.3,2.2917239665985107
303.40000000000003,2.2873756885528564
303.5,2.2931830883026123
303.6,2.290708303451538
303.70000000000005,2.287015676498413
303.8,2.2933266162872314
303.90000000000003,2.293053388595581
304.0,2.28837513923645
304.1,2.274158239364624
304.20000000000005,2.291436195373535
304.3,2.2987799644470215
304.40000000000003,2.2921390533447266
304.5,2.2963178157806396
304.6,2.2920985221862793
304.70000000000005,2.290132761001587
304.8,2.2836954593658447
304.90000000000003,2.295997381210327
305.0,2.2786917686462402
305.1,2.290637969970703
305.20000000000005,2.297048807144165
305.3,2.291151523590088
305.40000000000003,2.2846341133117676
305.5,2.2783844470977783
305.6,2.2858593463897705
305.70000000000005,2.2934117317199707
305.8,2.2817747592926025
305.90000000000003,2.296154022216797
306.0,2.30189847946167
306.1,2.289522647857666
306.20000000000005,2.2894062995910645
306.3,2.292187213897705
306.40000000000003,2.2884767055511475
306.5,2.289832830429077
306.70000000000005,2.3004605770111084
306.70000000000005,2.297222852706909
306.8,2.297755241394043
306.90000000000003,2.291095733642578
307.0,2.2899835109710693
307.1,2.2915616035461426
307.20000000000005,2.2799272537231445
307.3,2.2965517044067383
307.40000000000003,2.2926077842712402
307.5,2.2924349308013916
307.6,2.2965426445007324
307.70000000000005,2.3076205253601074
307.8,2.290760040283203
307.90000000000003,2.27317476272583
308.0,2.2960100173950195
308.1,2.2797694206237793
308.20000000000005,2.2674520015716553
308.3,2.280438184738159
308.40000000000003,2.2784433364868164
308.5,2.294260025024414
308.6,2.291670083999634
308.70000000000005,2.2880659103393555
308.8,2.288149833679199
308.90000000000003,2.304093599319458
309.0,2.2897210121154785
309.1,2.2944483757019043
309.20000000000005,2.290017604827881
309.3,2.297940731048584
309.40000000000003,2.2846391201019287
309.5,2.2885076999664307
309.6,2.2842819690704346
309.70000000000005,2.2956979274749756
309.8,2.293876886367798
309.90000000000003,2.27718448638916
310.0,2.2984368801116943
310.1,2.292933464050293
310.20000000000005,2.2975552082061768
310.3,2.279669761657715
310.40000000000003,2.2915825843811035
310.5,2.2846715450286865
310.6,2.292339563369751
310.70000000000005,2.2937591075897217
310.8,2.287389039993286
310.90000000000003,2.2899482250213623
311.0,2.2925868034362793
311.1,2.293037176132202
311.20000000000005,2.292642116546631
311.3,2.290459394454956
311.40000000000003,2.3002216815948486
311.5,2.275474786758423
311.6,2.2828447818756104
311.70000000000005,2.2906668186187744
311.8,2.2853832244873047
311.90000000000003,2.2944347858428955
312.0,2.2893145084381104
312.1,2.2917263507843018
312.20000000000005,2.2986111640930176
312.3,2.292715311050415
312.40000000000003,2.3013641834259033
312.5,2.291065216064453
312.6,2.2894129753112793
312.70000000000005,2.2963879108428955
312.8,2.2927470207214355
312.90000000000003,2.289090394973755
313.0,2.287442207336426
313.1,2.284933567047119
313.20000000000005,2.2978615760803223
313.3,2.2844417095184326
313.40000000000003,2.295166254043579
313.5,2.2882938385009766
313.6,2.2882909774780273
313.70000000000005,2.291306972503662
313.8,2.292259454727173
313.90000000000003,2.2964181900024414
314.0,2.2904655933380127
314.1,2.2766754627227783
314.20000000000005,2.2849366664886475
314.3,2.2929909229278564
314.40000000000003,2.288828134536743
314.5,2.299103260040283
314.6,2.2762491703033447
314.70000000000005,2.3022406101226807
314.8,2.28749418258667
314.90000000000003,2.2928051948547363
315.0,2.29134202003479
315.1,2.288874626159668
315.20000000000005,2.2897489070892334
315.3,2.299107551574707
315.40000000000003,2.294276237487793
315.5,2.3011698722839355
315.6,2.2841734886169434
315.70000000000005,2.2967021465301514
315.8,2.2935454845428467
315.90000000000003,2.284515619277954
316.0,2.282559394836426
316.1,2.278038263320923
316.20000000000005,2.2871084213256836
316.3,2.2975544929504395
316.40000000000003,2.2840723991394043
316.5,2.2828562259674072
316.6,2.2846453189849854
316.70000000000005,2.2894058227539062
316.8,2.288041114807129
316.90000000000003,2.2874014377593994
317.0,2.2772955894470215
317.1,2.2907192707061768
317.20000000000005,2.298076629638672
317.3,2.273332357406616
317.40000000000003,2.3024182319641113
317.5,2.2989790439605713
317.6,2.291383743286133
317.70000000000005,2.288208246231079
317.8,2.2850842475891113
317.90000000000003,2.2869083881378174
318.0,2.2838869094848633
318.1,2.2950124740600586
318.20000000000005,2.2945172786712646
318.3,2.297100782394409
318.40000000000003,2.2872629165649414
318.5,2.29768705368042
318.6,2.2816808223724365
318.70000000000005,2.287823438644409
318.8,2.2767133712768555
318.90000000000003,2.2817702293395996
319.0,2.290480852127075
319.1,2.286848306655884
319.20000000000005,2.2973766326904297
319.3,2.2879889011383057
319.40000000000003,2.2816693782806396
319.5,2.2743396759033203
319.6,2.2873260974884033
319.70000000000005,2.2879791259765625
319.8,2.294963836669922
319.90000000000003,2.2874767780303955
320.0,2.292623519897461
320.1,2.274446487426758
320.20000000000005,2.2853920459747314
320.3,2.2871580123901367
320.40000000000003,2.2874085903167725
320.5,2.2870302200317383
320.6,2.3034963607788086
320.70000000000005,2.2772154808044434
320.8,2.2888636589050293
320.90000000000003,2.298088312149048
321.0,2.2940673828125
321.1,2.2929329872131348
321.20000000000005,2.2915899753570557
321.3,2.2922096252441406
321.40000000000003,2.299983024597168
321.5,2.2938201427459717
321.6,2.2889316082000732
321.70000000000005,2.2895705699920654
321.8,2.2712900638580322
321.90000000000003,2.290299415588379
322.0,2.287252187728882
322.1,2.287868022918701
322.20000000000005,2.2850184440612793
322.3,2.2830898761749268
322.40000000000003,2.3016457557678223
322.5,2.2860682010650635
322.6,2.2757818698883057
322.70000000000005,2.284806251525879
322.8,2.277665853500366
322.90000000000003,2.2940833568573
323.0,2.2948720455169678
323.1,2.2828121185302734
323.20000000000005,2.287836790084839
323.3,2.282921552658081
323.40000000000003,2.300384998321533
323.5,2.2890753746032715
323.6,2.283935546875
323.70000000000005,2.294224739074707
323.8,2.281893491744995
323.90000000000003,2.2866039276123047
324.0,2.2952919006347656
324.1,2.289445161819458
324.20000000000005,2.283468723297119
324.3,2.2867586612701416
324.40000000000003,2.289280891418457
324.5,2.288297176361084
324.6,2.277819871902466
324.70000000000005,2.2930779457092285
324.8,2.2887685298919678
324.90000000000003,2.2805116176605225
325.0,2.280428886413574
325.1,2.285146474838257
325.20000000000005,2.2883284091949463
325.3,2.2937710285186768
325.40000000000003,2.28151535987854
325.5,2.2990474700927734
325.6,2.287672519683838
325.70000000000005,2.283334493637085
325.8,2.2913222312927246
325.90000000000003,2.2821412086486816
326.0,2.2780921459198
326.1,2.2946970462799072
326.20000000000005,2.2913589477539062
326.3,2.2829880714416504
326.40000000000003,2.2872533798217773
326.5,2.2885468006134033
326.6,2.294801950454712
326.70000000000005,2.2851710319519043
326.8,2.2907538414001465
326.90000000000003,2.2876663208007812
327.0,2.2951126098632812
327.1,2.2917613983154297
327.20000000000005,2.2816429138183594
327.3,2.2930550575256348
327.40000000000003,2.2930734157562256
327.5,2.2881839275360107
327.6,2.287773847579956
327.70000000000005,2.2801125049591064
327.8,2.2808279991149902
327.90000000000003,2.2942566871643066
328.0,2.2932605743408203
328.1,2.28479266166687
328.20000000000005,2.2803585529327393
328.3,2.2855024337768555
328.40000000000003,2.2989277839660645
328.5,2.2912278175354004
328.6,2.2664883136749268
328.70000000000005,2.2867720127105713
328.8,2.2934608459472656
328.90000000000003,2.259939193725586
329.0,2.2902605533599854
329.1,2.289273500442505
329.20000000000005,2.3013100624084473
329.3,2.295236110687256
329.40000000000003,2.302152156829834
329.5,2.291869878768921
329.6,2.2816009521484375
329.70000000000005,2.2773659229278564
329.8,2.2838454246520996
329.90000000000003,2.2939913272857666
330.0,2.293578863143921
330.1,2.2905123233795166
330.20000000000005,2.2992894649505615
330.3,2.282301187515259
330.40000000000003,2.287362813949585
330.5,2.2804908752441406
330.6,2.279350996017456
330.70000000000005,2.2968811988830566
330.8,2.2942004203796387
330.90000000000003,2.2932708263397217
331.0,2.2758514881134033
331.1,2.292177677154541
331.20000000000005,2.282179117202759
331.3,2.2743444442749023
331.40000000000003,2.287869453430176
331.5,2.2847342491149902
331.6,2.29211688041687
331.70000000000005,2.2736334800720215
331.8,2.285562038421631
331.90000000000003,2.298837900161743
332.0,2.2758657932281494
332.1,2.276963710784912
332.20000000000005,2.2897915840148926
332.3,2.282789707183838
332.40000000000003,2.285715341567993
332.5,2.2825353145599365
332.6,2.2857906818389893
332.70000000000005,2.284623146057129
332.8,2.2944424152374268
332.90000000000003,2.2753663063049316
333.0,2.2838916778564453
333.1,2.2815611362457275
333.20000000000005,2.294612169265747
333.3,2.2957887649536133
333.40000000000003,2.2902913093566895
333.5,2.2870943546295166
333.6,2.2817609310150146
333.70000000000005,2.2942962646484375
333.8,2.2990570068359375
333.90000000000003,2.2937490940093994
334.0,2.2801997661590576
334.1,2.289092779159546
334.20000000000005,2.277129888534546
334.3,2.279952049255371
334.40000000000003,2.2832915782928467
334.5,2.288174629211426
334.6,2.294612407684326
334.70000000000005,2.285888910293579
334.8,2.2937235832214355
334.90000000000003,2.278083086013794
335.0,2.2853362560272217
335.1,2.28237247467041
335.20000000000005,2.286560297012329
335.3,2.294654130935669
335.40000000000003,2.2914505004882812
335.5,2.274573564529419
335.6,2.2830119132995605
335.70000000000005,2.2894256114959717
335.8,2.289776086807251
335.90000000000003,2.296790838241577
336.0,2.292637586593628
336.1,2.294191360473633
336.20000000000005,2.291651487350464
336.3,2.2875800132751465
336.40000000000003,2.2658772468566895
336.5,2.2947916984558105
336.6,2.28395414352417
336.70000000000005,2.284736156463623
336.8,2.2769575119018555
336.90000000000003,2.2847256660461426
337.0,2.288357734680176
337.1,2.279728412628174
337.20000000000005,2.2896687984466553
337.3,2.288297414779663
337.40000000000003,2.280460834503174
337.5,2.282726526260376
337.6,2.29158616065979
337.70000000000005,2.2790863513946533
337.8,2.298652172088623
337.90000000000003,2.2852823734283447
338.0,2.2852609157562256
338.1,2.296823501586914
338.20000000000005,2.2927474975585938
338.3,2.2928991317749023
338.40000000000003,2.296966075897217
338.5,2.286207914352417
338.6,2.3014438152313232
338.70000000000005,2.2787692546844482
338.8,2.2973744869232178
338.90000000000003,2.2863433361053467
339.0,2.2797086238861084
339.1,2.2960684299468994
339.20000000000005,2.2871625423431396
339.3,2.290632486343384
339.40000000000003,2.287752151489258
339.5,2.288738489151001
339.6,2.2838268280029297
339.70000000000005,2.287097692489624
339.8,2.2876226902008057
339.90000000000003,2.274275541305542
340.0,2.2858166694641113
340.1,2.2822508811950684
340.20000000000005,2.2855384349823
340.3,2.2869386672973633
340.40000000000003,2.284804582595825
340.5,2.2900490760803223
340.6,2.283665657043457
340.70000000000005,2.2856550216674805
340.8,2.2879748344421387
340.90000000000003,2.284461259841919
341.0,2.2747156620025635
341.1,2.2881295680999756
341.20000000000005,2.2824177742004395
341.3,2.2840754985809326
341.40000000000003,2.2854273319244385
341.5,2.28250789642334
341.6,2.289961576461792
341.70000000000005,2.2990105152130127
341.8,2.2842535972595215
341.90000000000003,2.2741129398345947
342.0,2.2737877368927
342.1,2.279306411743164
342.20000000000005,2.2916648387908936
342.3,2.2963552474975586
342.40000000000003,2.296727418899536
342.5,2.2889583110809326
342.6,2.2847540378570557
342.70000000000005,2.2946081161499023
342.8,2.2775065898895264
342.90000000000003,2.286590576171875
343.0,2.286001682281494
343.1,2.291398763656616
343.20000000000005,2.2755074501037598
343.3,2.2837331295013428
343.40000000000003,2.2841124534606934
343.5,2.2809154987335205
343.6,2.2831857204437256
343.70000000000005,2.286665439605713
343.8,2.2846474647521973
343.90000000000003,2.2862672805786133
344.0,2.281034231185913
344.1,2.2946736812591553
344.20000000000005,2.2952890396118164
344.3,2.277691602706909
344.40000000000003,2.2737810611724854
344.5,2.2758564949035645
344.6,2.278966188430786
344.70000000000005,2.2893471717834473
344.8,2.292179584503174
344.90000000000003,2.2787837982177734
345.0,2.2876718044281006
345.1,2.291330337524414
345.20000000000005,2.281745195388794
345.3,2.284613609313965
345.40000000000003,2.282653570175171
345.5,2.27898907661438
345.6,2.2769298553466797
345.70000000000005,2.2952728271484375
345.8,2.2866756916046143
345.90000000000003,2.2919180393218994
346.0,2.278245449066162
346.1,2.2980692386627197
346.20000000000005,2.2937612533569336
346.3,2.285222291946411
346.40000000000003,2.29084849357605
346.5,2.2807846069335938
346.6,2.2802135944366455
346.70000000000005,2.2809925079345703
346.8,2.284076452255249
346.90000000000003,2.285271167755127
347.0,2.2828335762023926
347.1,2.279092788696289
347.20000000000005,2.2856576442718506
347.3,2.289588689804077
347.40000000000003,2.286236524581909
347.5,2.293855667114258
347.6,2.2952258586883545
347.70000000000005,2.290649652481079
347.8,2.2875897884368896
347.90000000000003,2.28747820854187
348.0,2.291219711303711
348.1,2.279834747314453
348.20000000000005,2.2841174602508545
348.3,2.2897305488586426
348.40000000000003,2.279956102371216
348.5,2.2804582118988037
348.6,2.274528980255127
348.70000000000005,2.2845170497894287
348.8,2.2838659286499023
348.90000000000003,2.278470754623413
349.0,2.282043218612671
349.1,2.2774481773376465
349.20000000000005,2.282686471939087
349.3,2.2971203327178955
349.40000000000003,2.274381160736084
349.5,2.2794954776763916
349.6,2.288045883178711
349.70000000000005,2.2855136394500732
349.8,2.2927486896514893
349.90000000000003,2.2874021530151367
350.0,2.2778103351593018
350.1,2.275909423828125
350.20000000000005,2.288450241088867
350.3,2.2933220863342285
350.40000000000003,2.2890751361846924
350.5,2.2980151176452637
350.6,2.2784318923950195
350.70000000000005,2.287954092025757
350.8,2.28713059425354
350.90000000000003,2.283879280090332
351.0,2.2864198684692383
351.1,2.2872745990753174
351.20000000000005,2.281097412109375
351.3,2.2814249992370605
351.40000000000003,2.2888600826263428
351.5,2.2831432819366455
351.6,2.2759478092193604
351.70000000000005,2.275601625442505
351.8,2.277831792831421
351.90000000000003,2.2888295650482178
352.0,2.286314010620117
352.1,2.287100076675415
352.20000000000005,2.288496971130371
352.3,2.293534517288208
352.40000000000003,2.2824902534484863
352.5,2.2982733249664307
352.6,2.2837631702423096
352.70000000000005,2.283290386199951
352.8,2.288402795791626
352.90000000000003,2.291195869445801
353.0,2.288790225982666
353.1,2.2775280475616455
353.20000000000005,2.282263994216919
353.3,2.291959047317505
353.40000000000003,2.2939603328704834
353.5,2.2838590145111084
353.6,2.2783868312835693
353.70000000000005,2.284931182861328
353.8,2.282508134841919
353.90000000000003,2.2847862243652344
354.0,2.2846031188964844
354.1,2.3039751052856445
354.20000000000005,2.285998821258545
354.3,2.2860989570617676
354.40000000000003,2.2805604934692383
354.5,2.2688181400299072
354.6,2.2874996662139893
354.70000000000005,2.2706944942474365
354.8,2.2836506366729736
354.90000000000003,2.2762742042541504
355.0,2.2854738235473633
355.1,2.297616481781006
355.20000000000005,2.2993485927581787
355.3,2.2749722003936768
355.40000000000003,2.2764906883239746
355.5,2.2911503314971924
355.6,2.288188934326172
355.70000000000005,2.287759304046631
355.8,2.270395517349243
355.90000000000003,2.272834539413452
356.0,2.289344310760498
356.1,2.285062551498413
356.20000000000005,2.2968077659606934
356.3,2.2920055389404297
356.40000000000003,2.2785985469818115
356.5,2.2840771675109863
356.6,2.271218776702881
356.70000000000005,2.2736544609069824
356.8,2.2946248054504395
356.90000000000003,2.2790257930755615
357.0,2.2920429706573486
357.1,2.2844576835632324
357.20000000000005,2.286309242248535
357.3,2.2989771366119385
357.40000000000003,2.2765910625457764
357.5,2.2816715240478516
357.6,2.281214475631714
357.70000000000005,2.272242546081543
357.8,2.2892215251922607
357.90000000000003,2.290027618408203
358.0,2.2815401554107666
358.1,2.283268451690674
358.20000000000005,2.2667486667633057
358.3,2.271225690841675
358.40000000000003,2.2893753051757812
358.5,2.289167881011963
358.6,2.2752034664154053
358.70000000000005,2.2877352237701416
358.8,2.281128168106079
358.90000000000003,2.2877416610717773
359.0,2.28485107421875
359.1,2.297105073928833
359.20000000000005,2.2898454666137695
359.3,2.273765802383423
359.40000000000003,2.2732608318328857
359.5,2.282719373703003
359.6,2.287813663482666
359.70000000000005,2.283433437347412
359.8,2.282752275466919
359.90000000000003,2.2890450954437256
360.0,2.277867317199707
360.1,2.280062198638916
360.20000000000005,2.280339241027832
360.3,2.2980105876922607
360.40000000000003,2.2860958576202393
360.5,2.2841367721557617
360.6,2.2853612899780273
360.70000000000005,2.283810615539551
360.8,2.28295636177063
360.90000000000003,2.2818005084991455
361.0,2.2830214500427246
361.1,2.294670820236206
361.20000000000005,2.282461166381836
361.3,2.267493486404419
361.40000000000003,2.2784650325775146
361.5,2.2834815979003906
361.6,2.284904718399048
361.70000000000005,2.280609130859375
361.8,2.2855663299560547
361.90000000000003,2.293671131134033
362.0,2.280724048614502
362.1,2.279801845550537
362.20000000000005,2.2772376537323
362.3,2.300058603286743
362.40000000000003,2.2826733589172363
362.5,2.29549241065979
362.6,2.2815747261047363
362.70000000000005,2.2794415950775146
362.8,2.2802162170410156
362.90000000000003,2.2684192657470703
363.0,2.2767839431762695
363.1,2.278230667114258
363.20000000000005,2.286555290222168
363.3,2.2893528938293457
363.40000000000003,2.2820844650268555
363.5,2.286503314971924
363.6,2.271592855453491
363.70000000000005,2.2778074741363525
363.8,2.277711868286133
363.90000000000003,2.2803056240081787
364.0,2.2894861698150635
364.1,2.285735607147217
364.20000000000005,2.2854936122894287
364.3,2.271055221557617
364.40000000000003,2.284287691116333
364.5,2.2806248664855957
364.6,2.290851354598999
364.70000000000005,2.285961627960205
364.8,2.2776331901550293
364.90000000000003,2.2865841388702393
365.0,2.273193120956421
365.1,2.2846477031707764
365.20000000000005,2.289151430130005
365.3,2.2733445167541504
365.40000000000003,2.2882888317108154
365.5,2.28355073928833
365.6,2.2906479835510254
365.70000000000005,2.281404972076416
365.8,2.2795979976654053
365.90000000000003,2.2759461402893066
366.0,2.2815167903900146
366.1,2.2871761322021484
366.20000000000005,2.2818121910095215
366.3,2.286252737045288
366.40000000000003,2.276413917541504
366.5,2.271064519882202
366.6,2.2856459617614746
366.70000000000005,2.2697861194610596
366.8,2.2854573726654053
366.90000000000003,2.284733533859253
367.0,2.2891685962677
367.1,2.285402774810791
367.20000000000005,2.2616734504699707
367.3,2.2819573879241943
367.40000000000003,2.2834079265594482
367.5,2.274977684020996
367.6,2.276144504547119
367.70000000000005,2.281266450881958
367.8,2.2855751514434814
367.90000000000003,2.285985231399536
368.0,2.2739498615264893
368.1,2.2812490463256836
368.20000000000005,2.27311110496521
368.3,2.2904205322265625
368.40000000000003,2.292938470840454
368.5,2.2785253524780273
368.6,2.287263870239258
368.70000000000005,2.2740583419799805
368.8,2.285039186477661
368.90000000000003,2.291289806365967
369.0,2.2872979640960693
369.1,2.2810144424438477
369.20000000000005,2.290963888168335
369.3,2.288463592529297
369.40000000000003,2.2858362197875977
369.5,2.2822153568267822
369.6,2.283740520477295
369.70000000000005,2.278968572616577
369.8,2.2810182571411133
369.90000000000003,2.281435489654541
370.0,2.2774949073791504
370.1,2.290879011154175
370.20000000000005,2.2900190353393555
370.3,2.2855310440063477
370.40000000000003,2.3021225929260254
370.5,2.288910388946533
370.6,2.2982044219970703
370.70000000000005,2.2832980155944824
370.8,2.2865395545959473
370.90000000000003,2.2719202041625977
371.0,2.2920093536376953
371.1,2.2844467163085938
371.20000000000005,2.281850814819336
371.3,2.2923147678375244
371.40000000000003,2.287984609603882
371.5,2.2926998138427734
371.6,2.2912416458129883
371.70000000000005,2.2934353351593018
371.8,2.2973315715789795
371.90000000000003,2.287215232849121
372.0,2.2958920001983643
372.1,2.285984754562378
372.20000000000005,2.2921926975250244
372.3,2.2974750995635986
372.40000000000003,2.2927470207214355
372.5,2.284071207046509
372.6,2.296013116836548
372.70000000000005,2.2922022342681885
372.8,2.2886364459991455
372.90000000000003,2.2880618572235107
373.0,2.2908241748809814
373.1,2.2736990451812744
373.20000000000005,2.2880630493164062
373.3,2.2952001094818115
373.40000000000003,2.283238410949707
373.5,2.2944154739379883
373.6,2.29752254486084
373.70000000000005,2.2851858139038086
373.8,2.292759895324707
373.90000000000003,2.297797918319702
374.0,2.2790567874908447
374.1,2.269827127456665
374.20000000000005,2.2854135036468506
374.3,2.294015884399414
374.40000000000003,2.2807905673980713
374.5,2.2906494140625
374.6,2.302121877670288
374.70000000000005,2.301839590072632
374.8,2.291123390197754
374.90000000000003,2.2942023277282715
375.0,2.294020652770996
375.1,2.2955377101898193
375.20000000000005,2.290459156036377
375.3,2.2888550758361816
375.40000000000003,2.2937824726104736
375.5,2.294792890548706
375.6,2.2908406257629395
375.70000000000005,2.271688222885132
375.8,2.2912254333496094
375.90000000000003,2.295499563217163
376.0,2.2982962131500244
376.1,2.297661304473877
376.20000000000005,2.3045246601104736
376.3,2.2926857471466064
376.40000000000003,2.2956345081329346
376.5,2.2859365940093994
376.6,2.299973249435425
376.70000000000005,2.2960078716278076
376.8,2.2921440601348877
376.90000000000003,2.2910263538360596
377.0,2.2896080017089844
377.1,2.297590732574463
377.20000000000005,2.2943124771118164
377.3,2.3041908740997314
377.40000000000003,2.3018572330474854
377.5,2.301560878753662
377.6,2.2862625122070312
377.70000000000005,2.304871082305908
377.8,2.297398090362549
377.90000000000003,2.2903854846954346
378.0,2.298253297805786
378.1,2.287571668624878
378.20000000000005,2.305555582046509
378.3,2.3012354373931885
378.40000000000003,2.2935149669647217
378.5,2.30910587310791
378.6,2.3058652877807617
378.70000000000005,2.2936043739318848
378.8,2.303406000137329
378.90000000000003,2.2996654510498047
379.0,2.301135540008545
379.1,2.3095133304595947
379.20000000000005,2.29361629486084
379.3,2.2906155586242676
379.40000000000003,2.305960178375244
379.5,2.3061342239379883
379.6,2.3059706687927246
379.70000000000005,2.3029463291168213
379.8,2.2899277210235596
379.90000000000003,2.3080554008483887
380.0,2.301553249359131
380.1,2.3024404048919678
380.20000000000005,2.301935911178589
380.3,2.310927629470825
380.40000000000003,2.28102707862854
380.5,2.2908883094787598
380.6,2.3028953075408936
380.70000000000005,2.292764902114868
380.8,2.3037335872650146
380.90000000000003,2.305811882019043
381.0,2.309778928756714
381.1,2.2902345657348633
381.20000000000005,2.3054182529449463
381.3,2.305506467819214
381.40000000000003,2.300790309906006
381.5,2.3083155155181885
381.6,2.301394462585449
381.70000000000005,2.30289888381958
381.8,2.2895548343658447
381.90000000000003,2.3170089721679688
382.0,2.304367780685425
382.1,2.294415235519409
382.20000000000005,2.3161873817443848
382.3,2.310014486312866
382.40000000000003,2.304866075515747
382.5,2.2998223304748535
382.6,2.3055474758148193
382.70000000000005,2.302595853805542
382.8,2.306114673614502
382.90000000000003,2.297757863998413
383.0,2.286738872528076
383.1,2.3053834438323975
383.20000000000005,2.312323570251465
383.3,2.3061060905456543
383.40000000000003,2.3147640228271484
383.5,2.3043711185455322
383.6,2.2985165119171143
383.70000000000005,2.3023841381073
383.8,2.301910638809204
383.90000000000003,2.30495285987854
384.0,2.3068764209747314
384.1,2.3076958656311035
384.20000000000005,2.308129072189331
384.3,2.3048043251037598
384.40000000000003,2.3113040924072266
384.5,2.3130340576171875
384.6,2.310811996459961
384.70000000000005,2.3099365234375
384.8,2.3051998615264893
384.90000000000003,2.3129584789276123
385.0,2.3105316162109375
385.1,2.3086531162261963
385.20000000000005,2.3106257915496826
385.3,2.3140079975128174
385.40000000000003,2.3073925971984863
385.5,2.3156919479370117
385.6,2.3099660873413086
385.70000000000005,2.3170058727264404
385.8,2.319479465484619
385.90000000000003,2.311379909515381
386.0,2.3171701431274414
386.1,2.310413122177124
386.20000000000005,2.311851978302002
386.3,2.314286947250366
386.40000000000003,2.3103764057159424
386.5,2.3067197799682617
386.6,2.309359312057495
386.70000000000005,2.316866397857666
386.8,2.312708854675293
386.90000000000003,2.3039519786834717
387.0,2.311420440673828
387.1,2.313026189804077
387.20000000000005,2.3038523197174072
387.3,2.3147034645080566
387.40000000000003,2.3122525215148926
387.5,2.3030805587768555
387.6,2.313343048095703
387.70000000000005,2.3197860717773438
387.8,2.3112754821777344
387.90000000000003,2.3199148178100586
388.0,2.3170273303985596
388.1,2.310575485229492
388.20000000000005,2.313293933868408
388.3,2.3268096446990967
388.40000000000003,2.2956645488739014
388.5,2.3230044841766357
388.6,2.3039746284484863
388.70000000000005,2.310664415359497
388.8,2.313872814178467
388.90000000000003,2.3096225261688232
389.0,2.3281326293945312
389.1,2.3219807147979736
389.20000000000005,2.3199303150177
389.3,2.3232617378234863
389.40000000000003,2.3119239807128906
389.5,2.3149116039276123
389.6,2.3279623985290527
389.70000000000005,2.3139519691467285
389.8,2.304286479949951
389.90000000000003,2.3177874088287354
390.0,2.324096202850342
390.1,2.319997549057007
390.20000000000005,2.309237241744995
390.3,2.31654691696167
390.40000000000003,2.3203885555267334
390.5,2.3152379989624023
390.6,2.318142890930176
390.70000000000005,2.3217623233795166
390.8,2.313575267791748
390.90000000000003,2.317993402481079
391.0,2.308246374130249
391.1,2.317809581756592
391.20000000000005,2.311392068862915
391.3,2.315002679824829
391.40000000000003,2.3289291858673096
391.5,2.313398838043213
391.6,2.3153812885284424
391.70000000000005,2.3052380084991455
391.8,2.3202526569366455
391.90000000000003,2.301943063735962
392.0,2.328949213027954
392.1,2.321897268295288
392.20000000000005,2.327307939529419
392.3,2.329869031906128
392.40000000000003,2.3331356048583984
392.5,2.317962884902954
392.6,2.31179141998291
392.70000000000005,2.3216967582702637
392.8,2.311202049255371
392.90000000000003,2.3243398666381836
393.0,2.3293070793151855
393.1,2.3311686515808105
393.20000000000005,2.317570447921753
393.3,2.328493118286133
393.40000000000003,2.3216254711151123
393.5,2.3166658878326416
393.6,2.3231732845306396
393.70000000000005,2.328134059906006
393.8,2.337252140045166
393.90000000000003,2.3156540393829346
394.0,2.3183200359344482
394.1,2.3190901279449463
394.20000000000005,2.3288424015045166
394.3,2.3137810230255127
394.40000000000003,2.322272539138794
394.5,2.329139232635498
394.6,2.3270423412323
394.70000000000005,2.327589273452759
394.8,2.3080787658691406
394.90000000000003,2.316179037094116
395.0,2.3191142082214355
395.1,2.3224105834960938
395.20000000000005,2.3331360816955566
395.3,2.332948923110962
395.40000000000003,2.335463762283325
395.5,2.316415786743164
395.6,2.3321380615234375
395.70000000000005,2.3391144275665283
395.8,2.3358802795410156
395.90000000000003,2.329280138015747
396.0,2.3254501819610596
396.1,2.32150936126709
396.20000000000005,2.333272933959961
396.3,2.3324103355407715
396.40000000000003,2.3364782333374023
396.5,2.330726385116577
396.6,2.3276894092559814
396.70000000000005,2.3091695308685303
396.8,2.3363351821899414
396.90000000000003,2.3300399780273438
397.0,2.3357789516448975
397.1,2.333461284637451
397.20000000000005,2.3416335582733154
397.3,2.3210289478302
397.40000000000003,2.3181583881378174
397.5,2.322478771209717
397.6,2.331757068634033
397.70000000000005,2.333864450454712
397.8,2.326141834259033
397.90000000000003,2.3188846111297607
398.0,2.3210113048553467
398.1,2.329232931137085
398.20000000000005,2.3281257152557373
398.3,2.3247549533843994
398.40000000000003,2.336355209350586
398.5,2.328273296356201
398.6,2.3311166763305664
398.70000000000005,2.334196090698242
398.8,2.330646276473999
398.90000000000003,2.325699806213379
399.0,2.3214871883392334
399.1,2.3316423892974854
399.20000000000005,2.3338053226470947
399.3,2.3279781341552734
399.40000000000003,2.3120152950286865
399.5,2.3409736156463623
399.6,2.3352386951446533
399.70000000000005,2.3255326747894287
399.8,2.3241190910339355
399.90000000000003,2.3370273113250732
400.0,2.330763816833496
400.1,2.3326592445373535
400.20000000000005,2.3329548835754395
400.3,2.33274507522583
400.40000000000003,2.3379123210906982
400.5,2.3333115577697754
400.6,2.3255274295806885
400.70000000000005,2.3129777908325195
400.8,2.336566925048828
400.90000000000003,2.3318519592285156
401.0,2.327610969543457
401.20000000000005,2.3370509147644043
401.20000000000005,2.3417084217071533
401.3,2.331636428833008
401.40000000000003,2.3337671756744385
401.5,2.319162607192993
401.6,2.339036226272583
401.70000000000005,2.335875988006592
401.8,2.343898057937622
401.90000000000003,2.3346574306488037
402.0,2.332409143447876
402.1,2.3444435596466064
402.20000000000005,2.3349595069885254
402.3,2.3349359035491943
402.40000000000003,2.335026264190674
402.5,2.327070713043213
402.6,2.3270516395568848
402.70000000000005,2.3436055183410645
402.8,2.3313426971435547
402.90000000000003,2.3338420391082764
403.0,2.3304920196533203
403.1,2.3403327465057373
403.20000000000005,2.3411643505096436
403.3,2.341942548751831
403.40000000000003,2.332949161529541
403.5,2.333048105239868
403.6,2.3441221714019775
403.70000000000005,2.347539186477661
403.8,2.328141689300537
403.90000000000003,2.3287925720214844
404.0,2.337839365005493
404.1,2.345660448074341
404.20000000000005,2.334916591644287
404.3,2.3315298557281494
404.40000000000003,2.3457353115081787
404.5,2.337179183959961
404.6,2.335052251815796
404.70000000000005,2.3467953205108643
404.8,2.3247480392456055
404.90000000000003,2.33560848236084
405.0,2.3458750247955322
405.1,2.3356823921203613
405.20000000000005,2.3450937271118164
405.3,2.3362932205200195
405.40000000000003,2.3529865741729736
405.5,2.3446459770202637
405.6,2.3433921337127686
405.70000000000005,2.347085475921631
405.8,2.3479831218719482
405.90000000000003,2.3595082759857178
406.0,2.3395731449127197
406.1,2.3574109077453613
406.20000000000005,2.3396029472351074
406.3,2.34702467918396
406.40000000000003,2.343374729156494
406.5,2.346719741821289
406.6,2.351294994354248
406.70000000000005,2.345456123352051
406.8,2.329341411590576
406.90000000000003,2.3440418243408203
407.0,2.3425986766815186
407.1,2.3442811965942383
407.20000000000005,2.331005096435547
407.3,2.3374428749084473
407.40000000000003,2.3414242267608643
407.5,2.3426036834716797
407.6,2.3430962562561035
407.70000000000005,2.3386759757995605
407.8,2.3342530727386475
407.90000000000003,2.341322660446167
408.0,2.3363237380981445
408.1,2.355135917663574
408.20000000000005,2.3351190090179443
408.3,2.337177038192749
408.40000000000003,2.341435432434082
408.5,2.3484225273132324
408.6,2.3440778255462646
408.70000000000005,2.3411810398101807
408.8,2.3533573150634766
408.90000000000003,2.3457117080688477
409.0,2.337771415710449
409.1,2.3483870029449463
409.20000000000005,2.35032057762146
409.3,2.3377480506896973
409.40000000000003,2.33536696434021
409.5,2.350085496902466
409.6,2.3423001766204834
409.70000000000005,2.3408913612365723
409.8,2.3445825576782227
409.90000000000003,2.344806432723999
410.0,2.348112106323242
410.1,2.35227370262146
410.20000000000005,2.3367080688476562
410.3,2.348457098007202
410.40000000000003,2.339219331741333
410.5,2.3515777587890625
410.6,2.3398191928863525
410.70000000000005,2.346611261367798
410.8,2.3473289012908936
410.90000000000003,2.353224754333496
411.0,2.3420886993408203
411.1,2.3342907428741455
411.20000000000005,2.3515689373016357
411.3,2.347524404525757
411.40000000000003,2.3604917526245117
411.5,2.356673002243042
411.6,2.339246988296509
411.70000000000005,2.350917100906372
411.8,2.3339791297912598
411.90000000000003,2.353835344314575
412.0,2.3479042053222656
412.1,2.361180067062378
412.20000000000005,2.3633904457092285
412.3,2.3526649475097656
412.40000000000003,2.349680185317993
412.5,2.364574432373047
412.6,2.3507630825042725
412.70000000000005,2.351560354232788
412.8,2.359816551208496
412.90000000000003,2.346986770629883
413.0,2.3470184803009033
413.1,2.3649134635925293
413.20000000000005,2.337704658508301
413.3,2.3521783351898193
413.40000000000003,2.349062442779541
413.5,2.3418290615081787
413.6,2.3440473079681396
413.70000000000005,2.350548028945923
413.8,2.339186191558838
413.90000000000003,2.349381923675537
414.0,2.342425584793091
414.1,2.3397409915924072
414.20000000000005,2.3460123538970947
414.3,2.3448486328125
414.40000000000003,2.3533401489257812
414.5,2.3391897678375244
414.6,2.354630947113037
414.70000000000005,2.3581104278564453
414.8,2.35620379447937
414.90000000000003,2.3623664379119873
415.0,2.3496224880218506
415.1,2.3577687740325928
415.20000000000005,2.366539239883423
415.3,2.351923704147339
415.40000000000003,2.362839698791504
415.5,2.3594536781311035
415.6,2.3561134338378906
415.70000000000005,2.3446414470672607
415.8,2.349485397338867
415.90000000000003,2.3389673233032227
416.0,2.3519487380981445
416.1,2.3569743633270264
416.20000000000005,2.3502895832061768
416.3,2.3391528129577637
416.40000000000003,2.3609185218811035
416.5,2.3452060222625732
416.6,2.3666305541992188
416.70000000000005,2.3485288619995117
416.8,2.3694076538085938
416.90000000000003,2.3598828315734863
417.0,2.348553419113159
417.1,2.3627119064331055
417.20000000000005,2.3678081035614014
417.3,2.3620309829711914
417.40000000000003,2.350843667984009
417.5,2.357248306274414
417.6,2.3580803871154785
417.70000000000005,2.3638010025024414
417.8,2.3445072174072266
417.90000000000003,2.3652102947235107
418.0,2.352126359939575
418.1,2.351274013519287
418.20000000000005,2.353482484817505
418.3,2.3624393939971924
418.40000000000003,2.362485408782959
418.5,2.3510308265686035
418.6,2.3655216693878174
418.70000000000005,2.361722946166992
418.8,2.3577616214752197
418.90000000000003,2.353652238845825
419.0,2.3492438793182373
419.1,2.354111909866333
419.20000000000005,2.356151819229126
419.3,2.3507156372070312
419.40000000000003,2.350527286529541
419.5,2.3562264442443848
419.6,2.3706891536712646
419.70000000000005,2.352236747741699
419.8,2.3574130535125732
419.90000000000003,2.363868236541748
420.0,2.3587210178375244
420.1,2.360167980194092
420.20000000000005,2.359567165374756
420.3,2.350611448287964
420.40000000000003,2.371127128601074
420.5,2.3457133769989014
420.6,2.359410285949707
420.70000000000005,2.346644401550293
420.8,2.3618297576904297
420.90000000000003,2.359863519668579
421.0,2.3550214767456055
421.1,2.358934164047241
421.20000000000005,2.3476898670196533
421.3,2.3557331562042236
421.40000000000003,2.36342453956604
421.5,2.3628957271575928
421.6,2.368157148361206
421.70000000000005,2.3606960773468018
421.8,2.3605964183807373
421.90000000000003,2.360225200653076
422.0,2.3658242225646973
422.1,2.3704254627227783
422.20000000000005,2.3548061847686768
422.3,2.365767478942871
422.40000000000003,2.357879400253296
422.5,2.3513731956481934
422.6,2.356142520904541
422.70000000000005,2.357236862182617
422.8,2.368342161178589
422.90000000000003,2.3675951957702637
423.0,2.353825330734253
423.1,2.3716232776641846
423.20000000000005,2.359027147293091
423.3,2.351208448410034
423.40000000000003,2.3684165477752686
423.5,2.3701095581054688
423.6,2.37072491645813
423.70000000000005,2.3569297790527344
423.8,2.3641834259033203
423.90000000000003,2.362309217453003
424.0,2.3729615211486816
424.1,2.3431549072265625
424.20000000000005,2.348958969116211
424.3,2.355680465698242
424.40000000000003,2.3628079891204834
424.5,2.3672609329223633
424.6,2.3454465866088867
424.70000000000005,2.3548994064331055
424.8,2.3753442764282227
424.90000000000003,2.363942861557007
425.0,2.3674659729003906
425.1,2.372817039489746
425.20000000000005,2.3672432899475098
425.3,2.369070291519165
425.40000000000003,2.3688697814941406
425.5,2.3637821674346924
425.6,2.371243476867676
425.70000000000005,2.379754066467285
425.8,2.3692052364349365
425.90000000000003,2.3648810386657715
426.0,2.3670482635498047
426.1,2.3788645267486572
426.20000000000005,2.3557589054107666
426.3,2.3686270713806152
426.40000000000003,2.372304916381836
426.5,2.3545658588409424
426.6,2.359440803527832
426.70000000000005,2.3577144145965576
426.8,2.3644282817840576
426.90000000000003,2.3589131832122803
427.0,2.353757619857788
427.1,2.3699159622192383
427.20000000000005,2.358029842376709
427.3,2.3639354705810547
427.40000000000003,2.3639535903930664
427.5,2.372873544692993
427.6,2.3620636463165283
427.70000000000005,2.3678205013275146
427.8,2.356623888015747
427.90000000000003,2.3765571117401123
428.0,2.3686740398406982
428.1,2.3633828163146973
428.20000000000005,2.377634048461914
428.3,2.3579342365264893
428.40000000000003,2.366649627685547
428.5,2.3769099712371826
428.6,2.368070602416992
428.70000000000005,2.355205774307251
428.8,2.3681373596191406
428.90000000000003,2.3654253482818604
429.0,2.371035575866699
429.1,2.3730905055999756
429.20000000000005,2.3624181747436523
429.3,2.3670787811279297
429.40000000000003,2.3764829635620117
429.5,2.374520778656006
429.6,2.3721916675567627
429.70000000000005,2.364018201828003
429.8,2.3601956367492676
429.90000000000003,2.3762013912200928
430.0,2.3696229457855225
430.1,2.364497661590576
430.20000000000005,2.3708460330963135
430.3,2.3561935424804688
430.40000000000003,2.3717758655548096
430.5,2.377903699874878
430.6,2.385518789291382
430.70000000000005,2.3695521354675293
430.8,2.3690311908721924
430.90000000000003,2.372058153152466
431.0,2.3725290298461914
431.1,2.364705801010132
431.20000000000005,2.3773257732391357
431.3,2.372296094894409
431.40000000000003,2.382274866104126
431.5,2.352499008178711
431.6,2.3758766651153564
431.70000000000005,2.3834800720214844
431.8,2.3800060749053955
431.90000000000003,2.3766815662384033
432.0,2.3705902099609375
432.1,2.379237651824951
432.20000000000005,2.3717434406280518
432.3,2.3757333755493164
432.40000000000003,2.3827667236328125
432.5,2.3723361492156982
432.6,2.374462366104126
432.70000000000005,2.3791470527648926
432.8,2.375178575515747
432.90000000000003,2.3699493408203125
433.0,2.391414165496826
433.1,2.3783390522003174
433.20000000000005,2.3794491291046143
433.3,2.366441488265991
433.40000000000003,2.373305082321167
433.5,2.374521493911743
433.6,2.378976345062256
433.70000000000005,2.385770320892334
433.8,2.371070384979248
433.90000000000003,2.377195358276367
434.0,2.3794524669647217
434.1,2.3872017860412598
434.20000000000005,2.3858845233917236
434.3,2.3932197093963623
434.40000000000003,2.370722770690918
434.5,2.3774096965789795
434.6,2.3727457523345947
434.70000000000005,2.38136625289917
434.8,2.382112741470337
434.90000000000003,2.3838839530944824
435.0,2.3851478099823
435.1,2.374314785003662
435.20000000000005,2.3817923069000244
435.3,2.3930246829986572
435.40000000000003,2.3737943172454834
435.5,2.376378059387207
435.6,2.374544620513916
435.70000000000005,2.3785176277160645
435.8,2.3804426193237305
435.90000000000003,2.374131679534912
436.0,2.3794310092926025
436.1,2.3785462379455566
436.20000000000005,2.3752799034118652
436.3,2.380080223083496
436.40000000000003,2.3830344676971436
436.5,2.383831739425659
436.6,2.36769437789917
436.70000000000005,2.3807337284088135
436.8,2.3801019191741943
436.90000000000003,2.3858444690704346
437.0,2.381399393081665
437.1,2.3887994289398193
437.20000000000005,2.3814055919647217
437.3,2.3796298503875732
437.40000000000003,2.3810806274414062
437.5,2.3913931846618652
437.6,2.381831645965576
437.70000000000005,2.3935835361480713
437.8,2.3823130130767822
437.90000000000003,2.385659694671631
438.0,2.38573956489563
438.1,2.387882709503174
438.20000000000005,2.3728344440460205
438.3,2.368619680404663
438.40000000000003,2.384554862976074
438.5,2.3951070308685303
438.6,2.3900270462036133
438.70000000000005,2.374049663543701
438.8,2.38588285446167
438.90000000000003,2.3883206844329834
439.0,2.3772947788238525
439.1,2.3669188022613525
439.20000000000005,2.373440980911255
439.3,2.372457265853882
439.40000000000003,2.3855860233306885
439.5,2.3891563415527344
439.6,2.3772051334381104
439.70000000000005,2.3744170665740967
439.8,2.375845432281494
439.90000000000003,2.383193016052246
440.0,2.391629457473755
440.1,2.3821794986724854
440.20000000000005,2.396198272705078
440.3,2.392585039138794
440.40000000000003,2.3868520259857178
440.5,2.371199131011963
440.6,2.384145498275757
440.70000000000005,2.3874099254608154
440.8,2.377086877822876
440.90000000000003,2.39774489402771
441.0,2.392059326171875
441.1,2.3827857971191406
441.20000000000005,2.3839471340179443
441.3,2.3890812397003174
441.40000000000003,2.389096260070801
441.5,2.387186288833618
441.6,2.380411148071289
441.70000000000005,2.3846349716186523
441.8,2.3802521228790283
441.90000000000003,2.383997917175293
442.0,2.3921620845794678
442.1,2.383840322494507
442.20000000000005,2.387413740158081
442.3,2.3868050575256348
442.40000000000003,2.3834145069122314
442.5,2.3918111324310303
442.6,2.3792171478271484
442.70000000000005,2.3777527809143066
442.8,2.3884923458099365
442.90000000000003,2.3804917335510254
443.0,2.3866055011749268
443.1,2.400696277618408
443.20000000000005,2.3995625972747803
443.3,2.391578197479248
443.40000000000003,2.388495683670044
443.5,2.3902041912078857
443.6,2.378929853439331
443.70000000000005,2.3964202404022217
443.8,2.3858726024627686
443.90000000000003,2.3898465633392334
444.0,2.3800277709960938
444.1,2.4028453826904297
444.20000000000005,2.395009756088257
444.3,2.386120319366455
444.40000000000003,2.3802318572998047
444.5,2.3806910514831543
444.6,2.3749022483825684
444.70000000000005,2.380343437194824
444.8,2.400728940963745
444.90000000000003,2.401318073272705
445.0,2.3788130283355713
445.1,2.3906376361846924
445.20000000000005,2.3898770809173584
445.3,2.384955883026123
445.40000000000003,2.392500638961792
445.5,2.377397060394287
445.6,2.393838405609131
445.70000000000005,2.3878047466278076
445.8,2.3931124210357666
445.90000000000003,2.3989243507385254
446.0,2.3890955448150635
446.1,2.393247365951538
446.20000000000005,2.3891279697418213
446.3,2.3949363231658936
446.40000000000003,2.3890388011932373
446.5,2.383267879486084
446.6,2.3805582523345947
446.70000000000005,2.3827500343322754
446.8,2.394615888595581
446.90000000000003,2.387561559677124
447.0,2.3884034156799316
447.1,2.3848583698272705
447.20000000000005,2.3973636627197266
447.3,2.3971431255340576
447.40000000000003,2.369384765625
447.5,2.399129629135132
447.6,2.385763168334961
447.70000000000005,2.3861517906188965
447.8,2.3919754028320312
447.90000000000003,2.3853025436401367
448.0,2.4033381938934326
448.1,2.3961682319641113
448.20000000000005,2.375135898590088
448.3,2.394016981124878
448.40000000000003,2.3926939964294434
448.5,2.3868558406829834
448.6,2.375222682952881
448.70000000000005,2.3862345218658447
448.8,2.39583158493042
448.90000000000003,2.384758949279785
449.0,2.3851006031036377
449.1,2.3985111713409424
449.20000000000005,2.3990657329559326
449.3,2.393752336502075
449.40000000000003,2.3937265872955322
449.5,2.384658098220825
449.6,2.4085710048675537
449.70000000000005,2.3901193141937256
449.8,2.387521505355835
449.90000000000003,2.397217273712158
450.0,2.3980700969696045
450.1,2.3936028480529785
450.20000000000005,2.406845808029175
450.3,2.3860673904418945
450.40000000000003,2.395714521408081
450.5,2.3946666717529297
450.6,2.410618782043457
450.70000000000005,2.3873131275177
450.8,2.4022486209869385
450.90000000000003,2.392535448074341
451.0,2.4031553268432617
451.1,2.3885035514831543
451.20000000000005,2.3905324935913086
451.3,2.384061574935913
451.40000000000003,2.395780563354492
451.5,2.3953561782836914
451.6,2.3990237712860107
451.70000000000005,2.399291753768921
451.8,2.394249439239502
452.1,2.391643524169922
452.1,2.4008004665374756
452.1,2.3991851806640625
452.20000000000005,2.3988771438598633
452.3,2.3924448490142822
452.40000000000003,2.4040417671203613
452.5,2.3933401107788086
452.6,2.3963379859924316
452.70000000000005,2.3930490016937256
452.8,2.380490303039551
452.90000000000003,2.405242681503296
453.0,2.4001669883728027
453.1,2.400540590286255
453.20000000000005,2.4050116539001465
453.3,2.4072892665863037
453.40000000000003,2.4040966033935547
453.5,2.403623580932617
453.6,2.4005441665649414
453.70000000000005,2.4082751274108887
453.8,2.4039411544799805
453.90000000000003,2.399826765060425
454.0,2.404491424560547
454.1,2.3856663703918457
454.20000000000005,2.3910229206085205
454.3,2.401801824569702
454.40000000000003,2.405754804611206
454.5,2.398226261138916
454.6,2.3916449546813965
454.70000000000005,2.385200023651123
454.8,2.392824172973633
454.90000000000003,2.39725661277771
455.0,2.3828442096710205
455.1,2.3949480056762695
455.20000000000005,2.3935201168060303
455.3,2.4016497135162354
455.40000000000003,2.402822256088257
455.5,2.4003915786743164
455.6,2.397700786590576
455.70000000000005,2.3897781372070312
455.8,2.396439552307129
455.90000000000003,2.415191650390625
456.0,2.3908047676086426
456.1,2.404289960861206
456.20000000000005,2.4035305976867676
456.3,2.406276226043701
456.40000000000003,2.396399736404419
456.50000000000006,2.40494704246521
456.6,2.3995578289031982
456.70000000000005,2.3934738636016846
456.8,2.3967983722686768
456.90000000000003,2.4009485244750977
457.00000000000006,2.397245168685913
457.1,2.4047200679779053
457.20000000000005,2.398111343383789
457.3,2.389859914779663
457.40000000000003,2.4005978107452393
457.50000000000006,2.385955810546875
457.6,2.3966729640960693
457.70000000000005,2.4026997089385986
457.8,2.398761749267578
457.90000000000003,2.3867530822753906
458.00000000000006,2.405954122543335
458.1,2.4002225399017334
458.20000000000005,2.4078516960144043
458.3,2.4118361473083496
458.40000000000003,2.399719476699829
458.50000000000006,2.4019205570220947
458.6,2.404569149017334
458.70000000000005,2.408872127532959
458.8,2.3929851055145264
458.90000000000003,2.4171459674835205
459.00000000000006,2.4050099849700928
459.1,2.392455577850342
459.20000000000005,2.409684181213379
459.3,2.3998279571533203
459.40000000000003,2.4064836502075195
459.50000000000006,2.4065473079681396
459.6,2.419804811477661
459.70000000000005,2.3990988731384277
459.8,2.3999722003936768
459.90000000000003,2.412234306335449
460.00000000000006,2.4070868492126465
460.1,2.3995771408081055
460.20000000000005,2.408799409866333
460.3,2.404348850250244
460.40000000000003,2.40981125831604
460.50000000000006,2.4020943641662598
460.6,2.409959554672241
460.70000000000005,2.3966946601867676
460.8,2.4080607891082764
460.90000000000003,2.4033145904541016
461.00000000000006,2.3997864723205566
461.1,2.4114627838134766
461.20000000000005,2.400662422180176
461.3,2.4054927825927734
461.40000000000003,2.3787527084350586
461.50000000000006,2.4005866050720215
461.6,2.398076295852661
461.70000000000005,2.413426160812378
461.8,2.3915653228759766
461.90000000000003,2.4000566005706787
462.00000000000006,2.396885395050049
462.1,2.410158157348633
462.20000000000005,2.404733180999756
462.3,2.410655975341797
462.40000000000003,2.41621994972229
462.50000000000006,2.3978753089904785
462.6,2.3944857120513916
462.70000000000005,2.4132070541381836
462.8,2.4063286781311035
462.90000000000003,2.407010078430176
463.00000000000006,2.408780336380005
463.1,2.4040133953094482
463.20000000000005,2.409965753555298
463.3,2.407320261001587
463.40000000000003,2.410501718521118
463.50000000000006,2.411923885345459
463.6,2.412635326385498
463.70000000000005,2.4102377891540527
463.8,2.40669322013855
463.90000000000003,2.398726463317871
464.00000000000006,2.3955090045928955
464.1,2.405233860015869
464.20000000000005,2.4100208282470703
464.3,2.4111454486846924
464.40000000000003,2.414947748184204
464.50000000000006,2.402769088745117
464.6,2.4097752571105957
464.70000000000005,2.4167404174804688
464.8,2.4127917289733887
464.90000000000003,2.413243532180786
465.00000000000006,2.4077510833740234
465.1,2.405486822128296
465.20000000000005,2.411114454269409
465.3,2.410066843032837
465.40000000000003,2.3862662315368652
465.50000000000006,2.3951940536499023
465.6,2.4092347621917725
465.70000000000005,2.4105029106140137
465.8,2.4083197116851807
465.90000000000003,2.4091594219207764
466.00000000000006,2.4142813682556152
466.1,2.411177158355713
466.20000000000005,2.4200634956359863
466.3,2.4203598499298096
466.40000000000003,2.400148391723633
466.50000000000006,2.4020891189575195
466.6,2.4134316444396973
466.70000000000005,2.407572031021118
466.8,2.420879364013672
466.90000000000003,2.415830612182617
467.00000000000006,2.4219303131103516
467.1,2.4148736000061035
467.20000000000005,2.4088640213012695
467.3,2.4063751697540283
467.40000000000003,2.4095425605773926
467.50000000000006,2.404616117477417
467.6,2.410677194595337
467.70000000000005,2.4034130573272705
467.8,2.4122235774993896
467.90000000000003,2.4067270755767822
468.00000000000006,2.4167723655700684
468.1,2.4052774906158447
468.20000000000005,2.412897825241089
468.3,2.415893793106079
468.40000000000003,2.4234092235565186
468.50000000000006,2.4119741916656494
468.6,2.4227726459503174
468.70000000000005,2.404550075531006
468.8,2.4103455543518066
468.90000000000003,2.4070112705230713
469.00000000000006,2.4058237075805664
469.1,2.412214517593384
469.20000000000005,2.4136910438537598
469.3,2.4102134704589844
469.40000000000003,2.4223005771636963
469.50000000000006,2.4096109867095947
469.6,2.4109089374542236
469.70000000000005,2.411304235458374
469.8,2.4154763221740723
469.90000000000003,2.420476198196411
470.00000000000006,2.4048211574554443
470.1,2.4138481616973877
470.20000000000005,2.4218332767486572
470.3,2.4085912704467773
470.40000000000003,2.4066672325134277
470.50000000000006,2.408576488494873
470.6,2.4179179668426514
470.70000000000005,2.4161903858184814
470.8,2.4080636501312256
470.90000000000003,2.4218406677246094
471.00000000000006,2.407057523727417
471.1,2.4229588508605957
471.20000000000005,2.403529405593872
471.3,2.406083822250366
471.40000000000003,2.413011312484741
471.50000000000006,2.422213077545166
471.6,2.424834966659546
471.70000000000005,2.4237639904022217
471.8,2.393862009048462
471.90000000000003,2.41748309135437
472.00000000000006,2.3967173099517822
472.1,2.410214900970459
472.20000000000005,2.4249556064605713
472.3,2.4200422763824463
472.40000000000003,2.4294121265411377
472.50000000000006,2.4079713821411133
472.6,2.4060864448547363
472.70000000000005,2.417860746383667
472.8,2.4186244010925293
472.90000000000003,2.42146635055542
473.00000000000006,2.4134819507598877
473.1,2.4166007041931152
473.20000000000005,2.413947820663452
473.3,2.4301650524139404
473.40000000000003,2.4209842681884766
473.50000000000006,2.4210896492004395
473.6,2.4204373359680176
473.70000000000005,2.4321038722991943
473.8,2.423435688018799
473.90000000000003,2.4177846908569336
474.00000000000006,2.4146571159362793
474.1,2.419872522354126
474.20000000000005,2.414060592651367
474.3,2.416555166244507
474.40000000000003,2.4245266914367676
474.50000000000006,2.409005880355835
474.6,2.4149186611175537
474.70000000000005,2.4187662601470947
474.8,2.4216887950897217
474.90000000000003,2.424553155899048
475.00000000000006,2.3973002433776855
475.1,2.4249494075775146
475.20000000000005,2.4092469215393066
475.3,2.415419101715088
475.40000000000003,2.4105048179626465
475.50000000000006,2.4220733642578125
475.6,2.4159300327301025
475.70000000000005,2.4094691276550293
475.8,2.420154571533203
475.90000000000003,2.4181666374206543
476.00000000000006,2.418462038040161
476.1,2.4233334064483643
476.20000000000005,2.41555118560791
476.3,2.406634569168091
476.40000000000003,2.4138126373291016
476.50000000000006,2.41456937789917
476.6,2.4243173599243164
476.70000000000005,2.4223875999450684
476.8,2.4152259826660156
476.90000000000003,2.4270923137664795
477.00000000000006,2.422489643096924
477.1,2.425415515899658
477.20000000000005,2.4237399101257324
477.3,2.420785427093506
477.40000000000003,2.426867961883545
477.50000000000006,2.412665367126465
477.6,2.417529582977295
477.70000000000005,2.4162635803222656
477.8,2.436288595199585
477.90000000000003,2.4177918434143066
478.00000000000006,2.4216995239257812
478.1,2.4185538291931152
478.20000000000005,2.424304962158203
478.3,2.4267125129699707
478.40000000000003,2.413609027862549
478.50000000000006,2.4051883220672607
478.6,2.422497510910034
478.70000000000005,2.4167978763580322
478.8,2.424567222595215
478.90000000000003,2.4228758811950684
479.00000000000006,2.4078478813171387
479.1,2.4233663082122803
479.20000000000005,2.416950225830078
479.3,2.4231200218200684
479.40000000000003,2.420915365219116
479.50000000000006,2.4216458797454834
479.6,2.429173469543457
479.70000000000005,2.417297124862671
479.8,2.429720878601074
479.90000000000003,2.4115183353424072
480.00000000000006,2.4314873218536377
480.1,2.4194679260253906
480.20000000000005,2.418816566467285
480.3,2.4151880741119385
480.40000000000003,2.409770965576172
480.50000000000006,2.4160125255584717
480.6,2.426726818084717
480.70000000000005,2.4138405323028564
480.8,2.4255199432373047
480.90000000000003,2.4226837158203125
481.00000000000006,2.430511236190796
481.1,2.427103042602539
481.20000000000005,2.4280285835266113
481.3,2.424179792404175
481.40000000000003,2.412184953689575
481.50000000000006,2.4186952114105225
481.6,2.425136089324951
481.70000000000005,2.4139885902404785
481.8,2.421215057373047
481.90000000000003,2.415980577468872
482.00000000000006,2.410419225692749
482.1,2.4118850231170654
482.20000000000005,2.4187066555023193
482.3,2.4302563667297363
482.40000000000003,2.4206340312957764
482.50000000000006,2.427616596221924
482.6,2.4241421222686768
482.70000000000005,2.4143245220184326
482.8,2.4229300022125244
482.90000000000003,2.4218976497650146
483.00000000000006,2.4243056774139404
483.1,2.431270122528076
483.20000000000005,2.4177844524383545
483.3,2.438364028930664
483.40000000000003,2.420663595199585
483.50000000000006,2.4331226348876953
483.6,2.420982837677002
483.70000000000005,2.423079013824463
483.8,2.437483549118042
483.90000000000003,2.4309937953948975
484.00000000000006,2.4244391918182373
484.1,2.429431676864624
484.20000000000005,2.426975965499878
484.3,2.427338123321533
484.40000000000003,2.4152722358703613
484.50000000000006,2.4292705059051514
484.6,2.4305343627929688
484.70000000000005,2.4275004863739014
484.8,2.4232943058013916
484.90000000000003,2.425771951675415
485.00000000000006,2.424206018447876
485.1,2.424877166748047
485.20000000000005,2.4360480308532715
485.3,2.4249048233032227
485.40000000000003,2.4288854598999023
485.50000000000006,2.4231114387512207
485.6,2.4309611320495605
485.70000000000005,2.4301791191101074
485.8,2.4279944896698
485.90000000000003,2.4203364849090576
486.00000000000006,2.4238438606262207
486.1,2.4222798347473145
486.20000000000005,2.4223544597625732
486.3,2.435720920562744
486.40000000000003,2.4252967834472656
486.50000000000006,2.4220447540283203
486.6,2.4306061267852783
486.70000000000005,2.4401144981384277
486.8,2.4330570697784424
486.90000000000003,2.4325881004333496
487.00000000000006,2.4315242767333984
487.1,2.4169371128082275
487.20000000000005,2.434429883956909
487.3,2.4156548976898193
487.40000000000003,2.425337314605713
487.50000000000006,2.42167592048645
487.6,2.4268476963043213
487.70000000000005,2.4272408485412598
487.8,2.430330991744995
487.90000000000003,2.4395503997802734
488.00000000000006,2.4284827709198
488.1,2.4239301681518555
488.20000000000005,2.4298808574676514
488.3,2.4206326007843018
488.40000000000003,2.4281930923461914
488.50000000000006,2.424633264541626
488.6,2.4388999938964844
488.70000000000005,2.4060614109039307
488.8,2.4293832778930664
488.90000000000003,2.4209673404693604
489.00000000000006,2.425260543823242
489.1,2.430858850479126
489.20000000000005,2.4393606185913086
489.3,2.4225504398345947
489.40000000000003,2.4249796867370605
489.50000000000006,2.412930488586426
489.6,2.423450469970703
489.70000000000005,2.4254133701324463
489.8,2.4286727905273438
489.90000000000003,2.414975881576538
490.00000000000006,2.4199652671813965
490.1,2.425532341003418
490.20000000000005,2.4429452419281006
490.3,2.428426742553711
490.40000000000003,2.4257140159606934
490.50000000000006,2.4302170276641846
490.6,2.431436061859131
490.70000000000005,2.434962749481201
490.8,2.4223520755767822
490.90000000000003,2.429382801055908
491.00000000000006,2.421867847442627
491.1,2.435152769088745
491.20000000000005,2.4285218715667725
491.3,2.4314897060394287
491.40000000000003,2.42081618309021
491.50000000000006,2.432363748550415
491.6,2.4364616870880127
491.70000000000005,2.418372392654419
491.8,2.4187324047088623
491.90000000000003,2.4459996223449707
492.00000000000006,2.4297380447387695
492.1,2.4366507530212402
492.20000000000005,2.419978618621826
492.3,2.434957504272461
492.40000000000003,2.430222511291504
492.50000000000006,2.4392189979553223
492.6,2.423034906387329
492.70000000000005,2.427598237991333
492.8,2.425931453704834
492.90000000000003,2.4235663414001465
493.00000000000006,2.421262264251709
493.1,2.4347012042999268
493.20000000000005,2.434382677078247
493.3,2.442443609237671
493.40000000000003,2.43752121925354
493.50000000000006,2.4361767768859863
493.6,2.4412803649902344
493.70000000000005,2.43581485748291
493.8,2.429971694946289
493.90000000000003,2.434410572052002
494.00000000000006,2.42268705368042
494.1,2.4257407188415527
494.20000000000005,2.4424426555633545
494.3,2.4258852005004883
494.40000000000003,2.436250686645508
494.50000000000006,2.436052083969116
494.6,2.4389007091522217
494.70000000000005,2.4361326694488525
494.8,2.438170909881592
494.90000000000003,2.433051824569702
495.00000000000006,2.441762685775757
495.1,2.42726731300354
495.20000000000005,2.417884349822998
495.3,2.428008794784546
495.40000000000003,2.4237232208251953
495.50000000000006,2.433051109313965
495.6,2.4364829063415527
495.70000000000005,2.4331860542297363
495.8,2.432215929031372
495.90000000000003,2.4383606910705566
496.00000000000006,2.4378786087036133
496.1,2.430166721343994
496.20000000000005,2.4349067211151123
496.3,2.426328659057617
496.40000000000003,2.430016279220581
496.50000000000006,2.4337337017059326
496.6,2.4400126934051514
496.70000000000005,2.430727243423462
496.8,2.432349443435669
496.90000000000003,2.4242141246795654
497.00000000000006,2.433236598968506
497.1,2.425673484802246
497.20000000000005,2.438952684402466
497.3,2.431519031524658
497.40000000000003,2.4376072883605957
497.50000000000006,2.442326545715332
497.6,2.4417405128479004
497.70000000000005,2.4388442039489746
497.8,2.428164005279541
497.90000000000003,2.4308204650878906
498.00000000000006,2.4283554553985596
498.1,2.4337449073791504
498.20000000000005,2.4264581203460693
498.3,2.445584535598755
498.40000000000003,2.4194140434265137
498.50000000000006,2.4429287910461426
498.6,2.4304397106170654
498.70000000000005,2.4345009326934814
498.8,2.426790237426758
498.90000000000003,2.4492998123168945
499.00000000000006,2.441098928451538
499.1,2.4366438388824463
499.20000000000005,2.448814868927002
499.3,2.4167003631591797
499.40000000000003,2.444838523864746
499.50000000000006,2.428257942199707
499.6,2.4358580112457275
499.70000000000005,2.4367969036102295
499.8,2.430109977722168
499.90000000000003,2.429265260696411
500.00000000000006,2.4490623474121094
500.1,2.4416537284851074
500.20000000000005,2.4321956634521484
500.3,2.4199132919311523
500.40000000000003,2.437976598739624
500.50000000000006,2.441025972366333
500.6,2.435175657272339
500.70000000000005,2.446035861968994
500.8,2.422111988067627
500.90000000000003,2.4466071128845215
501.00000000000006,2.4467105865478516
501.1,2.4293317794799805
501.20000000000005,2.4534308910369873
501.3,2.440046787261963
501.40000000000003,2.440136194229126
501.50000000000006,2.4381167888641357
501.6,2.441603422164917
501.70000000000005,2.433332681655884
501.8,2.446094036102295
501.90000000000003,2.446493625640869
502.00000000000006,2.4309580326080322
502.1,2.439008951187134
502.20000000000005,2.43399977684021
502.3,2.429215908050537
502.40000000000003,2.4493136405944824
502.50000000000006,2.432072639465332
502.6,2.4251532554626465
502.70000000000005,2.4336750507354736
502.8,2.443934440612793
502.90000000000003,2.4369211196899414
503.00000000000006,2.451746702194214
503.1,2.432088613510132
503.20000000000005,2.4518685340881348
503.3,2.44352388381958
503.40000000000003,2.4410932064056396
503.50000000000006,2.4441184997558594
503.6,2.436938524246216
503.70000000000005,2.439260482788086
503.8,2.4414138793945312
503.90000000000003,2.439979076385498
504.00000000000006,2.4343314170837402
504.1,2.4403514862060547
504.20000000000005,2.445549726486206
504.3,2.4359447956085205
504.40000000000003,2.4359357357025146
504.50000000000006,2.4317312240600586
504.6,2.433983087539673
504.70000000000005,2.4378583431243896
504.8,2.4510483741760254
504.90000000000003,2.428936719894409
505.00000000000006,2.4354560375213623
505.1,2.43345046043396
505.20000000000005,2.448023796081543
505.3,2.427192211151123
505.40000000000003,2.4412217140197754
505.50000000000006,2.4298088550567627
505.6,2.434689998626709
505.70000000000005,2.435854196548462
505.8,2.451394557952881
505.90000000000003,2.4208364486694336
506.00000000000006,2.4333229064941406
506.1,2.4303276538848877
506.20000000000005,2.4400482177734375
506.3,2.451632022857666
506.40000000000003,2.4391491413116455
506.50000000000006,2.4331390857696533
506.6,2.449111223220825
506.70000000000005,2.447338342666626
506.8,2.4430980682373047
506.90000000000003,2.4441561698913574
507.00000000000006,2.442906379699707
507.1,2.4519660472869873
507.20000000000005,2.452799081802368
507.3,2.4352996349334717
507.40000000000003,2.4419448375701904
507.50000000000006,2.44317626953125
507.6,2.4429972171783447
507.70000000000005,2.422574996948242
507.8,2.4415650367736816
507.90000000000003,2.4344992637634277
508.00000000000006,2.446202039718628
508.1,2.4404523372650146
508.20000000000005,2.4333691596984863
508.3,2.4442155361175537
508.40000000000003,2.442586898803711
508.50000000000006,2.4359471797943115
508.6,2.4472692012786865
508.70000000000005,2.442366123199463
508.8,2.43457293510437
508.90000000000003,2.4399912357330322
509.00000000000006,2.437976360321045
509.1,2.4521615505218506
509.20000000000005,2.4446141719818115
509.3,2.4452638626098633
509.40000000000003,2.4453303813934326
509.50000000000006,2.4399404525756836
509.6,2.4464759826660156
509.70000000000005,2.436662197113037
509.8,2.4460391998291016
509.90000000000003,2.4353346824645996
510.00000000000006,2.442883014678955
510.1,2.438039779663086
510.20000000000005,2.4519264698028564
510.3,2.4420149326324463
510.40000000000003,2.4330363273620605
510.50000000000006,2.445310354232788
510.6,2.443760871887207
510.70000000000005,2.438964605331421
510.8,2.4346463680267334
510.90000000000003,2.4526162147521973
511.00000000000006,2.4337244033813477
511.1,2.4351511001586914
511.20000000000005,2.4436841011047363
511.3,2.446052074432373
511.40000000000003,2.4288480281829834
511.50000000000006,2.4441769123077393
511.6,2.4412760734558105
511.70000000000005,2.4350035190582275
511.8,2.4349663257598877
511.90000000000003,2.4465761184692383
512.0,2.4453346729278564
512.1,2.431758165359497
512.2,2.455432176589966
512.3000000000001,2.4463565349578857
512.4,2.4311649799346924
512.5,2.439279317855835
512.6,2.4475529193878174
512.7,2.4496307373046875
512.8000000000001,2.440303325653076
512.9,2.440749406814575
513.0,2.4321930408477783
513.1,2.450861930847168
513.2,2.4451794624328613
513.3000000000001,2.428609609603882
513.4,2.448819875717163
513.5,2.4362804889678955
513.6,2.433171510696411
513.7,2.4379281997680664
513.8000000000001,2.4405674934387207
513.9,2.4398341178894043
514.0,2.445342779159546
514.1,2.434948444366455
514.2,2.4474310874938965
514.3000000000001,2.439269781112671
514.4,2.4396274089813232
514.5,2.4514682292938232
514.6,2.442780017852783
514.7,2.435771942138672
514.8000000000001,2.4461727142333984
514.9,2.424912214279175
515.0,2.4506986141204834
515.1,2.4423298835754395
515.2,2.4354653358459473
515.3000000000001,2.4417495727539062
515.4,2.4522342681884766
515.5,2.4438765048980713
515.6,2.4581804275512695
515.7,2.4531545639038086
515.8000000000001,2.448812246322632
515.9,2.4522228240966797
516.0,2.437826633453369
516.1,2.4483635425567627
516.2,2.4365999698638916
516.3000000000001,2.439706563949585
516.4,2.446413278579712
516.5,2.452986001968384
516.6,2.437061309814453
516.7,2.445892810821533
516.8000000000001,2.442408561706543
516.9,2.447645425796509
517.0,2.4562270641326904
517.1,2.430340528488159
517.2,2.439143419265747
517.3000000000001,2.4432871341705322
517.4,2.434849739074707
517.5,2.4570212364196777
517.6,2.4556827545166016
517.7,2.4436631202697754
517.8000000000001,2.435215711593628
517.9,2.4352810382843018
518.0,2.4337921142578125
518.1,2.4278852939605713
518.2,2.4467051029205322
518.3000000000001,2.4348158836364746
518.4,2.4332265853881836
518.5,2.4414405822753906
518.6,2.443877935409546
518.7,2.4449687004089355
518.8000000000001,2.446636199951172
518.9,2.4516148567199707
519.0,2.4421916007995605
519.1,2.4468438625335693
519.2,2.438826084136963
519.3000000000001,2.4465909004211426
519.4,2.449371099472046
519.5,2.445643424987793
519.6,2.457247734069824
519.7,2.445951223373413
519.8000000000001,2.4470603466033936
519.9,2.4324920177459717
520.0,2.4384913444519043
520.1,2.4363486766815186
520.2,2.4347853660583496
520.3000000000001,2.447141170501709
520.4,2.4478437900543213
520.5,2.4453067779541016
520.6,2.441850185394287
520.7,2.4492692947387695
520.8000000000001,2.4478611946105957
520.9,2.4467244148254395
521.0,2.4569759368896484
521.1,2.443720817565918
521.2,2.436979055404663
521.3000000000001,2.444140672683716
521.4,2.440351724624634
521.5,2.431422710418701
521.6,2.454310417175293
521.7,2.442052125930786
521.8000000000001,2.445819139480591
521.9,2.444713830947876
522.0,2.4452641010284424
522.1,2.4417269229888916
522.2,2.4530019760131836
522.3000000000001,2.447904348373413
522.4,2.4332363605499268
522.5,2.445669651031494
522.6,2.444162130355835
522.7,2.4457433223724365
522.8000000000001,2.4388089179992676
522.9,2.4434053897857666
523.0,2.4421393871307373
523.1,2.450667381286621
523.2,2.423434019088745
523.3000000000001,2.4427649974823
523.4,2.4545867443084717
523.5,2.449108600616455
523.6,2.440556764602661
523.7,2.4525465965270996
523.8000000000001,2.4425392150878906
523.9,2.442986488342285
524.0,2.446871757507324
524.1,2.4424333572387695
524.2,2.4504294395446777
524.3000000000001,2.4489336013793945
524.4,2.452596664428711
524.5,2.4480719566345215
524.6,2.4529857635498047
524.7,2.4444921016693115
524.8000000000001,2.4487338066101074
524.9,2.4504740238189697
525.0,2.455808162689209
525.1,2.4465677738189697
525.2,2.443429708480835
525.3000000000001,2.4537131786346436
525.4,2.451338529586792
525.5,2.4579262733459473
525.6,2.4570367336273193
525.7,2.449193239212036
525.8000000000001,2.43799090385437
525.9,2.44181752204895
526.0,2.4504711627960205
526.1,2.4575085639953613
526.2,2.448483467102051
526.3000000000001,2.446906328201294
526.4,2.4533400535583496
526.5,2.453010082244873
526.6,2.4496560096740723
526.7,2.442861795425415
526.8000000000001,2.439072847366333
526.9,2.4521031379699707
527.0,2.45184588432312
527.1,2.442517042160034
527.2,2.453604221343994
527.3000000000001,2.442173480987549
527.4,2.443601369857788
527.5,2.4554176330566406
527.6,2.4435126781463623
527.7,2.45536470413208
527.8000000000001,2.4502291679382324
527.9,2.4520440101623535
528.0,2.4501054286956787
528.1,2.4458119869232178
528.2,2.4541099071502686
528.3000000000001,2.4588913917541504
528.4,2.449711561203003
528.5,2.4538493156433105
528.6,2.4471077919006348
528.7,2.4567408561706543
528.8000000000001,2.463628053665161
528.9,2.4435343742370605
529.0,2.45621657371521
529.1,2.435793876647949
529.2,2.4442219734191895
529.3000000000001,2.4342339038848877
529.4,2.4478602409362793
529.5,2.4569549560546875
529.6,2.445960283279419
529.7,2.447622776031494
529.8000000000001,2.459071397781372
529.9,2.4359869956970215
530.0,2.4459068775177
530.1,2.4497926235198975
530.2,2.45740008354187
530.3000000000001,2.4387571811676025
530.4,2.4586246013641357
530.5,2.451019048690796
530.6,2.4576282501220703
530.7,2.4475808143615723
530.8000000000001,2.442713737487793
530.9,2.4446206092834473
531.0,2.449659585952759
531.1,2.4658143520355225
531.2,2.4534435272216797
531.3000000000001,2.4388484954833984
531.4,2.4516360759735107
531.5,2.4552690982818604
531.6,2.4455113410949707
531.7,2.4555962085723877
531.8000000000001,2.441077470779419
531.9,2.444915771484375
532.0,2.442578077316284
532.1,2.445208787918091
532.2,2.4517369270324707
532.3000000000001,2.443653106689453
532.4,2.4537088871002197
532.5,2.4546377658843994
532.6,2.451932430267334
532.7,2.4512786865234375
532.8000000000001,2.4572043418884277
532.9,2.426370620727539
533.0,2.4529285430908203
533.1,2.4437811374664307
533.2,2.449371576309204
533.3000000000001,2.4518561363220215
533.4,2.455275297164917
533.5,2.430915594100952
533.6,2.4511282444000244
533.7,2.4516096115112305
533.8000000000001,2.4576144218444824
533.9,2.457298994064331
534.0,2.4345176219940186
534.1,2.440253973007202
534.2,2.4555704593658447
534.3000000000001,2.444220542907715
534.4,2.449237823486328
534.5,2.4500975608825684
534.6,2.4482078552246094
534.7,2.450453042984009
534.8000000000001,2.456984519958496
534.9,2.4566314220428467
535.0,2.4594709873199463
535.1,2.4520151615142822
535.2,2.449207067489624
535.3000000000001,2.4709534645080566
535.4,2.453575372695923
535.5,2.445225238800049
535.6,2.4584133625030518
535.7,2.4531822204589844
535.8000000000001,2.452385187149048
535.9,2.4540789127349854
536.0,2.4416537284851074
536.1,2.4492621421813965
536.2,2.440343141555786
536.3000000000001,2.457705020904541
536.4,2.4505441188812256
536.5,2.435854911804199
536.6,2.449470043182373
536.7,2.4469316005706787
536.8000000000001,2.4570436477661133
536.9,2.452237844467163
537.0,2.4563140869140625
537.1,2.4599063396453857
537.2,2.446465015411377
537.3000000000001,2.449835777282715
537.4,2.4445531368255615
537.5,2.460050344467163
537.6,2.4533565044403076
537.7,2.4494903087615967
537.8000000000001,2.4521515369415283
537.9,2.4553611278533936
538.0,2.458209276199341
538.1,2.4619176387786865
538.2,2.441488027572632
538.3000000000001,2.4514737129211426
538.4,2.4568979740142822
538.5,2.4363596439361572
538.6,2.4485509395599365
538.7,2.4483048915863037
538.8000000000001,2.455432653427124
538.9,2.4511659145355225
539.0,2.45220685005188
539.1,2.451162815093994
539.2,2.451237440109253
539.3000000000001,2.4480299949645996
539.4,2.4560210704803467
539.5,2.4524333477020264
539.6,2.4336557388305664
539.7,2.4639341831207275
539.8000000000001,2.4441912174224854
539.9,2.438310146331787
540.0,2.437160015106201
540.1,2.4492194652557373
540.2,2.459371328353882
540.3000000000001,2.4363996982574463
540.4,2.443298816680908
540.5,2.441333055496216
540.6,2.465348958969116
540.7,2.448323965072632
540.8000000000001,2.4485721588134766
540.9,2.451683759689331
541.0,2.4601500034332275
541.1,2.4549367427825928
541.2,2.4527430534362793
541.3000000000001,2.4576187133789062
541.4,2.4541056156158447
541.5,2.4535930156707764
541.6,2.451195240020752
541.7,2.4476985931396484
541.8000000000001,2.445253372192383
541.9,2.464808225631714
542.0,2.457612991333008
542.1,2.4547066688537598
542.2,2.4464361667633057
542.3000000000001,2.449439764022827
542.4,2.4538466930389404
542.5,2.4567463397979736
542.6,2.448073625564575
542.7,2.457879066467285
542.8000000000001,2.446169853210449
542.9,2.4626505374908447
543.0,2.4542016983032227
543.1,2.4545295238494873
543.2,2.4363186359405518
543.3000000000001,2.437141180038452
543.4,2.448763847351074
543.5,2.4562740325927734
543.6,2.4266197681427
543.7,2.4419071674346924
543.8000000000001,2.4553945064544678
543.9,2.4545297622680664
544.0,2.45200514793396
544.1,2.441500663757324
544.2,2.4449970722198486
544.3000000000001,2.452024459838867
544.4,2.452777147293091
544.5,2.4570083618164062
544.6,2.4496021270751953
544.7,2.4426283836364746
544.8000000000001,2.4602105617523193
544.9,2.4523634910583496
545.0,2.4530210494995117
545.1,2.4567818641662598
545.2,2.4589498043060303
545.3000000000001,2.4598240852355957
545.4,2.439112901687622
545.5,2.455085277557373
545.6,2.4454495906829834
545.7,2.465740442276001
545.8000000000001,2.4405252933502197
545.9,2.4405126571655273
546.0,2.4521212577819824
546.1,2.4556312561035156
546.2,2.460728168487549
546.3000000000001,2.456174373626709
546.4,2.448442220687866
546.5,2.4554145336151123
546.6,2.460702657699585
546.7,2.4485580921173096
546.8000000000001,2.4632647037506104
546.9,2.453697443008423
547.0,2.4474613666534424
547.1,2.4458746910095215
547.2,2.4279727935791016
547.3000000000001,2.4443111419677734
547.4,2.4404296875
547.5,2.461186647415161
547.6,2.4548325538635254
547.7,2.4507179260253906
547.8000000000001,2.44576358795166
547.9000000000001,2.4454798698425293
548.0,2.448953866958618
548.1,2.4453392028808594
548.2,2.4499917030334473
548.3000000000001,2.456472396850586
548.4000000000001,2.4636318683624268
548.5,2.4643585681915283
548.6,2.452648162841797
548.7,2.4516348838806152
548.8000000000001,2.4533560276031494
548.9000000000001,2.4575541019439697
549.0,2.438777208328247
549.1,2.4600419998168945
549.2,2.43891978263855
549.3000000000001,2.452590227127075
549.4000000000001,2.446439743041992
549.5,2.4659125804901123
549.6,2.459151268005371
549.7,2.446913003921509
549.8000000000001,2.456559419631958
549.9000000000001,2.454890489578247
550.0,2.452085256576538
550.1,2.453946590423584
550.2,2.4469313621520996
550.3000000000001,2.4453682899475098
550.4000000000001,2.4493660926818848
550.5,2.45479416847229
550.6,2.458637237548828
550.7,2.4547226428985596
550.8000000000001,2.4463069438934326
550.9000000000001,2.444916009902954
551.0,2.4517948627471924
551.1,2.4501285552978516
551.2,2.449913740158081
551.3000000000001,2.4579966068267822
551.4000000000001,2.459981679916382
551.5,2.4482808113098145
551.6,2.459994316101074
551.7,2.460360050201416
551.8000000000001,2.4447174072265625
551.9000000000001,2.4583740234375
552.0,2.433091878890991
552.1,2.450259208679199
552.2,2.4569780826568604
552.3000000000001,2.4477624893188477
552.4000000000001,2.4602346420288086
552.5,2.4590187072753906
552.6,2.4406304359436035
552.7,2.461632490158081
552.8000000000001,2.4619507789611816
552.9000000000001,2.437579393386841
553.0,2.441871404647827
553.1,2.444390296936035
553.2,2.4545962810516357
553.3000000000001,2.4539432525634766
553.4000000000001,2.4480936527252197
553.5,2.4560892581939697
553.6,2.4548909664154053
553.7,2.4574410915374756
553.8000000000001,2.449664354324341
553.9000000000001,2.4600136280059814
554.0,2.4569520950317383
554.1,2.457576274871826
554.2,2.4484777450561523
554.3000000000001,2.4527344703674316
554.4000000000001,2.445880651473999
554.5,2.440457582473755
554.6,2.4450225830078125
554.7,2.455282688140869
554.8000000000001,2.4512503147125244
554.9000000000001,2.4394969940185547
555.0,2.4569661617279053
555.1,2.452359437942505
555.2,2.459503173828125
555.3000000000001,2.44820499420166
555.4000000000001,2.4540982246398926
555.5,2.434908866882324
555.6,2.4489214420318604
555.7,2.4519693851470947
555.8000000000001,2.4551143646240234
555.9000000000001,2.45792818069458
556.0,2.466223955154419
556.1,2.447021245956421
556.2,2.447373151779175
556.3000000000001,2.4576075077056885
556.4000000000001,2.448747158050537
556.5,2.445080041885376
556.6,2.450209379196167
556.7,2.459622859954834
556.8000000000001,2.441244125366211
556.9000000000001,2.4334042072296143
557.0,2.453516721725464
557.1,2.4488422870635986
557.2,2.454214096069336
557.3000000000001,2.442462205886841
557.4000000000001,2.4586782455444336
557.5,2.4555466175079346
557.6,2.4523258209228516
557.7,2.449232578277588
557.8000000000001,2.455373764038086
557.9000000000001,2.4691295623779297
558.0,2.4551687240600586
558.1,2.450075626373291
558.2,2.460696220397949
558.3000000000001,2.451556921005249
558.4000000000001,2.4623007774353027
558.5,2.4517157077789307
558.6,2.454129695892334
558.7,2.4490389823913574
558.8000000000001,2.4433741569519043
558.9000000000001,2.4567785263061523
559.0,2.4538443088531494
559.1,2.4490675926208496
559.2,2.4392528533935547
559.3000000000001,2.448303461074829
559.4000000000001,2.448446273803711
559.5,2.457836627960205
559.6,2.4552252292633057
559.7,2.443518877029419
559.8000000000001,2.4463601112365723
559.9000000000001,2.453263521194458
560.0,2.450587034225464
560.1,2.4649171829223633
560.2,2.441304922103882
560.3000000000001,2.4589955806732178
560.4000000000001,2.4519786834716797
560.5,2.4408798217773438
560.6,2.4389541149139404
560.7,2.458061456680298
560.8000000000001,2.4509243965148926
560.9000000000001,2.452523708343506
561.0,2.447624444961548
561.1,2.452615261077881
561.2,2.436201810836792
561.3000000000001,2.456754684448242
561.4000000000001,2.4542689323425293
561.5,2.4522576332092285
561.6,2.4554178714752197
561.7,2.4568967819213867
561.8000000000001,2.458493709564209
561.9000000000001,2.4560511112213135
562.0,2.4480254650115967
562.1,2.4555890560150146
562.2,2.4515817165374756
562.3000000000001,2.440124273300171
562.4000000000001,2.4632930755615234
562.5,2.4567956924438477
562.6,2.446206569671631
562.7,2.453617572784424
562.8000000000001,2.4486629962921143
562.9000000000001,2.4586875438690186
563.0,2.466154098510742
563.1,2.4606261253356934
563.2,2.4527595043182373
563.3000000000001,2.4498512744903564
563.4000000000001,2.447425127029419
563.5,2.456482410430908
563.6,2.4424948692321777
563.7,2.461740493774414
563.8000000000001,2.460777997970581
563.9000000000001,2.4422104358673096
564.0,2.4655821323394775
564.1,2.4664876461029053
564.2,2.4578542709350586
564.3000000000001,2.4507522583007812
564.4000000000001,2.454418182373047
564.5,2.4496283531188965
564.6,2.455942392349243
564.7,2.457780361175537
564.8000000000001,2.4508399963378906
564.9000000000001,2.4600775241851807
565.0,2.4510538578033447
565.1,2.450956106185913
565.2,2.444509744644165
565.3000000000001,2.4435043334960938
565.4000000000001,2.461933135986328
565.5,2.447113275527954
565.6,2.446394920349121
565.7,2.4524717330932617
565.8000000000001,2.4382946491241455
565.9000000000001,2.4597771167755127
566.0,2.4510974884033203
566.1,2.4510433673858643
566.2,2.453674793243408
566.3000000000001,2.455744981765747
566.4000000000001,2.4505503177642822
566.5,2.4491100311279297
566.6,2.4489924907684326
566.7,2.461331844329834
566.8000000000001,2.4622700214385986
566.9000000000001,2.441494941711426
567.0,2.4517884254455566
567.1,2.4490740299224854
567.2,2.4362080097198486
567.3000000000001,2.4554007053375244
567.4000000000001,2.455453872680664
567.5,2.45438551902771
567.6,2.4577834606170654
567.7,2.4565038681030273
567.8000000000001,2.454768180847168
567.9000000000001,2.4505982398986816
568.0,2.4533557891845703
568.1,2.454160451889038
568.2,2.450234889984131
568.3000000000001,2.449024200439453
568.4000000000001,2.436784267425537
568.5,2.4490609169006348
568.6,2.449558734893799
568.7,2.4452977180480957
568.8000000000001,2.4432148933410645
568.9000000000001,2.4460859298706055
569.0,2.4604456424713135
569.1,2.451694965362549
569.2,2.454392194747925
569.3000000000001,2.4557454586029053
569.4000000000001,2.4562149047851562
569.5,2.4408552646636963
569.6,2.4480819702148438
569.7,2.448359966278076
569.8000000000001,2.4653429985046387
569.9000000000001,2.443182945251465
570.0,2.453279972076416
570.1,2.4440248012542725
570.2,2.453176736831665
570.3000000000001,2.4416286945343018
570.4000000000001,2.443835735321045
570.5,2.450704574584961
570.6,2.4442803859710693
570.7,2.4541831016540527
570.8000000000001,2.4569814205169678
570.9000000000001,2.4578428268432617
571.0,2.4494104385375977
571.1,2.453883647918701
571.2,2.4593687057495117
571.3000000000001,2.4538357257843018
571.4000000000001,2.441755771636963
571.5,2.4493908882141113
571.6,2.4503989219665527
571.7,2.452561616897583
571.8000000000001,2.444664478302002
571.9000000000001,2.444932460784912
572.0,2.4534239768981934
572.1,2.448563814163208
572.2,2.4571988582611084
572.3000000000001,2.4551990032196045
572.4000000000001,2.4342575073242188
572.5,2.4500153064727783
572.6,2.449815273284912
572.7,2.4468259811401367
572.8000000000001,2.4574673175811768
572.9000000000001,2.453268051147461
573.0,2.441810131072998
573.1,2.4507060050964355
573.2,2.4517650604248047
573.3000000000001,2.4487369060516357
573.4000000000001,2.447693347930908
573.5,2.456087589263916
573.6,2.4422264099121094
573.7,2.4486024379730225
573.8000000000001,2.4532949924468994
573.9000000000001,2.4389102458953857
574.0,2.455676317214966
574.1,2.446986675262451
574.2,2.443558692932129
574.3000000000001,2.4576938152313232
574.4000000000001,2.460753917694092
574.5,2.44374680519104
574.6,2.44634747505188
574.7,2.458652973175049
574.8000000000001,2.4577534198760986
574.9000000000001,2.4472742080688477
575.0,2.450986623764038
575.1,2.445734977722168
575.2,2.44016432762146
575.3000000000001,2.451791524887085
575.4000000000001,2.4533045291900635
575.5,2.438668727874756
575.6,2.442667007446289
575.7,2.4529812335968018
575.8000000000001,2.4430923461914062
575.9000000000001,2.4512312412261963
576.0,2.4643266201019287
576.1,2.4505155086517334
576.2,2.4502553939819336
576.3000000000001,2.442844867706299
576.4000000000001,2.4578678607940674
576.5,2.439984083175659
576.6,2.452462911605835
576.7,2.4430980682373047
576.8000000000001,2.4548604488372803
576.9000000000001,2.4553756713867188
577.0,2.441438913345337
577.1,2.437464714050293
577.2,2.45025897026062
577.3000000000001,2.4536707401275635
577.4000000000001,2.442491054534912
577.5,2.4494590759277344
577.6,2.446927309036255
577.7,2.4468724727630615
577.8000000000001,2.458143949508667
577.9000000000001,2.441643714904785
578.0,2.4605824947357178
578.1,2.4463634490966797
578.2,2.44004487991333
578.3000000000001,2.446373462677002
578.4000000000001,2.440542697906494
578.5,2.4508376121520996
578.6,2.444896697998047
578.7,2.4445645809173584
578.8000000000001,2.4534642696380615
578.9000000000001,2.4565978050231934
579.0,2.4376790523529053
579.1,2.450007915496826
579.2,2.4419195652008057
579.3000000000001,2.4457032680511475
579.4000000000001,2.4456889629364014
579.5,2.45487642288208
579.6,2.442403793334961
579.7,2.4477834701538086
579.8000000000001,2.4519009590148926
579.9000000000001,2.4493958950042725
580.0,2.453774929046631
580.1,2.4470720291137695
580.2,2.447242259979248
580.3000000000001,2.446892023086548
580.4000000000001,2.462836265563965
580.5,2.4518189430236816
580.6,2.447453737258911
580.7,2.455937623977661
580.8000000000001,2.4555270671844482
580.9000000000001,2.4444897174835205
581.0,2.4516377449035645
581.1,2.4620702266693115
581.2,2.4448952674865723
581.3000000000001,2.43001127243042
581.4000000000001,2.4488518238067627
581.5,2.448103427886963
581.6,2.442701816558838
581.7,2.443422794342041
581.8000000000001,2.4552834033966064
581.9000000000001,2.450331926345825
582.0,2.4515221118927
582.1,2.4445884227752686
582.2,2.454153299331665
582.3000000000001,2.441239356994629
582.4000000000001,2.444007396697998
582.5,2.4472644329071045
582.6,2.440567970275879
582.7,2.4388043880462646
582.8000000000001,2.4484970569610596
582.9000000000001,2.440622568130493
583.0,2.438061475753784
583.1,2.4315125942230225
583.2,2.449754476547241
583.3000000000001,2.451984405517578
583.4000000000001,2.443100690841675
583.5,2.450963020324707
583.6,2.4548308849334717
583.7,2.447538137435913
583.8000000000001,2.4504542350769043
583.9000000000001,2.4604122638702393
584.0,2.4475505352020264
584.1,2.431889295578003
584.2,2.441760301589966
584.3000000000001,2.4463679790496826
584.4000000000001,2.4578678607940674
584.5,2.4442505836486816
584.6,2.450514078140259
584.7,2.44684100151062
584.8000000000001,2.453613042831421
584.9000000000001,2.449890375137329
585.0,2.4592788219451904
585.1,2.4603123664855957
585.2,2.4478626251220703
585.3000000000001,2.4554290771484375
585.4000000000001,2.4378628730773926
585.5,2.4327571392059326
585.6,2.4272689819335938
585.7,2.459074020385742
585.8000000000001,2.439711093902588
585.9000000000001,2.450150489807129
586.0,2.4450223445892334
586.1,2.441695213317871
586.2,2.455320119857788
586.3000000000001,2.435851573944092
586.4000000000001,2.443077325820923
586.5,2.4462077617645264
586.6,2.448578119277954
586.7,2.4374773502349854
586.8000000000001,2.4313249588012695
586.9000000000001,2.452425718307495
587.0,2.4510304927825928
587.1,2.4267005920410156
587.2,2.4461114406585693
587.3000000000001,2.443427562713623
587.4000000000001,2.4304983615875244
587.5,2.442162036895752
587.6,2.432281732559204
587.7,2.452092170715332
587.8000000000001,2.444164276123047
587.9000000000001,2.4557037353515625
588.0,2.446662664413452
588.1,2.4452240467071533
588.2,2.4502899646759033
588.3000000000001,2.4458227157592773
588.4000000000001,2.451519727706909
588.5,2.453953266143799
588.6,2.436558961868286
588.7,2.448073387145996
588.8000000000001,2.443373918533325
588.9000000000001,2.445643901824951
589.0,2.447918176651001
589.1,2.4435441493988037
589.2,2.4576165676116943
589.3000000000001,2.435718536376953
589.4000000000001,2.450441598892212
589.5,2.4325995445251465
589.6,2.433119535446167
589.7,2.442277193069458
589.8000000000001,2.4441089630126953
589.9000000000001,2.437291383743286
590.0,2.447253465652466
590.1,2.4472362995147705
590.2,2.4503800868988037
590.3000000000001,2.4368653297424316
590.4000000000001,2.4463837146759033
590.5,2.4522337913513184
590.6,2.4402246475219727
590.7,2.451496124267578
590.8000000000001,2.446021795272827
590.9000000000001,2.44458270072937
591.0,2.4376132488250732
591.1,2.448456287384033
591.2,2.452667474746704
591.3000000000001,2.441758871078491
591.4000000000001,2.4487671852111816
591.5,2.445953607559204
591.6,2.454223871231079
591.7,2.451871395111084
591.8000000000001,2.433119058609009
591.9000000000001,2.4411213397979736
592.0,2.4398233890533447
592.1,2.445883274078369
592.2,2.4312257766723633
592.3000000000001,2.447542190551758
592.4000000000001,2.4474949836730957
592.5,2.452850818634033
592.6,2.4405698776245117
592.7,2.442453145980835
592.8000000000001,2.4550886154174805
592.9000000000001,2.437429189682007
593.0,2.4444687366485596
593.1,2.4552788734436035
593.2,2.4362101554870605
593.3000000000001,2.4451279640197754
593.4000000000001,2.4384875297546387
593.5,2.435549736022949
593.6,2.4411370754241943
593.7,2.4470152854919434
593.8000000000001,2.4436256885528564
593.9000000000001,2.449254274368286
594.0,2.424355983734131
594.1,2.439579963684082
594.2,2.4390525817871094
594.3000000000001,2.443514585494995
594.4000000000001,2.449147939682007
594.5,2.4369020462036133
594.6,2.4405770301818848
594.7,2.452885627746582
594.8000000000001,2.4509260654449463
594.9000000000001,2.4424219131469727
595.0,2.43835711479187
595.1,2.4385790824890137
595.2,2.4476354122161865
595.3000000000001,2.4392447471618652
595.4000000000001,2.451704263687134
595.5,2.437833070755005
595.6,2.433523654937744
595.7,2.450111150741577
595.8000000000001,2.449672222137451
595.9000000000001,2.447492837905884
596.0,2.44402813911438
596.1,2.4316205978393555
596.2,2.427456855773926
596.3000000000001,2.439915657043457
596.4000000000001,2.4417173862457275
596.5,2.4444708824157715
596.6,2.4418673515319824
596.7,2.4456124305725098
596.8000000000001,2.4518556594848633
596.9000000000001,2.441166400909424
597.0,2.442319869995117
597.1,2.4379770755767822
597.2,2.433142900466919
597.3000000000001,2.4536094665527344
597.4000000000001,2.447352170944214
597.5,2.4385368824005127
597.6,2.466718912124634
597.7,2.440363645553589
597.8000000000001,2.4526731967926025
597.9000000000001,2.4472789764404297
598.0,2.4393038749694824
598.1,2.4429497718811035
598.2,2.451078176498413
598.3000000000001,2.4523849487304688
598.4000000000001,2.4458799362182617
598.5,2.436768054962158
598.6,2.4344139099121094
598.7,2.4371163845062256
598.8000000000001,2.4509310722351074
598.9000000000001,2.449308156967163
599.0,2.440851926803589
599.1,2.437812328338623
599.2,2.4322502613067627
599.3000000000001,2.443883180618286
599.4000000000001,2.4493377208709717
599.5,2.4448673725128174
599.6,2.432570695877075
599.7,2.4254233837127686
599.8000000000001,2.4407124519348145
599.9000000000001,2.437121629714966
600.0,2.4468531608581543
600.1,2.4383206367492676
600.2,2.437619686126709
600.3000000000001,2.450955867767334
600.4000000000001,2.437657117843628
600.5,2.435425043106079
600.6,2.437365770339966
600.7,2.4460041522979736
600.8000000000001,2.442070960998535
600.9000000000001,2.4457249641418457
601.0,2.445152521133423
601.1,2.4447453022003174
601.2,2.4432871341705322
601.3000000000001,2.4347150325775146
601.4000000000001,2.439730644226074
601.5,2.4341392517089844
601.6,2.4324495792388916
601.7,2.4361090660095215
601.8000000000001,2.4431447982788086
601.9000000000001,2.4257543087005615
602.0,2.4459807872772217
602.1,2.4360198974609375
602.2,2.434824228286743
602.3000000000001,2.4448957443237305
602.4000000000001,2.4513978958129883
602.5,2.4409940242767334
602.6,2.429379463195801
602.7,2.4458000659942627
602.8000000000001,2.4426560401916504
602.9000000000001,2.4324724674224854
603.0,2.433847665786743
603.1,2.4361186027526855
603.2,2.4322659969329834
603.3000000000001,2.4401495456695557
603.4000000000001,2.425694465637207
603.5,2.4371042251586914
603.6,2.433048963546753
603.7,2.4436240196228027
603.8000000000001,2.4337804317474365
603.9000000000001,2.4361414909362793
604.0,2.4343109130859375
604.1,2.4335429668426514
604.2,2.44734525680542
604.3000000000001,2.4416139125823975
604.4000000000001,2.448080539703369
604.5,2.426220178604126
604.6,2.4400386810302734
604.7,2.4492294788360596
604.8000000000001,2.434908390045166
604.9000000000001,2.4438908100128174
605.0,2.440913200378418
605.1,2.4474925994873047
605.2,2.4259440898895264
605.3000000000001,2.429615020751953
605.4000000000001,2.4454727172851562
605.5,2.431882858276367
605.6,2.4394259452819824
605.7,2.4349019527435303
605.8000000000001,2.4341936111450195
605.9000000000001,2.4321482181549072
606.0,2.447455644607544
606.1,2.4420247077941895
606.2,2.4253618717193604
606.3000000000001,2.4320387840270996
606.4000000000001,2.4437389373779297
606.5,2.428384304046631
606.6,2.42598557472229
606.7,2.4378485679626465
606.8000000000001,2.43434739112854
606.9000000000001,2.4303557872772217
607.0,2.4263668060302734
607.1,2.442798376083374
607.2,2.4402894973754883
607.3000000000001,2.439572811126709
607.4000000000001,2.4452462196350098
607.5,2.4457151889801025
607.6,2.4269025325775146
607.7,2.4318315982818604
607.8000000000001,2.4315128326416016
607.9000000000001,2.427520990371704
608.0,2.438339948654175
608.1,2.4403505325317383
608.2,2.440371513366699
608.3000000000001,2.426253318786621
608.4000000000001,2.4433951377868652
608.5,2.4442946910858154
608.6,2.4410877227783203
608.7,2.4245283603668213
608.8000000000001,2.439465045928955
608.9000000000001,2.4390811920166016
609.0,2.42457914352417
609.1,2.4280991554260254
609.2,2.4384710788726807
609.3000000000001,2.429744005203247
609.4000000000001,2.4466378688812256
609.5,2.4152071475982666
609.6,2.427676200866699
609.7,2.441056966781616
609.8000000000001,2.44791316986084
609.9000000000001,2.4153764247894287
610.0,2.4284679889678955
610.1,2.429985523223877
610.2,2.4362876415252686
610.3000000000001,2.426710605621338
610.4000000000001,2.4391098022460938
610.5,2.422032594680786
610.6,2.427117109298706
610.7,2.437593460083008
610.8000000000001,2.4395334720611572
610.9000000000001,2.4248273372650146
611.0,2.440338611602783
611.1,2.433014154434204
611.2,2.4381377696990967
611.3000000000001,2.423814535140991
611.4000000000001,2.428753137588501
611.5,2.4252007007598877
611.6,2.439659357070923
611.7,2.4368245601654053
611.8000000000001,2.4283082485198975
611.9000000000001,2.416778087615967
612.0,2.4397242069244385
612.1,2.427088499069214
612.2,2.434445381164551
612.3000000000001,2.425713300704956
612.4000000000001,2.421002149581909
612.5,2.44081711769104
612.6,2.445655345916748
612.7,2.429391860961914
612.8000000000001,2.429056167602539
612.9000000000001,2.437161922454834
613.0,2.4266273975372314
613.1,2.433912992477417
613.2,2.440436363220215
613.3000000000001,2.421172618865967
613.4000000000001,2.426098346710205
613.5,2.438033103942871
613.6,2.4357407093048096
613.7,2.4309730529785156
613.8000000000001,2.427124261856079
613.9000000000001,2.42521595954895
614.0,2.4242522716522217
614.1,2.4337270259857178
614.2,2.4348387718200684
614.3000000000001,2.420346736907959
614.4000000000001,2.4363608360290527
614.5,2.43887996673584
614.6,2.443692684173584
614.7,2.424333095550537
614.8000000000001,2.434793472290039
614.9000000000001,2.4357025623321533
615.0,2.4327001571655273
615.1,2.4384286403656006
615.2,2.4369208812713623
615.3000000000001,2.4411814212799072
615.4000000000001,2.4319491386413574
615.5,2.4303300380706787
615.6,2.4344284534454346
615.7,2.4428956508636475
615.8000000000001,2.4324400424957275
615.9000000000001,2.4305388927459717
616.0,2.4163143634796143
616.1,2.423276901245117
616.2,2.419642448425293
616.3000000000001,2.4321486949920654
616.4000000000001,2.426292896270752
616.5,2.4148762226104736
616.6,2.4340972900390625
616.7,2.428922414779663
616.8000000000001,2.4382543563842773
616.9000000000001,2.4326400756835938
617.0,2.427135705947876
617.1,2.4361891746520996
617.2,2.4349920749664307
617.3000000000001,2.434220552444458
617.4000000000001,2.425908327102661
617.5,2.445883274078369
617.6,2.4371254444122314
617.7,2.4352378845214844
617.8000000000001,2.4375154972076416
617.9000000000001,2.431147813796997
618.0,2.4365737438201904
618.1,2.433558940887451
618.2,2.4291014671325684
618.3000000000001,2.4388864040374756
618.4000000000001,2.4478001594543457
618.5,2.424774169921875
618.6,2.438615083694458
618.7,2.4244956970214844
618.8000000000001,2.403456211090088
618.9000000000001,2.4220805168151855
619.0,2.4286692142486572
619.1,2.4363155364990234
619.2,2.4280853271484375
619.3000000000001,2.427818536758423
619.4000000000001,2.4273030757904053
619.5,2.429591655731201
619.6,2.4287660121917725
619.7,2.424656629562378
619.8000000000001,2.412120819091797
619.9000000000001,2.431138277053833
620.0,2.4305601119995117
620.1,2.425837278366089
620.2,2.428727388381958
620.3000000000001,2.4172749519348145
620.4000000000001,2.420966386795044
620.5,2.426133155822754
620.6,2.4200127124786377
620.7,2.4281959533691406
620.8000000000001,2.426867961883545
620.9000000000001,2.428311586380005
621.0,2.430851459503174
621.1,2.4249672889709473
621.2,2.423370361328125
621.3000000000001,2.4258060455322266
621.4000000000001,2.425441026687622
621.5,2.4230258464813232
621.6,2.4289817810058594
621.7,2.429718017578125
621.8000000000001,2.435211658477783
621.9000000000001,2.4386074542999268
622.0,2.4325215816497803
622.1,2.43367862701416
622.2,2.4413979053497314
622.3000000000001,2.432697296142578
622.4000000000001,2.4282970428466797
622.5,2.418762445449829
622.6,2.4232282638549805
622.7,2.4184346199035645
622.8000000000001,2.419156074523926
622.9000000000001,2.424535036087036
623.0,2.433745861053467
623.1,2.429305076599121
623.2,2.4207756519317627
623.3000000000001,2.4293923377990723
623.4000000000001,2.4229869842529297
623.5,2.424417734146118
623.6,2.405414581298828
623.7,2.408818483352661
623.8000000000001,2.43567156791687
623.9000000000001,2.4266786575317383
624.0,2.4296188354492188
624.1,2.423827886581421
624.2,2.4309520721435547
624.3000000000001,2.42313551902771
624.4000000000001,2.4187700748443604
624.5,2.4257376194000244
624.6,2.4111099243164062
624.7,2.4283714294433594
624.8000000000001,2.42305588722229
624.9000000000001,2.413917303085327
625.0,2.429262638092041
625.1,2.414447069168091
625.2,2.4214272499084473
625.3000000000001,2.4306232929229736
625.4000000000001,2.423947811126709
625.5,2.4334065914154053
625.6,2.426076650619507
625.7,2.4104557037353516
625.8000000000001,2.4198129177093506
625.9000000000001,2.423907995223999
626.0,2.432821750640869
626.1,2.4191765785217285
626.2,2.4341883659362793
626.3000000000001,2.428135395050049
626.4000000000001,2.433185577392578
626.5,2.4331932067871094
626.6,2.4096319675445557
626.7,2.4178497791290283
626.8000000000001,2.4263858795166016
626.9000000000001,2.410919666290283
627.0,2.413642644882202
627.1,2.4251012802124023
627.2,2.4337096214294434
627.3000000000001,2.4208574295043945
627.4000000000001,2.427762269973755
627.5,2.4233479499816895
627.6,2.431732416152954
627.7,2.4397575855255127
627.8000000000001,2.429762601852417
627.9000000000001,2.425445556640625
628.0,2.410513401031494
628.1,2.425800323486328
628.2,2.4369401931762695
628.3000000000001,2.399259328842163
628.4000000000001,2.428326368331909
628.5,2.4210636615753174
628.6,2.4176204204559326
628.7,2.424192190170288
628.8000000000001,2.422356128692627
628.9000000000001,2.4214532375335693
629.0,2.41495418548584
629.1,2.4164695739746094
629.2,2.4209463596343994
629.3000000000001,2.425588846206665
629.4000000000001,2.4177682399749756
629.5,2.4339492321014404
629.6,2.4306352138519287
629.7,2.421905040740967
629.8000000000001,2.4184024333953857
629.9000000000001,2.4324440956115723
630.0,2.412447929382324
630.1,2.422335624694824
630.2,2.4238109588623047
630.3000000000001,2.4205191135406494
630.4000000000001,2.4176321029663086
630.5,2.433461904525757
630.6,2.4279284477233887
630.7,2.4151601791381836
630.8000000000001,2.4108917713165283
630.9000000000001,2.4100122451782227
631.0,2.418015241622925
631.1,2.4191956520080566
631.2,2.411722421646118
631.3000000000001,2.423567533493042
631.4000000000001,2.403332233428955
631.5,2.415487051010132
631.6,2.415419578552246
631.7,2.432762861251831
631.8000000000001,2.431203842163086
631.9000000000001,2.4204840660095215
632.0,2.406022787094116
632.1,2.418581962585449
632.2,2.412325620651245
632.3000000000001,2.4273431301116943
632.4000000000001,2.422715902328491
632.5,2.414207696914673
632.6,2.416062116622925
632.7,2.426506996154785
632.8000000000001,2.416071653366089
632.9000000000001,2.425320863723755
633.0,2.4241952896118164
633.1,2.4201929569244385
633.2,2.4107682704925537
633.3000000000001,2.411062002182007
633.4000000000001,2.4193813800811768
633.5,2.416266918182373
633.6,2.4181644916534424
633.7,2.423158645629883
633.8000000000001,2.4297564029693604
633.9000000000001,2.413595676422119
634.0,2.406235694885254
634.1,2.4230258464813232
634.2,2.414306879043579
634.3000000000001,2.409966468811035
634.4000000000001,2.414076089859009
634.5,2.422574281692505
634.6,2.425624132156372
634.7,2.4196999073028564
634.8000000000001,2.424971342086792
634.9000000000001,2.420902729034424
635.0,2.4136197566986084
635.1,2.420043706893921
635.2,2.4134199619293213
635.3000000000001,2.4203708171844482
635.4000000000001,2.4107041358947754
635.5,2.4147403240203857
635.6,2.4220938682556152
635.7,2.4183719158172607
635.8000000000001,2.4247562885284424
635.9000000000001,2.4237911701202393
636.0,2.4205901622772217
636.1,2.4166600704193115
636.2,2.4240660667419434
636.3000000000001,2.416452169418335
636.4000000000001,2.418130397796631
636.5,2.4212825298309326
636.6,2.4181926250457764
636.7,2.4111878871917725
636.8000000000001,2.4213902950286865
636.9000000000001,2.411997079849243
637.0,2.4178709983825684
637.1,2.413217782974243
637.2,2.4172868728637695
637.3000000000001,2.4005331993103027
637.4000000000001,2.4195070266723633
637.5,2.4086220264434814
637.6,2.410444974899292
637.7,2.4211580753326416
637.8000000000001,2.4155890941619873
637.9000000000001,2.4089882373809814
638.0,2.414792776107788
638.1,2.416229248046875
638.2,2.4143643379211426
638.3000000000001,2.4105069637298584
638.4000000000001,2.4193904399871826
638.5,2.417396306991577
638.6,2.412876844406128
638.7,2.4127984046936035
638.8000000000001,2.404341459274292
638.9000000000001,2.416652202606201
639.0,2.420708417892456
639.1,2.4147653579711914
639.2,2.4252867698669434
639.3000000000001,2.425785541534424
639.4000000000001,2.4078152179718018
639.5,2.4053268432617188
639.6,2.411198616027832
639.7,2.415553569793701
639.8000000000001,2.4155726432800293
639.9000000000001,2.4165780544281006
640.0,2.415799856185913
640.1,2.4173948764801025
640.2,2.408940076828003
640.3000000000001,2.4051713943481445
640.4000000000001,2.423353672027588
640.5,2.4125263690948486
640.6,2.4148337841033936
640.7,2.3984649181365967
640.8000000000001,2.4114949703216553
640.9000000000001,2.4138567447662354
641.0,2.4101436138153076
641.1,2.4106998443603516
641.2,2.413158655166626
641.3000000000001,2.406485080718994
641.4000000000001,2.4023711681365967
641.5,2.4205572605133057
641.6,2.415388822555542
641.7,2.4053070545196533
641.8000000000001,2.411066770553589
641.9000000000001,2.418713092803955
642.0,2.4115853309631348
642.1,2.410733938217163
642.2,2.4100162982940674
642.3000000000001,2.4158432483673096
642.4000000000001,2.3960773944854736
642.5,2.41166615486145
642.6,2.4133894443511963
642.7,2.420682191848755
642.8000000000001,2.4127893447875977
642.9000000000001,2.4103753566741943
643.0,2.4072365760803223
643.1,2.408795118331909
643.2,2.414384365081787
643.3000000000001,2.4092764854431152
643.4000000000001,2.394493579864502
643.5,2.4149954319000244
643.6,2.4151675701141357
643.7,2.4007387161254883
643.8000000000001,2.4017629623413086
643.9000000000001,2.4184250831604004
644.0,2.4182796478271484
644.1,2.40643048286438
644.2,2.402935743331909
644.3000000000001,2.410982847213745
644.4000000000001,2.3994343280792236
644.5,2.4144651889801025
644.6,2.421473503112793
644.7,2.399265766143799
644.8000000000001,2.4055352210998535
644.9000000000001,2.401637554168701
645.0,2.408273220062256
645.1,2.398496150970459
645.2,2.4114270210266113
645.3000000000001,2.417543649673462
645.4000000000001,2.4118361473083496
645.5,2.414051055908203
645.6,2.3963093757629395
645.7,2.4084761142730713
645.8000000000001,2.3929662704467773
645.9000000000001,2.405061721801758
646.0,2.402452230453491
646.1,2.4203429222106934
646.2,2.3926522731781006
646.3000000000001,2.409860372543335
646.4000000000001,2.423617124557495
646.5,2.4155619144439697
646.6,2.398831844329834
646.7,2.3945863246917725
646.8000000000001,2.405336380004883
646.9000000000001,2.4082329273223877
647.0,2.408017635345459
647.1,2.414825439453125
647.2,2.388032913208008
647.3000000000001,2.413084030151367
647.4000000000001,2.417919158935547
647.5,2.4126715660095215
647.6,2.411559581756592
647.7,2.4047017097473145
647.8000000000001,2.404026746749878
647.9000000000001,2.409785747528076
648.0,2.4110467433929443
648.1,2.40618896484375
648.2,2.3959527015686035
648.3000000000001,2.410428762435913
648.4000000000001,2.3964672088623047
648.5,2.4025864601135254
648.6,2.4149270057678223
648.7,2.403460741043091
648.8000000000001,2.393894910812378
648.9000000000001,2.402068853378296
649.0,2.4047162532806396
649.1,2.407928943634033
649.2,2.4067304134368896
649.3000000000001,2.404097318649292
649.4000000000001,2.4127097129821777
649.5,2.405585527420044
649.6,2.399519920349121
649.7,2.4147634506225586
649.8000000000001,2.3967883586883545
649.9000000000001,2.4119017124176025
650.0,2.399524450302124
650.1,2.3962626457214355
650.2,2.41039776802063
650.3000000000001,2.395169258117676
650.4000000000001,2.4021480083465576
650.5,2.3961074352264404
650.6,2.4026410579681396
650.7,2.3954288959503174
650.8000000000001,2.4146666526794434
650.9000000000001,2.3984034061431885
651.0,2.3960416316986084
651.1,2.4022676944732666
651.2,2.403533697128296
651.3000000000001,2.4031684398651123
651.4000000000001,2.3942105770111084
651.5,2.41214656829834
651.6,2.397535800933838
651.7,2.405639171600342
651.8000000000001,2.4039740562438965
651.9000000000001,2.4052109718322754
652.0,2.39900279045105
652.1,2.3996338844299316
652.2,2.4057376384735107
652.3000000000001,2.404871702194214
652.4000000000001,2.3985953330993652
652.5,2.3956336975097656
652.6,2.377467393875122
652.7,2.3946356773376465
652.8000000000001,2.391849994659424
652.9000000000001,2.4002389907836914
653.0,2.3943874835968018
653.1,2.395864963531494
653.2,2.400836706161499
653.3000000000001,2.3997812271118164
653.4000000000001,2.4051687717437744
653.5,2.401992082595825
653.6,2.404522657394409
653.7,2.40098237991333
653.8000000000001,2.4089090824127197
653.9000000000001,2.400270700454712
654.0,2.4077234268188477
654.1,2.408132314682007
654.2,2.404447555541992
654.3000000000001,2.38478684425354
654.4000000000001,2.391084909439087
654.5,2.392896890640259
654.6,2.3789122104644775
654.7,2.3972902297973633
654.8000000000001,2.405874729156494
654.9000000000001,2.4002256393432617
655.0,2.39471173286438
655.1,2.396597385406494
655.2,2.4026520252227783
655.3000000000001,2.406604766845703
655.4000000000001,2.4009413719177246
655.5,2.403120279312134
655.6,2.3836939334869385
655.7,2.396177291870117
655.8000000000001,2.4040980339050293
655.9000000000001,2.405003309249878
656.0,2.396450996398926
656.1,2.408318042755127
656.2,2.3853681087493896
656.3000000000001,2.406146287918091
656.4000000000001,2.393559455871582
656.5,2.3821043968200684
656.6,2.398177146911621
656.7,2.399848222732544
656.8000000000001,2.3936872482299805
656.9000000000001,2.406000852584839
657.0,2.3983702659606934
657.1,2.398787260055542
657.2,2.401245355606079
657.3000000000001,2.3970131874084473
657.4000000000001,2.401402473449707
657.5,2.397146224975586
657.6,2.381091594696045
657.7,2.3908369541168213
657.8000000000001,2.3863580226898193
657.9000000000001,2.394615411758423
658.0,2.394522190093994
658.1,2.3958826065063477
658.2,2.3841090202331543
658.3000000000001,2.399801731109619
658.4000000000001,2.406709909439087
658.5,2.3900203704833984
658.6,2.392218589782715
658.7,2.400440216064453
658.8000000000001,2.4025862216949463
658.9000000000001,2.391759157180786
659.0,2.3921380043029785
659.1,2.4058094024658203
659.2,2.407532215118408
659.3000000000001,2.397176742553711
659.4000000000001,2.381640911102295
659.5,2.3796563148498535
659.6,2.3858296871185303
659.7,2.397735595703125
659.8000000000001,2.3940038681030273
659.9000000000001,2.403398275375366
660.0,2.3965370655059814
660.1,2.4027953147888184
660.2,2.392296314239502
660.3000000000001,2.3962345123291016
660.4000000000001,2.3935916423797607
660.5,2.3851230144500732
660.6,2.3958237171173096
660.7,2.398477554321289
660.8000000000001,2.3961384296417236
660.9000000000001,2.3849682807922363
661.0,2.407466173171997
661.1,2.399332046508789
661.2,2.381483316421509
661.3000000000001,2.4023208618164062
661.4000000000001,2.3929762840270996
661.5,2.394145965576172
661.6,2.3851447105407715
661.7,2.4007506370544434
662.1,2.3922369480133057
662.1,2.3939948081970215
662.1,2.3981518745422363
662.1,2.3808655738830566
662.2,2.3991241455078125
662.3000000000001,2.3944685459136963
662.4000000000001,2.3852853775024414
662.5,2.4013242721557617
662.6,2.3901803493499756
662.7,2.3896265029907227
662.8000000000001,2.3945677280426025
662.9000000000001,2.3945472240448
663.0,2.3938987255096436
663.1,2.387661933898926
663.2,2.379438877105713
663.3000000000001,2.3879568576812744
663.4000000000001,2.3905677795410156
663.5,2.382896661758423
663.6,2.382425546646118
663.7,2.4061594009399414
663.8000000000001,2.400390386581421
663.9000000000001,2.3986172676086426
664.0,2.3811068534851074
664.1,2.3815760612487793
664.2,2.394001007080078
664.3000000000001,2.379220724105835
664.4000000000001,2.371133327484131
664.5,2.3991711139678955
664.6,2.389192819595337
664.7,2.381920576095581
664.8000000000001,2.399301767349243
664.9000000000001,2.3938369750976562
665.0,2.3892951011657715
665.1,2.392662286758423
665.2,2.381683588027954
665.3000000000001,2.3867392539978027
665.4000000000001,2.391615867614746
665.5,2.3823964595794678
665.6,2.3947129249572754
665.7,2.3917925357818604
665.8000000000001,2.3892033100128174
665.9000000000001,2.3917479515075684
666.0,2.385478973388672
666.1,2.3947904109954834
666.2,2.3758108615875244
666.3000000000001,2.393648147583008
666.4000000000001,2.3886361122131348
666.5,2.3768486976623535
666.6,2.398287773132324
666.7,2.3822011947631836
666.8000000000001,2.380768060684204
666.9000000000001,2.3671581745147705
667.0,2.3793880939483643
667.1,2.375005006790161
667.2,2.391387462615967
667.3000000000001,2.3770744800567627
667.4000000000001,2.3800861835479736
667.5,2.380134344100952
667.6,2.3953359127044678
667.7,2.3839271068573
667.8000000000001,2.3946335315704346
667.9000000000001,2.377617120742798
668.0,2.380974531173706
668.1,2.3909177780151367
668.2,2.388535261154175
668.3000000000001,2.3789374828338623
668.4000000000001,2.3862926959991455
668.5,2.384913682937622
668.6,2.3875300884246826
668.7,2.3824877738952637
668.8000000000001,2.3840689659118652
668.9000000000001,2.3814830780029297
669.0,2.3858399391174316
669.1,2.3833417892456055
669.2,2.3910293579101562
669.3000000000001,2.3801324367523193
669.4000000000001,2.3822827339172363
669.5,2.386909008026123
669.6,2.390057325363159
669.7,2.3818702697753906
669.8000000000001,2.3888964653015137
669.9000000000001,2.371650457382202
670.0,2.3760571479797363
670.1,2.3771021366119385
670.2,2.3766980171203613
670.3000000000001,2.3875250816345215
670.4000000000001,2.38928484916687
670.5,2.38018536567688
670.6,2.3839352130889893
670.7,2.377460241317749
670.8000000000001,2.366089344024658
670.9000000000001,2.3907554149627686
671.0,2.3869848251342773
671.1,2.379443645477295
671.2,2.379169464111328
671.3000000000001,2.3944356441497803
671.4000000000001,2.379246473312378
671.5,2.3708624839782715
671.6,2.378399610519409
671.7,2.3835561275482178
671.8000000000001,2.3848395347595215
671.9000000000001,2.3801651000976562
672.0,2.379722833633423
672.1,2.3699898719787598
672.2,2.379490613937378
672.3000000000001,2.3833799362182617
672.4000000000001,2.3818914890289307
672.5,2.3960330486297607
672.6,2.3876709938049316
672.7,2.384305000305176
672.8000000000001,2.383514881134033
672.9000000000001,2.3779265880584717
673.0,2.3790524005889893
673.1,2.376521587371826
673.2,2.3687169551849365
673.3000000000001,2.376230001449585
673.4000000000001,2.3798298835754395
673.5,2.370208501815796
673.6,2.3815243244171143
673.7,2.3800127506256104
673.8000000000001,2.38757586479187
673.9000000000001,2.3888304233551025
674.0,2.375181198120117
674.1,2.376086473464966
674.2,2.375819683074951
674.3000000000001,2.3794751167297363
674.4000000000001,2.384139060974121
674.5,2.3782432079315186
674.6,2.372102737426758
674.7,2.3841676712036133
674.8000000000001,2.3839311599731445
674.9000000000001,2.3773248195648193
675.0,2.3832385540008545
675.1,2.3733842372894287
675.2,2.370302200317383
675.3000000000001,2.379018783569336
675.4000000000001,2.3741164207458496
675.5,2.372229814529419
675.6,2.3761043548583984
675.7,2.3853888511657715
675.8000000000001,2.377082109451294
675.9000000000001,2.367635726928711
676.0,2.3827500343322754
676.1,2.380474805831909
676.2,2.378408670425415
676.3000000000001,2.3755319118499756
676.4000000000001,2.36995792388916
676.5,2.3698394298553467
676.6,2.380371570587158
676.7,2.3736960887908936
676.8000000000001,2.3736064434051514
676.9000000000001,2.373556137084961
677.0,2.3819684982299805
677.1,2.3750975131988525
677.2,2.369502544403076
677.3000000000001,2.3661813735961914
677.4000000000001,2.3680615425109863
677.5,2.3665528297424316
677.6,2.371088743209839
677.7,2.3775365352630615
677.8000000000001,2.370778799057007
677.9000000000001,2.3701860904693604
678.0,2.37022066116333
678.1,2.364938497543335
678.2,2.3822929859161377
678.3000000000001,2.371431589126587
678.4000000000001,2.3852574825286865
678.5,2.3561184406280518
678.6,2.372004508972168
678.7,2.3611643314361572
678.8000000000001,2.3776063919067383
678.9000000000001,2.369844675064087
679.0,2.3757193088531494
679.1,2.375675916671753
679.2,2.3660435676574707
679.3000000000001,2.3674089908599854
679.4000000000001,2.3667399883270264
679.5,2.3689332008361816
679.6,2.3543782234191895
679.7,2.363983154296875
679.8000000000001,2.376553773880005
679.9000000000001,2.3712961673736572
680.0,2.360790491104126
680.1,2.355102062225342
680.2,2.361422300338745
680.3000000000001,2.3584516048431396
680.4000000000001,2.3717331886291504
680.5,2.367147445678711
680.6,2.353485584259033
680.7,2.363825798034668
680.8000000000001,2.3658759593963623
680.9000000000001,2.3839993476867676
681.0,2.3685672283172607
681.1,2.3705356121063232
681.2,2.362095832824707
681.3000000000001,2.364997625350952
681.4000000000001,2.3691062927246094
681.5,2.3649892807006836
681.6,2.3695223331451416
681.7,2.371757745742798
681.8000000000001,2.3609917163848877
681.9000000000001,2.37711763381958
682.0,2.357358694076538
682.1,2.35715651512146
682.2,2.365605592727661
682.3000000000001,2.3733723163604736
682.4000000000001,2.367574453353882
682.5,2.3718719482421875
682.6,2.364232063293457
682.7,2.36318302154541
682.8000000000001,2.3653934001922607
682.9000000000001,2.369169235229492
683.0,2.358104705810547
683.1,2.3614389896392822
683.2,2.365417718887329
683.3000000000001,2.371506929397583
683.4000000000001,2.37355637550354
683.5,2.3590147495269775
683.6,2.353201389312744
683.7,2.3526649475097656
683.8000000000001,2.3623788356781006
683.9000000000001,2.3664004802703857
684.0,2.3666911125183105
684.1,2.3715603351593018
684.2,2.36678409576416
684.3000000000001,2.360407829284668
684.4000000000001,2.37528133392334
684.5,2.3684818744659424
684.6,2.3721306324005127
684.7,2.3604471683502197
684.8000000000001,2.3770036697387695
684.9000000000001,2.3586862087249756
685.0,2.35660982131958
685.1,2.3707382678985596
685.2,2.3725597858428955
685.3000000000001,2.365410327911377
685.4000000000001,2.3724405765533447
685.5,2.3750967979431152
685.6,2.3629136085510254
685.7,2.365635633468628
685.8000000000001,2.368556261062622
685.9000000000001,2.3604633808135986
686.0,2.354156970977783
686.1,2.3739359378814697
686.2,2.3613228797912598
686.3000000000001,2.3632736206054688
686.4000000000001,2.363759756088257
686.5,2.359729528427124
686.6,2.3605144023895264
686.7,2.3646907806396484
686.8000000000001,2.3659117221832275
686.9000000000001,2.3578133583068848
687.0,2.366851806640625
687.1,2.3571863174438477
687.2,2.3595972061157227
687.3000000000001,2.3574225902557373
687.4000000000001,2.358765125274658
687.5,2.372304916381836
687.6,2.355868101119995
687.7,2.3535940647125244
687.8000000000001,2.349228620529175
687.9000000000001,2.3464572429656982
688.0,2.365103244781494
688.1,2.3638980388641357
688.2,2.3481767177581787
688.3000000000001,2.360525131225586
688.4000000000001,2.368349552154541
688.5,2.3486928939819336
688.6,2.3642578125
688.7,2.352195978164673
688.8000000000001,2.351839542388916
688.9000000000001,2.361182928085327
689.0,2.3515970706939697
689.1,2.360097885131836
689.2,2.35612416267395
689.3000000000001,2.3703298568725586
689.4000000000001,2.351832628250122
689.5,2.3714263439178467
689.6,2.3526346683502197
689.7,2.3538284301757812
689.8000000000001,2.3618881702423096
689.9000000000001,2.3546457290649414
690.0,2.348771095275879
690.1,2.3584280014038086
690.2,2.3505513668060303
690.3000000000001,2.361023426055908
690.4000000000001,2.3626840114593506
690.5,2.354876756668091
690.6,2.355243444442749
690.7,2.3557307720184326
690.8000000000001,2.3628110885620117
690.9000000000001,2.3650529384613037
691.0,2.3435006141662598
691.1,2.3490357398986816
691.2,2.3618271350860596
691.3000000000001,2.3487372398376465
691.4000000000001,2.3655314445495605
691.5,2.3496410846710205
691.6,2.3574554920196533
691.7,2.3565077781677246
691.8000000000001,2.351233959197998
691.9000000000001,2.3582541942596436
692.0,2.3592112064361572
692.1,2.345862865447998
692.2,2.344001054763794
692.3000000000001,2.3623929023742676
692.4000000000001,2.355733871459961
692.5,2.363722562789917
692.6,2.351034641265869
692.7,2.348741292953491
692.8000000000001,2.3663485050201416
692.9000000000001,2.34314227104187
693.0,2.364208936691284
693.1,2.345073699951172
693.2,2.3519277572631836
693.3000000000001,2.349741220474243
693.4000000000001,2.3603672981262207
693.5,2.3487343788146973
693.6,2.3463473320007324
693.7,2.345209836959839
693.8000000000001,2.34553599357605
693.9000000000001,2.362537145614624
694.0,2.3466947078704834
694.1,2.3617911338806152
694.2,2.355605125427246
694.3000000000001,2.365567445755005
694.4000000000001,2.3581626415252686
694.5,2.3456850051879883
694.6,2.3602006435394287
694.7,2.350691318511963
694.8000000000001,2.3571479320526123
694.9000000000001,2.355640411376953
695.0,2.3532934188842773
695.1,2.347878932952881
695.2,2.3584952354431152
695.3000000000001,2.3510196208953857
695.4000000000001,2.3500583171844482
695.5,2.3461482524871826
695.6,2.352513313293457
695.7,2.3464295864105225
695.8000000000001,2.3525094985961914
695.9000000000001,2.320760726928711
696.0,2.3553595542907715
696.1,2.3488805294036865
696.2,2.3462302684783936
696.3000000000001,2.34639310836792
696.4000000000001,2.3456974029541016
696.5,2.3307688236236572
696.6,2.3579533100128174
696.7,2.341730833053589
696.8000000000001,2.3516852855682373
696.9000000000001,2.338362455368042
697.0,2.3404555320739746
697.1,2.345628499984741
697.2,2.3427016735076904
697.3000000000001,2.348627805709839
697.4000000000001,2.343005657196045
697.5,2.3477768898010254
697.6,2.3435235023498535
697.7,2.340155839920044
697.8000000000001,2.34678053855896
697.9000000000001,2.3383870124816895
698.0,2.336134910583496
698.1,2.349691152572632
698.2,2.339994192123413
698.3000000000001,2.3420114517211914
698.4000000000001,2.349663257598877
698.5,2.3470606803894043
698.6,2.343247652053833
698.7,2.344163417816162
698.8000000000001,2.349961042404175
698.9000000000001,2.346778154373169
699.0,2.3394784927368164
699.1,2.336148500442505
699.2,2.3564867973327637
699.3000000000001,2.346487522125244
699.4000000000001,2.3378548622131348
699.5,2.3450396060943604
699.6,2.3482367992401123
699.7,2.3407390117645264
699.8000000000001,2.3411295413970947
700.1,2.349518299102783
700.1,2.3553481101989746
700.1,2.341905355453491
700.2,2.344665288925171
700.3000000000001,2.337559223175049
700.4000000000001,2.347283363342285
700.5,2.348299980163574
700.6,2.3432066440582275
700.7,2.342465400695801
700.8000000000001,2.336817502975464
700.9000000000001,2.3468902111053467
701.0,2.3459205627441406
701.1,2.3281404972076416
701.2,2.3460898399353027
701.3000000000001,2.3338310718536377
701.4000000000001,2.348310947418213
701.5,2.334933280944824
701.6,2.349133253097534
701.7,2.3431265354156494
701.8000000000001,2.3437094688415527
701.9000000000001,2.3522121906280518
702.0,2.330063581466675
702.1,2.3484995365142822
702.2,2.3388452529907227
702.3000000000001,2.349595308303833
702.4000000000001,2.3536336421966553
702.5,2.3365986347198486
702.6,2.3432555198669434
702.7,2.3355729579925537
702.8000000000001,2.340805768966675
702.9000000000001,2.342379570007324
703.0,2.331010341644287
703.1,2.3331375122070312
703.2,2.3340346813201904
703.3000000000001,2.3328568935394287
703.4000000000001,2.3386049270629883
703.5,2.345827102661133
703.6,2.334139823913574
703.7,2.3359851837158203
703.8000000000001,2.3270509243011475
703.9000000000001,2.3346211910247803
704.0,2.342473268508911
704.1,2.3331871032714844
704.2,2.3502655029296875
704.3000000000001,2.334850311279297
704.4000000000001,2.343902349472046
704.5,2.3460397720336914
704.6,2.346123456954956
704.7,2.323655128479004
704.8000000000001,2.3473081588745117
704.9000000000001,2.329747438430786
705.0,2.348284959793091
705.1,2.3355917930603027
705.2,2.322497606277466
705.3000000000001,2.338151216506958
705.4000000000001,2.3284523487091064
705.5,2.3390393257141113
705.6,2.3279340267181396
705.7,2.338650703430176
705.8000000000001,2.33554744720459
705.9000000000001,2.3188552856445312
706.0,2.32116436958313
706.1,2.3351070880889893
706.2,2.3209331035614014
706.3000000000001,2.3320086002349854
706.4000000000001,2.3320963382720947
706.5,2.3400228023529053
706.6,2.3336689472198486
706.7,2.3454926013946533
706.8000000000001,2.330457925796509
706.9000000000001,2.3356001377105713
707.0,2.3367817401885986
707.1,2.339277982711792
707.2,2.3366153240203857
707.3000000000001,2.3278422355651855
707.4000000000001,2.3396224975585938
707.5,2.334822177886963
707.6,2.311607599258423
707.7,2.3280036449432373
707.8000000000001,2.325960159301758
707.9000000000001,2.332482099533081
708.0,2.3194570541381836
708.1,2.32523775100708
708.2,2.3321545124053955
708.3000000000001,2.3433029651641846
708.4000000000001,2.3350915908813477
708.5,2.3366799354553223
708.6,2.3374922275543213
708.7,2.336852550506592
708.8000000000001,2.3344736099243164
708.9000000000001,2.327559471130371
709.0,2.332803726196289
709.1,2.327246904373169
709.2,2.333048105239868
709.3000000000001,2.3323168754577637
709.4000000000001,2.334216356277466
709.5,2.33309006690979
709.6,2.3372230529785156
709.7,2.333340644836426
709.8000000000001,2.321366786956787
709.9000000000001,2.3314976692199707
710.0,2.314678907394409
710.1,2.3203489780426025
710.2,2.3285279273986816
710.3000000000001,2.3259618282318115
710.4000000000001,2.3273675441741943
710.5,2.332070827484131
710.6,2.3289883136749268
710.7,2.3340814113616943
710.8000000000001,2.3204944133758545
710.9000000000001,2.3329920768737793
711.0,2.3274378776550293
711.1,2.322441577911377
711.2,2.324882984161377
711.3000000000001,2.333024024963379
711.4000000000001,2.328202486038208
711.5,2.3327980041503906
711.6,2.332002639770508
711.7,2.3216631412506104
711.8000000000001,2.343485116958618
711.9000000000001,2.3241031169891357
712.0,2.31919264793396
712.1,2.324894905090332
712.2,2.3441731929779053
712.3000000000001,2.335332155227661
712.4000000000001,2.307565689086914
712.5,2.325594425201416
712.6,2.3274104595184326
712.7,2.3145997524261475
712.8000000000001,2.335840940475464
712.9000000000001,2.316573143005371
713.0,2.3295154571533203
713.1,2.332526922225952
713.2,2.337388038635254
713.3000000000001,2.324974536895752
713.4000000000001,2.3168582916259766
713.5,2.332789659500122
713.6,2.3334426879882812
713.7,2.308121919631958
713.8000000000001,2.3235621452331543
713.9000000000001,2.330030679702759
714.0,2.3256611824035645
714.1,2.3087048530578613
714.2,2.32228422164917
714.3000000000001,2.3291096687316895
714.4000000000001,2.3235509395599365
714.5,2.324230194091797
714.6,2.3268139362335205
714.7,2.327772855758667
714.8000000000001,2.3317508697509766
714.9000000000001,2.3133959770202637
715.0,2.3297574520111084
715.1,2.335631847381592
715.2,2.303586006164551
715.3000000000001,2.323780059814453
715.4000000000001,2.328890800476074
715.5,2.327277183532715
715.6,2.3193318843841553
715.7,2.3202762603759766
715.8000000000001,2.3151464462280273
715.9000000000001,2.3201894760131836
716.0,2.31554913520813
716.1,2.3211886882781982
716.2,2.321666955947876
716.3000000000001,2.308112144470215
716.4000000000001,2.329299211502075
716.5,2.321831226348877
716.6,2.3124001026153564
716.7,2.3307292461395264
716.8000000000001,2.3093080520629883
716.9000000000001,2.3193747997283936
717.0,2.3266420364379883
717.1,2.304044008255005
717.2,2.3273656368255615
717.3000000000001,2.324711799621582
717.4000000000001,2.3291327953338623
717.5,2.3183231353759766
717.6,2.3237602710723877
717.7,2.3204925060272217
717.8000000000001,2.312173366546631
717.9000000000001,2.3197407722473145
718.0,2.3136494159698486
718.1,2.3199377059936523
718.2,2.314950942993164
718.3000000000001,2.3202311992645264
718.4000000000001,2.3081490993499756
718.5,2.307537317276001
718.6,2.3230085372924805
718.7,2.30302357673645
718.8000000000001,2.3204126358032227
718.9000000000001,2.3258845806121826
719.0,2.30288028717041
719.1,2.313816547393799
719.2,2.313345193862915
719.3000000000001,2.315228223800659
719.4000000000001,2.3121373653411865
719.5,2.3134219646453857
719.6,2.3239502906799316
719.7,2.318631887435913
719.8000000000001,2.3117921352386475
719.9000000000001,2.322761058807373
720.0,2.316732168197632
720.1,2.313741683959961
720.2,2.316936731338501
720.3000000000001,2.312127113342285
720.4000000000001,2.313831329345703
720.5,2.3129544258117676
720.6,2.3195724487304688
720.7,2.304412364959717
720.8000000000001,2.314370632171631
720.9000000000001,2.312546968460083
721.0,2.313453197479248
721.1,2.3127620220184326
721.2,2.3214945793151855
721.3000000000001,2.3130998611450195
721.4000000000001,2.3176441192626953
721.5,2.3110268115997314
721.6,2.3218371868133545
721.7,2.308377504348755
721.8000000000001,2.314084768295288
721.9000000000001,2.303864002227783
722.0,2.3099470138549805
722.1,2.307924270629883
722.2,2.311030149459839
722.3000000000001,2.297459125518799
722.4000000000001,2.3195242881774902
722.5,2.3144004344940186
722.6,2.3227338790893555
722.7,2.3050882816314697
722.8000000000001,2.316152811050415
722.9000000000001,2.3129830360412598
723.0,2.3212714195251465
723.1,2.3095343112945557
723.2,2.3021633625030518
723.3000000000001,2.3093631267547607
723.4000000000001,2.316121816635132
723.5,2.2994754314422607
723.6,2.317128896713257
723.7,2.3122851848602295
723.8000000000001,2.3131866455078125
723.9000000000001,2.305691719055176
724.0,2.3074471950531006
724.1,2.313924789428711
724.2,2.302351951599121
724.3000000000001,2.2989566326141357
724.4000000000001,2.3043484687805176
724.5,2.2946360111236572
724.6,2.3109490871429443
724.7,2.3023693561553955
724.8000000000001,2.3070807456970215
724.9000000000001,2.305588722229004
725.0,2.2973265647888184
725.1,2.317023277282715
725.2,2.305905818939209
725.3000000000001,2.3012070655822754
725.4000000000001,2.3160922527313232
725.5,2.303413152694702
725.6,2.296947717666626
725.7,2.3007190227508545
725.8000000000001,2.3047091960906982
725.9000000000001,2.317206859588623
726.0,2.3148727416992188
726.1,2.2951598167419434
726.2,2.310103178024292
726.3000000000001,2.305746078491211
726.4000000000001,2.286210298538208
726.5,2.2982375621795654
726.6,2.3069000244140625
726.7,2.30914568901062
726.8000000000001,2.310694932937622
726.9000000000001,2.301663637161255
727.0,2.304480791091919
727.1,2.2991514205932617
727.2,2.305539131164551
727.3000000000001,2.314227342605591
727.4000000000001,2.3045618534088135
727.5,2.2978525161743164
727.6,2.3172788619995117
727.7,2.301030158996582
727.8000000000001,2.3090615272521973
727.9000000000001,2.3007357120513916
728.0,2.278656244277954
728.1,2.2997889518737793
728.2,2.3022029399871826
728.3000000000001,2.287771701812744
728.4000000000001,2.2994773387908936
728.5,2.3009836673736572
728.6,2.3107433319091797
728.7,2.298887014389038
728.8000000000001,2.305812120437622
728.9000000000001,2.3131532669067383
729.0,2.3055460453033447
729.1,2.3114492893218994
729.2,2.296337366104126
729.3000000000001,2.298184871673584
729.4000000000001,2.302143096923828
729.5,2.295257091522217
729.6,2.304933547973633
729.7,2.3063158988952637
729.8000000000001,2.2968130111694336
729.9000000000001,2.302762746810913
730.0,2.303330659866333
730.1,2.3019893169403076
730.2,2.3032004833221436
730.3000000000001,2.273989677429199
730.4000000000001,2.3048946857452393
730.5,2.3087027072906494
730.6,2.289924144744873
730.7,2.3090689182281494
730.8000000000001,2.3073573112487793
730.9000000000001,2.296673059463501
731.0,2.285275936126709
731.1,2.3002607822418213
731.2,2.305367946624756
731.3000000000001,2.284790515899658
731.4000000000001,2.289083957672119
731.5,2.304287910461426
731.6,2.2821033000946045
731.7,2.3003058433532715
731.8000000000001,2.30370831489563
731.9000000000001,2.307199716567993
732.0,2.3039462566375732
732.1,2.2985072135925293
732.2,2.282172441482544
732.3000000000001,2.2930681705474854
732.4000000000001,2.291511058807373
732.5,2.288658380508423
732.6,2.280064582824707
732.7,2.298794746398926
732.8000000000001,2.296416759490967
732.9000000000001,2.2988102436065674
733.0,2.276366710662842
733.1,2.300900459289551
733.2,2.2943027019500732
733.3000000000001,2.298135280609131
733.4000000000001,2.29293155670166
733.5,2.2859840393066406
733.6,2.300088405609131
733.7,2.299718141555786
733.8000000000001,2.2948899269104004
733.9000000000001,2.299370050430298
734.0,2.3052926063537598
734.1,2.293480396270752
734.2,2.2976267337799072
734.3000000000001,2.2964885234832764
734.4000000000001,2.2989208698272705
734.5,2.2896857261657715
734.6,2.292058229446411
734.7,2.282672882080078
734.8000000000001,2.2956976890563965
734.9000000000001,2.2814204692840576
735.0,2.294694423675537
735.1,2.296264886856079
735.2,2.2996904850006104
735.3000000000001,2.2958595752716064
735.4000000000001,2.297766923904419
735.5,2.296926975250244
735.6,2.287583112716675
735.7,2.2936184406280518
735.8000000000001,2.2941830158233643
735.9000000000001,2.286342144012451
736.0,2.289774179458618
736.1,2.2909903526306152
736.2,2.2915520668029785
736.3000000000001,2.281581401824951
736.4000000000001,2.277535915374756
736.5,2.287527322769165
736.6,2.293475389480591
736.7,2.2937004566192627
736.8000000000001,2.290348768234253
736.9000000000001,2.2852087020874023
737.0,2.285552501678467
737.1,2.2907402515411377
737.2,2.2813453674316406
737.3000000000001,2.2689220905303955
737.4000000000001,2.2977917194366455
737.5,2.295180559158325
737.6,2.2865488529205322
737.7,2.2906434535980225
737.8000000000001,2.277224063873291
737.9000000000001,2.2900190353393555
738.0,2.2721290588378906
738.1,2.2925047874450684
738.6,2.2840559482574463
738.6,2.296971321105957
738.6,2.2882230281829834
738.6,2.293565034866333
738.6,2.2826404571533203
738.7,2.290388822555542
738.8000000000001,2.3006162643432617
738.9000000000001,2.2814009189605713
739.0,2.2758591175079346
739.1,2.285691022872925
739.2,2.279907464981079
739.3000000000001,2.285733938217163
739.4000000000001,2.288794755935669
739.5,2.2830240726470947
739.6,2.277834177017212
739.7,2.2849721908569336
739.8000000000001,2.2847378253936768
739.9000000000001,2.2734317779541016
740.0,2.28824782371521
740.1,2.283902168273926
740.2,2.2969861030578613
740.3000000000001,2.271176815032959
740.4000000000001,2.2789509296417236
740.5,2.2809433937072754
740.6,2.291811227798462
740.7,2.2755327224731445
740.8000000000001,2.2850024700164795
740.9000000000001,2.2698748111724854
741.0,2.284410238265991
741.1,2.28344988822937
741.2,2.285149335861206
741.3000000000001,2.2784440517425537
741.4000000000001,2.290428876876831
741.5,2.2800955772399902
741.6,2.2845957279205322
741.7,2.274622917175293
741.8000000000001,2.287503480911255
741.9000000000001,2.288656711578369
742.0,2.280606746673584
742.1,2.2787914276123047
742.2,2.284728765487671
742.3000000000001,2.2717127799987793
742.4000000000001,2.286686420440674
742.5,2.2775070667266846
742.6,2.2835896015167236
742.7,2.293172597885132
742.8000000000001,2.2769412994384766
742.9000000000001,2.288316249847412
743.0,2.2825927734375
743.1,2.284972906112671
743.2,2.2805545330047607
743.3000000000001,2.2765471935272217
743.4000000000001,2.277207851409912
743.5,2.2700631618499756
743.6,2.278164863586426
743.7,2.280202627182007
743.8000000000001,2.286487340927124
743.9000000000001,2.278137445449829
744.0,2.267777681350708
744.1,2.2759194374084473
744.2,2.2757184505462646
744.3000000000001,2.2899274826049805
744.4000000000001,2.261030673980713
744.5,2.2677385807037354
744.6,2.2828097343444824
744.7,2.2819325923919678
744.8000000000001,2.2638700008392334
744.9000000000001,2.284247636795044
745.0,2.276583194732666
745.1,2.2823503017425537
745.2,2.2709176540374756
745.3000000000001,2.2658963203430176
745.4000000000001,2.2731029987335205
745.5,2.267782211303711
745.6,2.27705717086792
745.7,2.2721760272979736
745.8000000000001,2.2830638885498047
745.9000000000001,2.2670295238494873
746.0,2.2707278728485107
746.1,2.265765428543091
746.2,2.271637439727783
746.3000000000001,2.2724814414978027
746.4000000000001,2.2632884979248047
746.5,2.275987148284912
746.6,2.276912212371826
746.7,2.280252695083618
746.8000000000001,2.2685561180114746
746.9000000000001,2.272562265396118
747.0,2.2743337154388428
747.1,2.272754430770874
747.2,2.2500388622283936
747.3000000000001,2.272146224975586
747.4000000000001,2.2666118144989014
747.5,2.276829719543457
747.6,2.2617435455322266
747.7,2.271439552307129
747.8000000000001,2.2654716968536377
747.9000000000001,2.2799763679504395
748.0,2.272503137588501
748.1,2.2480690479278564
748.2,2.2713634967803955
748.3000000000001,2.272122621536255
748.4000000000001,2.272118330001831
748.5,2.2631099224090576
748.6,2.2759296894073486
748.7,2.253020763397217
748.8000000000001,2.27587628364563
748.9000000000001,2.286334991455078
749.0,2.2656142711639404
749.1,2.263746500015259
749.2,2.27542781829834
749.3000000000001,2.2638356685638428
749.4000000000001,2.271305561065674
749.5,2.2663097381591797
749.6,2.2813148498535156
749.7,2.2627763748168945
749.8000000000001,2.2516984939575195
749.9000000000001,2.275477886199951
750.0,2.268538236618042
750.1,2.2565629482269287
750.2,2.262481451034546
750.3000000000001,2.2763469219207764
750.4000000000001,2.2703888416290283
750.5,2.2489609718322754
750.6,2.2734029293060303
750.7,2.2646279335021973
750.8000000000001,2.2619361877441406
750.9000000000001,2.268758535385132
751.0,2.2673909664154053
751.1,2.2723071575164795
751.2,2.2655725479125977
751.3000000000001,2.2655341625213623
751.4000000000001,2.2648677825927734
751.5,2.273411273956299
751.6,2.264214038848877
751.7,2.2504091262817383
751.8000000000001,2.258047342300415
751.9000000000001,2.2588682174682617
752.0,2.2625341415405273
752.1,2.2696213722229004
752.2,2.26802659034729
752.3000000000001,2.262627601623535
752.4000000000001,2.2697980403900146
752.5,2.2631404399871826
752.6,2.261793375015259
752.7,2.268427610397339
752.8000000000001,2.272602081298828
752.9000000000001,2.2634317874908447
753.0,2.265043258666992
753.1,2.241892099380493
753.2,2.250309944152832
753.3000000000001,2.250621795654297
753.4000000000001,2.2581870555877686
753.5,2.2614729404449463
753.6,2.2435972690582275
753.7,2.2581865787506104
753.8000000000001,2.2621896266937256
753.9000000000001,2.262042760848999
754.0,2.2540740966796875
754.1,2.262786865234375
754.2,2.2504189014434814
754.3000000000001,2.2621374130249023
754.4000000000001,2.2596523761749268
754.5,2.261265516281128
754.6,2.2687172889709473
754.7,2.2674031257629395
754.8000000000001,2.243828535079956
754.9000000000001,2.2565057277679443
755.0,2.252896308898926
755.1,2.2740211486816406
755.2,2.235318183898926
755.3000000000001,2.2495181560516357
755.4000000000001,2.260275363922119
755.5,2.2583425045013428
755.6,2.257819414138794
755.7,2.256465196609497
755.8000000000001,2.2550196647644043
755.9000000000001,2.264223575592041
756.0,2.2608351707458496
756.1,2.2615058422088623
756.2,2.243055820465088
756.3000000000001,2.2540347576141357
756.4000000000001,2.250761032104492
756.5,2.2582240104675293
756.6,2.2553436756134033
756.7,2.2535226345062256
756.8000000000001,2.250866651535034
756.9000000000001,2.255089044570923
757.0,2.250471353530884
757.1,2.2515780925750732
757.6,2.250241756439209
757.6,2.2515368461608887
757.6,2.250027894973755
757.6,2.2462916374206543
757.6,2.2465627193450928
757.7,2.2541563510894775
757.8000000000001,2.26481556892395
757.9000000000001,2.253222703933716
758.0,2.2477428913116455
758.1,2.2495126724243164
758.2,2.256164312362671
758.3000000000001,2.2465052604675293
758.4000000000001,2.2610411643981934
758.5,2.254338502883911
758.6,2.247926950454712
758.7,2.2500998973846436
758.8000000000001,2.246187210083008
758.9000000000001,2.2278497219085693
759.0,2.248960494995117
759.1,2.258873701095581
759.2,2.2488508224487305
759.3000000000001,2.2499659061431885
759.4000000000001,2.2537243366241455
759.5,2.246425151824951
759.6,2.253058433532715
759.7,2.2560601234436035
759.8000000000001,2.2530150413513184
759.9000000000001,2.2462522983551025
760.0,2.244746685028076
760.1,2.237124443054199
760.2,2.2617111206054688
760.3000000000001,2.2510523796081543
760.4000000000001,2.237807035446167
760.5,2.243385076522827
760.6,2.2537355422973633
760.7,2.2422263622283936
760.8000000000001,2.240715503692627
760.9000000000001,2.2542779445648193
761.0,2.24202036857605
761.1,2.2511117458343506
761.2,2.246046781539917
761.3000000000001,2.25260591506958
761.4000000000001,2.262665033340454
761.5,2.245983839035034
761.6,2.25407338142395
761.7,2.2439539432525635
761.8000000000001,2.2357962131500244
761.9000000000001,2.2450077533721924
762.0,2.2552101612091064
762.1,2.238748550415039
762.2,2.253678798675537
762.3000000000001,2.2370779514312744
762.4000000000001,2.2499284744262695
762.5,2.2482776641845703
762.6,2.2420990467071533
762.7,2.249436140060425
762.8000000000001,2.2556517124176025
762.9000000000001,2.244417190551758
763.0,2.2363648414611816
763.1,2.246825933456421
763.2,2.2491815090179443
763.3000000000001,2.2427475452423096
763.4000000000001,2.2480103969573975
763.5,2.233093023300171
763.6,2.2291901111602783
763.7,2.241837739944458
763.8000000000001,2.2468760013580322
763.9000000000001,2.2416319847106934
764.0,2.250969171524048
764.1,2.2471530437469482
764.2,2.2248947620391846
764.3000000000001,2.2470130920410156
764.4000000000001,2.240480422973633
764.5,2.248410940170288
764.6,2.244037389755249
764.7,2.2395267486572266
764.8000000000001,2.2409720420837402
764.9000000000001,2.236121892929077
765.0,2.249354600906372
765.1,2.242393732070923
765.2,2.2386460304260254
765.3000000000001,2.240788221359253
765.4000000000001,2.2326459884643555
765.5,2.2440013885498047
765.6,2.2476816177368164
765.7,2.2382891178131104
765.8000000000001,2.2432494163513184
765.9000000000001,2.2450673580169678
766.0,2.2279584407806396
766.1,2.2384033203125
766.2,2.2403523921966553
766.3000000000001,2.2396280765533447
766.4000000000001,2.232255220413208
766.5,2.2380781173706055
766.6,2.2313363552093506
766.7,2.221198081970215
766.8000000000001,2.2493815422058105
766.9000000000001,2.239511251449585
767.0,2.236928939819336
767.1,2.2412197589874268
767.2,2.2459561824798584
767.3000000000001,2.2246413230895996
767.4000000000001,2.239370107650757
767.5,2.2395150661468506
767.6,2.2300493717193604
767.7,2.2382891178131104
767.8000000000001,2.224071741104126
767.9000000000001,2.2453019618988037
768.0,2.227907180786133
768.1,2.2426834106445312
768.2,2.2317328453063965
768.3000000000001,2.2203967571258545
768.4000000000001,2.2328596115112305
768.5,2.2374837398529053
768.6,2.236783981323242
768.7,2.233165979385376
768.8000000000001,2.2320988178253174
768.9000000000001,2.2396388053894043
769.0,2.225708246231079
769.1,2.239874839782715
769.2,2.2430920600891113
769.3000000000001,2.230586290359497
769.4000000000001,2.2407262325286865
769.5,2.230687379837036
769.6,2.228236675262451
769.7,2.2378740310668945
769.8000000000001,2.2247774600982666
769.9000000000001,2.2359824180603027
770.0,2.2265775203704834
770.1,2.2496187686920166
770.2,2.231250047683716
770.3000000000001,2.2270803451538086
770.4000000000001,2.2269725799560547
770.5,2.2269577980041504
770.6,2.2315824031829834
770.7,2.226557493209839
770.8000000000001,2.235419750213623
770.9000000000001,2.233215093612671
771.0,2.237248182296753
771.1,2.2262375354766846
771.2,2.234595537185669
771.3000000000001,2.2303738594055176
771.4000000000001,2.2372794151306152
771.5,2.2348010540008545
771.6,2.231083631515503
771.7,2.227238416671753
771.8000000000001,2.221994400024414
771.9000000000001,2.226836681365967
772.0,2.223512649536133
772.1,2.2282330989837646
772.2,2.2225704193115234
772.3000000000001,2.226738214492798
772.4000000000001,2.2235846519470215
772.5,2.2244508266448975
772.6,2.236473560333252
772.7,2.2291765213012695
772.8000000000001,2.222410202026367
772.9000000000001,2.2237110137939453
773.0,2.2212085723876953
773.1,2.220217704772949
773.2,2.236898422241211
773.3000000000001,2.2193350791931152
773.4000000000001,2.219076633453369
773.5,2.2321648597717285
773.6,2.2248122692108154
773.7,2.2202823162078857
773.8000000000001,2.2287375926971436
773.9000000000001,2.215250253677368
774.0,2.2184834480285645
774.1,2.2375082969665527
774.2,2.2217767238616943
774.3000000000001,2.211049795150757
774.4000000000001,2.2233285903930664
774.5,2.2178077697753906
774.6,2.226081371307373
774.7,2.2137527465820312
774.8000000000001,2.206139326095581
774.9000000000001,2.216425895690918
775.0,2.22125244140625
775.1,2.215623617172241
775.2,2.216809034347534
775.3000000000001,2.2355408668518066
775.4000000000001,2.2263553142547607
775.5,2.2239110469818115
775.6,2.231874704360962
775.7,2.227654218673706
775.8000000000001,2.2308013439178467
775.9000000000001,2.2195382118225098
776.0,2.211836814880371
776.1,2.2184534072875977
776.2,2.2283530235290527
776.3000000000001,2.2203786373138428
776.4000000000001,2.206622838973999
776.5,2.216700315475464
776.6,2.2236125469207764
776.7,2.2073960304260254
776.8000000000001,2.210075855255127
776.9000000000001,2.2208330631256104
777.0,2.2227509021759033
777.1,2.2019875049591064
777.2,2.2141339778900146
777.3000000000001,2.2224886417388916
777.4000000000001,2.225130558013916
777.5,2.2136518955230713
777.6,2.220576524734497
777.7,2.2185182571411133
777.8000000000001,2.209355115890503
777.9000000000001,2.2267508506774902
778.0,2.2137298583984375
778.1,2.206963539123535
778.2,2.2073628902435303
778.3000000000001,2.2192375659942627
778.4000000000001,2.2106375694274902
778.5,2.2164103984832764
778.6,2.212033987045288
778.7,2.206028699874878
778.8000000000001,2.2216696739196777
778.9000000000001,2.2148220539093018
779.0,2.2282485961914062
779.1,2.2171170711517334
779.2,2.2063088417053223
779.3000000000001,2.2119059562683105
779.4000000000001,2.2156927585601807
779.5,2.209089994430542
779.6,2.213357448577881
779.7,2.217181444168091
779.8000000000001,2.225409746170044
779.9000000000001,2.2097983360290527
780.0,2.222580909729004
780.1,2.218571424484253
780.2,2.2198307514190674
780.3000000000001,2.2019248008728027
780.4000000000001,2.2199325561523438
780.5,2.2008328437805176
780.6,2.2048943042755127
780.7,2.2182695865631104
780.8000000000001,2.1954824924468994
780.9000000000001,2.2177507877349854
781.0,2.216508388519287
781.1,2.2121622562408447
781.2,2.208475351333618
781.3000000000001,2.2155468463897705
781.4000000000001,2.2181038856506348
781.5,2.206010341644287
781.6,2.2019402980804443
781.7,2.208334445953369
781.8000000000001,2.2307322025299072
781.9000000000001,2.215594530105591
782.0,2.20609712600708
782.1,2.207472562789917
782.2,2.211146831512451
782.3000000000001,2.2114880084991455
782.4000000000001,2.208768367767334
782.5,2.2244999408721924
782.6,2.2208383083343506
782.7,2.2240242958068848
782.8000000000001,2.2107467651367188
782.9000000000001,2.207155227661133
783.0,2.2107982635498047
783.1,2.204284906387329
783.2,2.2036349773406982
783.3000000000001,2.198545455932617
783.4000000000001,2.216998815536499
783.5,2.215968132019043
783.6,2.2012953758239746
783.7,2.200967311859131
783.8000000000001,2.1992709636688232
783.9000000000001,2.197638511657715
784.0,2.206329107284546
784.1,2.2065584659576416
784.2,2.2063755989074707
784.3000000000001,2.2052865028381348
784.4000000000001,2.203258514404297
784.5,2.196197509765625
784.6,2.222452402114868
784.7,2.2042946815490723
784.8000000000001,2.209552526473999
784.9000000000001,2.2017998695373535
785.0,2.2113208770751953
785.1,2.198462963104248
785.2,2.219536304473877
785.3000000000001,2.208693504333496
785.4000000000001,2.2058422565460205
785.5,2.204749345779419
785.6,2.206160545349121
785.7,2.20525860786438
785.8000000000001,2.207524538040161
785.9000000000001,2.1979875564575195
786.0,2.197458505630493
786.1,2.206998586654663
786.2,2.2064244747161865
786.3000000000001,2.207875967025757
786.4000000000001,2.2011091709136963
786.5,2.1998233795166016
786.6,2.1963417530059814
786.7,2.2106540203094482
786.8000000000001,2.1950631141662598
786.9000000000001,2.2160074710845947
787.0,2.2042086124420166
787.1,2.2076761722564697
787.2,2.1960253715515137
787.3000000000001,2.2045295238494873
787.4000000000001,2.2165942192077637
787.5,2.1960387229919434
787.6,2.202310085296631
787.7,2.2022502422332764
787.8000000000001,2.1979124546051025
787.9000000000001,2.19395112991333
788.0,2.1970736980438232
788.1,2.2038075923919678
788.2,2.199016571044922
788.3000000000001,2.195519208908081
788.4000000000001,2.1989095211029053
788.5,2.1974477767944336
788.6,2.195402145385742
788.7,2.192675828933716
788.8000000000001,2.1981680393218994
788.9000000000001,2.1878504753112793
789.0,2.188905954360962
789.1,2.185243844985962
789.2,2.2032759189605713
789.3000000000001,2.203188896179199
789.4000000000001,2.20572829246521
789.5,2.2050955295562744
789.6,2.1976895332336426
789.7,2.1962850093841553
789.8000000000001,2.1980087757110596
789.9000000000001,2.1903316974639893
790.0,2.2027621269226074
790.1,2.2086129188537598
790.2,2.2041268348693848
790.3000000000001,2.184774875640869
790.4000000000001,2.1969211101531982
790.5,2.1969473361968994
790.6,2.201336145401001
790.7,2.1833150386810303
790.8000000000001,2.1940643787384033
790.9000000000001,2.192599296569824
791.0,2.1953682899475098
791.1,2.2016589641571045
791.2,2.192660093307495
791.3000000000001,2.187835216522217
791.4000000000001,2.186795473098755
791.5,2.1812150478363037
791.6,2.192490339279175
791.7,2.2061562538146973
791.8000000000001,2.1839077472686768
791.9000000000001,2.185938835144043
792.0,2.1922125816345215
792.1,2.198977470397949
792.2,2.1933891773223877
792.3000000000001,2.1915810108184814
792.4000000000001,2.1911985874176025
792.5,2.185728073120117
792.6,2.1921956539154053
792.7,2.1848771572113037
792.8000000000001,2.1881942749023438
792.9000000000001,2.189328193664551
793.0,2.2005820274353027
793.1,2.1998469829559326
793.2,2.198234796524048
793.3000000000001,2.1975257396698
793.4000000000001,2.190728187561035
793.5,2.192621946334839
793.6,2.178797721862793
793.7,2.1904613971710205
793.8000000000001,2.191373109817505
793.9000000000001,2.1951444149017334
794.0,2.1939947605133057
794.1,2.1919896602630615
794.2,2.1758980751037598
794.3000000000001,2.1921658515930176
794.4000000000001,2.201131820678711
794.5,2.185096502304077
794.6,2.1855146884918213
794.7,2.186704635620117
794.8000000000001,2.1943929195404053
794.9000000000001,2.188309907913208
795.0,2.1893937587738037
795.1,2.17777419090271
795.2,2.1850790977478027
795.3000000000001,2.178586006164551
795.4000000000001,2.1800312995910645
795.5,2.188676357269287
795.6,2.193256378173828
795.7,2.1855697631835938
795.8000000000001,2.1768639087677
795.9000000000001,2.190290927886963
796.0,2.1812829971313477
796.1,2.187295913696289
796.2,2.1785764694213867
796.3000000000001,2.180990695953369
796.4000000000001,2.1683735847473145
796.5,2.182297468185425
796.6,2.1883418560028076
796.7,2.172553062438965
796.8000000000001,2.18628191947937
796.9000000000001,2.180500030517578
797.0,2.180701971054077
797.1,2.196641206741333
797.2,2.182889223098755
797.3000000000001,2.174034357070923
797.4000000000001,2.201791763305664
797.5,2.1939244270324707
797.6,2.183502674102783
797.7,2.1754825115203857
797.8000000000001,2.179054021835327
797.9000000000001,2.1795456409454346
798.0,2.193220853805542
798.1,2.1570677757263184
798.2,2.176949977874756
798.3000000000001,2.178323268890381
798.4000000000001,2.1815261840820312
798.5,2.1804378032684326
798.6,2.176074266433716
798.7,2.177553415298462
798.8000000000001,2.1799094676971436
798.9000000000001,2.1650266647338867
799.0,2.1794543266296387
799.1,2.17936372756958
799.2,2.180251359939575
799.3000000000001,2.1786487102508545
799.4000000000001,2.183488368988037
799.5,2.1692633628845215
799.6,2.181861162185669
799.7,2.178912401199341
799.8000000000001,2.175861120223999
799.9000000000001,2.1871261596679688
800.0,2.1805272102355957
800.1,2.1802124977111816
800.2,2.193495512008667
800.3000000000001,2.1839959621429443
800.4000000000001,2.185281276702881
800.5,2.1762566566467285
800.6,2.1760683059692383
800.7,2.1642327308654785
800.8000000000001,2.1746273040771484
800.9000000000001,2.177743673324585
801.0,2.1740055084228516
801.1,2.1761209964752197
801.2,2.1825826168060303
801.3000000000001,2.1488630771636963
801.4000000000001,2.179804563522339
801.5,2.182399272918701
801.6,2.1713526248931885
801.7,2.177680015563965
801.8000000000001,2.171285629272461
801.9000000000001,2.178596019744873
802.0,2.178358793258667
802.1,2.1714870929718018
802.2,2.1817169189453125
802.3000000000001,2.1682684421539307
802.4000000000001,2.1719298362731934
802.5,2.1722350120544434
802.6,2.1788341999053955
802.7,2.1775870323181152
802.8000000000001,2.1715972423553467
802.9000000000001,2.1838626861572266
803.0,2.1854946613311768
803.1,2.1682238578796387
803.2,2.169151544570923
803.3000000000001,2.1750385761260986
803.4000000000001,2.162285566329956
803.5,2.15798020362854
803.6,2.176137924194336
803.7,2.1766903400421143
803.8000000000001,2.173382520675659
803.9000000000001,2.178037166595459
804.0,2.158433198928833
804.1,2.1744284629821777
804.2,2.176753044128418
804.3000000000001,2.167156457901001
804.4000000000001,2.165513515472412
804.5,2.1742703914642334
804.6,2.1676127910614014
804.7,2.1686811447143555
804.8000000000001,2.178496837615967
804.9000000000001,2.1584463119506836
805.0,2.164273738861084
805.1,2.170382022857666
805.2,2.1716485023498535
805.3000000000001,2.168692111968994
805.4000000000001,2.1608035564422607
805.5,2.158618211746216
805.6,2.1678881645202637
805.7,2.1649696826934814
805.8000000000001,2.1722660064697266
805.9000000000001,2.1534945964813232
806.0,2.1640000343322754
806.1,2.170097827911377
806.2,2.1686105728149414
806.3000000000001,2.1668012142181396
806.4000000000001,2.1569766998291016
806.5,2.1783595085144043
806.6,2.1758551597595215
806.7,2.175675868988037
806.8000000000001,2.175814151763916
806.9000000000001,2.178009510040283
807.0,2.176546573638916
807.1,2.1628427505493164
807.2,2.17195463180542
807.3000000000001,2.1747794151306152
807.4000000000001,2.1695055961608887
807.5,2.164720296859741
807.6,2.163482189178467
807.7,2.1719367504119873
807.8000000000001,2.1680710315704346
807.9000000000001,2.158289670944214
808.0,2.166571855545044
808.1,2.1552329063415527
808.2,2.1662445068359375
808.3000000000001,2.162249803543091
808.4000000000001,2.1704254150390625
808.5,2.173656463623047
808.6,2.158783197402954
808.7,2.163601875305176
808.8000000000001,2.1603240966796875
808.9000000000001,2.152773141860962
809.0,2.166807174682617
809.1,2.151153564453125
809.2,2.163961172103882
809.3000000000001,2.170905828475952
809.4000000000001,2.1415576934814453
809.5,2.142676591873169
809.6,2.1612491607666016
809.7,2.1666572093963623
809.8000000000001,2.1775214672088623
809.9000000000001,2.1475820541381836
810.0,2.1634318828582764
810.1,2.1718244552612305
810.2,2.152456283569336
810.3000000000001,2.152010917663574
810.4000000000001,2.1573283672332764
810.5,2.1569643020629883
810.6,2.142209529876709
810.7,2.15212082862854
810.8000000000001,2.1660938262939453
810.9000000000001,2.157761573791504
811.0,2.159440755844116
811.1,2.1694772243499756
811.2,2.1548688411712646
811.3000000000001,2.1615805625915527
811.4000000000001,2.171914577484131
811.5,2.166443347930908
811.6,2.15417742729187
811.7,2.1422488689422607
811.8000000000001,2.1501405239105225
811.9000000000001,2.145819664001465
812.0,2.162126302719116
812.1,2.146890163421631
812.2,2.155792474746704
812.3000000000001,2.152373790740967
812.4000000000001,2.1540889739990234
812.5,2.1510891914367676
812.6,2.1539418697357178
812.7,2.1612348556518555
812.8000000000001,2.1627485752105713
812.9000000000001,2.152618408203125
813.0,2.1514406204223633
813.1,2.1543312072753906
813.2,2.155719518661499
813.3000000000001,2.1534461975097656
813.4000000000001,2.1477041244506836
813.5,2.146031379699707
813.6,2.157470703125
813.7,2.147841453552246
813.8000000000001,2.134126663208008
813.9000000000001,2.158921003341675
814.0,2.163283109664917
814.1,2.1555113792419434
814.2,2.14762806892395
814.3000000000001,2.141293525695801
814.4000000000001,2.1559596061706543
814.5,2.163771390914917
814.6,2.149263858795166
814.7,2.1491267681121826
814.8000000000001,2.1603755950927734
814.9000000000001,2.1530468463897705
815.0,2.1588878631591797
815.1,2.1360206604003906
815.2,2.156113386154175
815.3000000000001,2.1573922634124756
815.4000000000001,2.159775495529175
815.5,2.152306079864502
815.6,2.143004894256592
815.7,2.1479339599609375
815.8000000000001,2.1450109481811523
815.9000000000001,2.149472951889038
816.0,2.1405017375946045
816.1,2.150324821472168
816.2,2.160745143890381
816.3000000000001,2.1491684913635254
816.4000000000001,2.150773286819458
816.5,2.14456844329834
816.6,2.1462929248809814
816.7,2.1556055545806885
816.8000000000001,2.13934326171875
816.9000000000001,2.1440484523773193
817.0,2.1473286151885986
817.1,2.159273386001587
817.2,2.155376672744751
817.3000000000001,2.1383118629455566
817.4000000000001,2.148726463317871
817.5,2.1503357887268066
817.6,2.13849139213562
817.7,2.147439956665039
817.8000000000001,2.1572117805480957
817.9000000000001,2.1458022594451904
818.0,2.134749174118042
818.1,2.136249303817749
818.2,2.142063617706299
818.3000000000001,2.1579644680023193
818.4000000000001,2.1437652111053467
818.5,2.1337437629699707
818.6,2.1362550258636475
818.7,2.143990993499756
818.8000000000001,2.1345558166503906
818.9000000000001,2.156578779220581
819.0,2.138697862625122
819.1,2.148426055908203
819.2,2.145153284072876
819.3000000000001,2.1393377780914307
819.4000000000001,2.1398627758026123
819.5,2.144362688064575
819.6,2.145886182785034
819.7,2.1406707763671875
819.8000000000001,2.143461227416992
819.9000000000001,2.1450812816619873
820.0,2.1404590606689453
820.1,2.147921085357666
820.2,2.142972230911255
820.3000000000001,2.1328094005584717
820.4000000000001,2.137965679168701
820.5,2.1513125896453857
820.6,2.1542294025421143
820.7,2.136563539505005
820.8000000000001,2.140307664871216
820.9000000000001,2.146475076675415
821.0,2.146838903427124
821.1,2.147874355316162
821.2,2.1420392990112305
821.3000000000001,2.1380059719085693
821.4000000000001,2.137972354888916
821.5,2.135880708694458
821.6,2.161113977432251
821.7,2.1391782760620117
821.8000000000001,2.1504693031311035
821.9000000000001,2.1398372650146484
822.0,2.147556781768799
822.1,2.13287353515625
822.2,2.141343832015991
822.3000000000001,2.1344478130340576
822.4000000000001,2.1382200717926025
822.5,2.1431615352630615
822.6,2.1351776123046875
822.7,2.1416573524475098
822.8000000000001,2.1494593620300293
822.9000000000001,2.1218183040618896
823.0,2.1184492111206055
823.1,2.1390602588653564
823.2,2.1377017498016357
823.3000000000001,2.1392691135406494
823.4000000000001,2.131218194961548
823.5,2.130779266357422
823.6,2.132317304611206
823.7,2.1440982818603516
823.8000000000001,2.1354312896728516
823.9000000000001,2.1415162086486816
824.0,2.1329128742218018
824.1,2.1464123725891113
824.2,2.1319737434387207
824.3000000000001,2.1295909881591797
824.4000000000001,2.130392074584961
824.5,2.1377100944519043
824.6,2.123889207839966
824.7,2.136491537094116
824.8000000000001,2.1398770809173584
824.9000000000001,2.143866539001465
825.0,2.128643751144409
825.1,2.139092445373535
825.2,2.130730390548706
825.3000000000001,2.1390535831451416
825.4000000000001,2.133873701095581
825.5,2.1286284923553467
825.6,2.128955125808716
825.7,2.1392147541046143
825.8000000000001,2.13432240486145
825.9000000000001,2.13264799118042
826.0,2.1425559520721436
826.1,2.132443428039551
826.2,2.112308979034424
826.3000000000001,2.1359469890594482
826.4000000000001,2.14310622215271
826.5,2.139141798019409
826.6,2.117938280105591
826.7,2.1382391452789307
826.8000000000001,2.1300928592681885
826.9000000000001,2.1355700492858887
827.0,2.121676445007324
827.1,2.1305150985717773
827.2,2.1339111328125
827.3000000000001,2.134364604949951
827.4000000000001,2.129558563232422
827.5,2.1330137252807617
827.6,2.14915132522583
827.7,2.120476245880127
827.8000000000001,2.1182780265808105
827.9000000000001,2.1344192028045654
828.0,2.138619899749756
828.1,2.12687087059021
828.2,2.1292331218719482
828.3000000000001,2.125333070755005
828.4000000000001,2.113051176071167
828.5,2.131632089614868
828.6,2.1282453536987305
828.7,2.1216962337493896
828.8000000000001,2.124319076538086
828.9000000000001,2.136110305786133
829.0,2.129910945892334
829.1,2.131124496459961
829.2,2.1266324520111084
829.3000000000001,2.1319756507873535
829.4000000000001,2.132493257522583
829.5,2.1274330615997314
829.6,2.1268279552459717
829.7,2.131767511367798
829.8000000000001,2.122185230255127
829.9000000000001,2.1287920475006104
830.0,2.1352434158325195
830.1,2.1248385906219482
830.2,2.128146171569824
830.3000000000001,2.1307694911956787
830.4000000000001,2.12265682220459
830.5,2.12296462059021
830.6,2.120758533477783
830.7,2.1293904781341553
830.8000000000001,2.127305746078491
830.9000000000001,2.119203805923462
831.0,2.1283633708953857
831.1,2.116954803466797
831.2,2.101910352706909
831.3000000000001,2.1331887245178223
831.4000000000001,2.121521234512329
831.5,2.122385025024414
831.6,2.113452911376953
831.7,2.1271393299102783
831.8000000000001,2.1225717067718506
831.9000000000001,2.1167054176330566
832.0,2.121025562286377
832.1,2.12614107131958
832.2,2.1251444816589355
832.3000000000001,2.121481418609619
832.4000000000001,2.1265716552734375
832.5,2.1212360858917236
832.6,2.1203556060791016
832.7,2.1276259422302246
832.8000000000001,2.1194403171539307
832.9000000000001,2.12188982963562
833.0,2.1164133548736572
833.1,2.123028516769409
833.2,2.1161203384399414
833.3000000000001,2.1170103549957275
833.4000000000001,2.124948740005493
833.5,2.1152093410491943
833.6,2.1236307621002197
833.7,2.1142048835754395
833.8000000000001,2.1228673458099365
833.9000000000001,2.1274654865264893
834.0,2.1183173656463623
834.1,2.118907928466797
834.2,2.1247780323028564
834.3000000000001,2.1046974658966064
834.4000000000001,2.1171751022338867
834.5,2.1059141159057617
834.6,2.107069253921509
834.7,2.1292829513549805
834.8000000000001,2.1178736686706543
834.9000000000001,2.112410306930542
835.0,2.119037628173828
835.1,2.117347478866577
835.2,2.1172432899475098
835.3000000000001,2.1136116981506348
835.4000000000001,2.1148688793182373
835.5,2.1116788387298584
835.6,2.115755319595337
835.7,2.102775812149048
835.8000000000001,2.119325876235962
835.9000000000001,2.110959768295288
836.0,2.126715660095215
836.1,2.103290557861328
836.2,2.108332395553589
836.3000000000001,2.1091134548187256
836.4000000000001,2.11116099357605
836.5,2.1115024089813232
836.6,2.1078224182128906
836.7,2.1155776977539062
836.8000000000001,2.1112418174743652
836.9000000000001,2.120922803878784
837.0,2.114407539367676
837.1,2.120732307434082
837.2,2.1178274154663086
837.3000000000001,2.108126640319824
837.4000000000001,2.1045191287994385
837.5,2.1014244556427
837.6,2.1199448108673096
837.7,2.1199300289154053
837.8000000000001,2.107407331466675
837.9000000000001,2.1009247303009033
838.0,2.0992159843444824
838.1,2.1128857135772705
838.2,2.1117560863494873
838.3000000000001,2.1136906147003174
838.4000000000001,2.1141741275787354
838.5,2.111039876937866
838.6,2.105630874633789
838.7,2.1003477573394775
838.8000000000001,2.0920650959014893
838.9000000000001,2.113044261932373
839.0,2.1094794273376465
839.1,2.1105353832244873
839.2,2.1045093536376953
839.3000000000001,2.1167399883270264
839.4000000000001,2.120142698287964
839.5,2.112797260284424
839.6,2.107337713241577
839.7,2.113497018814087
839.8000000000001,2.1125032901763916
839.9000000000001,2.1108460426330566
840.0,2.1082069873809814
840.1,2.0933849811553955
840.2,2.0943851470947266
840.3000000000001,2.092170000076294
840.4000000000001,2.099193811416626
840.5,2.111954689025879
840.6,2.1156601905822754
840.7,2.0957746505737305
840.8000000000001,2.111593723297119
840.9000000000001,2.101405143737793
841.0,2.1021080017089844
841.1,2.1053590774536133
841.2,2.093761444091797
841.3000000000001,2.092505931854248
841.4000000000001,2.1098339557647705
841.5,2.1070919036865234
841.6,2.0957839488983154
841.7,2.109724998474121
841.8000000000001,2.1135010719299316
841.9000000000001,2.107746124267578
842.0,2.1083195209503174
842.1,2.0972630977630615
842.2,2.113553524017334
842.3000000000001,2.0919785499572754
842.4000000000001,2.1127243041992188
842.5,2.109104871749878
842.6,2.1053996086120605
842.7,2.1171000003814697
842.8000000000001,2.1040496826171875
842.9000000000001,2.1140308380126953
843.0,2.104243278503418
843.1,2.0953617095947266
843.2,2.09891676902771
843.3000000000001,2.1072559356689453
843.4000000000001,2.105269432067871
843.5,2.1080944538116455
843.6,2.0964791774749756
843.7,2.107089042663574
843.8000000000001,2.106513023376465
843.9000000000001,2.1043238639831543
844.0,2.096602439880371
844.1,2.1080522537231445
844.2,2.0920138359069824
844.3000000000001,2.1066396236419678
844.4000000000001,2.1003992557525635
844.5,2.0943305492401123
844.6,2.101270914077759
844.7,2.0953662395477295
844.8000000000001,2.089538335800171
844.9000000000001,2.097414016723633
845.0,2.0990395545959473
845.1,2.0863733291625977
845.2,2.0930864810943604
845.3000000000001,2.1013495922088623
845.4000000000001,2.093059539794922
845.5,2.093679904937744
845.6,2.0724101066589355
845.7,2.0970404148101807
845.8000000000001,2.0962555408477783
845.9000000000001,2.1061015129089355
846.0,2.1000778675079346
846.1,2.1055381298065186
846.2,2.101902723312378
846.3000000000001,2.0812363624572754
846.4000000000001,2.1017656326293945
846.5,2.1107161045074463
846.6,2.0946295261383057
846.7,2.105511426925659
846.8000000000001,2.095576524734497
846.9000000000001,2.084834575653076
847.0,2.0954184532165527
847.1,2.0992515087127686
847.2,2.096062421798706
847.3000000000001,2.110238790512085
847.4000000000001,2.0947115421295166
847.5,2.099562644958496
847.6,2.099457025527954
847.7,2.106757164001465
847.8000000000001,2.0920751094818115
847.9000000000001,2.104492664337158
848.0,2.0852842330932617
848.1,2.090101480484009
848.2,2.093191385269165
848.3000000000001,2.075859546661377
848.4000000000001,2.077791690826416
848.5,2.0879015922546387
848.6,2.098052501678467
848.7,2.091322183609009
848.8000000000001,2.082235336303711
848.9000000000001,2.0770256519317627
849.0,2.08939528465271
849.1,2.080836534500122
849.2,2.089550733566284
849.3000000000001,2.094778060913086
849.4000000000001,2.084174871444702
849.5,2.094667673110962
849.6,2.096212148666382
849.7,2.076752185821533
849.8000000000001,2.0888218879699707
849.9000000000001,2.0892882347106934
850.0,2.0711259841918945
850.1,2.090759038925171
850.2,2.099613904953003
850.3000000000001,2.0884573459625244
850.4000000000001,2.098430871963501
850.5,2.094912528991699
850.6,2.079524278640747
850.7,2.0863451957702637
850.8000000000001,2.1062607765197754
850.9000000000001,2.0784285068511963
851.0,2.0885140895843506
851.1,2.090771198272705
851.2,2.093379020690918
851.3000000000001,2.086137056350708
851.4000000000001,2.09086537361145
851.5,2.0893163681030273
851.6,2.082033634185791
851.7,2.0828628540039062
851.8000000000001,2.0881896018981934
851.9000000000001,2.0983080863952637
852.0,2.094992160797119
852.1,2.0908126831054688
852.2,2.0903236865997314
852.3000000000001,2.0840981006622314
852.4000000000001,2.0888030529022217
852.5,2.067946195602417
852.6,2.09365177154541
852.7,2.0930347442626953
852.8000000000001,2.0900957584381104
852.9000000000001,2.092674493789673
853.0,2.088228702545166
853.1,2.0869486331939697
853.2,2.069429397583008
853.3000000000001,2.0892868041992188
853.4000000000001,2.086470365524292
853.5,2.0796093940734863
853.6,2.0652153491973877
853.7,2.0863144397735596
853.8000000000001,2.079272508621216
853.9000000000001,2.087357759475708
854.0,2.0688767433166504
854.1,2.0896244049072266
854.2,2.086277484893799
854.3000000000001,2.0822997093200684
854.4000000000001,2.0747575759887695
854.5,2.0893056392669678
854.6,2.0797243118286133
854.7,2.077448606491089
854.8000000000001,2.0809414386749268
854.9000000000001,2.08984375
855.0,2.071489095687866
855.1,2.081420660018921
855.2,2.0822153091430664
855.3000000000001,2.0869598388671875
855.4000000000001,2.0741381645202637
855.5,2.08620023727417
855.6,2.0795955657958984
855.7,2.0853254795074463
855.8000000000001,2.0883374214172363
855.9000000000001,2.093165636062622
856.0,2.0957086086273193
856.1,2.0794684886932373
856.2,2.0892715454101562
856.3000000000001,2.0894925594329834
856.4000000000001,2.0766963958740234
856.5,2.071014404296875
856.6,2.0799520015716553
856.7,2.0692272186279297
856.8000000000001,2.08229660987854
856.9000000000001,2.0819809436798096
857.0,2.086313009262085
857.1,2.0829017162323
857.2,2.084578037261963
857.3000000000001,2.0831823348999023
857.4000000000001,2.075841188430786
857.5,2.0769810676574707
857.6,2.063638210296631
857.7,2.071995973587036
857.8000000000001,2.0824341773986816
857.9000000000001,2.067924976348877
858.0,2.0692801475524902
858.1,2.0644710063934326
858.2,2.0707056522369385
858.3000000000001,2.071568489074707
858.4000000000001,2.075627326965332
858.5,2.076759099960327
858.6,2.0821802616119385
858.7,2.0840327739715576
858.8000000000001,2.0797529220581055
858.9000000000001,2.0840580463409424
859.0,2.073291301727295
859.1,2.0740416049957275
859.2,2.0672085285186768
859.3000000000001,2.082731008529663
859.4000000000001,2.0687732696533203
859.5,2.0874171257019043
859.6,2.0644173622131348
859.7,2.0735061168670654
859.8000000000001,2.074218988418579
859.9000000000001,2.073333501815796
860.0,2.0885844230651855
860.1,2.077183961868286
860.2,2.083409309387207
860.3000000000001,2.069694757461548
860.4000000000001,2.0676331520080566
860.5,2.0795910358428955
860.6,2.0753824710845947
860.7,2.069263219833374
860.8000000000001,2.076584815979004
860.9000000000001,2.067426919937134
861.0,2.0662550926208496
861.1,2.0686404705047607
861.2,2.0815722942352295
861.3000000000001,2.0749480724334717
861.4000000000001,2.0712106227874756
861.5,2.077707290649414
861.6,2.0784378051757812
861.7,2.081359386444092
861.8000000000001,2.0736629962921143
861.9000000000001,2.067385196685791
862.0,2.0661818981170654
862.1,2.069389820098877
862.2,2.07039475440979
862.3000000000001,2.0741865634918213
862.4000000000001,2.064796209335327
862.5,2.0713071823120117
862.6,2.0738418102264404
862.7,2.058058500289917
862.8000000000001,2.0607898235321045
862.9000000000001,2.0662732124328613
863.0,2.0772202014923096
863.1,2.057171583175659
863.2,2.06390380859375
863.3000000000001,2.0679728984832764
863.4000000000001,2.0741090774536133
863.5,2.081364154815674
863.6,2.073772430419922
863.7,2.077650785446167
863.8000000000001,2.0616328716278076
863.9000000000001,2.067026138305664
864.0,2.0587198734283447
864.1,2.056236743927002
864.2,2.0600364208221436
864.3000000000001,2.0677337646484375
864.4000000000001,2.0663585662841797
864.5,2.0745718479156494
864.6,2.067767381668091
864.7,2.072453022003174
864.8000000000001,2.070448875427246
864.9000000000001,2.0691165924072266
865.0,2.0547401905059814
865.1,2.0758931636810303
865.2,2.075129270553589
865.3000000000001,2.0584895610809326
865.4000000000001,2.0696494579315186
865.5,2.0525925159454346
865.6,2.057607650756836
865.7,2.064051866531372
866.1,2.0671818256378174
866.1,2.072237253189087
866.1,2.0579051971435547
866.1,2.062485933303833
866.2,2.0616071224212646
866.3000000000001,2.056356430053711
866.4000000000001,2.0679144859313965
866.5,2.0695767402648926
866.6,2.0703251361846924
866.7,2.0688793659210205
866.8000000000001,2.0644962787628174
866.9000000000001,2.06121563911438
867.0,2.066502094268799
867.1,2.0686821937561035
867.2,2.0607542991638184
867.3000000000001,2.074202299118042
867.4000000000001,2.0686264038085938
867.5,2.051637649536133
867.6,2.0628395080566406
867.7,2.058779239654541
867.8000000000001,2.055211305618286
867.9000000000001,2.05659818649292
868.0,2.064772844314575
868.1,2.058804512023926
868.2,2.064664602279663
868.3000000000001,2.0592119693756104
868.4000000000001,2.0569381713867188
868.5,2.056849718093872
868.6,2.0619168281555176
868.7,2.062124729156494
868.8000000000001,2.0530312061309814
868.9000000000001,2.06406569480896
869.0,2.055532693862915
869.1,2.052919864654541
869.2,2.057892322540283
869.3000000000001,2.0576674938201904
869.4000000000001,2.06085205078125
869.5,2.0457468032836914
869.6,2.0624048709869385
869.7,2.0737111568450928
869.8000000000001,2.0613691806793213
869.9000000000001,2.0619585514068604
870.0,2.056428909301758
870.1,2.050121784210205
870.2,2.0488927364349365
870.3000000000001,2.07102108001709
870.4000000000001,2.056692600250244
870.5,2.0507678985595703
870.6,2.057162284851074
870.7,2.0526819229125977
870.8000000000001,2.0535809993743896
870.9000000000001,2.0521416664123535
871.0,2.048017978668213
871.1,2.0576164722442627
871.2,2.048096179962158
871.3000000000001,2.0569522380828857
871.4000000000001,2.059765338897705
871.5,2.0667409896850586
871.6,2.0478732585906982
871.7,2.0582339763641357
871.8000000000001,2.05367112159729
871.9000000000001,2.051422595977783
872.0,2.058394193649292
872.1,2.046091079711914
872.2,2.0537142753601074
872.3000000000001,2.054642677307129
872.4000000000001,2.0595028400421143
872.5,2.053157091140747
872.6,2.0600969791412354
872.7,2.0503041744232178
872.8000000000001,2.031373977661133
872.9000000000001,2.055673837661743
873.0,2.0495376586914062
873.1,2.0647881031036377
873.2,2.0596024990081787
873.3000000000001,2.0572333335876465
873.4000000000001,2.029096841812134
873.5,2.0671284198760986
873.6,2.0663485527038574
873.7,2.0464084148406982
873.8000000000001,2.0488593578338623
873.9000000000001,2.0578107833862305
874.0,2.0636706352233887
874.1,2.0600569248199463
874.2,2.045461416244507
874.3000000000001,2.0307319164276123
874.4000000000001,2.0461857318878174
874.5,2.0700063705444336
874.6,2.0579144954681396
874.7,2.053483724594116
874.8000000000001,2.0569262504577637
874.9000000000001,2.061586618423462
875.0,2.047240734100342
875.1,2.0512967109680176
875.2,2.0431413650512695
875.3000000000001,2.0445969104766846
875.4000000000001,2.0476810932159424
875.5,2.060438394546509
875.6,2.0480501651763916
875.7,2.0611367225646973
875.8000000000001,2.0418388843536377
875.9000000000001,2.0465822219848633
876.0,2.049257516860962
876.1,2.0509369373321533
876.2,2.053941249847412
876.3000000000001,2.0449275970458984
876.4000000000001,2.046149253845215
876.5,2.052077054977417
876.6,2.0484306812286377
876.7,2.0445728302001953
876.8000000000001,2.0549774169921875
876.9000000000001,2.0519559383392334
877.0,2.046555995941162
877.1,2.0522301197052
877.2,2.0552995204925537
877.3000000000001,2.0561466217041016
877.4000000000001,2.060126304626465
877.5,2.038538694381714
877.6,2.0503268241882324
877.7,2.0462310314178467
877.8000000000001,2.0526177883148193
877.9000000000001,2.035801649093628
878.0,2.048469305038452
878.1,2.042553186416626
878.2,2.0369248390197754
878.3000000000001,2.038065195083618
878.4000000000001,2.0382144451141357
878.5,2.0487756729125977
878.6,2.0557706356048584
878.7,2.0469038486480713
878.8000000000001,2.046971321105957
878.9000000000001,2.0452115535736084
879.0,2.055266857147217
879.1,2.0321052074432373
879.2,2.0577573776245117
879.3000000000001,2.0393223762512207
879.4000000000001,2.045482873916626
879.5,2.0533554553985596
879.6,2.031043529510498
879.7,2.047013759613037
879.8000000000001,2.0526185035705566
879.9000000000001,2.0440125465393066
880.0,2.052806854248047
880.1,2.0458498001098633
880.2,2.0506107807159424
880.3000000000001,2.0455076694488525
880.4000000000001,2.034627676010132
880.5,2.0402181148529053
880.6,2.0421411991119385
880.7,2.047992706298828
880.8000000000001,2.044022560119629
880.9000000000001,2.0496842861175537
881.0,2.033980131149292
881.1,2.034395456314087
881.2,2.0460357666015625
881.3000000000001,2.041921854019165
881.4000000000001,2.038848400115967
881.5,2.047015905380249
881.6,2.034289598464966
881.7,2.033761501312256
881.8000000000001,2.030423164367676
881.9000000000001,2.043792247772217
882.0,2.032886266708374
882.1,2.0509791374206543
882.2,2.0377118587493896
882.3000000000001,2.0516695976257324
882.4000000000001,2.049903392791748
882.5,2.0403759479522705
882.6,2.0238730907440186
882.7,2.0354573726654053
882.8000000000001,2.0332882404327393
882.9000000000001,2.042426824569702
883.0,2.023667335510254
883.1,2.026559352874756
883.2,2.032114267349243
883.3000000000001,2.0179152488708496
883.4000000000001,2.0465970039367676
883.5,2.035616397857666
883.6,2.0347445011138916
883.7,2.0436437129974365
883.8000000000001,2.0296471118927
883.9000000000001,2.034060478210449
884.0,2.0275332927703857
884.1,2.0323987007141113
884.2,2.0473997592926025
884.3000000000001,2.0375168323516846
884.4000000000001,2.044780731201172
884.5,2.0359606742858887
884.6,2.0376524925231934
884.7,2.032296657562256
884.8000000000001,2.0305912494659424
884.9000000000001,2.0280628204345703
885.0,2.039938449859619
885.1,2.0327835083007812
885.2,2.038987636566162
885.3000000000001,2.0400710105895996
885.4000000000001,2.035325050354004
885.5,2.033973455429077
885.6,2.0339300632476807
885.7,2.0327937602996826
885.8000000000001,2.0342001914978027
885.9000000000001,2.0332584381103516
886.0,2.039806365966797
886.1,2.0308427810668945
886.2,2.0325188636779785
886.3000000000001,2.0352420806884766
886.4000000000001,2.0255849361419678
886.5,2.0343379974365234
886.6,2.0321028232574463
886.7,2.034296751022339
886.8000000000001,2.0364127159118652
886.9000000000001,2.0332133769989014
887.0,2.044649839401245
887.1,2.044339418411255
887.2,2.025334596633911
887.3000000000001,2.025698661804199
887.4000000000001,2.030637741088867
887.5,2.0319936275482178
887.6,2.031059741973877
887.7,2.037388563156128
887.8000000000001,2.0274345874786377
887.9000000000001,2.043689727783203
888.0,2.0331313610076904
888.1,2.029012680053711
888.2,2.0076425075531006
888.3000000000001,2.035163164138794
888.4000000000001,2.0195324420928955
888.5,2.0309412479400635
888.6,2.0212039947509766
888.7,2.039886713027954
888.8000000000001,2.042895555496216
888.9000000000001,2.032148838043213
889.0,2.0193169116973877
889.1,2.039560556411743
889.2,2.009347915649414
889.3000000000001,2.035163640975952
889.4000000000001,2.0258302688598633
889.5,2.024662971496582
889.6,2.0274641513824463
889.7,2.0230050086975098
889.8000000000001,2.036308765411377
889.9000000000001,2.0287208557128906
890.0,2.024859666824341
890.1,2.0376224517822266
890.2,2.036531686782837
890.3000000000001,2.032357692718506
890.4000000000001,2.027975559234619
890.5,2.026388645172119
890.6,2.0298311710357666
890.7,2.0302774906158447
890.8000000000001,2.035005569458008
890.9000000000001,2.025491952896118
891.0,2.0365917682647705
891.1,2.0242700576782227
891.2,2.0265588760375977
891.3000000000001,2.0349783897399902
891.4000000000001,2.0381088256835938
891.5,2.0175089836120605
891.6,2.0239717960357666
891.7,2.0182228088378906
891.8000000000001,2.0396220684051514
891.9000000000001,2.021017074584961
892.0,2.0239200592041016
892.1,2.0163118839263916
892.2,2.03796648979187
892.3000000000001,2.0184097290039062
892.4000000000001,2.0353353023529053
892.5,2.0131866931915283
892.6,2.023326873779297
892.7,2.025722026824951
892.8000000000001,2.0263545513153076
892.9000000000001,2.0268659591674805
893.0,2.0306358337402344
893.1,2.026273727416992
893.2,2.0224411487579346
893.3000000000001,2.0209736824035645
893.4000000000001,2.029085874557495
893.5,2.0323688983917236
893.7,2.029883623123169
893.7,2.0228006839752197
893.8000000000001,2.005074977874756
893.9000000000001,2.0240206718444824
894.0,2.034198522567749
894.1,2.004952907562256
894.2,2.0274155139923096
894.3000000000001,2.0240700244903564
894.4000000000001,2.0239996910095215
894.5,2.011967182159424
894.6,2.022359848022461
894.7,2.0242362022399902
894.8000000000001,2.027796506881714
894.9000000000001,2.033639669418335
895.0,2.0180063247680664
895.1,2.0248260498046875
895.2,2.019800901412964
895.3000000000001,2.018075704574585
895.4000000000001,2.0301473140716553
895.5,2.029515027999878
895.6,2.025394916534424
895.7,2.020507574081421
895.8000000000001,2.0114128589630127
895.9000000000001,2.0317156314849854
896.0,2.0205447673797607
896.1,2.018662214279175
896.2,2.0198888778686523
896.3000000000001,2.0348587036132812
896.4000000000001,2.021092176437378
896.5,2.0244905948638916
896.6,2.0057036876678467
896.7,2.0137078762054443
896.8000000000001,2.0166614055633545
896.9000000000001,2.0200390815734863
897.0,2.0176525115966797
897.1,2.0267770290374756
897.2,2.0163276195526123
897.3000000000001,2.0156404972076416
897.4000000000001,2.020620346069336
897.5,2.015068292617798
897.6,2.0330309867858887
897.7,2.0233922004699707
897.8000000000001,2.0271639823913574
897.9000000000001,2.024176836013794
898.0,2.0125935077667236
898.1,2.012864112854004
898.2,2.0246565341949463
898.3000000000001,2.012735605239868
898.4000000000001,2.0271613597869873
898.5,2.015434741973877
898.6,2.0214831829071045
898.7,2.024712562561035
898.8000000000001,2.0127580165863037
898.9000000000001,2.0125856399536133
899.0,2.021641731262207
899.1,2.010810375213623
899.2,2.027733087539673
899.3000000000001,2.017209053039551
899.4000000000001,2.0282294750213623
899.5,2.017925977706909
899.6,2.012542486190796
899.7,2.0282087326049805
899.8000000000001,2.014763116836548
899.9000000000001,2.019737720489502
900.0,2.017256736755371
900.1,2.0216801166534424
900.2,2.0281615257263184
900.3000000000001,2.0129146575927734
900.4000000000001,2.0138437747955322
900.5,2.0116803646087646
900.6,2.0132389068603516
900.7,2.0183956623077393
900.8000000000001,2.006439447402954
900.9000000000001,2.0192313194274902
901.0,2.015876293182373
901.1,2.017904043197632
901.2,2.008657932281494
901.3000000000001,2.016216993331909
901.4000000000001,2.0099101066589355
901.5,2.0184719562530518
901.6,2.018889904022217
901.7,2.015598773956299
901.8000000000001,2.0082197189331055
901.9000000000001,2.0069479942321777
902.0,2.0055394172668457
902.1,2.0142297744750977
902.2,2.007446765899658
902.3000000000001,2.015688896179199
902.4000000000001,2.017324686050415
902.5,2.0064430236816406
902.6,2.015084743499756
902.7,2.016139268875122
902.8000000000001,1.9994401931762695
902.9000000000001,2.009619951248169
903.0,2.016632080078125
903.1,2.012819528579712
903.2,2.005650281906128
903.3000000000001,2.013432264328003
903.4000000000001,2.0131938457489014
903.5,2.0176100730895996
903.6,2.016935348510742
903.7,2.0085017681121826
903.8000000000001,2.006075143814087
903.9000000000001,2.009859800338745
904.0,1.9966175556182861
904.1,2.0141241550445557
904.2,2.0228328704833984
904.3000000000001,2.014329433441162
904.4000000000001,2.0056209564208984
904.5,1.997852087020874
904.6,2.01352858543396
904.7,2.0108659267425537
904.8000000000001,2.0054426193237305
904.9000000000001,1.99779212474823
905.0,2.011791944503784
905.1,2.003692150115967
905.2,2.0150952339172363
905.3000000000001,2.0141923427581787
905.4000000000001,2.0102415084838867
905.5,2.0057902336120605
905.6,2.003852605819702
905.7,1.996641993522644
905.8000000000001,2.012208938598633
905.9000000000001,2.0155293941497803
906.0,2.0002763271331787
906.1,2.0082650184631348
906.2,1.9948627948760986
906.3000000000001,2.00567889213562
906.4000000000001,2.011888265609741
906.5,2.004023313522339
906.6,2.0069987773895264
906.7,2.0029425621032715
906.8000000000001,2.005890130996704
906.9000000000001,1.9950066804885864
907.0,2.0161075592041016
907.1,2.0020711421966553
907.2,2.002711296081543
907.3000000000001,2.007882833480835
907.4000000000001,2.005568504333496
907.5,2.0127978324890137
907.6,2.0086171627044678
907.7,1.995409607887268
907.8000000000001,2.010263681411743
907.9000000000001,2.013064384460449
908.0,2.0081896781921387
908.1,2.004293203353882
908.2,2.004309892654419
908.3000000000001,1.9964076280593872
908.4000000000001,2.001558303833008
908.5,2.0152392387390137
908.6,2.006070375442505
908.7,2.0047147274017334
908.8000000000001,2.012404203414917
908.9000000000001,2.0130553245544434
909.0,2.009681224822998
909.1,2.0076727867126465
909.2,1.9982550144195557
909.3000000000001,2.0038437843322754
909.4000000000001,2.0049383640289307
909.5,1.9950504302978516
909.6,2.0007386207580566
909.7,2.0016162395477295
909.8000000000001,1.9997425079345703
909.9000000000001,2.0033092498779297
910.0,2.00116229057312
910.1,1.9992247819900513
910.2,2.0061423778533936
910.3000000000001,1.9893065690994263
910.4000000000001,2.006978988647461
910.5,2.003660202026367
910.6,1.9966081380844116
910.7,2.0148656368255615
910.8000000000001,1.9975030422210693
910.9000000000001,1.9890544414520264
911.0,1.9920929670333862
911.1,1.9908190965652466
911.2,2.004086971282959
911.3000000000001,2.004711389541626
911.4000000000001,2.0000321865081787
911.5,2.011328935623169
911.6,2.0092897415161133
911.7,1.9994709491729736
911.8000000000001,1.9979277849197388
911.9000000000001,2.001901865005493
912.0,2.0079753398895264
912.1,1.996463418006897
912.2,1.9969024658203125
912.3000000000001,2.000494956970215
912.4000000000001,1.999683141708374
912.6,2.0063064098358154
912.6,2.0046873092651367
912.7,1.9973188638687134
912.8000000000001,1.998155117034912
912.9000000000001,1.9928532838821411
913.0000000000001,2.0079703330993652
913.1,2.003822088241577
913.2,1.9928507804870605
913.3000000000001,1.9933072328567505
913.4000000000001,1.9923149347305298
913.5000000000001,2.0064055919647217
913.6,2.0017147064208984
913.7,2.0076236724853516
913.8000000000001,1.9984502792358398
913.9000000000001,2.002016305923462
914.0000000000001,2.0038909912109375
914.1,2.01296067237854
914.2,2.0029921531677246
914.3000000000001,1.9963892698287964
914.4000000000001,2.004049062728882
914.5000000000001,1.9982662200927734
914.6,1.9969922304153442
914.7,1.995640754699707
914.8000000000001,2.0068295001983643
914.9000000000001,1.9860886335372925
915.0000000000001,1.997802495956421
915.1,1.9888617992401123
915.2,1.9938075542449951
915.3000000000001,1.9986495971679688
915.4000000000001,2.004107713699341
915.5000000000001,2.0016894340515137
915.6,2.014496326446533
915.7,1.9948458671569824
915.8000000000001,1.9920518398284912
915.9000000000001,1.9967443943023682
916.0000000000001,2.007126808166504
916.1,1.9942525625228882
916.2,2.00424861907959
916.3000000000001,1.9941253662109375
916.4000000000001,1.9967870712280273
916.5000000000001,1.9915624856948853
916.6,1.9953056573867798
916.7,1.9985809326171875
916.8000000000001,1.9883743524551392
916.9000000000001,1.9930975437164307
917.0000000000001,1.995949387550354
917.1,1.9783294200897217
917.2,1.9912160634994507
917.3000000000001,1.9844355583190918
917.4000000000001,2.0009546279907227
917.5000000000001,1.9878151416778564
917.6,1.9920979738235474
917.7,2.00460147857666
917.8000000000001,1.9910054206848145
917.9000000000001,1.9737348556518555
918.0000000000001,1.9948221445083618
918.1,1.9975098371505737
918.2,1.991891860961914
918.3000000000001,2.004256248474121
918.4000000000001,1.9929652214050293
918.5000000000001,1.9922152757644653
918.6,1.9875248670578003
918.7,1.9901161193847656
918.8000000000001,1.985553503036499
918.9000000000001,1.9861183166503906
919.0000000000001,1.998045563697815
919.1,1.9845083951950073
919.2,1.9940239191055298
919.3000000000001,1.9967706203460693
919.4000000000001,1.993998408317566
919.5000000000001,1.9970016479492188
919.6,1.9903228282928467
919.7,1.9994062185287476
919.8000000000001,1.9891921281814575
919.9000000000001,1.9755840301513672
920.0000000000001,1.998897671699524
920.1,1.9940879344940186
920.2,1.9916328191757202
920.3000000000001,1.9897266626358032
920.4000000000001,2.0022876262664795
920.5000000000001,1.987080693244934
920.6,1.9897233247756958
920.7,1.9892176389694214
920.8000000000001,1.9868985414505005
920.9000000000001,1.9966739416122437
921.0000000000001,1.9800500869750977
921.1,2.001237630844116
921.2,1.9929745197296143
921.3000000000001,1.9940398931503296
921.4000000000001,1.9761630296707153
921.5000000000001,1.9949930906295776
921.6,1.99335515499115
921.7,1.9851499795913696
921.8000000000001,1.988484501838684
921.9000000000001,1.9740551710128784
922.0000000000001,1.9934452772140503
922.1,1.9928030967712402
922.2,1.997048020362854
922.3000000000001,1.9850835800170898
922.4000000000001,1.989686369895935
922.5000000000001,1.9877781867980957
922.6,1.9817242622375488
922.7,1.9830297231674194
922.8000000000001,1.9805877208709717
922.9000000000001,1.985422968864441
923.0000000000001,1.9775738716125488
923.1,1.9954946041107178
923.2,1.9748456478118896
923.3000000000001,1.9897881746292114
923.4000000000001,1.9967809915542603
923.5000000000001,1.9824703931808472
923.6,1.9768328666687012
923.7,1.9981099367141724
923.8000000000001,1.996208906173706
923.9000000000001,1.9814101457595825
924.0000000000001,1.9719643592834473
924.1,1.9886564016342163
924.2,1.9910787343978882
924.3000000000001,1.996483564376831
924.4000000000001,1.990953803062439
924.5000000000001,1.994069218635559
924.6,1.9798429012298584
924.7,1.984035849571228
924.8000000000001,1.986161470413208
924.9000000000001,1.9859564304351807
925.0000000000001,1.9970682859420776
925.1,1.9685046672821045
925.2,1.9922899007797241
925.3000000000001,1.9903361797332764
925.4000000000001,1.9764870405197144
925.5000000000001,1.9953862428665161
925.6,1.9953441619873047
925.7,1.9858688116073608
925.8000000000001,1.9684544801712036
925.9000000000001,1.9860155582427979
926.0000000000001,1.9811506271362305
926.1,1.9847486019134521
926.2,1.982477068901062
926.3000000000001,1.9872229099273682
926.4000000000001,1.9816793203353882
926.5000000000001,1.988021731376648
926.6,1.9912257194519043
926.7,1.9870796203613281
926.8000000000001,1.975746750831604
926.9000000000001,1.9829738140106201
927.0000000000001,1.9873172044754028
927.1,1.9798179864883423
927.2,1.9731132984161377
927.3000000000001,1.9816347360610962
927.4000000000001,1.992485523223877
927.5000000000001,1.9833502769470215
927.6,1.9897478818893433
927.7,1.9938033819198608
927.8000000000001,1.981177806854248
927.9000000000001,1.9883652925491333
928.0000000000001,1.978648066520691
928.1,1.9845117330551147
928.2,1.991879940032959
928.3000000000001,1.9901952743530273
928.4000000000001,1.981354832649231
928.5000000000001,1.970945119857788
928.6,1.9853928089141846
928.7,1.9844551086425781
928.8000000000001,1.9868890047073364
928.9000000000001,1.9857492446899414
929.0000000000001,1.9866117238998413
929.1,1.977660059928894
929.2,1.9767909049987793
929.3000000000001,1.9827367067337036
929.4000000000001,1.9791535139083862
929.5000000000001,1.9923813343048096
929.6,1.9726704359054565
929.7,1.9815458059310913
929.8000000000001,1.9666732549667358
929.9000000000001,1.9771558046340942
930.0000000000001,1.986853837966919
930.1,1.9722727537155151
930.2,1.9790126085281372
930.3000000000001,1.9728922843933105
930.4000000000001,1.9880975484848022
930.5000000000001,1.973215103149414
930.6,1.9866489171981812
930.7,1.972352385520935
930.8000000000001,1.9676742553710938
930.9000000000001,1.9817712306976318
931.0000000000001,1.9747856855392456
931.1,1.9633369445800781
931.2,1.9871306419372559
931.3000000000001,1.9741647243499756
931.4000000000001,1.9603582620620728
931.5000000000001,1.9840449094772339
931.6,1.9688323736190796
931.7,1.9778516292572021
931.8000000000001,1.9827672243118286
931.9000000000001,1.9844224452972412
932.0000000000001,1.9706956148147583
932.1,1.9843064546585083
932.2,1.9816397428512573
932.3000000000001,1.9831349849700928
932.4000000000001,1.9827382564544678
932.5000000000001,1.9644854068756104
932.6,1.9767860174179077
932.7,1.9803205728530884
932.8000000000001,1.9751983880996704
932.9000000000001,1.9803234338760376
933.0000000000001,1.9838922023773193
933.1,1.9733232259750366
933.2,1.9888943433761597
933.3000000000001,1.9865349531173706
933.4000000000001,1.981290578842163
933.5000000000001,1.9857821464538574
933.6,1.9752209186553955
933.7,1.9808554649353027
933.8000000000001,1.97670578956604
933.9000000000001,1.9818313121795654
934.0000000000001,1.985776424407959
934.1,1.975992202758789
934.2,1.9778873920440674
934.3000000000001,1.9714547395706177
934.4000000000001,1.9694572687149048
934.5000000000001,1.9768565893173218
934.6,1.97461998462677
934.7,1.974839687347412
934.8000000000001,1.9709004163742065
934.9000000000001,1.97390878200531
935.0000000000001,1.985283374786377
935.1,1.9716782569885254
935.2,1.9713619947433472
935.3000000000001,1.9811897277832031
935.4000000000001,1.9717668294906616
935.5000000000001,1.9774960279464722
935.6,1.9878811836242676
935.7,1.9768006801605225
935.8000000000001,1.9748077392578125
935.9000000000001,1.9768284559249878
936.0000000000001,1.9652785062789917
936.1,1.9844882488250732
936.2,1.9716110229492188
936.3000000000001,1.971442699432373
936.4000000000001,1.972382664680481
936.5000000000001,1.9774507284164429
936.6,1.967538833618164
936.7,1.9788225889205933
936.8000000000001,1.9684463739395142
936.9000000000001,1.9723293781280518
937.0000000000001,1.9850242137908936
937.1,1.9735455513000488
937.2,1.9750494956970215
937.3000000000001,1.967794418334961
937.4000000000001,1.9557596445083618
937.5000000000001,1.9662367105484009
937.6,1.973554015159607
937.7,1.9683153629302979
937.8000000000001,1.9747813940048218
937.9000000000001,1.9749435186386108
938.0000000000001,1.9572117328643799
938.1,1.972947120666504
938.2,1.987928032875061
938.3000000000001,1.9642473459243774
938.4000000000001,1.9637646675109863
938.5000000000001,1.9837335348129272
938.6,1.9681631326675415
938.7,1.9826350212097168
938.8000000000001,1.963292121887207
938.9000000000001,1.9754364490509033
939.0000000000001,1.9805419445037842
939.1,1.9736673831939697
939.2,1.9653130769729614
939.3000000000001,1.9700466394424438
939.4000000000001,1.9655245542526245
939.5000000000001,1.9678791761398315
939.6,1.9712518453598022
939.7,1.9701744318008423
939.8000000000001,1.9683101177215576
939.9000000000001,1.9697670936584473
940.0000000000001,1.9724489450454712
940.1,1.963980793952942
940.2,1.96198570728302
940.3000000000001,1.971825122833252
940.4000000000001,1.975354552268982
940.5000000000001,1.96859610080719
940.6,1.9628814458847046
940.7,1.9689754247665405
940.8000000000001,1.9740657806396484
940.9000000000001,1.975966453552246
941.0000000000001,1.959565281867981
941.1,1.974194884300232
941.2,1.9664390087127686
941.3000000000001,1.9627352952957153
941.4000000000001,1.9692662954330444
941.5000000000001,1.9700390100479126
941.6,1.979575514793396
941.7,1.9685298204421997
941.8000000000001,1.9545891284942627
941.9000000000001,1.9536994695663452
942.0000000000001,1.966840386390686
942.1,1.9641345739364624
942.2,1.9638744592666626
942.3000000000001,1.9656257629394531
942.4000000000001,1.964477777481079
942.5000000000001,1.96180260181427
942.6,1.9662938117980957
942.7,1.96381413936615
942.8000000000001,1.9586111307144165
942.9000000000001,1.9626522064208984
943.0000000000001,1.9661649465560913
943.1,1.9687262773513794
943.2,1.9696372747421265
943.3000000000001,1.9716486930847168
943.4000000000001,1.9639685153961182
943.5000000000001,1.9705506563186646
943.6,1.9642037153244019
943.7,1.9587974548339844
943.8000000000001,1.9619877338409424
943.9000000000001,1.9689065217971802
944.0000000000001,1.9627865552902222
944.1,1.9731422662734985
944.2,1.9600489139556885
944.3000000000001,1.9710334539413452
944.4000000000001,1.9691457748413086
944.5000000000001,1.9603992700576782
944.6,1.9675583839416504
944.7,1.9772740602493286
944.8000000000001,1.9654977321624756
944.9000000000001,1.9685547351837158
945.0000000000001,1.9692420959472656
945.1,1.9665172100067139
945.2,1.9738253355026245
945.3000000000001,1.9634038209915161
945.4000000000001,1.9555214643478394
945.5000000000001,1.965311050415039
945.6,1.9724558591842651
945.7,1.9633985757827759
945.8000000000001,1.971483588218689
945.9000000000001,1.9655706882476807
946.0000000000001,1.974382758140564
946.1,1.9671000242233276
946.2,1.95933198928833
946.3000000000001,1.9718050956726074
946.4000000000001,1.9645885229110718
946.5000000000001,1.9669618606567383
946.6,1.9643523693084717
946.7,1.9566762447357178
946.8000000000001,1.962767243385315
946.9000000000001,1.9650014638900757
947.0000000000001,1.9613702297210693
947.1,1.9731721878051758
947.2,1.9653725624084473
947.3000000000001,1.9580390453338623
947.4000000000001,1.960788607597351
947.5000000000001,1.9573954343795776
947.6,1.952692985534668
947.7,1.9608094692230225
947.8000000000001,1.9539240598678589
947.9000000000001,1.9602826833724976
948.0000000000001,1.9637552499771118
948.1,1.9430447816848755
948.2,1.9587156772613525
948.3000000000001,1.95855712890625
948.4000000000001,1.9711108207702637
948.5000000000001,1.972647786140442
948.6,1.9640005826950073
948.7,1.9721587896347046
948.8000000000001,1.9509111642837524
948.9000000000001,1.9591312408447266
949.0000000000001,1.9591706991195679
949.1,1.9667166471481323
949.2,1.9697587490081787
949.3000000000001,1.9552110433578491
949.4000000000001,1.954307198524475
949.5000000000001,1.965066909790039
949.6,1.9616739749908447
949.7,1.9573349952697754
949.8000000000001,1.9736248254776
949.9000000000001,1.964455008506775
950.0000000000001,1.9489473104476929
950.1,1.9726881980895996
950.2,1.9623806476593018
950.3000000000001,1.963950753211975
950.4000000000001,1.9544285535812378
950.5000000000001,1.9632534980773926
950.6,1.961578130722046
950.7,1.9461315870285034
950.8000000000001,1.957303762435913
950.9000000000001,1.9685779809951782
951.0000000000001,1.958937168121338
951.1,1.9598182439804077
951.2,1.9590688943862915
951.3000000000001,1.9531850814819336
951.4000000000001,1.9633619785308838
951.5000000000001,1.9615651369094849
951.6,1.953652024269104
951.7,1.9532725811004639
951.8000000000001,1.9627360105514526
951.9000000000001,1.960988163948059
952.0000000000001,1.9585461616516113
952.1,1.9619431495666504
952.2,1.9498487710952759
952.3000000000001,1.9592669010162354
952.4000000000001,1.951947569847107
952.5000000000001,1.966652750968933
952.6,1.9602779150009155
952.7,1.9557799100875854
952.8000000000001,1.958414912223816
952.9000000000001,1.9562323093414307
953.0000000000001,1.9597687721252441
953.1,1.948569893836975
953.2,1.9635554552078247
953.3000000000001,1.9667621850967407
953.4000000000001,1.9663538932800293
953.5000000000001,1.9554084539413452
953.6,1.9550905227661133
953.7,1.9560010433197021
953.8000000000001,1.9708287715911865
953.9000000000001,1.9540197849273682
954.0000000000001,1.9580365419387817
954.1,1.946921467781067
954.2,1.952623724937439
954.3000000000001,1.9567878246307373
954.4000000000001,1.9665156602859497
954.5000000000001,1.9528295993804932
954.6,1.966203212738037
954.7,1.9518005847930908
954.8000000000001,1.956519365310669
954.9000000000001,1.944298505783081
955.0000000000001,1.9545034170150757
955.1,1.9469794034957886
955.2,1.9623117446899414
955.3000000000001,1.950909972190857
955.4000000000001,1.958307147026062
955.5000000000001,1.9541255235671997
955.6,1.959729552268982
955.7,1.9529415369033813
955.8000000000001,1.9682257175445557
955.9000000000001,1.9575328826904297
956.0000000000001,1.9556832313537598
956.1,1.9536454677581787
956.2,1.9588288068771362
956.3000000000001,1.9531793594360352
956.4000000000001,1.961893916130066
956.5000000000001,1.964594841003418
956.6,1.9382588863372803
956.7,1.9606778621673584
956.8000000000001,1.9542231559753418
956.9000000000001,1.960478663444519
957.0000000000001,1.957668423652649
957.1,1.9553847312927246
957.2,1.9497236013412476
957.3000000000001,1.9558521509170532
957.4000000000001,1.9526424407958984
957.5000000000001,1.9586092233657837
957.6,1.9479084014892578
957.7,1.948689579963684
957.8000000000001,1.9560543298721313
957.9000000000001,1.9661778211593628
958.0000000000001,1.963647484779358
958.1,1.9564005136489868
958.2,1.9529756307601929
958.3000000000001,1.9655672311782837
958.4000000000001,1.954784631729126
958.5000000000001,1.9569412469863892
958.6,1.9576685428619385
958.7,1.955135464668274
958.8000000000001,1.9546111822128296
958.9000000000001,1.9594696760177612
959.0000000000001,1.9579523801803589
959.1,1.9579498767852783
959.2,1.9688193798065186
959.3000000000001,1.9564505815505981
959.4000000000001,1.9601086378097534
959.5000000000001,1.958023190498352
959.6,1.9614778757095337
959.7,1.9492058753967285
959.8000000000001,1.939537525177002
959.9000000000001,1.9463564157485962
960.0000000000001,1.9586982727050781
960.1,1.9523954391479492
960.2,1.9564915895462036
960.3000000000001,1.9449142217636108
960.4000000000001,1.9448188543319702
960.5000000000001,1.9467735290527344
960.6,1.9301820993423462
960.7,1.9409019947052002
960.8000000000001,1.9534144401550293
960.9000000000001,1.9428560733795166
961.0000000000001,1.9556591510772705
961.1,1.944946527481079
961.2,1.946074366569519
961.3000000000001,1.958076000213623
961.4000000000001,1.9418466091156006
961.5000000000001,1.9554606676101685
961.6,1.9636563062667847
961.7,1.960455060005188
961.8000000000001,1.9533424377441406
961.9000000000001,1.9447057247161865
962.0000000000001,1.9373995065689087
962.1,1.94735586643219
962.2,1.9535744190216064
962.3000000000001,1.9450767040252686
962.4000000000001,1.9557777643203735
962.5000000000001,1.9491642713546753
962.6,1.9513779878616333
962.7,1.9601929187774658
962.8000000000001,1.9651609659194946
962.9000000000001,1.9382785558700562
963.0000000000001,1.9522732496261597
963.1,1.9526504278182983
963.2,1.9371740818023682
963.3000000000001,1.9549219608306885
963.4000000000001,1.9467729330062866
963.5000000000001,1.9398502111434937
963.6,1.9485392570495605
963.7,1.9553203582763672
963.8000000000001,1.9474862813949585
963.9000000000001,1.946320652961731
964.0000000000001,1.9540200233459473
964.1,1.946470856666565
964.2,1.9569523334503174
964.3000000000001,1.9357324838638306
964.4000000000001,1.9541641473770142
964.5000000000001,1.950198769569397
964.6,1.9516284465789795
964.7,1.9599740505218506
964.8000000000001,1.9595465660095215
964.9000000000001,1.9534322023391724
965.0000000000001,1.9515937566757202
965.1,1.9561386108398438
965.2,1.9372462034225464
965.3000000000001,1.9518088102340698
965.4000000000001,1.9351180791854858
965.5000000000001,1.9587851762771606
965.6,1.9441862106323242
965.7,1.950386881828308
965.8000000000001,1.9483163356781006
965.9000000000001,1.9379432201385498
966.0000000000001,1.9518080949783325
966.1,1.941824197769165
966.2,1.9505890607833862
966.3000000000001,1.9604214429855347
966.4000000000001,1.9528297185897827
966.5000000000001,1.9538147449493408
966.6,1.9449849128723145
966.7,1.9531705379486084
966.8000000000001,1.9407788515090942
966.9000000000001,1.9344220161437988
967.0000000000001,1.9470133781433105
967.1,1.9428759813308716
967.2,1.949729561805725
967.3000000000001,1.9467581510543823
967.4000000000001,1.948362946510315
967.5000000000001,1.9617785215377808
967.6,1.9547655582427979
967.7,1.9574586153030396
967.8000000000001,1.9452452659606934
967.9000000000001,1.9416805505752563
968.0000000000001,1.9613642692565918
968.1,1.9551218748092651
968.2,1.9484676122665405
968.3000000000001,1.955749750137329
968.4000000000001,1.9532802104949951
968.5000000000001,1.9559792280197144
968.6,1.938077688217163
968.7,1.9484660625457764
968.8000000000001,1.9502029418945312
968.9000000000001,1.9576561450958252
969.0000000000001,1.9354921579360962
969.1,1.9527080059051514
969.2,1.9486502408981323
969.3000000000001,1.941161036491394
969.4000000000001,1.9373294115066528
969.5000000000001,1.9531456232070923
969.6,1.9504033327102661
969.7,1.9574933052062988
969.8000000000001,1.9554026126861572
969.9000000000001,1.9337297677993774
970.0000000000001,1.945421576499939
970.1,1.9399632215499878
970.2,1.9540811777114868
970.3000000000001,1.9568668603897095
970.4000000000001,1.9490723609924316
970.5000000000001,1.9523663520812988
970.6,1.9423972368240356
970.7,1.9461658000946045
970.8000000000001,1.9308441877365112
970.9000000000001,1.930373191833496
971.0000000000001,1.9399725198745728
971.1,1.9445608854293823
971.2,1.9642078876495361
971.3000000000001,1.9505528211593628
971.4000000000001,1.9515841007232666
971.5000000000001,1.9535272121429443
971.6,1.944650650024414
971.7,1.9458216428756714
971.8000000000001,1.9476011991500854
971.9000000000001,1.939058780670166
972.0000000000001,1.9453259706497192
972.1,1.9555320739746094
972.2,1.9464223384857178
972.3000000000001,1.931452989578247
972.4000000000001,1.940118432044983
972.5000000000001,1.9416160583496094
972.6,1.9460327625274658
972.7,1.948929786682129
972.8000000000001,1.9431058168411255
972.9000000000001,1.9434059858322144
973.0000000000001,1.9489092826843262
973.1,1.9515684843063354
973.2,1.9483935832977295
973.3000000000001,1.9461959600448608
973.4000000000001,1.942826271057129
973.5000000000001,1.9562103748321533
973.6,1.9526287317276
973.7,1.94199538230896
973.8000000000001,1.9482097625732422
973.9000000000001,1.9494109153747559
974.0000000000001,1.948882818222046
974.1,1.9449795484542847
974.2,1.9448599815368652
974.3000000000001,1.9431545734405518
974.4000000000001,1.9314348697662354
974.5000000000001,1.9392175674438477
974.6,1.947530746459961
974.7,1.9426453113555908
974.8000000000001,1.9331949949264526
974.9000000000001,1.943275809288025
975.0000000000001,1.939249038696289
975.1,1.9501686096191406
975.2,1.944973349571228
975.3000000000001,1.9408440589904785
975.4000000000001,1.9474542140960693
975.5000000000001,1.9468917846679688
975.6,1.942822813987732
975.7,1.9252454042434692
975.8000000000001,1.935901165008545
975.9000000000001,1.9338358640670776
976.0000000000001,1.9489847421646118
976.1,1.9381197690963745
976.2,1.9451900720596313
976.3000000000001,1.920007348060608
976.4000000000001,1.94246244430542
976.5000000000001,1.9487276077270508
976.6,1.9507288932800293
976.7,1.9559820890426636
976.8000000000001,1.9430952072143555
976.9000000000001,1.9450514316558838
977.0000000000001,1.9553595781326294
977.1,1.9483649730682373
977.2,1.9466304779052734
977.3000000000001,1.935616135597229
977.4000000000001,1.943691611289978
977.5000000000001,1.9382531642913818
977.6,1.9479018449783325
977.7,1.9469014406204224
977.8000000000001,1.9479526281356812
977.9000000000001,1.9403868913650513
978.0000000000001,1.9474600553512573
978.1,1.9473968744277954
978.2,1.9465137720108032
978.3000000000001,1.9578913450241089
978.4000000000001,1.9319006204605103
978.5000000000001,1.944417953491211
978.6,1.9547533988952637
978.7,1.9463896751403809
978.8000000000001,1.947819471359253
978.9000000000001,1.9428446292877197
979.0000000000001,1.9448344707489014
979.1,1.9405192136764526
979.2,1.9321626424789429
979.3000000000001,1.9447835683822632
979.4000000000001,1.9429415464401245
979.5000000000001,1.9358400106430054
979.6,1.9471274614334106
979.7,1.9341505765914917
979.8000000000001,1.9369781017303467
979.9000000000001,1.9335927963256836
980.0000000000001,1.939825177192688
980.1,1.9451265335083008
980.2,1.9399051666259766
980.3000000000001,1.9381823539733887
980.4000000000001,1.940964937210083
980.5000000000001,1.944196343421936
980.6,1.9408332109451294
980.7,1.9462143182754517
980.8000000000001,1.933720588684082
980.9000000000001,1.93025803565979
981.0000000000001,1.9547646045684814
981.1,1.9376533031463623
981.2,1.9473028182983398
981.3000000000001,1.9342576265335083
981.4000000000001,1.9394419193267822
981.5000000000001,1.9463871717453003
981.6,1.9349873065948486
981.7,1.9310425519943237
981.8000000000001,1.9395866394042969
981.9000000000001,1.9491381645202637
982.0000000000001,1.946456789970398
982.1,1.9456993341445923
982.2,1.928102970123291
982.3000000000001,1.940888524055481
982.4000000000001,1.948639988899231
982.5000000000001,1.943732500076294
982.6,1.9400314092636108
982.7,1.9408360719680786
982.8000000000001,1.9330239295959473
982.9000000000001,1.9461114406585693
983.0000000000001,1.9245166778564453
983.1,1.951380729675293
983.2,1.9323365688323975
983.3000000000001,1.9479129314422607
983.4000000000001,1.9378235340118408
983.5000000000001,1.9509795904159546
983.6,1.9373522996902466
983.7,1.9423598051071167
983.8000000000001,1.9364525079727173
983.9000000000001,1.9490878582000732
984.0000000000001,1.9365968704223633
984.1,1.9512073993682861
984.2,1.9415980577468872
984.3000000000001,1.935556411743164
984.4000000000001,1.9409892559051514
984.5000000000001,1.9441488981246948
984.6,1.949634313583374
984.7,1.9308639764785767
984.8000000000001,1.9401146173477173
984.9000000000001,1.9415563344955444
985.0000000000001,1.926823377609253
985.1,1.9453508853912354
985.2,1.9413150548934937
985.3000000000001,1.9387054443359375
985.4000000000001,1.9403066635131836
985.5000000000001,1.9456602334976196
985.6,1.9393213987350464
985.7,1.9402990341186523
985.8000000000001,1.929520606994629
985.9000000000001,1.9450438022613525
986.0000000000001,1.9408260583877563
986.1,1.9488741159439087
986.2,1.9411135911941528
986.3000000000001,1.9398380517959595
986.4000000000001,1.937901258468628
986.5000000000001,1.936113715171814
986.6,1.9468928575515747
986.7,1.9183567762374878
986.8000000000001,1.9275400638580322
986.9000000000001,1.943967580795288
987.0000000000001,1.9373021125793457
987.1,1.927990436553955
987.2,1.926855206489563
987.3000000000001,1.9317691326141357
987.4000000000001,1.9283721446990967
987.5000000000001,1.9391120672225952
987.6,1.9406884908676147
987.7,1.9235762357711792
987.8000000000001,1.9476231336593628
987.9000000000001,1.937877893447876
988.0000000000001,1.9377760887145996
988.1,1.940198540687561
988.2,1.9320576190948486
988.3000000000001,1.9335168600082397
988.4000000000001,1.9305824041366577
988.5000000000001,1.9309428930282593
988.6,1.9378125667572021
988.7,1.9291493892669678
988.8000000000001,1.9185640811920166
988.9000000000001,1.9396578073501587
989.0000000000001,1.9409023523330688
989.1,1.9375947713851929
989.2,1.9325809478759766
989.3000000000001,1.9263553619384766
989.4000000000001,1.9186333417892456
989.5000000000001,1.9373223781585693
989.6,1.9396770000457764
989.7,1.9293872117996216
989.8000000000001,1.9304211139678955
989.9000000000001,1.9338377714157104
990.0000000000001,1.9447747468948364
990.1,1.9203822612762451
990.2,1.9301189184188843
990.3000000000001,1.9289230108261108
990.4000000000001,1.9299665689468384
990.5000000000001,1.936555027961731
990.6,1.9401694536209106
990.7,1.9393401145935059
990.8000000000001,1.9362109899520874
990.9000000000001,1.9379712343215942
991.0000000000001,1.9398103952407837
991.1,1.9334203004837036
991.2,1.9298096895217896
991.3000000000001,1.9270626306533813
991.4000000000001,1.939019799232483
991.5000000000001,1.929728627204895
991.6,1.9522308111190796
991.7,1.9261255264282227
991.8000000000001,1.9470986127853394
991.9000000000001,1.9363534450531006
992.0000000000001,1.9408992528915405
992.1,1.9360984563827515
992.2,1.9369078874588013
992.3000000000001,1.9404982328414917
992.4000000000001,1.9395006895065308
992.5000000000001,1.9254769086837769
992.6,1.9483686685562134
992.7,1.9401177167892456
992.8000000000001,1.9353134632110596
992.9000000000001,1.9242267608642578
993.0000000000001,1.9328560829162598
993.1,1.936811089515686
993.2,1.9451816082000732
993.3000000000001,1.933724284172058
993.4000000000001,1.9356440305709839
993.5000000000001,1.9364389181137085
993.6,1.9383341073989868
993.7,1.9446649551391602
993.8000000000001,1.934360146522522
993.9000000000001,1.933246374130249
994.0000000000001,1.94529390335083
994.1,1.9376084804534912
994.2,1.9405038356781006
994.3000000000001,1.9392318725585938
994.4000000000001,1.9278926849365234
994.5000000000001,1.933232307434082
994.6,1.943787932395935
994.7,1.9432880878448486
994.8000000000001,1.9372838735580444
994.9000000000001,1.9434146881103516
995.0000000000001,1.945133090019226
995.1,1.931241512298584
995.2,1.9465770721435547
995.3000000000001,1.9396464824676514
995.4000000000001,1.9316884279251099
995.5000000000001,1.9481089115142822
995.6,1.9248127937316895
995.7,1.9336042404174805
995.8000000000001,1.9296036958694458
995.9000000000001,1.925168514251709
996.0000000000001,1.9391846656799316
996.1,1.9515053033828735
996.2,1.9495456218719482
996.3000000000001,1.9427578449249268
996.4000000000001,1.9414012432098389
996.5000000000001,1.938341736793518
996.6,1.9348993301391602
996.7,1.9418367147445679
996.8000000000001,1.9369778633117676
996.9000000000001,1.9403926134109497
997.0000000000001,1.9364955425262451
997.1,1.929321527481079
997.2,1.9362934827804565
997.3000000000001,1.929706335067749
997.4000000000001,1.93075430393219
997.5000000000001,1.928714632987976
997.6,1.9366527795791626
997.7,1.9371778964996338
997.8000000000001,1.9159929752349854
997.9000000000001,1.9335426092147827
998.0000000000001,1.9389197826385498
998.1,1.934908151626587
998.2,1.931969165802002
998.3000000000001,1.9339426755905151
998.4000000000001,1.9417716264724731
998.5000000000001,1.9384671449661255
998.6,1.935123085975647
998.7,1.9374841451644897
998.8000000000001,1.9309698343276978
998.9000000000001,1.9351598024368286
999.0000000000001,1.9306488037109375
999.1,1.939711093902588
999.2,1.9391287565231323
999.3000000000001,1.9294416904449463
999.4000000000001,1.935136079788208
999.5000000000001,1.9327887296676636
999.6,1.9402012825012207
999.7,1.9322988986968994
999.8000000000001,1.9369333982467651
999.9000000000001,1.9247846603393555
1000.0000000000001,1.9314161539077759
1000.1,1.9257586002349854
1000.2,1.9380834102630615
1000.3000000000001,1.9328685998916626
1000.4000000000001,1.9338431358337402
1000.5000000000001,1.9256306886672974
1000.6,1.9315810203552246
1000.7,1.9258537292480469
1000.8000000000001,1.9363679885864258
1000.9000000000001,1.9414347410202026
1001.0000000000001,1.9465115070343018
1001.1,1.9301759004592896
1001.2,1.9249310493469238
1001.3000000000001,1.9236738681793213
1001.4000000000001,1.9436763525009155
1001.5000000000001,1.9190093278884888
1001.6,1.9365832805633545
1001.7,1.9374079704284668
1001.8000000000001,1.9292349815368652
1001.9000000000001,1.9399526119232178
1002.0000000000001,1.935689091682434
1002.1,1.935716986656189
1002.2,1.9417312145233154
1002.3000000000001,1.9432095289230347
1002.4000000000001,1.9393230676651
1002.5000000000001,1.9354931116104126
1002.6,1.9284852743148804
1002.7,1.9444001913070679
1002.8000000000001,1.932414174079895
1002.9000000000001,1.926590085029602
1003.0000000000001,1.9342142343521118
1003.1,1.9389084577560425
1003.2,1.9312249422073364
1003.3000000000001,1.9390981197357178
1003.4000000000001,1.9291584491729736
1003.5000000000001,1.9343606233596802
1003.6,1.935135841369629
1003.7,1.9279297590255737
1003.8000000000001,1.9330235719680786
1003.9000000000001,1.9215878248214722
1004.0000000000001,1.934701919555664
1004.1,1.9366042613983154
1004.2,1.9405577182769775
1004.3000000000001,1.936515212059021
1004.4000000000001,1.9306466579437256
1004.5000000000001,1.937259554862976
1004.6,1.943419098854065
1004.7,1.930684208869934
1004.8000000000001,1.932141900062561
1004.9000000000001,1.9383337497711182
1005.0000000000001,1.944754958152771
1005.1,1.9267724752426147
1005.2,1.936336874961853
1005.3000000000001,1.9263733625411987
1005.4000000000001,1.9396275281906128
1005.5000000000001,1.925065040588379
1005.6,1.9446399211883545
1005.7,1.9307994842529297
1005.8000000000001,1.9354954957962036
1005.9000000000001,1.9385756254196167
1006.0000000000001,1.9332969188690186
1006.1,1.9326528310775757
1006.2,1.916982650756836
1006.3000000000001,1.93467378616333
1006.4000000000001,1.9317312240600586
1006.5000000000001,1.9405853748321533
1006.6,1.927827000617981
1006.7,1.9234764575958252
1006.8000000000001,1.9274306297302246
1006.9000000000001,1.9295134544372559
1007.0000000000001,1.9337162971496582
1007.1,1.934619426727295
1007.2,1.9221711158752441
1007.3000000000001,1.9424289464950562
1007.4000000000001,1.935646414756775
1007.5000000000001,1.9261608123779297
1007.6,1.9330657720565796
1007.7,1.9350637197494507
1007.8000000000001,1.9435025453567505
1007.9000000000001,1.9324393272399902
1008.0000000000001,1.9276050329208374
1008.1,1.929707646369934
1008.2,1.943070650100708
1008.3000000000001,1.9258111715316772
1008.4000000000001,1.9367340803146362
1008.5000000000001,1.937696099281311
1008.6,1.924452543258667
1008.7,1.9458210468292236
1008.8000000000001,1.9343185424804688
1008.9000000000001,1.932346224784851
1009.0000000000001,1.9302699565887451
1009.1,1.9381505250930786
1009.2,1.9363315105438232
1009.3000000000001,1.9350793361663818
1009.4000000000001,1.9355080127716064
1009.5000000000001,1.9379477500915527
1009.6,1.936872124671936
1009.7,1.9384487867355347
1009.8000000000001,1.9392707347869873
1009.9000000000001,1.9287734031677246
1010.0000000000001,1.925960659980774
1010.1,1.9279727935791016
1010.2,1.9326683282852173
1010.3000000000001,1.926972508430481
1010.4000000000001,1.937855839729309
1010.5000000000001,1.9154232740402222
1010.6,1.9413303136825562
1010.7,1.9410582780838013
1010.8000000000001,1.924670934677124
1010.9000000000001,1.9288688898086548
1011.0000000000001,1.9289324283599854
1011.1,1.9452465772628784
1011.2,1.936713457107544
1011.3000000000001,1.9405734539031982
1011.4000000000001,1.938960075378418
1011.5000000000001,1.9325518608093262
1011.6,1.9407505989074707
1011.7,1.9336060285568237
1011.8000000000001,1.9395384788513184
1011.9000000000001,1.9274734258651733
1012.0000000000001,1.9364701509475708
1012.1,1.9339066743850708
1012.2,1.9188189506530762
1012.3000000000001,1.9299695491790771
1012.4000000000001,1.940245509147644
1012.5000000000001,1.9384516477584839
1012.6,1.930463433265686
1012.7,1.9346847534179688
1012.8000000000001,1.9361950159072876
1012.9000000000001,1.9285544157028198
1013.0000000000001,1.9326214790344238
1013.1,1.9200950860977173
1013.2,1.936456322669983
1013.3000000000001,1.931604266166687
1013.4000000000001,1.9351367950439453
1013.5000000000001,1.9395002126693726
1013.6,1.9394818544387817
1013.7,1.9314942359924316
1013.8000000000001,1.9334088563919067
1013.9000000000001,1.9344857931137085
1014.0000000000001,1.9324557781219482
1014.1,1.9378960132598877
1014.2,1.9329661130905151
1014.3000000000001,1.9284937381744385
1014.4000000000001,1.9327491521835327
1014.5000000000001,1.9244542121887207
1014.6,1.932090401649475
1014.7,1.9293245077133179
1014.8000000000001,1.941521167755127
1014.9000000000001,1.9321244955062866
1015.0000000000001,1.9332093000411987
1015.1,1.9268664121627808
1015.2,1.935158371925354
1015.3000000000001,1.9301902055740356
1015.4000000000001,1.93095862865448
1015.5000000000001,1.9361871480941772
1015.6,1.9296965599060059
1015.7,1.9259392023086548
1015.8000000000001,1.9364501237869263
1015.9000000000001,1.9312893152236938
1016.0000000000001,1.9305720329284668
1016.1,1.9334263801574707
1016.2,1.9400970935821533
1016.3000000000001,1.9317814111709595
1016.4000000000001,1.9359544515609741
1016.5000000000001,1.9365837574005127
1016.6,1.9154889583587646
1016.7,1.9375768899917603
1016.8000000000001,1.9294861555099487
1016.9000000000001,1.9317049980163574
1017.0000000000001,1.9380093812942505
1017.1,1.9321972131729126
1017.2,1.9342106580734253
1017.3000000000001,1.9231109619140625
1017.4000000000001,1.9206397533416748
1017.5000000000001,1.9341169595718384
1017.6,1.9227021932601929
1017.7,1.9264310598373413
1017.8000000000001,1.9294123649597168
1017.9000000000001,1.9356865882873535
1018.0000000000001,1.9275678396224976
1018.1,1.9349842071533203
1018.2,1.9339241981506348
1018.3000000000001,1.94088876247406
1018.4000000000001,1.9446147680282593
1018.5000000000001,1.93930983543396
1018.6,1.9346832036972046
1018.7,1.925586223602295
1018.8000000000001,1.9286054372787476
1018.9000000000001,1.9388195276260376
1019.0000000000001,1.936734676361084
1019.1,1.9327045679092407
1019.2,1.9303693771362305
1019.3000000000001,1.9404826164245605
1019.4000000000001,1.94224214553833
1019.5000000000001,1.9246242046356201
1019.6,1.9326579570770264
1019.7,1.936416745185852
1019.8000000000001,1.9318456649780273
1019.9000000000001,1.9175828695297241
1020.0000000000001,1.9420629739761353
1020.1,1.9382115602493286
1020.2,1.9349013566970825
1020.3000000000001,1.9466114044189453
1020.4000000000001,1.9342514276504517
1020.5000000000001,1.941471815109253
1020.6,1.9444668292999268
1020.7,1.938592553138733
1020.8000000000001,1.9348664283752441
1020.9000000000001,1.9407429695129395
1021.0000000000001,1.9220637083053589
1021.1,1.9367913007736206
1021.2,1.9384584426879883
1021.3000000000001,1.9279779195785522
1021.4000000000001,1.937665343284607
1021.5000000000001,1.9260512590408325
1021.6,1.9303611516952515
1021.7,1.9409840106964111
1021.8000000000001,1.929040551185608
1021.9000000000001,1.9250072240829468
1022.0000000000001,1.9174741506576538
1022.1,1.9322551488876343
1022.2,1.9423984289169312
1022.3000000000001,1.9407793283462524
1022.4000000000001,1.9214645624160767
1022.5000000000001,1.93671715259552
1022.6,1.9382799863815308
1022.7,1.9313032627105713
1022.8000000000001,1.9270671606063843
1022.9000000000001,1.9443962574005127
1023.0000000000001,1.9345736503601074
1023.1,1.9205491542816162
1023.2,1.9360766410827637
1023.3000000000001,1.930181860923767
1023.4000000000001,1.9399579763412476
1023.5000000000001,1.9297212362289429
1023.6,1.927500605583191
1023.7,1.9242808818817139
1023.8000000000001,1.9227453470230103
1023.9000000000001,1.9235539436340332
1024.0,1.9413646459579468
1024.1000000000001,1.9350016117095947
1024.2,1.93343186378479
1024.3,1.943005919456482
1024.4,1.924082636833191
1024.5,1.925923228263855
1024.6000000000001,1.923300862312317
1024.7,1.9399693012237549
1024.8,1.9361937046051025
1024.9,1.933183193206787
1025.0,1.9280333518981934
1025.1000000000001,1.9397398233413696
1025.2,1.9279237985610962
1025.3,1.935284972190857
1025.4,1.934759497642517
1025.5,1.940883755683899
1025.6000000000001,1.9417916536331177
1025.7,1.9299553632736206
1025.8,1.9267821311950684
1025.9,1.936364769935608
1026.0,1.9473446607589722
1026.1000000000001,1.9316738843917847
1026.2,1.9437987804412842
1026.3,1.92595636844635
1026.4,1.9329227209091187
1026.5,1.9399455785751343
1026.6000000000001,1.9326931238174438
1026.7,1.9432247877120972
1026.8,1.9356275796890259
1026.9,1.93439519405365
1027.0,1.927761197090149
1027.1000000000001,1.932694911956787
1027.2,1.9387375116348267
1027.3,1.9318770170211792
1027.4,1.9239858388900757
1027.5,1.9404703378677368
1027.6000000000001,1.9381226301193237
1027.7,1.9483528137207031
1027.8,1.9388411045074463
1027.9,1.9340126514434814
1028.0,1.9369627237319946
1028.1000000000001,1.9349647760391235
1028.2,1.9463788270950317
1028.3,1.9424618482589722
1028.4,1.939335584640503
1028.5,1.9471973180770874
1028.6000000000001,1.9352867603302002
1028.7,1.9456194639205933
1028.8,1.9340389966964722
1028.9,1.9420653581619263
1029.0,1.9388810396194458
1029.1000000000001,1.9163715839385986
1029.2,1.9495058059692383
1029.3,1.9318643808364868
1029.4,1.921288013458252
1029.5,1.9275004863739014
1029.6000000000001,1.9521019458770752
1029.7,1.9294350147247314
1029.8,1.938532829284668
1029.9,1.9297795295715332
1030.0,1.9340282678604126
1030.1000000000001,1.9297055006027222
1030.2,1.9301542043685913
1030.3,1.935099482536316
1030.4,1.940039873123169
1030.5,1.9314508438110352
1030.6000000000001,1.9390292167663574
1030.7,1.9406094551086426
1030.8,1.9419655799865723
1030.9,1.9325196743011475
1031.0,1.9292136430740356
1031.1000000000001,1.941031813621521
1031.2,1.9361475706100464
1031.3,1.934558629989624
1031.4,1.9364149570465088
1031.5,1.9380385875701904
1031.6000000000001,1.9286096096038818
1031.7,1.941942811012268
1031.8,1.932501196861267
1031.9,1.9376780986785889
1032.0,1.9298983812332153
1032.1000000000001,1.9453773498535156
1032.2,1.9482375383377075
1032.3,1.9394848346710205
1032.4,1.9394290447235107
1032.5,1.930696725845337
1032.6000000000001,1.9472564458847046
1032.7,1.9364715814590454
1032.8,1.9452811479568481
1032.9,1.9456042051315308
1033.0,1.928645133972168
1033.1000000000001,1.9453227519989014
1033.2,1.94862961769104
1033.3,1.9289902448654175
1033.4,1.9407209157943726
1033.5,1.9339981079101562
1033.6000000000001,1.9334393739700317
1033.7,1.9286075830459595
1033.8,1.9369806051254272
1033.9,1.9452358484268188
1034.0,1.9433462619781494
1034.1000000000001,1.939371943473816
1034.2,1.9427598714828491
1034.3,1.9258708953857422
1034.4,1.9292789697647095
1034.5,1.9439845085144043
1034.6000000000001,1.9222805500030518
1034.7,1.939695954322815
1034.8,1.9346550703048706
1034.9,1.9500800371170044
1035.0,1.9433163404464722
1035.1000000000001,1.9312033653259277
1035.2,1.9339746236801147
1035.3,1.9295620918273926
1035.4,1.9301024675369263
1035.5,1.9403107166290283
1035.6000000000001,1.9324378967285156
1035.7,1.9493098258972168
1035.8,1.9186131954193115
1035.9,1.9302797317504883
1036.0,1.9389156103134155
1036.1000000000001,1.9316973686218262
1036.2,1.9354721307754517
1036.3,1.9381667375564575
1036.4,1.9253307580947876
1036.5,1.9369618892669678
1036.6000000000001,1.9410115480422974
1036.7,1.9443434476852417
1036.8,1.9424448013305664
1036.9,1.9540953636169434
1037.0,1.9471930265426636
1037.1000000000001,1.9277952909469604
1037.2,1.9414960145950317
1037.3,1.9441869258880615
1037.4,1.9397646188735962
1037.5,1.918937087059021
1037.6000000000001,1.9258153438568115
1037.7,1.939994215965271
1037.8,1.9403315782546997
1037.9,1.9295283555984497
1038.0,1.9434514045715332
1038.1000000000001,1.94066321849823
1038.2,1.9337475299835205
1038.3,1.9316520690917969
1038.4,1.9289097785949707
1038.5,1.9334394931793213
1038.6000000000001,1.9348849058151245
1038.7,1.9408506155014038
1038.8,1.9478322267532349
1038.9,1.9390861988067627
1039.0,1.935511827468872
1039.1000000000001,1.9236003160476685
1039.2,1.9299473762512207
1039.3,1.9348793029785156
1039.4,1.9396029710769653
1039.5,1.9226703643798828
1039.6000000000001,1.9311407804489136
1039.7,1.9429458379745483
1039.8,1.9327118396759033
1039.9,1.944656491279602
1040.0,1.932968020439148
1040.1000000000001,1.9411989450454712
1040.2,1.9365404844284058
1040.3,1.9335741996765137
1040.4,1.9286956787109375
1040.5,1.940382480621338
1040.6000000000001,1.9414827823638916
1040.7,1.9363726377487183
1040.8,1.9297828674316406
1040.9,1.93080735206604
1041.0,1.925854206085205
1041.1000000000001,1.9420597553253174
1041.2,1.9314926862716675
1041.3,1.9370654821395874
1041.4,1.9459158182144165
1041.5,1.9463452100753784
1041.6000000000001,1.9486640691757202
1041.7,1.940200924873352
1041.8,1.9368535280227661
1041.9,1.9501967430114746
1042.0,1.940312147140503
1042.1000000000001,1.9418582916259766
1042.2,1.9414803981781006
1042.3,1.942122459411621
1042.4,1.9429030418395996
1042.5,1.9417206048965454
1042.6000000000001,1.9338021278381348
1042.7,1.9330157041549683
1042.8,1.936265230178833
1042.9,1.9408456087112427
1043.0,1.940378189086914
1043.1000000000001,1.930700421333313
1043.2,1.9448577165603638
1043.3,1.9430912733078003
1043.4,1.9384071826934814
1043.5,1.924791693687439
1043.6000000000001,1.941887617111206
1043.7,1.9323861598968506
1043.8,1.9425301551818848
1043.9,1.9439582824707031
1044.0,1.9305446147918701
1044.1000000000001,1.9455797672271729
1044.2,1.9363949298858643
1044.3,1.9392722845077515
1044.4,1.9377833604812622
1044.5,1.9472726583480835
1044.6000000000001,1.944478154182434
1044.7,1.9520847797393799
1044.8,1.9386537075042725
1044.9,1.937400221824646
1045.0,1.9405888319015503
1045.1000000000001,1.9428646564483643
1045.2,1.9294447898864746
1045.3,1.9363116025924683
1045.4,1.9435561895370483
1045.5,1.9407353401184082
1045.6000000000001,1.9381911754608154
1045.7,1.9338383674621582
1045.8,1.9361956119537354
1045.9,1.9434725046157837
1046.0,1.9409494400024414
1046.1000000000001,1.944687843322754
1046.2,1.943820595741272
1046.3,1.9313609600067139
1046.4,1.9406049251556396
1046.5,1.922959566116333
1046.6000000000001,1.937511682510376
1046.7,1.9425886869430542
1046.8,1.9407423734664917
1046.9,1.9406898021697998
1047.0,1.9448119401931763
1047.1000000000001,1.9341301918029785
1047.2,1.9377161264419556
1047.3,1.9327737092971802
1047.4,1.9463939666748047
1047.5,1.930996298789978
1047.6000000000001,1.9408029317855835
1047.7,1.943327784538269
1047.8,1.9413121938705444
1047.9,1.9424171447753906
1048.0,1.9310933351516724
1048.1000000000001,1.940987229347229
1048.2,1.9418818950653076
1048.3,1.9376929998397827
1048.4,1.948644995689392
1048.5,1.9373210668563843
1048.6000000000001,1.9455174207687378
1048.7,1.9465492963790894
1048.8,1.9434616565704346
1048.9,1.948341727256775
1049.0,1.9302091598510742
1049.1000000000001,1.9452279806137085
1049.2,1.9413044452667236
1049.3,1.949155569076538
1049.4,1.9412729740142822
1049.5,1.938608169555664
1049.6000000000001,1.9267996549606323
1049.7,1.9357844591140747
1049.8,1.9266597032546997
1049.9,1.952293038368225
1050.0,1.9387381076812744
1050.1000000000001,1.9329043626785278
1050.2,1.9373797178268433
1050.3,1.9486010074615479
1050.4,1.948639988899231
1050.5,1.9382869005203247
1050.6000000000001,1.9570902585983276
1050.7,1.94447660446167
1050.8,1.9443198442459106
1050.9,1.9465245008468628
1051.0,1.9339758157730103
1051.1000000000001,1.9497357606887817
1051.2,1.9390013217926025
1051.3,1.9342317581176758
1051.4,1.9265084266662598
1051.5,1.9513541460037231
1051.6000000000001,1.9320504665374756
1051.7,1.946367859840393
1051.8,1.9382624626159668
1051.9,1.9438714981079102
1052.0,1.940380573272705
1052.1000000000001,1.9447176456451416
1052.2,1.949855923652649
1052.3,1.9366207122802734
1052.4,1.9513806104660034
1052.5,1.9481223821640015
1052.6000000000001,1.9517295360565186
1052.7,1.9479293823242188
1052.8,1.937561273574829
1052.9,1.9374489784240723
1053.0,1.9359301328659058
1053.1000000000001,1.9504159688949585
1053.2,1.9461544752120972
1053.3,1.9464547634124756
1053.4,1.9435145854949951
1053.5,1.927976369857788
1053.6000000000001,1.955884337425232
1053.7,1.9386245012283325
1053.8,1.9391483068466187
1053.9,1.9520328044891357
1054.0,1.9546116590499878
1054.1000000000001,1.9459969997406006
1054.2,1.936106562614441
1054.3,1.9467207193374634
1054.4,1.9465968608856201
1054.5,1.9450078010559082
1054.6000000000001,1.9557636976242065
1054.7,1.9469122886657715
1054.8,1.9491255283355713
1054.9,1.9368647336959839
1055.0,1.9474526643753052
1055.1000000000001,1.9512807130813599
1055.2,1.9429906606674194
1055.3,1.945283055305481
1055.4,1.9348998069763184
1055.5,1.9464157819747925
1055.6000000000001,1.9530309438705444
1055.7,1.9467658996582031
1055.8,1.9362483024597168
1055.9,1.935498595237732
1056.0,1.9363216161727905
1056.1000000000001,1.9432744979858398
1056.2,1.9365272521972656
1056.3,1.944238305091858
1056.4,1.94349205493927
1056.5,1.946313500404358
1056.6000000000001,1.9485732316970825
1056.7,1.9327373504638672
1056.8,1.9507256746292114
1056.9,1.94718337059021
1057.0,1.95285165309906
1057.1000000000001,1.9453043937683105
1057.2,1.9563376903533936
1057.3,1.9532349109649658
1057.4,1.9510470628738403
1057.5,1.9572335481643677
1057.6000000000001,1.9359139204025269
1057.7,1.944576621055603
1057.8,1.9513722658157349
1057.9,1.957756757736206
1058.0,1.9478329420089722
1058.1000000000001,1.9408825635910034
1058.2,1.954606533050537
1058.3,1.9516772031784058
1058.4,1.9456976652145386
1058.5,1.9458091259002686
1058.6000000000001,1.9368830919265747
1058.7,1.943082332611084
1058.8,1.9341684579849243
1058.9,1.9411475658416748
1059.0,1.9426746368408203
1059.1000000000001,1.9473297595977783
1059.2,1.9551823139190674
1059.3,1.9456210136413574
1059.4,1.9539077281951904
1059.5,1.9550459384918213
1059.6000000000001,1.9405335187911987
1059.7,1.9475972652435303
1059.8,1.9475339651107788
1059.9,1.9440542459487915
1060.0,1.9566282033920288
1060.1000000000001,1.932653784751892
1060.2,1.9373106956481934
1060.3,1.9553297758102417
1060.4,1.9397562742233276
1060.5,1.9497791528701782
1060.6000000000001,1.9653626680374146
1060.7,1.9470514059066772
1060.8,1.9423809051513672
1060.9,1.960432529449463
1061.0,1.9373500347137451
1061.1000000000001,1.9512572288513184
1061.2,1.9510626792907715
1061.3,1.9577046632766724
1061.4,1.9572439193725586
1061.5,1.9496583938598633
1061.6000000000001,1.9348469972610474
1061.7,1.9290939569473267
1061.8,1.954503059387207
1061.9,1.9410030841827393
1062.0,1.9491195678710938
1062.1000000000001,1.9510877132415771
1062.2,1.9443776607513428
1062.3,1.9497278928756714
1062.4,1.9511514902114868
1062.5,1.950081706047058
1062.6000000000001,1.9469075202941895
1062.7,1.9605222940444946
1062.8,1.9360933303833008
1062.9,1.9567301273345947
1063.0,1.9507604837417603
1063.1000000000001,1.944817066192627
1063.2,1.9431719779968262
1063.3,1.9577034711837769
1063.4,1.9419457912445068
1063.5,1.9495970010757446
1063.6000000000001,1.9553650617599487
1063.7,1.9532936811447144
1063.8,1.954847812652588
1063.9,1.950831651687622
1064.0,1.9436578750610352
1064.1000000000001,1.946250319480896
1064.2,1.9440239667892456
1064.3,1.95467209815979
1064.4,1.9472147226333618
1064.5,1.9544239044189453
1064.6000000000001,1.938492774963379
1064.7,1.9575551748275757
1064.8,1.9406944513320923
1064.9,1.942672610282898
1065.0,1.953667402267456
1065.1000000000001,1.9488285779953003
1065.2,1.9535523653030396
1065.3,1.9552438259124756
1065.4,1.9524635076522827
1065.5,1.9666759967803955
1065.6000000000001,1.9410061836242676
1065.7,1.9524459838867188
1065.8,1.9566094875335693
1065.9,1.957496166229248
1066.0,1.9517724514007568
1066.1000000000001,1.9615886211395264
1066.2,1.9592196941375732
1066.3,1.9636446237564087
1066.4,1.9558168649673462
1066.5,1.9516984224319458
1066.6000000000001,1.9538688659667969
1066.7,1.9503082036972046
1066.8,1.959151029586792
1066.9,1.9538034200668335
1067.0,1.9581321477890015
1067.1000000000001,1.9486777782440186
1067.2,1.9495140314102173
1067.3,1.9599385261535645
1067.4,1.9557452201843262
1067.5,1.9538912773132324
1067.6000000000001,1.961059808731079
1067.7,1.9508745670318604
1067.8,1.9593842029571533
1067.9,1.9497275352478027
1068.0,1.947853446006775
1068.1000000000001,1.9484694004058838
1068.2,1.9638276100158691
1068.3,1.956803321838379
1068.4,1.9526270627975464
1068.5,1.9580261707305908
1068.6000000000001,1.9505723714828491
1068.7,1.9538023471832275
1068.8,1.9441750049591064
1068.9,1.9531090259552002
1069.0,1.9470351934432983
1069.2,1.955350399017334
1069.2,1.957018494606018
1069.3,1.9609706401824951
1069.4,1.9447177648544312
1069.5,1.9611326456069946
1069.6000000000001,1.9504371881484985
1069.7,1.9426391124725342
1069.8,1.9578710794448853
1069.9,1.9568160772323608
1070.0,1.9516037702560425
1070.1000000000001,1.956100583076477
1070.2,1.9562466144561768
1070.3,1.9488972425460815
1070.4,1.9532928466796875
1070.5,1.9562976360321045
1070.6000000000001,1.9558035135269165
1070.7,1.9513977766036987
1070.8,1.9645885229110718
1070.9,1.962145447731018
1071.0,1.954365849494934
1071.1000000000001,1.9585490226745605
1071.2,1.9632395505905151
1071.3,1.9302067756652832
1071.4,1.943594217300415
1071.5,1.9497793912887573
1071.6000000000001,1.9707688093185425
1071.7,1.934728980064392
1071.8,1.9509588479995728
1071.9,1.953997254371643
1072.0,1.956838846206665
1072.1000000000001,1.9476666450500488
1072.2,1.9541102647781372
1072.3,1.9517488479614258
1072.4,1.9473179578781128
1072.5,1.9613771438598633
1072.6000000000001,1.9604175090789795
1072.7,1.9567757844924927
1072.8,1.9575315713882446
1072.9,1.9472072124481201
1073.0,1.9400238990783691
1073.1000000000001,1.964794635772705
1073.2,1.9629004001617432
1073.3,1.9622904062271118
1073.4,1.9591144323349
1073.5,1.957891583442688
1073.6000000000001,1.9494668245315552
1073.7,1.960070252418518
1073.8,1.9583853483200073
1073.9,1.9635998010635376
1074.0,1.959210753440857
1074.1000000000001,1.9513905048370361
1074.2,1.9531344175338745
1074.3,1.9596643447875977
1074.4,1.958295464515686
1074.5,1.9447776079177856
1074.6000000000001,1.9558055400848389
1074.7,1.9698394536972046
1074.8,1.9628841876983643
1074.9,1.9597612619400024
1075.0,1.9649007320404053
1075.1000000000001,1.9558918476104736
1075.2,1.9625954627990723
1075.3,1.960654854774475
1075.4,1.9582561254501343
1075.5,1.9576938152313232
1075.6000000000001,1.9681377410888672
1075.7,1.9563347101211548
1075.8,1.9531461000442505
1075.9,1.9689676761627197
1076.0,1.9602901935577393
1076.1000000000001,1.9629857540130615
1076.2,1.9660860300064087
1076.3,1.9498844146728516
1076.4,1.9448713064193726
1076.5,1.95087468624115
1076.6000000000001,1.9525361061096191
1076.7,1.9667623043060303
1076.8,1.959038496017456
1076.9,1.9526309967041016
1077.0,1.9511222839355469
1077.1000000000001,1.96160089969635
1077.2,1.9416476488113403
1077.3,1.9638701677322388
1077.4,1.9674714803695679
1077.5,1.9483460187911987
1077.6000000000001,1.961864709854126
1077.7,1.9662878513336182
1077.8,1.9386451244354248
1077.9,1.965259313583374
1078.0,1.9660584926605225
1078.1000000000001,1.9605597257614136
1078.2,1.9615378379821777
1078.3,1.9627799987792969
1078.4,1.9616878032684326
1078.5,1.9638957977294922
1078.6000000000001,1.9641443490982056
1078.7,1.960634469985962
1078.8,1.9658927917480469
1078.9,1.9729559421539307
1079.0,1.965698003768921
1079.1000000000001,1.9574884176254272
1079.2,1.9606707096099854
1079.3,1.9541746377944946
1079.4,1.967042088508606
1079.5,1.966983675956726
1079.6000000000001,1.9542404413223267
1079.7,1.9673118591308594
1079.8,1.9675525426864624
1079.9,1.9576771259307861
1080.0,1.9556459188461304
1080.1000000000001,1.9580861330032349
1080.2,1.955446720123291
1080.3,1.9591187238693237
1080.4,1.9562476873397827
1080.5,1.9635767936706543
1080.6000000000001,1.9693864583969116
1080.7,1.9466627836227417
1080.8,1.9654053449630737
1080.9,1.9765628576278687
1081.0,1.9583356380462646
1081.1000000000001,1.9543461799621582
1081.2,1.955166220664978
1081.3,1.9795986413955688
1081.4,1.9608784914016724
1081.5,1.9644675254821777
1081.6000000000001,1.9748762845993042
1081.7,1.9502230882644653
1081.8,1.965087652206421
1081.9,1.9583353996276855
1082.0,1.961745262145996
1082.1000000000001,1.9548745155334473
1082.2,1.951087236404419
1082.3,1.9509403705596924
1082.4,1.9675847291946411
1082.5,1.969415545463562
1082.6000000000001,1.966068983078003
1082.7,1.9652901887893677
1082.8,1.9731581211090088
1082.9,1.9622071981430054
1083.0,1.963243007659912
1083.1000000000001,1.9665485620498657
1083.2,1.9604551792144775
1083.3,1.963662028312683
1083.4,1.9620641469955444
1083.5,1.9595574140548706
1083.6000000000001,1.9626599550247192
1083.7,1.9594258069992065
1083.8,1.9705499410629272
1083.9,1.9654226303100586
1084.0,1.9562463760375977
1084.1000000000001,1.9658708572387695
1084.2,1.9655791521072388
1084.3,1.960910439491272
1084.4,1.9679025411605835
1084.5,1.9578715562820435
1084.6000000000001,1.9696439504623413
1084.7,1.9752235412597656
1084.8,1.9645750522613525
1084.9,1.9482570886611938
1085.0,1.9642812013626099
1085.1000000000001,1.9567046165466309
1085.2,1.969322919845581
1085.3,1.9580777883529663
1085.4,1.9784440994262695
1085.5,1.9754749536514282
1085.6000000000001,1.9557863473892212
1085.7,1.972969889640808
1085.8,1.968940019607544
1085.9,1.9469643831253052
1086.0,1.9705147743225098
1086.1000000000001,1.9754109382629395
1086.2,1.9694756269454956
1086.3,1.9688591957092285
1086.4,1.9664050340652466
1086.5,1.9574676752090454
1086.6000000000001,1.963331937789917
1086.7,1.9718469381332397
1086.8,1.9638854265213013
1086.9,1.9714000225067139
1087.0,1.9623534679412842
1087.1000000000001,1.9627811908721924
1087.2,1.9629626274108887
1087.3,1.9594262838363647
1087.4,1.969812273979187
1087.5,1.9709687232971191
1087.6000000000001,1.971824049949646
1087.7,1.961172342300415
1087.8,1.9829778671264648
1087.9,1.9663821458816528
1088.0,1.9684010744094849
1088.1000000000001,1.9671783447265625
1088.2,1.9785279035568237
1088.3,1.9683736562728882
1088.4,1.978946328163147
1088.5,1.9518531560897827
1088.6000000000001,1.971524953842163
1088.7,1.9746747016906738
1088.8,1.9596643447875977
1088.9,1.9696706533432007
1089.0,1.9703539609909058
1089.1000000000001,1.9705528020858765
1089.2,1.9667733907699585
1089.3,1.9662846326828003
1089.4,1.9596415758132935
1089.5,1.976638913154602
1089.6000000000001,1.9628809690475464
1089.7,1.9683743715286255
1089.8,1.9713820219039917
1089.9,1.9574265480041504
1090.0,1.9749741554260254
1090.1000000000001,1.980738639831543
1090.2,1.9655512571334839
1090.3,1.9648374319076538
1090.4,1.9810510873794556
1090.5,1.9670352935791016
1090.6000000000001,1.977736234664917
1090.7,1.9692593812942505
1090.8,1.9617435932159424
1090.9,1.9768081903457642
1091.0,1.9603413343429565
1091.1000000000001,1.969771146774292
1091.2,1.9635283946990967
1091.3,1.9787968397140503
1091.4,1.956191897392273
1091.5,1.966157078742981
1091.6000000000001,1.9769201278686523
1091.7,1.9812836647033691
1091.8,1.9831868410110474
1091.9,1.9724465608596802
1092.0,1.9782353639602661
1092.1000000000001,1.965997338294983
1092.2,1.9665687084197998
1092.3,1.9781264066696167
1092.4,1.968855619430542
1092.5,1.9780793190002441
1092.6000000000001,1.9609957933425903
1092.7,1.9677835702896118
1092.8,1.9783685207366943
1092.9,1.9838355779647827
1093.0,1.9874507188796997
1093.1000000000001,1.9754090309143066
1093.2,1.9720045328140259
1093.3,1.9677151441574097
1093.4,1.963982343673706
1093.5,1.9781773090362549
1093.6000000000001,1.9743156433105469
1093.7,1.9637612104415894
1093.8,1.9866641759872437
1093.9,1.9752918481826782
1094.0,1.9806034564971924
1094.1000000000001,1.9734104871749878
1094.2,1.9602910280227661
1094.3,1.9766547679901123
1094.4,1.9615528583526611
1094.5,1.9836361408233643
1094.6000000000001,1.9773449897766113
1094.7,1.9768214225769043
1094.8,1.976579189300537
1094.9,1.9792203903198242
1095.0,1.968380093574524
1095.1000000000001,1.9685022830963135
1095.2,1.9808995723724365
1095.3000000000002,1.971683144569397
1095.4,1.965135931968689
1095.5,1.9685100317001343
1095.6000000000001,1.962517499923706
1095.7,1.9751180410385132
1095.8000000000002,1.9792169332504272
1095.9,1.9778738021850586
1096.0,1.9818569421768188
1096.1000000000001,1.9892479181289673
1096.2,1.9814469814300537
1096.3000000000002,1.9670305252075195
1096.4,1.981910228729248
1096.5,1.972817301750183
1096.6000000000001,1.9797126054763794
1096.7,1.968178153038025
1096.8000000000002,1.975447416305542
1096.9,1.9850353002548218
1097.0,1.9750868082046509
1097.1000000000001,1.9786607027053833
1097.2,1.9726383686065674
1097.3000000000002,1.9872751235961914
1097.4,1.9794286489486694
1097.5,1.981753945350647
1097.6000000000001,1.9805934429168701
1097.7,1.9710532426834106
1097.8000000000002,1.979769229888916
1097.9,1.9801926612854004
1098.0,1.981339931488037
1098.1000000000001,1.973046898841858
1098.2,1.9820878505706787
1098.3000000000002,1.985514521598816
1098.4,1.9760640859603882
1098.5,1.9856081008911133
1098.6000000000001,1.9759072065353394
1098.7,1.9676591157913208
1098.8000000000002,1.995232343673706
1098.9,1.9833873510360718
1099.0,1.9750173091888428
1099.1000000000001,1.9705926179885864
1099.2,1.984826922416687
1099.3000000000002,1.9744641780853271
1099.4,1.979654312133789
1099.5,1.9750866889953613
1099.6000000000001,1.9818613529205322
1099.7,1.9662734270095825
1099.8000000000002,1.9878897666931152
1099.9,1.978270173072815
1100.0,1.9741209745407104
1100.1000000000001,1.9809050559997559
1100.2,1.976728081703186
1100.3000000000002,1.9745841026306152
1100.4,1.9776853322982788
1100.5,1.982177734375
1100.6000000000001,1.9733929634094238
1100.7,1.9847460985183716
1100.8000000000002,1.9823644161224365
1100.9,1.9838205575942993
1101.0,1.9894254207611084
1101.1000000000001,1.9879413843154907
1101.2,1.9858996868133545
1101.3000000000002,1.9656128883361816
1101.4,1.9860846996307373
1101.5,1.9873007535934448
1101.6000000000001,1.9903619289398193
1101.7,1.989201307296753
1101.8000000000002,1.9867392778396606
1101.9,1.981311321258545
1102.0,1.9764751195907593
1102.1000000000001,1.972033977508545
1102.2,1.9886068105697632
1102.3000000000002,1.9830964803695679
1102.4,1.9717249870300293
1102.5,1.9888899326324463
1102.6000000000001,1.9910099506378174
1102.7,1.9899481534957886
1102.8000000000002,1.9871090650558472
1102.9,1.9966461658477783
1103.0,1.9853867292404175
1103.1000000000001,1.9747140407562256
1103.2,1.9884514808654785
1103.3000000000002,1.987784504890442
1103.4,1.9903955459594727
1103.5,1.9847776889801025
1103.6000000000001,1.9943673610687256
1103.7,1.998334527015686
1103.8000000000002,1.9944391250610352
1103.9,1.984588861465454
1104.0,1.9966932535171509
1104.1000000000001,1.9920638799667358
1104.2,1.9911601543426514
1104.3000000000002,1.9697774648666382
1104.4,1.9844785928726196
1104.5,1.9803975820541382
1104.6000000000001,1.9800752401351929
1104.7,1.9841033220291138
1104.8000000000002,1.9956265687942505
1104.9,1.9800326824188232
1105.0,1.9882440567016602
1105.1000000000001,1.9873311519622803
1105.2,1.9829232692718506
1105.3000000000002,1.979504108428955
1105.4,1.9747648239135742
1105.5,1.9805153608322144
1105.6000000000001,1.9733268022537231
1105.7,1.9777294397354126
1105.8000000000002,1.983720302581787
1105.9,1.986778736114502
1106.0,1.9957586526870728
1106.1000000000001,1.9845510721206665
1106.2,1.9828171730041504
1106.3000000000002,1.996616244316101
1106.4,1.9931162595748901
1106.5,1.9874627590179443
1106.6000000000001,1.9921331405639648
1106.7,1.991921305656433
1106.8000000000002,1.976694941520691
1106.9,1.9998829364776611
1107.0,1.9853683710098267
1107.1000000000001,1.9895390272140503
1107.2,1.9883978366851807
1107.3000000000002,1.9911867380142212
1107.4,1.991925835609436
1107.5,1.9787338972091675
1107.6000000000001,1.9890336990356445
1107.7,1.9945508241653442
1107.8000000000002,1.9988110065460205
1107.9,1.9846813678741455
1108.0,1.988446831703186
1108.1000000000001,1.9879648685455322
1108.2,1.9935673475265503
1108.3000000000002,1.9913063049316406
1108.4,1.9902476072311401
1108.5,1.9876222610473633
1108.6000000000001,1.9974251985549927
1108.7,1.9928920269012451
1108.8000000000002,1.9988617897033691
1108.9,1.9908441305160522
1109.0,1.981762170791626
1109.1000000000001,1.9850720167160034
1109.2,1.9945836067199707
1109.3000000000002,1.998878002166748
1109.4,1.9933634996414185
1109.5,2.0034914016723633
1109.6000000000001,1.9967597723007202
1109.7,1.9906002283096313
1109.8000000000002,1.990288496017456
1109.9,1.9917073249816895
1110.0,2.00089430809021
1110.1000000000001,1.9931905269622803
1110.2,1.985128402709961
1110.3000000000002,1.9933724403381348
1110.4,1.9932899475097656
1110.5,1.9962397813796997
1110.6000000000001,1.9854114055633545
1110.7,1.989410400390625
1110.8000000000002,1.9945749044418335
1110.9,1.99644935131073
1111.0,1.9973469972610474
1111.1000000000001,2.0050206184387207
1111.2,1.9865766763687134
1111.3000000000002,1.992415189743042
1111.4,2.005364179611206
1111.5,1.9992496967315674
1111.6000000000001,1.9842817783355713
1111.7,1.9904667139053345
1111.8000000000002,1.9951636791229248
1111.9,2.0031678676605225
1112.0,1.9849951267242432
1112.1000000000001,2.001897096633911
1112.2,1.9905766248703003
1112.3000000000002,1.9874452352523804
1112.4,1.9865132570266724
1112.5,2.0006532669067383
1112.6000000000001,2.003443956375122
1112.7,1.9804919958114624
1112.8000000000002,1.9945107698440552
1112.9,1.9954994916915894
1113.0,2.0036461353302
1113.1000000000001,1.987992763519287
1113.2,1.9964804649353027
1113.3000000000002,2.003746509552002
1113.4,1.9895285367965698
1113.5,1.9979430437088013
1113.6000000000001,2.007833480834961
1113.7,2.0052802562713623
1113.8000000000002,1.9847677946090698
1113.9,1.9946231842041016
1114.0,1.9961857795715332
1114.1000000000001,1.9991803169250488
1114.2,1.9876656532287598
1114.3000000000002,1.9969897270202637
1114.4,1.989399790763855
1114.5,2.0093016624450684
1114.6000000000001,1.9934914112091064
1114.7,2.0043303966522217
1114.8000000000002,1.9952446222305298
1114.9,1.988308310508728
1115.0,1.9962369203567505
1115.1000000000001,1.9970381259918213
1115.2,2.000408887863159
1115.3000000000002,1.9897785186767578
1115.4,2.005716323852539
1115.5,2.0065836906433105
1115.6000000000001,1.9982942342758179
1115.7,1.994794487953186
1115.8000000000002,1.9844900369644165
1115.9,2.000978469848633
1116.0,1.9932078123092651
1116.1000000000001,2.0011484622955322
1116.2,2.008829116821289
1116.3000000000002,2.003183603286743
1116.4,2.004423141479492
1116.5,2.0018956661224365
1116.6000000000001,2.004300832748413
1116.7,2.0081655979156494
1116.8000000000002,1.9973971843719482
1116.9,1.9920324087142944
1117.0,1.9979411363601685
1117.1000000000001,2.003868341445923
1117.2,2.0058910846710205
1117.3000000000002,2.007453203201294
1117.4,2.000502586364746
1117.5,1.9906381368637085
1117.6000000000001,1.999693751335144
1117.7,2.002485513687134
1117.8000000000002,2.006746530532837
1117.9,2.005004405975342
1118.0,2.001223564147949
1118.1000000000001,2.010347366333008
1118.2,2.0040812492370605
1118.3000000000002,2.008713722229004
1118.4,2.006821393966675
1118.5,2.007627487182617
1118.6000000000001,2.012178659439087
1118.7,2.0048182010650635
1118.8000000000002,2.0023088455200195
1118.9,2.0055365562438965
1119.0,1.9924046993255615
1119.1000000000001,2.0115015506744385
1119.2,2.0136988162994385
1119.3000000000002,1.9905250072479248
1119.4,2.0163819789886475
1119.5,2.005418539047241
1119.6000000000001,2.0023937225341797
1119.7,1.9806363582611084
1119.8000000000002,2.0219902992248535
1119.9,2.0131590366363525
1120.0,2.0002901554107666
1120.1000000000001,1.99520742893219
1120.2,2.0042154788970947
1120.3000000000002,2.003920555114746
1120.4,1.9884006977081299
1120.5,2.0073530673980713
1120.6000000000001,1.9864082336425781
1120.7,2.003804922103882
1120.8000000000002,1.9996428489685059
1120.9,2.002253532409668
1121.0,2.0040440559387207
1121.1000000000001,2.0044076442718506
1121.2,2.004645824432373
1121.3000000000002,2.0051424503326416
1121.4,1.9966132640838623
1121.5,2.0050060749053955
1121.6000000000001,2.000058174133301
1121.7,1.9981917142868042
1121.8000000000002,2.000455617904663
1121.9,1.9995129108428955
1122.0,2.0075879096984863
1122.1000000000001,2.0081565380096436
1122.2,1.994183897972107
1122.3000000000002,1.9976229667663574
1122.4,2.0086746215820312
1122.5,2.0063843727111816
1122.6000000000001,2.0121235847473145
1122.7,2.0025646686553955
1122.8000000000002,2.0041215419769287
1122.9,2.0080723762512207
1123.0,2.015872001647949
1123.1000000000001,2.0109591484069824
1123.2,2.0080835819244385
1123.3000000000002,2.0054984092712402
1123.4,2.0056488513946533
1123.5,2.0097439289093018
1123.6000000000001,2.009676218032837
1123.7,2.0048859119415283
1123.8000000000002,2.0008351802825928
1123.9,2.0106418132781982
1124.0,2.0074622631073
1124.1000000000001,2.003769636154175
1124.2,1.9922010898590088
1124.3000000000002,2.0022459030151367
1124.4,2.0238990783691406
1124.5,2.0121047496795654
1124.6000000000001,2.0183160305023193
1124.7,1.997213363647461
1124.8000000000002,2.003373146057129
1124.9,2.00966477394104
1125.0,2.0063624382019043
1125.1000000000001,2.013477087020874
1125.2,2.0091638565063477
1125.3000000000002,2.013502836227417
1125.4,2.023390531539917
1125.5,2.0206427574157715
1125.6000000000001,2.02138352394104
1125.7,2.0148677825927734
1125.8000000000002,2.01546573638916
1125.9,2.0083954334259033
1126.0,2.0204598903656006
1126.1000000000001,2.009922981262207
1126.2,2.0132670402526855
1126.3000000000002,2.0074267387390137
1126.4,2.005934476852417
1126.5,2.0156116485595703
1126.6000000000001,2.002013921737671
1126.7,2.01051926612854
1126.8000000000002,2.017794132232666
1126.9,2.0108542442321777
1127.0,2.0122053623199463
1127.1000000000001,2.012866258621216
1127.2,2.0251870155334473
1127.3000000000002,2.01466703414917
1127.4,2.0128393173217773
1127.5,2.0213186740875244
1127.6000000000001,2.0120997428894043
1127.7,2.0026021003723145
1127.8000000000002,2.01747727394104
1127.9,2.006406784057617
1128.0,2.0248005390167236
1128.1000000000001,2.013298511505127
1128.2,2.022188901901245
1128.3000000000002,2.0139710903167725
1128.4,2.015587568283081
1128.5,2.0143377780914307
1128.6000000000001,2.005042314529419
1128.7,2.007899522781372
1128.8000000000002,2.017145872116089
1128.9,2.00449275970459
1129.0,2.0019102096557617
1129.1000000000001,2.013400077819824
1129.2,2.022193193435669
1129.3000000000002,2.015760898590088
1129.4,2.0085740089416504
1129.5,2.01924204826355
1129.6000000000001,2.02240252494812
1129.7,2.0140697956085205
1129.8000000000002,2.0064287185668945
1129.9,2.020792245864868
1130.0,2.0077826976776123
1130.1000000000001,2.014115571975708
1130.2,2.015357494354248
1130.3000000000002,2.0215706825256348
1130.4,2.0124120712280273
1130.5,2.01971435546875
1130.6000000000001,2.0204381942749023
1130.7,2.024021863937378
1130.8000000000002,2.0172359943389893
1130.9,2.0141639709472656
1131.0,2.0162768363952637
1131.1000000000001,2.030866861343384
1131.2,2.0281143188476562
1131.3000000000002,2.017608165740967
1131.4,2.0207467079162598
1131.5,2.019153118133545
1131.6000000000001,2.0205461978912354
1131.7,2.0228383541107178
1131.8000000000002,2.0144290924072266
1131.9,2.0042097568511963
1132.0,2.0070860385894775
1132.1000000000001,2.0120174884796143
1132.2,2.0097334384918213
1132.3000000000002,2.021388530731201
1132.4,2.017805814743042
1132.5,2.026088237762451
1132.6000000000001,2.0217881202697754
1132.7,2.014793634414673
1132.8000000000002,2.0180256366729736
1132.9,2.0115716457366943
1133.0,2.0265755653381348
1133.1000000000001,2.003476619720459
1133.2,2.0233824253082275
1133.3000000000002,2.0212857723236084
1133.4,2.0142483711242676
1133.5,2.0230257511138916
1133.6000000000001,2.0128402709960938
1133.7,2.011037826538086
1133.8000000000002,2.0131442546844482
1133.9,2.0211267471313477
1134.0,2.018174886703491
1134.1000000000001,2.0276243686676025
1134.2,2.02225399017334
1134.3000000000002,2.013840675354004
1134.4,2.0287156105041504
1134.5,2.015488624572754
1134.6000000000001,2.029428243637085
1134.7,2.021780490875244
1134.8000000000002,2.020261526107788
1134.9,2.0235323905944824
1135.0,2.019782066345215
1135.1000000000001,2.0317232608795166
1135.2,2.0277020931243896
1135.3000000000002,2.0262300968170166
1135.4,2.0090184211730957
1135.5,2.030407428741455
1135.6000000000001,2.026850700378418
1135.7,2.0184624195098877
1135.8000000000002,2.0188217163085938
1135.9,2.0251200199127197
1136.0,2.0264594554901123
1136.1000000000001,2.0255281925201416
1136.2,2.019519329071045
1136.3000000000002,2.015944004058838
1136.4,2.0199320316314697
1136.5,2.0303847789764404
1136.6000000000001,2.000782012939453
1136.7,2.025130033493042
1136.8000000000002,2.035557985305786
1136.9,2.0160293579101562
1137.0,2.0192015171051025
1137.1000000000001,2.0274438858032227
1137.2,2.019610643386841
1137.3000000000002,2.0274622440338135
1137.4,2.0315310955047607
1137.5,2.0266804695129395
1137.6000000000001,2.0235869884490967
1137.7,2.0071592330932617
1137.8000000000002,2.015512466430664
1137.9,2.031611204147339
1138.0,2.0277395248413086
1138.1000000000001,2.0383477210998535
1138.2,2.0284690856933594
1138.3000000000002,2.0343148708343506
1138.4,2.032749891281128
1138.5,2.0293362140655518
1138.6000000000001,2.0262553691864014
1138.7,2.0304131507873535
1138.8000000000002,2.0342438220977783
1138.9,2.0357964038848877
1139.0,2.01845645904541
1139.1000000000001,2.017394542694092
1139.2,2.028484344482422
1139.3000000000002,2.022984743118286
1139.4,2.0289371013641357
1139.5,2.028866767883301
1139.6000000000001,2.02089262008667
1139.7,2.031557321548462
1139.8000000000002,2.0297060012817383
1139.9,2.032166004180908
1140.0,2.030456781387329
1140.1000000000001,2.043574094772339
1140.2,2.02756667137146
1140.3000000000002,2.0201351642608643
1140.4,2.035719394683838
1140.5,2.0432424545288086
1140.6000000000001,2.042459011077881
1140.7,2.0109546184539795
1140.8000000000002,2.0305497646331787
1140.9,2.025757312774658
1141.0,2.034475326538086
1141.1000000000001,2.039675712585449
1141.2,2.035231590270996
1141.3000000000002,2.023892641067505
1141.4,2.0393009185791016
1141.5,2.0256292819976807
1141.6000000000001,2.036485195159912
1141.7,2.026625633239746
1141.8000000000002,2.0331552028656006
1141.9,2.017056703567505
1142.0,2.0322775840759277
1142.1000000000001,2.0351383686065674
1142.2,2.0224404335021973
1142.3000000000002,2.032801866531372
1142.4,2.0497186183929443
1142.5,2.041416883468628
1142.6000000000001,2.0404515266418457
1142.7,2.033235549926758
1142.8000000000002,2.026886463165283
1142.9,2.030334949493408
1143.0,2.036510944366455
1143.1000000000001,2.0332651138305664
1143.2,2.021270751953125
1143.3000000000002,2.0444083213806152
1143.4,2.0294125080108643
1143.5,2.039508581161499
1143.6000000000001,2.0433168411254883
1143.7,2.0459842681884766
1143.8000000000002,2.035454273223877
1143.9,2.0417232513427734
1144.0,2.0332717895507812
1144.1000000000001,2.044863224029541
1144.2,2.0344126224517822
1144.3000000000002,2.0333409309387207
1144.4,2.0309488773345947
1144.5,2.034773111343384
1144.6000000000001,2.041567325592041
1144.7,2.036999464035034
1144.8000000000002,2.0439817905426025
1144.9,2.035632371902466
1145.0,2.0393569469451904
1145.1000000000001,2.0319113731384277
1145.2,2.0445773601531982
1145.3000000000002,2.0396039485931396
1145.4,2.0344464778900146
1145.5,2.038140058517456
1145.6000000000001,2.028751850128174
1145.7,2.0399298667907715
1145.8000000000002,2.0439798831939697
1145.9,2.041905403137207
1146.0,2.0362095832824707
1146.1000000000001,2.042901039123535
1146.2,2.035515785217285
1146.3000000000002,2.049370288848877
1146.4,2.0355286598205566
1146.5,2.0412769317626953
1146.6000000000001,2.0352871417999268
1146.7,2.045757293701172
1146.8000000000002,2.0285041332244873
1146.9,2.0289785861968994
1147.0,2.0530905723571777
1147.1000000000001,2.0474069118499756
1147.2,2.039179563522339
1147.3000000000002,2.0270540714263916
1147.4,2.048466920852661
1147.5,2.040457010269165
1147.6000000000001,2.0338797569274902
1147.7,2.029998302459717
1147.8000000000002,2.0276072025299072
1147.9,2.049192428588867
1148.0,2.02724027633667
1148.1000000000001,2.0577189922332764
1148.2,2.0412213802337646
1148.3000000000002,2.049135446548462
1148.4,2.044583797454834
1148.5,2.0494353771209717
1148.6000000000001,2.041804075241089
1148.7,2.04634690284729
1148.8000000000002,2.050615072250366
1148.9,2.0507121086120605
1149.0,2.0481810569763184
1149.1000000000001,2.046851396560669
1149.2,2.035996198654175
1149.3000000000002,2.0523321628570557
1149.4,2.043295383453369
1149.5,2.041646718978882
1149.6000000000001,2.0311005115509033
1149.7,2.051537275314331
1149.8000000000002,2.045445680618286
1149.9,2.0246083736419678
1150.0,2.0597102642059326
1150.1000000000001,2.0562305450439453
1150.2,2.0525641441345215
1150.3000000000002,2.0386221408843994
1150.4,2.034928798675537
1150.5,2.0522665977478027
1150.6000000000001,2.0605032444000244
1150.7,2.0494425296783447
1150.8000000000002,2.046748638153076
1150.9,2.0533363819122314
1151.0,2.055370569229126
1151.1000000000001,2.04531192779541
1151.2,2.043165445327759
1151.3000000000002,2.057072162628174
1151.4,2.043959140777588
1151.5,2.050724983215332
1151.6000000000001,2.0464999675750732
1151.7,2.055429458618164
1151.8000000000002,2.04314923286438
1151.9,2.0431418418884277
1152.0,2.0448317527770996
1152.1000000000001,2.0547523498535156
1152.2,2.0375561714172363
1152.3000000000002,2.0466811656951904
1152.4,2.04703688621521
1152.5,2.045029401779175
1152.6000000000001,2.0474915504455566
1152.7,2.0559535026550293
1152.8000000000002,2.042402505874634
1152.9,2.056805372238159
1153.0,2.049492835998535
1153.1000000000001,2.0573980808258057
1153.2,2.043896198272705
1153.3000000000002,2.049114942550659
1153.4,2.055438280105591
1153.5,2.062392473220825
1153.6000000000001,2.0470192432403564
1153.7,2.0482676029205322
1153.8000000000002,2.061145067214966
1153.9,2.0560665130615234
1154.0,2.0526163578033447
1154.1000000000001,2.0501787662506104
1154.2,2.036484718322754
1154.3000000000002,2.0493388175964355
1154.4,2.063532829284668
1154.5,2.0526862144470215
1154.6000000000001,2.0574629306793213
1154.7,2.060054063796997
1154.8000000000002,2.04223370552063
1154.9,2.057194948196411
1155.0,2.044767379760742
1155.1000000000001,2.060347080230713
1155.2,2.058030128479004
1155.3000000000002,2.063389778137207
1155.4,2.056502342224121
1155.5,2.0552942752838135
1155.6000000000001,2.0569400787353516
1155.7,2.0486807823181152
1155.8000000000002,2.0527184009552
1155.9,2.0641462802886963
1156.0,2.050746202468872
1156.1000000000001,2.0509393215179443
1156.2,2.0618224143981934
1156.3000000000002,2.044130563735962
1156.4,2.0524585247039795
1156.5,2.0575525760650635
1156.6000000000001,2.056260108947754
1156.7,2.069493293762207
1156.8000000000002,2.061805009841919
1156.9,2.0455143451690674
1157.0,2.0480411052703857
1157.1000000000001,2.040245532989502
1157.2,2.041412591934204
1157.3000000000002,2.0589756965637207
1157.4,2.062462091445923
1157.5,2.049201488494873
1157.6000000000001,2.0712168216705322
1157.7,2.042332887649536
1157.8000000000002,2.0554144382476807
1157.9,2.045772075653076
1158.0,2.056936025619507
1158.1000000000001,2.055830717086792
1158.2,2.0535242557525635
1158.3000000000002,2.06294584274292
1158.4,2.048961877822876
1158.5,2.0490360260009766
1158.6000000000001,2.068674087524414
1158.7,2.0669569969177246
1158.8000000000002,2.058217763900757
1158.9,2.0658516883850098
1159.0,2.053640127182007
1159.1000000000001,2.059847593307495
1159.2,2.0603995323181152
1159.3000000000002,2.070234775543213
1159.4,2.054771661758423
1159.5,2.071852445602417
1159.6000000000001,2.063283920288086
1159.7,2.0466501712799072
1159.8000000000002,2.058755874633789
1159.9,2.067354202270508
1160.0,2.0421667098999023
1160.1000000000001,2.070222854614258
1160.2,2.0564229488372803
1160.3000000000002,2.0574851036071777
1160.4,2.057366132736206
1160.5,2.0607008934020996
1160.6000000000001,2.057018280029297
1160.7,2.0624682903289795
1160.8000000000002,2.064227819442749
1160.9,2.051642894744873
1161.0,2.0550992488861084
1161.1000000000001,2.0581514835357666
1161.2,2.0682566165924072
1161.3000000000002,2.0586788654327393
1161.4,2.0635666847229004
1161.5,2.066981315612793
1161.6000000000001,2.0681896209716797
1161.7,2.0677778720855713
1161.8000000000002,2.074091672897339
1161.9,2.0627498626708984
1162.0,2.046302318572998
1162.1000000000001,2.071489095687866
1162.2,2.0581297874450684
1162.3000000000002,2.0673882961273193
1162.4,2.059576988220215
1162.5,2.0641791820526123
1162.6000000000001,2.064436674118042
1162.7,2.060321092605591
1162.8000000000002,2.056119918823242
1162.9,2.0739755630493164
1163.0,2.075087547302246
1163.1000000000001,2.0500333309173584
1163.2,2.066171646118164
1163.3000000000002,2.0664350986480713
1163.4,2.0553603172302246
1163.5,2.0681464672088623
1163.6000000000001,2.0570015907287598
1163.7,2.0664825439453125
1163.8000000000002,2.0512094497680664
1163.9,2.068511962890625
1164.0,2.0566964149475098
1164.1000000000001,2.0614490509033203
1164.2,2.076770305633545
1164.3000000000002,2.068157434463501
1164.4,2.066403865814209
1164.5,2.0701136589050293
1164.6000000000001,2.0727386474609375
1164.7,2.069671869277954
1164.8000000000002,2.079482078552246
1164.9,2.0729548931121826
1165.0,2.0692977905273438
1165.1000000000001,2.0702896118164062
1165.2,2.0752153396606445
1165.3000000000002,2.0642995834350586
1165.4,2.0698320865631104
1165.5,2.0770320892333984
1165.6000000000001,2.05737566947937
1165.7,2.0478837490081787
1165.8000000000002,2.075308322906494
1165.9,2.074272632598877
1166.0,2.072840929031372
1166.1000000000001,2.062056064605713
1166.2,2.0742390155792236
1166.3000000000002,2.072009801864624
1166.4,2.070014715194702
1166.5,2.0753984451293945
1166.6000000000001,2.058466911315918
1166.7,2.0713303089141846
1166.8000000000002,2.065078020095825
1166.9,2.0664725303649902
1167.0,2.0693743228912354
1167.1000000000001,2.076401948928833
1167.2,2.074070930480957
1167.3000000000002,2.079486846923828
1167.4,2.0832366943359375
1167.5,2.073517322540283
1167.6000000000001,2.0846376419067383
1167.7,2.0699710845947266
1167.8000000000002,2.0791544914245605
1167.9,2.0788207054138184
1168.0,2.0675406455993652
1168.1000000000001,2.0666606426239014
1168.2,2.0729620456695557
1168.3000000000002,2.075467109680176
1168.4,2.0789377689361572
1168.5,2.0719923973083496
1168.6000000000001,2.072974681854248
1168.7,2.0699262619018555
1168.8000000000002,2.071640968322754
1168.9,2.070230722427368
1169.0,2.063791275024414
1169.1000000000001,2.0614523887634277
1169.2,2.0732245445251465
1169.3000000000002,2.0819854736328125
1169.4,2.0663082599639893
1169.5,2.0687296390533447
1169.6000000000001,2.0664050579071045
1169.7,2.0765886306762695
1169.8000000000002,2.0814778804779053
1169.9,2.0849924087524414
1170.0,2.0804128646850586
1170.1000000000001,2.073330879211426
1170.2,2.0723001956939697
1170.3000000000002,2.076932191848755
1170.4,2.0769829750061035
1170.5,2.0718531608581543
1170.6000000000001,2.073742628097534
1170.7,2.087164878845215
1170.8000000000002,2.0796029567718506
1170.9,2.0669734477996826
1171.0,2.0621743202209473
1171.1000000000001,2.0830414295196533
1171.2,2.0706069469451904
1171.3000000000002,2.0806772708892822
1171.4,2.0779929161071777
1171.5,2.0750672817230225
1171.6000000000001,2.061281204223633
1171.7,2.0769431591033936
1171.8000000000002,2.0693235397338867
1171.9,2.0741987228393555
1172.0,2.070067882537842
1172.1000000000001,2.0831966400146484
1172.2,2.078887701034546
1172.3000000000002,2.0659823417663574
1172.4,2.084973096847534
1172.5,2.0837652683258057
1172.6000000000001,2.0844664573669434
1172.7,2.0787720680236816
1172.8000000000002,2.0782766342163086
1172.9,2.076256036758423
1173.0,2.0873632431030273
1173.1000000000001,2.0847654342651367
1173.2,2.073660135269165
1173.3000000000002,2.0831525325775146
1173.4,2.086933135986328
1173.5,2.0784177780151367
1173.6000000000001,2.085127830505371
1173.7,2.0895121097564697
1173.8000000000002,2.078019618988037
1173.9,2.0776076316833496
1174.0,2.0692179203033447
1174.1000000000001,2.0732781887054443
1174.2,2.0832536220550537
1174.3000000000002,2.068472146987915
1174.4,2.0817558765411377
1174.5,2.0852644443511963
1174.6000000000001,2.087257146835327
1174.7,2.096743583679199
1174.8000000000002,2.06725811958313
1174.9,2.0735597610473633
1175.0,2.0883007049560547
1175.1000000000001,2.0866384506225586
1175.2,2.082195997238159
1175.3000000000002,2.0872180461883545
1175.4,2.0850813388824463
1175.5,2.096550703048706
1175.6000000000001,2.086479663848877
1175.7,2.0841822624206543
1175.8000000000002,2.080540895462036
1175.9,2.087461471557617
1176.0,2.0906527042388916
1176.1000000000001,2.0981998443603516
1176.2,2.088481903076172
1176.3000000000002,2.0971570014953613
1176.4,2.074848175048828
1176.5,2.0824995040893555
1176.6000000000001,2.092738389968872
1176.7,2.09220027923584
1176.8000000000002,2.08101749420166
1176.9,2.0890495777130127
1177.0,2.0760152339935303
1177.1000000000001,2.0681235790252686
1177.2,2.0839650630950928
1177.3000000000002,2.085145950317383
1177.4,2.0937254428863525
1177.5,2.088085174560547
1177.6000000000001,2.0951743125915527
1177.7,2.0894577503204346
1177.8000000000002,2.0943942070007324
1177.9,2.08713960647583
1178.0,2.088677406311035
1178.1000000000001,2.0898313522338867
1178.2,2.097050666809082
1178.3000000000002,2.1034348011016846
1178.4,2.0877621173858643
1178.5,2.0853328704833984
1178.6000000000001,2.093489170074463
1178.7,2.1011362075805664
1178.8000000000002,2.0935120582580566
1178.9,2.0901780128479004
1179.0,2.0809454917907715
1179.1000000000001,2.0766353607177734
1179.2,2.0903139114379883
1179.3000000000002,2.093144178390503
1179.4,2.0918807983398438
1179.5,2.0984771251678467
1179.6000000000001,2.089385509490967
1179.7,2.0815587043762207
1179.8000000000002,2.097303867340088
1179.9,2.081831693649292
1180.0,2.0938265323638916
1180.1000000000001,2.0794146060943604
1180.2,2.088866949081421
1180.3000000000002,2.068026542663574
1180.4,2.096438407897949
1180.5,2.092200994491577
1180.6000000000001,2.097224235534668
1180.7,2.0937318801879883
1180.8000000000002,2.0960190296173096
1180.9,2.0871384143829346
1181.0,2.0949480533599854
1181.1000000000001,2.095881938934326
1181.2,2.0905356407165527
1181.3000000000002,2.095231533050537
1181.4,2.0871005058288574
1181.5,2.0936427116394043
1181.6000000000001,2.091069221496582
1181.7,2.080303192138672
1181.8000000000002,2.0940380096435547
1181.9,2.090041160583496
1182.0,2.1092774868011475
1182.1000000000001,2.090449810028076
1182.2,2.113176107406616
1182.3000000000002,2.0917179584503174
1182.4,2.0984926223754883
1182.5,2.1047725677490234
1182.6000000000001,2.098512649536133
1182.7,2.0941483974456787
1182.8000000000002,2.0891804695129395
1182.9,2.0927066802978516
1183.0,2.083648204803467
1183.1000000000001,2.1157114505767822
1183.2,2.104198694229126
1183.3000000000002,2.0993731021881104
1183.4,2.095075845718384
1183.5,2.0961318016052246
1183.6000000000001,2.1018152236938477
1183.7,2.09678316116333
1183.8000000000002,2.0940279960632324
1183.9,2.1001574993133545
1184.0,2.096538782119751
1184.1000000000001,2.0932068824768066
1184.2,2.096573829650879
1184.3000000000002,2.09523868560791
1184.4,2.0951247215270996
1184.5,2.0991716384887695
1184.6000000000001,2.09749698638916
1184.7,2.0993590354919434
1184.8000000000002,2.093928098678589
1184.9,2.0997087955474854
1185.0,2.105203866958618
1185.1000000000001,2.0931813716888428
1185.2,2.1143040657043457
1185.3000000000002,2.101234197616577
1185.4,2.093574285507202
1185.5,2.102445602416992
1185.6000000000001,2.1082582473754883
1185.7,2.1121928691864014
1185.8000000000002,2.103638172149658
1185.9,2.0970120429992676
1186.0,2.105695962905884
1186.1000000000001,2.1017236709594727
1186.2,2.107013702392578
1186.3000000000002,2.11399507522583
1186.4,2.0890376567840576
1186.5,2.0967979431152344
1186.6000000000001,2.1026041507720947
1186.7,2.1076014041900635
1186.8000000000002,2.1042909622192383
1186.9,2.1010093688964844
1187.0,2.1118993759155273
1187.1000000000001,2.10821270942688
1187.2,2.1029751300811768
1187.3000000000002,2.111067533493042
1187.4,2.110940456390381
1187.5,2.111684799194336
1187.6000000000001,2.1019668579101562
1187.7,2.0965144634246826
1187.8000000000002,2.1133010387420654
1187.9,2.1010589599609375
1188.0,2.106130838394165
1188.1000000000001,2.0982491970062256
1188.2,2.1112871170043945
1188.3000000000002,2.114504814147949
1188.4,2.097092390060425
1188.5,2.1062333583831787
1188.6000000000001,2.0950000286102295
1188.7,2.0977725982666016
1188.8000000000002,2.1161694526672363
1188.9,2.109429121017456
1189.0,2.1124210357666016
1189.1000000000001,2.115025520324707
1189.2,2.119114875793457
1189.3000000000002,2.0978734493255615
1189.4,2.104326009750366
1189.5,2.1093742847442627
1189.6000000000001,2.118502378463745
1189.7,2.103090524673462
1189.8000000000002,2.107224225997925
1189.9,2.115464210510254
1190.0,2.1138386726379395
1190.1000000000001,2.103822946548462
1190.2,2.1060221195220947
1190.3000000000002,2.1107773780822754
1190.4,2.115086078643799
1190.5,2.1115546226501465
1190.6000000000001,2.1032874584198
1190.7,2.1043620109558105
1190.8000000000002,2.1062285900115967
1190.9,2.1157853603363037
1191.0,2.106233596801758
1191.1000000000001,2.116119623184204
1191.2,2.1127209663391113
1191.3000000000002,2.1172564029693604
1191.4,2.090425968170166
1191.5,2.0990114212036133
1191.6000000000001,2.111206531524658
1191.7,2.1073336601257324
1191.8000000000002,2.1002986431121826
1191.9,2.119074583053589
1192.0,2.1072282791137695
1192.1000000000001,2.117825746536255
1192.2,2.116015911102295
1192.3000000000002,2.1065258979797363
1192.4,2.116682529449463
1192.5,2.105090856552124
1192.6000000000001,2.1157281398773193
1192.7,2.1159121990203857
1192.8000000000002,2.1002397537231445
1192.9,2.105008363723755
1193.0,2.1118106842041016
1193.1000000000001,2.104691982269287
1193.2,2.1139307022094727
1193.3000000000002,2.1159660816192627
1193.4,2.1122028827667236
1193.5,2.128314971923828
1193.6000000000001,2.1214585304260254
1193.7,2.1134352684020996
1193.8000000000002,2.112128257751465
1193.9,2.119058847427368
1194.0,2.1191673278808594
1194.1000000000001,2.112823963165283
1194.2,2.1079282760620117
1194.3000000000002,2.1249146461486816
1194.4,2.1175928115844727
1194.5,2.125370979309082
1194.6000000000001,2.110781192779541
1194.7,2.1202735900878906
1194.8000000000002,2.121267318725586
1194.9,2.1066150665283203
1195.0,2.1176137924194336
1195.1000000000001,2.117100715637207
1195.2,2.1185317039489746
1195.3000000000002,2.1166954040527344
1195.4,2.1273388862609863
1195.5,2.1280031204223633
1195.6000000000001,2.114926815032959
1195.7,2.1107325553894043
1195.8000000000002,2.124244451522827
1195.9,2.12052321434021
1196.0,2.1200480461120605
1196.1000000000001,2.128211259841919
1196.2,2.1147923469543457
1196.3000000000002,2.120471715927124
1196.4,2.113673686981201
1196.5,2.1336417198181152
1196.6000000000001,2.112863063812256
1196.7,2.1219356060028076
1196.8000000000002,2.112238645553589
1196.9,2.1249337196350098
1197.0,2.122178316116333
1197.1000000000001,2.1293070316314697
1197.2,2.130613327026367
1197.3000000000002,2.1186156272888184
1197.4,2.121126651763916
1197.5,2.1203927993774414
1197.6000000000001,2.1022539138793945
1197.7,2.121034860610962
1197.8000000000002,2.118185043334961
1197.9,2.1167244911193848
1198.0,2.1247026920318604
1198.1000000000001,2.103390693664551
1198.2,2.1199960708618164
1198.3000000000002,2.127260684967041
1198.4,2.1173155307769775
1198.5,2.1262240409851074
1198.6000000000001,2.1291351318359375
1198.7,2.1117873191833496
1198.8000000000002,2.119699001312256
1198.9,2.129185199737549
1199.0,2.1369662284851074
1199.1000000000001,2.1264326572418213
1199.2,2.1356892585754395
1199.3000000000002,2.116490125656128
1199.4,2.132763147354126
1199.5,2.1153440475463867
1199.6000000000001,2.124861001968384
1199.7,2.1224682331085205
1199.8000000000002,2.1291091442108154
1199.9,2.136157512664795
1200.0,2.1144587993621826
1200.1000000000001,2.1261301040649414
1200.2,2.1204674243927
1200.3000000000002,2.127429723739624
1200.4,2.1372854709625244
1200.5,2.129084587097168
1200.6000000000001,2.1405632495880127
1200.7,2.1273598670959473
1200.8000000000002,2.129865884780884
1200.9,2.1271281242370605
1201.0,2.1239442825317383
1201.1000000000001,2.1225249767303467
1201.2,2.133756160736084
1201.3000000000002,2.136906147003174
1201.4,2.127155065536499
1201.5,2.1260011196136475
1201.6000000000001,2.13580060005188
1201.7,2.1362483501434326
1201.8000000000002,2.139279365539551
1201.9,2.1314680576324463
1202.0,2.114569664001465
1202.1000000000001,2.1304426193237305
1202.2,2.1333489418029785
1202.3000000000002,2.134157180786133
1202.4,2.1251463890075684
1202.5,2.125633478164673
1202.6000000000001,2.1235084533691406
1202.7,2.1279518604278564
1202.8000000000002,2.1226251125335693
1202.9,2.1462788581848145
1203.0,2.131265163421631
1203.1000000000001,2.1198766231536865
1203.2,2.1267752647399902
1203.3000000000002,2.131443977355957
1203.4,2.131298542022705
1203.5,2.145983934402466
1203.6000000000001,2.1334099769592285
1203.7,2.138758897781372
1203.8000000000002,2.132716655731201
1203.9,2.1309499740600586
1204.0,2.1275315284729004
1204.1000000000001,2.1349925994873047
1204.2,2.132734537124634
1204.3000000000002,2.1362149715423584
1204.4,2.1466469764709473
1204.5,2.13201642036438
1204.6000000000001,2.1333768367767334
1204.7,2.135000467300415
1204.8000000000002,2.1378278732299805
1204.9,2.1391992568969727
1205.0,2.1273553371429443
1205.1000000000001,2.1356537342071533
1205.2,2.146477460861206
1205.3000000000002,2.13371205329895
1205.4,2.115159511566162
1205.5,2.144946813583374
1205.6000000000001,2.1473844051361084
1205.7,2.1417040824890137
1205.8000000000002,2.144279956817627
1205.9,2.1465418338775635
1206.0,2.1387336254119873
1206.1000000000001,2.14457106590271
1206.2,2.1416263580322266
1206.3000000000002,2.127291202545166
1206.4,2.135418653488159
1206.5,2.145139455795288
1206.6000000000001,2.149198055267334
1206.7,2.1383962631225586
1206.8000000000002,2.14046311378479
1206.9,2.1413097381591797
1207.0,2.1435089111328125
1207.1000000000001,2.1368024349212646
1207.2,2.1430275440216064
1207.3000000000002,2.138760805130005
1207.4,2.140364408493042
1207.5,2.1378912925720215
1207.6000000000001,2.138378381729126
1207.7,2.1355583667755127
1207.8000000000002,2.134430408477783
1207.9,2.1359169483184814
1208.0,2.124847888946533
1208.1000000000001,2.1212217807769775
1208.2,2.128121852874756
1208.3000000000002,2.127169609069824
1208.4,2.1375067234039307
1208.5,2.1306023597717285
1208.6000000000001,2.135028123855591
1208.7,2.145049571990967
1208.8000000000002,2.151700973510742
1208.9,2.153201103210449
1209.0,2.143636465072632
1209.1000000000001,2.1352500915527344
1209.2,2.1438918113708496
1209.3000000000002,2.144641637802124
1209.4,2.138181209564209
1209.5,2.1507771015167236
1209.6000000000001,2.1315886974334717
1209.7,2.1414413452148438
1209.8000000000002,2.143383026123047
1209.9,2.1481235027313232
1210.0,2.1349477767944336
1210.1000000000001,2.155982732772827
1210.2,2.152127265930176
1210.3000000000002,2.153475046157837
1210.4,2.1466500759124756
1210.5,2.149468421936035
1210.6000000000001,2.1487486362457275
1210.7,2.1526145935058594
1210.8000000000002,2.145806074142456
1210.9,2.1527907848358154
1211.0,2.146277666091919
1211.1000000000001,2.1567041873931885
1211.2,2.1516003608703613
1211.3000000000002,2.148482084274292
1211.4,2.1426055431365967
1211.5,2.140892267227173
1211.6000000000001,2.1535279750823975
1211.7,2.1413116455078125
1211.8000000000002,2.1534841060638428
1211.9,2.145636558532715
1212.0,2.1434783935546875
1212.1000000000001,2.1463892459869385
1212.2,2.1517980098724365
1212.3000000000002,2.1555213928222656
1212.4,2.1527061462402344
1212.5,2.1468453407287598
1212.6000000000001,2.1474697589874268
1212.7,2.146545886993408
1212.8000000000002,2.1550745964050293
1212.9,2.153172731399536
1213.0,2.1504437923431396
1213.1000000000001,2.151629686355591
1213.2,2.14274001121521
1213.3000000000002,2.16230845451355
1213.4,2.1452600955963135
1213.5,2.1526429653167725
1213.6000000000001,2.1550002098083496
1213.7,2.150970220565796
1213.8000000000002,2.144247055053711
1213.9,2.1484081745147705
1214.0,2.1515462398529053
1214.1000000000001,2.151869297027588
1214.2,2.139171838760376
1214.3000000000002,2.1548163890838623
1214.4,2.1484415531158447
1214.5,2.1502034664154053
1214.6000000000001,2.1528098583221436
1214.7,2.1557369232177734
1214.8000000000002,2.1562607288360596
1214.9,2.1483657360076904
1215.0,2.1628174781799316
1215.1000000000001,2.153951644897461
1215.2,2.157695770263672
1215.3000000000002,2.150758743286133
1215.4,2.160841226577759
1215.5,2.147709608078003
1215.6000000000001,2.157111406326294
1215.7,2.1619489192962646
1215.8000000000002,2.157696008682251
1215.9,2.147179126739502
1216.0,2.1662981510162354
1216.1000000000001,2.1525025367736816
1216.2,2.14534592628479
1216.3000000000002,2.1518640518188477
1216.4,2.1643943786621094
1216.5,2.1423656940460205
1216.6000000000001,2.1657862663269043
1216.7,2.14389705657959
1216.8000000000002,2.1478285789489746
1216.9,2.167656660079956
1217.0,2.1624603271484375
1217.1000000000001,2.159329414367676
1217.2,2.157820463180542
1217.3000000000002,2.1682612895965576
1217.4,2.14890456199646
1217.5,2.166191816329956
1217.6000000000001,2.15004825592041
1217.7,2.1691534519195557
1217.8000000000002,2.14566707611084
1217.9,2.156144857406616
1218.0,2.1674587726593018
1218.1000000000001,2.159503936767578
1218.2,2.1641104221343994
1218.3000000000002,2.1584420204162598
1218.4,2.154189348220825
1218.5,2.15421199798584
1218.6000000000001,2.159479856491089
1218.7,2.167310953140259
1218.8000000000002,2.1493842601776123
1218.9,2.169482946395874
1219.0,2.167422294616699
1219.1000000000001,2.173551559448242
1219.2,2.1560497283935547
1219.3000000000002,2.1644673347473145
1219.4,2.165776014328003
1219.5,2.1604490280151367
1219.6000000000001,2.1577847003936768
1219.7,2.1546790599823
1219.8000000000002,2.162703037261963
1219.9,2.1726040840148926
1220.0,2.152305841445923
1220.1000000000001,2.1560163497924805
1220.2,2.156334638595581
1220.3000000000002,2.168525218963623
1220.4,2.166139841079712
1220.5,2.1590895652770996
1220.6000000000001,2.1586759090423584
1220.7,2.1652348041534424
1220.8000000000002,2.1648354530334473
1220.9,2.1722357273101807
1221.0,2.1645572185516357
1221.1000000000001,2.1675946712493896
1221.2,2.175468921661377
1221.3000000000002,2.1613821983337402
1221.4,2.1773056983947754
1221.5,2.1614625453948975
1221.6000000000001,2.1487512588500977
1221.7,2.166843891143799
1221.8000000000002,2.173039674758911
1221.9,2.166865110397339
1222.0,2.1584250926971436
1222.1000000000001,2.166443109512329
1222.2,2.1764559745788574
1222.3000000000002,2.1557071208953857
1222.4,2.174041986465454
1222.5,2.1601312160491943
1222.6000000000001,2.1706221103668213
1222.7,2.165074110031128
1222.8000000000002,2.16465425491333
1222.9,2.162788152694702
1223.0,2.1693007946014404
1223.1000000000001,2.174574375152588
1223.2,2.16848087310791
1223.3000000000002,2.159146785736084
1223.4,2.1540377140045166
1223.5,2.1663079261779785
1223.6000000000001,2.165740489959717
1223.7,2.174874782562256
1223.8000000000002,2.1794421672821045
1223.9,2.160795211791992
1224.0,2.166424512863159
1224.1000000000001,2.1484758853912354
1224.2,2.1736795902252197
1224.3000000000002,2.1667373180389404
1224.4,2.178860902786255
1224.5,2.1760075092315674
1224.6000000000001,2.1772687435150146
1224.7,2.161883592605591
1224.8000000000002,2.171752691268921
1224.9,2.1556193828582764
1225.0,2.1623923778533936
1225.1000000000001,2.1712894439697266
1225.2,2.1752769947052
1225.3000000000002,2.1747374534606934
1225.4,2.1583566665649414
1225.5,2.177018165588379
1225.6000000000001,2.167579412460327
1225.7,2.17162823677063
1225.8000000000002,2.17616868019104
1225.9,2.176600694656372
1226.0,2.168921947479248
1226.1000000000001,2.1710400581359863
1226.2,2.1648876667022705
1226.3000000000002,2.169795274734497
1226.4,2.173766613006592
1226.5,2.1706719398498535
1226.6000000000001,2.174675464630127
1226.7,2.164721727371216
1226.8000000000002,2.168734550476074
1226.9,2.1794545650482178
1227.0,2.153303384780884
1227.1000000000001,2.17997145652771
1227.2,2.186173915863037
1227.3000000000002,2.1691038608551025
1227.4,2.183595895767212
1227.5,2.1812477111816406
1227.6000000000001,2.1774110794067383
1227.7,2.1744816303253174
1227.8000000000002,2.1746253967285156
1227.9,2.1680922508239746
1228.0,2.1822876930236816
1228.1000000000001,2.178057909011841
1228.2,2.1842024326324463
1228.3000000000002,2.18078351020813
1228.4,2.1824381351470947
1228.5,2.172907829284668
1228.6000000000001,2.1876447200775146
1228.7,2.177821397781372
1228.8000000000002,2.1647441387176514
1228.9,2.1687164306640625
1229.0,2.184262275695801
1229.1000000000001,2.176938056945801
1229.2,2.1924002170562744
1229.3000000000002,2.175572633743286
1229.4,2.165623188018799
1229.5,2.1716136932373047
1229.6000000000001,2.1784262657165527
1229.7,2.1703224182128906
1229.8000000000002,2.1825685501098633
1229.9,2.174600839614868
1230.0,2.1879849433898926
1230.1000000000001,2.179720163345337
1230.2,2.1834216117858887
1230.3000000000002,2.189279079437256
1230.4,2.1749680042266846
1230.5,2.1827402114868164
1230.6000000000001,2.1836230754852295
1230.7,2.178589105606079
1230.8000000000002,2.185248851776123
1230.9,2.1852524280548096
1231.0,2.1855547428131104
1231.1000000000001,2.1708197593688965
1231.2,2.18220853805542
1231.3000000000002,2.1888322830200195
1231.4,2.1807727813720703
1231.5,2.1932599544525146
1231.6000000000001,2.18411922454834
1231.7,2.1769046783447266
1231.8000000000002,2.1847081184387207
1231.9,2.18558406829834
1232.0,2.1783511638641357
1232.1000000000001,2.1850080490112305
1232.2,2.1876585483551025
1232.3000000000002,2.1896278858184814
1232.4,2.1882383823394775
1232.5,2.1988890171051025
1232.6000000000001,2.186006784439087
1232.7,2.1815237998962402
1232.8000000000002,2.1801533699035645
1232.9,2.18914532661438
1233.0,2.1724913120269775
1233.1000000000001,2.183527708053589
1233.2,2.189110040664673
1233.3000000000002,2.199258804321289
1233.4,2.186406135559082
1233.5,2.181537628173828
1233.6000000000001,2.1875996589660645
1233.7,2.192769765853882
1233.8000000000002,2.1909847259521484
1233.9,2.1858608722686768
1234.0,2.19035267829895
1234.1000000000001,2.188839912414551
1234.2,2.1845779418945312
1234.3000000000002,2.1936893463134766
1234.4,2.187493085861206
1234.5,2.194796085357666
1234.6000000000001,2.19574236869812
1234.7,2.197662353515625
1234.8000000000002,2.186082124710083
1234.9,2.1682307720184326
1235.0,2.1887078285217285
1235.1000000000001,2.1861579418182373
1235.2,2.1876590251922607
1235.3000000000002,2.1839632987976074
1235.4,2.1842849254608154
1235.5,2.2009658813476562
1235.6000000000001,2.1954925060272217
1235.7,2.189293384552002
1235.8000000000002,2.191688299179077
1235.9,2.1982040405273438
1236.0,2.2014894485473633
1236.1000000000001,2.193509578704834
1236.2,2.187394618988037
1236.3000000000002,2.1782026290893555
1236.4,2.1859214305877686
1236.5,2.197672128677368
1236.6000000000001,2.1947898864746094
1236.7,2.1942732334136963
1236.8000000000002,2.202577590942383
1236.9,2.195416212081909
1237.0,2.196444034576416
1237.1000000000001,2.188392400741577
1237.2,2.201655149459839
1237.3000000000002,2.1831700801849365
1237.4,2.2020809650421143
1237.5,2.198725461959839
1237.6000000000001,2.1794168949127197
1237.7,2.1926822662353516
1237.8000000000002,2.1866283416748047
1237.9,2.1990973949432373
1238.0,2.200679063796997
1238.1000000000001,2.1941006183624268
1238.2,2.20353364944458
1238.3000000000002,2.1993207931518555
1238.4,2.1915242671966553
1238.5,2.187915802001953
1238.6000000000001,2.192656993865967
1238.7,2.1869077682495117
1238.8000000000002,2.1881723403930664
1238.9,2.193506956100464
1239.0,2.2022016048431396
1239.1000000000001,2.201953887939453
1239.2,2.1971797943115234
1239.3000000000002,2.204505443572998
1239.4,2.1994733810424805
1239.5,2.1847188472747803
1239.6000000000001,2.1869804859161377
1239.7,2.1863481998443604
1239.8000000000002,2.193223476409912
1239.9,2.201899528503418
1240.0,2.2063183784484863
1240.1000000000001,2.194871664047241
1240.2,2.1830832958221436
1240.3000000000002,2.19470477104187
1240.4,2.1969170570373535
1240.5,2.1877501010894775
1240.6000000000001,2.1970303058624268
1240.7,2.192918539047241
1240.8000000000002,2.194718599319458
1240.9,2.1952426433563232
1241.0,2.1954383850097656
1241.1000000000001,2.1931235790252686
1241.2,2.1935439109802246
1241.3000000000002,2.1955924034118652
1241.4,2.198274850845337
1241.5,2.2077763080596924
1241.6000000000001,2.207254648208618
1241.7,2.196352005004883
1241.8000000000002,2.2099833488464355
1241.9,2.1947436332702637
1242.0,2.21821665763855
1242.1000000000001,2.19559383392334
1242.2,2.199631690979004
1242.3000000000002,2.212562322616577
1242.4,2.206494092941284
1242.5,2.1925089359283447
1242.6000000000001,2.1831648349761963
1242.7,2.198011875152588
1242.8000000000002,2.2034759521484375
1242.9,2.211934804916382
1243.0,2.190157651901245
1243.1000000000001,2.2010421752929688
1243.2,2.2015790939331055
1243.3000000000002,2.189324140548706
1243.4,2.207484006881714
1243.5,2.1957952976226807
1243.6000000000001,2.1922807693481445
1243.7,2.205994129180908
1243.8000000000002,2.2117536067962646
1243.9,2.206000566482544
1244.0,2.2049241065979004
1244.1000000000001,2.2048416137695312
1244.2,2.2117550373077393
1244.3000000000002,2.202849864959717
1244.4,2.1975879669189453
1244.5,2.1997005939483643
1244.6000000000001,2.211649179458618
1244.7,2.201641321182251
1244.8000000000002,2.218916893005371
1244.9,2.2106614112854004
1245.0,2.2160844802856445
1245.1000000000001,2.2026095390319824
1245.2,2.1990725994110107
1245.3000000000002,2.2026591300964355
1245.4,2.214528799057007
1245.5,2.2109718322753906
1245.6000000000001,2.2135581970214844
1245.7,2.205209732055664
1245.8000000000002,2.2155230045318604
1245.9,2.2106680870056152
1246.0,2.2018582820892334
1246.1000000000001,2.2206664085388184
1246.2,2.1987783908843994
1246.3000000000002,2.2106778621673584
1246.4,2.21590256690979
1246.5,2.2187693119049072
1246.6000000000001,2.2043519020080566
1246.7,2.211240530014038
1246.8000000000002,2.209930896759033
1246.9,2.2199487686157227
1247.0,2.196617603302002
1247.1000000000001,2.209326982498169
1247.2,2.1920244693756104
1247.3000000000002,2.197589159011841
1247.4,2.205174684524536
1247.5,2.2065067291259766
1247.6000000000001,2.222707748413086
1247.7,2.2136576175689697
1247.8000000000002,2.2067935466766357
1247.9,2.209625005722046
1248.0,2.2165441513061523
1248.1000000000001,2.2142820358276367
1248.2,2.2023355960845947
1248.3000000000002,2.2256505489349365
1248.4,2.208698034286499
1248.5,2.2229762077331543
1248.6000000000001,2.227149248123169
1248.7,2.2039616107940674
1248.8000000000002,2.226987838745117
1248.9,2.2170698642730713
1249.0,2.209240198135376
1249.1000000000001,2.2218873500823975
1249.2,2.217973232269287
1249.3000000000002,2.2063381671905518
1249.4,2.214459180831909
1249.5,2.1980140209198
1249.6000000000001,2.2058842182159424
1249.7,2.2040090560913086
1249.8000000000002,2.2169137001037598
1249.9,2.2142012119293213
1250.0,2.223076820373535
1250.1000000000001,2.222208023071289
1250.2,2.2275476455688477
1250.3000000000002,2.215946912765503
1250.4,2.221615791320801
1250.5,2.199361801147461
1250.6000000000001,2.228654384613037
1250.7,2.217670202255249
1250.8000000000002,2.2143521308898926
1250.9,2.209062099456787
1251.0,2.2131764888763428
1251.1000000000001,2.226808786392212
1251.2,2.2171707153320312
1251.3000000000002,2.2113451957702637
1251.4,2.2276904582977295
1251.5,2.217214822769165
1251.6000000000001,2.224393367767334
1251.7,2.2108194828033447
1251.8000000000002,2.2150814533233643
1251.9,2.2111620903015137
1252.0,2.218647003173828
1252.1000000000001,2.2110519409179688
1252.2,2.216508388519287
1252.3000000000002,2.226219892501831
1252.4,2.201507568359375
1252.5,2.2091567516326904
1252.6000000000001,2.21746563911438
1252.7,2.223548650741577
1252.8000000000002,2.2177774906158447
1252.9,2.213479518890381
1253.0,2.2188756465911865
1253.1000000000001,2.2232041358947754
1253.2,2.233098030090332
1253.3000000000002,2.221515417098999
1253.4,2.2283036708831787
1253.5,2.227482557296753
1253.6000000000001,2.214066743850708
1253.7,2.22705340385437
1253.8000000000002,2.2208495140075684
1253.9,2.225597381591797
1254.0,2.2177987098693848
1254.1000000000001,2.2233200073242188
1254.2,2.2302725315093994
1254.3000000000002,2.2109546661376953
1254.4,2.2263782024383545
1254.5,2.2289624214172363
1254.6000000000001,2.2262065410614014
1254.7,2.228957176208496
1254.8000000000002,2.227537155151367
1254.9,2.2196669578552246
1255.0,2.2319109439849854
1255.1000000000001,2.2277488708496094
1255.2,2.2218434810638428
1255.3000000000002,2.2237346172332764
1255.4,2.2332236766815186
1255.5,2.2276878356933594
1255.6000000000001,2.219163179397583
1255.7,2.21855092048645
1255.8000000000002,2.210963487625122
1255.9,2.2384090423583984
1256.0,2.2316253185272217
1256.1000000000001,2.224822759628296
1256.2,2.23775577545166
1256.3000000000002,2.228839635848999
1256.4,2.223323345184326
1256.5,2.226517915725708
1256.6000000000001,2.221111297607422
1256.7,2.2305245399475098
1256.8000000000002,2.2212331295013428
1256.9,2.23520827293396
1257.0,2.2232658863067627
1257.1000000000001,2.223644733428955
1257.2,2.233487367630005
1257.3000000000002,2.2362101078033447
1257.4,2.220344066619873
1257.5,2.2365028858184814
1257.6000000000001,2.2370731830596924
1257.7,2.2375988960266113
1257.8000000000002,2.228846311569214
1257.9,2.2224819660186768
1258.0,2.212817907333374
1258.1000000000001,2.2340898513793945
1258.2,2.2227699756622314
1258.3000000000002,2.223762273788452
1258.4,2.228200674057007
1258.5,2.2243459224700928
1258.6000000000001,2.2311501502990723
1258.7,2.2360546588897705
1258.8000000000002,2.2337141036987305
1258.9,2.233104944229126
1259.0,2.2248663902282715
1259.1000000000001,2.2292611598968506
1259.2,2.229022979736328
1259.3000000000002,2.219165802001953
1259.4,2.240264415740967
1259.5,2.2293448448181152
1259.6000000000001,2.2427620887756348
1259.7,2.2145283222198486
1259.8000000000002,2.2391180992126465
1259.9,2.223567008972168
1260.0,2.2314770221710205
1260.1000000000001,2.233123540878296
1260.2,2.2388365268707275
1260.3000000000002,2.238804578781128
1260.4,2.2337725162506104
1260.5,2.2339231967926025
1260.6000000000001,2.233686923980713
1260.7,2.2417221069335938
1260.8000000000002,2.240206003189087
1260.9,2.2336409091949463
1261.0,2.2327191829681396
1261.1000000000001,2.2279088497161865
1261.2,2.2336244583129883
1261.3000000000002,2.243058443069458
1261.4,2.2349460124969482
1261.5,2.239896535873413
1261.6000000000001,2.2266101837158203
1261.7,2.218815803527832
1261.8000000000002,2.235804796218872
1261.9,2.236340045928955
1262.0,2.2379040718078613
1262.1000000000001,2.218364953994751
1262.2,2.2300429344177246
1262.3000000000002,2.2419373989105225
1262.4,2.2438161373138428
1262.5,2.2267723083496094
1262.6000000000001,2.244792938232422
1262.7,2.237025260925293
1262.8000000000002,2.2425405979156494
1262.9,2.235929250717163
1263.0,2.249046564102173
1263.1000000000001,2.237562656402588
1263.2,2.2271008491516113
1263.3000000000002,2.2383053302764893
1263.4,2.2460529804229736
1263.5,2.239219903945923
1263.6000000000001,2.248955488204956
1263.7,2.2466487884521484
1263.8000000000002,2.245898485183716
1263.9,2.2358059883117676
1264.0,2.246666193008423
1264.1000000000001,2.2361316680908203
1264.2,2.244403839111328
1264.3000000000002,2.2382354736328125
1264.4,2.242002487182617
1264.5,2.2378060817718506
1264.6000000000001,2.2110705375671387
1264.7,2.248090982437134
1264.8000000000002,2.2474286556243896
1264.9,2.2551026344299316
1265.0,2.2469305992126465
1265.1000000000001,2.243321657180786
1265.2,2.243972063064575
1265.3000000000002,2.24556565284729
1265.4,2.2383382320404053
1265.5,2.241702079772949
1265.6000000000001,2.2384798526763916
1265.7,2.2470767498016357
1265.8000000000002,2.2510221004486084
1265.9,2.2442073822021484
1266.0,2.2326018810272217
1266.1000000000001,2.253671884536743
1266.2,2.2453510761260986
1266.3000000000002,2.2421910762786865
1266.4,2.2285587787628174
1266.5,2.2510743141174316
1266.6000000000001,2.2411179542541504
1266.7,2.2529971599578857
1266.8000000000002,2.2540271282196045
1266.9,2.2428078651428223
1267.0,2.246920108795166
1267.1000000000001,2.2422308921813965
1267.2,2.252169609069824
1267.3000000000002,2.2508351802825928
1267.4,2.238628387451172
1267.5,2.24520206451416
1267.6000000000001,2.256133556365967
1267.7,2.243494987487793
1267.8000000000002,2.231318950653076
1267.9,2.243652582168579
1268.0,2.253126859664917
1268.1000000000001,2.2510735988616943
1268.2,2.2463438510894775
1268.3000000000002,2.243562936782837
1268.4,2.228761672973633
1268.5,2.2411274909973145
1268.6000000000001,2.2382314205169678
1268.7,2.2474114894866943
1268.8000000000002,2.252441883087158
1268.9,2.239441156387329
1269.0,2.2428596019744873
1269.1000000000001,2.2522196769714355
1269.2,2.2614712715148926
1269.3000000000002,2.261108160018921
1269.4,2.2501778602600098
1269.5,2.2532198429107666
1269.6000000000001,2.247713088989258
1269.7,2.252612590789795
1269.8000000000002,2.2600257396698
1269.9,2.243800401687622
1270.0,2.256694793701172
1270.1000000000001,2.258256673812866
1270.2,2.2529454231262207
1270.3000000000002,2.235250949859619
1270.4,2.2400996685028076
1270.5,2.2380173206329346
1270.6000000000001,2.2474942207336426
1270.7,2.25581955909729
1270.8000000000002,2.2503669261932373
1270.9,2.257659912109375
1271.0,2.2477128505706787
1271.1000000000001,2.256531000137329
1271.2,2.246100902557373
1271.3000000000002,2.2464942932128906
1271.4,2.2513270378112793
1271.5,2.2626595497131348
1271.6000000000001,2.254272222518921
1271.7,2.2500996589660645
1271.8000000000002,2.262101411819458
1271.9,2.2640740871429443
1272.0,2.2590909004211426
1272.1000000000001,2.2516143321990967
1272.2,2.2564988136291504
1272.3000000000002,2.2531237602233887
1272.4,2.264589786529541
1272.5,2.252568244934082
1272.6000000000001,2.252986192703247
1272.7,2.254317283630371
1272.8000000000002,2.253772497177124
1272.9,2.24833607673645
1273.0,2.2653136253356934
1273.1000000000001,2.2595419883728027
1273.2,2.252335786819458
1273.3000000000002,2.2565906047821045
1273.4,2.2595720291137695
1273.5,2.262850522994995
1273.6000000000001,2.256185293197632
1273.7,2.2615435123443604
1273.8000000000002,2.2528903484344482
1273.9,2.2539455890655518
1274.0,2.2519679069519043
1274.1000000000001,2.2560765743255615
1274.2,2.2489683628082275
1274.3000000000002,2.255375623703003
1274.4,2.2607240676879883
1274.5,2.262275218963623
1274.6000000000001,2.262117862701416
1274.7,2.262692451477051
1274.8000000000002,2.2531676292419434
1274.9,2.2641420364379883
1275.0,2.2639734745025635
1275.1000000000001,2.2579092979431152
1275.2,2.2618601322174072
1275.3000000000002,2.2662570476531982
1275.4,2.2607638835906982
1275.5,2.268242597579956
1275.6000000000001,2.266106367111206
1275.7,2.268958806991577
1275.8000000000002,2.2515485286712646
1275.9,2.279231309890747
1276.0,2.2566957473754883
1276.1000000000001,2.2411293983459473
1276.2,2.269249439239502
1276.3000000000002,2.2709157466888428
1276.4,2.263601541519165
1276.5,2.2614974975585938
1276.6000000000001,2.2597546577453613
1276.7,2.2547714710235596
1276.8000000000002,2.2523348331451416
1276.9,2.258115530014038
1277.0,2.259472370147705
1277.1000000000001,2.252161979675293
1277.2,2.252372980117798
1277.3000000000002,2.261766195297241
1277.4,2.263453722000122
1277.5,2.269411325454712
1277.6000000000001,2.265608310699463
1277.7,2.26269793510437
1277.8000000000002,2.266484260559082
1277.9,2.268015146255493
1278.0,2.266404390335083
1278.1000000000001,2.265469551086426
1278.2,2.256139039993286
1278.3000000000002,2.264941930770874
1278.4,2.2496163845062256
1278.5,2.272775173187256
1278.6000000000001,2.25888991355896
1278.7,2.24582839012146
1278.8000000000002,2.2635703086853027
1278.9,2.274779796600342
1279.0,2.2673380374908447
1279.1000000000001,2.2623167037963867
1279.2,2.2671003341674805
1279.3000000000002,2.264230728149414
1279.4,2.255215644836426
1279.5,2.2633678913116455
1279.6000000000001,2.2625515460968018
1279.7,2.2662994861602783
1279.8000000000002,2.270867109298706
1279.9,2.2652578353881836
1280.0,2.270254611968994
1280.1000000000001,2.27228045463562
1280.2,2.2769625186920166
1280.3000000000002,2.2720305919647217
1280.4,2.2609171867370605
1280.5,2.280986785888672
1280.6000000000001,2.270763635635376
1280.7,2.266841173171997
1280.8000000000002,2.261976957321167
1280.9,2.289475917816162
1281.0,2.274486541748047
1281.1000000000001,2.266535997390747
1281.2,2.273287773132324
1281.3000000000002,2.2750966548919678
1281.4,2.270051956176758
1281.5,2.27321457862854
1281.6000000000001,2.2725303173065186
1281.7,2.2678585052490234
1281.8000000000002,2.280250072479248
1281.9,2.2639048099517822
1282.0,2.2768137454986572
1282.1000000000001,2.2752559185028076
1282.2,2.2714076042175293
1282.3000000000002,2.2654733657836914
1282.4,2.268360137939453
1282.5,2.2680699825286865
1282.6000000000001,2.279386043548584
1282.7,2.271026849746704
1282.8000000000002,2.2739288806915283
1282.9,2.265929937362671
1283.0,2.2664637565612793
1283.1000000000001,2.2622900009155273
1283.2,2.2755322456359863
1283.3000000000002,2.2648017406463623
1283.4,2.2795233726501465
1283.5,2.27831768989563
1283.6000000000001,2.275320053100586
1283.7,2.269387722015381
1283.8000000000002,2.2696170806884766
1283.9,2.27512526512146
1284.0,2.270702600479126
1284.1000000000001,2.265872001647949
1284.2,2.2865641117095947
1284.3000000000002,2.290156602859497
1284.4,2.280346155166626
1284.5,2.271120548248291
1284.6000000000001,2.275862216949463
1284.7,2.2630112171173096
1284.8000000000002,2.2721314430236816
1284.9,2.2741339206695557
1285.0,2.268413782119751
1285.1000000000001,2.271700859069824
1285.2,2.270939588546753
1285.3000000000002,2.2626900672912598
1285.4,2.2712485790252686
1285.5,2.280799388885498
1285.6000000000001,2.277827024459839
1285.7,2.2783472537994385
1285.8000000000002,2.2778468132019043
1285.9,2.2770371437072754
1286.0,2.2694990634918213
1286.1000000000001,2.2816317081451416
1286.2,2.278286933898926
1286.3000000000002,2.2881126403808594
1286.4,2.2734100818634033
1286.5,2.279160737991333
1286.6000000000001,2.2630410194396973
1286.7,2.2804510593414307
1286.8000000000002,2.2619857788085938
1286.9,2.2900702953338623
1287.0,2.282938003540039
1287.1000000000001,2.2877039909362793
1287.2,2.2789807319641113
1287.3000000000002,2.2741057872772217
1287.4,2.262533664703369
1287.5,2.2845048904418945
1287.6000000000001,2.2756965160369873
1287.7,2.263035535812378
1287.8000000000002,2.2754311561584473
1287.9,2.2956056594848633
1288.0,2.2708375453948975
1288.1000000000001,2.2833149433135986
1288.2,2.275374412536621
1288.3000000000002,2.281778573989868
1288.4,2.2778215408325195
1288.5,2.270721673965454
1288.6000000000001,2.270144462585449
1288.7,2.270129442214966
1288.8000000000002,2.2903172969818115
1288.9,2.2876217365264893
1289.0,2.290799617767334
1289.1000000000001,2.2828962802886963
1289.2,2.2956109046936035
1289.3000000000002,2.28859281539917
1289.4,2.267998695373535
1289.5,2.272167682647705
1289.6000000000001,2.262552261352539
1289.7,2.2896065711975098
1289.8000000000002,2.2893106937408447
1289.9,2.281214475631714
1290.0,2.2879438400268555
1290.1000000000001,2.2916173934936523
1290.2,2.2736527919769287
1290.3000000000002,2.2850420475006104
1290.4,2.29256534576416
1290.5,2.291309118270874
1290.6000000000001,2.2789688110351562
1290.7,2.272481679916382
1290.8000000000002,2.2940361499786377
1290.9,2.2913830280303955
1291.0,2.2799322605133057
1291.1000000000001,2.2880043983459473
1291.2,2.2878646850585938
1291.3000000000002,2.292039394378662
1291.4,2.269052743911743
1291.5,2.291006326675415
1291.6000000000001,2.280316114425659
1291.7,2.2685279846191406
1291.8000000000002,2.2760279178619385
1291.9,2.277189254760742
1292.0,2.2873289585113525
1292.1000000000001,2.2791848182678223
1292.2,2.2928709983825684
1292.3000000000002,2.292236328125
1292.4,2.3010506629943848
1292.5,2.280050039291382
1292.6000000000001,2.3042290210723877
1292.7,2.28794264793396
1292.8000000000002,2.2972805500030518
1292.9,2.2774112224578857
1293.0,2.2935633659362793
1293.1000000000001,2.2933287620544434
1293.2,2.2972519397735596
1293.3000000000002,2.277247905731201
1293.4,2.2945005893707275
1293.5,2.280766725540161
1293.6000000000001,2.302556276321411
1293.7,2.2852864265441895
1293.8000000000002,2.2790653705596924
1293.9,2.288727283477783
1294.0,2.2859363555908203
1294.1000000000001,2.2901129722595215
1294.2,2.301546096801758
1294.3000000000002,2.291017770767212
1294.4,2.2911086082458496
1294.5,2.3025400638580322
1294.6000000000001,2.299970865249634
1294.7,2.2908687591552734
1294.8000000000002,2.3023314476013184
1294.9,2.2771155834198
1295.0,2.2965126037597656
1295.1000000000001,2.2716381549835205
1295.2,2.2877354621887207
1295.3000000000002,2.298945426940918
1295.4,2.2971584796905518
1295.5,2.2875213623046875
1295.6000000000001,2.3014156818389893
1295.7,2.3014180660247803
1295.8000000000002,2.298598527908325
1295.9,2.303494453430176
1296.0,2.2952239513397217
1296.1000000000001,2.29706072807312
1296.2,2.2901346683502197
1296.3000000000002,2.2933216094970703
1296.4,2.2982473373413086
1296.5,2.289130210876465
1296.6000000000001,2.2950968742370605
1296.7,2.2960329055786133
1296.8000000000002,2.2978382110595703
1296.9,2.3026294708251953
1297.0,2.285479784011841
1297.1000000000001,2.2876336574554443
1297.2,2.2862703800201416
1297.3000000000002,2.298351764678955
1297.4,2.289804458618164
1297.5,2.307738780975342
1297.6000000000001,2.3135626316070557
1297.7,2.3092756271362305
1297.8000000000002,2.2978851795196533
1297.9,2.2968406677246094
1298.0,2.3011417388916016
1298.1000000000001,2.2971129417419434
1298.2,2.3000478744506836
1298.3000000000002,2.2974209785461426
1298.4,2.2978413105010986
1298.5,2.303333044052124
1298.6000000000001,2.2964096069335938
1298.7,2.3065013885498047
1298.8000000000002,2.2763655185699463
1298.9,2.291943311691284
1299.0,2.2845280170440674
1299.1000000000001,2.296149730682373
1299.2,2.3058993816375732
1299.3000000000002,2.293123483657837
1299.4,2.2945127487182617
1299.5,2.3008265495300293
1299.6000000000001,2.296788215637207
1299.7,2.305058479309082
1299.8000000000002,2.308833122253418
1299.9,2.305915594100952
1300.0,2.2952382564544678
1300.1000000000001,2.2852728366851807
1300.2,2.3044228553771973
1300.3000000000002,2.3038041591644287
1300.4,2.3066821098327637
1300.5,2.2965199947357178
1300.6000000000001,2.310511827468872
1300.7,2.305704355239868
1300.8000000000002,2.300869941711426
1300.9,2.2977795600891113
1301.0,2.3079469203948975
1301.1000000000001,2.300255298614502
1301.2,2.3167946338653564
1301.3000000000002,2.3050639629364014
1301.4,2.3021152019500732
1301.5,2.3031771183013916
1301.6000000000001,2.3136613368988037
1301.7,2.3137574195861816
1301.8000000000002,2.3082611560821533
1301.9,2.3020827770233154
1302.0,2.3146252632141113
1302.1000000000001,2.2953476905822754
1302.2,2.2997686862945557
1302.3000000000002,2.3071653842926025
1302.4,2.30487060546875
1302.5,2.3062572479248047
1302.6000000000001,2.3023345470428467
1302.7,2.3112242221832275
1302.8000000000002,2.3060402870178223
1302.9,2.3022117614746094
1303.0,2.301884412765503
1303.1000000000001,2.317234516143799
1303.2,2.310502052307129
1303.3000000000002,2.296002149581909
1303.4,2.3002920150756836
1303.5,2.3189992904663086
1303.6000000000001,2.3055922985076904
1303.7,2.3149781227111816
1303.8000000000002,2.308436155319214
1303.9,2.294184446334839
1304.0,2.2924389839172363
1304.1000000000001,2.3032891750335693
1304.2,2.3093085289001465
1304.3000000000002,2.307154655456543
1304.4,2.3013134002685547
1304.5,2.293900728225708
1304.6000000000001,2.3123347759246826
1304.7,2.3033320903778076
1304.8000000000002,2.312026023864746
1304.9,2.3079211711883545
1305.0,2.3089561462402344
1305.1000000000001,2.3099365234375
1305.2,2.2981767654418945
1305.3000000000002,2.313912868499756
1305.4,2.3181099891662598
1305.5,2.3178658485412598
1305.6000000000001,2.306924819946289
1305.7,2.306258201599121
1305.8000000000002,2.3148157596588135
1305.9,2.3132147789001465
1306.0,2.3178277015686035
1306.1000000000001,2.307298421859741
1306.2,2.307180643081665
1306.3000000000002,2.314002513885498
1306.4,2.311316728591919
1306.5,2.3124749660491943
1306.6000000000001,2.3259658813476562
1306.7,2.307299852371216
1306.8000000000002,2.3133974075317383
1306.9,2.3214120864868164
1307.0,2.317838668823242
1307.1000000000001,2.3068888187408447
1307.2,2.3210535049438477
1307.3000000000002,2.311979293823242
1307.4,2.312539577484131
1307.5,2.313441038131714
1307.6000000000001,2.3218913078308105
1307.7,2.309872627258301
1307.8000000000002,2.3027002811431885
1307.9,2.327173948287964
1308.0,2.3182764053344727
1308.1000000000001,2.303992748260498
1308.2,2.3034629821777344
1308.3000000000002,2.305783271789551
1308.4,2.3137407302856445
1308.5,2.3233323097229004
1308.6000000000001,2.322779417037964
1308.7,2.3129160404205322
1308.8000000000002,2.308245897293091
1308.9,2.32375431060791
1309.0,2.312641143798828
1309.1000000000001,2.312910795211792
1309.2,2.2991597652435303
1309.3000000000002,2.298917293548584
1309.4,2.3116095066070557
1309.5,2.3098819255828857
1309.6000000000001,2.3146936893463135
1309.7,2.321138858795166
1309.8000000000002,2.304979085922241
1309.9,2.3215534687042236
1310.0,2.3134517669677734
1310.1000000000001,2.331801176071167
1310.2,2.297109603881836
1310.3000000000002,2.322807788848877
1310.4,2.3236443996429443
1310.5,2.313910722732544
1310.6000000000001,2.3073065280914307
1310.7,2.319188356399536
1310.8000000000002,2.3262977600097656
1310.9,2.3140461444854736
1311.0,2.3147635459899902
1311.1000000000001,2.321436643600464
1311.2,2.303173065185547
1311.3000000000002,2.3186867237091064
1311.4,2.3211276531219482
1311.5,2.312575578689575
1311.6000000000001,2.307384967803955
1311.7,2.3196349143981934
1311.8000000000002,2.318530559539795
1311.9,2.3199117183685303
1312.0,2.319777011871338
1312.1000000000001,2.3203210830688477
1312.2,2.3186991214752197
1312.3000000000002,2.332113265991211
1312.4,2.3224029541015625
1312.5,2.333308696746826
1312.6000000000001,2.334209680557251
1312.7,2.3276076316833496
1312.8000000000002,2.3156049251556396
1312.9,2.3343164920806885
1313.0,2.326504707336426
1313.1000000000001,2.3279385566711426
1313.2,2.324429750442505
1313.3000000000002,2.3297104835510254
1313.4,2.3185830116271973
1313.5,2.332627058029175
1313.6000000000001,2.3040683269500732
1313.7,2.325319528579712
1313.8000000000002,2.3180501461029053
1313.9,2.3123276233673096
1314.0,2.3235902786254883
1314.1000000000001,2.322890520095825
1314.2,2.3161890506744385
1314.3000000000002,2.315871000289917
1314.4,2.3316245079040527
1314.5,2.3300466537475586
1314.6000000000001,2.3316431045532227
1314.7,2.315748929977417
1314.8000000000002,2.3212637901306152
1314.9,2.331739902496338
1315.0,2.3217403888702393
1315.1000000000001,2.331141710281372
1315.2,2.3202896118164062
1315.3000000000002,2.3244681358337402
1315.4,2.3278403282165527
1315.5,2.339026927947998
1315.6000000000001,2.3182711601257324
1315.7,2.315559148788452
1315.8000000000002,2.32216477394104
1315.9,2.33203125
1316.0,2.3183434009552
1316.1000000000001,2.3274481296539307
1316.2,2.3326058387756348
1316.3000000000002,2.3288094997406006
1316.4,2.321213483810425
1316.5,2.3236770629882812
1316.6000000000001,2.326460123062134
1316.7,2.3288590908050537
1316.8000000000002,2.3173532485961914
1316.9,2.330475091934204
1317.0,2.3202123641967773
1317.1000000000001,2.3278932571411133
1317.2,2.3291778564453125
1317.3000000000002,2.328744649887085
1317.4,2.3261868953704834
1317.5,2.3121113777160645
1317.6000000000001,2.3248746395111084
1317.7,2.3301761150360107
1317.8000000000002,2.324122428894043
1317.9,2.3247413635253906
1318.0,2.334709405899048
1318.1000000000001,2.342132329940796
1318.2,2.3277852535247803
1318.3000000000002,2.319854736328125
1318.4,2.324350118637085
1318.5,2.325098991394043
1318.6000000000001,2.332711935043335
1318.7,2.327716112136841
1318.8000000000002,2.3321621417999268
1318.9,2.31795072555542
1319.0,2.3240792751312256
1319.1000000000001,2.333449602127075
1319.2,2.332343578338623
1319.3000000000002,2.3319754600524902
1319.4,2.3196752071380615
1319.5,2.334373712539673
1319.6000000000001,2.33321213722229
1319.7,2.3295698165893555
1319.8000000000002,2.328572988510132
1319.9,2.3335177898406982
1320.0,2.32092022895813
1320.1000000000001,2.331312417984009
1320.2,2.3381102085113525
1320.3000000000002,2.3394970893859863
1320.4,2.345320463180542
1320.5,2.3391048908233643
1320.6000000000001,2.342414140701294
1320.7,2.3355414867401123
1320.8000000000002,2.3227035999298096
1320.9,2.3299193382263184
1321.0,2.3290579319000244
1321.1000000000001,2.329481601715088
1321.2,2.337430477142334
1321.3000000000002,2.341351270675659
1321.4,2.3355698585510254
1321.5,2.339055061340332
1321.6000000000001,2.3323371410369873
1321.7,2.3300585746765137
1321.8000000000002,2.336665391921997
1321.9,2.330688953399658
1322.0,2.3360469341278076
1322.1000000000001,2.3153698444366455
1322.2,2.33762526512146
1322.3000000000002,2.334653615951538
1322.4,2.3296315670013428
1322.5,2.3350319862365723
1322.6000000000001,2.3308396339416504
1322.7,2.3296663761138916
1322.8000000000002,2.3336920738220215
1322.9,2.3149056434631348
1323.0,2.337935447692871
1323.1000000000001,2.3459279537200928
1323.2,2.3394412994384766
1323.3000000000002,2.331296920776367
1323.4,2.345383405685425
1323.5,2.342047929763794
1323.6000000000001,2.3416590690612793
1323.7,2.333300828933716
1323.8000000000002,2.3310484886169434
1323.9,2.3421621322631836
1324.0,2.3343236446380615
1324.1000000000001,2.3387632369995117
1324.2,2.3372833728790283
1324.3000000000002,2.3424761295318604
1324.4,2.340811252593994
1324.5,2.3466408252716064
1324.6000000000001,2.3404664993286133
1324.7,2.337576389312744
1324.8000000000002,2.328989028930664
1324.9,2.342862844467163
1325.0,2.3404104709625244
1325.1000000000001,2.3323545455932617
1325.2,2.3406882286071777
1325.3000000000002,2.335667371749878
1325.4,2.348612070083618
1325.5,2.335948944091797
1325.6000000000001,2.3386435508728027
1325.7,2.3422820568084717
1325.8000000000002,2.333439826965332
1325.9,2.3385798931121826
1326.0,2.3310964107513428
1326.1000000000001,2.3345770835876465
1326.2,2.351050853729248
1326.3000000000002,2.322781801223755
1326.4,2.340728282928467
1326.5,2.350283145904541
1326.6000000000001,2.3293192386627197
1326.7,2.338468551635742
1326.8000000000002,2.3352866172790527
1326.9,2.349560022354126
1327.0,2.3378746509552
1327.1000000000001,2.3368749618530273
1327.2,2.336402177810669
1327.3000000000002,2.334048271179199
1327.4,2.3516554832458496
1327.5,2.337996244430542
1327.6000000000001,2.3531625270843506
1327.7,2.334850788116455
1327.8000000000002,2.3382625579833984
1327.9,2.33437180519104
1328.0,2.3274033069610596
1328.1000000000001,2.3338944911956787
1328.2,2.3492255210876465
1328.3000000000002,2.3279871940612793
1328.4,2.3432109355926514
1328.5,2.332444190979004
1328.6000000000001,2.3500561714172363
1328.7,2.3463449478149414
1328.8000000000002,2.3527426719665527
1328.9,2.3465983867645264
1329.0,2.3447861671447754
1329.1000000000001,2.3401577472686768
1329.2,2.3338918685913086
1329.3000000000002,2.337198495864868
1329.4,2.3496718406677246
1329.5,2.3309009075164795
1329.6000000000001,2.3453307151794434
1329.7,2.3415439128875732
1329.8000000000002,2.346332311630249
1329.9,2.353670358657837
1330.0,2.3456523418426514
1330.1000000000001,2.3322954177856445
1330.2,2.3469831943511963
1330.3000000000002,2.3455724716186523
1330.4,2.334179401397705
1330.5,2.35357928276062
1330.6000000000001,2.3535799980163574
1330.7,2.3529160022735596
1330.8000000000002,2.363086700439453
1330.9,2.347447395324707
1331.0,2.3554539680480957
1331.1000000000001,2.347951650619507
1331.2,2.346893787384033
1331.3000000000002,2.350580930709839
1331.4,2.336367607116699
1331.5,2.342301368713379
1331.6000000000001,2.348748207092285
1331.7,2.3514816761016846
1331.8000000000002,2.344977617263794
1331.9,2.343871593475342
1332.0,2.3573808670043945
1332.1000000000001,2.342075824737549
1332.2,2.3482537269592285
1332.3000000000002,2.3517801761627197
1332.4,2.34444260597229
1332.5,2.3484084606170654
1332.6000000000001,2.347327470779419
1332.7,2.3403894901275635
1332.8000000000002,2.346402645111084
1332.9,2.351073741912842
1333.0,2.3305130004882812
1333.1000000000001,2.352294445037842
1333.2,2.3403618335723877
1333.3000000000002,2.3459389209747314
1333.4,2.3518989086151123
1333.5,2.347622871398926
1333.6000000000001,2.3292131423950195
1333.7,2.3473446369171143
1333.8000000000002,2.3506391048431396
1333.9,2.350942373275757
1334.0,2.3476524353027344
1334.1000000000001,2.3666276931762695
1334.2,2.3462135791778564
1334.3000000000002,2.351872205734253
1334.4,2.3540239334106445
1334.5,2.347940444946289
1334.6000000000001,2.349599599838257
1334.7,2.351827621459961
1334.8000000000002,2.3432652950286865
1334.9,2.354508876800537
1335.0,2.3661088943481445
1335.1000000000001,2.3537769317626953
1335.2,2.3432419300079346
1335.3000000000002,2.341188669204712
1335.4,2.3302409648895264
1335.5,2.3460676670074463
1335.6000000000001,2.3509249687194824
1335.7,2.343618392944336
1335.8000000000002,2.3478238582611084
1335.9,2.3469161987304688
1336.0,2.359278440475464
1336.1000000000001,2.3456826210021973
1336.2,2.3586106300354004
1336.3000000000002,2.3563835620880127
1336.4,2.354020357131958
1336.5,2.3485240936279297
1336.6000000000001,2.3553683757781982
1336.7,2.3461484909057617
1336.8000000000002,2.3604209423065186
1336.9,2.3648836612701416
1337.0,2.3621528148651123
1337.1000000000001,2.369589328765869
1337.2,2.36240553855896
1337.3000000000002,2.3664710521698
1337.4,2.3577022552490234
1337.5,2.3593151569366455
1337.6000000000001,2.3470537662506104
1337.7,2.3572843074798584
1337.8000000000002,2.3585495948791504
1337.9,2.356553316116333
1338.0,2.3606410026550293
1338.1000000000001,2.3613104820251465
1338.2,2.3575408458709717
1338.3000000000002,2.358057737350464
1338.4,2.359814167022705
1338.5,2.3610916137695312
1338.6000000000001,2.356123685836792
1338.7,2.3632168769836426
1338.8000000000002,2.3580048084259033
1338.9,2.3565962314605713
1339.0,2.3568780422210693
1339.1000000000001,2.366211414337158
1339.2,2.354902744293213
1339.3000000000002,2.3604042530059814
1339.4,2.358729124069214
1339.5,2.346219778060913
1339.6000000000001,2.3645718097686768
1339.7,2.3637845516204834
1339.8000000000002,2.362938642501831
1339.9,2.3583264350891113
1340.0,2.354856491088867
1340.1000000000001,2.3543612957000732
1340.2,2.3482773303985596
1340.3000000000002,2.3614084720611572
1340.4,2.362215757369995
1340.5,2.3622236251831055
1340.6000000000001,2.352540969848633
1340.7,2.3507115840911865
1340.8000000000002,2.366532325744629
1340.9,2.362877607345581
1341.0,2.3518412113189697
1341.1000000000001,2.357757329940796
1341.2,2.370553731918335
1341.3000000000002,2.378446578979492
1341.4,2.357602596282959
1341.5,2.3610851764678955
1341.6000000000001,2.3596317768096924
1341.7,2.3622186183929443
1341.8000000000002,2.3522770404815674
1341.9,2.3666582107543945
1342.0,2.366971731185913
1342.1000000000001,2.366424798965454
1342.2,2.363088369369507
1342.3000000000002,2.3557541370391846
1342.4,2.349534034729004
1342.5,2.3586597442626953
1342.6000000000001,2.3651623725891113
1342.7,2.3561339378356934
1342.8000000000002,2.3696818351745605
1342.9,2.366046190261841
1343.0,2.360848903656006
1343.1000000000001,2.3448641300201416
1343.2,2.3640098571777344
1343.3000000000002,2.3686883449554443
1343.4,2.37007474899292
1343.5,2.359576463699341
1343.6000000000001,2.360980987548828
1343.7,2.368748426437378
1343.8000000000002,2.3544225692749023
1343.9,2.36877703666687
1344.0,2.364699602127075
1344.1000000000001,2.364243984222412
1344.2,2.348846912384033
1344.3000000000002,2.3590247631073
1344.4,2.3702263832092285
1344.5,2.3758230209350586
1344.6000000000001,2.363901138305664
1344.7,2.3645999431610107
1344.8000000000002,2.3718769550323486
1344.9,2.365278482437134
1345.0,2.36228609085083
1345.1000000000001,2.353337287902832
1345.2,2.378761053085327
1345.3000000000002,2.385056495666504
1345.4,2.3639719486236572
1345.5,2.365675449371338
1345.6000000000001,2.370573043823242
1345.7,2.3559255599975586
1345.8000000000002,2.3654704093933105
1345.9,2.3653061389923096
1346.0,2.3748722076416016
1346.1000000000001,2.375983238220215
1346.2,2.3671975135803223
1346.3000000000002,2.369741916656494
1346.4,2.3680150508880615
1346.5,2.3663198947906494
1346.6000000000001,2.3751070499420166
1346.7,2.3700661659240723
1346.8000000000002,2.3608081340789795
1346.9,2.3586668968200684
1347.0,2.372983455657959
1347.1000000000001,2.3648972511291504
1347.2,2.359241485595703
1347.3000000000002,2.385599374771118
1347.4,2.3683559894561768
1347.5,2.3648760318756104
1347.6000000000001,2.372577428817749
1347.7,2.3559107780456543
1347.8000000000002,2.3570785522460938
1347.9,2.356675863265991
1348.0,2.363105297088623
1348.1000000000001,2.378718614578247
1348.2,2.3585703372955322
1348.3000000000002,2.369779586791992
1348.4,2.378136157989502
1348.5,2.376250743865967
1348.6000000000001,2.3707706928253174
1348.7,2.3665735721588135
1348.8000000000002,2.3843882083892822
1348.9,2.3700931072235107
1349.0,2.375623941421509
1349.1000000000001,2.3689913749694824
1349.2,2.3775298595428467
1349.3000000000002,2.366360664367676
1349.4,2.3710989952087402
1349.5,2.3717167377471924
1349.6000000000001,2.380315065383911
1349.7,2.374626636505127
1349.8000000000002,2.3783700466156006
1349.9,2.3562467098236084
1350.0,2.365185260772705
1350.1000000000001,2.377638101577759
1350.2,2.361158609390259
1350.3000000000002,2.366826295852661
1350.4,2.374382972717285
1350.5,2.3681416511535645
1350.6000000000001,2.37917160987854
1350.7,2.368516445159912
1350.8000000000002,2.371849298477173
1350.9,2.368156909942627
1351.0,2.374724864959717
1351.1000000000001,2.378744125366211
1351.2,2.3560879230499268
1351.3000000000002,2.37210750579834
1351.4,2.3797101974487305
1351.5,2.371670722961426
1351.6000000000001,2.382295846939087
1351.7,2.373622179031372
1351.8000000000002,2.37475848197937
1351.9,2.3758842945098877
1352.0,2.359142303466797
1352.1000000000001,2.3721964359283447
1352.2,2.3689510822296143
1352.3000000000002,2.3721511363983154
1352.4,2.3767642974853516
1352.5,2.379704236984253
1352.6000000000001,2.3697550296783447
1352.7,2.3722474575042725
1352.8000000000002,2.3748199939727783
1352.9,2.387990951538086
1353.0,2.3664119243621826
1353.1000000000001,2.3894460201263428
1353.2,2.3781356811523438
1353.3000000000002,2.381605386734009
1353.4,2.366535186767578
1353.5,2.3852577209472656
1353.6000000000001,2.3868000507354736
1353.7,2.378862142562866
1353.8000000000002,2.3810970783233643
1353.9,2.3829851150512695
1354.0,2.382603645324707
1354.1000000000001,2.372056484222412
1354.2,2.376129150390625
1354.3000000000002,2.374058723449707
1354.4,2.386579751968384
1354.5,2.3623456954956055
1354.6000000000001,2.3706185817718506
1354.7,2.382589817047119
1354.8000000000002,2.370600700378418
1354.9,2.3815672397613525
1355.0,2.368332624435425
1355.1000000000001,2.3661258220672607
1355.2,2.37119460105896
1355.3000000000002,2.3764703273773193
1355.4,2.3799798488616943
1355.5,2.387692451477051
1355.6000000000001,2.370149850845337
1355.7,2.375401020050049
1355.8000000000002,2.379000663757324
1355.9,2.382763624191284
1356.0,2.3797359466552734
1356.1000000000001,2.3849070072174072
1356.2,2.3810269832611084
1356.3000000000002,2.3904144763946533
1356.4,2.374425172805786
1356.5,2.3752756118774414
1356.6000000000001,2.375774621963501
1356.7,2.374793529510498
1356.8000000000002,2.3803582191467285
1356.9,2.374572277069092
1357.0,2.368647336959839
1357.1000000000001,2.3841962814331055
1357.2,2.3791587352752686
1357.3000000000002,2.3643014430999756
1357.4,2.382272720336914
1357.5,2.373067855834961
1357.6000000000001,2.377885103225708
1357.7,2.3795006275177
1357.8000000000002,2.3639559745788574
1357.9,2.3804967403411865
1358.0,2.3709635734558105
1358.1000000000001,2.392962694168091
1358.2,2.3790245056152344
1358.3000000000002,2.3747777938842773
1358.4,2.3840620517730713
1358.5,2.3876428604125977
1358.6000000000001,2.3845396041870117
1358.7,2.3924951553344727
1358.8000000000002,2.3887274265289307
1358.9,2.3832221031188965
1359.0,2.3797664642333984
1359.1000000000001,2.3847391605377197
1359.2,2.3716702461242676
1359.3000000000002,2.378885507583618
1359.4,2.3825509548187256
1359.5,2.3766965866088867
1359.6000000000001,2.3788702487945557
1359.7,2.3859572410583496
1359.8000000000002,2.3768482208251953
1359.9,2.3937013149261475
1360.0,2.3889150619506836
1360.1000000000001,2.3969342708587646
1360.2,2.3738255500793457
1360.3000000000002,2.372990131378174
1360.4,2.386007070541382
1360.5,2.377352714538574
1360.6000000000001,2.3871374130249023
1360.7,2.3887360095977783
1360.8000000000002,2.398888111114502
1360.9,2.3706395626068115
1361.0,2.390279531478882
1361.1000000000001,2.379941463470459
1361.2,2.3787841796875
1361.3000000000002,2.3707427978515625
1361.4,2.3851304054260254
1361.5,2.3813798427581787
1361.6000000000001,2.3818604946136475
1361.7,2.3844034671783447
1361.8000000000002,2.3676342964172363
1361.9,2.386723279953003
1362.0,2.3956968784332275
1362.1000000000001,2.3807075023651123
1362.2,2.3804595470428467
1362.3000000000002,2.374814510345459
1362.4,2.383666753768921
1362.5,2.386282205581665
1362.6000000000001,2.378781318664551
1362.7,2.3886594772338867
1362.8000000000002,2.380153179168701
1362.9,2.3764867782592773
1363.0,2.378917694091797
1363.1000000000001,2.3897321224212646
1363.2,2.3881478309631348
1363.3000000000002,2.3836722373962402
1363.4,2.391974687576294
1363.5,2.395885467529297
1363.6000000000001,2.3889567852020264
1363.7,2.392397403717041
1363.8000000000002,2.3937485218048096
1363.9,2.380218744277954
1364.0,2.3862338066101074
1364.1000000000001,2.3975367546081543
1364.2,2.378493309020996
1364.3000000000002,2.388972043991089
1364.4,2.3809967041015625
1364.5,2.387428045272827
1364.6000000000001,2.379077672958374
1364.7,2.398482084274292
1364.8000000000002,2.390598773956299
1364.9,2.3966965675354004
1365.0,2.3782145977020264
1365.1000000000001,2.395172119140625
1365.2,2.4007694721221924
1365.3000000000002,2.3854870796203613
1365.4,2.3871066570281982
1365.5,2.3633289337158203
1365.6000000000001,2.3867075443267822
1365.7,2.388592481613159
1365.8000000000002,2.390392541885376
1365.9,2.382657289505005
1366.0,2.3991072177886963
1366.1000000000001,2.3963799476623535
1366.2,2.388707399368286
1366.3000000000002,2.3940200805664062
1366.4,2.391544818878174
1366.5,2.3958139419555664
1366.6000000000001,2.392911434173584
1366.7,2.3962037563323975
1366.8000000000002,2.392500162124634
1366.9,2.3988592624664307
1367.0,2.3989548683166504
1367.1000000000001,2.3839449882507324
1367.2,2.378918409347534
1367.3000000000002,2.3815555572509766
1367.4,2.3923749923706055
1367.5,2.3862154483795166
1367.6000000000001,2.380002737045288
1367.7,2.4005446434020996
1367.8000000000002,2.392932653427124
1367.9,2.397416114807129
1368.0,2.3845741748809814
1368.1000000000001,2.367949962615967
1368.2,2.3897314071655273
1368.3000000000002,2.39816951751709
1368.4,2.388720989227295
1368.5,2.3972597122192383
1368.6000000000001,2.3943238258361816
1368.7,2.3933866024017334
1368.8000000000002,2.388928174972534
1368.9,2.3812334537506104
1369.0,2.390244960784912
1369.1000000000001,2.378190517425537
1369.2,2.398880958557129
1369.3000000000002,2.3945250511169434
1369.4,2.382763624191284
1369.5,2.3916215896606445
1369.6000000000001,2.400197744369507
1369.7,2.3888347148895264
1369.8000000000002,2.3917529582977295
1369.9,2.403240203857422
1370.0,2.398883819580078
1370.1000000000001,2.3991920948028564
1370.2,2.397590398788452
1370.3000000000002,2.40122389793396
1370.4,2.3897104263305664
1370.5,2.392272710800171
1370.6000000000001,2.403532028198242
1370.7,2.3890554904937744
1370.8000000000002,2.4018664360046387
1370.9,2.3841147422790527
1371.0,2.3956611156463623
1371.1000000000001,2.388942003250122
1371.2,2.392087697982788
1371.3000000000002,2.395606517791748
1371.4,2.3995213508605957
1371.5,2.398743152618408
1371.6000000000001,2.400782346725464
1371.7,2.3865668773651123
1371.8000000000002,2.3969414234161377
1371.9,2.402897834777832
1372.0,2.403367280960083
1372.1000000000001,2.3946897983551025
1372.2,2.4092817306518555
1372.3000000000002,2.3942341804504395
1372.4,2.384627103805542
1372.5,2.3956410884857178
1372.6000000000001,2.3956551551818848
1372.7,2.3882668018341064
1372.8000000000002,2.390429973602295
1372.9,2.3955464363098145
1373.0,2.3862171173095703
1373.1000000000001,2.4065113067626953
1373.2,2.383920431137085
1373.3000000000002,2.4043760299682617
1373.4,2.4019343852996826
1373.5,2.4030237197875977
1373.6000000000001,2.396350145339966
1373.7,2.403578042984009
1373.8000000000002,2.399958610534668
1373.9,2.403352737426758
1374.0,2.3941497802734375
1374.1000000000001,2.394745349884033
1374.2,2.3925445079803467
1374.3000000000002,2.3887932300567627
1374.4,2.4076385498046875
1374.5,2.397274971008301
1374.6000000000001,2.3873085975646973
1374.7,2.3910937309265137
1374.8000000000002,2.4046237468719482
1374.9,2.402501344680786
1375.0,2.390859365463257
1375.1000000000001,2.3886218070983887
1375.2,2.408371686935425
1375.3000000000002,2.4071357250213623
1375.4,2.396348237991333
1375.5,2.39164400100708
1375.6000000000001,2.3956665992736816
1375.7,2.4045190811157227
1375.8000000000002,2.3998830318450928
1375.9,2.4001595973968506
1376.0,2.3798248767852783
1376.1000000000001,2.3970947265625
1376.2,2.397128105163574
1376.3000000000002,2.4000587463378906
1376.4,2.4047489166259766
1376.5,2.393754482269287
1376.6000000000001,2.3981809616088867
1376.7,2.39557147026062
1376.8000000000002,2.4055988788604736
1376.9,2.3886213302612305
1377.0,2.4055099487304688
1377.1000000000001,2.399169683456421
1377.2,2.3948330879211426
1377.3000000000002,2.4130051136016846
1377.4,2.400029182434082
1377.5,2.4065985679626465
1377.6000000000001,2.4016520977020264
1377.7,2.40470290184021
1377.8000000000002,2.4013314247131348
1377.9,2.4036223888397217
1378.0,2.4094088077545166
1378.1000000000001,2.4047935009002686
1378.2,2.397782802581787
1378.3000000000002,2.4092254638671875
1378.4,2.4093644618988037
1378.5,2.406249523162842
1378.6000000000001,2.3881494998931885
1378.7,2.395406484603882
1378.8000000000002,2.401048183441162
1378.9,2.401411771774292
1379.0,2.3935959339141846
1379.1000000000001,2.4038684368133545
1379.2,2.4012224674224854
1379.3000000000002,2.3956732749938965
1379.4,2.4052603244781494
1379.5,2.409393072128296
1379.6000000000001,2.401949882507324
1379.7,2.400221824645996
1379.8000000000002,2.4108076095581055
1379.9,2.410252332687378
1380.0,2.4128291606903076
1380.1000000000001,2.410146713256836
1380.2,2.398684501647949
1380.3000000000002,2.4184017181396484
1380.4,2.4069507122039795
1380.5,2.3986928462982178
1380.6000000000001,2.4200494289398193
1380.7,2.417497158050537
1380.8000000000002,2.4046385288238525
1380.9,2.4115962982177734
1381.0,2.3930728435516357
1381.1000000000001,2.4038827419281006
1381.2,2.4015610218048096
1381.3000000000002,2.3984761238098145
1381.4,2.4120078086853027
1381.5,2.4071707725524902
1381.6000000000001,2.403822422027588
1381.7,2.4078729152679443
1381.8000000000002,2.4011194705963135
1381.9,2.407100200653076
1382.0,2.4148216247558594
1382.1000000000001,2.4058759212493896
1382.2,2.4116110801696777
1382.3000000000002,2.396996259689331
1382.4,2.4029476642608643
1382.5,2.385457992553711
1382.6000000000001,2.413064956665039
1382.7,2.4111757278442383
1382.8000000000002,2.4141337871551514
1382.9,2.410440444946289
1383.0,2.3984477519989014
1383.1000000000001,2.403425931930542
1383.2,2.403501510620117
1383.3000000000002,2.4046809673309326
1383.4,2.4040462970733643
1383.5,2.405418872833252
1383.6000000000001,2.394704580307007
1383.7,2.4096014499664307
1383.8000000000002,2.4074878692626953
1383.9,2.4055235385894775
1384.0,2.3946454524993896
1384.1000000000001,2.397891044616699
1384.2,2.4005415439605713
1384.3000000000002,2.4025115966796875
1384.4,2.4029393196105957
1384.5,2.411647319793701
1384.6000000000001,2.40732479095459
1384.7,2.4179842472076416
1384.8000000000002,2.411530017852783
1384.9,2.411764621734619
1385.0,2.4119205474853516
1385.1000000000001,2.4097704887390137
1385.2,2.4212915897369385
1385.3000000000002,2.414626359939575
1385.4,2.4076662063598633
1385.5,2.41218900680542
1385.6000000000001,2.4075839519500732
1385.7,2.4004464149475098
1385.8000000000002,2.4185335636138916
1385.9,2.414062023162842
1386.0,2.399090528488159
1386.1000000000001,2.4145617485046387
1386.2,2.3991713523864746
1386.3000000000002,2.402764081954956
1386.4,2.4133212566375732
1386.5,2.4118106365203857
1386.6000000000001,2.414285182952881
1386.7,2.4082648754119873
1386.8000000000002,2.408489465713501
1386.9,2.3993983268737793
1387.0,2.409027099609375
1387.1000000000001,2.4104766845703125
1387.2,2.4000072479248047
1387.3000000000002,2.4157021045684814
1387.4,2.4129488468170166
1387.5,2.4019322395324707
1387.6000000000001,2.4212090969085693
1387.7,2.4169504642486572
1387.8000000000002,2.413133382797241
1387.9,2.4077811241149902
1388.0,2.4137980937957764
1388.1000000000001,2.4066810607910156
1388.2,2.4203124046325684
1388.3000000000002,2.3953142166137695
1388.4,2.412442684173584
1388.5,2.4116573333740234
1388.6000000000001,2.4092512130737305
1388.7,2.424116849899292
1388.8000000000002,2.413409948348999
1388.9,2.416703939437866
1389.0,2.412018299102783
1389.1000000000001,2.415642499923706
1389.2,2.4125559329986572
1389.3000000000002,2.400571584701538
1389.4,2.4129526615142822
1389.5,2.421229124069214
1389.6000000000001,2.405770778656006
1389.7,2.4255406856536865
1389.8000000000002,2.410325288772583
1389.9,2.4167184829711914
1390.0,2.414637327194214
1390.1000000000001,2.4174466133117676
1390.2,2.4049010276794434
1390.3000000000002,2.4076828956604004
1390.4,2.411968946456909
1390.5,2.41090989112854
1390.6000000000001,2.4209814071655273
1390.7,2.4032957553863525
1390.8000000000002,2.4288439750671387
1390.9,2.4216156005859375
1391.0,2.418367862701416
1391.1000000000001,2.4074137210845947
1391.2,2.4103667736053467
1391.3000000000002,2.425905704498291
1391.4,2.4155023097991943
1391.5,2.4132697582244873
1391.6000000000001,2.416902780532837
1391.7,2.4151206016540527
1391.8000000000002,2.409669876098633
1391.9,2.4312241077423096
1392.0,2.4123265743255615
1392.1000000000001,2.413233757019043
1392.2,2.4188854694366455
1392.3000000000002,2.4184651374816895
1392.4,2.4138195514678955
1392.5,2.418879270553589
1392.6000000000001,2.417635679244995
1392.7,2.4180195331573486
1392.8000000000002,2.3972623348236084
1392.9,2.4111926555633545
1393.0,2.4267523288726807
1393.1000000000001,2.423255205154419
1393.2,2.415168046951294
1393.3000000000002,2.4105751514434814
1393.4,2.4172613620758057
1393.5,2.416142225265503
1393.6000000000001,2.4103598594665527
1393.7,2.4199185371398926
1393.8000000000002,2.4193100929260254
1393.9,2.406459331512451
1394.0,2.424957036972046
1394.1000000000001,2.4142446517944336
1394.2,2.402904510498047
1394.3000000000002,2.4082841873168945
1394.4,2.4230494499206543
1394.5,2.405956745147705
1394.6000000000001,2.422434091567993
1394.7,2.4269542694091797
1394.8000000000002,2.4070756435394287
1394.9,2.3988499641418457
1395.0,2.4018192291259766
1395.1000000000001,2.4276952743530273
1395.2,2.4060773849487305
1395.3000000000002,2.4237070083618164
1395.4,2.4172308444976807
1395.5,2.409799575805664
1395.6000000000001,2.4120171070098877
1395.7,2.4146909713745117
1395.8000000000002,2.4060091972351074
1395.9,2.416168689727783
1396.0,2.4214248657226562
1396.1000000000001,2.4155142307281494
1396.2,2.422753095626831
1396.3000000000002,2.4176201820373535
1396.4,2.4227964878082275
1396.5,2.4229087829589844
1396.7,2.405663013458252
1396.7,2.410447120666504
1396.8000000000002,2.427309036254883
1396.9,2.4202229976654053
1397.0,2.4179983139038086
1397.1000000000001,2.4134719371795654
1397.2,2.423617362976074
1397.3000000000002,2.423886775970459
1397.4,2.414187431335449
1397.5,2.4162068367004395
1397.6000000000001,2.4237124919891357
1397.7,2.427262783050537
1397.8000000000002,2.431424617767334
1397.9,2.4223952293395996
1398.0,2.41913104057312
1398.1000000000001,2.4129438400268555
1398.2,2.426654815673828
1398.3000000000002,2.4063286781311035
1398.4,2.4239346981048584
1398.5,2.4138576984405518
1398.6000000000001,2.4211506843566895
1398.7,2.4293153285980225
1398.8000000000002,2.4031693935394287
1398.9,2.427243947982788
1399.0,2.41567063331604
1399.1000000000001,2.426910161972046
1399.2,2.4141550064086914
1399.3000000000002,2.4233500957489014
1399.4,2.4229660034179688
1399.5,2.41731858253479
1399.6000000000001,2.424562454223633
1399.7,2.425265312194824
1399.8000000000002,2.427184820175171
1399.9,2.411807060241699
1400.0,2.430298089981079
1400.1000000000001,2.4323184490203857
1400.2,2.405592679977417
1400.3000000000002,2.4208996295928955
1400.4,2.4265711307525635
1400.5,2.4114303588867188
1400.6000000000001,2.4163780212402344
1400.7,2.414828062057495
1400.8000000000002,2.420234441757202
1400.9,2.4257123470306396
1401.0,2.4252545833587646
1401.1000000000001,2.425978422164917
1401.2,2.4135549068450928
1401.3000000000002,2.4305427074432373
1401.4,2.41772198677063
1401.5,2.4217369556427
1401.6000000000001,2.415550947189331
1401.7,2.4240543842315674
1401.8000000000002,2.435675621032715
1401.9,2.4296772480010986
1402.0,2.4329328536987305
1402.1000000000001,2.41554856300354
1402.2,2.422346830368042
1402.3000000000002,2.423736810684204
1402.4,2.4184744358062744
1402.5,2.4286630153656006
1402.6000000000001,2.4252829551696777
1402.7,2.4248619079589844
1402.8000000000002,2.4082043170928955
1402.9,2.4316821098327637
1403.0,2.4320201873779297
1403.1000000000001,2.4345321655273438
1403.2,2.4173028469085693
1403.3000000000002,2.413025379180908
1403.4,2.4259073734283447
1403.5,2.41804838180542
1403.6000000000001,2.4165306091308594
1403.7,2.4329237937927246
1403.8000000000002,2.429861545562744
1403.9,2.423428535461426
1404.0,2.421416997909546
1404.1000000000001,2.441014528274536
1404.2,2.4267489910125732
1404.3000000000002,2.428565263748169
1404.4,2.4320595264434814
1404.5,2.4174387454986572
1404.6000000000001,2.421840190887451
1404.7,2.422206401824951
1404.8000000000002,2.4236769676208496
1404.9,2.431370258331299
1405.0,2.4220714569091797
1405.1000000000001,2.4261271953582764
1405.2,2.417623281478882
1405.3000000000002,2.430394411087036
1405.4,2.438084125518799
1405.5,2.4221370220184326
1405.6000000000001,2.400665760040283
1405.7,2.431767225265503
1405.8000000000002,2.436779737472534
1405.9,2.430453300476074
1406.0,2.43054461479187
1406.1000000000001,2.4254024028778076
1406.2,2.4284377098083496
1406.3000000000002,2.4173991680145264
1406.4,2.4345808029174805
1406.5,2.4275221824645996
1406.6000000000001,2.423008441925049
1406.7,2.4221456050872803
1406.8000000000002,2.426689863204956
1406.9,2.420870065689087
1407.0,2.4138290882110596
1407.1000000000001,2.4112913608551025
1407.2,2.4251434803009033
1407.3000000000002,2.4270589351654053
1407.4,2.4172072410583496
1407.5,2.410921812057495
1407.6000000000001,2.4222986698150635
1407.7,2.428217649459839
1407.8000000000002,2.4325637817382812
1407.9,2.424393892288208
1408.0,2.435964822769165
1408.1000000000001,2.429844856262207
1408.2,2.4258766174316406
1408.3000000000002,2.4313628673553467
1408.4,2.4321606159210205
1408.5,2.4240992069244385
1408.6000000000001,2.424027681350708
1408.7,2.4288675785064697
1408.8000000000002,2.428215503692627
1408.9,2.429494619369507
1409.0,2.4170618057250977
1409.1000000000001,2.4195306301116943
1409.2,2.4456586837768555
1409.3000000000002,2.439458131790161
1409.4,2.4294958114624023
1409.5,2.442741870880127
1409.6000000000001,2.4387879371643066
1409.7,2.4325344562530518
1409.8000000000002,2.43572735786438
1409.9,2.4318158626556396
1410.0,2.421386241912842
1410.1000000000001,2.4337310791015625
1410.2,2.4457499980926514
1410.3000000000002,2.429408550262451
1410.4,2.438828945159912
1410.5,2.429647922515869
1410.6000000000001,2.4276039600372314
1410.7,2.426586866378784
1410.8000000000002,2.42997407913208
1410.9,2.4283742904663086
1411.0,2.4356541633605957
1411.1000000000001,2.4316039085388184
1411.2,2.435551166534424
1411.3000000000002,2.4332337379455566
1411.4,2.433885097503662
1411.5,2.43023681640625
1411.6000000000001,2.431990146636963
1411.7,2.42607045173645
1411.8000000000002,2.4323410987854004
1411.9,2.4257800579071045
1412.0,2.420806646347046
1412.1000000000001,2.427023410797119
1412.2,2.4153988361358643
1412.3000000000002,2.434126377105713
1412.4,2.437729835510254
1412.5,2.412764310836792
1412.6000000000001,2.43953800201416
1412.7,2.430004835128784
1412.8000000000002,2.4280121326446533
1412.9,2.436978578567505
1413.0,2.434377670288086
1413.1000000000001,2.426398277282715
1413.2,2.42582106590271
1413.3000000000002,2.4306511878967285
1413.4,2.437460422515869
1413.5,2.434748888015747
1413.6000000000001,2.4230940341949463
1413.7,2.423460006713867
1413.8000000000002,2.432490825653076
1413.9,2.4229300022125244
1414.0,2.415482997894287
1414.1000000000001,2.4232940673828125
1414.2,2.426272392272949
1414.3000000000002,2.424872398376465
1414.4,2.426384449005127
1414.5,2.4379899501800537
1414.6000000000001,2.4407904148101807
1414.7,2.4211387634277344
1414.8000000000002,2.4308204650878906
1414.9,2.4306540489196777
1415.0,2.4365315437316895
1415.1000000000001,2.4281303882598877
1415.2,2.426844358444214
1415.3000000000002,2.4362266063690186
1415.4,2.434246778488159
1415.5,2.4350435733795166
1415.6000000000001,2.4302518367767334
1415.7,2.4329686164855957
1415.8000000000002,2.4359397888183594
1415.9,2.438229560852051
1416.0,2.4381356239318848
1416.1000000000001,2.432670831680298
1416.2,2.43552303314209
1416.3000000000002,2.431800603866577
1416.4,2.4308531284332275
1416.5,2.4378786087036133
1416.6000000000001,2.448582887649536
1416.7,2.438955307006836
1416.8000000000002,2.429298162460327
1416.9,2.432835340499878
1417.0,2.433786630630493
1417.1000000000001,2.4224679470062256
1417.2,2.427469253540039
1417.3000000000002,2.4308712482452393
1417.4,2.4447290897369385
1417.5,2.4314534664154053
1417.6000000000001,2.43481183052063
1417.7,2.4349894523620605
1417.8000000000002,2.4430336952209473
1417.9,2.4329872131347656
1418.0,2.4255402088165283
1418.1000000000001,2.430218458175659
1418.2,2.4250435829162598
1418.3000000000002,2.429154634475708
1418.4,2.4216809272766113
1418.5,2.431919574737549
1418.6000000000001,2.4323270320892334
1418.7,2.435818910598755
1418.8000000000002,2.429555892944336
1418.9,2.4359822273254395
1419.0,2.433082103729248
1419.1000000000001,2.4381051063537598
1419.2,2.4350945949554443
1419.3000000000002,2.439950942993164
1419.4,2.4282941818237305
1419.5,2.4386038780212402
1419.6000000000001,2.4417781829833984
1419.7,2.4234564304351807
1419.8000000000002,2.42836594581604
1419.9,2.4381957054138184
1420.0,2.4245290756225586
1420.1000000000001,2.445613384246826
1420.2,2.418393850326538
1420.3000000000002,2.4374184608459473
1420.4,2.430269956588745
1420.5,2.438006639480591
1420.6000000000001,2.4323301315307617
1420.7,2.4372830390930176
1420.8000000000002,2.43997859954834
1420.9,2.4273252487182617
1421.0,2.431640148162842
1421.1000000000001,2.440903663635254
1421.2,2.4425723552703857
1421.3000000000002,2.4277567863464355
1421.4,2.437401056289673
1421.5,2.4530136585235596
1421.6000000000001,2.445100784301758
1421.7,2.4354214668273926
1421.8000000000002,2.433225154876709
1421.9,2.432351589202881
1422.0,2.44919753074646
1422.1000000000001,2.4477736949920654
1422.2,2.4144139289855957
1422.3000000000002,2.422761917114258
1422.4,2.4302234649658203
1422.5,2.4356918334960938
1422.6000000000001,2.4200215339660645
1422.7,2.4331910610198975
1422.8000000000002,2.434934139251709
1422.9,2.4452545642852783
1423.0,2.4403209686279297
1423.1000000000001,2.4344770908355713
1423.2,2.4422948360443115
1423.3000000000002,2.4294793605804443
1423.4,2.4442765712738037
1423.5,2.4363231658935547
1423.6000000000001,2.4472386837005615
1423.7,2.4292187690734863
1423.8000000000002,2.4502129554748535
1423.9,2.4479119777679443
1424.0,2.4289581775665283
1424.1000000000001,2.4343583583831787
1424.2,2.4376254081726074
1424.3000000000002,2.4341564178466797
1424.4,2.441375255584717
1424.5,2.443387031555176
1424.6000000000001,2.437314510345459
1424.7,2.4357657432556152
1424.8000000000002,2.4306881427764893
1424.9,2.430172920227051
1425.0,2.4417738914489746
1425.1000000000001,2.431143283843994
1425.2,2.4444327354431152
1425.3000000000002,2.4363694190979004
1425.4,2.4242429733276367
1425.5,2.431506872177124
1425.6000000000001,2.4379899501800537
1425.7,2.446047306060791
1425.8000000000002,2.43524169921875
1425.9,2.4348936080932617
1426.0,2.4521687030792236
1426.1000000000001,2.4390735626220703
1426.2,2.445230007171631
1426.3000000000002,2.4444997310638428
1426.4,2.445026397705078
1426.5,2.4442806243896484
1426.6000000000001,2.446664571762085
1426.7,2.439607858657837
1426.8000000000002,2.443234920501709
1426.9,2.4354147911071777
1427.0,2.4351141452789307
1427.1000000000001,2.439202070236206
1427.2,2.442826747894287
1427.3000000000002,2.435370683670044
1427.4,2.447195291519165
1427.5,2.4447717666625977
1427.6000000000001,2.4435534477233887
1427.7,2.419677972793579
1427.8000000000002,2.4321141242980957
1427.9,2.4415242671966553
1428.0,2.43422269821167
1428.1000000000001,2.437493085861206
1428.2,2.442969799041748
1428.3000000000002,2.443474769592285
1428.4,2.4431121349334717
1428.5,2.4451472759246826
1428.6000000000001,2.433835744857788
1428.7,2.437774896621704
1428.8000000000002,2.4439804553985596
1428.9,2.4395647048950195
1429.0,2.4342925548553467
1429.1000000000001,2.4501936435699463
1429.2,2.4292569160461426
1429.3000000000002,2.4529476165771484
1429.4,2.444088935852051
1429.5,2.452683210372925
1429.6000000000001,2.4292259216308594
1429.7,2.455665349960327
1429.8000000000002,2.4487922191619873
1429.9,2.4383137226104736
1430.0,2.4428610801696777
1430.1000000000001,2.4399380683898926
1430.2,2.451690196990967
1430.3000000000002,2.4393234252929688
1430.4,2.4348320960998535
1430.5,2.429319143295288
1430.6000000000001,2.4485671520233154
1430.7,2.430710792541504
1430.8000000000002,2.434803009033203
1430.9,2.4362361431121826
1431.0,2.4418959617614746
1431.1000000000001,2.4424636363983154
1431.2,2.4410715103149414
1431.3000000000002,2.44679594039917
1431.4,2.4403390884399414
1431.5,2.441880464553833
1431.6000000000001,2.4486637115478516
1431.7,2.4481565952301025
1431.8000000000002,2.42059588432312
1431.9,2.431352376937866
1432.0,2.456869125366211
1432.1000000000001,2.449960947036743
1432.2,2.435919761657715
1432.3000000000002,2.4375123977661133
1432.4,2.4409987926483154
1432.5,2.441699743270874
1432.6000000000001,2.4371156692504883
1432.7,2.4473862648010254
1432.8000000000002,2.4314608573913574
1432.9,2.4317879676818848
1433.0,2.4330615997314453
1433.1000000000001,2.4404520988464355
1433.2,2.453052520751953
1433.3000000000002,2.436248540878296
1433.4,2.443237066268921
1433.5,2.4456076622009277
1433.6000000000001,2.446439743041992
1433.7,2.4365575313568115
1433.8000000000002,2.4394309520721436
1433.9,2.430501699447632
1434.0,2.4413859844207764
1434.1000000000001,2.455684185028076
1434.2,2.4345805644989014
1434.3000000000002,2.449352502822876
1434.4,2.438922643661499
1434.5,2.4408602714538574
1434.6000000000001,2.4553890228271484
1434.7,2.438882827758789
1434.8000000000002,2.443873167037964
1434.9,2.4383387565612793
1435.0,2.449597120285034
1435.1000000000001,2.4345734119415283
1435.2,2.439795732498169
1435.3000000000002,2.448787212371826
1435.4,2.4487221240997314
1435.5,2.44769024848938
1435.6000000000001,2.4557251930236816
1435.7,2.4455249309539795
1435.8000000000002,2.4495763778686523
1435.9,2.440467119216919
1436.0,2.441370725631714
1436.1000000000001,2.4304494857788086
1436.2,2.4413204193115234
1436.3000000000002,2.4495036602020264
1436.4,2.455169916152954
1436.5,2.4451370239257812
1436.6000000000001,2.451988935470581
1436.7,2.4438395500183105
1436.8000000000002,2.428846836090088
1436.9,2.4424936771392822
1437.0,2.444409132003784
1437.1000000000001,2.4398090839385986
1437.2,2.434417963027954
1437.3000000000002,2.4334113597869873
1437.4,2.4285409450531006
1437.5,2.4425392150878906
1437.6000000000001,2.438979387283325
1437.7,2.4432756900787354
1437.8000000000002,2.4469752311706543
1437.9,2.448765277862549
1438.0,2.439901828765869
1438.1000000000001,2.4450290203094482
1438.2,2.443046808242798
1438.3000000000002,2.4506773948669434
1438.4,2.453848361968994
1438.5,2.454082727432251
1438.6000000000001,2.4471817016601562
1438.7,2.4449617862701416
1438.8000000000002,2.445080518722534
1438.9,2.437143087387085
1439.0,2.444654703140259
1439.1000000000001,2.4378116130828857
1439.2,2.444554567337036
1439.3000000000002,2.4454519748687744
1439.4,2.444040060043335
1439.5,2.440114736557007
1439.6000000000001,2.4473111629486084
1439.7,2.4381039142608643
1439.8000000000002,2.445603132247925
1439.9,2.4377102851867676
1440.0,2.448199510574341
1440.1000000000001,2.4446451663970947
1440.2,2.444561719894409
1440.3000000000002,2.4307308197021484
1440.4,2.4482595920562744
1440.5,2.447098970413208
1440.6000000000001,2.461343765258789
1440.7,2.446197271347046
1440.8000000000002,2.4391303062438965
1440.9,2.442749261856079
1441.0,2.4309744834899902
1441.1000000000001,2.451665163040161
1441.2,2.4536445140838623
1441.3000000000002,2.4489352703094482
1441.4,2.45560884475708
1441.5,2.4464197158813477
1441.6000000000001,2.439392566680908
1441.7,2.447399854660034
1441.8000000000002,2.449312925338745
1441.9,2.450329303741455
1442.0,2.4425554275512695
1442.1000000000001,2.454416036605835
1442.2,2.450145959854126
1442.3000000000002,2.4509429931640625
1442.4,2.457942008972168
1442.5,2.4589226245880127
1442.6000000000001,2.442610263824463
1442.7,2.43161940574646
1442.8000000000002,2.452008008956909
1442.9,2.4389734268188477
1443.0,2.4511802196502686
1443.1000000000001,2.4433984756469727
1443.2,2.4459164142608643
1443.3000000000002,2.4484000205993652
1443.4,2.4536995887756348
1443.5,2.4412059783935547
1443.6000000000001,2.4340226650238037
1443.7,2.4409732818603516
1443.8000000000002,2.4441981315612793
1443.9,2.457939863204956
1444.1000000000001,2.4516983032226562
1444.1000000000001,2.4511396884918213
1444.2,2.4432291984558105
1444.3000000000002,2.4411818981170654
1444.4,2.4490554332733154
1444.5,2.4428794384002686
1444.6000000000001,2.4440786838531494
1444.7,2.4574899673461914
1444.8000000000002,2.453138828277588
1444.9,2.431288957595825
1445.0,2.445377826690674
1445.1000000000001,2.4509236812591553
1445.2,2.4442288875579834
1445.3000000000002,2.4397363662719727
1445.4,2.443675994873047
1445.5,2.4520065784454346
1445.6000000000001,2.4568159580230713
1445.7,2.4523894786834717
1445.8000000000002,2.4449880123138428
1445.9,2.4429030418395996
1446.0,2.4397222995758057
1446.1000000000001,2.4526021480560303
1446.2,2.449502468109131
1446.3000000000002,2.4518885612487793
1446.4,2.437128782272339
1446.5,2.4507627487182617
1446.6000000000001,2.437920331954956
1446.7,2.4431140422821045
1446.8000000000002,2.4445180892944336
1446.9,2.4495811462402344
1447.0,2.4628639221191406
1447.1000000000001,2.4544599056243896
1447.2,2.4490888118743896
1447.3000000000002,2.448864221572876
1447.4,2.433272361755371
1447.5,2.449772596359253
1447.6000000000001,2.452864646911621
1447.7,2.4501137733459473
1447.8000000000002,2.4522311687469482
1447.9,2.4457411766052246
1448.0,2.4392850399017334
1448.1000000000001,2.4410128593444824
1448.2,2.445035696029663
1448.3000000000002,2.445770025253296
1448.4,2.443186044692993
1448.5,2.4476587772369385
1448.6000000000001,2.448230028152466
1448.7,2.4460954666137695
1448.8000000000002,2.446896553039551
1448.9,2.4535257816314697
1449.0,2.4490303993225098
1449.1000000000001,2.4648170471191406
1449.2,2.4545211791992188
1449.3000000000002,2.4447736740112305
1449.4,2.441357374191284
1449.5,2.4376091957092285
1449.6000000000001,2.4549405574798584
1449.7,2.463552713394165
1449.8000000000002,2.453537940979004
1449.9,2.4507994651794434
1450.0,2.4592089653015137
1450.1000000000001,2.4547080993652344
1450.2,2.432826519012451
1450.3000000000002,2.4487338066101074
1450.4,2.443356990814209
1450.5,2.4456331729888916
1450.6000000000001,2.4463002681732178
1450.7,2.4395058155059814
1450.8000000000002,2.4524285793304443
1450.9,2.453572988510132
1451.0,2.4532384872436523
1451.1000000000001,2.4581151008605957
1451.2,2.452989101409912
1451.3000000000002,2.4395222663879395
1451.4,2.448213577270508
1451.5,2.4404897689819336
1451.6000000000001,2.4491991996765137
1451.7,2.459047317504883
1451.8000000000002,2.4556684494018555
1451.9,2.450007677078247
1452.0,2.4410476684570312
1452.1000000000001,2.4415016174316406
1452.2,2.4450111389160156
1452.3000000000002,2.45353364944458
1452.4,2.4491803646087646
1452.5,2.441551923751831
1452.6000000000001,2.4402706623077393
1452.7,2.443795919418335
1452.8000000000002,2.4439730644226074
1452.9,2.456662178039551
1453.0,2.4537322521209717
1453.1000000000001,2.4558868408203125
1453.2,2.4541025161743164
1453.3000000000002,2.441765785217285
1453.4,2.4492666721343994
1453.5,2.4644436836242676
1453.6000000000001,2.447061061859131
1453.7,2.4475908279418945
1453.8000000000002,2.4499528408050537
1453.9,2.460493564605713
1454.0,2.4376273155212402
1454.1000000000001,2.4405429363250732
1454.2,2.4543535709381104
1454.3000000000002,2.452026128768921
1454.4,2.45756196975708
1454.5,2.4391403198242188
1454.6000000000001,2.448793649673462
1454.7,2.4573910236358643
1454.8000000000002,2.4547369480133057
1454.9,2.453622817993164
1455.0,2.441589117050171
1455.1000000000001,2.4397857189178467
1455.2,2.4488584995269775
1455.3000000000002,2.454267978668213
1455.4,2.460026741027832
1455.5,2.431948184967041
1455.6000000000001,2.4512526988983154
1455.7,2.444479465484619
1455.8000000000002,2.4534034729003906
1455.9,2.446742534637451
1456.0,2.4444167613983154
1456.1000000000001,2.458651065826416
1456.2,2.453660488128662
1456.3000000000002,2.4509339332580566
1456.4,2.4503955841064453
1456.5,2.4606473445892334
1456.6000000000001,2.448404550552368
1456.7,2.457576036453247
1456.8000000000002,2.45381760597229
1456.9,2.4600985050201416
1457.0,2.4592134952545166
1457.1000000000001,2.4435391426086426
1457.2,2.442793607711792
1457.3000000000002,2.447173595428467
1457.4,2.4556260108947754
1457.5,2.4606733322143555
1457.6000000000001,2.445039987564087
1457.7,2.45575213432312
1457.8000000000002,2.450066089630127
1457.9,2.4462249279022217
1458.0,2.4501328468322754
1458.1000000000001,2.4516303539276123
1458.2,2.4569430351257324
1458.3000000000002,2.4529809951782227
1458.4,2.462009906768799
1458.5,2.4477076530456543
1458.6000000000001,2.445901870727539
1458.7,2.446260690689087
1458.8000000000002,2.4426231384277344
1458.9,2.45296573638916
1459.0,2.4588303565979004
1459.1000000000001,2.4465298652648926
1459.2,2.447484016418457
1459.3000000000002,2.4429214000701904
1459.4,2.435035467147827
1459.5,2.443819284439087
1459.6000000000001,2.453721284866333
1459.7,2.441815137863159
1459.8000000000002,2.4724464416503906
1459.9,2.455151319503784
1460.0,2.449357509613037
1460.1000000000001,2.4487481117248535
1460.2,2.462581157684326
1460.3000000000002,2.4474542140960693
1460.4,2.4458868503570557
1460.5,2.447521924972534
1460.6000000000001,2.4410109519958496
1460.7,2.437317132949829
1460.8000000000002,2.4478306770324707
1460.9,2.455949306488037
1461.0,2.453702211380005
1461.1000000000001,2.440134286880493
1461.2,2.445082902908325
1461.3000000000002,2.440459966659546
1461.4,2.448514461517334
1461.5,2.4519195556640625
1461.6000000000001,2.4506163597106934
1461.7,2.453718900680542
1461.8000000000002,2.4437625408172607
1461.9,2.461664915084839
1462.0,2.4436895847320557
1462.1000000000001,2.4416990280151367
1462.2,2.4598076343536377
1462.3000000000002,2.454944610595703
1462.4,2.441025495529175
1462.5,2.452141284942627
1462.6000000000001,2.4665160179138184
1462.7,2.4506242275238037
1462.8000000000002,2.451965808868408
1462.9,2.456677198410034
1463.0,2.4509193897247314
1463.1000000000001,2.4524824619293213
1463.2,2.444533109664917
1463.3000000000002,2.4500725269317627
1463.4,2.4455440044403076
1463.5,2.453213691711426
1463.6000000000001,2.4448366165161133
1463.7,2.4648754596710205
1463.8000000000002,2.4389679431915283
1463.9,2.443943977355957
1464.0,2.453526020050049
1464.1000000000001,2.4472999572753906
1464.2,2.4572336673736572
1464.3000000000002,2.4519691467285156
1464.4,2.455808162689209
1464.5,2.4446122646331787
1464.6000000000001,2.436952829360962
1464.7,2.444568157196045
1464.8000000000002,2.4569036960601807
1464.9,2.4509663581848145
1465.0,2.4635732173919678
1465.1000000000001,2.461073875427246
1465.2,2.4510624408721924
1465.3000000000002,2.449831008911133
1465.4,2.4552059173583984
1465.5,2.441286563873291
1465.6000000000001,2.4491639137268066
1465.7,2.452275037765503
1465.8000000000002,2.4486889839172363
1465.9,2.4534289836883545
1466.0,2.450906276702881
1466.1000000000001,2.4477508068084717
1466.2,2.438539743423462
1466.3000000000002,2.458062171936035
1466.4,2.4462363719940186
1466.5,2.4442825317382812
1466.6000000000001,2.4493649005889893
1466.7,2.456156015396118
1466.8000000000002,2.452897071838379
1466.9,2.4512791633605957
1467.0,2.4647457599639893
1467.1000000000001,2.432209014892578
1467.2,2.4503281116485596
1467.3000000000002,2.454671859741211
1467.4,2.4561538696289062
1467.5,2.446004867553711
1467.6000000000001,2.4466116428375244
1467.7,2.454902172088623
1467.8000000000002,2.453793525695801
1467.9,2.4463837146759033
1468.0,2.4474806785583496
1468.1000000000001,2.4579756259918213
1468.2,2.4553685188293457
1468.3000000000002,2.451202630996704
1468.4,2.4460129737854004
1468.5,2.4413979053497314
1468.6000000000001,2.436850070953369
1468.7,2.4618451595306396
1468.8000000000002,2.4538862705230713
1468.9,2.444096088409424
1469.0,2.4506685733795166
1469.1000000000001,2.448390007019043
1469.2,2.4496994018554688
1469.3000000000002,2.4565393924713135
1469.4,2.4389398097991943
1469.5,2.43267822265625
1469.6000000000001,2.457192897796631
1469.7,2.4556682109832764
1469.8000000000002,2.454728603363037
1469.9,2.4355030059814453
1470.0,2.4462716579437256
1470.1000000000001,2.4579317569732666
1470.2,2.458319902420044
1470.3000000000002,2.4579086303710938
1470.4,2.43965482711792
1470.5,2.461810350418091
1470.6000000000001,2.4619083404541016
1470.7,2.4511618614196777
1470.8000000000002,2.445444345474243
1470.9,2.4473795890808105
1471.0,2.447021484375
1471.1000000000001,2.4495761394500732
1471.2,2.453974485397339
1471.3000000000002,2.4587032794952393
1471.4,2.4520747661590576
1471.5,2.4575977325439453
1471.6000000000001,2.4559361934661865
1471.7,2.452134370803833
1471.8000000000002,2.457444190979004
1471.9,2.4553427696228027
1472.0,2.457772731781006
1472.1000000000001,2.4576942920684814
1472.2,2.4417362213134766
1472.3000000000002,2.4581518173217773
1472.4,2.453660726547241
1472.5,2.457590341567993
1472.6000000000001,2.436938762664795
1472.7,2.452327251434326
1472.8000000000002,2.4488518238067627
1472.9,2.456890106201172
1473.0,2.44032621383667
1473.1000000000001,2.4618031978607178
1473.2,2.449976921081543
1473.3000000000002,2.450211763381958
1473.4,2.4524717330932617
1473.5,2.4443984031677246
1473.6000000000001,2.4418797492980957
1473.7,2.455385446548462
1473.8000000000002,2.4592018127441406
1473.9,2.449397325515747
1474.0,2.449758291244507
1474.1000000000001,2.4601783752441406
1474.2,2.4570271968841553
1474.3000000000002,2.467132329940796
1474.4,2.4534575939178467
1474.5,2.452155113220215
1474.6000000000001,2.4551401138305664
1474.7,2.437446117401123
1474.8000000000002,2.444603681564331
1474.9,2.4543888568878174
1475.0,2.451833724975586
1475.1000000000001,2.447878837585449
1475.2,2.455904245376587
1475.3000000000002,2.453711748123169
1475.4,2.462022304534912
1475.5,2.4596774578094482
1475.6000000000001,2.4482510089874268
1475.7,2.45497727394104
1475.8000000000002,2.4520723819732666
1475.9,2.4558968544006348
1476.0,2.453126907348633
1476.1000000000001,2.4507017135620117
1476.2,2.456575393676758
1476.3000000000002,2.435844659805298
1476.4,2.4619157314300537
1476.5,2.444152355194092
1476.6000000000001,2.4542267322540283
1476.7,2.4514739513397217
1476.8000000000002,2.4521777629852295
1476.9,2.4503655433654785
1477.0,2.4560036659240723
1477.1000000000001,2.4487361907958984
1477.2,2.447080373764038
1477.3000000000002,2.4476122856140137
1477.4,2.4690210819244385
1477.5,2.4148647785186768
1477.6000000000001,2.4583535194396973
1477.7,2.4571032524108887
1477.8000000000002,2.461212635040283
1477.9,2.4576971530914307
1478.0,2.4507999420166016
1478.1000000000001,2.450643301010132
1478.2,2.4456934928894043
1478.3000000000002,2.4504294395446777
1478.4,2.4569032192230225
1478.5,2.4553892612457275
1478.6000000000001,2.4362239837646484
1478.7,2.4596455097198486
1478.8000000000002,2.4533350467681885
1478.9,2.460667133331299
1479.0,2.4621152877807617
1479.1000000000001,2.4540624618530273
1479.2,2.4598731994628906
1479.3000000000002,2.4430298805236816
1479.4,2.446357250213623
1479.5,2.444863796234131
1479.6000000000001,2.456881284713745
1479.7,2.4523777961730957
1479.8000000000002,2.4554381370544434
1479.9,2.461324453353882
1480.0,2.452085018157959
1480.1000000000001,2.447429656982422
1480.2,2.4530372619628906
1480.3000000000002,2.4561288356781006
1480.4,2.447394371032715
1480.5,2.4532337188720703
1480.6000000000001,2.4493541717529297
1480.7,2.4476230144500732
1480.8000000000002,2.4507808685302734
1480.9,2.456425666809082
1481.0,2.4471921920776367
1481.1000000000001,2.4484379291534424
1481.2,2.4501755237579346
1481.3000000000002,2.453258752822876
1481.4,2.4492180347442627
1481.5,2.433326244354248
1481.6000000000001,2.446584463119507
1481.7,2.439882278442383
1481.8000000000002,2.458319664001465
1481.9,2.446009635925293
1482.0,2.4492061138153076
1482.1000000000001,2.460559606552124
1482.2,2.443887948989868
1482.3000000000002,2.455430030822754
1482.4,2.4668712615966797
1482.5,2.455094575881958
1482.6000000000001,2.4615790843963623
1482.7,2.4492945671081543
1482.8000000000002,2.450610399246216
1482.9,2.4516384601593018
1483.0,2.4521052837371826
1483.1000000000001,2.4544994831085205
1483.2,2.456359386444092
1483.3000000000002,2.4383819103240967
1483.4,2.448000431060791
1483.5,2.45570969581604
1483.6000000000001,2.4575202465057373
1483.7,2.4397778511047363
1483.8000000000002,2.4583256244659424
1483.9,2.4530062675476074
1484.0,2.444283962249756
1484.1000000000001,2.4484004974365234
1484.2,2.448725461959839
1484.3000000000002,2.4409167766571045
1484.4,2.455951452255249
1484.5,2.4552078247070312
1484.6000000000001,2.461869478225708
1484.7,2.4502718448638916
1484.8000000000002,2.465245008468628
1484.9,2.449864387512207
1485.0,2.4574897289276123
1485.1000000000001,2.4509246349334717
1485.2,2.4515655040740967
1485.3000000000002,2.4521396160125732
1485.4,2.4531826972961426
1485.5,2.4516701698303223
1485.6000000000001,2.4423069953918457
1485.7,2.4479715824127197
1485.8000000000002,2.452819347381592
1485.9,2.4508185386657715
1486.0,2.4580612182617188
1486.1000000000001,2.443636894226074
1486.2,2.4508421421051025
1486.3000000000002,2.4506914615631104
1486.4,2.4374985694885254
1486.5,2.4501404762268066
1486.6000000000001,2.4610068798065186
1486.7,2.45438289642334
1486.8000000000002,2.4499032497406006
1486.9,2.459503173828125
1487.0,2.446427583694458
1487.1000000000001,2.4647319316864014
1487.2,2.4523396492004395
1487.3000000000002,2.456864356994629
1487.4,2.4658756256103516
1487.5,2.4521539211273193
1487.6000000000001,2.446070432662964
1487.7,2.4515154361724854
1487.8000000000002,2.447228193283081
1487.9,2.4534878730773926
1488.0,2.445797920227051
1488.1000000000001,2.460320472717285
1488.2,2.450115203857422
1488.3000000000002,2.457106590270996
1488.4,2.4488272666931152
1488.5,2.4513769149780273
1488.6000000000001,2.4519996643066406
1488.7,2.4527382850646973
1488.8000000000002,2.462401866912842
1488.9,2.446190595626831
1489.0,2.456465482711792
1489.1000000000001,2.4554691314697266
1489.2,2.45558762550354
1489.3000000000002,2.4362807273864746
1489.4,2.44140887260437
1489.5,2.4426472187042236
1489.6000000000001,2.457070827484131
1489.7,2.431447744369507
1489.8000000000002,2.4450690746307373
1489.9,2.452822208404541
1490.0,2.446861743927002
1490.1000000000001,2.448699951171875
1490.2,2.4446871280670166
1490.3000000000002,2.454860210418701
1490.4,2.4388113021850586
1490.5,2.447636842727661
1490.6000000000001,2.454704999923706
1490.7,2.438929557800293
1490.8000000000002,2.4564931392669678
1490.9,2.452138900756836
1491.0,2.4533562660217285
1491.1000000000001,2.4589152336120605
1491.2,2.4498238563537598
1491.3000000000002,2.4424352645874023
1491.4,2.43495774269104
1491.5,2.4447007179260254
1491.6000000000001,2.461665630340576
1491.7,2.442612409591675
1491.8000000000002,2.447543144226074
1491.9,2.4553427696228027
1492.0,2.4490671157836914
1492.1000000000001,2.4548003673553467
1492.2,2.4458260536193848
1492.3000000000002,2.456045150756836
1492.4,2.4362454414367676
1492.5,2.4270336627960205
1492.6000000000001,2.4456028938293457
1492.7,2.457118272781372
1492.8000000000002,2.4524893760681152
1492.9,2.4563934803009033
1493.0,2.442810297012329
1493.1000000000001,2.444913148880005
1493.2,2.450204849243164
1493.3000000000002,2.4616098403930664
1493.4,2.4630584716796875
1493.5,2.450420618057251
1493.6000000000001,2.4551758766174316
1493.7,2.4580602645874023
1493.8000000000002,2.441662311553955
1493.9,2.4396250247955322
1494.0,2.458937406539917
1494.1000000000001,2.4576284885406494
1494.2,2.4347081184387207
1494.3000000000002,2.4543988704681396
1494.4,2.4471850395202637
1494.5,2.4657175540924072
1494.6000000000001,2.453496217727661
1494.7,2.449308395385742
1494.8000000000002,2.451894521713257
1494.9,2.4546637535095215
1495.0,2.4429171085357666
1495.1000000000001,2.4456095695495605
1495.2,2.439856767654419
1495.3000000000002,2.4626946449279785
1495.4,2.4486451148986816
1495.5,2.45408034324646
1495.6000000000001,2.442549228668213
1495.7,2.460426092147827
1495.8000000000002,2.4599709510803223
1495.9,2.451664686203003
1496.0,2.446749210357666
1496.1000000000001,2.4612059593200684
1496.2,2.451578140258789
1496.3000000000002,2.4399397373199463
1496.4,2.451976776123047
1496.5,2.44929575920105
1496.6000000000001,2.456791877746582
1496.7,2.450498104095459
1496.8000000000002,2.4375805854797363
1496.9,2.4585955142974854
1497.0,2.453662395477295
1497.1000000000001,2.4382829666137695
1497.2,2.444516897201538
1497.3000000000002,2.448194742202759
1497.4,2.4578301906585693
1497.5,2.4535915851593018
1497.6000000000001,2.4395697116851807
1497.7,2.4471116065979004
1497.8000000000002,2.4586586952209473
1497.9,2.4400129318237305
1498.0,2.449423313140869
1498.1000000000001,2.4571328163146973
1498.2,2.458918571472168
1498.3000000000002,2.4582931995391846
1498.4,2.4509689807891846
1498.5,2.4454030990600586
1498.6000000000001,2.4474735260009766
1498.7,2.4392640590667725
1498.8000000000002,2.455911874771118
1498.9,2.4465277194976807
1499.0,2.4455718994140625
1499.1000000000001,2.4574341773986816
1499.2,2.439751148223877
1499.3000000000002,2.445164680480957
1499.4,2.43904447555542
1499.5,2.4510700702667236
1499.6000000000001,2.449540138244629
1499.7,2.4484634399414062
1499.8000000000002,2.4424874782562256
1499.9,2.4481635093688965
1500.0,2.4343390464782715
1500.1000000000001,2.446812152862549
1500.2,2.4465153217315674
1500.3000000000002,2.4358036518096924
1500.4,2.445906162261963
1500.5,2.4512510299682617
1500.6000000000001,2.4466183185577393
1500.7,2.44205641746521
1500.8000000000002,2.448939561843872
1500.9,2.4503042697906494
1501.0,2.4501216411590576
1501.1000000000001,2.4558258056640625
1501.2,2.442678928375244
1501.3000000000002,2.4610378742218018
1501.4,2.4422502517700195
1501.5,2.432020664215088
1501.6000000000001,2.441282033920288
1501.7,2.4510486125946045
1501.8000000000002,2.453561782836914
1501.9,2.445087194442749
1502.0,2.454803466796875
1502.1000000000001,2.452470302581787
1502.2,2.4310662746429443
1502.3000000000002,2.4463324546813965
1502.4,2.4460999965667725
1502.5,2.4179396629333496
1502.6000000000001,2.4380180835723877
1502.7,2.455530881881714
1502.8000000000002,2.4607605934143066
1502.9,2.4498422145843506
1503.0,2.4417810440063477
1503.1000000000001,2.44459867477417
1503.2,2.4452285766601562
1503.3000000000002,2.447394847869873
1503.4,2.4515562057495117
1503.5,2.4374277591705322
1503.6000000000001,2.4439852237701416
1503.7,2.4479598999023438
1503.8000000000002,2.4348959922790527
1503.9,2.436145067214966
1504.0,2.453033685684204
1504.1000000000001,2.452169895172119
1504.2,2.458517551422119
1504.3000000000002,2.448814630508423
1504.4,2.434912919998169
1504.5,2.444166660308838
1504.6000000000001,2.4421818256378174
1504.7,2.4531941413879395
1504.8000000000002,2.4536125659942627
1504.9,2.4513840675354004
1505.0,2.449829578399658
1505.1000000000001,2.455003499984741
1505.2,2.4471523761749268
1505.3000000000002,2.451596736907959
1505.4,2.4514660835266113
1505.5,2.4441730976104736
1505.6000000000001,2.447620391845703
1505.7,2.4511401653289795
1505.8000000000002,2.4531912803649902
1505.9,2.4475226402282715
1506.0,2.4483232498168945
1506.1000000000001,2.44765043258667
1506.2,2.4480552673339844
1506.3000000000002,2.4507322311401367
1506.4,2.4335098266601562
1506.5,2.4089298248291016
1506.6000000000001,2.442894697189331
1506.7,2.4495856761932373
1506.8000000000002,2.4494030475616455
1506.9,2.4481191635131836
1507.0,2.4422695636749268
1507.1000000000001,2.4428012371063232
1507.2,2.4320638179779053
1507.3000000000002,2.453220844268799
1507.4,2.4562935829162598
1507.5,2.4422271251678467
1507.6000000000001,2.4542720317840576
1507.7,2.4597132205963135
1507.8000000000002,2.450585126876831
1507.9,2.4471921920776367
1508.0,2.4384024143218994
1508.1000000000001,2.4567437171936035
1508.2,2.4399259090423584
1508.3000000000002,2.4560294151306152
1508.4,2.443242311477661
1508.5,2.446959972381592
1508.6000000000001,2.4357712268829346
1508.7,2.440915822982788
1508.8000000000002,2.452770709991455
1508.9,2.4379773139953613
1509.0,2.444161891937256
1509.1000000000001,2.4514195919036865
1509.2,2.4375336170196533
1509.3000000000002,2.452639579772949
1509.4,2.4586055278778076
1509.5,2.4462270736694336
1509.6000000000001,2.4490742683410645
1509.7,2.4423635005950928
1509.8000000000002,2.445056676864624
1509.9,2.4490768909454346
1510.0,2.430283546447754
1510.1000000000001,2.456239938735962
1510.2,2.449831485748291
1510.3000000000002,2.450143814086914
1510.4,2.441481828689575
1510.5,2.434375524520874
1510.6000000000001,2.4478960037231445
1510.7,2.4583675861358643
1510.8000000000002,2.4418506622314453
1510.9,2.441697120666504
1511.0,2.4492199420928955
1511.1000000000001,2.434302806854248
1511.2,2.443915367126465
1511.3000000000002,2.4473955631256104
1511.4,2.4275598526000977
1511.5,2.4642324447631836
1511.6000000000001,2.445139169692993
1511.7,2.4480788707733154
1511.8000000000002,2.441359519958496
1511.9,2.432224750518799
1512.0,2.4461450576782227
1512.1000000000001,2.439871072769165
1512.2,2.4438891410827637
1512.3000000000002,2.4412899017333984
1512.4,2.4442648887634277
1512.5,2.42584490776062
1512.6000000000001,2.4454362392425537
1512.7,2.4407505989074707
1512.8000000000002,2.435676336288452
1512.9,2.4442412853240967
1513.0,2.444777488708496
1513.1000000000001,2.456714630126953
1513.2,2.4517648220062256
1513.3000000000002,2.4353930950164795
1513.4,2.445612668991089
1513.5,2.448906898498535
1513.6000000000001,2.451146125793457
1513.7,2.4511048793792725
1513.8000000000002,2.4254908561706543
1513.9,2.4516520500183105
1514.0,2.4417965412139893
1514.1000000000001,2.428926944732666
1514.2,2.4504408836364746
1514.3000000000002,2.452862501144409
1514.4,2.435589075088501
1514.5,2.4471919536590576
1514.6000000000001,2.436128854751587
1514.7,2.4475581645965576
1514.8000000000002,2.4387993812561035
1514.9,2.452751874923706
1515.0,2.4468801021575928
1515.1000000000001,2.436509370803833
1515.2,2.4424450397491455
1515.3000000000002,2.4361345767974854
1515.4,2.437201976776123
1515.5,2.451646089553833
1515.6000000000001,2.4431138038635254
1515.7,2.442350149154663
1515.8000000000002,2.434509515762329
1515.9,2.4421451091766357
1516.0,2.4535343647003174
1516.1000000000001,2.4480700492858887
1516.2,2.448233127593994
1516.3000000000002,2.4454612731933594
1516.4,2.443052291870117
1516.5,2.4466824531555176
1516.6000000000001,2.444669246673584
1516.7,2.4503519535064697
1516.8000000000002,2.4386367797851562
1516.9,2.436854124069214
1517.0,2.4392404556274414
1517.1000000000001,2.4402315616607666
1517.2,2.4476795196533203
1517.3000000000002,2.4453330039978027
1517.4,2.4519104957580566
1517.5,2.4272398948669434
1517.6000000000001,2.439314842224121
1517.7,2.4412193298339844
1517.8000000000002,2.431056022644043
1517.9,2.4426238536834717
1518.0,2.452193260192871
1518.1000000000001,2.4305028915405273
1518.2,2.446885585784912
1518.3000000000002,2.437309980392456
1518.4,2.445158004760742
1518.5,2.446168899536133
1518.6000000000001,2.4394965171813965
1518.7,2.434643030166626
1518.8000000000002,2.4494142532348633
1518.9,2.4385273456573486
1519.0,2.4534711837768555
1519.1000000000001,2.4505996704101562
1519.2,2.44266414642334
1519.3000000000002,2.446485757827759
1519.4,2.4499096870422363
1519.5,2.447793483734131
1519.6000000000001,2.445990562438965
1519.7,2.4391446113586426
1519.8000000000002,2.4446890354156494
1519.9,2.441495418548584
1520.0,2.4476852416992188
1520.1000000000001,2.437950849533081
1520.2,2.444115161895752
1520.3000000000002,2.431873083114624
1520.4,2.4450926780700684
1520.5,2.4354708194732666
1520.6000000000001,2.4413490295410156
1520.7,2.4398109912872314
1520.8000000000002,2.4491968154907227
1520.9,2.4241676330566406
1521.0,2.437136173248291
1521.1000000000001,2.433107852935791
1521.2,2.4342660903930664
1521.3000000000002,2.4496421813964844
1521.4,2.4271647930145264
1521.5,2.4454987049102783
1521.6000000000001,2.4450812339782715
1521.7,2.450803756713867
1521.8000000000002,2.4363508224487305
1521.9,2.4304418563842773
1522.0,2.439951181411743
1522.1000000000001,2.4420173168182373
1522.2,2.4340193271636963
1522.3000000000002,2.435276746749878
1522.4,2.435074806213379
1522.5,2.427137851715088
1522.6000000000001,2.4352903366088867
1522.7,2.4382030963897705
1522.8000000000002,2.4456403255462646
1522.9,2.4448513984680176
1523.0,2.4291794300079346
1523.1000000000001,2.434157609939575
1523.2,2.4392189979553223
1523.3000000000002,2.443810224533081
1523.4,2.446887731552124
1523.5,2.44153094291687
1523.6000000000001,2.4557697772979736
1523.7,2.43343448638916
1523.8000000000002,2.4491524696350098
1523.9,2.454237699508667
1524.0,2.444474697113037
1524.1000000000001,2.442335367202759
1524.2,2.4313647747039795
1524.3000000000002,2.4381210803985596
1524.4,2.451977014541626
1524.5,2.4199304580688477
1524.6000000000001,2.447796106338501
1524.7,2.448455333709717
1524.8000000000002,2.433976888656616
1524.9,2.4269018173217773
1525.0,2.4341132640838623
1525.1000000000001,2.4331958293914795
1525.2,2.441558599472046
1525.3000000000002,2.4272725582122803
1525.4,2.4441964626312256
1525.5,2.441063642501831
1525.6000000000001,2.4493017196655273
1525.7,2.4400060176849365
1525.8000000000002,2.435570478439331
1525.9,2.4302022457122803
1526.0,2.4247817993164062
1526.1000000000001,2.442230463027954
1526.2,2.426847219467163
1526.3000000000002,2.4260685443878174
1526.4,2.4423203468322754
1526.5,2.4436213970184326
1526.6000000000001,2.4455554485321045
1526.7,2.42343807220459
1526.8000000000002,2.434758186340332
1526.9,2.429717540740967
1527.0,2.442779541015625
1527.1000000000001,2.436671733856201
1527.2,2.438114643096924
1527.3000000000002,2.4383790493011475
1527.4,2.4397642612457275
1527.5,2.4361507892608643
1527.6000000000001,2.44027042388916
1527.7,2.434753656387329
1527.8000000000002,2.4372129440307617
1527.9,2.417250871658325
1528.0,2.4401397705078125
1528.1000000000001,2.4354376792907715
1528.2,2.44087815284729
1528.3000000000002,2.446903705596924
1528.4,2.445340156555176
1528.5,2.444681406021118
1528.6000000000001,2.4418692588806152
1528.7,2.4330332279205322
1528.8000000000002,2.4264957904815674
1528.9,2.4278557300567627
1529.0,2.4400136470794678
1529.1000000000001,2.445533037185669
1529.2,2.4330594539642334
1529.3000000000002,2.427699565887451
1529.4,2.424900531768799
1529.5,2.4407880306243896
1529.6000000000001,2.4291350841522217
1529.7,2.4337451457977295
1529.8000000000002,2.4425289630889893
1529.9,2.421983003616333
1530.0,2.431758165359497
1530.1000000000001,2.438507080078125
1530.2,2.430217742919922
1530.3000000000002,2.4403798580169678
1530.4,2.431201696395874
1530.5,2.439868927001953
1530.6000000000001,2.4407551288604736
1530.7,2.435945749282837
1530.8000000000002,2.4374303817749023
1530.9,2.4406347274780273
1531.0,2.4348371028900146
1531.1000000000001,2.4350430965423584
1531.2,2.4282169342041016
1531.3000000000002,2.435767650604248
1531.4,2.429976224899292
1531.5,2.4408926963806152
1531.6000000000001,2.4211323261260986
1531.7,2.4381773471832275
1531.8000000000002,2.445253610610962
1531.9,2.422708511352539
1532.0,2.4366445541381836
1532.1000000000001,2.4441823959350586
1532.2,2.4322073459625244
1532.3000000000002,2.437227249145508
1532.4,2.445174217224121
1532.5,2.423644781112671
1532.6000000000001,2.4403293132781982
1532.7,2.429753541946411
1532.8000000000002,2.4296891689300537
1532.9,2.4396402835845947
1533.0,2.4315402507781982
1533.1000000000001,2.4403862953186035
1533.2,2.422109365463257
1533.3000000000002,2.4270050525665283
1533.4,2.4304003715515137
1533.5,2.4301254749298096
1533.6000000000001,2.4338903427124023
1533.7,2.435192823410034
1533.8000000000002,2.4509053230285645
1533.9,2.4350950717926025
1534.0,2.4279303550720215
1534.1000000000001,2.4256153106689453
1534.2,2.427607536315918
1534.3000000000002,2.433022975921631
1534.4,2.4391767978668213
1534.5,2.438807725906372
1534.6000000000001,2.4218366146087646
1534.7,2.422053575515747
1534.8000000000002,2.418449878692627
1534.9,2.416492462158203
1535.0,2.426159620285034
1535.1000000000001,2.4301352500915527
1535.2,2.419311285018921
1535.3000000000002,2.4308366775512695
1535.4,2.4346842765808105
1535.5,2.4336769580841064
1535.6000000000001,2.4287054538726807
1535.7,2.4349722862243652
1535.8000000000002,2.4021241664886475
1535.9,2.4420106410980225
1536.0,2.4198691844940186
1536.1000000000001,2.428471326828003
1536.2,2.4368233680725098
1536.3000000000002,2.431658983230591
1536.4,2.4315438270568848
1536.5,2.417532205581665
1536.6000000000001,2.4169042110443115
1536.7,2.4410598278045654
1536.8000000000002,2.4319944381713867
1536.9,2.4280683994293213
1537.0,2.4381422996520996
1537.1000000000001,2.429987668991089
1537.2,2.432950735092163
1537.3000000000002,2.4217021465301514
1537.4,2.43748140335083
1537.5,2.435730218887329
1537.6000000000001,2.4274227619171143
1537.7,2.4358890056610107
1537.8000000000002,2.431459426879883
1537.9,2.428452730178833
1538.0,2.4339027404785156
1538.1000000000001,2.4375534057617188
1538.2,2.430473566055298
1538.3000000000002,2.414625644683838
1538.4,2.4303183555603027
1538.5,2.423996925354004
1538.6000000000001,2.4372761249542236
1538.7,2.4255075454711914
1538.8000000000002,2.4285836219787598
1538.9,2.4277591705322266
1539.0,2.4347383975982666
1539.1000000000001,2.4253392219543457
1539.2,2.4265880584716797
1539.3000000000002,2.434479236602783
1539.4,2.4290659427642822
1539.5,2.417503833770752
1539.6000000000001,2.424649715423584
1539.7,2.41792631149292
1539.8000000000002,2.4225552082061768
1539.9,2.4296956062316895
1540.0,2.4318504333496094
1540.1000000000001,2.4256341457366943
1540.2,2.4332821369171143
1540.3000000000002,2.429943561553955
1540.4,2.434152603149414
1540.5,2.4316372871398926
1540.6000000000001,2.4310359954833984
1540.7,2.428663730621338
1540.8000000000002,2.4374423027038574
1540.9,2.4222187995910645
1541.0,2.4246933460235596
1541.1000000000001,2.4136738777160645
1541.2,2.4306061267852783
1541.3000000000002,2.4308502674102783
1541.4,2.423814296722412
1541.5,2.425710916519165
1541.6000000000001,2.427269220352173
1541.7,2.4367501735687256
1541.8000000000002,2.44069766998291
1541.9,2.4333107471466064
1542.0,2.434175729751587
1542.1000000000001,2.414003849029541
1542.2,2.425487995147705
1542.3000000000002,2.4213671684265137
1542.4,2.4077951908111572
1542.5,2.4115993976593018
1542.6000000000001,2.4304628372192383
1542.7,2.4068892002105713
1542.8000000000002,2.436495542526245
1542.9,2.430229902267456
1543.0,2.4271509647369385
1543.1000000000001,2.4397993087768555
1543.2,2.4252312183380127
1543.3000000000002,2.4235334396362305
1543.4,2.4404189586639404
1543.5,2.4184677600860596
1543.6000000000001,2.4305129051208496
1543.7,2.4350860118865967
1543.8000000000002,2.4260993003845215
1543.9,2.4250502586364746
1544.0,2.4202260971069336
1544.1000000000001,2.4272360801696777
1544.2,2.436159372329712
1544.3000000000002,2.4229938983917236
1544.4,2.413804769515991
1544.5,2.417567253112793
1544.6000000000001,2.4231369495391846
1544.7,2.420614242553711
1544.8000000000002,2.4291274547576904
1544.9,2.4265623092651367
1545.0,2.4073750972747803
1545.1000000000001,2.424739122390747
1545.2,2.4242212772369385
1545.3000000000002,2.4272451400756836
1545.4,2.430206060409546
1545.5,2.419729232788086
1545.6000000000001,2.4345505237579346
1545.7,2.4272611141204834
1545.8000000000002,2.4202494621276855
1545.9,2.4164247512817383
1546.0,2.395085573196411
1546.1000000000001,2.432755470275879
1546.2,2.433924436569214
1546.3000000000002,2.4197604656219482
1546.4,2.424593210220337
1546.5,2.4219391345977783
1546.6000000000001,2.4144201278686523
1546.7,2.4264111518859863
1546.8000000000002,2.420344591140747
1546.9,2.412933826446533
1547.0,2.4204349517822266
1547.1000000000001,2.4291493892669678
1547.2,2.4250686168670654
1547.3000000000002,2.4230802059173584
1547.4,2.4225122928619385
1547.5,2.4278488159179688
1547.6000000000001,2.4134016036987305
1547.7,2.420576572418213
1547.8000000000002,2.4244329929351807
1547.9,2.4271583557128906
1548.0,2.423506259918213
1548.1000000000001,2.4329581260681152
1548.2,2.433253765106201
1548.3000000000002,2.4182238578796387
1548.4,2.42020845413208
1548.5,2.426584482192993
1548.6000000000001,2.4205164909362793
1548.7,2.4236438274383545
1548.8000000000002,2.4190454483032227
1548.9,2.4349281787872314
1549.0,2.4048056602478027
1549.1000000000001,2.425636053085327
1549.2,2.4190778732299805
1549.3000000000002,2.41786789894104
1549.4,2.421394109725952
1549.5,2.4359171390533447
1549.6000000000001,2.4324262142181396
1549.7,2.4146673679351807
1549.8000000000002,2.4213807582855225
1549.9,2.421043872833252
1550.0,2.417689800262451
1550.1000000000001,2.4272055625915527
1550.2,2.4250128269195557
1550.3000000000002,2.4242630004882812
1550.4,2.4292092323303223
1550.5,2.4191389083862305
1550.6000000000001,2.415904998779297
1550.7,2.4030492305755615
1550.8000000000002,2.4130189418792725
1550.9,2.416948080062866
1551.0,2.434406042098999
1551.1000000000001,2.4145381450653076
1551.2,2.4215643405914307
1551.3000000000002,2.4063711166381836
1551.4,2.424912214279175
1551.5,2.438760995864868
1551.6000000000001,2.4246537685394287
1551.7,2.419616222381592
1551.8000000000002,2.422309160232544
1551.9,2.425853967666626
1552.0,2.4079575538635254
1552.1000000000001,2.4113831520080566
1552.2,2.4183027744293213
1552.3000000000002,2.4154505729675293
1552.4,2.4177467823028564
1552.5,2.4181582927703857
1552.6000000000001,2.416776180267334
1552.7,2.426678419113159
1552.8000000000002,2.415787696838379
1552.9,2.41963267326355
1553.0,2.423865556716919
1553.1000000000001,2.410017251968384
1553.2,2.4271771907806396
1553.3000000000002,2.42602801322937
1553.4,2.4077017307281494
1553.5,2.420896530151367
1553.6000000000001,2.4196979999542236
1553.7,2.4199044704437256
1553.8000000000002,2.4214026927948
1553.9,2.396524667739868
1554.0,2.4139044284820557
1554.1000000000001,2.413393259048462
1554.2,2.4174067974090576
1554.3000000000002,2.4196527004241943
1554.4,2.410196542739868
1554.5,2.4184672832489014
1554.6000000000001,2.4054956436157227
1554.7,2.414128541946411
1554.8000000000002,2.4168684482574463
1554.9,2.4104084968566895
1555.0,2.4111459255218506
1555.1000000000001,2.4153144359588623
1555.2,2.4105658531188965
1555.3000000000002,2.4144561290740967
1555.4,2.4065794944763184
1555.5,2.416745185852051
1555.6000000000001,2.4209206104278564
1555.7,2.4070372581481934
1555.8000000000002,2.424560308456421
1555.9,2.4131784439086914
1556.0,2.416058301925659
1556.1000000000001,2.412975311279297
1556.2,2.4128916263580322
1556.3000000000002,2.4103267192840576
1556.4,2.4092233180999756
1556.5,2.4201526641845703
1556.6000000000001,2.4079737663269043
1556.7,2.4044458866119385
1556.8000000000002,2.424471855163574
1556.9,2.4193272590637207
1557.0,2.4058656692504883
1557.1000000000001,2.415463447570801
1557.2,2.4178993701934814
1557.3000000000002,2.4145989418029785
1557.4,2.415220022201538
1557.5,2.417102098464966
1557.6000000000001,2.4137940406799316
1557.7,2.421811103820801
1557.8000000000002,2.3989500999450684
1557.9,2.415130615234375
1558.0,2.4159252643585205
1558.1000000000001,2.409317970275879
1558.2,2.4121835231781006
1558.3000000000002,2.4194843769073486
1558.4,2.421616792678833
1558.5,2.415213108062744
1558.6000000000001,2.4253339767456055
1558.7,2.4066779613494873
1558.8000000000002,2.423290967941284
1558.9,2.420419216156006
1559.0,2.4107909202575684
1559.1000000000001,2.4180428981781006
1559.2,2.4140889644622803
1559.3000000000002,2.4175631999969482
1559.4,2.4037020206451416
1559.5,2.424226999282837
1559.6000000000001,2.415316343307495
1559.7,2.4167613983154297
1559.8000000000002,2.411198139190674
1559.9,2.4081079959869385
1560.0,2.416341543197632
1560.1000000000001,2.4145798683166504
1560.2,2.4233460426330566
1560.3000000000002,2.420240640640259
1560.4,2.414292812347412
1560.5,2.4129014015197754
1560.6000000000001,2.398946762084961
1560.7,2.4048173427581787
1560.8000000000002,2.4076154232025146
1560.9,2.4068429470062256
1561.0,2.4154679775238037
1561.1000000000001,2.403538227081299
1561.2,2.4010183811187744
1561.3000000000002,2.401590585708618
1561.4,2.4087326526641846
1561.5,2.418156385421753
1561.6000000000001,2.4048168659210205
1561.7,2.4110214710235596
1561.8000000000002,2.414823055267334
1561.9,2.413208246231079
1562.0,2.419827699661255
1562.1000000000001,2.426551580429077
1562.2,2.4065959453582764
1562.3000000000002,2.421804666519165
1562.4,2.4114389419555664
1562.5,2.4178009033203125
1562.6000000000001,2.4085745811462402
1562.7,2.410461664199829
1562.8000000000002,2.403749704360962
1562.9,2.405336380004883
1563.0,2.4107632637023926
1563.1000000000001,2.3950700759887695
1563.2,2.4089596271514893
1563.3000000000002,2.415144681930542
1563.4,2.414299726486206
1563.5,2.4170403480529785
1563.6000000000001,2.410336494445801
1563.7,2.4067795276641846
1563.8000000000002,2.4133851528167725
1563.9,2.393822431564331
1564.0,2.4098236560821533
1564.1000000000001,2.404402494430542
1564.2,2.401348352432251
1564.3000000000002,2.415982723236084
1564.4,2.4045703411102295
1564.5,2.408846616744995
1564.6000000000001,2.4015252590179443
1564.7,2.414196252822876
1564.8000000000002,2.404306650161743
1564.9,2.4071450233459473
1565.0,2.406789541244507
1565.1000000000001,2.416064977645874
1565.2,2.4060378074645996
1565.3000000000002,2.3869166374206543
1565.4,2.408996820449829
1565.5,2.4011647701263428
1565.6000000000001,2.401674747467041
1565.7,2.4152631759643555
1565.8000000000002,2.389780044555664
1565.9,2.3982808589935303
1566.0,2.397646188735962
1566.1000000000001,2.404667377471924
1566.2,2.408812999725342
1566.3000000000002,2.413604259490967
1566.4,2.4069108963012695
1566.5,2.413048505783081
1566.6000000000001,2.4172604084014893
1566.7,2.402780532836914
1566.8000000000002,2.409594774246216
1566.9,2.415858030319214
1567.0,2.4127776622772217
1567.1000000000001,2.4006402492523193
1567.2,2.4039218425750732
1567.3000000000002,2.410557985305786
1567.4,2.4151179790496826
1567.5,2.4099791049957275
1567.6000000000001,2.4134292602539062
1567.7,2.3941218852996826
1567.8000000000002,2.3905935287475586
1567.9,2.410954475402832
1568.0,2.406726598739624
1568.1000000000001,2.4068984985351562
1568.2,2.4025917053222656
1568.3000000000002,2.3939003944396973
1568.4,2.413825750350952
1568.5,2.4157958030700684
1568.6000000000001,2.405717372894287
1568.7,2.4155261516571045
1568.8000000000002,2.4122681617736816
1568.9,2.4020376205444336
1569.0,2.408437967300415
1569.1000000000001,2.4148404598236084
1569.2,2.4109890460968018
1569.3000000000002,2.405123233795166
1569.4,2.4016876220703125
1569.5,2.402221441268921
1569.6000000000001,2.405564308166504
1569.7,2.403038263320923
1569.8000000000002,2.407109498977661
1569.9,2.4083871841430664
1570.0,2.405526876449585
1570.1000000000001,2.4136879444122314
1570.2,2.4030921459198
1570.3000000000002,2.381399154663086
1570.4,2.394467830657959
1570.5,2.4043526649475098
1570.6000000000001,2.392849922180176
1570.7,2.401953935623169
1570.8000000000002,2.4060511589050293
1570.9,2.420651912689209
1571.0,2.401763677597046
1571.1000000000001,2.39681339263916
1571.2,2.389312982559204
1571.3000000000002,2.416003465652466
1571.4,2.413203477859497
1571.5,2.4092509746551514
1571.6000000000001,2.4102163314819336
1571.7,2.4082698822021484
1571.8000000000002,2.4072341918945312
1571.9,2.4136178493499756
1572.0,2.403501510620117
1572.1000000000001,2.3884029388427734
1572.2,2.398590087890625
1572.3000000000002,2.3941211700439453
1572.4,2.3979132175445557
1572.5,2.3945353031158447
1572.6000000000001,2.3879663944244385
1572.7,2.388725996017456
1572.8000000000002,2.4069511890411377
1572.9,2.4010415077209473
1573.0,2.4004619121551514
1573.1000000000001,2.3986947536468506
1573.2,2.398059368133545
1573.3000000000002,2.403055429458618
1573.4,2.40596866607666
1573.5,2.408419609069824
1573.6000000000001,2.3877646923065186
1573.7,2.4114975929260254
1573.8000000000002,2.4112839698791504
1573.9,2.4102213382720947
1574.0,2.404146194458008
1574.1000000000001,2.4040615558624268
1574.2,2.395840644836426
1574.3000000000002,2.4047634601593018
1574.4,2.394285202026367
1574.5,2.4011149406433105
1574.6000000000001,2.389849901199341
1574.7,2.398836851119995
1574.8000000000002,2.402019739151001
1574.9,2.396343946456909
1575.0,2.3887195587158203
1575.1000000000001,2.3972482681274414
1575.2,2.3900561332702637
1575.3000000000002,2.407249927520752
1575.4,2.3801491260528564
1575.5,2.387969732284546
1575.6000000000001,2.3984622955322266
1575.7,2.403700828552246
1575.8000000000002,2.3906447887420654
1575.9,2.3886005878448486
1576.0,2.4001998901367188
1576.1000000000001,2.3987557888031006
1576.2,2.3989431858062744
1576.3000000000002,2.391981363296509
1576.4,2.3976550102233887
1576.5,2.3905322551727295
1576.6000000000001,2.3978898525238037
1576.7,2.403041362762451
1576.8000000000002,2.3993759155273438
1576.9,2.395167827606201
1577.0,2.4016330242156982
1577.1000000000001,2.404083013534546
1577.2,2.382789373397827
1577.3000000000002,2.4071195125579834
1577.4,2.39113187789917
1577.5,2.4036269187927246
1577.6000000000001,2.4112560749053955
1577.7,2.3961215019226074
1577.8000000000002,2.3932337760925293
1577.9,2.3832545280456543
1578.0,2.395493984222412
1578.1000000000001,2.389241933822632
1578.2,2.3980841636657715
1578.3000000000002,2.3983919620513916
1578.4,2.387786626815796
1578.5,2.399031400680542
1578.6000000000001,2.3904547691345215
1578.7,2.4065959453582764
1578.8000000000002,2.402238130569458
1578.9,2.4033455848693848
1579.0,2.4000096321105957
1579.1000000000001,2.4048736095428467
1579.2,2.3812432289123535
1579.3000000000002,2.394320011138916
1579.4,2.3977105617523193
1579.5,2.370997190475464
1579.6000000000001,2.403676748275757
1579.7,2.4018771648406982
1579.8000000000002,2.4004628658294678
1579.9,2.3990671634674072
1580.0,2.3876593112945557
1580.1000000000001,2.3789243698120117
1580.2,2.395723819732666
1580.3000000000002,2.4025769233703613
1580.4,2.4051120281219482
1580.5,2.3840830326080322
1580.6000000000001,2.4072742462158203
1580.7,2.40303111076355
1580.8000000000002,2.3969388008117676
1580.9,2.398470401763916
1581.0,2.394864559173584
1581.1000000000001,2.381483554840088
1581.2,2.3977084159851074
1581.3000000000002,2.401719808578491
1581.4,2.384859323501587
1581.5,2.398484230041504
1581.6000000000001,2.3870856761932373
1581.7,2.39859938621521
1581.8000000000002,2.3756096363067627
1581.9,2.3952529430389404
1582.0,2.3830344676971436
1582.1000000000001,2.3847591876983643
1582.2,2.3949787616729736
1582.3000000000002,2.403634548187256
1582.4,2.4050331115722656
1582.5,2.3820760250091553
1582.6000000000001,2.3963325023651123
1582.7,2.386244773864746
1582.8000000000002,2.3926455974578857
1582.9,2.3988656997680664
1583.0,2.3891847133636475
1583.1000000000001,2.3929412364959717
1583.2,2.404386520385742
1583.3000000000002,2.397120237350464
1583.4,2.3922908306121826
1583.5,2.405787467956543
1583.6000000000001,2.3991847038269043
1583.7,2.3910140991210938
1583.8000000000002,2.3794662952423096
1583.9,2.386629819869995
1584.0,2.374314546585083
1584.1000000000001,2.388746500015259
1584.2,2.389946222305298
1584.3000000000002,2.389437675476074
1584.4,2.382753610610962
1584.5,2.3983068466186523
1584.6000000000001,2.3969597816467285
1584.7,2.3868813514709473
1584.8000000000002,2.3907523155212402
1584.9,2.3769989013671875
1585.0,2.386559009552002
1585.1000000000001,2.398183584213257
1585.2,2.4072773456573486
1585.3000000000002,2.380415201187134
1585.4,2.3869359493255615
1585.5,2.3832244873046875
1585.6000000000001,2.3898003101348877
1585.7,2.391160249710083
1585.8000000000002,2.4026544094085693
1585.9,2.3989269733428955
1586.0,2.3806817531585693
1586.1000000000001,2.389925479888916
1586.2,2.385929822921753
1586.3000000000002,2.3855364322662354
1586.4,2.37803316116333
1586.5,2.3814194202423096
1586.6000000000001,2.3899149894714355
1586.7,2.3865413665771484
1586.8000000000002,2.3834228515625
1586.9,2.3782405853271484
1587.0,2.393737316131592
1587.1000000000001,2.38573956489563
1587.2,2.3687334060668945
1587.3000000000002,2.3808107376098633
1587.4,2.385560989379883
1587.5,2.386979818344116
1587.6000000000001,2.3856515884399414
1587.7,2.388897657394409
1587.8000000000002,2.385411500930786
1587.9,2.3718597888946533
1588.0,2.3901071548461914
1588.1000000000001,2.381603717803955
1588.2,2.388627767562866
1588.3000000000002,2.4029715061187744
1588.4,2.3728065490722656
1588.5,2.3778436183929443
1588.6000000000001,2.3747000694274902
1588.7,2.383552312850952
1588.8000000000002,2.3781003952026367
1588.9,2.3885085582733154
1589.0,2.3800768852233887
1589.1000000000001,2.384561061859131
1589.2,2.384028911590576
1589.3000000000002,2.387871503829956
1589.4,2.3893792629241943
1589.5,2.3887150287628174
1589.6000000000001,2.389749765396118
1589.7,2.3761322498321533
1589.8000000000002,2.3858249187469482
1589.9,2.3800058364868164
1590.0,2.372753381729126
1590.1000000000001,2.378933906555176
1590.2,2.3741397857666016
1590.3000000000002,2.3962936401367188
1590.4,2.3796706199645996
1590.5,2.3962910175323486
1590.6000000000001,2.389953374862671
1590.7,2.386414051055908
1590.8000000000002,2.379142999649048
1590.9,2.361821413040161
1591.0,2.3740639686584473
1591.1000000000001,2.3858273029327393
1591.2,2.382645845413208
1591.3000000000002,2.3743696212768555
1591.4,2.376268148422241
1591.5,2.3771955966949463
1591.6000000000001,2.3824164867401123
1591.7,2.368300437927246
1591.8000000000002,2.380002737045288
1591.9,2.3813719749450684
1592.0,2.3814356327056885
1592.1000000000001,2.3804421424865723
1592.2,2.3852503299713135
1592.3000000000002,2.3800113201141357
1592.4,2.3798632621765137
1592.5,2.3855392932891846
1592.6000000000001,2.3872387409210205
1592.7,2.3810744285583496
1592.8000000000002,2.3801708221435547
1592.9,2.3788564205169678
1593.0,2.373905897140503
1593.1000000000001,2.393303394317627
1593.2,2.3786723613739014
1593.3000000000002,2.391281843185425
1593.4,2.370439291000366
1593.5,2.377932548522949
1593.6000000000001,2.372710704803467
1593.7,2.3639116287231445
1593.8000000000002,2.3716373443603516
1593.9,2.3816351890563965
1594.0,2.369194984436035
1594.1000000000001,2.384219169616699
1594.2,2.3767683506011963
1594.3000000000002,2.374039888381958
1594.4,2.380321741104126
1594.5,2.3876118659973145
1594.6000000000001,2.36849045753479
1594.7,2.383451461791992
1594.8000000000002,2.369065999984741
1594.9,2.378925323486328
1595.0,2.3691470623016357
1595.1000000000001,2.358952283859253
1595.2,2.3750572204589844
1595.3000000000002,2.37760853767395
1595.4,2.3744869232177734
1595.5,2.3831820487976074
1595.6000000000001,2.387068748474121
1595.7,2.37093186378479
1595.8000000000002,2.3791472911834717
1595.9,2.380944013595581
1596.0,2.366379737854004
1596.1000000000001,2.3762927055358887
1596.2,2.3838050365448
1596.3000000000002,2.382835626602173
1596.4,2.3775064945220947
1596.5,2.381664752960205
1596.6000000000001,2.361149549484253
1596.7,2.3809406757354736
1596.8000000000002,2.3660547733306885
1596.9,2.3655803203582764
1597.0,2.3699843883514404
1597.1000000000001,2.378864288330078
1597.2,2.3806800842285156
1597.3000000000002,2.3595998287200928
1597.4,2.3706259727478027
1597.5,2.3528213500976562
1597.6000000000001,2.3760876655578613
1597.7,2.372861862182617
1597.8000000000002,2.3764760494232178
1597.9,2.3727986812591553
1598.0,2.378746271133423
1598.1000000000001,2.3743627071380615
1598.2,2.387021064758301
1598.3000000000002,2.36661434173584
1598.4,2.3865890502929688
1598.5,2.3699960708618164
1598.6000000000001,2.386066436767578
1598.7,2.3678395748138428
1598.8000000000002,2.366365432739258
1598.9,2.373680591583252
1599.0,2.3702211380004883
1599.1000000000001,2.3728318214416504
1599.2,2.3786232471466064
1599.3000000000002,2.3686935901641846
1599.4,2.3808250427246094
1599.5,2.344261646270752
1599.6000000000001,2.367159605026245
1599.7,2.362187623977661
1599.8000000000002,2.371880531311035
1599.9,2.3703701496124268
1600.0,2.367206573486328
1600.1000000000001,2.3814239501953125
1600.2,2.3620057106018066
1600.3000000000002,2.367112636566162
1600.4,2.37218976020813
1600.5,2.3767812252044678
1600.6000000000001,2.3749918937683105
1600.7,2.3721020221710205
1600.8000000000002,2.380955696105957
1600.9,2.373720645904541
1601.0,2.373765707015991
1601.1000000000001,2.3680102825164795
1601.2,2.374882698059082
1601.3000000000002,2.3754539489746094
1601.4,2.362257719039917
1601.5,2.3799335956573486
1601.6000000000001,2.3681843280792236
1601.7,2.3785836696624756
1601.8000000000002,2.367252826690674
1601.9,2.3761074542999268
1602.0,2.370161533355713
1602.1000000000001,2.3649072647094727
1602.2,2.366058588027954
1602.3000000000002,2.3792107105255127
1602.4,2.3688104152679443
1602.5,2.3572328090667725
1602.6000000000001,2.358759641647339
1602.7,2.3618013858795166
1602.8000000000002,2.3698136806488037
1602.9,2.35776686668396
1603.0,2.3733267784118652
1603.1000000000001,2.384979486465454
1603.2,2.370000123977661
1603.3000000000002,2.37233304977417
1603.4,2.3771979808807373
1603.5,2.364806652069092
1603.6000000000001,2.354966640472412
1603.7,2.3667752742767334
1603.8000000000002,2.370124578475952
1603.9,2.3601062297821045
1604.0,2.343203544616699
1604.1000000000001,2.378571033477783
1604.2,2.361274003982544
1604.3000000000002,2.3717763423919678
1604.4,2.352297067642212
1604.5,2.3699917793273926
1604.6000000000001,2.3693630695343018
1604.7,2.3750271797180176
1604.8000000000002,2.3695178031921387
1604.9,2.3537092208862305
1605.0,2.3734381198883057
1605.1000000000001,2.3744025230407715
1605.2,2.3587098121643066
1605.3000000000002,2.3710110187530518
1605.4,2.3751699924468994
1605.5,2.368255376815796
1605.6000000000001,2.3640031814575195
1605.7,2.3712267875671387
1605.8000000000002,2.3624749183654785
1605.9,2.368180274963379
1606.0,2.3697519302368164
1606.1000000000001,2.3664424419403076
1606.2,2.3653595447540283
1606.3000000000002,2.3650310039520264
1606.4,2.3709170818328857
1606.5,2.3482325077056885
1606.6000000000001,2.3633129596710205
1606.7,2.3606984615325928
1606.8000000000002,2.3579022884368896
1606.9,2.363203525543213
1607.0,2.3618922233581543
1607.1000000000001,2.365406036376953
1607.2,2.3567259311676025
1607.3000000000002,2.3569741249084473
1607.4,2.3713862895965576
1607.5,2.356384038925171
1607.6000000000001,2.3670530319213867
1607.7,2.3560237884521484
1607.8000000000002,2.3714587688446045
1607.9,2.3603241443634033
1608.0,2.3700568675994873
1608.1000000000001,2.359575033187866
1608.2,2.371215343475342
1608.3000000000002,2.359724998474121
1608.4,2.361285924911499
1608.5,2.3532042503356934
1608.6000000000001,2.357618808746338
1608.7,2.3635458946228027
1608.8000000000002,2.3523056507110596
1608.9,2.3731689453125
1609.0,2.351367473602295
1609.1000000000001,2.3433609008789062
1609.2,2.3604772090911865
1609.3000000000002,2.350517749786377
1609.4,2.3570375442504883
1609.5,2.348768949508667
1609.6000000000001,2.3694539070129395
1609.7,2.354203939437866
1609.8000000000002,2.352858781814575
1609.9,2.355522632598877
1610.0,2.3590195178985596
1610.1000000000001,2.3642828464508057
1610.2,2.3542826175689697
1610.3000000000002,2.355102062225342
1610.4,2.3555352687835693
1610.5,2.3612964153289795
1610.6000000000001,2.3689661026000977
1610.7,2.3601393699645996
1610.8000000000002,2.361260175704956
1610.9,2.358902931213379
1611.0,2.3553943634033203
1611.1000000000001,2.341702938079834
1611.2,2.342305898666382
1611.3000000000002,2.36232328414917
1611.4,2.3538150787353516
1611.5,2.358492374420166
1611.6000000000001,2.368617057800293
1611.7,2.3518385887145996
1611.8000000000002,2.3635902404785156
1611.9,2.346268892288208
1612.0,2.364717960357666
1612.1000000000001,2.3508453369140625
1612.2,2.3564491271972656
1612.3000000000002,2.35246205329895
1612.4,2.3590352535247803
1612.5,2.3490612506866455
1612.6000000000001,2.3535356521606445
1612.7,2.3519880771636963
1612.8000000000002,2.3537371158599854
1612.9,2.361927032470703
1613.0,2.346597671508789
1613.1000000000001,2.3575260639190674
1613.2,2.3602466583251953
1613.3000000000002,2.348548650741577
1613.4,2.3577702045440674
1613.5,2.3481218814849854
1613.6000000000001,2.349806308746338
1613.7,2.3499257564544678
1613.8000000000002,2.3401339054107666
1613.9,2.3570590019226074
1614.0,2.359772205352783
1614.1000000000001,2.356250524520874
1614.2,2.3557698726654053
1614.3000000000002,2.357088804244995
1614.4,2.361107349395752
1614.5,2.3521246910095215
1614.6000000000001,2.3572988510131836
1614.7,2.3561370372772217
1614.8000000000002,2.3576955795288086
1614.9,2.3593637943267822
1615.0,2.345655918121338
1615.1000000000001,2.3625102043151855
1615.2,2.3430845737457275
1615.3000000000002,2.351238965988159
1615.4,2.3591277599334717
1615.5,2.3420443534851074
1615.6000000000001,2.344651699066162
1615.7,2.3617441654205322
1615.8000000000002,2.3381576538085938
1615.9,2.3512508869171143
1616.1000000000001,2.367837429046631
1616.1000000000001,2.3467400074005127
1616.2,2.3571064472198486
1616.3000000000002,2.357727289199829
1616.4,2.3514456748962402
1616.5,2.3390321731567383
1616.6000000000001,2.3413267135620117
1616.7,2.3474104404449463
1616.8000000000002,2.347839117050171
1616.9,2.3469045162200928
1617.0,2.3352746963500977
1617.1000000000001,2.3362865447998047
1617.2,2.3403890132904053
1617.3000000000002,2.332836389541626
1617.4,2.350756883621216
1617.5,2.3324472904205322
1617.6000000000001,2.3421266078948975
1617.7,2.3610260486602783
1617.8000000000002,2.3538362979888916
1617.9,2.3542697429656982
1618.0,2.354541540145874
1618.1000000000001,2.353060007095337
1618.2,2.3435966968536377
1618.3000000000002,2.3434505462646484
1618.4,2.344228982925415
1618.5,2.3409948348999023
1618.6000000000001,2.337191343307495
1618.7,2.3476901054382324
1618.8000000000002,2.348238468170166
1618.9,2.352372407913208
1619.0,2.3450794219970703
1619.1000000000001,2.345163583755493
1619.2,2.345278739929199
1619.3000000000002,2.3533825874328613
1619.4,2.3498997688293457
1619.5,2.3455469608306885
1619.6000000000001,2.3450286388397217
1619.7,2.3366520404815674
1619.8000000000002,2.3464481830596924
1619.9,2.3382866382598877
1620.0,2.3497769832611084
1620.1000000000001,2.3319523334503174
1620.2,2.338557243347168
1620.3000000000002,2.345423460006714
1620.4,2.334940195083618
1620.5,2.3512065410614014
1620.6000000000001,2.348533868789673
1620.7,2.358555316925049
1620.8000000000002,2.354341506958008
1620.9,2.348975896835327
1621.0,2.348090171813965
1621.1000000000001,2.3468680381774902
1621.2,2.3431591987609863
1621.3000000000002,2.3478312492370605
1621.4,2.340087890625
1621.5,2.3338382244110107
1621.6000000000001,2.3412892818450928
1621.7,2.336230754852295
1621.8000000000002,2.3443260192871094
1621.9,2.345618963241577
1622.0,2.3461759090423584
1622.1000000000001,2.341153144836426
1622.2,2.3528923988342285
1622.3000000000002,2.355132818222046
1622.4,2.3171985149383545
1622.5,2.3450913429260254
1622.6000000000001,2.3566081523895264
1622.7,2.341529607772827
1622.8000000000002,2.3533310890197754
1622.9,2.350442886352539
1623.0,2.3461389541625977
1623.1000000000001,2.316997766494751
1623.2,2.3436622619628906
1623.3000000000002,2.3453209400177
1623.4,2.331141710281372
1623.5,2.3390932083129883
1623.6000000000001,2.3280954360961914
1623.7,2.3468456268310547
1623.8000000000002,2.3499646186828613
1623.9,2.3444738388061523
1624.0,2.3421671390533447
1624.1000000000001,2.349736213684082
1624.2,2.3419530391693115
1624.3000000000002,2.3256187438964844
1624.4,2.3399012088775635
1624.5,2.335434913635254
1624.6000000000001,2.345221996307373
1624.7,2.334318161010742
1624.8000000000002,2.3352487087249756
1624.9,2.341376304626465
1625.0,2.3539845943450928
1625.1000000000001,2.3479394912719727
1625.2,2.341524124145508
1625.3000000000002,2.327861785888672
1625.4,2.345538377761841
1625.5,2.320666790008545
1625.6000000000001,2.341982364654541
1625.7,2.3404781818389893
1625.8000000000002,2.333786725997925
1625.9,2.339637517929077
1626.0,2.3400838375091553
1626.1000000000001,2.3390822410583496
1626.2,2.334834098815918
1626.3000000000002,2.3434457778930664
1626.4,2.3417506217956543
1626.5,2.3410184383392334
1626.6000000000001,2.3276562690734863
1626.7,2.3301351070404053
1626.8000000000002,2.3364439010620117
1626.9,2.3317484855651855
1627.0,2.3373188972473145
1627.1000000000001,2.337472915649414
1627.2,2.319563627243042
1627.3000000000002,2.341146230697632
1627.4,2.330725908279419
1627.5,2.331005096435547
1627.6000000000001,2.317533254623413
1627.7,2.344775438308716
1627.8000000000002,2.3229076862335205
1627.9,2.3212859630584717
1628.0,2.333526372909546
1628.1000000000001,2.324383497238159
1628.2,2.331810235977173
1628.3000000000002,2.3342983722686768
1628.4,2.336641311645508
1628.5,2.340725898742676
1628.6000000000001,2.3307433128356934
1628.7,2.331554412841797
1628.8000000000002,2.3349556922912598
1628.9,2.3322486877441406
1629.0,2.33345365524292
1629.1000000000001,2.31961989402771
1629.2,2.3323421478271484
1629.3000000000002,2.320291757583618
1629.4,2.340010643005371
1629.5,2.3239550590515137
1629.6000000000001,2.3412585258483887
1629.7,2.3342220783233643
1629.8000000000002,2.3349790573120117
1629.9,2.3313052654266357
1630.0,2.334141969680786
1630.1000000000001,2.3409860134124756
1630.2,2.3354127407073975
1630.3000000000002,2.3268394470214844
1630.4,2.317441940307617
1630.5,2.330617904663086
1630.6000000000001,2.333467960357666
1630.7,2.3309731483459473
1630.8000000000002,2.3165314197540283
1630.9,2.3221211433410645
1631.0,2.326444149017334
1631.1000000000001,2.3295955657958984
1631.2,2.333465576171875
1631.3000000000002,2.3391096591949463
1631.4,2.3275065422058105
1631.5,2.332235813140869
1631.6000000000001,2.3414971828460693
1631.7,2.319408655166626
1631.8000000000002,2.3376476764678955
1631.9,2.33917236328125
1632.0,2.3339037895202637
1632.1000000000001,2.3177478313446045
1632.2,2.3323090076446533
1632.3000000000002,2.3292460441589355
1632.4,2.3139095306396484
1632.5,2.331042766571045
1632.6000000000001,2.3243772983551025
1632.7,2.3306198120117188
1632.8000000000002,2.312614679336548
1632.9,2.3072967529296875
1633.0,2.31365966796875
1633.1000000000001,2.3232767581939697
1633.2,2.334388017654419
1633.3000000000002,2.3219501972198486
1633.4,2.3285930156707764
1633.5,2.319854736328125
1633.6000000000001,2.327547311782837
1633.7,2.3218729496002197
1633.8000000000002,2.328101396560669
1633.9,2.3221685886383057
1634.0,2.3155667781829834
1634.1000000000001,2.3266444206237793
1634.2,2.3216874599456787
1634.3000000000002,2.3188750743865967
1634.4,2.325483560562134
1634.5,2.325345277786255
1634.6000000000001,2.313056468963623
1634.7,2.3241565227508545
1634.8000000000002,2.330197811126709
1634.9,2.326918363571167
1635.0,2.329939365386963
1635.1000000000001,2.3092217445373535
1635.2,2.3047335147857666
1635.3000000000002,2.3094677925109863
1635.4,2.317314624786377
1635.5,2.3256566524505615
1635.6000000000001,2.313239336013794
1635.7,2.3322455883026123
1635.8000000000002,2.32450008392334
1635.9,2.336571216583252
1636.0,2.3249318599700928
1636.1000000000001,2.3254356384277344
1636.2,2.3252313137054443
1636.3000000000002,2.3253891468048096
1636.4,2.3237109184265137
1636.5,2.326206684112549
1636.6000000000001,2.326911449432373
1636.7,2.323716163635254
1636.8000000000002,2.322016716003418
1636.9,2.3049426078796387
1637.0,2.313352108001709
1637.1000000000001,2.3003315925598145
1637.2,2.3218178749084473
1637.3000000000002,2.3181161880493164
1637.4,2.3227734565734863
1637.5,2.3153035640716553
1637.6000000000001,2.313054084777832
1637.7,2.322209358215332
1637.8000000000002,2.3217411041259766
1637.9,2.325425624847412
1638.0,2.324934482574463
1638.1000000000001,2.3181581497192383
1638.2,2.3233225345611572
1638.3000000000002,2.3184101581573486
1638.4,2.3089284896850586
1638.5,2.310541868209839
1638.6000000000001,2.310415506362915
1638.7,2.313892126083374
1638.8000000000002,2.3085765838623047
1638.9,2.313627243041992
1639.0,2.3246145248413086
1639.1000000000001,2.297675609588623
1639.2,2.3288321495056152
1639.3000000000002,2.3169379234313965
1639.4,2.3194050788879395
1639.5,2.3152289390563965
1639.6000000000001,2.3211755752563477
1639.7,2.3209245204925537
1639.8000000000002,2.314466953277588
1639.9,2.3069229125976562
1640.0,2.3052523136138916
1640.1000000000001,2.3027870655059814
1640.2,2.3198916912078857
1640.3000000000002,2.3272039890289307
1640.4,2.3333096504211426
1640.5,2.320209503173828
1640.6000000000001,2.3082690238952637
1640.7,2.3249282836914062
1640.8000000000002,2.3275372982025146
1640.9,2.312699556350708
1641.0,2.3218963146209717
1641.1000000000001,2.3126978874206543
1641.2,2.2994487285614014
1641.3000000000002,2.3063154220581055
1641.4,2.3064284324645996
1641.5,2.31510329246521
1641.6000000000001,2.319469928741455
1641.7,2.3112857341766357
1641.8000000000002,2.3039937019348145
1641.9,2.3069934844970703
1642.0,2.3179168701171875
1642.1000000000001,2.310713052749634
1642.2,2.3171398639678955
1642.3000000000002,2.3169596195220947
1642.4,2.314115285873413
1642.5,2.30998158454895
1642.6000000000001,2.3102290630340576
1642.7,2.3004348278045654
1642.8000000000002,2.3154518604278564
1642.9,2.3211212158203125
1643.0,2.301697015762329
1643.1000000000001,2.301408529281616
1643.2,2.304872989654541
1643.3000000000002,2.311924457550049
1643.4,2.316959857940674
1643.5,2.3160533905029297
1643.6000000000001,2.3154239654541016
1643.7,2.3078579902648926
1643.8000000000002,2.3047614097595215
1643.9,2.3050589561462402
1644.0,2.3067946434020996
1644.1000000000001,2.3000564575195312
1644.2,2.3081471920013428
1644.3000000000002,2.3144874572753906
1644.4,2.305035352706909
1644.5,2.3126912117004395
1644.6000000000001,2.306147336959839
1644.7,2.2980566024780273
1644.8000000000002,2.3077681064605713
1644.9,2.3043065071105957
1645.0,2.314554214477539
1645.1000000000001,2.313150405883789
1645.2,2.311683177947998
1645.3000000000002,2.3122222423553467
1645.4,2.3132877349853516
1645.5,2.308706521987915
1645.6000000000001,2.313790798187256
1645.7,2.295107126235962
1645.8000000000002,2.298844337463379
1645.9,2.309875249862671
1646.0,2.29830265045166
1646.1000000000001,2.3046715259552
1646.2,2.313908815383911
1646.3000000000002,2.304595947265625
1646.4,2.2951669692993164
1646.5,2.305026054382324
1646.6000000000001,2.3112056255340576
1646.7,2.3072564601898193
1646.8000000000002,2.315122604370117
1646.9,2.3114030361175537
1647.0,2.2908856868743896
1647.1000000000001,2.3068747520446777
1647.2,2.310870409011841
1647.3000000000002,2.313828229904175
1647.4,2.3051838874816895
1647.5,2.2930400371551514
1647.6000000000001,2.2970657348632812
1647.7,2.314358949661255
1647.8000000000002,2.2948079109191895
1647.9,2.316772937774658
1648.0,2.3079617023468018
1648.1000000000001,2.301349401473999
1648.2,2.312213182449341
1648.3000000000002,2.3061463832855225
1648.4,2.3113174438476562
1648.5,2.3103561401367188
1648.6000000000001,2.301525354385376
1648.7,2.2897071838378906
1648.8000000000002,2.2986745834350586
1648.9,2.302354097366333
1649.0,2.2929396629333496
1649.1000000000001,2.310026168823242
1649.2,2.2960727214813232
1649.3000000000002,2.3117737770080566
1649.4,2.3022143840789795
1649.5,2.299461603164673
1649.6000000000001,2.303072690963745
1649.7,2.3134405612945557
1649.8000000000002,2.304668426513672
1649.9,2.304743766784668
1650.0,2.308432102203369
1650.1000000000001,2.3010611534118652
1650.2,2.3093550205230713
1650.3000000000002,2.2990729808807373
1650.4,2.2924551963806152
1650.5,2.313763380050659
1650.6000000000001,2.302243709564209
1650.7,2.293661594390869
1650.8000000000002,2.3015549182891846
1650.9,2.287409543991089
1651.0,2.301238775253296
1651.1000000000001,2.2964582443237305
1651.2,2.2979812622070312
1651.3000000000002,2.2976367473602295
1651.4,2.3035905361175537
1651.5,2.301729440689087
1651.6000000000001,2.29237961769104
1651.7,2.29372239112854
1651.8000000000002,2.298973321914673
1651.9,2.2945775985717773
1652.0,2.310681104660034
1652.1000000000001,2.2838335037231445
1652.2,2.3024497032165527
1652.3000000000002,2.2985856533050537
1652.4,2.2973709106445312
1652.5,2.3028624057769775
1652.6000000000001,2.3058369159698486
1652.7,2.3015191555023193
1652.8000000000002,2.2892777919769287
1652.9,2.2987074851989746
1653.0,2.302536725997925
1653.1000000000001,2.2958316802978516
1653.2,2.2873709201812744
1653.3000000000002,2.299670934677124
1653.4,2.305450201034546
1653.5,2.306541919708252
1653.6000000000001,2.2941291332244873
1653.7,2.2997257709503174
1653.8000000000002,2.291325092315674
1653.9,2.298764705657959
1654.0,2.2886414527893066
1654.1000000000001,2.2898101806640625
1654.2,2.287637710571289
1654.3000000000002,2.294620990753174
1654.4,2.295098066329956
1654.5,2.299283027648926
1654.6000000000001,2.2888247966766357
1654.7,2.281938314437866
1654.8000000000002,2.293602705001831
1654.9,2.2938365936279297
1655.0,2.2968504428863525
1655.1000000000001,2.2758443355560303
1655.2,2.2777538299560547
1655.3000000000002,2.2955219745635986
1655.4,2.305511951446533
1655.5,2.294055938720703
1655.6000000000001,2.2932937145233154
1655.7,2.2859816551208496
1655.8000000000002,2.2907192707061768
1655.9,2.2917826175689697
1656.0,2.28790020942688
1656.1000000000001,2.302528142929077
1656.2,2.291952133178711
1656.3000000000002,2.29510235786438
1656.4,2.275904893875122
1656.5,2.2887015342712402
1656.6000000000001,2.2897188663482666
1656.7,2.283961772918701
1656.8000000000002,2.283160924911499
1656.9,2.2776999473571777
1657.0,2.29339861869812
1657.1000000000001,2.286583185195923
1657.2,2.2894487380981445
1657.3000000000002,2.284620761871338
1657.4,2.2787225246429443
1657.5,2.280627965927124
1657.6000000000001,2.2907211780548096
1657.7,2.2779781818389893
1657.8000000000002,2.2942893505096436
1657.9,2.2892260551452637
1658.0,2.27944278717041
1658.1000000000001,2.279442548751831
1658.2,2.2869977951049805
1658.3000000000002,2.2934458255767822
1658.4,2.2812368869781494
1658.5,2.2808120250701904
1658.6000000000001,2.2917520999908447
1658.7,2.2908527851104736
1658.8000000000002,2.2901129722595215
1658.9,2.2731757164001465
1659.0,2.2865726947784424
1659.1000000000001,2.2839839458465576
1659.2,2.292501211166382
1659.3000000000002,2.285637140274048
1659.4,2.2762012481689453
1659.5,2.288510322570801
1659.6000000000001,2.2730324268341064
1659.7,2.2896299362182617
1659.8000000000002,2.2917532920837402
1659.9,2.2935867309570312
1660.0,2.2749271392822266
1660.1000000000001,2.2904374599456787
1660.2,2.2824978828430176
1660.3000000000002,2.2913548946380615
1660.4,2.279489755630493
1660.5,2.2821204662323
1660.6000000000001,2.2936506271362305
1660.7,2.2741928100585938
1660.8000000000002,2.2797772884368896
1660.9,2.3021280765533447
1661.0,2.2793469429016113
1661.1000000000001,2.274108409881592
1661.2,2.2849221229553223
1661.3000000000002,2.280980348587036
1661.4,2.2885549068450928
1661.5,2.284766674041748
1661.6000000000001,2.278440475463867
1661.7,2.2827067375183105
1661.8000000000002,2.28903865814209
1661.9,2.2730424404144287
1662.0,2.275270700454712
1662.1000000000001,2.2775256633758545
1662.2,2.284449338912964
1662.3000000000002,2.2882208824157715
1662.4,2.2817888259887695
1662.5,2.2724664211273193
1662.6000000000001,2.2833330631256104
1662.7,2.2743613719940186
1662.8000000000002,2.2741944789886475
1662.9,2.2623863220214844
1663.0,2.266878128051758
1663.1000000000001,2.2800040245056152
1663.2,2.281550168991089
1663.3000000000002,2.2820425033569336
1663.4,2.288794755935669
1663.5,2.2742013931274414
1663.6000000000001,2.272984027862549
1663.7,2.2723331451416016
1663.8000000000002,2.2792842388153076
1663.9,2.2693848609924316
1664.0,2.2789249420166016
1664.1000000000001,2.2748939990997314
1664.2,2.276055097579956
1664.3000000000002,2.2705962657928467
1664.4,2.2816293239593506
1664.5,2.2737536430358887
1664.6000000000001,2.2746238708496094
1664.7,2.251282215118408
1664.8000000000002,2.2716474533081055
1664.9,2.266336679458618
1665.0,2.2681283950805664
1665.1000000000001,2.292696237564087
1665.2,2.2648532390594482
1665.3000000000002,2.2775607109069824
1665.4,2.281519651412964
1665.5,2.2734134197235107
1665.6000000000001,2.2774252891540527
1665.7,2.252382278442383
1665.8000000000002,2.2805216312408447
1665.9,2.269810914993286
1666.0,2.279909372329712
1666.1000000000001,2.2738826274871826
1666.2,2.2743964195251465
1666.3000000000002,2.273974657058716
1666.4,2.263554811477661
1666.5,2.269665479660034
1666.6000000000001,2.2680773735046387
1666.7,2.270901679992676
1666.8000000000002,2.2693822383880615
1666.9,2.268911600112915
1667.0,2.2850170135498047
1667.1000000000001,2.28232479095459
1667.2,2.269292116165161
1667.3000000000002,2.2749526500701904
1667.4,2.2788047790527344
1667.5,2.272575855255127
1667.6000000000001,2.271106243133545
1667.7,2.288008689880371
1667.8000000000002,2.274566173553467
1667.9,2.2613980770111084
1668.0,2.2623894214630127
1668.1000000000001,2.2709317207336426
1668.2,2.2617712020874023
1668.3000000000002,2.2675588130950928
1668.4,2.2667176723480225
1668.5,2.2704851627349854
1668.6000000000001,2.268252372741699
1668.7,2.2673861980438232
1668.8000000000002,2.257993221282959
1668.9,2.276477813720703
1669.0,2.263838052749634
1669.1000000000001,2.2749392986297607
1669.2,2.288221597671509
1669.3000000000002,2.2721827030181885
1669.4,2.2640702724456787
1669.5,2.2656898498535156
1669.6000000000001,2.2709221839904785
1669.7,2.2675819396972656
1669.8000000000002,2.2649424076080322
1669.9,2.2655365467071533
1670.0,2.2680211067199707
1670.1000000000001,2.2724430561065674
1670.2,2.2562379837036133
1670.3000000000002,2.256052255630493
1670.4,2.2630226612091064
1670.5,2.264458656311035
1670.6000000000001,2.276116371154785
1670.7,2.2645206451416016
1670.8000000000002,2.2770931720733643
1670.9,2.2710444927215576
1671.0,2.269731044769287
1671.1000000000001,2.263485908508301
1671.2,2.265662908554077
1671.3000000000002,2.2672085762023926
1671.4,2.2673583030700684
1671.5,2.262028932571411
1671.6000000000001,2.2677977085113525
1671.7,2.2622618675231934
1671.8000000000002,2.2729859352111816
1671.9,2.2548766136169434
1672.0,2.2638816833496094
1672.1000000000001,2.2648212909698486
1672.2,2.272516965866089
1672.3000000000002,2.2611751556396484
1672.4,2.270005226135254
1672.5,2.260377883911133
1672.6000000000001,2.2588627338409424
1672.7,2.269946813583374
1672.8000000000002,2.271470785140991
1672.9,2.2527904510498047
1673.0,2.26741623878479
1673.1000000000001,2.2571957111358643
1673.2,2.2638347148895264
1673.3000000000002,2.2608091831207275
1673.4,2.264937162399292
1673.5,2.261866807937622
1673.6000000000001,2.27036452293396
1673.7,2.268087148666382
1673.8000000000002,2.2529797554016113
1673.9,2.2695276737213135
1674.0,2.259761333465576
1674.1000000000001,2.264341354370117
1674.2,2.2754416465759277
1674.3000000000002,2.2601048946380615
1674.4,2.2622005939483643
1674.5,2.246736764907837
1674.6000000000001,2.265423059463501
1674.7,2.247683048248291
1674.8000000000002,2.258291006088257
1674.9,2.262181043624878
1675.0,2.257714033126831
1675.1000000000001,2.2591445446014404
1675.2,2.2567687034606934
1675.3000000000002,2.2554218769073486
1675.4,2.26267147064209
1675.5,2.2548000812530518
1675.6000000000001,2.251946449279785
1675.7,2.2687127590179443
1675.8000000000002,2.268371343612671
1675.9,2.2424728870391846
1676.0,2.257418155670166
1676.1000000000001,2.258634328842163
1676.2,2.2589099407196045
1676.3000000000002,2.254155397415161
1676.4,2.252863883972168
1676.5,2.238194465637207
1676.6000000000001,2.258474588394165
1676.7,2.254932403564453
1676.8000000000002,2.2603025436401367
1676.9,2.2468061447143555
1677.0,2.247943639755249
1677.1000000000001,2.2648894786834717
1677.2,2.2529287338256836
1677.3000000000002,2.2467434406280518
1677.4,2.263232946395874
1677.5,2.2638227939605713
1677.6000000000001,2.2475099563598633
1677.7,2.261305332183838
1677.8000000000002,2.253756523132324
1677.9,2.249612331390381
1678.0,2.253213405609131
1678.1000000000001,2.261340856552124
1678.2,2.2573485374450684
1678.3000000000002,2.250535249710083
1678.4,2.254916191101074
1678.5,2.270021915435791
1678.6000000000001,2.2608556747436523
1678.7,2.2508325576782227
1678.8000000000002,2.2341551780700684
1678.9,2.2468855381011963
1679.0,2.248091697692871
1679.1000000000001,2.2416906356811523
1679.2,2.250302791595459
1679.3000000000002,2.240677833557129
1679.4,2.2324085235595703
1679.5,2.2580485343933105
1679.6000000000001,2.2460479736328125
1679.7,2.256916046142578
1679.8000000000002,2.2436323165893555
1679.9,2.2403860092163086
1680.0,2.245422601699829
1680.1000000000001,2.258864402770996
1680.2,2.2536916732788086
1680.3000000000002,2.2425153255462646
1680.4,2.2384724617004395
1680.5,2.247868537902832
1680.6000000000001,2.246289014816284
1680.7,2.2453606128692627
1680.8000000000002,2.253787040710449
1680.9,2.2648987770080566
1681.0,2.242689609527588
1681.1000000000001,2.249133825302124
1681.2,2.240689754486084
1681.3000000000002,2.2589080333709717
1681.4,2.2430579662323
1681.5,2.2495579719543457
1681.6000000000001,2.2448458671569824
1681.7,2.25283145904541
1681.8000000000002,2.2619690895080566
1681.9,2.2432308197021484
1682.0,2.248800754547119
1682.1000000000001,2.2553281784057617
1682.2,2.247382164001465
1682.3000000000002,2.2507667541503906
1682.4,2.2401866912841797
1682.5,2.2406318187713623
1682.6000000000001,2.2484045028686523
1682.7,2.2343966960906982
1682.8000000000002,2.2479898929595947
1682.9,2.252591371536255
1683.0,2.2451040744781494
1683.1000000000001,2.254502296447754
1683.2,2.246776580810547
1683.3000000000002,2.2380878925323486
1683.4,2.227933406829834
1683.5,2.25791597366333
1683.6000000000001,2.249931812286377
1683.7,2.232050895690918
1683.8000000000002,2.250566005706787
1683.9,2.2433180809020996
1684.0,2.2498860359191895
1684.1000000000001,2.251230239868164
1684.2,2.238802909851074
1684.3000000000002,2.240664482116699
1684.4,2.2554874420166016
1684.5,2.250321388244629
1684.6000000000001,2.2524428367614746
1684.7,2.2387449741363525
1684.8000000000002,2.2286407947540283
1684.9,2.2471742630004883
1685.0,2.242903709411621
1685.1000000000001,2.239827871322632
1685.2,2.236250400543213
1685.3000000000002,2.240241527557373
1685.4,2.227039337158203
1685.5,2.23830509185791
1685.6000000000001,2.240626811981201
1685.7,2.2409589290618896
1685.8000000000002,2.241258144378662
1685.9,2.244084119796753
1686.0,2.2388510704040527
1686.1000000000001,2.2447216510772705
1686.2,2.244358539581299
1686.3000000000002,2.2413597106933594
1686.4,2.2275009155273438
1686.5,2.243694305419922
1686.6000000000001,2.235949993133545
1686.7,2.2280468940734863
1686.8000000000002,2.2297000885009766
1686.9,2.231905221939087
1687.0,2.236370325088501
1687.1000000000001,2.2354297637939453
1687.2,2.2500126361846924
1687.3000000000002,2.2390010356903076
1687.4,2.244610071182251
1687.5,2.230480432510376
1687.6000000000001,2.2394790649414062
1687.7,2.2406005859375
1687.8000000000002,2.2393622398376465
1687.9,2.2338545322418213
1688.0,2.253558397293091
1688.1000000000001,2.2415215969085693
1688.2,2.241718053817749
1688.3000000000002,2.224846601486206
1688.4,2.238668203353882
1688.5,2.2370967864990234
1688.6000000000001,2.231703996658325
1688.7,2.236314058303833
1688.8000000000002,2.2360270023345947
1688.9,2.2309730052948
1689.0,2.230684995651245
1689.1000000000001,2.2394347190856934
1689.2,2.243342399597168
1689.3000000000002,2.2402560710906982
1689.4,2.2482476234436035
1689.5,2.2271721363067627
1689.6000000000001,2.21916127204895
1689.7,2.2426981925964355
1689.8000000000002,2.2296488285064697
1689.9,2.230836868286133
1690.0,2.2302615642547607
1690.1000000000001,2.226897716522217
1690.2,2.2169172763824463
1690.3000000000002,2.2431092262268066
1690.4,2.2451508045196533
1690.5,2.231680393218994
1690.6000000000001,2.2301197052001953
1690.7,2.234165906906128
1690.8000000000002,2.2372889518737793
1690.9,2.2296459674835205
1691.0,2.225519895553589
1691.1000000000001,2.2352075576782227
1691.2,2.228926420211792
1691.3000000000002,2.224576950073242
1691.4,2.213047504425049
1691.5,2.24027943611145
1691.6000000000001,2.230623483657837
1691.7,2.2211813926696777
1691.8000000000002,2.2153515815734863
1691.9,2.2253451347351074
1692.0,2.2192211151123047
1692.1000000000001,2.2224087715148926
1692.2,2.2280635833740234
1692.3000000000002,2.2333853244781494
1692.4,2.223019599914551
1692.5,2.2271580696105957
1692.6000000000001,2.233848810195923
1692.7,2.2308788299560547
1692.8000000000002,2.224090576171875
1692.9,2.2266407012939453
1693.0,2.231978178024292
1693.1000000000001,2.2348856925964355
1693.2,2.2399353981018066
1693.3000000000002,2.230633497238159
1693.4,2.2146265506744385
1693.5,2.225032091140747
1693.6000000000001,2.2271220684051514
1693.7,2.2354071140289307
1693.8000000000002,2.212538957595825
1693.9,2.226532459259033
1694.0,2.230867862701416
1694.1000000000001,2.2210628986358643
1694.2,2.227889060974121
1694.3000000000002,2.225867986679077
1694.4,2.2271406650543213
1694.5,2.224402666091919
1694.6000000000001,2.2272634506225586
1694.7,2.2228338718414307
1694.8000000000002,2.219729423522949
1694.9,2.231888771057129
1695.0,2.2193429470062256
1695.1000000000001,2.222402811050415
1695.2,2.220505952835083
1695.3000000000002,2.2254276275634766
1695.4,2.2182857990264893
1695.5,2.2082719802856445
1695.6000000000001,2.227689266204834
1695.7,2.215344190597534
1695.8000000000002,2.2231531143188477
1695.9,2.2236063480377197
1696.0,2.2197647094726562
1696.1000000000001,2.231279134750366
1696.2,2.2197484970092773
1696.3000000000002,2.228874683380127
1696.4,2.224724054336548
1696.5,2.2214856147766113
1696.6000000000001,2.2193140983581543
1696.7,2.218412399291992
1696.8000000000002,2.2306036949157715
1696.9,2.2110824584960938
1697.0,2.231429100036621
1697.1000000000001,2.2289633750915527
1697.2,2.207042932510376
1697.3000000000002,2.2182679176330566
1697.4,2.2162022590637207
1697.5,2.2200183868408203
1697.6000000000001,2.2169835567474365
1697.7,2.2251689434051514
1697.8000000000002,2.2201850414276123
1697.9,2.2091314792633057
1698.0,2.2042460441589355
1698.1000000000001,2.2159900665283203
1698.2,2.2189841270446777
1698.3000000000002,2.2159202098846436
1698.4,2.218479871749878
1698.5,2.209352731704712
1698.6000000000001,2.2202091217041016
1698.7,2.213665246963501
1698.8000000000002,2.208263397216797
1698.9,2.225985050201416
1699.0,2.226184368133545
1699.1000000000001,2.2177228927612305
1699.2,2.214264154434204
1699.3000000000002,2.2140941619873047
1699.4,2.2076356410980225
1699.5,2.2030320167541504
1699.6000000000001,2.218198537826538
1699.7,2.219658374786377
1699.8000000000002,2.2086079120635986
1699.9,2.226848840713501
1700.0,2.2069251537323
1700.1000000000001,2.218832015991211
1700.2,2.2152507305145264
1700.3000000000002,2.2187440395355225
1700.4,2.2123334407806396
1700.5,2.2139906883239746
1700.6000000000001,2.2206146717071533
1700.7,2.206360101699829
1700.8000000000002,2.217310905456543
1700.9,2.2104599475860596
1701.0,2.212082624435425
1701.1000000000001,2.2153286933898926
1701.2,2.2251956462860107
1701.3000000000002,2.209540367126465
1701.4,2.2189440727233887
1701.5,2.2106173038482666
1701.6000000000001,2.2141551971435547
1701.7,2.2036523818969727
1701.8000000000002,2.202284812927246
1701.9,2.2179067134857178
1702.0,2.222029447555542
1702.1000000000001,2.2135331630706787
1702.2,2.218522787094116
1702.3000000000002,2.2146005630493164
1702.4,2.2136290073394775
1702.5,2.208932399749756
1702.6000000000001,2.2153120040893555
1702.7,2.207838773727417
1702.8000000000002,2.2098777294158936
1702.9,2.2207329273223877
1703.0,2.217369556427002
1703.1000000000001,2.214184284210205
1703.2,2.2149832248687744
1703.3000000000002,2.20906138420105
1703.4,2.2064526081085205
1703.5,2.2080390453338623
1703.6000000000001,2.2010762691497803
1703.7,2.211529493331909
1703.8000000000002,2.210352659225464
1703.9,2.2028229236602783
1704.0,2.207110643386841
1704.1000000000001,2.202906608581543
1704.2,2.2107486724853516
1704.3000000000002,2.204188346862793
1704.4,2.2074196338653564
1704.5,2.2081589698791504
1704.6000000000001,2.2057127952575684
1704.7,2.2161736488342285
1704.8000000000002,2.1956045627593994
1704.9,2.2041661739349365
1705.0,2.20817232131958
1705.1000000000001,2.2134976387023926
1705.2,2.197944402694702
1705.3000000000002,2.2013840675354004
1705.4,2.199707269668579
1705.5,2.219984531402588
1705.6000000000001,2.1979408264160156
1705.7,2.206949234008789
1705.8000000000002,2.201880693435669
1705.9,2.2088050842285156
1706.0,2.201880693435669
1706.1000000000001,2.1906650066375732
1706.2,2.210961103439331
1706.3000000000002,2.2108819484710693
1706.4,2.187777042388916
1706.5,2.209207534790039
1706.6000000000001,2.2135708332061768
1706.7,2.2033743858337402
1706.8000000000002,2.207644462585449
1706.9,2.2020676136016846
1707.0,2.1994166374206543
1707.1000000000001,2.191218614578247
1707.2,2.2018024921417236
1707.3000000000002,2.2010936737060547
1707.4,2.204408884048462
1707.5,2.1926372051239014
1707.6000000000001,2.2151296138763428
1707.7,2.211465358734131
1707.8000000000002,2.2015602588653564
1707.9,2.2065377235412598
1708.0,2.2035934925079346
1708.1000000000001,2.206216335296631
1708.2,2.2011566162109375
1708.3000000000002,2.1949939727783203
1708.4,2.201932907104492
1708.5,2.1908676624298096
1708.6000000000001,2.198533535003662
1708.7,2.1961164474487305
1708.8000000000002,2.20021653175354
1708.9,2.1935994625091553
1709.0,2.200000286102295
1709.1000000000001,2.209418773651123
1709.2,2.2035861015319824
1709.3000000000002,2.2049715518951416
1709.4,2.2022876739501953
1709.5,2.199983596801758
1709.6000000000001,2.1916773319244385
1709.7,2.1882083415985107
1709.8000000000002,2.194786310195923
1709.9,2.19627046585083
1710.0,2.1846182346343994
1710.1000000000001,2.1898961067199707
1710.2,2.1808977127075195
1710.3000000000002,2.18066143989563
1710.4,2.199232339859009
1710.5,2.1982662677764893
1710.6000000000001,2.2067463397979736
1710.7,2.1843483448028564
1710.8000000000002,2.1951863765716553
1710.9,2.1942298412323
1711.0,2.170933246612549
1711.1000000000001,2.184577226638794
1711.2,2.199502944946289
1711.3000000000002,2.199108123779297
1711.4,2.1919174194335938
1711.5,2.1857831478118896
1711.6000000000001,2.20391583442688
1711.7,2.200782537460327
1711.8000000000002,2.191680431365967
1711.9,2.1822128295898438
1712.0,2.200652837753296
1712.1000000000001,2.1873977184295654
1712.2,2.191737413406372
1712.3000000000002,2.1971304416656494
1712.4,2.203784465789795
1712.5,2.201626777648926
1712.6000000000001,2.1845734119415283
1712.7,2.1880178451538086
1712.8000000000002,2.192624568939209
1712.9,2.1961379051208496
1713.0,2.1757450103759766
1713.1000000000001,2.18485164642334
1713.2,2.1799111366271973
1713.3000000000002,2.1919119358062744
1713.4,2.1831116676330566
1713.5,2.1901917457580566
1713.6000000000001,2.1978392601013184
1713.7,2.1924636363983154
1713.8000000000002,2.191495656967163
1713.9,2.1860320568084717
1714.0,2.187229871749878
1714.1000000000001,2.1905057430267334
1714.2,2.195314645767212
1714.3000000000002,2.186875581741333
1714.4,2.183969497680664
1714.5,2.1864774227142334
1714.6000000000001,2.1890313625335693
1714.7,2.1853346824645996
1714.8000000000002,2.1834516525268555
1714.9,2.178433895111084
1715.0,2.1735310554504395
1715.1000000000001,2.1787164211273193
1715.2,2.1953728199005127
1715.3000000000002,2.190556764602661
1715.4,2.1697494983673096
1715.5,2.196183919906616
1715.6000000000001,2.1821906566619873
1715.7,2.1746721267700195
1715.8000000000002,2.1817877292633057
1715.9,2.189877986907959
1716.0,2.1860477924346924
1716.1000000000001,2.19260573387146
1716.2,2.195223569869995
1716.3000000000002,2.1794168949127197
1716.4,2.184882402420044
1716.5,2.186612367630005
1716.6000000000001,2.191667079925537
1716.7,2.187623977661133
1716.8000000000002,2.186601400375366
1716.9,2.1769468784332275
1717.0,2.172724485397339
1717.1000000000001,2.187495231628418
1717.2,2.187343120574951
1717.3000000000002,2.174673080444336
1717.4,2.1952309608459473
1717.5,2.1847968101501465
1717.6000000000001,2.1880671977996826
1717.7,2.1830999851226807
1717.8000000000002,2.180152177810669
1717.9,2.1984009742736816
1718.0,2.164952516555786
1718.1000000000001,2.177525043487549
1718.2,2.1668663024902344
1718.3000000000002,2.1811683177948
1718.4,2.188810348510742
1718.5,2.1796936988830566
1718.6000000000001,2.177385091781616
1718.7,2.1798453330993652
1718.8000000000002,2.18395733833313
1718.9,2.176818370819092
1719.0,2.182525873184204
1719.1000000000001,2.176449775695801
1719.2,2.1893980503082275
1719.3000000000002,2.1827845573425293
1719.4,2.1797406673431396
1719.5,2.1870057582855225
1719.6000000000001,2.1803622245788574
1719.7,2.1839675903320312
1719.8000000000002,2.1826653480529785
1719.9,2.188606023788452
1720.0,2.1870291233062744
1720.1000000000001,2.1729769706726074
1720.2,2.1710379123687744
1720.3000000000002,2.1805856227874756
1720.4,2.1659302711486816
1720.5,2.1944985389709473
1720.6000000000001,2.1684675216674805
1720.7,2.18121600151062
1720.8000000000002,2.170902967453003
1720.9,2.155651092529297
1721.0,2.179375171661377
1721.1000000000001,2.1794273853302
1721.2,2.177340269088745
1721.3000000000002,2.1778366565704346
1721.4,2.167825222015381
1721.5,2.178842067718506
1721.6000000000001,2.1767477989196777
1721.7,2.179060935974121
1721.8000000000002,2.1741347312927246
1721.9,2.1724307537078857
1722.0,2.1727774143218994
1722.1000000000001,2.170991897583008
1722.2,2.1644372940063477
1722.3000000000002,2.1572208404541016
1722.4,2.1846959590911865
1722.5,2.1779837608337402
1722.6000000000001,2.180321216583252
1722.7,2.1662471294403076
1722.8000000000002,2.164245128631592
1722.9,2.1793923377990723
1723.0,2.1767642498016357
1723.1000000000001,2.1814820766448975
1723.2,2.1780834197998047
1723.3000000000002,2.17391037940979
1723.4,2.152456045150757
1723.5,2.1712262630462646
1723.6000000000001,2.172844886779785
1723.7,2.170835494995117
1723.8000000000002,2.1679255962371826
1723.9,2.1713926792144775
1724.0,2.169234275817871
1724.1000000000001,2.174746036529541
1724.2,2.168379783630371
1724.3000000000002,2.1791651248931885
1724.4,2.1709256172180176
1724.5,2.16933012008667
1724.6000000000001,2.172633409500122
1724.7,2.166074514389038
1724.8000000000002,2.1648411750793457
1724.9,2.172119379043579
1725.0,2.178457260131836
1725.1000000000001,2.170130491256714
1725.2,2.170161247253418
1725.3000000000002,2.1732170581817627
1725.4,2.1686933040618896
1725.5,2.1581363677978516
1725.6000000000001,2.1862735748291016
1725.7,2.168720006942749
1725.8000000000002,2.173881769180298
1725.9,2.1694037914276123
1726.0,2.1697611808776855
1726.1000000000001,2.167367935180664
1726.2,2.1718993186950684
1726.3000000000002,2.17318058013916
1726.4,2.1603457927703857
1726.5,2.1702818870544434
1726.6000000000001,2.164444923400879
1726.7,2.1717164516448975
1726.8000000000002,2.1659395694732666
1726.9,2.174440860748291
1727.0,2.1727397441864014
1727.1000000000001,2.174907684326172
1727.2,2.171304702758789
1727.3000000000002,2.1690995693206787
1727.4,2.171644449234009
1727.5,2.161557912826538
1727.6000000000001,2.162421941757202
1727.7,2.1594061851501465
1727.8000000000002,2.158984422683716
1727.9,2.1711785793304443
1728.0,2.174210548400879
1728.1000000000001,2.1699302196502686
1728.2,2.1686458587646484
1728.3000000000002,2.163646936416626
1728.4,2.1650002002716064
1728.5,2.166965961456299
1728.6000000000001,2.1440837383270264
1728.7,2.1668481826782227
1728.8000000000002,2.156266212463379
1728.9,2.1744344234466553
1729.0,2.1646621227264404
1729.1000000000001,2.17262864112854
1729.2,2.1686811447143555
1729.3000000000002,2.153826951980591
1729.4,2.1661620140075684
1729.5,2.1650917530059814
1729.6000000000001,2.1660807132720947
1729.7,2.1636838912963867
1729.8000000000002,2.162964344024658
1729.9,2.160581588745117
1730.0,2.1613354682922363
1730.1000000000001,2.151406764984131
1730.2,2.162269353866577
1730.3000000000002,2.1658668518066406
1730.4,2.16507887840271
1730.5,2.1582484245300293
1730.6000000000001,2.168595552444458
1730.7,2.1580443382263184
1730.8000000000002,2.1739561557769775
1730.9,2.165102481842041
1731.0,2.125878095626831
1731.1000000000001,2.1659371852874756
1731.2,2.1624038219451904
1731.3000000000002,2.158583879470825
1731.4,2.155266761779785
1731.5,2.1661856174468994
1731.6000000000001,2.1570677757263184
1731.7,2.159651279449463
1731.8000000000002,2.1542012691497803
1731.9,2.1556615829467773
1732.0,2.1488847732543945
1732.1000000000001,2.16094970703125
1732.2,2.1426098346710205
1732.3000000000002,2.154841423034668
1732.4,2.1631088256835938
1732.5,2.1583878993988037
1732.6000000000001,2.148399829864502
1732.7,2.1644248962402344
1732.8000000000002,2.159313440322876
1732.9,2.1538355350494385
1733.0,2.136809825897217
1733.1000000000001,2.166903018951416
1733.2,2.154139518737793
1733.3000000000002,2.163576126098633
1733.4,2.162675380706787
1733.5,2.1546244621276855
1733.6000000000001,2.1531620025634766
1733.7,2.1478259563446045
1733.8000000000002,2.1531822681427
1733.9,2.149437189102173
1734.0,2.137606382369995
1734.1000000000001,2.1543025970458984
1734.2,2.1549832820892334
1734.3000000000002,2.145993947982788
1734.4,2.1504836082458496
1734.5,2.1511847972869873
1734.6000000000001,2.152769088745117
1734.7,2.1503074169158936
1734.8000000000002,2.1581175327301025
1734.9,2.1419661045074463
1735.0,2.151362895965576
1735.1000000000001,2.1518378257751465
1735.2,2.160114049911499
1735.3000000000002,2.1470446586608887
1735.4,2.1559433937072754
1735.5,2.1516191959381104
1735.6000000000001,2.164077043533325
1735.7,2.1382830142974854
1735.8000000000002,2.1591622829437256
1735.9,2.161447525024414
1736.0,2.138453722000122
1736.1000000000001,2.142455577850342
1736.2,2.1316916942596436
1736.3000000000002,2.157409191131592
1736.4,2.1390678882598877
1736.5,2.1451499462127686
1736.6000000000001,2.1412978172302246
1736.7,2.1420516967773438
1736.8000000000002,2.1573195457458496
1736.9,2.1604738235473633
1737.0,2.1541237831115723
1737.1000000000001,2.1381261348724365
1737.2,2.1536972522735596
1737.3000000000002,2.147777557373047
1737.4,2.159675359725952
1737.5,2.159990072250366
1737.6000000000001,2.1504430770874023
1737.7,2.1404945850372314
1737.8000000000002,2.1452958583831787
1737.9,2.1489949226379395
1738.0,2.143843173980713
1738.1000000000001,2.1561598777770996
1738.2,2.1276471614837646
1738.3000000000002,2.1529388427734375
1738.4,2.1503636837005615
1738.5,2.1547701358795166
1738.6000000000001,2.1462113857269287
1738.7,2.1506667137145996
1738.8000000000002,2.1450374126434326
1738.9,2.149012327194214
1739.0,2.1365649700164795
1739.1000000000001,2.140080213546753
1739.2,2.1501567363739014
1739.3000000000002,2.14644718170166
1739.4,2.1391537189483643
1739.5,2.1507928371429443
1739.6000000000001,2.143540620803833
1739.7,2.1494827270507812
1739.8000000000002,2.137727737426758
1739.9,2.140001058578491
1740.0,2.1541266441345215
1740.1000000000001,2.1297805309295654
1740.2,2.144007682800293
1740.3000000000002,2.1432087421417236
1740.4,2.136911392211914
1740.5,2.131411075592041
1740.6000000000001,2.1472597122192383
1740.7,2.1321399211883545
1740.8000000000002,2.161254644393921
1740.9,2.144939422607422
1741.0,2.1419827938079834
1741.1000000000001,2.1313018798828125
1741.2,2.141706705093384
1741.3000000000002,2.148085355758667
1741.4,2.1409575939178467
1741.5,2.148257255554199
1741.6000000000001,2.134171485900879
1741.7,2.1482741832733154
1741.8000000000002,2.138777017593384
1741.9,2.1326003074645996
1742.0,2.1409177780151367
1742.1000000000001,2.1506500244140625
1742.2,2.1425905227661133
1742.3000000000002,2.135735511779785
1742.4,2.147043466567993
1742.5,2.1395554542541504
1742.6000000000001,2.1371243000030518
1742.7,2.1414952278137207
1742.8000000000002,2.12768816947937
1742.9,2.1388580799102783
1743.0,2.1427197456359863
1743.1000000000001,2.1378602981567383
1743.2,2.1348917484283447
1743.3000000000002,2.153251886367798
1743.4,2.1179299354553223
1743.5,2.1362297534942627
1743.6000000000001,2.135479211807251
1743.7,2.1437723636627197
1743.8000000000002,2.1373536586761475
1743.9,2.135537624359131
1744.0,2.14239239692688
1744.1000000000001,2.1475870609283447
1744.2,2.13665509223938
1744.3000000000002,2.1359944343566895
1744.4,2.1161980628967285
1744.5,2.141620397567749
1744.6000000000001,2.1359548568725586
1744.7,2.126051425933838
1744.8000000000002,2.132765531539917
1744.9,2.13120698928833
1745.0,2.1156463623046875
1745.1000000000001,2.1399364471435547
1745.2,2.1413259506225586
1745.3000000000002,2.1308345794677734
1745.4,2.126732110977173
1745.5,2.141000270843506
1745.6000000000001,2.135648488998413
1745.7,2.136687755584717
1745.8000000000002,2.1334598064422607
1745.9,2.1402246952056885
1746.0,2.142646074295044
1746.1000000000001,2.134746551513672
1746.2,2.1333465576171875
1746.3000000000002,2.129685401916504
1746.4,2.1211578845977783
1746.5,2.1365411281585693
1746.6000000000001,2.1376802921295166
1746.7,2.1414794921875
1746.8000000000002,2.138549566268921
1746.9,2.1349925994873047
1747.0,2.1201088428497314
1747.1000000000001,2.131951093673706
1747.2,2.1307272911071777
1747.3000000000002,2.1347527503967285
1747.4,2.111804723739624
1747.5,2.1254751682281494
1747.6000000000001,2.120326042175293
1747.7,2.1313791275024414
1747.8000000000002,2.129887342453003
1747.9,2.1178808212280273
1748.0,2.126783847808838
1748.1000000000001,2.1350231170654297
1748.2,2.126649856567383
1748.3000000000002,2.1355299949645996
1748.4,2.1323912143707275
1748.5,2.134458303451538
1748.6000000000001,2.131335735321045
1748.7,2.1305508613586426
1748.8000000000002,2.124767541885376
1748.9,2.131190061569214
1749.0,2.1119232177734375
1749.1000000000001,2.1280064582824707
1749.2,2.1309876441955566
1749.3000000000002,2.126779556274414
1749.4,2.117225170135498
1749.5,2.1252007484436035
1749.6000000000001,2.1124000549316406
1749.7,2.1133313179016113
1749.8000000000002,2.124978542327881
1749.9,2.136753559112549
1750.0,2.111286163330078
1750.1000000000001,2.1347665786743164
1750.2,2.131258726119995
1750.3000000000002,2.131186008453369
1750.4,2.128070592880249
1750.5,2.128514051437378
1750.6000000000001,2.1341021060943604
1750.7,2.1331396102905273
1750.8000000000002,2.1272401809692383
1750.9,2.1381826400756836
1751.0,2.1211509704589844
1751.1000000000001,2.137643575668335
1751.2,2.1178765296936035
1751.3000000000002,2.122648000717163
1751.4,2.133370876312256
1751.5,2.121107339859009
1751.6000000000001,2.130967140197754
1751.7,2.128197193145752
1751.8000000000002,2.121342658996582
1751.9,2.132375717163086
1752.0,2.12715744972229
1752.1000000000001,2.12214994430542
1752.2,2.1243855953216553
1752.3000000000002,2.1170196533203125
1752.4,2.134782314300537
1752.5,2.1164708137512207
1752.6000000000001,2.1277637481689453
1752.7,2.1216275691986084
1752.8000000000002,2.125697135925293
1752.9,2.1001508235931396
1753.0,2.119544267654419
1753.1000000000001,2.117849111557007
1753.2,2.12817645072937
1753.3000000000002,2.1228530406951904
1753.4,2.121757984161377
1753.5,2.1131463050842285
1753.6000000000001,2.1195361614227295
1753.7,2.125626564025879
1753.8000000000002,2.1098926067352295
1753.9,2.1131956577301025
1754.0,2.112473487854004
1754.1000000000001,2.117202043533325
1754.2,2.1202096939086914
1754.3000000000002,2.1112477779388428
1754.4,2.119182825088501
1754.5,2.1286025047302246
1754.6000000000001,2.124368667602539
1754.7,2.125669240951538
1754.8000000000002,2.1160573959350586
1754.9,2.115405559539795
1755.0,2.099963426589966
1755.1000000000001,2.1030800342559814
1755.2,2.1136715412139893
1755.3000000000002,2.111609697341919
1755.4,2.1191248893737793
1755.5,2.1030189990997314
1755.6000000000001,2.1163980960845947
1755.7,2.1077873706817627
1755.8000000000002,2.118910312652588
1755.9,2.1159684658050537
1756.0,2.123020887374878
1756.1000000000001,2.1198506355285645
1756.2,2.1120057106018066
1756.3000000000002,2.124215841293335
1756.4,2.1161391735076904
1756.5,2.1184003353118896
1756.6000000000001,2.114119529724121
1756.7,2.1132967472076416
1756.8000000000002,2.1085093021392822
1756.9,2.107212781906128
1757.0,2.114619016647339
1757.1000000000001,2.125326633453369
1757.2,2.114820957183838
1757.3000000000002,2.1135754585266113
1757.4,2.1167244911193848
1757.5,2.119513750076294
1757.6000000000001,2.104120969772339
1757.7,2.1215829849243164
1757.8000000000002,2.104921579360962
1757.9,2.1118550300598145
1758.0,2.101933479309082
1758.1000000000001,2.097501277923584
1758.2,2.1138460636138916
1758.3000000000002,2.1098084449768066
1758.4,2.109368324279785
1758.5,2.1167995929718018
1758.6000000000001,2.1167666912078857
1758.7,2.1144938468933105
1758.8000000000002,2.120522975921631
1758.9,2.111949920654297
1759.0,2.110471487045288
1759.1000000000001,2.1033947467803955
1759.2,2.099947690963745
1759.3000000000002,2.1112425327301025
1759.4,2.103898286819458
1759.5,2.1143219470977783
1759.6000000000001,2.114382028579712
1759.7,2.110333204269409
1759.8000000000002,2.1038930416107178
1759.9,2.1167335510253906
1760.0,2.1197855472564697
1760.1000000000001,2.105450391769409
1760.2,2.1029796600341797
1760.3000000000002,2.1058402061462402
1760.4,2.109696626663208
1760.5,2.1047587394714355
1760.6000000000001,2.104400873184204
1760.7,2.1112284660339355
1760.8000000000002,2.1136152744293213
1760.9,2.1199073791503906
1761.0,2.096997022628784
1761.1000000000001,2.109342098236084
1761.2,2.1189351081848145
1761.3000000000002,2.1041693687438965
1761.4,2.1070847511291504
1761.5,2.1006646156311035
1761.6000000000001,2.107294797897339
1761.7,2.1117196083068848
1761.8000000000002,2.114150047302246
1761.9,2.1030771732330322
1762.0,2.103381395339966
1762.1000000000001,2.099325180053711
1762.2,2.1103193759918213
1762.3000000000002,2.1099774837493896
1762.4,2.1109111309051514
1762.5,2.102579116821289
1762.6000000000001,2.1001548767089844
1762.7,2.0995750427246094
1762.8000000000002,2.091068744659424
1762.9,2.0957651138305664
1763.0,2.091919183731079
1763.1000000000001,2.1103038787841797
1763.2,2.111666440963745
1763.3000000000002,2.105341672897339
1763.4,2.1082019805908203
1763.5,2.092146158218384
1763.6000000000001,2.109955072402954
1763.7,2.094294786453247
1763.8000000000002,2.108107328414917
1763.9,2.1023712158203125
1764.0,2.101388692855835
1764.1000000000001,2.087642192840576
1764.2,2.108880043029785
1764.3000000000002,2.1064679622650146
1764.4,2.099876642227173
1764.5,2.106663227081299
1764.6000000000001,2.1028220653533936
1764.7,2.091517448425293
1764.8000000000002,2.098052740097046
1764.9,2.0954513549804688
1765.0,2.0961709022521973
1765.1000000000001,2.0866003036499023
1765.2,2.0895206928253174
1765.3000000000002,2.108147144317627
1765.4,2.093888521194458
1765.5,2.094510793685913
1765.6000000000001,2.1127617359161377
1765.7,2.0965054035186768
1765.8000000000002,2.091386318206787
1765.9,2.0989463329315186
1766.0,2.092040777206421
1766.1000000000001,2.0947794914245605
1766.2,2.1009271144866943
1766.3000000000002,2.0969200134277344
1766.4,2.09076189994812
1766.5,2.096552848815918
1766.6000000000001,2.1045360565185547
1766.7,2.104382276535034
1766.8000000000002,2.0860555171966553
1766.9,2.0770087242126465
1767.0,2.0980677604675293
1767.1000000000001,2.0981550216674805
1767.2,2.1017322540283203
1767.3000000000002,2.0924715995788574
1767.4,2.0865750312805176
1767.5,2.10205340385437
1767.6000000000001,2.0898470878601074
1767.7,2.082355260848999
1767.8000000000002,2.1000332832336426
1767.9,2.095205545425415
1768.0,2.0984840393066406
1768.1000000000001,2.0948753356933594
1768.2,2.0959651470184326
1768.3000000000002,2.0932817459106445
1768.4,2.091841220855713
1768.5,2.097038984298706
1768.6000000000001,2.0982859134674072
1768.7,2.0974419116973877
1768.8000000000002,2.100497007369995
1768.9,2.0819268226623535
1769.0,2.0998010635375977
1769.1000000000001,2.093043804168701
1769.2,2.0955862998962402
1769.3000000000002,2.076864719390869
1769.4,2.0831284523010254
1769.5,2.0819482803344727
1769.6000000000001,2.1015000343322754
1769.7,2.097637414932251
1769.8000000000002,2.0981478691101074
1769.9,2.105968713760376
1770.0,2.103466272354126
1770.1000000000001,2.090952157974243
1770.2,2.0977540016174316
1770.3000000000002,2.0930423736572266
1770.4,2.085928440093994
1770.5,2.081275463104248
1770.6000000000001,2.0922794342041016
1770.7,2.0833775997161865
1770.8000000000002,2.0843076705932617
1770.9,2.0897927284240723
1771.0,2.0761337280273438
1771.1000000000001,2.0944442749023438
1771.2,2.0787551403045654
1771.3000000000002,2.0805580615997314
1771.4,2.0839643478393555
1771.5,2.086348533630371
1771.6000000000001,2.0948331356048584
1771.7,2.079526424407959
1771.8000000000002,2.092313051223755
1771.9,2.093078851699829
1772.0,2.0799083709716797
1772.1000000000001,2.0813004970550537
1772.2,2.0851683616638184
1772.3000000000002,2.0843498706817627
1772.4,2.0882060527801514
1772.5,2.0909616947174072
1772.6000000000001,2.0775146484375
1772.7,2.0895421504974365
1772.8000000000002,2.0789530277252197
1772.9,2.0832338333129883
1773.0,2.078455686569214
1773.1000000000001,2.094891309738159
1773.2,2.089934825897217
1773.3000000000002,2.0660407543182373
1773.4,2.089372396469116
1773.5,2.0934720039367676
1773.6000000000001,2.093179702758789
1773.7,2.078052520751953
1773.8000000000002,2.087636947631836
1774.1000000000001,2.080528736114502
1774.1000000000001,2.0819787979125977
1774.1000000000001,2.087569236755371
1774.2,2.092587947845459
1774.3000000000002,2.074948787689209
1774.4,2.0973217487335205
1774.5,2.0803000926971436
1774.6000000000001,2.065155267715454
1774.7,2.090184211730957
1774.8000000000002,2.085494041442871
1774.9,2.076460838317871
1775.0,2.076913356781006
1775.1000000000001,2.0708696842193604
1775.2,2.0792343616485596
1775.3000000000002,2.0853867530822754
1775.4,2.0887157917022705
1775.5,2.0865895748138428
1775.6000000000001,2.0766897201538086
1775.7,2.0693740844726562
1775.8000000000002,2.0883805751800537
1775.9,2.076371908187866
1776.0,2.0801234245300293
1776.1000000000001,2.08048677444458
1776.2,2.0832176208496094
1776.3000000000002,2.0824081897735596
1776.4,2.0741982460021973
1776.5,2.062917470932007
1776.6000000000001,2.0770766735076904
1776.7,2.076885461807251
1776.8000000000002,2.0914580821990967
1776.9,2.0789954662323
1777.0,2.0859534740448
1777.1000000000001,2.073212146759033
1777.2,2.093750238418579
1777.3000000000002,2.085899829864502
1777.4,2.0783803462982178
1777.5,2.0693938732147217
1777.6000000000001,2.082303524017334
1777.7,2.089062452316284
1777.8000000000002,2.0780789852142334
1777.9,2.076308250427246
1778.0,2.0721170902252197
1778.1000000000001,2.0807626247406006
1778.2,2.0856289863586426
1778.3000000000002,2.085310220718384
1778.4,2.080446720123291
1778.5,2.073867082595825
1778.6000000000001,2.076592206954956
1778.7,2.078383445739746
1778.8000000000002,2.077461004257202
1778.9,2.0712034702301025
1779.0,2.0853123664855957
1779.1000000000001,2.0774168968200684
1779.2,2.0723929405212402
1779.3000000000002,2.0828816890716553
1779.4,2.0707273483276367
1779.5,2.071321725845337
1779.6000000000001,2.0572357177734375
1779.7,2.081847906112671
1779.8000000000002,2.085698127746582
1779.9,2.071640729904175
1780.0,2.0756337642669678
1780.1000000000001,2.073056936264038
1780.2,2.0755553245544434
1780.3000000000002,2.072465419769287
1780.4,2.0807464122772217
1780.5,2.082629919052124
1780.6000000000001,2.0821640491485596
1780.7,2.0762083530426025
1780.8000000000002,2.0784683227539062
1780.9,2.060427665710449
1781.0,2.072218656539917
1781.1000000000001,2.0774734020233154
1781.2,2.082509994506836
1781.3000000000002,2.0647366046905518
1781.4,2.0696675777435303
1781.5,2.068223714828491
1781.6000000000001,2.070359230041504
1781.7,2.0699093341827393
1781.8000000000002,2.069779872894287
1781.9,2.071958303451538
1782.0,2.057541608810425
1782.1000000000001,2.0653295516967773
1782.2,2.076960325241089
1782.3000000000002,2.068591833114624
1782.4,2.061976194381714
1782.5,2.0718307495117188
1782.6000000000001,2.0633394718170166
1782.7,2.0704736709594727
1782.8000000000002,2.0625882148742676
1782.9,2.085043430328369
1783.0,2.089751958847046
1783.1000000000001,2.0748238563537598
1783.2,2.0717835426330566
1783.3000000000002,2.0671167373657227
1783.4,2.073989152908325
1783.5,2.055990219116211
1783.6000000000001,2.0751707553863525
1783.7,2.064317226409912
1783.8000000000002,2.0657341480255127
1783.9,2.071707248687744
1784.0,2.063100814819336
1784.1000000000001,2.061413288116455
1784.2,2.074469804763794
1784.3000000000002,2.0661263465881348
1784.4,2.067833423614502
1784.5,2.0662872791290283
1784.6000000000001,2.077085494995117
1784.7,2.068148612976074
1784.8000000000002,2.068399429321289
1784.9,2.0709738731384277
1785.0,2.06925892829895
1785.1000000000001,2.059007406234741
1785.2,2.071521043777466
1785.3000000000002,2.067596912384033
1785.4,2.069812297821045
1785.5,2.072746753692627
1785.6000000000001,2.067819118499756
1785.7,2.0703682899475098
1785.8000000000002,2.0539088249206543
1785.9,2.065246105194092
1786.0,2.0691399574279785
1786.1000000000001,2.0520403385162354
1786.2,2.0640299320220947
1786.3000000000002,2.069739580154419
1786.4,2.0680153369903564
1786.5,2.0531198978424072
1786.6000000000001,2.0674054622650146
1786.7,2.0691142082214355
1786.8000000000002,2.066598892211914
1786.9,2.0558485984802246
1787.0,2.062811851501465
1787.1000000000001,2.0544955730438232
1787.2,2.054208993911743
1787.3000000000002,2.0641374588012695
1787.4,2.0642242431640625
1787.5,2.0656306743621826
1787.6000000000001,2.06125545501709
1787.7,2.0674538612365723
1787.8000000000002,2.0675134658813477
1787.9,2.0656814575195312
1788.0,2.0491786003112793
1788.1000000000001,2.0595576763153076
1788.2,2.0606508255004883
1788.3000000000002,2.065547227859497
1788.4,2.0634653568267822
1788.5,2.0718672275543213
1788.6000000000001,2.0631566047668457
1788.7,2.069243907928467
1788.8000000000002,2.0664334297180176
1788.9,2.063951015472412
1789.0,2.0720417499542236
1789.1000000000001,2.057185173034668
1789.2,2.0538337230682373
1789.3000000000002,2.058959484100342
1789.4,2.0593957901000977
1789.5,2.0744001865386963
1789.6000000000001,2.0517022609710693
1789.7,2.0642025470733643
1789.8000000000002,2.0576813220977783
1789.9,2.070261240005493
1790.0,2.0477001667022705
1790.1000000000001,2.0673980712890625
1790.2,2.056656837463379
1790.3000000000002,2.0553464889526367
1790.4,2.048783779144287
1790.5,2.0682289600372314
1790.6000000000001,2.0480551719665527
1790.7,2.055582284927368
1790.8000000000002,2.0675289630889893
1790.9,2.0563015937805176
1791.0,2.0525920391082764
1791.1000000000001,2.0539724826812744
1791.2,2.0646588802337646
1791.3000000000002,2.053457260131836
1791.4,2.0579757690429688
1791.5,2.0614142417907715
1791.6000000000001,2.048391580581665
1791.7,2.044299364089966
1791.8000000000002,2.054487466812134
1791.9,2.053187608718872
1792.0,2.0547637939453125
1792.1000000000001,2.0548596382141113
1792.2,2.0534656047821045
1792.3000000000002,2.050960063934326
1792.4,2.046170234680176
1792.5,2.0379273891448975
1792.6000000000001,2.0481889247894287
1792.7,2.0460095405578613
1792.8000000000002,2.062267541885376
1792.9,2.062953233718872
1793.0,2.0517632961273193
1793.1000000000001,2.0553972721099854
1793.2,2.0559351444244385
1793.3000000000002,2.047063112258911
1793.4,2.0490562915802
1793.5,2.0445592403411865
1793.6000000000001,2.0501277446746826
1793.7,2.0458133220672607
1793.8000000000002,2.0673329830169678
1793.9,2.0551304817199707
1794.0,2.048290967941284
1794.1000000000001,2.05623459815979
1794.2,2.04443359375
1794.3000000000002,2.0388569831848145
1794.4,2.041898250579834
1794.5,2.04599928855896
1794.6000000000001,2.049154758453369
1794.7,2.0523018836975098
1794.8000000000002,2.0596179962158203
1794.9,2.0421063899993896
1795.0,2.051771402359009
1795.1000000000001,2.0394668579101562
1795.2,2.053241014480591
1795.3000000000002,2.0492496490478516
1795.4,2.0393476486206055
1795.5,2.043713331222534
1795.6000000000001,2.0580596923828125
1795.7,2.0458943843841553
1795.8000000000002,2.058631658554077
1795.9,2.053398370742798
1796.0,2.049917697906494
1796.1000000000001,2.038698434829712
1796.2,2.047947645187378
1796.3000000000002,2.050299882888794
1796.4,2.0509414672851562
1796.5,2.0479609966278076
1796.6000000000001,2.0598998069763184
1796.7,2.0528132915496826
1796.8000000000002,2.052351474761963
1796.9,2.050802230834961
1797.0,2.0434365272521973
1797.1000000000001,2.0400354862213135
1797.2,2.0477025508880615
1797.3000000000002,2.053349733352661
1797.4,2.048949956893921
1797.5,2.0462708473205566
1797.6000000000001,2.055154800415039
1797.7,2.0382535457611084
1797.8000000000002,2.0438883304595947
1797.9,2.0487124919891357
1798.0,2.052353858947754
1798.1000000000001,2.0504963397979736
1798.2,2.0492448806762695
1798.3000000000002,2.0561602115631104
1798.4,2.040266275405884
1798.5,2.0424277782440186
1798.6000000000001,2.0508670806884766
1798.7,2.0491139888763428
1798.8000000000002,2.053769826889038
1798.9,2.0530452728271484
1799.0,2.0470571517944336
1799.1000000000001,2.0411221981048584
1799.2,2.0431106090545654
1799.3000000000002,2.038240909576416
1799.4,2.045044183731079
1799.5,2.042872667312622
1799.6000000000001,2.0447044372558594
1799.7,2.0344595909118652
1799.8000000000002,2.0521302223205566
1799.9,2.0510354042053223
1800.0,2.0445408821105957
1800.1000000000001,2.037174701690674
1800.2,2.0475704669952393
1800.3000000000002,2.0313169956207275
1800.4,2.044426679611206
1800.5,2.03928279876709
1800.6000000000001,2.0481388568878174
1800.7,2.0544838905334473
1800.8000000000002,2.0477218627929688
1800.9,2.053490161895752
1801.0,2.041914224624634
1801.1000000000001,2.049424409866333
1801.2,2.0445916652679443
1801.3000000000002,2.052255868911743
1801.4,2.032447576522827
1801.5,2.043212890625
1801.6000000000001,2.0539727210998535
1801.7,2.0407447814941406
1801.8000000000002,2.037980556488037
1801.9,2.046220064163208
1802.0,2.04447078704834
1802.1000000000001,2.0465683937072754
1802.2,2.0416321754455566
1802.3000000000002,2.029876947402954
1802.4,2.044145345687866
1802.5,2.0463459491729736
1802.6000000000001,2.0456748008728027
1802.7,2.0356154441833496
1802.8000000000002,2.039628505706787
1802.9,2.036105155944824
1803.0,2.0416176319122314
1803.1000000000001,2.0490920543670654
1803.2,2.0390706062316895
1803.3000000000002,2.036602258682251
1803.4,2.036597728729248
1803.5,2.0309653282165527
1803.6000000000001,2.04134464263916
1803.7,2.0374786853790283
1803.8000000000002,2.035501003265381
1803.9,2.029228448867798
1804.0,2.036857843399048
1804.1000000000001,2.0369906425476074
1804.2,2.0320522785186768
1804.3000000000002,2.0095674991607666
1804.4,2.0518016815185547
1804.5,2.0224602222442627
1804.6000000000001,2.02937650680542
1804.7,2.029538869857788
1804.8000000000002,2.0314345359802246
1804.9,2.0215048789978027
1805.0,2.031479835510254
1805.1000000000001,2.027902841567993
1805.2,2.0433757305145264
1805.3000000000002,2.034637212753296
1805.4,2.0388879776000977
1805.5,2.0433974266052246
1805.6000000000001,2.0487935543060303
1805.7,2.034181833267212
1805.8000000000002,2.0427868366241455
1805.9,2.039673089981079
1806.0,2.0243475437164307
1806.1000000000001,2.0291452407836914
1806.2,2.042509078979492
1806.3000000000002,2.030008554458618
1806.4,2.0249345302581787
1806.5,2.045987367630005
1806.6000000000001,2.035928249359131
1806.7,2.0286033153533936
1806.8000000000002,2.0278480052948
1806.9,2.051513433456421
1807.0,2.0347368717193604
1807.1000000000001,2.0437400341033936
1807.2,2.027724027633667
1807.3000000000002,2.038119316101074
1807.4,2.0362470149993896
1807.5,2.032585859298706
1807.6000000000001,2.0168964862823486
1807.7,2.0404956340789795
1807.8000000000002,2.035372018814087
1807.9,2.037787437438965
1808.0,2.0254433155059814
1808.1000000000001,2.0338528156280518
1808.2,2.041311740875244
1808.3000000000002,2.0215389728546143
1808.4,2.0368709564208984
1808.5,2.0311946868896484
1808.6000000000001,2.0303151607513428
1808.7,2.0309879779815674
1808.8000000000002,2.0292420387268066
1808.9,2.0340096950531006
1809.0,2.04229474067688
1809.1000000000001,2.0244646072387695
1809.2,2.030799150466919
1809.3000000000002,2.0401954650878906
1809.4,2.015589714050293
1809.5,2.021301031112671
1809.6000000000001,2.0157077312469482
1809.7,2.016047954559326
1809.8000000000002,2.0383760929107666
1809.9,2.037804365158081
1810.0,2.036858081817627
1810.1000000000001,2.033365249633789
1810.2,2.0312325954437256
1810.3000000000002,2.0362439155578613
1810.4,2.0371713638305664
1810.5,2.0284276008605957
1810.6000000000001,2.0299909114837646
1810.7,2.0394439697265625
1810.8000000000002,2.0439019203186035
1810.9,2.0258138179779053
1811.0,2.0340521335601807
1811.1000000000001,2.021113395690918
1811.2,2.03017258644104
1811.3000000000002,2.028628349304199
1811.4,2.027982711791992
1811.5,2.02793288230896
1811.6000000000001,2.0177316665649414
1811.7,2.034916639328003
1811.8000000000002,2.022524833679199
1811.9,2.0169219970703125
1812.0,2.0323667526245117
1812.1000000000001,2.0327579975128174
1812.2,2.0170738697052
1812.3000000000002,2.0251219272613525
1812.4,2.025430917739868
1812.5,2.0225512981414795
1812.6000000000001,2.022078275680542
1812.7,2.034991502761841
1812.8000000000002,2.0209405422210693
1812.9,2.032456159591675
1813.0,2.019256114959717
1813.1000000000001,2.0165183544158936
1813.2,2.0335590839385986
1813.3000000000002,2.031630516052246
1813.4,2.0190696716308594
1813.5,2.031078815460205
1813.6000000000001,2.021071672439575
1813.7,2.001844882965088
1813.8000000000002,2.0069515705108643
1813.9,2.0230095386505127
1814.0,2.0239417552948
1814.1000000000001,2.023421287536621
1814.2,2.029588460922241
1814.3000000000002,2.03181791305542
1814.4,2.0259835720062256
1814.5,2.025902032852173
1814.6000000000001,2.0244312286376953
1814.7,2.0143840312957764
1814.8000000000002,2.016631841659546
1814.9,2.025707960128784
1815.0,2.019011974334717
1815.1000000000001,2.0226242542266846
1815.2,2.021538734436035
1815.3000000000002,2.0139658451080322
1815.4,2.0240049362182617
1815.5,2.0201048851013184
1815.6000000000001,2.0199484825134277
1815.7,2.0323867797851562
1815.8000000000002,2.024930953979492
1815.9,2.0270071029663086
1816.0,2.0280449390411377
1816.1000000000001,2.0224087238311768
1816.2,2.0255119800567627
1816.3000000000002,2.0169873237609863
1816.4,2.01055645942688
1816.5,2.008348226547241
1816.6000000000001,2.0138907432556152
1816.7,2.0216896533966064
1816.8000000000002,2.0169200897216797
1816.9,2.0253055095672607
1817.0,2.0161421298980713
1817.1000000000001,2.016880512237549
1817.2,2.0174012184143066
1817.3000000000002,2.0237858295440674
1817.4,2.0096824169158936
1817.5,2.026401996612549
1817.6000000000001,2.0189836025238037
1817.7,2.005133628845215
1817.8000000000002,2.0209412574768066
1817.9,2.000552177429199
1818.0,2.0280206203460693
1818.1000000000001,2.0129971504211426
1818.2,2.0244624614715576
1818.3000000000002,2.0167479515075684
1818.4,2.021030902862549
1818.5,2.022386312484741
1818.6000000000001,2.016080617904663
1818.7,2.0089941024780273
1818.8000000000002,2.019589900970459
1818.9,2.0216879844665527
1819.0,2.0145697593688965
1819.1000000000001,2.016465187072754
1819.2,2.0141310691833496
1819.3000000000002,2.023216962814331
1819.4,2.0327577590942383
1819.5,2.0071945190429688
1819.6000000000001,2.007887840270996
1819.7,2.023041009902954
1819.8000000000002,2.015089988708496
1819.9,2.0102388858795166
1820.0,2.0094456672668457
1820.1000000000001,2.0046699047088623
1820.2,2.0203166007995605
1820.3000000000002,2.016274929046631
1820.4,2.021955728530884
1820.5,2.0142335891723633
1820.6000000000001,2.0172553062438965
1820.7,2.0300705432891846
1820.8000000000002,2.01206636428833
1820.9,2.0166537761688232
1821.0,2.016770601272583
1821.1000000000001,1.9943511486053467
1821.2,2.017017126083374
1821.3000000000002,2.0097875595092773
1821.4,2.019832134246826
1821.5,2.006747007369995
1821.6000000000001,2.0237581729888916
1821.7,2.015176296234131
1821.8000000000002,2.0063743591308594
1821.9,2.0111913681030273
1822.0,2.015263795852661
1822.1000000000001,2.0108766555786133
1822.2,2.017171621322632
1822.3000000000002,2.006791591644287
1822.4,2.0216243267059326
1822.5,2.013166904449463
1822.6000000000001,2.013178825378418
1822.7,2.0086498260498047
1822.8000000000002,2.018171548843384
1822.9,1.9974204301834106
1823.0,2.0032219886779785
1823.1000000000001,2.008152484893799
1823.2,2.012047052383423
1823.3000000000002,2.010556221008301
1823.4,2.0222585201263428
1823.5,2.010427951812744
1823.6000000000001,2.0074424743652344
1823.7,2.0022482872009277
1823.8000000000002,2.01066517829895
1823.9,2.0163345336914062
1824.0,2.0063345432281494
1824.1000000000001,1.9935030937194824
1824.2,2.0104012489318848
1824.3000000000002,2.012800455093384
1824.4,2.006014585494995
1824.5,2.0154645442962646
1824.6000000000001,2.0089292526245117
1824.7,2.016458749771118
1824.8000000000002,2.017383098602295
1824.9,2.0113275051116943
1825.0,2.0033047199249268
1825.1000000000001,2.0006558895111084
1825.2,2.011549711227417
1825.3000000000002,1.994747281074524
1825.4,2.0098655223846436
1825.5000000000002,2.0124223232269287
1825.6000000000001,2.0159621238708496
1825.7,2.013636589050293
1825.8000000000002,2.0127434730529785
1825.9,2.003835916519165
1826.0000000000002,2.0084118843078613
1826.1000000000001,2.007810354232788
1826.2,2.0158700942993164
1826.3000000000002,2.0098488330841064
1826.4,2.00905704498291
1826.5000000000002,2.0217409133911133
1826.6000000000001,2.0012571811676025
1826.7,2.0112128257751465
1826.8000000000002,2.0077874660491943
1826.9,2.0069186687469482
1827.0000000000002,2.004908323287964
1827.1000000000001,2.0174291133880615
1827.2,2.019855260848999
1827.3000000000002,2.0130622386932373
1827.4,2.016486644744873
1827.5000000000002,2.0034306049346924
1827.6000000000001,2.0071911811828613
1827.7,2.011892318725586
1827.8000000000002,2.01495623588562
1827.9,2.0023508071899414
1828.0000000000002,1.995295763015747
1828.1000000000001,2.0107686519622803
1828.2,2.0110933780670166
1828.3000000000002,2.0011308193206787
1828.4,2.002176284790039
1828.5000000000002,1.9970948696136475
1828.6000000000001,1.9873243570327759
1828.7,2.0005176067352295
1828.8000000000002,2.0050978660583496
1828.9,1.991194248199463
1829.0000000000002,2.002990961074829
1829.1000000000001,2.007051467895508
1829.2,2.000696897506714
1829.3000000000002,2.008425235748291
1829.4,2.000150442123413
1829.5000000000002,2.0020828247070312
1829.6000000000001,2.001350164413452
1829.7,2.0110480785369873
1829.8000000000002,2.0113892555236816
1829.9,2.0103206634521484
1830.0000000000002,1.998944878578186
1830.1000000000001,2.001662492752075
1830.2,2.008321523666382
1830.3000000000002,2.015031576156616
1830.4,2.0060782432556152
1830.5000000000002,2.001542329788208
1830.6000000000001,2.0108017921447754
1830.7,2.002854824066162
1830.8000000000002,1.9961093664169312
1830.9,2.0043907165527344
1831.0000000000002,1.9992010593414307
1831.1000000000001,2.006744146347046
1831.2,2.0103719234466553
1831.3000000000002,2.006871223449707
1831.4,1.9944201707839966
1831.5000000000002,2.003115653991699
1831.6000000000001,1.9990110397338867
1831.7,2.010288715362549
1831.8000000000002,2.0037331581115723
1831.9,1.9998903274536133
1832.0000000000002,1.997001051902771
1832.1000000000001,1.997941255569458
1832.2,2.011992931365967
1832.3000000000002,2.0009188652038574
1832.4,2.0031514167785645
1832.5000000000002,2.0007164478302
1832.6000000000001,2.00081729888916
1832.7,1.9871959686279297
1832.8000000000002,1.9999721050262451
1832.9,2.0005881786346436
1833.0000000000002,2.0045502185821533
1833.1000000000001,1.997778296470642
1833.2,2.0089564323425293
1833.3000000000002,2.0038580894470215
1833.4,1.997489094734192
1833.5000000000002,1.9997221231460571
1833.6000000000001,1.9971283674240112
1833.7,2.001828908920288
1833.8000000000002,1.991816520690918
1833.9,1.9985105991363525
1834.0000000000002,2.0024309158325195
1834.1000000000001,2.005613327026367
1834.2,1.9834908246994019
1834.3000000000002,1.990281343460083
1834.4,2.0044643878936768
1834.5000000000002,2.0034372806549072
1834.6000000000001,2.00053334236145
1834.7,1.987359642982483
1834.8000000000002,2.002657175064087
1834.9,2.0040442943573
1835.0000000000002,1.9964559078216553
1835.1000000000001,1.994063377380371
1835.2,1.995337724685669
1835.6000000000001,1.9938459396362305
1835.6000000000001,1.9894087314605713
1835.6000000000001,2.0028226375579834
1835.6000000000001,1.9951269626617432
1835.7,1.9960129261016846
1835.8000000000002,1.9939197301864624
1835.9,1.9939603805541992
1836.0000000000002,2.0041561126708984
1836.1000000000001,1.983329176902771
1836.2,1.9899450540542603
1836.3000000000002,1.9960612058639526
1836.4,2.0029115676879883
1836.5000000000002,1.9933398962020874
1836.6000000000001,1.995926856994629
1836.7,2.003821611404419
1836.8000000000002,1.9871835708618164
1836.9,1.9940813779830933
1837.0000000000002,2.0025641918182373
1837.1000000000001,1.9859288930892944
1837.2,1.9969103336334229
1837.3000000000002,2.0054476261138916
1837.4,1.9986974000930786
1837.5000000000002,1.9983559846878052
1837.6000000000001,1.999037742614746
1837.7,1.9901769161224365
1837.8000000000002,1.996450662612915
1837.9,1.9990290403366089
1838.0000000000002,1.985986351966858
1838.1000000000001,2.001384735107422
1838.2,1.9855592250823975
1838.3000000000002,2.0020487308502197
1838.4,1.9917327165603638
1838.5000000000002,1.9930261373519897
1838.6000000000001,1.997694969177246
1838.7,1.9929145574569702
1838.8000000000002,1.9852139949798584
1838.9,1.9914584159851074
1839.0000000000002,1.986462116241455
1839.1000000000001,1.9929090738296509
1839.2,2.001250743865967
1839.3000000000002,1.98893141746521
1839.4,1.9867933988571167
1839.5000000000002,1.9964736700057983
1839.6000000000001,1.9898748397827148
1839.7,1.9960079193115234
1839.8000000000002,1.9952419996261597
1839.9,1.9882208108901978
1840.0000000000002,1.9970390796661377
1840.1000000000001,1.987191915512085
1840.2,1.991583228111267
1840.3000000000002,1.9761704206466675
1840.4,1.9785457849502563
1840.5000000000002,1.9817113876342773
1840.6000000000001,1.9909374713897705
1840.7,1.986785888671875
1840.8000000000002,2.000009775161743
1840.9,1.990529179573059
1841.0000000000002,1.9988757371902466
1841.1000000000001,1.976416826248169
1841.2,1.9968032836914062
1841.3000000000002,1.9996942281723022
1841.4,2.0049889087677
1841.5000000000002,1.9834426641464233
1841.6000000000001,1.9979430437088013
1841.7,1.9895330667495728
1841.8000000000002,2.00028395652771
1841.9,1.9811222553253174
1842.0000000000002,1.99408757686615
1842.1000000000001,1.9849958419799805
1842.2,1.991847038269043
1842.3000000000002,1.9791263341903687
1842.4,1.9934335947036743
1842.5000000000002,1.9868308305740356
1842.6000000000001,1.9911823272705078
1842.7,1.9946333169937134
1842.8000000000002,1.9913148880004883
1842.9,1.987755537033081
1843.0000000000002,1.990366816520691
1843.1000000000001,1.9976286888122559
1843.2,1.982340693473816
1843.3000000000002,1.9859209060668945
1843.4,1.984096884727478
1843.5000000000002,1.9910845756530762
1843.6000000000001,1.9942350387573242
1843.7,2.0003676414489746
1843.8000000000002,1.986510157585144
1843.9,1.9882742166519165
1844.0000000000002,1.991357684135437
1844.1000000000001,1.990358829498291
1844.2,1.9920551776885986
1844.3000000000002,1.9897209405899048
1844.4,1.9948699474334717
1844.5000000000002,1.9776287078857422
1844.6000000000001,1.9712066650390625
1844.7,1.9850552082061768
1844.8000000000002,1.9889965057373047
1844.9,1.9784069061279297
1845.0000000000002,1.9937151670455933
1845.1000000000001,1.9872297048568726
1845.2,1.9846267700195312
1845.3000000000002,1.983160138130188
1845.4,1.9861931800842285
1845.5000000000002,1.9892488718032837
1845.6000000000001,1.9860639572143555
1845.7,1.9933398962020874
1845.8000000000002,1.9804409742355347
1845.9,1.997558832168579
1846.0000000000002,1.986219882965088
1846.1000000000001,1.9771376848220825
1846.2,1.9892942905426025
1846.3000000000002,1.9863752126693726
1846.4,1.989599347114563
1846.5000000000002,1.984753131866455
1846.6000000000001,1.9783601760864258
1846.7,1.9831573963165283
1846.8000000000002,1.9841639995574951
1846.9,1.9806095361709595
1847.0000000000002,1.9846712350845337
1847.1000000000001,1.9864615201950073
1847.2,1.9806300401687622
1847.3000000000002,1.9805651903152466
1847.4,1.9814430475234985
1847.5000000000002,1.9742459058761597
1847.6000000000001,1.9891399145126343
1847.7,1.994434118270874
1847.8000000000002,1.9888628721237183
1847.9,1.980126976966858
1848.0000000000002,1.9866517782211304
1848.1000000000001,1.9868853092193604
1848.2,1.994391679763794
1848.3000000000002,1.9673508405685425
1848.4,1.9811512231826782
1848.5000000000002,1.9864226579666138
1848.6000000000001,1.9843565225601196
1848.7,1.9831372499465942
1848.8000000000002,1.9857128858566284
1848.9,1.9727885723114014
1849.0000000000002,1.9941883087158203
1849.1000000000001,1.9717044830322266
1849.2,1.9726033210754395
1849.3000000000002,1.9601423740386963
1849.4,1.990164875984192
1849.5000000000002,1.9768807888031006
1849.6000000000001,1.9649522304534912
1849.7,1.9870723485946655
1849.8000000000002,1.982370138168335
1849.9,1.986427903175354
1850.0000000000002,1.964560866355896
1850.1000000000001,1.9711064100265503
1850.2,1.9696851968765259
1850.3000000000002,1.9863126277923584
1850.4,1.9780148267745972
1850.5000000000002,1.9812536239624023
1850.6000000000001,1.9774677753448486
1850.7,1.99130380153656
1850.8000000000002,1.9802370071411133
1850.9,1.9787341356277466
1851.0000000000002,1.9849097728729248
1851.1000000000001,1.973305583000183
1851.2,1.983568549156189
1851.3000000000002,1.9731682538986206
1851.4,1.9771775007247925
1851.5000000000002,1.9734961986541748
1851.6000000000001,1.9784634113311768
1851.7,1.9772229194641113
1851.8000000000002,1.9743231534957886
1851.9,1.9897794723510742
1852.0000000000002,1.9692448377609253
1852.1000000000001,1.974703073501587
1852.2,1.9779129028320312
1852.3000000000002,1.9869401454925537
1852.4,1.9817510843276978
1852.5000000000002,1.9859168529510498
1852.6000000000001,1.9776973724365234
1852.7,1.974054217338562
1852.8000000000002,1.977400779724121
1852.9,1.9766530990600586
1853.0000000000002,1.9754410982131958
1853.1000000000001,1.9779012203216553
1853.2,1.9719641208648682
1853.3000000000002,1.9856126308441162
1853.4,1.9775407314300537
1853.5000000000002,1.9826651811599731
1853.6000000000001,1.980285882949829
1853.7,1.978749394416809
1853.8000000000002,1.9792040586471558
1853.9,1.9565764665603638
1854.0000000000002,1.9741464853286743
1854.1000000000001,1.9778932332992554
1854.2,1.978906273841858
1854.3000000000002,1.9719966650009155
1854.4,1.97548508644104
1854.5000000000002,1.9772402048110962
1854.6000000000001,1.982033133506775
1854.7,1.9735585451126099
1854.8000000000002,1.9817122220993042
1854.9,1.97568941116333
1855.0000000000002,1.9764868021011353
1855.1000000000001,1.9834989309310913
1855.2,1.9703822135925293
1855.3000000000002,1.9691388607025146
1855.4,1.9812681674957275
1855.5000000000002,1.9716145992279053
1855.6000000000001,1.9714577198028564
1855.7,1.9885962009429932
1855.8000000000002,1.9815454483032227
1855.9,1.9807113409042358
1856.0000000000002,1.979777216911316
1856.1000000000001,1.9780393838882446
1856.2,1.9775303602218628
1856.3000000000002,1.9751591682434082
1856.4,1.9724394083023071
1856.5000000000002,1.9792817831039429
1856.6000000000001,1.9637259244918823
1856.7,1.9696271419525146
1856.8000000000002,1.9796156883239746
1856.9,1.9735127687454224
1857.0000000000002,1.9726485013961792
1857.1000000000001,1.9701179265975952
1857.2,1.9772950410842896
1857.3000000000002,1.9754797220230103
1857.4,1.9825855493545532
1857.5000000000002,1.9689223766326904
1857.6000000000001,1.9655572175979614
1857.7,1.9659732580184937
1857.8000000000002,1.9740428924560547
1857.9,1.9751107692718506
1858.0000000000002,1.9856030941009521
1858.1000000000001,1.9686176776885986
1858.2,1.9729477167129517
1858.3000000000002,1.9758362770080566
1858.4,1.9753003120422363
1858.5000000000002,1.9668505191802979
1858.6000000000001,1.972383975982666
1858.7,1.97789466381073
1858.8000000000002,1.9678739309310913
1858.9,1.9712942838668823
1859.0000000000002,1.971022605895996
1859.1000000000001,1.966546654701233
1859.2,1.964428424835205
1859.3000000000002,1.9787307977676392
1859.4,1.9746805429458618
1859.5000000000002,1.9717589616775513
1859.6000000000001,1.9713791608810425
1859.7,1.9774601459503174
1859.8000000000002,1.9698612689971924
1859.9,1.9673999547958374
1860.0000000000002,1.965712547302246
1860.1000000000001,1.9702696800231934
1860.2,1.9780837297439575
1860.3000000000002,1.954729437828064
1860.4,1.961098074913025
1860.5000000000002,1.9561535120010376
1860.6000000000001,1.979337453842163
1860.7,1.9726513624191284
1860.8000000000002,1.9628620147705078
1860.9,1.977944254875183
1861.0000000000002,1.9720401763916016
1861.1000000000001,1.979191541671753
1861.2,1.9731495380401611
1861.3000000000002,1.948401927947998
1861.4,1.9741922616958618
1861.5000000000002,1.9719641208648682
1861.6000000000001,1.9713703393936157
1861.7,1.967322587966919
1861.8000000000002,1.977780818939209
1861.9,1.977742075920105
1862.0000000000002,1.9744205474853516
1862.1000000000001,1.969649076461792
1862.2,1.9677866697311401
1862.3000000000002,1.9771231412887573
1862.4,1.9728947877883911
1862.5000000000002,1.9667690992355347
1862.6000000000001,1.9565455913543701
1862.7,1.9703645706176758
1862.8000000000002,1.9731078147888184
1862.9,1.9674798250198364
1863.0000000000002,1.9754787683486938
1863.1000000000001,1.9675687551498413
1863.2,1.9782525300979614
1863.3000000000002,1.976743459701538
1863.4,1.9616395235061646
1863.5000000000002,1.9606446027755737
1863.6000000000001,1.9768707752227783
1863.7,1.9753044843673706
1863.8000000000002,1.9620822668075562
1863.9,1.9767646789550781
1864.0000000000002,1.9580529928207397
1864.1000000000001,1.9554736614227295
1864.2,1.965027093887329
1864.3000000000002,1.953300952911377
1864.4,1.9653347730636597
1864.5000000000002,1.9655530452728271
1864.6000000000001,1.9773932695388794
1864.7,1.965075969696045
1864.8000000000002,1.9710752964019775
1864.9,1.9515507221221924
1865.0000000000002,1.9698755741119385
1865.1000000000001,1.9668793678283691
1865.2,1.9679664373397827
1865.3000000000002,1.986288070678711
1865.4,1.9610737562179565
1865.5000000000002,1.9478508234024048
1865.6000000000001,1.9635229110717773
1865.7,1.9674477577209473
1865.8000000000002,1.9612772464752197
1865.9,1.9631564617156982
1866.0000000000002,1.9593201875686646
1866.1000000000001,1.9628090858459473
1866.2,1.9667563438415527
1866.3000000000002,1.9661130905151367
1866.4,1.9671353101730347
1866.5000000000002,1.9563977718353271
1866.6000000000001,1.9709137678146362
1866.7,1.9647905826568604
1866.8000000000002,1.9615085124969482
1866.9,1.9598060846328735
1867.0000000000002,1.962980031967163
1867.1000000000001,1.9667640924453735
1867.2,1.9630801677703857
1867.3000000000002,1.9637012481689453
1867.4,1.9788038730621338
1867.5000000000002,1.9688010215759277
1867.6000000000001,1.9663382768630981
1867.7,1.9595458507537842
1867.8000000000002,1.9647654294967651
1867.9,1.9714138507843018
1868.0000000000002,1.9656199216842651
1868.1000000000001,1.9475458860397339
1868.2,1.962950587272644
1868.3000000000002,1.9564292430877686
1868.4,1.9562033414840698
1868.5000000000002,1.9744077920913696
1868.6000000000001,1.972669243812561
1868.7,1.9643269777297974
1868.8000000000002,1.952743649482727
1868.9,1.974468469619751
1869.0000000000002,1.9562426805496216
1869.1000000000001,1.955701470375061
1869.2,1.9530553817749023
1869.3000000000002,1.9580305814743042
1869.4,1.9677964448928833
1869.5000000000002,1.967503309249878
1869.6000000000001,1.9608405828475952
1869.7,1.9634120464324951
1869.8000000000002,1.9599074125289917
1869.9,1.9460355043411255
1870.0000000000002,1.9606207609176636
1870.1000000000001,1.9681684970855713
1870.2,1.97323739528656
1870.3000000000002,1.9557361602783203
1870.4,1.9579355716705322
1870.5000000000002,1.9625283479690552
1870.6000000000001,1.957926630973816
1870.7,1.9567553997039795
1870.8000000000002,1.970299482345581
1870.9,1.9716556072235107
1871.0000000000002,1.9659923315048218
1871.1000000000001,1.9564969539642334
1871.2,1.963146686553955
1871.3000000000002,1.9540022611618042
1871.4,1.9615504741668701
1871.5000000000002,1.9557009935379028
1871.6000000000001,1.9481276273727417
1871.7,1.969406247138977
1871.8000000000002,1.9703432321548462
1871.9,1.956305742263794
1872.0000000000002,1.9610252380371094
1872.1000000000001,1.9532006978988647
1872.2,1.9682139158248901
1872.3000000000002,1.9572499990463257
1872.4,1.956221342086792
1872.5000000000002,1.9556121826171875
1872.6000000000001,1.9432710409164429
1872.7,1.9501988887786865
1872.8000000000002,1.957619309425354
1872.9,1.941435694694519
1873.0000000000002,1.9564317464828491
1873.1000000000001,1.961561679840088
1873.2,1.959832787513733
1873.3000000000002,1.9684613943099976
1873.4,1.949918508529663
1873.5000000000002,1.9586091041564941
1873.6000000000001,1.9607336521148682
1873.7,1.9677410125732422
1873.8000000000002,1.9615002870559692
1873.9,1.9632571935653687
1874.0000000000002,1.960728406906128
1874.1000000000001,1.9628512859344482
1874.2,1.9376821517944336
1874.3000000000002,1.947453498840332
1874.4,1.9638272523880005
1874.5000000000002,1.9569337368011475
1874.6000000000001,1.9500458240509033
1874.7,1.9571723937988281
1874.8000000000002,1.955243468284607
1874.9,1.9443923234939575
1875.0000000000002,1.9675408601760864
1875.1000000000001,1.9626466035842896
1875.2,1.9488416910171509
1875.3000000000002,1.9542443752288818
1875.4,1.964788794517517
1875.5000000000002,1.9391491413116455
1875.6000000000001,1.9497010707855225
1875.7,1.9626719951629639
1875.8000000000002,1.951770305633545
1875.9,1.9564176797866821
1876.0000000000002,1.9510133266448975
1876.1000000000001,1.9524316787719727
1876.2,1.967273235321045
1876.3000000000002,1.9514341354370117
1876.4,1.9645590782165527
1876.5000000000002,1.9531389474868774
1876.6000000000001,1.9572550058364868
1876.7,1.953207015991211
1876.8000000000002,1.9455411434173584
1876.9,1.958221673965454
1877.0000000000002,1.9517772197723389
1877.1000000000001,1.955439567565918
1877.2,1.948189616203308
1877.3000000000002,1.9579033851623535
1877.4,1.9561100006103516
1877.5000000000002,1.9632471799850464
1877.6000000000001,1.9336204528808594
1877.7,1.961495280265808
1877.8000000000002,1.9575483798980713
1877.9,1.9471503496170044
1878.0000000000002,1.9545148611068726
1878.1000000000001,1.9604127407073975
1878.2,1.9589545726776123
1878.3000000000002,1.9441896677017212
1878.4,1.9590191841125488
1878.5000000000002,1.961742639541626
1878.6000000000001,1.959723711013794
1878.7,1.957253098487854
1878.8000000000002,1.9603112936019897
1878.9,1.95734441280365
1879.0000000000002,1.9646269083023071
1879.1000000000001,1.95391047000885
1879.2,1.9566545486450195
1879.3000000000002,1.9565112590789795
1879.4,1.9618836641311646
1879.5000000000002,1.9597772359848022
1879.6000000000001,1.9460593461990356
1879.7,1.9522706270217896
1879.8000000000002,1.950626254081726
1879.9,1.9514671564102173
1880.0000000000002,1.954287052154541
1880.1000000000001,1.9613006114959717
1880.2,1.9611642360687256
1880.6000000000001,1.9494216442108154
1880.6000000000001,1.9576416015625
1880.6000000000001,1.95732581615448
1880.6000000000001,1.9537774324417114
1880.7,1.9587005376815796
1880.8000000000002,1.9428828954696655
1880.9,1.9580386877059937
1881.0000000000002,1.9605095386505127
1881.1000000000001,1.9386552572250366
1881.2,1.9664435386657715
1881.3000000000002,1.949106216430664
1881.4,1.946272611618042
1881.5000000000002,1.9677605628967285
1881.6000000000001,1.9588323831558228
1881.7,1.9617952108383179
1881.8000000000002,1.9429504871368408
1881.9,1.9500923156738281
1882.0000000000002,1.9632319211959839
1882.1000000000001,1.9649643898010254
1882.2,1.9450350999832153
1882.3000000000002,1.9579558372497559
1882.4,1.947572112083435
1882.5000000000002,1.9492026567459106
1882.6000000000001,1.9463751316070557
1882.7,1.953405499458313
1882.8000000000002,1.9630615711212158
1882.9,1.9621237516403198
1883.0000000000002,1.9555892944335938
1883.1000000000001,1.9514882564544678
1883.2,1.9498099088668823
1883.3000000000002,1.9599008560180664
1883.4,1.96085786819458
1883.5000000000002,1.9515151977539062
1883.6000000000001,1.9530731439590454
1883.7,1.951716423034668
1883.8000000000002,1.9644951820373535
1883.9,1.9407180547714233
1884.0000000000002,1.9541341066360474
1884.1000000000001,1.9438670873641968
1884.2,1.9540133476257324
1884.3000000000002,1.9647728204727173
1884.4,1.9441730976104736
1884.5000000000002,1.9356249570846558
1884.6000000000001,1.9458130598068237
1884.7,1.9516992568969727
1884.8000000000002,1.9500600099563599
1884.9,1.953934907913208
1885.0000000000002,1.9575390815734863
1885.1000000000001,1.9547492265701294
1885.2,1.9530704021453857
1885.3000000000002,1.9372869729995728
1885.4,1.9664955139160156
1885.5000000000002,1.943920612335205
1885.6000000000001,1.956243872642517
1885.7,1.9466333389282227
1885.8000000000002,1.9449036121368408
1885.9,1.9578148126602173
1886.0000000000002,1.950498104095459
1886.1000000000001,1.9506782293319702
1886.2,1.9649518728256226
1886.3000000000002,1.9492655992507935
1886.4,1.9450093507766724
1886.5000000000002,1.9364948272705078
1886.6000000000001,1.9530006647109985
1886.7,1.9482216835021973
1886.8000000000002,1.9597952365875244
1886.9,1.9401341676712036
1887.0000000000002,1.944439172744751
1887.1000000000001,1.9529529809951782
1887.2,1.930853247642517
1887.3000000000002,1.9574005603790283
1887.4,1.9484021663665771
1887.5000000000002,1.9581925868988037
1887.6000000000001,1.949095368385315
1887.7,1.9537686109542847
1887.8000000000002,1.9576282501220703
1887.9,1.9460042715072632
1888.0000000000002,1.943651556968689
1888.1000000000001,1.9569296836853027
1888.2,1.949006199836731
1888.3000000000002,1.9441701173782349
1888.4,1.9499711990356445
1888.5000000000002,1.9619663953781128
1888.6000000000001,1.9463850259780884
1888.7,1.9487158060073853
1888.8000000000002,1.946051836013794
1888.9,1.9411653280258179
1889.0000000000002,1.9501113891601562
1889.1000000000001,1.9437363147735596
1889.2,1.9434139728546143
1889.3000000000002,1.9469891786575317
1889.4,1.9435276985168457
1889.5000000000002,1.944884181022644
1889.6000000000001,1.948997139930725
1889.7,1.9505735635757446
1889.8000000000002,1.9515788555145264
1889.9,1.947056770324707
1890.0000000000002,1.9499222040176392
1890.1000000000001,1.9373317956924438
1890.2,1.9508552551269531
1890.3000000000002,1.9527406692504883
1890.4,1.9488638639450073
1890.5000000000002,1.9500421285629272
1890.6000000000001,1.9517838954925537
1890.7,1.958085536956787
1890.8000000000002,1.9460138082504272
1890.9,1.9426859617233276
1891.0000000000002,1.9338096380233765
1891.1000000000001,1.949447751045227
1891.2,1.9473707675933838
1891.3000000000002,1.9512933492660522
1891.4,1.9437799453735352
1891.5000000000002,1.9435007572174072
1891.6000000000001,1.9422109127044678
1891.7,1.9377806186676025
1891.8000000000002,1.9479539394378662
1891.9,1.9466265439987183
1892.0000000000002,1.9524500370025635
1892.1000000000001,1.9437795877456665
1892.2,1.9425076246261597
1892.3000000000002,1.9465382099151611
1892.4,1.9552534818649292
1892.5000000000002,1.9461175203323364
1892.6000000000001,1.950213074684143
1892.7,1.94131600856781
1892.8000000000002,1.9453296661376953
1892.9,1.9567917585372925
1893.0000000000002,1.9467155933380127
1893.1000000000001,1.9495247602462769
1893.2,1.9593690633773804
1893.3000000000002,1.9430245161056519
1893.4,1.9323313236236572
1893.5000000000002,1.932916283607483
1893.6000000000001,1.9271904230117798
1893.7,1.9555449485778809
1893.8000000000002,1.9383255243301392
1893.9,1.9557344913482666
1894.0000000000002,1.9512648582458496
1894.1000000000001,1.9325263500213623
1894.2,1.9374068975448608
1894.3000000000002,1.9476653337478638
1894.4,1.939193844795227
1894.5000000000002,1.9437865018844604
1894.6000000000001,1.9332735538482666
1894.7,1.9392743110656738
1894.8000000000002,1.9493292570114136
1894.9,1.9350125789642334
1895.0000000000002,1.93112313747406
1895.1000000000001,1.944347620010376
1895.2,1.9439648389816284
1895.3000000000002,1.9480738639831543
1895.4,1.9357000589370728
1895.5000000000002,1.9409421682357788
1895.6000000000001,1.9412462711334229
1895.7,1.9523379802703857
1895.8000000000002,1.9480230808258057
1895.9,1.9485609531402588
1896.0000000000002,1.9394999742507935
1896.1000000000001,1.947243332862854
1896.2,1.9146324396133423
1896.3000000000002,1.943858027458191
1896.4,1.9372891187667847
1896.5000000000002,1.9398369789123535
1896.6000000000001,1.9496837854385376
1896.7,1.9462958574295044
1896.8000000000002,1.9438458681106567
1896.9,1.9469408988952637
1897.0000000000002,1.941415786743164
1897.1000000000001,1.9287060499191284
1897.2,1.930238962173462
1897.3000000000002,1.9369434118270874
1897.4,1.9522781372070312
1897.5000000000002,1.9557756185531616
1897.6000000000001,1.9463905096054077
1897.7,1.9407157897949219
1897.8000000000002,1.9453176259994507
1897.9,1.957205891609192
1898.0000000000002,1.956984519958496
1898.1000000000001,1.9359445571899414
1898.2,1.9494301080703735
1898.3000000000002,1.9378042221069336
1898.4,1.9394042491912842
1898.5000000000002,1.9379726648330688
1898.6000000000001,1.9445805549621582
1898.7,1.940198302268982
1898.8000000000002,1.9404008388519287
1898.9,1.9487202167510986
1899.0000000000002,1.939962387084961
1899.1000000000001,1.949369192123413
1899.2,1.9555716514587402
1899.3000000000002,1.9422502517700195
1899.4,1.9607700109481812
1899.5000000000002,1.9323029518127441
1899.6000000000001,1.9379799365997314
1899.7,1.9320217370986938
1899.8000000000002,1.921003818511963
1899.9,1.9388219118118286
1900.0000000000002,1.9440035820007324
1900.1000000000001,1.9355039596557617
1900.2,1.9536716938018799
1900.3000000000002,1.9575309753417969
1900.4,1.9501560926437378
1900.5000000000002,1.948931336402893
1900.6000000000001,1.9560365676879883
1900.7,1.9336953163146973
1900.8000000000002,1.9353163242340088
1900.9,1.931806206703186
1901.0000000000002,1.9422792196273804
1901.1000000000001,1.9432002305984497
1901.2,1.9397521018981934
1901.3000000000002,1.94705069065094
1901.4,1.9503750801086426
1901.5000000000002,1.9503761529922485
1901.6000000000001,1.9493801593780518
1901.7,1.9403315782546997
1901.8000000000002,1.9352686405181885
1901.9,1.9515459537506104
1902.0000000000002,1.9461578130722046
1902.1000000000001,1.933781385421753
1902.2,1.9479730129241943
1902.3000000000002,1.922324538230896
1902.4,1.9476749897003174
1902.5000000000002,1.9425196647644043
1902.6000000000001,1.936117172241211
1902.7,1.9419183731079102
1902.8000000000002,1.9368230104446411
1902.9,1.943564534187317
1903.0000000000002,1.944981575012207
1903.1000000000001,1.9374736547470093
1903.2,1.9360469579696655
1903.3000000000002,1.9333922863006592
1903.4,1.943179726600647
1903.6000000000001,1.9355658292770386
1903.6000000000001,1.9408705234527588
1903.7,1.9359952211380005
1903.8000000000002,1.9371808767318726
1903.9,1.9285866022109985
1904.0000000000002,1.9354625940322876
1904.1000000000001,1.9210788011550903
1904.2,1.9382680654525757
1904.3000000000002,1.9368584156036377
1904.4,1.9490565061569214
1904.5000000000002,1.9455829858779907
1904.6000000000001,1.9375931024551392
1904.7,1.9413865804672241
1904.8000000000002,1.9427558183670044
1905.1000000000001,1.948796272277832
1905.1000000000001,1.9391347169876099
1905.1000000000001,1.9257789850234985
1905.2,1.9285818338394165
1905.4,1.9419816732406616
1905.4,1.9422873258590698
1905.5000000000002,1.9419881105422974
1905.6000000000001,1.9412645101547241
1905.7,1.9403274059295654
1905.8000000000002,1.9446147680282593
1905.9,1.9423691034317017
1906.0000000000002,1.9360734224319458
1906.1000000000001,1.9323488473892212
1906.2,1.9423599243164062
1906.3000000000002,1.9443422555923462
1906.4,1.942675232887268
1906.7,1.9355286359786987
1906.7,1.9315484762191772
1906.7,1.9372097253799438
1906.8000000000002,1.931367039680481
1906.9,1.932594895362854
1907.0000000000002,1.9451260566711426
1907.1000000000001,1.9476913213729858
1907.2,1.9268735647201538
1907.3000000000002,1.9506233930587769
1907.4,1.936324119567871
1907.5000000000002,1.9361107349395752
1907.6000000000001,1.9486615657806396
1907.7,1.9229114055633545
1907.8000000000002,1.9292235374450684
1907.9,1.9373104572296143
1908.0000000000002,1.935877799987793
1908.1000000000001,1.9266248941421509
1908.2,1.932079553604126
1908.3000000000002,1.9371426105499268
1908.4,1.9327404499053955
1908.5000000000002,1.9254872798919678
1908.6000000000001,1.9358913898468018
1908.7,1.9353129863739014
1908.8000000000002,1.937897801399231
1908.9,1.9382351636886597
1909.0000000000002,1.9430681467056274
1909.1000000000001,1.9412384033203125
1909.2,1.9379323720932007
1909.3000000000002,1.9434372186660767
1909.4,1.929946780204773
1909.5000000000002,1.9361155033111572
1909.6000000000001,1.922598123550415
1909.7,1.9379323720932007
1909.8000000000002,1.9384057521820068
1909.9,1.939713478088379
1910.0000000000002,1.9420262575149536
1910.1000000000001,1.9290003776550293
1910.2,1.9353854656219482
1910.3000000000002,1.9282786846160889
1910.4,1.934180498123169
1910.5000000000002,1.9401434659957886
1910.6000000000001,1.935441493988037
1910.7,1.9346178770065308
1910.8000000000002,1.9350072145462036
1910.9,1.9303885698318481
1911.0000000000002,1.940049648284912
1911.1000000000001,1.9411810636520386
1911.2,1.9430816173553467
1911.3000000000002,1.9279091358184814
1911.4,1.925608515739441
1911.5000000000002,1.925779938697815
1911.6000000000001,1.9422119855880737
1911.7,1.9521523714065552
1911.8000000000002,1.9365020990371704
1911.9,1.9339969158172607
1912.0000000000002,1.9359800815582275
1912.1000000000001,1.9286243915557861
1912.2,1.9358280897140503
1912.3000000000002,1.9350870847702026
1912.4,1.939995527267456
1912.5000000000002,1.9376543760299683
1912.6000000000001,1.94107186794281
1912.7,1.9400994777679443
1912.8000000000002,1.9313764572143555
1912.9,1.9361413717269897
1913.0000000000002,1.9304742813110352
1913.1000000000001,1.9404240846633911
1913.2,1.935038447380066
1913.3000000000002,1.9412641525268555
1913.4,1.9377888441085815
1913.5000000000002,1.930243730545044
1913.6000000000001,1.9435408115386963
1913.7,1.9404271841049194
1913.8000000000002,1.9315910339355469
1913.9,1.935430884361267
1914.0000000000002,1.9379706382751465
1914.1000000000001,1.9326403141021729
1914.2,1.9437360763549805
1914.3000000000002,1.943744421005249
1914.4,1.9403403997421265
1914.5000000000002,1.9232163429260254
1914.6000000000001,1.9374758005142212
1914.7,1.9454337358474731
1914.8000000000002,1.9250835180282593
1914.9,1.937121868133545
1915.0000000000002,1.9443473815917969
1915.1000000000001,1.9382599592208862
1915.2,1.9512161016464233
1915.3000000000002,1.9201393127441406
1915.4,1.9345462322235107
1915.5000000000002,1.9124369621276855
1915.6000000000001,1.9299566745758057
1915.7,1.9305987358093262
1915.8000000000002,1.9327985048294067
1915.9,1.9366148710250854
1916.0000000000002,1.9277406930923462
1916.1000000000001,1.938113808631897
1916.2,1.9371107816696167
1916.3000000000002,1.9338533878326416
1916.4,1.9374767541885376
1916.5000000000002,1.9458551406860352
1916.6000000000001,1.9439181089401245
1916.7,1.9437836408615112
1916.8000000000002,1.9498655796051025
1916.9,1.934198260307312
1917.0000000000002,1.9375280141830444
1917.1000000000001,1.9315752983093262
1917.2,1.944522500038147
1917.3000000000002,1.927368402481079
1917.4,1.953966736793518
1917.5000000000002,1.9388198852539062
1917.6000000000001,1.933633804321289
1917.7,1.9383858442306519
1917.8000000000002,1.9255051612854004
1917.9,1.9216644763946533
1918.0000000000002,1.9416656494140625
1918.1000000000001,1.9370609521865845
1918.2,1.9308363199234009
1918.3000000000002,1.931941270828247
1918.4,1.922424077987671
1918.5000000000002,1.9344630241394043
1918.6000000000001,1.9450255632400513
1918.7,1.9381937980651855
1918.8000000000002,1.9417212009429932
1918.9,1.936446189880371
1919.0000000000002,1.9415613412857056
1919.1000000000001,1.9325878620147705
1919.2,1.9267338514328003
1919.3000000000002,1.9274860620498657
1919.4,1.9396065473556519
1919.5000000000002,1.939366102218628
1919.6000000000001,1.9406620264053345
1919.7,1.9406342506408691
1919.8000000000002,1.9494706392288208
1919.9,1.922965407371521
1920.0000000000002,1.9261237382888794
1920.1000000000001,1.9284119606018066
1920.2,1.9477472305297852
1920.3000000000002,1.939405083656311
1920.4,1.9339613914489746
1920.5000000000002,1.9309501647949219
1920.6000000000001,1.9407289028167725
1920.7,1.9397406578063965
1920.8000000000002,1.940770149230957
1920.9,1.9444210529327393
1921.0000000000002,1.9292713403701782
1921.1000000000001,1.9346200227737427
1921.2,1.9331645965576172
1921.3000000000002,1.9355051517486572
1921.4,1.9369041919708252
1921.5000000000002,1.9233498573303223
1921.6000000000001,1.9334057569503784
1921.7,1.9374172687530518
1921.8000000000002,1.9401814937591553
1921.9,1.9280683994293213
1922.0000000000002,1.925079584121704
1922.1000000000001,1.9339817762374878
1922.2,1.931212306022644
1922.3000000000002,1.9280272722244263
1922.4,1.9239150285720825
1922.5000000000002,1.9275672435760498
1922.6000000000001,1.9338723421096802
1922.7,1.9364150762557983
1922.8000000000002,1.936648964881897
1922.9,1.9321540594100952
1923.0000000000002,1.9404319524765015
1923.1000000000001,1.9375594854354858
1923.2,1.9350159168243408
1923.3000000000002,1.9313937425613403
1923.4,1.933771014213562
1923.5000000000002,1.9415028095245361
1923.6000000000001,1.941742181777954
1923.7,1.9382274150848389
1923.8000000000002,1.9399011135101318
1923.9,1.9299124479293823
1924.0000000000002,1.9184762239456177
1924.1000000000001,1.9450974464416504
1924.2,1.9262083768844604
1924.3000000000002,1.9414459466934204
1924.4,1.94021737575531
1924.5000000000002,1.943183183670044
1924.6000000000001,1.9397140741348267
1924.7,1.935534119606018
1924.8000000000002,1.9217205047607422
1924.9,1.9227445125579834
1925.0000000000002,1.9322165250778198
1925.1000000000001,1.9293382167816162
1925.2,1.927703857421875
1925.3000000000002,1.9305610656738281
1925.4,1.9338518381118774
1925.5000000000002,1.93571138381958
1925.6000000000001,1.92842435836792
1925.7,1.9219574928283691
1925.8000000000002,1.9443081617355347
1925.9,1.9310003519058228
1926.0000000000002,1.9393080472946167
1926.1000000000001,1.9354243278503418
1926.2,1.9283479452133179
1926.3000000000002,1.9345731735229492
1926.4,1.9370521306991577
1926.5000000000002,1.948289155960083
1926.6000000000001,1.9320226907730103
1926.7,1.941900372505188
1926.8000000000002,1.939319133758545
1926.9,1.9331334829330444
1927.0000000000002,1.936671257019043
1927.1000000000001,1.9261980056762695
1927.2,1.9357614517211914
1927.3000000000002,1.9370921850204468
1927.4,1.9307113885879517
1927.5000000000002,1.9300280809402466
1927.6000000000001,1.936311960220337
1927.7,1.9270645380020142
1927.8000000000002,1.9343475103378296
1927.9,1.9353516101837158
1928.0000000000002,1.9337984323501587
1928.1000000000001,1.9386025667190552
1928.2,1.925371527671814
1928.3000000000002,1.924146056175232
1928.4,1.9323954582214355
1928.5000000000002,1.944929838180542
1928.6000000000001,1.9387086629867554
1928.7,1.9322115182876587
1928.8000000000002,1.9435561895370483
1928.9,1.9406079053878784
1929.0000000000002,1.9382349252700806
1929.1000000000001,1.926189661026001
1929.2,1.9396071434020996
1929.3000000000002,1.9361597299575806
1929.4,1.9316819906234741
1929.5000000000002,1.9349441528320312
1929.6000000000001,1.9396123886108398
1929.7,1.927008867263794
1929.8000000000002,1.9373799562454224
1929.9,1.9285063743591309
1930.0000000000002,1.9345998764038086
1930.1000000000001,1.928658366203308
1930.2,1.930070161819458
1930.3000000000002,1.9245848655700684
1930.4,1.9513694047927856
1930.5000000000002,1.9323809146881104
1930.6000000000001,1.9308041334152222
1930.7,1.9316602945327759
1930.8000000000002,1.939556360244751
1930.9,1.9380872249603271
1931.0000000000002,1.9355981349945068
1931.1000000000001,1.9286071062088013
1931.2,1.9263120889663696
1931.3000000000002,1.9332425594329834
1931.4,1.9215995073318481
1931.5000000000002,1.9150172472000122
1931.6000000000001,1.933623194694519
1931.7,1.9196239709854126
1931.8000000000002,1.9206933975219727
1931.9,1.937024474143982
1932.0000000000002,1.9369176626205444
1932.1000000000001,1.9321424961090088
1932.2,1.92313551902771
1932.3000000000002,1.9346164464950562
1932.4,1.935400128364563
1932.5000000000002,1.9310752153396606
1932.6000000000001,1.9412014484405518
1932.7,1.934930682182312
1932.8000000000002,1.9341694116592407
1932.9,1.928113579750061
1933.0000000000002,1.9309992790222168
1933.1000000000001,1.9397257566452026
1933.2,1.9325902462005615
1933.3000000000002,1.932129979133606
1933.4,1.932806134223938
1933.5000000000002,1.92392098903656
1933.6000000000001,1.9452883005142212
1933.7,1.9307267665863037
1933.8000000000002,1.9235546588897705
1933.9,1.93312668800354
1934.0000000000002,1.9306634664535522
1934.1000000000001,1.9384180307388306
1934.2,1.933868169784546
1934.3000000000002,1.9369734525680542
1934.4,1.9276676177978516
1934.5000000000002,1.9382432699203491
1934.6000000000001,1.940451979637146
1934.7,1.9381211996078491
1934.8000000000002,1.9321696758270264
1934.9,1.9330042600631714
1935.0000000000002,1.9427669048309326
1935.1000000000001,1.9404447078704834
1935.2,1.9329910278320312
1935.3000000000002,1.9335800409317017
1935.4,1.9372892379760742
1935.5000000000002,1.9240047931671143
1935.6000000000001,1.9390157461166382
1935.7,1.937533974647522
1935.8000000000002,1.924558162689209
1935.9,1.933857798576355
1936.0000000000002,1.9342609643936157
1936.1000000000001,1.9494287967681885
1936.2,1.9326025247573853
1936.3000000000002,1.9330978393554688
1936.4,1.930102825164795
1936.5000000000002,1.9341150522232056
1936.6000000000001,1.9388017654418945
1936.7,1.9383858442306519
1936.8000000000002,1.9403104782104492
1936.9,1.944230556488037
1937.0000000000002,1.9297794103622437
1937.1000000000001,1.9393658638000488
1937.2,1.9322651624679565
1937.3000000000002,1.9224270582199097
1937.4,1.9435240030288696
1937.5000000000002,1.9266241788864136
1937.6000000000001,1.9356672763824463
1937.7,1.9406700134277344
1937.8000000000002,1.937556505203247
1937.9,1.9384872913360596
1938.0000000000002,1.9287446737289429
1938.1000000000001,1.9293304681777954
1938.2,1.9333196878433228
1938.3000000000002,1.9437531232833862
1938.4,1.9385030269622803
1938.5000000000002,1.9348742961883545
1938.6000000000001,1.9241437911987305
1938.7,1.9333354234695435
1938.8000000000002,1.9344993829727173
1938.9,1.9317458868026733
1939.0000000000002,1.9316664934158325
1939.1000000000001,1.937012791633606
1939.2,1.9291369915008545
1939.3000000000002,1.9333441257476807
1939.4,1.9349610805511475
1939.5000000000002,1.9248977899551392
1939.6000000000001,1.9260298013687134
1939.7,1.937743067741394
1939.8000000000002,1.933534026145935
1939.9,1.9334988594055176
1940.0000000000002,1.919630527496338
1940.1000000000001,1.9310754537582397
1940.2,1.9465337991714478
1940.3000000000002,1.9446125030517578
1940.4,1.9354430437088013
1940.5000000000002,1.9365863800048828
1940.6000000000001,1.942010521888733
1940.7,1.9386334419250488
1940.8000000000002,1.9313770532608032
1940.9,1.9462438821792603
1941.0000000000002,1.942053198814392
1941.1000000000001,1.9342752695083618
1941.2,1.9259551763534546
1941.3000000000002,1.9403003454208374
1941.4,1.9374057054519653
1941.5000000000002,1.9352314472198486
1941.6000000000001,1.9329580068588257
1941.7,1.9163873195648193
1941.8000000000002,1.9243992567062378
1941.9,1.9381605386734009
1942.0000000000002,1.9277194738388062
1942.1000000000001,1.9422413110733032
1942.2,1.9376837015151978
1942.3000000000002,1.9301470518112183
1942.4,1.9373334646224976
1942.5000000000002,1.9407113790512085
1942.6000000000001,1.941094994544983
1942.7,1.9344449043273926
1942.8000000000002,1.9449530839920044
1942.9,1.9316692352294922
1943.0000000000002,1.9347854852676392
1943.1000000000001,1.944759726524353
1943.2,1.924161672592163
1943.3000000000002,1.9237350225448608
1943.4,1.9443821907043457
1943.5000000000002,1.9327983856201172
1943.6000000000001,1.9302750825881958
1943.7,1.9446593523025513
1943.8000000000002,1.9312463998794556
1943.9,1.9314628839492798
1944.0000000000002,1.9296011924743652
1944.1000000000001,1.9368282556533813
1944.2,1.9443979263305664
1944.3000000000002,1.9391109943389893
1944.4,1.9331958293914795
1944.5000000000002,1.9364893436431885
1944.6000000000001,1.9325417280197144
1944.7,1.920222520828247
1944.8000000000002,1.9475312232971191
1944.9,1.9419604539871216
1945.0000000000002,1.9333972930908203
1945.1000000000001,1.928291916847229
1945.2,1.936724066734314
1945.3000000000002,1.9438334703445435
1945.4,1.9285005331039429
1945.5000000000002,1.9304804801940918
1945.6000000000001,1.9315954446792603
1945.7,1.9354678392410278
1945.8000000000002,1.9365395307540894
1945.9,1.9147684574127197
1946.0000000000002,1.9384799003601074
1946.1000000000001,1.9268786907196045
1946.2,1.9426037073135376
1946.3000000000002,1.9471956491470337
1946.4,1.9337489604949951
1946.5000000000002,1.9289969205856323
1946.6000000000001,1.9371377229690552
1946.7,1.9312324523925781
1946.8000000000002,1.9323043823242188
1946.9,1.9337266683578491
1947.0000000000002,1.9365617036819458
1947.1000000000001,1.9314806461334229
1947.2,1.934881329536438
1947.3000000000002,1.9421924352645874
1947.4,1.935776948928833
1947.5000000000002,1.9399107694625854
1947.6000000000001,1.9336401224136353
1947.7,1.9484740495681763
1947.8000000000002,1.945539116859436
1947.9,1.9378101825714111
1948.0000000000002,1.9284770488739014
1948.1000000000001,1.9197869300842285
1948.2,1.9424445629119873
1948.3000000000002,1.9414377212524414
1948.4,1.9275859594345093
1948.5000000000002,1.9254082441329956
1948.6000000000001,1.9430806636810303
1948.7,1.9331330060958862
1948.8000000000002,1.9328835010528564
1948.9,1.939736008644104
1949.0000000000002,1.9365814924240112
1949.1000000000001,1.9365943670272827
1949.2,1.9422699213027954
1949.3000000000002,1.9443320035934448
1949.4,1.918170690536499
1949.5000000000002,1.9328593015670776
1949.6000000000001,1.9422498941421509
1949.7,1.9318875074386597
1949.8000000000002,1.9288848638534546
1949.9,1.9462465047836304
1950.0000000000002,1.9421218633651733
1950.1000000000001,1.9371525049209595
1950.2,1.9236406087875366
1950.3000000000002,1.9255473613739014
1950.4,1.9403876066207886
1950.5000000000002,1.933942198753357
1950.6000000000001,1.9255344867706299
1950.7,1.9253313541412354
1950.8000000000002,1.9205257892608643
1950.9,1.9317926168441772
1951.0000000000002,1.9316290616989136
1951.1000000000001,1.9420580863952637
1951.2,1.93275785446167
1951.3000000000002,1.936705470085144
1951.4,1.9418866634368896
1951.5000000000002,1.931544303894043
1951.6000000000001,1.9365777969360352
1951.7,1.9298192262649536
1951.8000000000002,1.9437732696533203
1951.9,1.9303289651870728
1952.0000000000002,1.9260867834091187
1952.1000000000001,1.9325685501098633
1952.2,1.928675651550293
1952.3000000000002,1.9409347772598267
1952.4,1.9368997812271118
1952.5000000000002,1.9401206970214844
1952.6000000000001,1.9291728734970093
1952.7,1.9325158596038818
1952.8000000000002,1.9364709854125977
1952.9,1.927657961845398
1953.0000000000002,1.937429666519165
1953.1000000000001,1.940835952758789
1953.2,1.9295051097869873
1953.3000000000002,1.9281212091445923
1953.4,1.921748161315918
1953.5000000000002,1.9261444807052612
1953.6000000000001,1.936631202697754
1953.7,1.9383939504623413
1953.8000000000002,1.9422752857208252
1953.9,1.9460660219192505
1954.0000000000002,1.9359973669052124
1954.1000000000001,1.921482801437378
1954.2,1.9431803226470947
1954.3000000000002,1.945513129234314
1954.4,1.921203851699829
1954.5000000000002,1.9396095275878906
1954.6000000000001,1.9372462034225464
1954.7,1.933174967765808
1954.8000000000002,1.9384632110595703
1954.9,1.9464118480682373
1955.0000000000002,1.940104365348816
1955.1000000000001,1.923712134361267
1955.2,1.9324047565460205
1955.3000000000002,1.9245539903640747
1955.4,1.9323910474777222
1955.5000000000002,1.9393218755722046
1955.6000000000001,1.9312365055084229
1955.7,1.9420653581619263
1955.8000000000002,1.9359599351882935
1955.9,1.9434465169906616
1956.0000000000002,1.931225061416626
1956.1000000000001,1.9385617971420288
1956.2,1.9519362449645996
1956.3000000000002,1.935633659362793
1956.4,1.9304288625717163
1956.5000000000002,1.9507766962051392
1956.6000000000001,1.9355666637420654
1956.7,1.9374760389328003
1956.8000000000002,1.9422533512115479
1956.9,1.9325710535049438
1957.0000000000002,1.9449670314788818
1957.1000000000001,1.9383368492126465
1957.2,1.9370520114898682
1957.3000000000002,1.9262596368789673
1957.4,1.940975546836853
1957.5000000000002,1.9297412633895874
1957.6000000000001,1.9416167736053467
1957.7,1.9427491426467896
1957.8000000000002,1.9463523626327515
1957.9,1.9455159902572632
1958.0000000000002,1.9397125244140625
1958.1000000000001,1.9334596395492554
1958.2,1.9411375522613525
1958.3000000000002,1.9036284685134888
1958.4,1.940943717956543
1958.5000000000002,1.9372951984405518
1958.6000000000001,1.9451568126678467
1958.7,1.947126030921936
1958.8000000000002,1.9462494850158691
1958.9,1.9338634014129639
1959.0000000000002,1.9388267993927002
1959.1000000000001,1.933834195137024
1959.2,1.9383388757705688
1959.3000000000002,1.9456037282943726
1959.4,1.9245631694793701
1959.5000000000002,1.950260043144226
1959.6000000000001,1.9419779777526855
1959.7,1.941349983215332
1959.8000000000002,1.9307574033737183
1959.9,1.939066767692566
1960.0000000000002,1.917544960975647
1960.1000000000001,1.9429084062576294
1960.2,1.9294954538345337
1960.3000000000002,1.9310139417648315
1960.4,1.9364317655563354
1960.5000000000002,1.9408349990844727
1960.6000000000001,1.9415555000305176
1960.7,1.9364111423492432
1960.8000000000002,1.94044828414917
1960.9,1.9220545291900635
1961.0000000000002,1.9373842477798462
1961.1000000000001,1.9419463872909546
1961.2,1.936022400856018
1961.3000000000002,1.9374167919158936
1961.4,1.9246906042099
1961.5000000000002,1.9316494464874268
1961.6000000000001,1.9289720058441162
1961.7,1.9435676336288452
1961.8000000000002,1.9410771131515503
1961.9,1.9431663751602173
1962.0000000000002,1.9337743520736694
1962.1000000000001,1.9388225078582764
1962.2,1.9404090642929077
1962.3000000000002,1.938063383102417
1962.4,1.9364854097366333
1962.5000000000002,1.9396981000900269
1962.6000000000001,1.9412376880645752
1962.7,1.9399386644363403
1962.8000000000002,1.9442379474639893
1962.9,1.9453024864196777
1963.0000000000002,1.934625506401062
1963.1000000000001,1.94080650806427
1963.2,1.9451813697814941
1963.3000000000002,1.9543062448501587
1963.4,1.9370501041412354
1963.5000000000002,1.9443053007125854
1963.6000000000001,1.9372875690460205
1963.7,1.9287561178207397
1963.8000000000002,1.9386860132217407
1963.9,1.9420820474624634
1964.0000000000002,1.9420722723007202
1964.1000000000001,1.9349005222320557
1964.2,1.939110517501831
1964.3000000000002,1.9433982372283936
1964.4,1.9403481483459473
1964.5000000000002,1.9358235597610474
1964.6000000000001,1.9313068389892578
1964.7,1.9382810592651367
1964.8000000000002,1.9293445348739624
1964.9,1.9413652420043945
1965.0000000000002,1.935832142829895
1965.1000000000001,1.9322024583816528
1965.2,1.9357850551605225
1965.3000000000002,1.9387174844741821
1965.4,1.9400936365127563
1965.5000000000002,1.941072702407837
1965.6000000000001,1.9425928592681885
1965.7,1.9316154718399048
1965.8000000000002,1.9469393491744995
1965.9,1.94167160987854
1966.0000000000002,1.9470593929290771
1966.1000000000001,1.932820439338684
1966.2,1.9327712059020996
1966.3000000000002,1.9398993253707886
1966.4,1.9371659755706787
1966.5000000000002,1.9334540367126465
1966.6000000000001,1.9391803741455078
1966.7,1.9462014436721802
1966.8000000000002,1.9449642896652222
1966.9,1.936899185180664
1967.0000000000002,1.931298017501831
1967.1000000000001,1.9316879510879517
1967.2,1.9404833316802979
1967.3000000000002,1.9346787929534912
1967.4,1.9419341087341309
1967.5000000000002,1.9456169605255127
1967.6000000000001,1.933923602104187
1967.7,1.9348350763320923
1967.8000000000002,1.9477386474609375
1967.9,1.951332926750183
1968.0000000000002,1.9530354738235474
1968.1000000000001,1.9528342485427856
1968.2,1.9433763027191162
1968.3000000000002,1.9428291320800781
1968.4,1.9453659057617188
1968.5000000000002,1.9510642290115356
1968.6000000000001,1.9422903060913086
1968.7,1.9452558755874634
1968.8000000000002,1.9352478981018066
1968.9,1.9417848587036133
1969.0000000000002,1.938838243484497
1969.1000000000001,1.9284321069717407
1969.2,1.9523646831512451
1969.3000000000002,1.9433197975158691
1969.4,1.9417200088500977
1969.5000000000002,1.9384247064590454
1969.6000000000001,1.9463820457458496
1969.7,1.9269919395446777
1969.8000000000002,1.9432262182235718
1969.9,1.9426113367080688
1970.0000000000002,1.9439200162887573
1970.1000000000001,1.9379087686538696
1970.2,1.9358943700790405
1970.3000000000002,1.9475244283676147
1970.4,1.9440008401870728
1970.5000000000002,1.9412862062454224
1970.6000000000001,1.9328416585922241
1970.7,1.9325038194656372
1970.8000000000002,1.9468032121658325
1970.9,1.948261022567749
1971.0000000000002,1.925659418106079
1971.1000000000001,1.9307247400283813
1971.2,1.9442763328552246
1971.3000000000002,1.9501287937164307
1971.4,1.948258638381958
1971.5000000000002,1.9416766166687012
1971.6000000000001,1.9465787410736084
1971.7,1.9375017881393433
1971.8000000000002,1.9390467405319214
1971.9,1.945324182510376
1972.0000000000002,1.941828727722168
1972.1000000000001,1.9414414167404175
1972.2,1.9367092847824097
1972.3000000000002,1.9402062892913818
1972.4,1.9499250650405884
1972.5000000000002,1.9530460834503174
1972.6000000000001,1.9349678754806519
1972.7,1.9422736167907715
1972.8000000000002,1.9517511129379272
1972.9,1.9465851783752441
1973.0000000000002,1.9391345977783203
1973.1000000000001,1.946474313735962
1973.2,1.9468985795974731
1973.3000000000002,1.946250557899475
1973.4,1.945095181465149
1973.5000000000002,1.9412825107574463
1973.6000000000001,1.9390974044799805
1973.7,1.9445998668670654
1973.8000000000002,1.9269142150878906
1973.9,1.953458547592163
1974.0000000000002,1.9392144680023193
1974.1000000000001,1.9369698762893677
1974.2,1.9458168745040894
1974.3000000000002,1.9412510395050049
1974.4,1.9515992403030396
1974.5000000000002,1.94633150100708
1974.6000000000001,1.9468013048171997
1974.7,1.9458900690078735
1974.8000000000002,1.945879340171814
1974.9,1.94574773311615
1975.0000000000002,1.95010507106781
1975.1000000000001,1.929465413093567
1975.2,1.9380087852478027
1975.3000000000002,1.9507925510406494
1975.4,1.9320074319839478
1975.5000000000002,1.9376949071884155
1975.6000000000001,1.9464309215545654
1975.7,1.947999358177185
1975.8000000000002,1.921980619430542
1975.9,1.9443740844726562
1976.0000000000002,1.9457403421401978
1976.1000000000001,1.9498746395111084
1976.2,1.9352117776870728
1976.3000000000002,1.9467153549194336
1976.4,1.952802062034607
1976.5000000000002,1.9471169710159302
1976.6000000000001,1.9525974988937378
1976.7,1.9518007040023804
1976.8000000000002,1.944500207901001
1976.9,1.9398126602172852
1977.0000000000002,1.9477555751800537
1977.1000000000001,1.9448851346969604
1977.2,1.9505115747451782
1977.3000000000002,1.9541305303573608
1977.4,1.94240403175354
1977.5000000000002,1.9511349201202393
1977.6000000000001,1.939255952835083
1977.7,1.9526352882385254
1977.8000000000002,1.9386897087097168
1977.9,1.9552578926086426
1978.0000000000002,1.94270658493042
1978.1000000000001,1.9335805177688599
1978.2,1.9481358528137207
1978.3000000000002,1.9547333717346191
1978.4,1.9505159854888916
1978.5000000000002,1.9477001428604126
1978.6000000000001,1.965618371963501
1978.7,1.9496647119522095
1978.8000000000002,1.9522368907928467
1978.9,1.928228735923767
1979.0000000000002,1.9389032125473022
1979.1000000000001,1.9482920169830322
1979.2,1.9480643272399902
1979.3000000000002,1.9539604187011719
1979.4,1.9363956451416016
1979.5000000000002,1.936943531036377
1979.6000000000001,1.9472264051437378
1979.7,1.935610055923462
1979.8000000000002,1.9413301944732666
1979.9,1.9507596492767334
1980.0000000000002,1.9466689825057983
1980.1000000000001,1.9418584108352661
1980.2,1.9469685554504395
1980.3000000000002,1.9507508277893066
1980.4,1.9498711824417114
1980.5000000000002,1.9501123428344727
1980.6000000000001,1.9387370347976685
1980.7,1.9478381872177124
1980.8000000000002,1.951562523841858
1980.9,1.9446206092834473
1981.0000000000002,1.9533311128616333
1981.1000000000001,1.9460405111312866
1981.2,1.9421265125274658
1981.3000000000002,1.9478191137313843
1981.4,1.9561959505081177
1981.5000000000002,1.9532254934310913
1981.6000000000001,1.9454728364944458
1981.7,1.9363620281219482
1981.8000000000002,1.9524778127670288
1981.9,1.9564331769943237
1982.0000000000002,1.9490829706192017
1982.1000000000001,1.9529809951782227
1982.2,1.946755290031433
1982.3000000000002,1.949936032295227
1982.4,1.9453505277633667
1982.5000000000002,1.9501020908355713
1982.6000000000001,1.9479146003723145
1982.7,1.9393885135650635
1982.8000000000002,1.9503446817398071
1982.9,1.9495971202850342
1983.0000000000002,1.9503756761550903
1983.1000000000001,1.9574487209320068
1983.2,1.9531168937683105
1983.3000000000002,1.9393905401229858
1983.4,1.9473930597305298
1983.5000000000002,1.9550315141677856
1983.6000000000001,1.9598755836486816
1983.7,1.9406930208206177
1983.8000000000002,1.9489667415618896
1983.9,1.950119972229004
1984.0000000000002,1.9483208656311035
1984.1000000000001,1.9578431844711304
1984.2,1.9414756298065186
1984.3000000000002,1.9553606510162354
1984.4,1.9393140077590942
1984.5000000000002,1.9489843845367432
1984.6000000000001,1.9574271440505981
1984.7,1.948874592781067
1984.8000000000002,1.9496876001358032
1984.9,1.9466458559036255
1985.0000000000002,1.947277545928955
1985.1000000000001,1.9421379566192627
1985.2,1.9562772512435913
1985.3000000000002,1.952247977256775
1985.4,1.9574930667877197
1985.5000000000002,1.9530770778656006
1985.6000000000001,1.9576927423477173
1985.7,1.9587455987930298
1985.8000000000002,1.9468413591384888
1985.9,1.9522062540054321
1986.0000000000002,1.9491755962371826
1986.1000000000001,1.9460711479187012
1986.2,1.9483370780944824
1986.3000000000002,1.9521355628967285
1986.4,1.9625250101089478
1986.5000000000002,1.9491561651229858
1986.6000000000001,1.9524723291397095
1986.7,1.9539828300476074
1986.8000000000002,1.9509434700012207
1986.9,1.947338581085205
1987.0000000000002,1.9444516897201538
1987.1000000000001,1.965179204940796
1987.2,1.9611295461654663
1987.3000000000002,1.9568651914596558
1987.4,1.9365322589874268
1987.5000000000002,1.9630091190338135
1987.6000000000001,1.9566411972045898
1987.7,1.9523972272872925
1987.8000000000002,1.9493542909622192
1987.9,1.9562592506408691
1988.0000000000002,1.9538980722427368
1988.1000000000001,1.9488155841827393
1988.2,1.9532066583633423
1988.3000000000002,1.950205683708191
1988.4,1.9574236869812012
1988.5000000000002,1.9532374143600464
1988.6000000000001,1.9555119276046753
1988.7,1.9631491899490356
1988.8000000000002,1.9390490055084229
1988.9,1.9471861124038696
1989.0000000000002,1.9550985097885132
1989.1000000000001,1.944864273071289
1989.2,1.9341176748275757
1989.3000000000002,1.957757592201233
1989.4,1.9557230472564697
1989.5000000000002,1.9415115118026733
1989.6000000000001,1.950466513633728
1989.7,1.9597582817077637
1989.8000000000002,1.954119324684143
1989.9,1.9578559398651123
1990.0000000000002,1.9569532871246338
1990.1000000000001,1.9505276679992676
1990.2,1.960073471069336
1990.3000000000002,1.9572101831436157
1990.4,1.9423978328704834
1990.5000000000002,1.959573745727539
1990.6000000000001,1.9581878185272217
1990.7,1.9635728597640991
1990.8000000000002,1.9493287801742554
1990.9,1.9551671743392944
1991.0000000000002,1.9446136951446533
1991.1000000000001,1.952446699142456
1991.2,1.9727773666381836
1991.3000000000002,1.9472380876541138
1991.4,1.9589003324508667
1991.5000000000002,1.9570814371109009
1991.6000000000001,1.95514714717865
1991.7,1.9581856727600098
1991.8000000000002,1.9449667930603027
1991.9,1.9314179420471191
1992.0000000000002,1.9628167152404785
1992.1000000000001,1.941918969154358
1992.2,1.9534245729446411
1992.3000000000002,1.9517264366149902
1992.4,1.9569834470748901
1992.5000000000002,1.9558757543563843
1992.6000000000001,1.9686414003372192
1992.7,1.952673077583313
1992.8000000000002,1.9452860355377197
1992.9,1.9515925645828247
1993.0000000000002,1.967150330543518
1993.1000000000001,1.9615459442138672
1993.2,1.9521161317825317
1993.3000000000002,1.9448994398117065
1993.4,1.9521307945251465
1993.5000000000002,1.9610315561294556
1993.6000000000001,1.9479750394821167
1993.7,1.9459607601165771
1993.8000000000002,1.961800456047058
1993.9,1.9539011716842651
1994.0000000000002,1.9461519718170166
1994.1000000000001,1.9694575071334839
1994.2,1.9531785249710083
1994.3000000000002,1.9530402421951294
1994.4,1.9439929723739624
1994.5000000000002,1.9627342224121094
1994.6000000000001,1.9596906900405884
1994.7,1.9648035764694214
1994.8000000000002,1.9526232481002808
1994.9,1.966376781463623
1995.0000000000002,1.962580680847168
1995.1000000000001,1.9521106481552124
1995.2,1.9522955417633057
1995.3000000000002,1.9533281326293945
1995.4,1.9664177894592285
1995.5000000000002,1.9664723873138428
1995.6000000000001,1.9643332958221436
1995.7,1.965511441230774
1995.8000000000002,1.9548808336257935
1995.9,1.9543542861938477
1996.0000000000002,1.9515321254730225
1996.1000000000001,1.9497090578079224
1996.2,1.9560809135437012
1996.3000000000002,1.966477870941162
1996.4,1.9629253149032593
1996.5000000000002,1.9667119979858398
1996.6000000000001,1.955751657485962
1996.7,1.9357486963272095
1996.8000000000002,1.9453874826431274
1996.9,1.972020149230957
1997.0000000000002,1.9617385864257812
1997.1000000000001,1.9504096508026123
1997.2,1.956827998161316
1997.3000000000002,1.960086464881897
1997.4,1.9613972902297974
1997.5000000000002,1.9601250886917114
1997.6000000000001,1.9688221216201782
1997.7,1.9549962282180786
1997.8000000000002,1.9604146480560303
1997.9,1.9585707187652588
1998.0000000000002,1.9522638320922852
1998.1000000000001,1.9619858264923096
1998.2,1.9618487358093262
1998.3000000000002,1.9600911140441895
1998.4,1.9596467018127441
1998.5000000000002,1.9601869583129883
1998.6000000000001,1.9592444896697998
1998.7,1.9511502981185913
1998.8000000000002,1.9613454341888428
1998.9,1.9598842859268188
1999.0000000000002,1.9603675603866577
1999.1000000000001,1.9692829847335815
1999.2,1.9528272151947021
1999.3000000000002,1.9701528549194336
1999.4,1.9490412473678589
1999.5000000000002,1.9782521724700928
1999.6000000000001,1.9570077657699585
1999.7,1.9450830221176147
1999.8000000000002,1.9614448547363281
1999.9,1.9443495273590088
2000.0000000000002,1.9645321369171143
2000.1000000000001,1.9466947317123413
2000.2,1.9529929161071777
2000.3000000000002,1.9567779302597046
2000.4,1.9422311782836914
2000.5000000000002,1.9538182020187378
2000.6000000000001,1.9711257219314575
2000.7,1.9612683057785034
2000.8000000000002,1.9500943422317505
2000.9,1.956507682800293
2001.0000000000002,1.9643610715866089
2001.1000000000001,1.968753457069397
2001.2,1.9649696350097656
2001.3000000000002,1.9744701385498047
2001.4,1.9637476205825806
2001.5000000000002,1.9589489698410034
2001.6000000000001,1.9528464078903198
2001.7,1.9654675722122192
2001.8000000000002,1.9689058065414429
2001.9,1.966152548789978
2002.0000000000002,1.957006812095642
2002.1000000000001,1.9492450952529907
2002.2,1.9665675163269043
2002.3000000000002,1.9639748334884644
2002.4,1.9685227870941162
2002.5000000000002,1.9644232988357544
2002.6000000000001,1.971411108970642
2002.7,1.9730126857757568
2002.8000000000002,1.953553318977356
2002.9,1.9707632064819336
2003.0000000000002,1.9639286994934082
2003.1000000000001,1.9692715406417847
2003.2,1.9685163497924805
2003.3000000000002,1.9730274677276611
2003.4,1.9526655673980713
2003.5000000000002,1.9647918939590454
2003.6000000000001,1.9652915000915527
2003.7,1.9748317003250122
2003.8000000000002,1.9687494039535522
2003.9,1.9684594869613647
2004.0000000000002,1.966660499572754
2004.1000000000001,1.9758331775665283
2004.2,1.9767261743545532
2004.3000000000002,1.973326563835144
2004.4,1.9569789171218872
2004.5000000000002,1.9557844400405884
2004.6000000000001,1.968522310256958
2004.7,1.9630441665649414
2004.8000000000002,1.9575073719024658
2004.9,1.9717037677764893
2005.0000000000002,1.9568498134613037
2005.1000000000001,1.9654570817947388
2005.2,1.9668664932250977
2005.3000000000002,1.9719364643096924
2005.4,1.9771547317504883
2005.5000000000002,1.9617377519607544
2005.6000000000001,1.9690515995025635
2005.7,1.9760440587997437
2005.8000000000002,1.9733026027679443
2005.9,1.952890396118164
2006.0000000000002,1.9698646068572998
2006.1000000000001,1.9706112146377563
2006.2,1.9738012552261353
2006.3000000000002,1.974007248878479
2006.4,1.9703539609909058
2006.5000000000002,1.9697307348251343
2006.6000000000001,1.9746140241622925
2006.7,1.9690290689468384
2006.8000000000002,1.981128454208374
2006.9,1.9644367694854736
2007.0000000000002,1.9665755033493042
2007.1000000000001,1.97481107711792
2007.2,1.964967966079712
2007.3000000000002,1.9621436595916748
2007.4,1.9552150964736938
2007.5000000000002,1.9579747915267944
2007.6000000000001,1.9651929140090942
2007.7,1.971490740776062
2007.8000000000002,1.973908543586731
2007.9,1.9651321172714233
2008.0000000000002,1.9755196571350098
2008.1000000000001,1.9712284803390503
2008.2,1.9682859182357788
2008.3000000000002,1.9673573970794678
2008.4,1.973876953125
2008.5000000000002,1.9594001770019531
2008.6000000000001,1.9672740697860718
2008.7,1.9666893482208252
2008.8000000000002,1.9779856204986572
2008.9,1.9679127931594849
2009.0000000000002,1.9579824209213257
2009.1000000000001,1.9737274646759033
2009.2,1.976239562034607
2009.3000000000002,1.9853670597076416
2009.4,1.9765256643295288
2009.5000000000002,1.9811975955963135
2009.6000000000001,1.9658918380737305
2009.7,1.9690581560134888
2009.8000000000002,1.9742823839187622
2009.9,1.9620779752731323
2010.0000000000002,1.9759529829025269
2010.1000000000001,1.968388319015503
2010.2,1.9706650972366333
2010.3000000000002,1.9643625020980835
2010.4,1.9716262817382812
2010.5000000000002,1.9617292881011963
2010.6000000000001,1.9664100408554077
2010.7,1.9694433212280273
2010.8000000000002,1.9678716659545898
2010.9,1.9760180711746216
2011.0000000000002,1.9553252458572388
2011.1000000000001,1.9681105613708496
2011.2,1.9644334316253662
2011.3000000000002,1.967335820198059
2011.4,1.9732420444488525
2011.5000000000002,1.9671138525009155
2011.6000000000001,1.9768249988555908
2011.7,1.9767720699310303
2011.8000000000002,1.9724448919296265
2011.9,1.979223608970642
2012.0000000000002,1.9700570106506348
2012.1000000000001,1.974180817604065
2012.2,1.9738757610321045
2012.3000000000002,1.9669196605682373
2012.4,1.9659485816955566
2012.5000000000002,1.9753785133361816
2012.6000000000001,1.975007176399231
2012.7,1.9674631357192993
2012.8000000000002,1.964228868484497
2012.9,1.9613568782806396
2013.0000000000002,1.972295880317688
2013.1000000000001,1.9771465063095093
2013.2,1.9696402549743652
2013.3000000000002,1.9747214317321777
2013.4,1.9738091230392456
2013.5000000000002,1.9666377305984497
2013.6000000000001,1.9756814241409302
2013.7,1.9746043682098389
2013.8000000000002,1.9752103090286255
2013.9,1.963093638420105
2014.0000000000002,1.9837141036987305
2014.1000000000001,1.9825904369354248
2014.2,1.9723455905914307
2014.3000000000002,1.9694463014602661
2014.4,1.9771922826766968
2014.5000000000002,1.971714973449707
2014.6000000000001,1.9750033617019653
2014.7,1.9880446195602417
2014.8000000000002,1.9705144166946411
2014.9,1.9799432754516602
2015.0000000000002,1.9768123626708984
2015.1000000000001,1.977415919303894
2015.2,1.9773592948913574
2015.3000000000002,1.9731887578964233
2015.4,1.9817723035812378
2015.5000000000002,1.9835344552993774
2015.6000000000001,1.9725911617279053
2015.7,1.9689017534255981
2015.8000000000002,1.9786232709884644
2015.9,1.9750720262527466
2016.0000000000002,1.972917914390564
2016.1000000000001,1.9780243635177612
2016.2,1.9817869663238525
2016.3000000000002,1.9843043088912964
2016.4,1.972269058227539
2016.5000000000002,1.9746737480163574
2016.6000000000001,1.9728947877883911
2016.7,1.9790805578231812
2016.8000000000002,1.9894020557403564
2016.9,1.9766405820846558
2017.0000000000002,1.9656814336776733
2017.1000000000001,1.9830378293991089
2017.2,1.9741642475128174
2017.3000000000002,1.9859449863433838
2017.4,1.9744168519973755
2017.5000000000002,1.9975214004516602
2017.6000000000001,1.978127360343933
2017.7,1.9699254035949707
2017.8000000000002,1.9881926774978638
2017.9,1.9775911569595337
2018.0000000000002,1.9835389852523804
2018.1000000000001,1.9847716093063354
2018.2,1.9723535776138306
2018.3000000000002,1.971826195716858
2018.4,1.9786503314971924
2018.5000000000002,1.968733549118042
2018.6000000000001,1.9877301454544067
2018.7,1.9741860628128052
2018.8000000000002,1.9747377634048462
2018.9,1.972052812576294
2019.0000000000002,1.9894436597824097
2019.1000000000001,1.9708287715911865
2019.2,1.9876066446304321
2019.3000000000002,1.9744722843170166
2019.4,1.9756453037261963
2019.5000000000002,1.9737974405288696
2019.6000000000001,1.976027250289917
2019.7,1.9751559495925903
2019.8000000000002,1.9770818948745728
2019.9,1.9755806922912598
2020.0000000000002,1.980181097984314
2020.1000000000001,1.9792661666870117
2020.2,1.9739443063735962
2020.3000000000002,1.993841528892517
2020.4,1.9722880125045776
2020.5000000000002,1.9871134757995605
2020.6000000000001,1.9774222373962402
2020.7,1.982090711593628
2020.8000000000002,1.9761474132537842
2020.9,1.9839155673980713
2021.0000000000002,1.9813992977142334
2021.1000000000001,1.9837430715560913
2021.2,1.9709640741348267
2021.3000000000002,1.9711393117904663
2021.4,1.9877455234527588
2021.5000000000002,1.9762436151504517
2021.6000000000001,1.9790716171264648
2021.7,1.9817193746566772
2021.8000000000002,1.978458285331726
2021.9,1.9870110750198364
2022.0000000000002,1.9875279664993286
2022.1000000000001,1.9805760383605957
2022.2,1.9728342294692993
2022.3000000000002,1.9885897636413574
2022.4,1.9751495122909546
2022.5000000000002,1.988779067993164
2022.6000000000001,1.9815595149993896
2022.7,1.9898730516433716
2022.8000000000002,1.9677883386611938
2022.9,1.9915978908538818
2023.0000000000002,1.9852665662765503
2023.1000000000001,1.989937424659729
2023.2,1.9902739524841309
2023.3000000000002,1.9860293865203857
2023.4,1.9899839162826538
2023.5000000000002,1.9910035133361816
2023.6000000000001,1.9876102209091187
2023.7,1.991952896118164
2023.8000000000002,1.989788293838501
2023.9,1.9838348627090454
2024.0000000000002,1.9746026992797852
2024.1000000000001,1.990225076675415
2024.2,1.9788988828659058
2024.3000000000002,1.979567050933838
2024.4,1.993550419807434
2024.5000000000002,1.9819903373718262
2024.6000000000001,1.9954417943954468
2024.7,1.9923038482666016
2024.8000000000002,1.9807839393615723
2024.9,1.9861931800842285
2025.0000000000002,1.9869248867034912
2025.1000000000001,1.9839318990707397
2025.2,1.97539222240448
2025.3000000000002,1.9943500757217407
2025.4,1.993158221244812
2025.5000000000002,1.9884594678878784
2025.6000000000001,1.9863626956939697
2025.7,1.9796934127807617
2025.8000000000002,1.9924829006195068
2025.9,1.986816644668579
2026.0000000000002,1.9869623184204102
2026.1000000000001,1.988391399383545
2026.2,1.9919801950454712
2026.3000000000002,1.9860795736312866
2026.4,1.9813563823699951
2026.5000000000002,1.9882514476776123
2026.6000000000001,1.9800807237625122
2026.7,1.9850646257400513
2026.8000000000002,1.9953088760375977
2026.9,1.9855446815490723
2027.0000000000002,1.9839404821395874
2027.1000000000001,1.988031029701233
2027.2,1.9957221746444702
2027.3000000000002,1.994714617729187
2027.4,1.9798964262008667
2027.5000000000002,1.9939454793930054
2027.6000000000001,1.9891924858093262
2027.7,1.9991068840026855
2027.8000000000002,1.98104727268219
2027.9,1.9817895889282227
2028.0000000000002,1.9894517660140991
2028.1000000000001,1.9920976161956787
2028.2,1.9891493320465088
2028.3000000000002,1.993249773979187
2028.4,1.9904406070709229
2028.5000000000002,1.9925687313079834
2028.6000000000001,1.9909465312957764
2028.7,1.9814404249191284
2028.8000000000002,1.9884412288665771
2028.9,2.006546974182129
2029.0000000000002,1.9917844533920288
2029.1000000000001,1.9802194833755493
2029.2,1.9790079593658447
2029.3000000000002,1.9997116327285767
2029.4,1.9983289241790771
2029.5000000000002,1.98241126537323
2029.6000000000001,1.9816913604736328
2029.7,1.9927862882614136
2029.8000000000002,1.9931955337524414
2029.9,1.9820146560668945
2030.0000000000002,2.001624345779419
2030.1000000000001,1.9914640188217163
2030.2,1.9814574718475342
2030.3000000000002,1.9976227283477783
2030.4,1.9760948419570923
2030.5000000000002,1.9977258443832397
2030.6000000000001,1.9918123483657837
2030.7,1.9808651208877563
2030.8000000000002,1.9885826110839844
2030.9,2.0055153369903564
2031.0000000000002,1.9771703481674194
2031.1000000000001,1.9897185564041138
2031.2,1.9895777702331543
2031.3000000000002,1.992797613143921
2031.4,1.9914270639419556
2031.5000000000002,1.9727509021759033
2031.6000000000001,1.9935250282287598
2031.7,1.994537115097046
2031.8000000000002,1.9839189052581787
2031.9,1.99600088596344
2032.0000000000002,1.9997837543487549
2032.1000000000001,1.9870411157608032
2032.2,1.992193579673767
2032.3000000000002,2.0021255016326904
2032.4,1.9818886518478394
2032.5000000000002,1.9847006797790527
2032.6000000000001,2.004201650619507
2032.7,1.9949809312820435
2032.8000000000002,2.0127973556518555
2032.9,1.9901800155639648
2033.0000000000002,1.9887347221374512
2033.1000000000001,2.0029146671295166
2033.2,2.000681161880493
2033.3000000000002,1.9947144985198975
2033.4,2.0004072189331055
2033.5000000000002,1.9924046993255615
2033.6000000000001,1.9867359399795532
2033.7,1.9976974725723267
2033.8000000000002,1.9986028671264648
2033.9,1.9892807006835938
2034.0000000000002,1.994746446609497
2034.1000000000001,1.9928724765777588
2034.2,1.9960744380950928
2034.3000000000002,2.003033399581909
2034.4,2.0019071102142334
2034.5000000000002,1.9994372129440308
2034.6000000000001,1.9913665056228638
2034.7,1.9926233291625977
2034.8000000000002,2.004923105239868
2034.9,1.9998767375946045
2035.0000000000002,2.0086424350738525
2035.1000000000001,2.0027644634246826
2035.2,1.9823169708251953
2035.3000000000002,1.9949766397476196
2035.4,1.9844480752944946
2035.5000000000002,1.9922630786895752
2035.6000000000001,2.007012367248535
2035.7,1.9933528900146484
2035.8000000000002,2.0004377365112305
2035.9,1.9911454916000366
2036.0000000000002,1.9851046800613403
2036.1000000000001,2.0034759044647217
2036.2,2.002431631088257
2036.3000000000002,2.008131265640259
2036.4,1.995717167854309
2036.5000000000002,1.9895625114440918
2036.6000000000001,1.99822199344635
2036.7,2.0060484409332275
2036.8000000000002,2.0010924339294434
2036.9,1.9953383207321167
2037.0000000000002,2.0057969093322754
2037.1000000000001,1.9992585182189941
2037.2,1.9879837036132812
2037.3000000000002,2.007704257965088
2037.4,1.9972654581069946
2037.5000000000002,1.9949054718017578
2037.6000000000001,2.0046348571777344
2037.7,2.00516939163208
2037.8000000000002,1.9989700317382812
2037.9,1.9776479005813599
2038.0000000000002,1.9921232461929321
2038.1000000000001,2.001502513885498
2038.2,2.013848304748535
2038.3000000000002,2.010740280151367
2038.4,1.9954454898834229
2038.5000000000002,2.0010554790496826
2038.6000000000001,1.9992355108261108
2038.7,1.9819668531417847
2038.8000000000002,1.9991085529327393
2038.9,2.002351999282837
2039.0000000000002,2.001063823699951
2039.1000000000001,1.998844861984253
2039.2,2.013978958129883
2039.3000000000002,1.9943064451217651
2039.4,2.00002384185791
2039.5000000000002,1.9905520677566528
2039.6000000000001,1.988027811050415
2039.7,2.004312753677368
2039.8000000000002,2.0143015384674072
2039.9,2.0049242973327637
2040.0000000000002,2.004985809326172
2040.1000000000001,1.9989054203033447
2040.2,2.002281904220581
2040.3000000000002,2.0100786685943604
2040.4,2.009592294692993
2040.5000000000002,2.008589267730713
2040.6000000000001,2.0066797733306885
2040.7,2.014737129211426
2040.8000000000002,2.006350517272949
2040.9,2.011035919189453
2041.0000000000002,2.0065205097198486
2041.1000000000001,2.0034573078155518
2041.2,2.0059332847595215
2041.3000000000002,2.005887508392334
2041.4,1.9982439279556274
2041.5000000000002,1.998907446861267
2041.6000000000001,2.0103867053985596
2041.7,2.0136301517486572
2041.8000000000002,1.9950600862503052
2041.9,1.996728539466858
2042.0000000000002,2.0097177028656006
2042.1000000000001,2.011780023574829
2042.2,2.011408567428589
2042.3000000000002,1.997826099395752
2042.4,2.008202314376831
2042.5000000000002,1.998309850692749
2042.6000000000001,2.008478879928589
2042.7,2.013049840927124
2042.8000000000002,1.9975018501281738
2042.9,2.016425132751465
2043.0000000000002,1.9864778518676758
2043.1000000000001,2.014063835144043
2043.2,2.008065938949585
2043.3000000000002,2.0003151893615723
2043.4,2.0115318298339844
2043.5000000000002,2.014765501022339
2043.6000000000001,2.0163326263427734
2043.7,2.019312620162964
2043.8000000000002,2.0074572563171387
2043.9,2.0096042156219482
2044.0000000000002,2.0230586528778076
2044.1000000000001,1.997171401977539
2044.2,2.0100462436676025
2044.3000000000002,2.0115182399749756
2044.4,2.016096353530884
2044.5000000000002,2.0134201049804688
2044.6000000000001,1.9940223693847656
2044.7,2.008615732192993
2044.8000000000002,2.0053937435150146
2044.9,1.985288143157959
2045.0000000000002,2.0114662647247314
2045.1000000000001,2.007471799850464
2045.2,2.003326416015625
2045.3000000000002,2.0084986686706543
2045.4,2.0029032230377197
2045.5000000000002,2.0047011375427246
2045.6000000000001,2.011681318283081
2045.7,2.0044827461242676
2045.8000000000002,2.011012315750122
2045.9,2.0148231983184814
2046.0000000000002,2.009960174560547
2046.1000000000001,2.0067343711853027
2046.2,2.0017900466918945
2046.3000000000002,2.010756731033325
2046.4,2.00209641456604
2046.5000000000002,2.007892370223999
2046.6000000000001,2.01336932182312
2046.7,2.0063390731811523
2046.8000000000002,2.0095813274383545
2046.9,2.0060908794403076
2047.0000000000002,2.0149192810058594
2047.1000000000001,2.016716241836548
2047.2,2.0171828269958496
2047.3000000000002,2.0188493728637695
2047.4,2.02441143989563
2047.5000000000002,2.0234262943267822
2047.6000000000001,2.006554365158081
2047.7,2.0120272636413574
2047.8000000000002,2.0079519748687744
2047.9,2.0121376514434814
2048.0,2.0090670585632324
2048.1,2.0174875259399414
2048.2000000000003,2.0104308128356934
2048.3,2.0128870010375977
2048.4,2.014249563217163
2048.5,2.015042304992676
2048.6,2.0168869495391846
2048.7000000000003,2.022791624069214
2048.8,2.0140202045440674
2048.9,2.0072402954101562
2049.0,2.0131309032440186
2049.1,2.0224781036376953
2049.2000000000003,2.014801025390625
2049.3,2.002271890640259
2049.4,2.004260301589966
2049.5,2.0128848552703857
2049.6,2.020825147628784
2049.7000000000003,2.0185697078704834
2049.8,2.0097975730895996
2049.9,2.0258829593658447
2050.0,2.0117745399475098
2050.1,1.999988079071045
2050.2000000000003,2.0136210918426514
2050.3,2.0252559185028076
2050.4,2.013197422027588
2050.5,2.025827169418335
2050.6,2.0124382972717285
2050.7000000000003,2.0305941104888916
2050.8,2.0171053409576416
2050.9,2.007917642593384
2051.0,2.008493423461914
2051.1,2.012267827987671
2051.2000000000003,2.0097591876983643
2051.3,2.021209478378296
2051.4,2.022913932800293
2051.5,2.0150749683380127
2051.6,2.017104148864746
2051.7000000000003,2.021131753921509
2051.8,2.0066816806793213
2051.9,2.0110549926757812
2052.0,2.0154976844787598
2052.1,2.0270180702209473
2052.2000000000003,2.0200607776641846
2052.3,2.027039051055908
2052.4,2.015732526779175
2052.5,2.0217106342315674
2052.6,2.0154926776885986
2052.7000000000003,2.025954484939575
2052.8,2.0005884170532227
2052.9,2.023357391357422
2053.0,2.021531581878662
2053.1,2.002168655395508
2053.2000000000003,2.004624366760254
2053.3,2.010380506515503
2053.4,2.0130176544189453
2053.5,2.0180020332336426
2053.6,2.014495372772217
2053.7000000000003,2.0196189880371094
2053.8,2.020970106124878
2053.9,2.0083885192871094
2054.0,2.033679246902466
2054.1,2.0273959636688232
2054.2000000000003,2.0217301845550537
2054.3,2.0226361751556396
2054.4,2.0069007873535156
2054.5,2.0141186714172363
2054.6,2.0306806564331055
2054.7000000000003,2.021061897277832
2054.8,2.025827407836914
2054.9,2.025024175643921
2055.0,2.019728183746338
2055.1,2.0194408893585205
2055.2000000000003,2.0270469188690186
2055.3,2.0282437801361084
2055.4,2.025564432144165
2055.5,2.0277516841888428
2055.6,2.01123309135437
2055.7000000000003,2.0295116901397705
2055.8,2.0171499252319336
2055.9,2.018219470977783
2056.0,2.021573305130005
2056.1,2.0240676403045654
2056.2000000000003,2.0290820598602295
2056.3,2.0176830291748047
2056.4,2.02449893951416
2056.5,2.0213522911071777
2056.6,2.0324318408966064
2056.7000000000003,2.0140726566314697
2056.8,2.0251080989837646
2056.9,2.0255188941955566
2057.0,2.0145599842071533
2057.1,2.029473304748535
2057.2000000000003,2.021327257156372
2057.3,2.020045042037964
2057.4,2.035505771636963
2057.5,2.011012077331543
2057.6,2.0294976234436035
2057.7000000000003,2.026610851287842
2057.8,2.0288288593292236
2057.9,2.006610155105591
2058.0,2.0216972827911377
2058.1,2.029822826385498
2058.2000000000003,2.031977415084839
2058.3,2.0191633701324463
2058.4,2.0279109477996826
2058.5,2.0236616134643555
2058.6,2.0371460914611816
2058.7000000000003,2.0291526317596436
2058.8,2.024806022644043
2058.9,2.0367090702056885
2059.0,2.0168473720550537
2059.1,2.034634590148926
2059.2000000000003,2.0368893146514893
2059.3,2.0296573638916016
2059.4,2.023439407348633
2059.5,2.02138090133667
2059.6,2.0311105251312256
2059.7000000000003,2.0271098613739014
2059.8,2.012164354324341
2059.9,2.0301032066345215
2060.0,2.022491931915283
2060.1,2.0253684520721436
2060.2000000000003,2.0343635082244873
2060.3,2.02890682220459
2060.4,2.046443223953247
2060.5,2.015960216522217
2060.6,2.033977508544922
2060.7000000000003,2.0304999351501465
2060.8,2.031827688217163
2060.9,2.0197243690490723
2061.0,2.0359466075897217
2061.1,2.0239641666412354
2061.2000000000003,2.0300910472869873
2061.3,2.028744697570801
2061.4,2.0338940620422363
2061.5,2.023024320602417
2061.6,2.029740810394287
2061.7000000000003,2.016486644744873
2061.8,2.0342459678649902
2061.9,2.0290732383728027
2062.0,2.035162925720215
2062.1,2.041987657546997
2062.2000000000003,2.0285491943359375
2062.3,2.0368828773498535
2062.4,2.0327441692352295
2062.5,2.0325357913970947
2062.6,2.035808801651001
2062.7000000000003,2.0314931869506836
2062.8,2.042210102081299
2062.9,2.033806085586548
2063.0,2.031332492828369
2063.1,2.024198055267334
2063.2000000000003,2.0351340770721436
2063.3,2.0246849060058594
2063.4,2.028674602508545
2063.5,2.037087917327881
2063.6,2.0312881469726562
2063.7000000000003,2.0320820808410645
2063.8,2.036087989807129
2063.9,2.041301727294922
2064.0,2.0377166271209717
2064.1,2.025756359100342
2064.2000000000003,2.0447757244110107
2064.3,2.0399491786956787
2064.4,2.031181812286377
2064.5,2.0373024940490723
2064.6,2.019648313522339
2064.7000000000003,2.034868001937866
2064.8,2.03231143951416
2064.9,2.033090114593506
2065.0,2.033780097961426
2065.1,2.037506580352783
2065.2000000000003,2.0358235836029053
2065.3,2.03913950920105
2065.4,2.0283713340759277
2065.5,2.031510829925537
2065.6,2.0348284244537354
2065.7000000000003,2.0393550395965576
2065.8,2.0471417903900146
2065.9,2.0385310649871826
2066.0,2.0498743057250977
2066.1,2.0434296131134033
2066.2000000000003,2.0484256744384766
2066.3,2.043776273727417
2066.4,2.0444912910461426
2066.5,2.043647527694702
2066.6,2.044498920440674
2066.7000000000003,2.0316250324249268
2066.8,2.0383799076080322
2066.9,2.034113645553589
2067.0,2.040235996246338
2067.1,2.04960036277771
2067.2000000000003,2.0475616455078125
2067.3,2.0428922176361084
2067.4,2.0198447704315186
2067.5,2.0350606441497803
2067.6,2.0091614723205566
2067.7000000000003,2.0427780151367188
2067.8,2.042264938354492
2067.9,2.0401484966278076
2068.0,2.024005651473999
2068.1,2.041903257369995
2068.2000000000003,2.0477988719940186
2068.3,2.037842035293579
2068.4,2.0442652702331543
2068.5,2.0342841148376465
2068.6,2.0344510078430176
2068.7000000000003,2.053119421005249
2068.8,2.046670913696289
2068.9,2.0360171794891357
2069.0,2.028705358505249
2069.1,2.051011085510254
2069.2000000000003,2.052621841430664
2069.3,2.0191664695739746
2069.4,2.0503907203674316
2069.5,2.0494422912597656
2069.6,2.033679246902466
2069.7000000000003,2.0408811569213867
2069.8,2.0460550785064697
2069.9,2.0422351360321045
2070.0,2.0402185916900635
2070.1,2.0594751834869385
2070.2000000000003,2.0315611362457275
2070.3,2.046969175338745
2070.4,2.0387046337127686
2070.5,2.049438953399658
2070.6,2.0469744205474854
2070.7000000000003,2.0491976737976074
2070.8,2.0439798831939697
2070.9,2.0507314205169678
2071.0,2.042851448059082
2071.1,2.045290946960449
2071.2000000000003,2.042757511138916
2071.3,2.041804790496826
2071.4,2.048326015472412
2071.5,2.043281316757202
2071.6,2.0583183765411377
2071.7000000000003,2.0526020526885986
2071.8,2.0427403450012207
2071.9,2.0503268241882324
2072.0,2.0495407581329346
2072.1,2.0481302738189697
2072.2000000000003,2.0466480255126953
2072.3,2.0423264503479004
2072.4,2.058298110961914
2072.5,2.0433743000030518
2072.6,2.039489507675171
2072.7000000000003,2.0400290489196777
2072.8,2.0419864654541016
2072.9,2.0549120903015137
2073.0,2.0518593788146973
2073.1,2.045659303665161
2073.2000000000003,2.058131217956543
2073.3,2.03680682182312
2073.4,2.0419297218322754
2073.5,2.0453715324401855
2073.6,2.052790880203247
2073.7000000000003,2.035966157913208
2073.8,2.052231550216675
2073.9,2.0563182830810547
2074.0,2.057080030441284
2074.1,2.0594184398651123
2074.2000000000003,2.0512304306030273
2074.3,2.0416433811187744
2074.4,2.053223133087158
2074.5,2.051422119140625
2074.6,2.0667972564697266
2074.7000000000003,2.050407886505127
2074.8,2.0549867153167725
2074.9,2.0560550689697266
2075.0,2.0566694736480713
2075.1,2.049999952316284
2075.2000000000003,2.046938419342041
2075.3,2.061239242553711
2075.4,2.047752857208252
2075.5,2.053326368331909
2075.6,2.0432796478271484
2075.7000000000003,2.0440125465393066
2075.8,2.0480291843414307
2075.9,2.058159351348877
2076.0,2.0624210834503174
2076.1,2.0466768741607666
2076.2000000000003,2.050764560699463
2076.3,2.0522496700286865
2076.4,2.056903839111328
2076.5,2.060267686843872
2076.6,2.053373098373413
2076.7000000000003,2.044912338256836
2076.8,2.061006784439087
2076.9,2.054326057434082
2077.0,2.054211139678955
2077.1,2.067333936691284
2077.2000000000003,2.06074595451355
2077.3,2.0562658309936523
2077.4,2.0540783405303955
2077.5,2.0649263858795166
2077.6,2.0532076358795166
2077.7000000000003,2.063363790512085
2077.8,2.0517799854278564
2077.9,2.0554823875427246
2078.0,2.059612512588501
2078.1,2.0576815605163574
2078.2000000000003,2.0489766597747803
2078.3,2.0464038848876953
2078.4,2.0476465225219727
2078.5,2.0642457008361816
2078.6,2.0480117797851562
2078.7000000000003,2.0520665645599365
2078.8,2.0589280128479004
2078.9,2.0594639778137207
2079.0,2.0623438358306885
2079.1,2.0587854385375977
2079.2000000000003,2.062411069869995
2079.3,2.0649383068084717
2079.4,2.052096366882324
2079.5,2.0524086952209473
2079.6,2.047039747238159
2079.7000000000003,2.0623834133148193
2079.8,2.060291051864624
2079.9,2.063082218170166
2080.0,2.0557966232299805
2080.1,2.0503804683685303
2080.2000000000003,2.067323684692383
2080.3,2.0582048892974854
2080.4,2.067065715789795
2080.5,2.0608744621276855
2080.6,2.0636730194091797
2080.7000000000003,2.0547373294830322
2080.8,2.064049005508423
2080.9,2.051363468170166
2081.0,2.067835569381714
2081.1,2.0649595260620117
2081.2000000000003,2.0684597492218018
2081.3,2.0581912994384766
2081.4,2.0670595169067383
2081.5,2.06183123588562
2081.6,2.0538270473480225
2081.7000000000003,2.0751404762268066
2081.8,2.0603435039520264
2081.9,2.0709569454193115
2082.0,2.0618414878845215
2082.1,2.0630784034729004
2082.2000000000003,2.0744755268096924
2082.3,2.0774686336517334
2082.4,2.0668671131134033
2082.5,2.0701475143432617
2082.6,2.053257465362549
2082.7000000000003,2.0522022247314453
2082.8,2.065356731414795
2082.9,2.0700278282165527
2083.0,2.056424379348755
2083.1,2.063572645187378
2083.2000000000003,2.0691702365875244
2083.3,2.061815023422241
2083.4,2.0707130432128906
2083.5,2.0623600482940674
2083.6,2.0676050186157227
2083.7000000000003,2.0766870975494385
2083.8,2.0635182857513428
2083.9,2.054466485977173
2084.0,2.060568332672119
2084.1,2.0736608505249023
2084.2000000000003,2.061690330505371
2084.3,2.059731960296631
2084.4,2.060821056365967
2084.5,2.064891815185547
2084.6,2.058872699737549
2084.7000000000003,2.0580296516418457
2084.8,2.0775225162506104
2084.9,2.0582244396209717
2085.0,2.0783047676086426
2085.1,2.0642850399017334
2085.2000000000003,2.0753750801086426
2085.3,2.0720059871673584
2085.4,2.0528767108917236
2085.5,2.0636825561523438
2085.6,2.0757315158843994
2085.7000000000003,2.0657830238342285
2085.8,2.070075035095215
2085.9,2.0733437538146973
2086.0,2.0686023235321045
2086.1,2.070232629776001
2086.2000000000003,2.077300548553467
2086.3,2.0585947036743164
2086.4,2.0678207874298096
2086.5,2.0830373764038086
2086.6,2.0706050395965576
2086.7000000000003,2.065077304840088
2086.8,2.0678904056549072
2086.9,2.068875312805176
2087.0,2.050178289413452
2087.1,2.073817729949951
2087.2000000000003,2.044614791870117
2087.3,2.079836845397949
2087.4,2.080815076828003
2087.5,2.0700886249542236
2087.6,2.0776166915893555
2087.7000000000003,2.070566415786743
2087.8,2.0756473541259766
2087.9,2.072209596633911
2088.0,2.079103469848633
2088.1,2.0657169818878174
2088.2000000000003,2.0718696117401123
2088.3,2.0739071369171143
2088.4,2.077704429626465
2088.5,2.069890022277832
2088.6,2.0673158168792725
2088.7000000000003,2.0683248043060303
2088.8,2.073103427886963
2088.9,2.068110227584839
2089.0,2.0690884590148926
2089.1,2.0621895790100098
2089.2000000000003,2.0737686157226562
2089.3,2.077817440032959
2089.4,2.0848186016082764
2089.5,2.0799481868743896
2089.6,2.0663294792175293
2089.7000000000003,2.075881004333496
2089.8,2.071847915649414
2089.9,2.086517333984375
2090.0,2.079037666320801
2090.1,2.0763609409332275
2090.2000000000003,2.0657734870910645
2090.3,2.0691375732421875
2090.4,2.0660994052886963
2090.5,2.0722179412841797
2090.6,2.0845179557800293
2090.7000000000003,2.0703399181365967
2090.8,2.0765678882598877
2090.9,2.073490858078003
2091.0,2.0643157958984375
2091.1,2.085012912750244
2091.2000000000003,2.077563524246216
2091.3,2.0786731243133545
2091.4,2.072575330734253
2091.5,2.070059299468994
2091.6,2.0779881477355957
2091.7000000000003,2.0741255283355713
2091.8,2.0790979862213135
2091.9,2.079178810119629
2092.0,2.079521894454956
2092.1,2.068039894104004
2092.2000000000003,2.0748047828674316
2092.3,2.073899745941162
2092.4,2.059699058532715
2092.5,2.077946424484253
2092.6,2.0908687114715576
2092.7000000000003,2.0698952674865723
2092.8,2.0845301151275635
2092.9,2.076022148132324
2093.0,2.08305287361145
2093.1,2.0848591327667236
2093.2000000000003,2.08309006690979
2093.3,2.0829391479492188
2093.4,2.07023024559021
2093.5,2.086036443710327
2093.6,2.0768580436706543
2093.7000000000003,2.0731587409973145
2093.8,2.076462507247925
2093.9,2.084324836730957
2094.0,2.080115556716919
2094.1,2.0914227962493896
2094.2000000000003,2.0741875171661377
2094.3,2.0861871242523193
2094.4,2.07859468460083
2094.5,2.0899176597595215
2094.6,2.0735385417938232
2094.7000000000003,2.0870704650878906
2094.8,2.0795464515686035
2094.9,2.0772817134857178
2095.0,2.0940821170806885
2095.1,2.0807666778564453
2095.2000000000003,2.0783743858337402
2095.3,2.076261043548584
2095.4,2.0643200874328613
2095.5,2.079887628555298
2095.6,2.089738607406616
2095.7000000000003,2.0876097679138184
2095.8,2.073648452758789
2095.9,2.074784278869629
2096.0,2.0914833545684814
2096.1,2.0896809101104736
2096.2000000000003,2.0791850090026855
2096.3,2.0793919563293457
2096.4,2.08439040184021
2096.5,2.072174072265625
2096.6,2.077134370803833
2096.7000000000003,2.088519811630249
2096.8,2.083505630493164
2096.9,2.079387903213501
2097.0,2.0912857055664062
2097.1,2.07979416847229
2097.2000000000003,2.093884229660034
2097.3,2.09955096244812
2097.4,2.0820388793945312
2097.5,2.0852162837982178
2097.6,2.089782953262329
2097.7000000000003,2.097121238708496
2097.8,2.080169439315796
2097.9,2.083507537841797
2098.0,2.089506149291992
2098.1,2.0883939266204834
2098.2000000000003,2.0956814289093018
2098.3,2.0947353839874268
2098.4,2.0923001766204834
2098.5,2.091341972351074
2098.6,2.0733983516693115
2098.7000000000003,2.086796998977661
2098.8,2.1005008220672607
2098.9,2.088545560836792
2099.0,2.091050624847412
2099.1,2.096832036972046
2099.2000000000003,2.098325729370117
2099.3,2.089879274368286
2099.4,2.088707685470581
2099.5,2.104813575744629
2099.6,2.088686466217041
2099.7000000000003,2.083470582962036
2099.8,2.0903847217559814
2099.9,2.0806078910827637
2100.0,2.101163864135742
2100.1,2.089287042617798
2100.2000000000003,2.0976593494415283
2100.3,2.0967025756835938
2100.4,2.099687337875366
2100.5,2.0916290283203125
2100.6,2.0958592891693115
2100.7000000000003,2.088984251022339
2100.8,2.098311185836792
2100.9,2.090620279312134
2101.0,2.097714900970459
2101.1,2.091273307800293
2101.2000000000003,2.093695640563965
2101.3,2.096883773803711
2101.4,2.0970892906188965
2101.5,2.0897157192230225
2101.6,2.0917508602142334
2101.7000000000003,2.0905537605285645
2101.8,2.0870840549468994
2101.9,2.095580816268921
2102.0,2.088538885116577
2102.1,2.105363607406616
2102.2000000000003,2.0967652797698975
2102.3,2.0995922088623047
2102.4,2.096327781677246
2102.5,2.0980019569396973
2102.6,2.095759391784668
2102.7000000000003,2.0870463848114014
2102.8,2.0952582359313965
2102.9,2.1030819416046143
2103.0,2.0920817852020264
2103.1,2.0870139598846436
2103.2000000000003,2.1047160625457764
2103.3,2.094771146774292
2103.4,2.096950054168701
2103.5,2.0956575870513916
2103.6,2.0928165912628174
2103.7000000000003,2.090639352798462
2103.8,2.0893683433532715
2103.9,2.0929312705993652
2104.0,2.1110353469848633
2104.1,2.0904526710510254
2104.2000000000003,2.0924668312072754
2104.3,2.1010637283325195
2104.4,2.1043124198913574
2104.5,2.1054279804229736
2104.6,2.0982754230499268
2104.7000000000003,2.094817876815796
2104.8,2.111940860748291
2104.9,2.0941615104675293
2105.0,2.1087026596069336
2105.1,2.108069896697998
2105.2000000000003,2.0994811058044434
2105.3,2.092677354812622
2105.4,2.098553419113159
2105.5,2.096235513687134
2105.6,2.0987329483032227
2105.7000000000003,2.1047027111053467
2105.8,2.09138822555542
2105.9,2.106895923614502
2106.0,2.094256639480591
2106.1,2.090040683746338
2106.2000000000003,2.1011643409729004
2106.3,2.1053638458251953
2106.4,2.101189374923706
2106.5,2.100414276123047
2106.6,2.0883798599243164
2106.7000000000003,2.096642255783081
2106.8,2.09743332862854
2106.9,2.111088752746582
2107.0,2.097602605819702
2107.1,2.1029515266418457
2107.2000000000003,2.0917587280273438
2107.3,2.1094844341278076
2107.4,2.1055169105529785
2107.5,2.1046640872955322
2107.6,2.1035501956939697
2107.7000000000003,2.0822131633758545
2107.8,2.094183921813965
2107.9,2.101840019226074
2108.0,2.1020619869232178
2108.1,2.1051442623138428
2108.2000000000003,2.1007461547851562
2108.3,2.096386432647705
2108.4,2.1138412952423096
2108.5,2.1089987754821777
2108.6,2.1026315689086914
2108.7000000000003,2.1118314266204834
2108.8,2.105637311935425
2108.9,2.1091396808624268
2109.0,2.1111466884613037
2109.1,2.0990102291107178
2109.2000000000003,2.0870344638824463
2109.3,2.106077194213867
2109.4,2.1194350719451904
2109.5,2.0986533164978027
2109.6,2.105194330215454
2109.7000000000003,2.1197421550750732
2109.8,2.1088485717773438
2109.9,2.1001224517822266
2110.0,2.1058402061462402
2110.1,2.109924793243408
2110.2000000000003,2.097913980484009
2110.3,2.1075026988983154
2110.4,2.1003258228302
2110.5,2.1008808612823486
2110.6,2.1069254875183105
2110.7000000000003,2.095546245574951
2110.8,2.109752893447876
2110.9,2.1191461086273193
2111.0,2.1202757358551025
2111.1,2.1192445755004883
2111.2000000000003,2.11899733543396
2111.3,2.1135470867156982
2111.4,2.1166069507598877
2111.5,2.1173057556152344
2111.6,2.111703634262085
2111.7000000000003,2.1145215034484863
2111.8,2.112225294113159
2111.9,2.10988712310791
2112.0,2.1168313026428223
2112.1,2.1189985275268555
2112.2000000000003,2.090930461883545
2112.3,2.1050469875335693
2112.4,2.107309341430664
2112.5,2.1052098274230957
2112.6,2.12213134765625
2112.7000000000003,2.1209161281585693
2112.8,2.1170613765716553
2112.9,2.1244847774505615
2113.0,2.119985342025757
2113.1,2.109409809112549
2113.2000000000003,2.11445951461792
2113.3,2.1101186275482178
2113.4,2.120391607284546
2113.5,2.1107091903686523
2113.6,2.1314165592193604
2113.7000000000003,2.1139602661132812
2113.8,2.1169254779815674
2113.9,2.11244797706604
2114.0,2.1150052547454834
2114.1,2.106170415878296
2114.2000000000003,2.1213676929473877
2114.3,2.113936185836792
2114.4,2.116328716278076
2114.5,2.1179471015930176
2114.6,2.118704319000244
2114.7000000000003,2.110898733139038
2114.8,2.1048812866210938
2114.9,2.1243815422058105
2115.0,2.119720220565796
2115.1,2.1172964572906494
2115.2000000000003,2.1144585609436035
2115.3,2.1192078590393066
2115.4,2.1094765663146973
2115.5,2.118640184402466
2115.6,2.1148250102996826
2115.7000000000003,2.1206178665161133
2115.8,2.1210975646972656
2115.9,2.109292984008789
2116.0,2.104689359664917
2116.1,2.123401641845703
2116.2000000000003,2.0976572036743164
2116.3,2.128559112548828
2116.4,2.1178090572357178
2116.5,2.119447708129883
2116.6,2.109308958053589
2116.7000000000003,2.1361515522003174
2116.8,2.1139252185821533
2116.9,2.125980854034424
2117.0,2.1167869567871094
2117.1,2.106344223022461
2117.2000000000003,2.1151387691497803
2117.3,2.129300355911255
2117.4,2.1306066513061523
2117.5,2.1163103580474854
2117.6,2.117842674255371
2117.7000000000003,2.119656801223755
2117.8,2.121302843093872
2117.9,2.1256563663482666
2118.0,2.1158688068389893
2118.1,2.121091365814209
2118.2000000000003,2.1227078437805176
2118.3,2.12835431098938
2118.4,2.122837781906128
2118.5,2.1229147911071777
2118.6,2.1297569274902344
2118.7000000000003,2.13118839263916
2118.8,2.121276617050171
2118.9,2.1179513931274414
2119.0,2.123270273208618
2119.1,2.1220083236694336
2119.2000000000003,2.130514621734619
2119.3,2.1345410346984863
2119.4,2.12972354888916
2119.5,2.109551191329956
2119.6,2.128726005554199
2119.7000000000003,2.125814437866211
2119.8,2.13078236579895
2119.9,2.1238276958465576
2120.0,2.1249287128448486
2120.1,2.126555919647217
2120.2000000000003,2.1190385818481445
2120.3,2.1310362815856934
2120.4,2.1291544437408447
2120.5,2.131021738052368
2120.6,2.1292502880096436
2120.7000000000003,2.1294193267822266
2120.8,2.129293203353882
2120.9,2.1388962268829346
2121.0,2.123659372329712
2121.1,2.1288254261016846
2121.2000000000003,2.1178793907165527
2121.3,2.1307272911071777
2121.4,2.1235787868499756
2121.5,2.11767578125
2121.6,2.1244029998779297
2121.7000000000003,2.1295504570007324
2121.8,2.1335737705230713
2121.9,2.130734920501709
2122.0,2.117865562438965
2122.1,2.112398624420166
2122.2000000000003,2.1324665546417236
2122.3,2.1306159496307373
2122.4,2.120229959487915
2122.5,2.128047227859497
2122.6,2.1315629482269287
2122.7000000000003,2.124753713607788
2122.8,2.1298513412475586
2122.9,2.1277313232421875
2123.0,2.1220884323120117
2123.1,2.1226227283477783
2123.2000000000003,2.1238508224487305
2123.3,2.1302337646484375
2123.4,2.1147689819335938
2123.5,2.12034273147583
2123.6,2.1256449222564697
2123.7000000000003,2.1455891132354736
2123.8,2.1379644870758057
2123.9,2.1231563091278076
2124.0,2.1395351886749268
2124.1,2.122077703475952
2124.2000000000003,2.1306869983673096
2124.3,2.135507583618164
2124.4,2.1353466510772705
2124.5,2.140286684036255
2124.6,2.1323025226593018
2124.7000000000003,2.129873275756836
2124.8,2.1362433433532715
2124.9,2.144414186477661
2125.0,2.140825033187866
2125.1,2.140517234802246
2125.2000000000003,2.1399054527282715
2125.3,2.129852056503296
2125.4,2.1391656398773193
2125.5,2.1455302238464355
2125.6,2.1375439167022705
2125.7000000000003,2.1348087787628174
2125.8,2.123080015182495
2125.9,2.132070541381836
2126.0,2.135058879852295
2126.1,2.150186538696289
2126.2000000000003,2.1481010913848877
2126.3,2.1459097862243652
2126.4,2.14538311958313
2126.5,2.1315598487854004
2126.6,2.1312735080718994
2126.7000000000003,2.1318821907043457
2126.8,2.1481292247772217
2126.9,2.1423115730285645
2127.0,2.142892360687256
2127.1,2.133549451828003
2127.2000000000003,2.137368679046631
2127.3,2.121835708618164
2127.4,2.1262145042419434
2127.5,2.145382881164551
2127.6,2.141253709793091
2127.7000000000003,2.133157730102539
2127.8,2.144037961959839
2127.9,2.1418721675872803
2128.0,2.117328405380249
2128.1,2.1386914253234863
2128.2000000000003,2.1510422229766846
2128.3,2.1453258991241455
2128.4,2.1543991565704346
2128.5,2.1438610553741455
2128.6,2.134918689727783
2128.7000000000003,2.135589122772217
2128.8,2.153059244155884
2128.9,2.141531467437744
2129.0,2.147646188735962
2129.1,2.1396520137786865
2129.2000000000003,2.1417577266693115
2129.3,2.1439621448516846
2129.4,2.143733501434326
2129.5,2.1345977783203125
2129.6,2.151118278503418
2129.7000000000003,2.132951259613037
2129.8,2.138871192932129
2129.9,2.1463325023651123
2130.0,2.139557361602783
2130.1,2.139955759048462
2130.2000000000003,2.1442973613739014
2130.3,2.146609306335449
2130.4,2.143568515777588
2130.5,2.1387429237365723
2130.6,2.14542555809021
2130.7000000000003,2.144656181335449
2130.8,2.1389718055725098
2130.9,2.1358375549316406
2131.0,2.1492719650268555
2131.1,2.137338161468506
2131.2000000000003,2.1365954875946045
2131.3,2.1524555683135986
2131.4,2.150341033935547
2131.5,2.150819778442383
2131.6,2.144493818283081
2131.7000000000003,2.143846273422241
2131.8,2.1516075134277344
2131.9,2.1450040340423584
2132.0,2.145167827606201
2132.1,2.145965814590454
2132.2000000000003,2.153074026107788
2132.3,2.1441545486450195
2132.4,2.1371726989746094
2132.5,2.1504247188568115
2132.6,2.157268762588501
2132.7000000000003,2.1617441177368164
2132.8,2.14414119720459
2132.9,2.1424267292022705
2133.0,2.1480414867401123
2133.1,2.1578433513641357
2133.2000000000003,2.1504886150360107
2133.3,2.1463446617126465
2133.4,2.142841100692749
2133.5,2.140557289123535
2133.6,2.1534953117370605
2133.7000000000003,2.153968334197998
2133.8,2.153263568878174
2133.9,2.143162250518799
2134.0,2.141451120376587
2134.1,2.142498731613159
2134.2000000000003,2.1523070335388184
2134.3,2.1623404026031494
2134.4,2.157841682434082
2134.5,2.140505075454712
2134.6,2.1467676162719727
2134.7000000000003,2.167067289352417
2134.8,2.1481521129608154
2134.9,2.1651666164398193
2135.0,2.153064250946045
2135.1,2.1453447341918945
2135.2000000000003,2.15126895904541
2135.3,2.1461780071258545
2135.4,2.1543476581573486
2135.5,2.1504318714141846
2135.6,2.1492366790771484
2135.7000000000003,2.15339732170105
2135.8,2.131027936935425
2135.9,2.1384105682373047
2136.0,2.1486923694610596
2136.1,2.148514747619629
2136.2000000000003,2.144932746887207
2136.3,2.1511077880859375
2136.4,2.1468756198883057
2136.5,2.1701579093933105
2136.6,2.1666312217712402
2136.7000000000003,2.156374454498291
2136.8,2.1544742584228516
2136.9,2.1557486057281494
2137.0,2.1591532230377197
2137.1,2.159510612487793
2137.2000000000003,2.151798725128174
2137.3,2.145909547805786
2137.4,2.1609864234924316
2137.5,2.1619300842285156
2137.6,2.1696267127990723
2137.7000000000003,2.1507768630981445
2137.8,2.1580777168273926
2137.9,2.162235975265503
2138.0,2.1499946117401123
2138.1,2.141979455947876
2138.2000000000003,2.1581430435180664
2138.3,2.164422035217285
2138.4,2.1674365997314453
2138.5,2.1627910137176514
2138.6,2.162238121032715
2138.7000000000003,2.1578595638275146
2138.8,2.1570992469787598
2138.9,2.1640114784240723
2139.0,2.171368360519409
2139.1,2.159843921661377
2139.2000000000003,2.1496756076812744
2139.3,2.154524087905884
2139.4,2.1637024879455566
2139.5,2.1645357608795166
2139.6,2.1708812713623047
2139.7000000000003,2.170003652572632
2139.8,2.1481709480285645
2139.9,2.1649105548858643
2140.0,2.1651735305786133
2140.1,2.1630942821502686
2140.2000000000003,2.154758930206299
2140.3,2.1645541191101074
2140.4,2.1622679233551025
2140.5,2.178502082824707
2140.6,2.148975372314453
2140.7000000000003,2.1725146770477295
2140.8,2.1587507724761963
2140.9,2.1676971912384033
2141.0,2.1611785888671875
2141.1,2.163296699523926
2141.2000000000003,2.1600914001464844
2141.3,2.165832281112671
2141.4,2.1642873287200928
2141.5,2.1656060218811035
2141.6,2.168092966079712
2141.7000000000003,2.158895969390869
2141.8,2.1638402938842773
2141.9,2.1725146770477295
2142.0,2.1741771697998047
2142.1,2.1737236976623535
2142.2000000000003,2.1666312217712402
2142.3,2.159301280975342
2142.4,2.1644980907440186
2142.5,2.1705009937286377
2142.6,2.1753499507904053
2142.7000000000003,2.1590957641601562
2142.8,2.166708469390869
2142.9,2.1620841026306152
2143.0,2.1730923652648926
2143.1,2.1583058834075928
2143.2000000000003,2.171663284301758
2143.3,2.1819427013397217
2143.4,2.169926643371582
2143.5,2.1670711040496826
2143.6,2.178042411804199
2143.7000000000003,2.1708950996398926
2143.8,2.174081802368164
2143.9,2.1664679050445557
2144.0,2.167739152908325
2144.1,2.175569534301758
2144.2000000000003,2.174774646759033
2144.3,2.1639139652252197
2144.4,2.174624443054199
2144.5,2.1670873165130615
2144.6,2.1695165634155273
2144.7000000000003,2.169978618621826
2144.8,2.179025411605835
2144.9,2.1762595176696777
2145.0,2.167546033859253
2145.1,2.1629345417022705
2145.2000000000003,2.173755407333374
2145.3,2.1750452518463135
2145.4,2.168012857437134
2145.5,2.1644246578216553
2145.6,2.1662979125976562
2145.7000000000003,2.1793837547302246
2145.8,2.168524980545044
2145.9,2.172318458557129
2146.0,2.1734843254089355
2146.1,2.1766865253448486
2146.2000000000003,2.171494483947754
2146.3,2.173797607421875
2146.4,2.182180881500244
2146.5,2.167072057723999
2146.6,2.173354387283325
2146.7000000000003,2.1799545288085938
2146.8,2.1735751628875732
2146.9,2.180809736251831
2147.0,2.1683380603790283
2147.1,2.1676907539367676
2147.2000000000003,2.1878435611724854
2147.3,2.1784439086914062
2147.4,2.172229766845703
2147.5,2.190307378768921
2147.6,2.176392078399658
2147.7000000000003,2.1625096797943115
2147.8,2.173816680908203
2147.9,2.1771600246429443
2148.0,2.1715550422668457
2148.1,2.1686880588531494
2148.2000000000003,2.1711716651916504
2148.3,2.182112455368042
2148.4,2.19272518157959
2148.5,2.167254686355591
2148.6,2.172196388244629
2148.7000000000003,2.178053617477417
2148.8,2.16970157623291
2148.9,2.1795687675476074
2149.0,2.181788206100464
2149.1,2.1828854084014893
2149.2000000000003,2.1851305961608887
2149.3,2.1851959228515625
2149.4,2.178962230682373
2149.5,2.176448345184326
2149.6,2.1684181690216064
2149.7000000000003,2.187945604324341
2149.8,2.158559560775757
2149.9,2.172642946243286
2150.0,2.186432123184204
2150.1,2.184187889099121
2150.2000000000003,2.180402994155884
2150.3,2.180061101913452
2150.4,2.1793324947357178
2150.5,2.1759531497955322
2150.6,2.1750965118408203
2150.7000000000003,2.1844000816345215
2150.8,2.17164945602417
2150.9,2.1826207637786865
2151.0,2.1764910221099854
2151.1,2.1714510917663574
2151.2000000000003,2.1887574195861816
2151.3,2.1734251976013184
2151.4,2.1798150539398193
2151.5,2.1801507472991943
2151.6,2.188204526901245
2151.7000000000003,2.18353009223938
2151.8,2.174027442932129
2151.9,2.1825952529907227
2152.0,2.1742258071899414
2152.1,2.177527904510498
2152.2000000000003,2.1839725971221924
2152.3,2.175590753555298
2152.4,2.184312582015991
2152.5,2.1871607303619385
2152.6,2.1852920055389404
2152.7000000000003,2.18444561958313
2152.8,2.181626081466675
2152.9,2.1864659786224365
2153.0,2.1997809410095215
2153.1,2.177381753921509
2153.2000000000003,2.1848440170288086
2153.3,2.1806178092956543
2153.4,2.1888837814331055
2153.5,2.1876344680786133
2153.6,2.182302713394165
2153.7000000000003,2.1807098388671875
2153.8,2.1800708770751953
2153.9,2.193394184112549
2154.0,2.1958541870117188
2154.1,2.180616855621338
2154.2000000000003,2.1942942142486572
2154.3,2.1934847831726074
2154.4,2.187208414077759
2154.5,2.1897289752960205
2154.6,2.1909711360931396
2154.7000000000003,2.1843225955963135
2154.8,2.1966283321380615
2154.9,2.194014310836792
2155.0,2.1821951866149902
2155.1,2.18289852142334
2155.2000000000003,2.1833019256591797
2155.3,2.1706624031066895
2155.4,2.1813089847564697
2155.5,2.1810216903686523
2155.6,2.19490909576416
2155.7000000000003,2.1654930114746094
2155.8,2.185612440109253
2155.9,2.1986918449401855
2156.0,2.1881954669952393
2156.1,2.1859772205352783
2156.2000000000003,2.182811975479126
2156.3,2.1948671340942383
2156.4,2.1885244846343994
2156.5,2.1961283683776855
2156.6,2.193690299987793
2156.7000000000003,2.1959969997406006
2156.8,2.183607339859009
2156.9,2.1905341148376465
2157.0,2.1917054653167725
2157.1,2.190396308898926
2157.2000000000003,2.1926169395446777
2157.3,2.202939510345459
2157.4,2.190922498703003
2157.5,2.194890260696411
2157.6,2.1906046867370605
2157.7000000000003,2.194226026535034
2157.8,2.1983437538146973
2157.9,2.1896255016326904
2158.0,2.185927629470825
2158.1,2.1913201808929443
2158.2000000000003,2.1884427070617676
2158.3,2.1974575519561768
2158.4,2.190509796142578
2158.5,2.1930198669433594
2158.6,2.1922645568847656
2158.7000000000003,2.198841094970703
2158.8,2.196227788925171
2158.9,2.202476739883423
2159.0,2.1922855377197266
2159.1,2.200085401535034
2159.2000000000003,2.189038038253784
2159.3,2.192681312561035
2159.4,2.2028679847717285
2159.5,2.1941683292388916
2159.6,2.189452648162842
2159.7000000000003,2.196408748626709
2159.8,2.2001564502716064
2159.9,2.2005834579467773
2160.0,2.1989645957946777
2160.1,2.1909663677215576
2160.2000000000003,2.2132933139801025
2160.3,2.211489677429199
2160.4,2.208606481552124
2160.5,2.204075813293457
2160.6,2.197512626647949
2160.7000000000003,2.206512451171875
2160.8,2.1919519901275635
2160.9,2.181867837905884
2161.0,2.194323778152466
2161.1,2.201951503753662
2161.2000000000003,2.193424940109253
2161.3,2.1942272186279297
2161.4,2.1977059841156006
2161.5,2.2035350799560547
2161.6,2.199125289916992
2161.7000000000003,2.197598457336426
2161.8,2.2079851627349854
2161.9,2.2016894817352295
2162.0,2.2047460079193115
2162.1,2.1951210498809814
2162.2000000000003,2.2051281929016113
2162.3,2.2032723426818848
2162.4,2.2002673149108887
2162.5,2.201931953430176
2162.6,2.1928813457489014
2162.7000000000003,2.209218978881836
2162.8,2.2036054134368896
2162.9,2.206657886505127
2163.0,2.200977087020874
2163.1,2.2018988132476807
2163.2000000000003,2.211252212524414
2163.3,2.2080111503601074
2163.4,2.2038967609405518
2163.5,2.2133355140686035
2163.6,2.206702470779419
2163.7000000000003,2.205618143081665
2163.8,2.2141613960266113
2163.9,2.2123591899871826
2164.0,2.1993227005004883
2164.1,2.1944353580474854
2164.2000000000003,2.2136926651000977
2164.3,2.1961417198181152
2164.4,2.2097320556640625
2164.5,2.204392194747925
2164.6,2.1942873001098633
2164.7000000000003,2.212815761566162
2164.8,2.20232892036438
2164.9,2.205885171890259
2165.0,2.202989339828491
2165.1,2.209036350250244
2165.2000000000003,2.2031073570251465
2165.3,2.2014527320861816
2165.4,2.208247661590576
2165.5,2.209535598754883
2165.6,2.1926705837249756
2165.7000000000003,2.201221227645874
2165.8,2.2139337062835693
2165.9,2.211331844329834
2166.0,2.215484857559204
2166.1,2.2088663578033447
2166.2000000000003,2.212772846221924
2166.3,2.2152602672576904
2166.4,2.2046899795532227
2166.5,2.2076284885406494
2166.6,2.2066614627838135
2166.7000000000003,2.212820053100586
2166.8,2.214035987854004
2166.9,2.2208361625671387
2167.0,2.209446668624878
2167.1,2.2142632007598877
2167.2000000000003,2.2130393981933594
2167.3,2.2092483043670654
2167.4,2.204684019088745
2167.5,2.214916229248047
2167.6,2.2147762775421143
2167.7000000000003,2.213796615600586
2167.8,2.211848497390747
2167.9,2.2105181217193604
2168.0,2.205564022064209
2168.1,2.2110581398010254
2168.2000000000003,2.2136666774749756
2168.3,2.213437557220459
2168.4,2.196439266204834
2168.5,2.212327003479004
2168.6,2.1984589099884033
2168.7000000000003,2.2196428775787354
2168.8,2.210758686065674
2168.9,2.2039270401000977
2169.0,2.209610939025879
2169.1,2.22448992729187
2169.2000000000003,2.214962959289551
2169.3,2.2067770957946777
2169.4,2.208073139190674
2169.5,2.210472345352173
2169.6,2.214953660964966
2169.7000000000003,2.2211058139801025
2169.8,2.2144641876220703
2169.9,2.2091431617736816
2170.0,2.2223246097564697
2170.1,2.2100062370300293
2170.2000000000003,2.213408946990967
2170.3,2.218817710876465
2170.4,2.2035882472991943
2170.5,2.2231576442718506
2170.6,2.209030866622925
2170.7000000000003,2.200925827026367
2170.8,2.2109031677246094
2170.9,2.219977617263794
2171.0,2.219468832015991
2171.1,2.2134146690368652
2171.2000000000003,2.2181475162506104
2171.3,2.204319953918457
2171.4,2.203636884689331
2171.5,2.221583604812622
2171.6,2.2125964164733887
2171.7000000000003,2.217526435852051
2171.8,2.227288246154785
2171.9,2.2297840118408203
2172.0,2.2024433612823486
2172.1,2.221883535385132
2172.2000000000003,2.224776268005371
2172.3,2.215421438217163
2172.4,2.2224273681640625
2172.5,2.2269015312194824
2172.6,2.223597288131714
2172.7000000000003,2.221038579940796
2172.8,2.2078568935394287
2172.9,2.218485116958618
2173.0,2.2265679836273193
2173.1,2.2128567695617676
2173.2000000000003,2.222458839416504
2173.3,2.222888946533203
2173.4,2.2199203968048096
2173.5,2.2281649112701416
2173.6,2.2151870727539062
2173.7000000000003,2.2247250080108643
2173.8,2.2185826301574707
2173.9,2.2221717834472656
2174.0,2.222672939300537
2174.1,2.221848726272583
2174.2000000000003,2.217829465866089
2174.3,2.221569776535034
2174.4,2.220964193344116
2174.5,2.2229161262512207
2174.6,2.2195193767547607
2174.7000000000003,2.2376863956451416
2174.8,2.2149834632873535
2174.9,2.2214183807373047
2175.0,2.2281343936920166
2175.1,2.232369899749756
2175.2000000000003,2.226532220840454
2175.3,2.2170324325561523
2175.4,2.2211368083953857
2175.5,2.2271149158477783
2175.6,2.2258546352386475
2175.7000000000003,2.2264564037323
2175.8,2.2230052947998047
2175.9,2.232396125793457
2176.0,2.2113146781921387
2176.1,2.217646598815918
2176.2000000000003,2.2145774364471436
2176.3,2.236290454864502
2176.4,2.2211179733276367
2176.5,2.238297700881958
2176.6,2.221677541732788
2176.7000000000003,2.2202396392822266
2176.8,2.2378759384155273
2176.9,2.2305479049682617
2177.0,2.230599880218506
2177.1,2.239572286605835
2177.2000000000003,2.2317705154418945
2177.3,2.215522289276123
2177.4,2.2337727546691895
2177.5,2.225813150405884
2177.6,2.219743251800537
2177.7000000000003,2.23527455329895
2177.8,2.227010726928711
2177.9,2.2226266860961914
2178.0,2.226104497909546
2178.1,2.223404884338379
2178.2000000000003,2.2299413681030273
2178.3,2.2407989501953125
2178.4,2.233412027359009
2178.5,2.229900598526001
2178.6,2.230759382247925
2178.7000000000003,2.2355589866638184
2178.8,2.229081153869629
2178.9,2.2273659706115723
2179.0,2.237863063812256
2179.1,2.23795485496521
2179.2000000000003,2.2259538173675537
2179.3,2.231260061264038
2179.4,2.234762191772461
2179.5,2.226830005645752
2179.6,2.2356746196746826
2179.7000000000003,2.2228167057037354
2179.8,2.2307868003845215
2179.9,2.2268102169036865
2180.0,2.244158983230591
2180.1,2.224534034729004
2180.2000000000003,2.236964225769043
2180.3,2.2297983169555664
2180.4,2.230597496032715
2180.5,2.2331650257110596
2180.6,2.231719970703125
2180.7000000000003,2.2320659160614014
2180.8,2.2344181537628174
2180.9,2.2212698459625244
2181.0,2.23634934425354
2181.1,2.2207891941070557
2181.2000000000003,2.2401676177978516
2181.3,2.231135368347168
2181.4,2.2357993125915527
2181.5,2.240443229675293
2181.6,2.2313175201416016
2181.7000000000003,2.234382152557373
2181.8,2.228738307952881
2181.9,2.239520788192749
2182.0,2.23629093170166
2182.1,2.236323356628418
2182.2000000000003,2.235238790512085
2182.3,2.2369582653045654
2182.4,2.2368907928466797
2182.5,2.246311664581299
2182.6,2.237338066101074
2182.7000000000003,2.235013484954834
2182.8,2.2355875968933105
2182.9,2.2283449172973633
2183.0,2.2313525676727295
2183.1,2.241436719894409
2183.2000000000003,2.245696783065796
2183.3,2.2484848499298096
2183.4,2.2428276538848877
2183.5,2.2319111824035645
2183.6,2.242997407913208
2183.7000000000003,2.2302770614624023
2183.8,2.233334541320801
2183.9,2.244645833969116
2184.0,2.249821186065674
2184.1,2.24200701713562
2184.2000000000003,2.2263407707214355
2184.3,2.244145154953003
2184.4,2.242478370666504
2184.5,2.246990203857422
2184.6,2.2425615787506104
2184.7000000000003,2.235506772994995
2184.8,2.248727321624756
2184.9,2.2439193725585938
2185.0,2.2413649559020996
2185.1,2.2442760467529297
2185.2000000000003,2.231638193130493
2185.3,2.2574472427368164
2185.4,2.2483813762664795
2185.5,2.2423007488250732
2185.6,2.244457483291626
2185.7000000000003,2.234985828399658
2185.8,2.237130880355835
2185.9,2.231271982192993
2186.0,2.245802879333496
2186.1,2.2471156120300293
2186.2000000000003,2.240590810775757
2186.3,2.229243040084839
2186.4,2.2492520809173584
2186.5,2.2488853931427
2186.6,2.2522902488708496
2186.7000000000003,2.245457410812378
2186.8,2.240837335586548
2186.9,2.2585041522979736
2187.0,2.25822377204895
2187.1,2.24491286277771
2187.2000000000003,2.2430577278137207
2187.3,2.254092216491699
2187.4,2.244570016860962
2187.5,2.247134208679199
2187.6,2.2407946586608887
2187.7000000000003,2.248568534851074
2187.8,2.2400143146514893
2187.9,2.238354206085205
2188.0,2.2391998767852783
2188.1,2.240696907043457
2188.2000000000003,2.253307580947876
2188.3,2.264878749847412
2188.4,2.2484865188598633
2188.5,2.2463676929473877
2188.6,2.245591402053833
2188.7000000000003,2.2467424869537354
2188.8,2.247999668121338
2188.9,2.2522757053375244
2189.0,2.2443182468414307
2189.1,2.2481441497802734
2189.2000000000003,2.2517380714416504
2189.3,2.2490501403808594
2189.4,2.258641004562378
2189.5,2.256455659866333
2189.6,2.260220527648926
2189.7000000000003,2.2517685890197754
2189.8,2.25108003616333
2189.9,2.2492594718933105
2190.0,2.2567923069000244
2190.1,2.2473106384277344
2190.2000000000003,2.2587311267852783
2190.3,2.2466330528259277
2190.4,2.250223159790039
2190.5,2.2518465518951416
2190.6000000000004,2.2407400608062744
2190.7000000000003,2.2447776794433594
2190.8,2.2508671283721924
2190.9,2.2539923191070557
2191.0,2.2550528049468994
2191.1000000000004,2.2637436389923096
2191.2000000000003,2.258155584335327
2191.3,2.2429234981536865
2191.4,2.256906032562256
2191.5,2.2522168159484863
2191.6000000000004,2.256294012069702
2191.7000000000003,2.247978687286377
2191.8,2.2549099922180176
2191.9,2.2571864128112793
2192.0,2.256296396255493
2192.1000000000004,2.2573115825653076
2192.2000000000003,2.2520735263824463
2192.3,2.2628767490386963
2192.4,2.2467148303985596
2192.5,2.2619996070861816
2192.6000000000004,2.2494869232177734
2192.7000000000003,2.2604990005493164
2192.8,2.250148296356201
2192.9,2.25886869430542
2193.0,2.2464535236358643
2193.1000000000004,2.2606520652770996
2193.2000000000003,2.2577970027923584
2193.3,2.2658872604370117
2193.4,2.2611329555511475
2193.5,2.2513699531555176
2193.6000000000004,2.240489959716797
2193.7000000000003,2.259305000305176
2193.8,2.274268388748169
2193.9,2.2456488609313965
2194.0,2.25844144821167
2194.1000000000004,2.26586651802063
2194.2000000000003,2.255629539489746
2194.3,2.259223222732544
2194.4,2.2447891235351562
2194.5,2.263073444366455
2194.6000000000004,2.250541925430298
2194.7000000000003,2.258458137512207
2194.8,2.268428087234497
2194.9,2.2534666061401367
2195.0,2.2491540908813477
2195.1000000000004,2.2442209720611572
2195.2000000000003,2.2621960639953613
2195.3,2.2598187923431396
2195.4,2.2472445964813232
2195.5,2.2693915367126465
2195.6000000000004,2.2480852603912354
2195.7000000000003,2.250821828842163
2195.8,2.252673387527466
2195.9,2.2532684803009033
2196.0,2.2697594165802
2196.1000000000004,2.2618985176086426
2196.2000000000003,2.256103992462158
2196.3,2.233196258544922
2196.4,2.2668275833129883
2196.5,2.2677981853485107
2196.6000000000004,2.263598918914795
2196.7000000000003,2.2625787258148193
2196.8,2.2766451835632324
2196.9,2.263646364212036
2197.0,2.2622525691986084
2197.1000000000004,2.271181344985962
2197.2000000000003,2.269456148147583
2197.3,2.2626166343688965
2197.4,2.249046564102173
2197.5,2.261136293411255
2197.6000000000004,2.2749826908111572
2197.7000000000003,2.265434741973877
2197.8,2.264174461364746
2197.9,2.265434980392456
2198.0,2.2656445503234863
2198.1000000000004,2.2521214485168457
2198.2000000000003,2.2638044357299805
2198.3,2.2652058601379395
2198.4,2.26472806930542
2198.5,2.2619752883911133
2198.6000000000004,2.2584893703460693
2198.7000000000003,2.27093505859375
2198.8,2.2678301334381104
2198.9,2.2641243934631348
2199.0,2.2680933475494385
2199.1000000000004,2.274827003479004
2199.2000000000003,2.2671988010406494
2199.3,2.2566354274749756
2199.4,2.2480125427246094
2199.5,2.2750072479248047
2199.6000000000004,2.269775867462158
2199.7000000000003,2.2699129581451416
2199.8,2.2576897144317627
2199.9,2.2706170082092285
2200.0,2.264395236968994
2200.1000000000004,2.2712929248809814
2200.2000000000003,2.257388114929199
2200.3,2.2721445560455322
2200.4,2.2639176845550537
2200.5,2.272139310836792
2200.6000000000004,2.2546253204345703
2200.7000000000003,2.2691452503204346
2200.8,2.2618746757507324
2200.9,2.274895191192627
2201.0,2.265613079071045
2201.1000000000004,2.2769615650177
2201.2000000000003,2.267618417739868
2201.3,2.264237642288208
2201.4,2.2477614879608154
2201.5,2.2585806846618652
2201.6000000000004,2.2639291286468506
2201.7000000000003,2.2683534622192383
2201.8,2.256063222885132
2201.9,2.2686820030212402
2202.0,2.2771639823913574
2202.1000000000004,2.2623746395111084
2202.2000000000003,2.262516498565674
2202.3,2.2664597034454346
2202.4,2.268321990966797
2202.5,2.2716076374053955
2202.6000000000004,2.276460647583008
2202.7000000000003,2.265622138977051
2202.8,2.27409029006958
2202.9,2.269678831100464
2203.0,2.2734739780426025
2203.1000000000004,2.2803163528442383
2203.2000000000003,2.2696948051452637
2203.3,2.271657943725586
2203.4,2.2817599773406982
2203.5,2.2776968479156494
2203.6000000000004,2.2774670124053955
2203.7000000000003,2.273472309112549
2203.8,2.2848591804504395
2203.9,2.276336431503296
2204.0,2.280622959136963
2204.1000000000004,2.2760722637176514
2204.2000000000003,2.269324541091919
2204.3,2.2734196186065674
2204.4,2.274357318878174
2204.5,2.281547784805298
2204.6000000000004,2.257612466812134
2204.7000000000003,2.2647504806518555
2204.8,2.2768774032592773
2204.9,2.2700607776641846
2205.0,2.2814416885375977
2205.1000000000004,2.26077938079834
2205.2000000000003,2.266171455383301
2205.3,2.28037166595459
2205.4,2.273195266723633
2205.5,2.2851016521453857
2205.6000000000004,2.25547194480896
2205.7000000000003,2.28248929977417
2205.8,2.2777252197265625
2205.9,2.2764670848846436
2206.0,2.2727620601654053
2206.1000000000004,2.2786059379577637
2206.2000000000003,2.266937255859375
2206.3,2.292293071746826
2206.4,2.2746317386627197
2206.5,2.2720189094543457
2206.6000000000004,2.2840325832366943
2206.7000000000003,2.2780261039733887
2206.8,2.2780628204345703
2206.9,2.2723050117492676
2207.0,2.278958320617676
2207.1000000000004,2.264573574066162
2207.2000000000003,2.2804336547851562
2207.3,2.2781009674072266
2207.4,2.2820169925689697
2207.5,2.289273262023926
2207.6000000000004,2.2910993099212646
2207.7000000000003,2.2817459106445312
2207.8,2.2835700511932373
2207.9,2.2806100845336914
2208.0,2.2814197540283203
2208.1000000000004,2.2851359844207764
2208.2000000000003,2.2924041748046875
2208.3,2.295217752456665
2208.4,2.2695207595825195
2208.5,2.2879905700683594
2208.6000000000004,2.2741475105285645
2208.7000000000003,2.2791872024536133
2208.8,2.2884860038757324
2208.9,2.282597780227661
2209.0,2.283032178878784
2209.1000000000004,2.273613691329956
2209.2000000000003,2.2691214084625244
2209.3,2.277308702468872
2209.4,2.2795186042785645
2209.5,2.2765042781829834
2209.6000000000004,2.289393901824951
2209.7000000000003,2.2807345390319824
2209.8,2.2874650955200195
2209.9,2.2898058891296387
2210.0,2.297609567642212
2210.1000000000004,2.2887425422668457
2210.2000000000003,2.286679983139038
2210.3,2.266097068786621
2210.4,2.276414155960083
2210.5,2.2857067584991455
2210.6000000000004,2.265195846557617
2210.7000000000003,2.2906837463378906
2210.8,2.291517734527588
2210.9,2.2922253608703613
2211.0,2.2869913578033447
2211.1000000000004,2.291818618774414
2211.2000000000003,2.291779041290283
2211.3,2.2732138633728027
2211.4,2.2977099418640137
2211.5,2.2819342613220215
2211.6000000000004,2.284546136856079
2211.7000000000003,2.2804229259490967
2211.8,2.2890241146087646
2211.9,2.286869525909424
2212.0,2.293637752532959
2212.1000000000004,2.2746458053588867
2212.2000000000003,2.2927794456481934
2212.3,2.2895753383636475
2212.4,2.2790544033050537
2212.5,2.293541193008423
2212.6000000000004,2.277421236038208
2212.7000000000003,2.286850690841675
2212.8,2.2916390895843506
2212.9,2.2821269035339355
2213.0,2.2792937755584717
2213.1000000000004,2.2818050384521484
2213.2000000000003,2.2855069637298584
2213.3,2.278106212615967
2213.4,2.2839910984039307
2213.5,2.297879457473755
2213.6000000000004,2.292848587036133
2213.7000000000003,2.2930798530578613
2213.8,2.2876646518707275
2213.9,2.2958130836486816
2214.0,2.2939960956573486
2214.1000000000004,2.27781081199646
2214.2000000000003,2.290684461593628
2214.3,2.295741319656372
2214.4,2.2875194549560547
2214.5,2.2852487564086914
2214.6000000000004,2.290383815765381
2214.7000000000003,2.2802505493164062
2214.8,2.2837910652160645
2214.9,2.3010354042053223
2215.0,2.289351463317871
2215.1000000000004,2.296893358230591
2215.2000000000003,2.2939679622650146
2215.3,2.3008036613464355
2215.4,2.2940585613250732
2215.5,2.2925801277160645
2215.6000000000004,2.2931387424468994
2215.7000000000003,2.2998337745666504
2215.8,2.279026746749878
2215.9,2.29116153717041
2216.0,2.290045976638794
2216.1000000000004,2.286973714828491
2216.2000000000003,2.2994000911712646
2216.3,2.299253225326538
2216.4,2.2934517860412598
2216.5,2.296802282333374
2216.6000000000004,2.295816659927368
2216.7000000000003,2.305222272872925
2216.8,2.3028204441070557
2216.9,2.2941391468048096
2217.0,2.2974419593811035
2217.1000000000004,2.302992582321167
2217.2000000000003,2.29465651512146
2217.3,2.301964282989502
2217.4,2.3053929805755615
2217.5,2.2954444885253906
2217.6000000000004,2.3027184009552
2217.7000000000003,2.29591703414917
2217.8,2.3061771392822266
2217.9,2.297377586364746
2218.0,2.2976977825164795
2218.1000000000004,2.3013525009155273
2218.2000000000003,2.2939469814300537
2218.3,2.313584566116333
2218.4,2.289250612258911
2218.5,2.306896209716797
2218.6000000000004,2.2906668186187744
2218.7000000000003,2.3032314777374268
2218.8,2.2869467735290527
2218.9,2.300234317779541
2219.0,2.295257329940796
2219.1000000000004,2.295870304107666
2219.2000000000003,2.297398328781128
2219.3,2.291799306869507
2219.4,2.2901816368103027
2219.5,2.3052005767822266
2219.6000000000004,2.3074088096618652
2219.7000000000003,2.3020572662353516
2219.8,2.2854533195495605
2219.9,2.3022351264953613
2220.0,2.295254707336426
2220.1000000000004,2.2888550758361816
2220.2000000000003,2.2985711097717285
2220.3,2.292863130569458
2220.4,2.302216053009033
2220.5,2.3079960346221924
2220.6000000000004,2.296206474304199
2220.7000000000003,2.300196886062622
2220.8,2.2974956035614014
2220.9,2.306506872177124
2221.0,2.3014438152313232
2221.1000000000004,2.2884602546691895
2221.2000000000003,2.3005974292755127
2221.3,2.3049027919769287
2221.4,2.3152804374694824
2221.5,2.3072116374969482
2221.6000000000004,2.3040971755981445
2221.7000000000003,2.3114964962005615
2221.8,2.3001415729522705
2221.9,2.3023929595947266
2222.0,2.298582077026367
2222.1000000000004,2.304889440536499
2222.2000000000003,2.3041741847991943
2222.3,2.299140691757202
2222.4,2.3095548152923584
2222.5,2.295766592025757
2222.6000000000004,2.3114876747131348
2222.7000000000003,2.302166223526001
2222.8,2.307016372680664
2222.9,2.31400728225708
2223.0,2.2987866401672363
2223.1000000000004,2.2876510620117188
2223.2000000000003,2.2998223304748535
2223.3,2.315030574798584
2223.4,2.294853925704956
2223.5,2.3194754123687744
2223.6000000000004,2.3097591400146484
2223.7000000000003,2.2979183197021484
2223.8,2.301212787628174
2223.9,2.3062479496002197
2224.0,2.3083713054656982
2224.1000000000004,2.303725004196167
2224.2000000000003,2.3115625381469727
2224.3,2.2963805198669434
2224.4,2.3117434978485107
2224.5,2.2946584224700928
2224.6000000000004,2.301100254058838
2224.7000000000003,2.3005547523498535
2224.8,2.311739683151245
2224.9,2.3022966384887695
2225.0,2.299579620361328
2225.1000000000004,2.313730239868164
2225.2000000000003,2.3120694160461426
2225.3,2.308326005935669
2225.4,2.306055784225464
2225.5,2.314809799194336
2225.6000000000004,2.315768241882324
2225.7000000000003,2.306896924972534
2225.8,2.2973039150238037
2225.9,2.306023359298706
2226.0,2.2955737113952637
2226.1000000000004,2.2794058322906494
2226.2000000000003,2.3103387355804443
2226.3,2.3110663890838623
2226.4,2.319641351699829
2226.5,2.320709466934204
2226.6000000000004,2.302682876586914
2226.7000000000003,2.320596933364868
2226.8,2.3059232234954834
2226.9,2.312825918197632
2227.0,2.3127448558807373
2227.1000000000004,2.313646078109741
2227.2000000000003,2.325385093688965
2227.3,2.3137452602386475
2227.4,2.3062126636505127
2227.5,2.304187297821045
2227.6000000000004,2.3136322498321533
2227.7000000000003,2.319261312484741
2227.8,2.302462100982666
2227.9,2.3055222034454346
2228.0,2.3265607357025146
2228.1000000000004,2.310237407684326
2228.2000000000003,2.306832790374756
2228.3,2.3058664798736572
2228.4,2.310244083404541
2228.5,2.3202626705169678
2228.6000000000004,2.321599006652832
2228.7000000000003,2.3102285861968994
2228.8,2.305457830429077
2228.9,2.3117291927337646
2229.0,2.3118839263916016
2229.1000000000004,2.3132479190826416
2229.2000000000003,2.3035171031951904
2229.3,2.330418109893799
2229.4,2.31597638130188
2229.5,2.3241238594055176
2229.6000000000004,2.313406229019165
2229.7000000000003,2.3136849403381348
2229.8,2.310323715209961
2229.9,2.3214166164398193
2230.0,2.3154890537261963
2230.1000000000004,2.3217310905456543
2230.2000000000003,2.3175272941589355
2230.3,2.3109161853790283
2230.4,2.3148016929626465
2230.5,2.310851573944092
2230.6000000000004,2.3216254711151123
2230.7000000000003,2.307678461074829
2230.8,2.315620183944702
2230.9,2.3117740154266357
2231.0,2.327604055404663
2231.1000000000004,2.3132307529449463
2231.2000000000003,2.303962469100952
2231.3,2.318211078643799
2231.4,2.3145463466644287
2231.5,2.3166067600250244
2231.6000000000004,2.3143415451049805
2231.7000000000003,2.3243091106414795
2231.8,2.329244613647461
2231.9,2.327101945877075
2232.0,2.3190925121307373
2232.1000000000004,2.3166677951812744
2232.2000000000003,2.3240039348602295
2232.3,2.30816388130188
2232.4,2.3144428730010986
2232.5,2.312009572982788
2232.6000000000004,2.3225913047790527
2232.7000000000003,2.3266220092773438
2232.8,2.3163115978240967
2232.9,2.3252623081207275
2233.0,2.3249728679656982
2233.1000000000004,2.3165876865386963
2233.2000000000003,2.330355644226074
2233.3,2.331991672515869
2233.4,2.319883108139038
2233.5,2.3275299072265625
2233.6000000000004,2.303438901901245
2233.7000000000003,2.3120224475860596
2233.8,2.3201897144317627
2233.9,2.323047161102295
2234.0,2.322333574295044
2234.1000000000004,2.3185811042785645
2234.2000000000003,2.32452392578125
2234.3,2.334127902984619
2234.4,2.3239240646362305
2234.5,2.3088433742523193
2234.6000000000004,2.324782133102417
2234.7000000000003,2.3280506134033203
2234.8,2.312591314315796
2234.9,2.3063156604766846
2235.0,2.3066298961639404
2235.1000000000004,2.3184385299682617
2235.2000000000003,2.32027006149292
2235.3,2.312413454055786
2235.4,2.3289077281951904
2235.5,2.3222787380218506
2235.6000000000004,2.3415491580963135
2235.7000000000003,2.3118815422058105
2235.8,2.3204808235168457
2235.9,2.3380675315856934
2236.0,2.3266713619232178
2236.1000000000004,2.329129457473755
2236.2000000000003,2.331545829772949
2236.3,2.3203623294830322
2236.4,2.3200089931488037
2236.5,2.324500799179077
2236.6000000000004,2.3205642700195312
2236.7000000000003,2.3207342624664307
2236.8,2.318364381790161
2236.9,2.31827449798584
2237.0,2.3301401138305664
2237.1000000000004,2.3316402435302734
2237.2000000000003,2.3274636268615723
2237.3,2.327937364578247
2237.4,2.3338124752044678
2237.5,2.3219738006591797
2237.6000000000004,2.3353636264801025
2237.7000000000003,2.3170223236083984
2237.8,2.3272461891174316
2237.9,2.335695505142212
2238.0,2.321408987045288
2238.1000000000004,2.3251562118530273
2238.2000000000003,2.333860158920288
2238.3,2.3398537635803223
2238.4,2.3182594776153564
2238.5,2.3226544857025146
2238.6000000000004,2.3352298736572266
2238.7000000000003,2.330047130584717
2238.8,2.3418338298797607
2238.9,2.3317413330078125
2239.0,2.3460710048675537
2239.1000000000004,2.3221242427825928
2239.2000000000003,2.330531120300293
2239.3,2.3173208236694336
2239.4,2.333578586578369
2239.5,2.3306772708892822
2239.6000000000004,2.3365275859832764
2239.7000000000003,2.329799175262451
2239.8,2.329089403152466
2239.9,2.3247153759002686
2240.0,2.328336715698242
2240.1000000000004,2.3363845348358154
2240.2000000000003,2.340759515762329
2240.3,2.323526382446289
2240.4,2.3315954208374023
2240.5,2.3290107250213623
2240.6000000000004,2.319969415664673
2240.7000000000003,2.3308498859405518
2240.8,2.3261494636535645
2240.9,2.33469557762146
2241.0,2.3331050872802734
2241.1000000000004,2.336388349533081
2241.2000000000003,2.336930274963379
2241.3,2.3265011310577393
2241.4,2.32706356048584
2241.5,2.334981918334961
2241.6000000000004,2.324556589126587
2241.7000000000003,2.32472562789917
2241.8,2.3336081504821777
2241.9,2.3396568298339844
2242.0,2.3250842094421387
2242.1000000000004,2.3309059143066406
2242.2000000000003,2.3296573162078857
2242.3,2.3428804874420166
2242.4,2.323065757751465
2242.5,2.3329250812530518
2242.6000000000004,2.3279690742492676
2242.7000000000003,2.3227920532226562
2242.8,2.3344016075134277
2242.9,2.3167524337768555
2243.0,2.335529327392578
2243.1000000000004,2.3379428386688232
2243.2000000000003,2.3347654342651367
2243.3,2.330517053604126
2243.4,2.348461389541626
2243.5,2.3467016220092773
2243.6000000000004,2.334043502807617
2243.7000000000003,2.333986520767212
2243.8,2.3391828536987305
2243.9,2.3326938152313232
2244.0,2.332186698913574
2244.1000000000004,2.337104320526123
2244.2000000000003,2.31567120552063
2244.3,2.3322231769561768
2244.4,2.332294225692749
2244.5,2.341085195541382
2244.6000000000004,2.329686164855957
2244.7000000000003,2.3365471363067627
2244.8,2.337454080581665
2244.9,2.3339717388153076
2245.0,2.33341121673584
2245.1000000000004,2.3271946907043457
2245.2000000000003,2.338453769683838
2245.3,2.3462870121002197
2245.4,2.3342320919036865
2245.5,2.3430233001708984
2245.6000000000004,2.3354763984680176
2245.7000000000003,2.3440053462982178
2245.8,2.331296443939209
2245.9,2.341872215270996
2246.0,2.332226514816284
2246.1000000000004,2.3489949703216553
2246.2000000000003,2.321378707885742
2246.3,2.342130184173584
2246.4,2.336892604827881
2246.5,2.340735673904419
2246.6000000000004,2.3329248428344727
2246.7000000000003,2.3359789848327637
2246.8,2.3396525382995605
2246.9,2.3339614868164062
2247.0,2.3396403789520264
2247.1000000000004,2.33526611328125
2247.2000000000003,2.3453381061553955
2247.3,2.3276331424713135
2247.4,2.3399171829223633
2247.5,2.337313413619995
2247.6000000000004,2.348067045211792
2247.7000000000003,2.341840982437134
2247.8,2.338667392730713
2247.9,2.3402183055877686
2248.0,2.3448190689086914
2248.1000000000004,2.3419268131256104
2248.2000000000003,2.3272061347961426
2248.3,2.338563919067383
2248.4,2.3485116958618164
2248.5,2.330317974090576
2248.6000000000004,2.3316855430603027
2248.7000000000003,2.3304550647735596
2248.8,2.3391273021698
2248.9,2.3514344692230225
2249.0,2.352649688720703
2249.1000000000004,2.33697247505188
2249.2000000000003,2.3296194076538086
2249.3,2.34895396232605
2249.4,2.3331117630004883
2249.5,2.354517698287964
2249.6000000000004,2.3479859828948975
2249.7000000000003,2.3418545722961426
2249.8,2.348661184310913
2249.9,2.3350465297698975
2250.0,2.3447303771972656
2250.1000000000004,2.342985153198242
2250.2000000000003,2.3477931022644043
2250.3,2.3560662269592285
2250.4,2.346158504486084
2250.5,2.3460397720336914
2250.6000000000004,2.3520991802215576
2250.7000000000003,2.3472118377685547
2250.8,2.3370940685272217
2250.9,2.343946933746338
2251.0,2.345651865005493
2251.1000000000004,2.3408889770507812
2251.2000000000003,2.3262946605682373
2251.3,2.3575222492218018
2251.4,2.3551688194274902
2251.5,2.347804307937622
2251.6000000000004,2.3525655269622803
2251.7000000000003,2.355081558227539
2251.8,2.3563108444213867
2251.9,2.3468754291534424
2252.0,2.3450844287872314
2252.1000000000004,2.34030818939209
2252.2000000000003,2.3505935668945312
2252.3,2.34698748588562
2252.4,2.3423895835876465
2252.5,2.3451530933380127
2252.6000000000004,2.3516347408294678
2252.7000000000003,2.355579376220703
2252.8,2.358308792114258
2252.9,2.352019786834717
2253.0,2.33974027633667
2253.1000000000004,2.359025478363037
2253.2000000000003,2.3491055965423584
2253.3,2.364960193634033
2253.4,2.3495612144470215
2253.5,2.3474700450897217
2253.6000000000004,2.348353385925293
2253.7000000000003,2.3432300090789795
2253.8,2.338609457015991
2253.9,2.3444409370422363
2254.0,2.3507168292999268
2254.1000000000004,2.3575735092163086
2254.2000000000003,2.3409149646759033
2254.3,2.351093292236328
2254.4,2.342327117919922
2254.5,2.354959487915039
2254.6000000000004,2.3608832359313965
2254.7000000000003,2.349062919616699
2254.8,2.3516056537628174
2254.9,2.3531367778778076
2255.0,2.349965810775757
2255.1000000000004,2.352480411529541
2255.2000000000003,2.350978374481201
2255.3,2.357346534729004
2255.4,2.3488175868988037
2255.5,2.344841480255127
2255.6000000000004,2.348829746246338
2255.7000000000003,2.3571019172668457
2255.8,2.3500285148620605
2255.9,2.3435959815979004
2256.0,2.355677604675293
2256.1000000000004,2.3421874046325684
2256.2000000000003,2.3588171005249023
2256.3,2.361670970916748
2256.4,2.360257625579834
2256.5,2.334230661392212
2256.6000000000004,2.3519062995910645
2256.7000000000003,2.356334686279297
2256.8,2.362455368041992
2256.9,2.3511884212493896
2257.0,2.353713274002075
2257.1000000000004,2.345125913619995
2257.2000000000003,2.3547394275665283
2257.3,2.361090660095215
2257.4,2.3579368591308594
2257.5,2.3583455085754395
2257.6000000000004,2.36478328704834
2257.7000000000003,2.363835096359253
2257.8,2.3464815616607666
2257.9,2.3519012928009033
2258.0,2.3455371856689453
2258.1000000000004,2.3584096431732178
2258.2000000000003,2.355161190032959
2258.3,2.3439509868621826
2258.4,2.3459725379943848
2258.5,2.3551924228668213
2258.6000000000004,2.358316421508789
2258.7000000000003,2.348959445953369
2258.8,2.3671793937683105
2258.9,2.3418867588043213
2259.0,2.3643054962158203
2259.1000000000004,2.3562023639678955
2259.2000000000003,2.355586290359497
2259.3,2.3521976470947266
2259.4,2.3426289558410645
2259.5,2.3641345500946045
2259.6000000000004,2.3617331981658936
2259.7000000000003,2.362278461456299
2259.8,2.371492624282837
2259.9,2.3504841327667236
2260.0,2.3466877937316895
2260.1000000000004,2.359130859375
2260.2000000000003,2.362391948699951
2260.3,2.353086233139038
2260.4,2.366830587387085
2260.5,2.359327793121338
2260.6000000000004,2.370619773864746
2260.7000000000003,2.364274263381958
2260.8,2.3775339126586914
2260.9,2.3469603061676025
2261.0,2.3546133041381836
2261.1000000000004,2.3543038368225098
2261.2000000000003,2.3502254486083984
2261.3,2.3624343872070312
2261.4,2.3606600761413574
2261.5,2.35725736618042
2261.6000000000004,2.3657071590423584
2261.7000000000003,2.3567724227905273
2261.8,2.3602302074432373
2261.9,2.3620755672454834
2262.0,2.348912477493286
2262.1000000000004,2.3564975261688232
2262.2000000000003,2.3540432453155518
2262.3,2.360841989517212
2262.4,2.3660547733306885
2262.5,2.349777936935425
2262.6000000000004,2.358133316040039
2262.7000000000003,2.357370376586914
2262.8,2.3684566020965576
2262.9,2.3660128116607666
2263.0,2.358531951904297
2263.1000000000004,2.3530025482177734
2263.2000000000003,2.3625664710998535
2263.3,2.3580105304718018
2263.4,2.3602030277252197
2263.5,2.3709232807159424
2263.6000000000004,2.3712596893310547
2263.7000000000003,2.361969232559204
2263.8,2.3693840503692627
2263.9,2.361520767211914
2264.0,2.355674982070923
2264.1000000000004,2.3712680339813232
2264.2000000000003,2.359827995300293
2264.3,2.369536876678467
2264.4,2.3726966381073
2264.5,2.3745076656341553
2264.6000000000004,2.3496506214141846
2264.7000000000003,2.3577423095703125
2264.8,2.370332956314087
2264.9,2.3706326484680176
2265.0,2.3597002029418945
2265.1000000000004,2.3660714626312256
2265.2000000000003,2.362610101699829
2265.3,2.372378349304199
2265.4,2.3549201488494873
2265.5,2.3639726638793945
2265.6000000000004,2.3623769283294678
2265.7000000000003,2.3643529415130615
2265.8,2.369112253189087
2265.9,2.3636670112609863
2266.0,2.3672280311584473
2266.1000000000004,2.3669424057006836
2266.2000000000003,2.3754775524139404
2266.3,2.3584234714508057
2266.4,2.3595423698425293
2266.5,2.3599770069122314
2266.6000000000004,2.3709793090820312
2266.7000000000003,2.3612582683563232
2266.8,2.3783349990844727
2266.9,2.3707175254821777
2267.0,2.374008893966675
2267.1000000000004,2.36055326461792
2267.2000000000003,2.365298271179199
2267.3,2.373122215270996
2267.4,2.3749165534973145
2267.5,2.3721437454223633
2267.6000000000004,2.370837450027466
2267.7000000000003,2.375375747680664
2267.8,2.3711349964141846
2267.9,2.356721878051758
2268.0,2.364198923110962
2268.1000000000004,2.3751635551452637
2268.2000000000003,2.355112314224243
2268.3,2.365215301513672
2268.4,2.366183280944824
2268.5,2.376260995864868
2268.6000000000004,2.3647007942199707
2268.7000000000003,2.379598379135132
2268.8,2.378011703491211
2268.9,2.3645124435424805
2269.0,2.366582155227661
2269.1000000000004,2.3581972122192383
2269.2000000000003,2.3517026901245117
2269.3,2.3673651218414307
2269.4,2.3673622608184814
2269.5,2.3671250343322754
2269.6000000000004,2.361100673675537
2269.7000000000003,2.3619797229766846
2269.8,2.3634910583496094
2269.9,2.3651790618896484
2270.0,2.372667074203491
2270.1000000000004,2.3723232746124268
2270.2000000000003,2.369065999984741
2270.3,2.3795127868652344
2270.4,2.370976448059082
2270.5,2.3765370845794678
2270.6000000000004,2.3703789710998535
2270.7000000000003,2.364713430404663
2270.8,2.373845338821411
2270.9,2.3754875659942627
2271.0,2.3749399185180664
2271.1000000000004,2.3682258129119873
2271.2000000000003,2.3798744678497314
2271.3,2.373000383377075
2271.4,2.3662476539611816
2271.5,2.3742363452911377
2271.6000000000004,2.3745667934417725
2271.7000000000003,2.373234272003174
2271.8,2.377685785293579
2271.9,2.3827857971191406
2272.0,2.3898775577545166
2272.1000000000004,2.3730404376983643
2272.2000000000003,2.382585048675537
2272.3,2.3749351501464844
2272.4,2.377460479736328
2272.5,2.3642334938049316
2272.6000000000004,2.3737685680389404
2272.7000000000003,2.3713982105255127
2272.8,2.373689889907837
2272.9,2.360187292098999
2273.0,2.37221097946167
2273.1000000000004,2.3869376182556152
2273.2000000000003,2.3787662982940674
2273.3,2.3720016479492188
2273.4,2.3672232627868652
2273.5,2.3638875484466553
2273.6000000000004,2.3863301277160645
2273.7000000000003,2.3782296180725098
2273.8,2.3812096118927
2273.9,2.383904457092285
2274.0,2.3784377574920654
2274.1000000000004,2.3831491470336914
2274.2000000000003,2.360834836959839
2274.3,2.380498170852661
2274.4,2.372236967086792
2274.5,2.3756306171417236
2274.6000000000004,2.386051654815674
2274.7000000000003,2.3772051334381104
2274.8,2.3893160820007324
2274.9,2.3769702911376953
2275.0,2.387051582336426
2275.1000000000004,2.370574712753296
2275.2000000000003,2.366971015930176
2275.3,2.3762991428375244
2275.4,2.384737014770508
2275.5,2.3857638835906982
2275.6000000000004,2.371298313140869
2275.7000000000003,2.36780047416687
2275.8,2.3852310180664062
2275.9,2.3780150413513184
2276.0,2.385098457336426
2276.1000000000004,2.3807382583618164
2276.2000000000003,2.373532772064209
2276.3,2.3811209201812744
2276.4,2.3813982009887695
2276.5,2.379235029220581
2276.6000000000004,2.376338481903076
2276.7000000000003,2.363649606704712
2276.8,2.378903388977051
2276.9,2.3899993896484375
2277.0,2.363215446472168
2277.1000000000004,2.3792617321014404
2277.2000000000003,2.367058038711548
2277.3,2.3808469772338867
2277.4,2.378419876098633
2277.5,2.373582363128662
2277.6000000000004,2.3668887615203857
2277.7000000000003,2.3763458728790283
2277.8,2.3814165592193604
2277.9,2.3751397132873535
2278.0,2.38704252243042
2278.1000000000004,2.372192859649658
2278.2000000000003,2.373204231262207
2278.3,2.3834593296051025
2278.4,2.3874893188476562
2278.5,2.3797123432159424
2278.6000000000004,2.37614369392395
2278.7000000000003,2.377321481704712
2278.8,2.3860714435577393
2278.9,2.3777341842651367
2279.0,2.3801181316375732
2279.1000000000004,2.3838186264038086
2279.2000000000003,2.383192539215088
2279.3,2.3674726486206055
2279.4,2.3853836059570312
2279.5,2.3715970516204834
2279.6000000000004,2.38427734375
2279.7000000000003,2.3902170658111572
2279.8,2.3801026344299316
2279.9,2.3812286853790283
2280.0,2.3770909309387207
2280.1000000000004,2.375498056411743
2280.2000000000003,2.376258373260498
2280.3,2.398834466934204
2280.4,2.392375946044922
2280.5,2.382514476776123
2280.6000000000004,2.3825273513793945
2280.7000000000003,2.384399175643921
2280.8,2.3820102214813232
2280.9,2.373607635498047
2281.0,2.3838796615600586
2281.1000000000004,2.3803043365478516
2281.2000000000003,2.3869786262512207
2281.3,2.3831634521484375
2281.4,2.3900113105773926
2281.5,2.376361846923828
2281.6000000000004,2.3843798637390137
2281.7000000000003,2.383720874786377
2281.8,2.394789218902588
2281.9,2.3879520893096924
2282.0,2.394897699356079
2282.1000000000004,2.38862943649292
2282.2000000000003,2.3808960914611816
2282.3,2.3923451900482178
2282.4,2.3694863319396973
2282.5,2.3714308738708496
2282.6000000000004,2.384739875793457
2282.7000000000003,2.3822405338287354
2282.8,2.3813557624816895
2282.9,2.379934310913086
2283.0,2.3808281421661377
2283.1000000000004,2.3903894424438477
2283.2000000000003,2.3790175914764404
2283.3,2.380826950073242
2283.4,2.3772661685943604
2283.5,2.398038387298584
2283.6000000000004,2.3779525756835938
2283.7000000000003,2.380845308303833
2283.8,2.387106418609619
2283.9,2.3897311687469482
2284.0,2.3947412967681885
2284.1000000000004,2.3849146366119385
2284.2000000000003,2.3723816871643066
2284.3,2.386240243911743
2284.4,2.3931777477264404
2284.5,2.3851733207702637
2284.6000000000004,2.3718721866607666
2284.7000000000003,2.386887550354004
2284.8,2.3828892707824707
2284.9,2.3966736793518066
2285.0,2.392237424850464
2285.1000000000004,2.392557382583618
2285.2000000000003,2.3812663555145264
2285.3,2.3864805698394775
2285.4,2.3975470066070557
2285.5,2.3953053951263428
2285.6000000000004,2.388782262802124
2285.7000000000003,2.389988422393799
2285.8,2.381291389465332
2285.9,2.389420747756958
2286.0,2.396663188934326
2286.1000000000004,2.4051573276519775
2286.2000000000003,2.370671033859253
2286.3,2.3929061889648438
2286.4,2.3954036235809326
2286.5,2.3908560276031494
2286.6000000000004,2.390753746032715
2286.7000000000003,2.3909313678741455
2286.8,2.3792741298675537
2286.9,2.372771739959717
2287.0,2.3836092948913574
2287.1000000000004,2.3945658206939697
2287.2000000000003,2.382183074951172
2287.3,2.386141300201416
2287.4,2.3897955417633057
2287.5,2.387525796890259
2287.6000000000004,2.3822176456451416
2287.7000000000003,2.378203868865967
2287.8,2.3893990516662598
2287.9,2.3956425189971924
2288.0,2.389143943786621
2288.1000000000004,2.380960702896118
2288.2000000000003,2.3960719108581543
2288.3,2.3963749408721924
2288.4,2.399545431137085
2288.5,2.395479202270508
2288.6000000000004,2.385201930999756
2288.7000000000003,2.3822238445281982
2288.8,2.3849079608917236
2288.9,2.3947951793670654
2289.0,2.3870651721954346
2289.1000000000004,2.3913466930389404
2289.2000000000003,2.389697313308716
2289.3,2.3804943561553955
2289.4,2.400228261947632
2289.5,2.398118257522583
2289.6000000000004,2.3800482749938965
2289.7000000000003,2.4022088050842285
2289.8,2.3999171257019043
2289.9,2.393145799636841
2290.0,2.3882856369018555
2290.1000000000004,2.4035866260528564
2290.2000000000003,2.3881194591522217
2290.3,2.407771110534668
2290.4,2.3941731452941895
2290.5,2.385230302810669
2290.6000000000004,2.3978285789489746
2290.7000000000003,2.388249635696411
2290.8,2.396331310272217
2290.9,2.3926303386688232
2291.0,2.3920657634735107
2291.1000000000004,2.3887672424316406
2291.2000000000003,2.388336420059204
2291.3,2.407438039779663
2291.4,2.4042866230010986
2291.5,2.390667200088501
2291.6000000000004,2.403526782989502
2291.7000000000003,2.402646780014038
2291.8,2.3861825466156006
2291.9,2.3986778259277344
2292.0,2.3972151279449463
2292.1000000000004,2.3897523880004883
2292.2000000000003,2.4076075553894043
2292.3,2.3816730976104736
2292.4,2.399613857269287
2292.5,2.3868892192840576
2292.6000000000004,2.3936386108398438
2292.7000000000003,2.3811731338500977
2292.8,2.3825199604034424
2292.9,2.3938841819763184
2293.0,2.393864870071411
2293.1000000000004,2.4009652137756348
2293.2000000000003,2.3992273807525635
2293.3,2.3952388763427734
2293.4,2.391021490097046
2293.5,2.409243106842041
2293.6000000000004,2.3866500854492188
2293.7000000000003,2.3935556411743164
2293.8,2.384857654571533
2293.9,2.395004987716675
2294.0,2.387444019317627
2294.1000000000004,2.398808717727661
2294.2000000000003,2.3866193294525146
2294.3,2.4050133228302
2294.4,2.3906922340393066
2294.5,2.3934075832366943
2294.6000000000004,2.409742832183838
2294.7000000000003,2.4034082889556885
2294.8,2.3952767848968506
2294.9,2.4004592895507812
2295.0,2.408172845840454
2295.1000000000004,2.395606279373169
2295.2000000000003,2.399838924407959
2295.3,2.4050047397613525
2295.4,2.384641647338867
2295.5,2.402209997177124
2295.6000000000004,2.4072301387786865
2295.7000000000003,2.3933234214782715
2295.8,2.4013776779174805
2295.9,2.3841021060943604
2296.0,2.3941478729248047
2296.1000000000004,2.3964552879333496
2296.2000000000003,2.4091176986694336
2296.3,2.405557155609131
2296.4,2.3881771564483643
2296.5,2.3943417072296143
2296.6000000000004,2.3865442276000977
2296.7000000000003,2.4090802669525146
2296.8,2.3916475772857666
2296.9,2.411689519882202
2297.0,2.4050912857055664
2297.1000000000004,2.398543119430542
2297.2000000000003,2.391162157058716
2297.3,2.4011223316192627
2297.4,2.393902540206909
2297.5,2.396601915359497
2297.6000000000004,2.400866985321045
2297.7000000000003,2.394192695617676
2297.8,2.4055545330047607
2297.9,2.4030070304870605
2298.0,2.401738405227661
2298.1000000000004,2.3908236026763916
2298.2000000000003,2.398388385772705
2298.3,2.403956413269043
2298.4,2.4095394611358643
2298.5,2.4109723567962646
2298.6000000000004,2.407161235809326
2298.7000000000003,2.4081501960754395
2298.8,2.412869453430176
2298.9,2.399447441101074
2299.0,2.401395320892334
2299.1000000000004,2.4022068977355957
2299.2000000000003,2.406465530395508
2299.3,2.4015727043151855
2299.4,2.412790060043335
2299.5,2.408292770385742
2299.6000000000004,2.4010379314422607
2299.7000000000003,2.400547742843628
2299.8,2.4075231552124023
2299.9,2.4079525470733643
2300.0,2.403895139694214
2300.1000000000004,2.401554822921753
2300.2000000000003,2.4178359508514404
2300.3,2.4021315574645996
2300.4,2.4016060829162598
2300.5,2.3989052772521973
2300.6000000000004,2.4150266647338867
2300.7000000000003,2.3980956077575684
2300.8,2.3935585021972656
2300.9,2.4156277179718018
2301.0,2.389495372772217
2301.1000000000004,2.4046683311462402
2301.2000000000003,2.3945579528808594
2301.3,2.39599609375
2301.4,2.402708053588867
2301.5,2.3992652893066406
2301.6000000000004,2.407451868057251
2301.7000000000003,2.4072391986846924
2301.8,2.4103798866271973
2301.9,2.4023802280426025
2302.0,2.4018681049346924
2302.1000000000004,2.406625270843506
2302.2000000000003,2.4131836891174316
2302.3,2.3995089530944824
2302.4,2.3967180252075195
2302.5,2.398196220397949
2302.6000000000004,2.3968234062194824
2302.7000000000003,2.408214569091797
2302.8,2.4029347896575928
2302.9,2.408450126647949
2303.0,2.4155142307281494
2303.1000000000004,2.399678945541382
2303.2000000000003,2.396580934524536
2303.3,2.4106884002685547
2303.4,2.4004712104797363
2303.5,2.419701099395752
2303.6000000000004,2.4030697345733643
2303.7000000000003,2.3996593952178955
2303.8,2.411281108856201
2303.9,2.3972065448760986
2304.0,2.412238836288452
2304.1000000000004,2.40651273727417
2304.2000000000003,2.4090957641601562
2304.3,2.395160436630249
2304.4,2.410304307937622
2304.5,2.40578556060791
2304.6000000000004,2.4104464054107666
2304.7000000000003,2.415630578994751
2304.8,2.4074370861053467
2304.9,2.4017608165740967
2305.0,2.406045436859131
2305.1000000000004,2.3904285430908203
2305.2000000000003,2.4096333980560303
2305.3,2.399562120437622
2305.4,2.408399820327759
2305.5,2.4259161949157715
2305.6000000000004,2.41266131401062
2305.7000000000003,2.416027069091797
2305.8,2.409724235534668
2305.9,2.40339732170105
2306.0,2.419806718826294
2306.1000000000004,2.4075615406036377
2306.2000000000003,2.4244937896728516
2306.3,2.400023937225342
2306.4,2.4079391956329346
2306.5,2.403334379196167
2306.6000000000004,2.420287847518921
2306.7000000000003,2.4075448513031006
2306.8,2.4052488803863525
2306.9,2.420997142791748
2307.0,2.407555341720581
2307.1000000000004,2.4265904426574707
2307.2000000000003,2.4131157398223877
2307.3,2.416703939437866
2307.4,2.4008243083953857
2307.5,2.4048871994018555
2307.6000000000004,2.3956780433654785
2307.7000000000003,2.4196205139160156
2307.8,2.409743547439575
2307.9,2.41120982170105
2308.0,2.4099173545837402
2308.1000000000004,2.4279613494873047
2308.2000000000003,2.420682430267334
2308.3,2.4039227962493896
2308.4,2.413283348083496
2308.5,2.40610671043396
2308.6000000000004,2.394141674041748
2308.7000000000003,2.3942079544067383
2308.8,2.4062979221343994
2308.9,2.40110182762146
2309.0,2.407404661178589
2309.1000000000004,2.41070294380188
2309.2000000000003,2.4063634872436523
2309.3,2.421302318572998
2309.4,2.417922019958496
2309.5,2.4177844524383545
2309.6000000000004,2.4165115356445312
2309.7000000000003,2.4091386795043945
2309.8,2.4041476249694824
2309.9,2.4118807315826416
2310.0,2.4136974811553955
2310.1000000000004,2.4252047538757324
2310.2000000000003,2.3982417583465576
2310.3,2.416902780532837
2310.4,2.419471025466919
2310.5,2.416975259780884
2310.6000000000004,2.4166533946990967
2310.7000000000003,2.405733346939087
2310.8,2.421771287918091
2310.9,2.421274423599243
2311.0,2.4079782962799072
2311.1000000000004,2.4144411087036133
2311.2000000000003,2.39669132232666
2311.3,2.4226155281066895
2311.4,2.4122068881988525
2311.5,2.405740737915039
2311.6000000000004,2.4109947681427
2311.7000000000003,2.4126980304718018
2311.8,2.4177920818328857
2311.9,2.4197518825531006
2312.0,2.4112250804901123
2312.1000000000004,2.419325590133667
2312.2000000000003,2.4096789360046387
2312.3,2.40975284576416
2312.4,2.410045862197876
2312.5,2.407486915588379
2312.6000000000004,2.4133963584899902
2312.7000000000003,2.42163348197937
2312.8,2.420649528503418
2312.9,2.4231314659118652
2313.0,2.401130437850952
2313.1000000000004,2.4087862968444824
2313.2000000000003,2.402162551879883
2313.3,2.4183812141418457
2313.4,2.4168753623962402
2313.5,2.4170923233032227
2313.6000000000004,2.408679723739624
2313.7000000000003,2.416886329650879
2313.8,2.410407304763794
2313.9,2.4098329544067383
2314.0,2.415415048599243
2314.1000000000004,2.421325445175171
2314.2000000000003,2.4246513843536377
2314.3,2.406311273574829
2314.4,2.4205198287963867
2314.5,2.4238321781158447
2314.6000000000004,2.423290967941284
2314.7000000000003,2.4067142009735107
2314.8,2.4163177013397217
2314.9,2.4276862144470215
2315.0,2.415872097015381
2315.1000000000004,2.422675848007202
2315.2000000000003,2.4133856296539307
2315.3,2.4219448566436768
2315.4,2.4092307090759277
2315.5,2.40645170211792
2315.6000000000004,2.4109408855438232
2315.7000000000003,2.4307663440704346
2315.8,2.4314115047454834
2315.9,2.3974711894989014
2316.0,2.4217984676361084
2316.1000000000004,2.4188594818115234
2316.2000000000003,2.418682336807251
2316.3,2.4141957759857178
2316.4,2.4209725856781006
2316.5,2.433100461959839
2316.6000000000004,2.4081456661224365
2316.7000000000003,2.419731378555298
2316.8,2.402118682861328
2316.9,2.4152262210845947
2317.0,2.4220077991485596
2317.1000000000004,2.402308940887451
2317.2000000000003,2.4113376140594482
2317.3,2.4181697368621826
2317.4,2.4276318550109863
2317.5,2.4283745288848877
2317.6000000000004,2.4143877029418945
2317.7000000000003,2.4193296432495117
2317.8,2.4080686569213867
2317.9,2.427431583404541
2318.0,2.4168059825897217
2318.1000000000004,2.427445650100708
2318.2000000000003,2.423834800720215
2318.3,2.429741382598877
2318.4,2.418076276779175
2318.5,2.4192919731140137
2318.6000000000004,2.4274234771728516
2318.7000000000003,2.401252031326294
2318.8,2.429203748703003
2318.9,2.4202871322631836
2319.0,2.418329954147339
2319.1000000000004,2.4299118518829346
2319.2000000000003,2.4146039485931396
2319.3,2.431464195251465
2319.4,2.427502393722534
2319.5,2.4198403358459473
2319.6000000000004,2.4153926372528076
2319.7000000000003,2.4273927211761475
2319.8,2.426485061645508
2319.9,2.431140422821045
2320.0,2.426936388015747
2320.1000000000004,2.416649103164673
2320.2000000000003,2.4307539463043213
2320.3,2.4222567081451416
2320.4,2.424250364303589
2320.5,2.423424243927002
2320.6000000000004,2.417051076889038
2320.7000000000003,2.4252538681030273
2320.8,2.4210855960845947
2320.9,2.4349358081817627
2321.0,2.4264328479766846
2321.1000000000004,2.423886299133301
2321.2000000000003,2.4214863777160645
2321.3,2.4092533588409424
2321.4,2.422231912612915
2321.5,2.4235305786132812
2321.6000000000004,2.4346494674682617
2321.7000000000003,2.4191062450408936
2321.8,2.418463945388794
2321.9,2.4254322052001953
2322.0,2.4216198921203613
2322.1000000000004,2.4251668453216553
2322.2000000000003,2.451643466949463
2322.3,2.431720733642578
2322.4,2.42438006401062
2322.5,2.4165873527526855
2322.6000000000004,2.412529945373535
2322.7000000000003,2.428349018096924
2322.8,2.434826374053955
2322.9,2.4252142906188965
2323.0,2.4188032150268555
2323.1000000000004,2.4161899089813232
2323.2000000000003,2.416966438293457
2323.3,2.4262051582336426
2323.4,2.4241652488708496
2323.5,2.4297714233398438
2323.6000000000004,2.411724090576172
2323.7000000000003,2.421278953552246
2323.8,2.427337646484375
2323.9,2.4266090393066406
2324.0,2.4267992973327637
2324.1000000000004,2.4203293323516846
2324.2000000000003,2.4327030181884766
2324.3,2.4405932426452637
2324.4,2.433953285217285
2324.5,2.432117462158203
2324.6000000000004,2.4193384647369385
2324.7000000000003,2.4211249351501465
2324.8,2.428910732269287
2324.9,2.4319705963134766
2325.0,2.4355874061584473
2325.1000000000004,2.4225897789001465
2325.2000000000003,2.4312753677368164
2325.3,2.4330263137817383
2325.4,2.4258906841278076
2325.5,2.4235963821411133
2325.6000000000004,2.4261600971221924
2325.7000000000003,2.4249870777130127
2325.8,2.4244344234466553
2325.9,2.41868257522583
2326.0,2.423281192779541
2326.1000000000004,2.4219014644622803
2326.2000000000003,2.4269216060638428
2326.3,2.425568103790283
2326.4,2.4203858375549316
2326.5,2.41495418548584
2326.6000000000004,2.4319281578063965
2326.7000000000003,2.431098699569702
2326.8,2.4160804748535156
2326.9,2.4324424266815186
2327.0,2.42161226272583
2327.1000000000004,2.433840274810791
2327.2000000000003,2.420118808746338
2327.3,2.4337821006774902
2327.4,2.4155147075653076
2327.5,2.439070224761963
2327.6000000000004,2.4277336597442627
2327.7000000000003,2.429348945617676
2327.8,2.432844638824463
2327.9,2.4264605045318604
2328.0,2.4355216026306152
2328.1000000000004,2.425379753112793
2328.2000000000003,2.430097818374634
2328.3,2.4247708320617676
2328.4,2.4289491176605225
2328.5,2.426265001296997
2328.6000000000004,2.4290382862091064
2328.7000000000003,2.421342134475708
2328.8,2.4180028438568115
2328.9,2.4358792304992676
2329.0,2.4284892082214355
2329.1000000000004,2.4282288551330566
2329.2000000000003,2.4235634803771973
2329.3,2.4320228099823
2329.4,2.4442520141601562
2329.5,2.4396090507507324
2329.6000000000004,2.435206413269043
2329.7000000000003,2.417463541030884
2329.8,2.4184062480926514
2329.9,2.4406023025512695
2330.0,2.426500082015991
2330.1000000000004,2.428436040878296
2330.2000000000003,2.4250645637512207
2330.3,2.4340662956237793
2330.4,2.4322457313537598
2330.5,2.429530620574951
2330.6000000000004,2.4332001209259033
2330.7000000000003,2.4295382499694824
2330.8,2.4232518672943115
2330.9,2.4313673973083496
2331.0,2.420485019683838
2331.1000000000004,2.43485689163208
2331.2000000000003,2.4230968952178955
2331.3,2.424273729324341
2331.4,2.42570424079895
2331.5,2.4206526279449463
2331.6000000000004,2.423738718032837
2331.7000000000003,2.447904109954834
2331.8,2.4340579509735107
2331.9,2.4306976795196533
2332.0,2.434598922729492
2332.1000000000004,2.436262845993042
2332.2000000000003,2.4327354431152344
2332.3,2.4384961128234863
2332.4,2.4372360706329346
2332.5,2.4300644397735596
2332.6000000000004,2.4376869201660156
2332.7000000000003,2.4303534030914307
2332.8,2.4182329177856445
2332.9,2.4440085887908936
2333.0,2.426274061203003
2333.1000000000004,2.453171968460083
2333.2000000000003,2.426771640777588
2333.3,2.435058832168579
2333.4,2.4309170246124268
2333.5,2.43729829788208
2333.6000000000004,2.4208109378814697
2333.7000000000003,2.426912784576416
2333.8,2.4430060386657715
2333.9,2.430105209350586
2334.0,2.4391582012176514
2334.1000000000004,2.438143730163574
2334.2000000000003,2.435136556625366
2334.3,2.434659957885742
2334.4,2.4151742458343506
2334.5,2.432025194168091
2334.6000000000004,2.434274435043335
2334.7000000000003,2.4415323734283447
2334.8,2.4299349784851074
2334.9,2.4262259006500244
2335.0,2.4342517852783203
2335.1000000000004,2.4408743381500244
2335.2000000000003,2.4397308826446533
2335.3,2.439131736755371
2335.4,2.4402971267700195
2335.5,2.439628839492798
2335.6000000000004,2.4332375526428223
2335.7000000000003,2.4251623153686523
2335.8,2.4405364990234375
2335.9,2.428680181503296
2336.0,2.430701732635498
2336.1000000000004,2.422384738922119
2336.2000000000003,2.4355146884918213
2336.3,2.4359617233276367
2336.4,2.4355554580688477
2336.5,2.4290273189544678
2336.6000000000004,2.4375357627868652
2336.7000000000003,2.438519239425659
2336.8,2.4222588539123535
2336.9,2.438248634338379
2337.0,2.416933536529541
2337.1000000000004,2.4382524490356445
2337.2000000000003,2.4366672039031982
2337.3,2.43644380569458
2337.4,2.442756175994873
2337.5,2.4286608695983887
2337.6000000000004,2.422973871231079
2337.7000000000003,2.43212628364563
2337.8,2.445949077606201
2337.9,2.4287774562835693
2338.0,2.437619686126709
2338.1000000000004,2.4165096282958984
2338.2000000000003,2.435464382171631
2338.3,2.4368629455566406
2338.4,2.436546564102173
2338.5,2.438375949859619
2338.6000000000004,2.4258549213409424
2338.7000000000003,2.425672769546509
2338.8,2.4214491844177246
2338.9,2.436396837234497
2339.0,2.437328577041626
2339.1000000000004,2.438242197036743
2339.2000000000003,2.4220407009124756
2339.3,2.429677963256836
2339.4,2.446887254714966
2339.5,2.4348881244659424
2339.6000000000004,2.445091962814331
2339.7000000000003,2.455598831176758
2339.8,2.435410499572754
2339.9,2.4365615844726562
2340.0,2.4425792694091797
2340.1000000000004,2.4405882358551025
2340.2000000000003,2.4318857192993164
2340.3,2.4347383975982666
2340.4,2.4290783405303955
2340.5,2.4265799522399902
2340.6000000000004,2.4433112144470215
2340.7000000000003,2.4330694675445557
2340.8,2.439588785171509
2340.9,2.4269161224365234
2341.0,2.428351402282715
2341.1000000000004,2.4408187866210938
2341.2000000000003,2.4384384155273438
2341.3,2.4315309524536133
2341.4,2.4354207515716553
2341.5,2.4479081630706787
2341.6000000000004,2.4429543018341064
2341.7000000000003,2.436462879180908
2341.8,2.431086778640747
2341.9,2.4326133728027344
2342.0,2.4413087368011475
2342.1000000000004,2.4285457134246826
2342.2000000000003,2.4350247383117676
2342.3,2.4386770725250244
2342.4,2.4401657581329346
2342.5,2.4319353103637695
2342.6000000000004,2.4396018981933594
2342.7000000000003,2.4352612495422363
2342.8,2.4358363151550293
2342.9,2.444505214691162
2343.0,2.43155574798584
2343.1000000000004,2.4444451332092285
2343.2000000000003,2.4373111724853516
2343.3,2.4357476234436035
2343.4,2.436047077178955
2343.5,2.428978443145752
2343.6000000000004,2.437800407409668
2343.7000000000003,2.4486334323883057
2343.8,2.431248903274536
2343.9,2.442349433898926
2344.0,2.4353787899017334
2344.1000000000004,2.443330764770508
2344.2000000000003,2.4350974559783936
2344.3,2.4174351692199707
2344.4,2.4408457279205322
2344.5,2.4421260356903076
2344.6000000000004,2.4434621334075928
2344.7000000000003,2.4473907947540283
2344.8,2.4424631595611572
2344.9,2.4523801803588867
2345.0,2.446223497390747
2345.1000000000004,2.435368299484253
2345.2000000000003,2.431406021118164
2345.3,2.4355976581573486
2345.4,2.442155599594116
2345.5,2.4499542713165283
2345.6000000000004,2.4291024208068848
2345.7000000000003,2.4296908378601074
2345.8,2.4380714893341064
2345.9,2.424732208251953
2346.0,2.440168619155884
2346.1000000000004,2.439896583557129
2346.2000000000003,2.433072328567505
2346.3,2.4381587505340576
2346.4,2.442959785461426
2346.5,2.4410531520843506
2346.6000000000004,2.4399027824401855
2346.7000000000003,2.442322254180908
2346.8,2.427241086959839
2346.9,2.437041997909546
2347.0,2.4375617504119873
2347.1000000000004,2.4392294883728027
2347.2000000000003,2.4395804405212402
2347.3,2.4349300861358643
2347.4,2.431619167327881
2347.5,2.436530351638794
2347.6000000000004,2.4308550357818604
2347.7000000000003,2.4473836421966553
2347.8,2.4493303298950195
2347.9,2.4301412105560303
2348.0,2.4388856887817383
2348.1000000000004,2.4438812732696533
2348.2000000000003,2.452347993850708
2348.3,2.4426956176757812
2348.4,2.4409844875335693
2348.5,2.4409732818603516
2348.6000000000004,2.441801071166992
2348.7000000000003,2.443718194961548
2348.8,2.437368869781494
2348.9,2.444040060043335
2349.0,2.4430644512176514
2349.1000000000004,2.4390809535980225
2349.2000000000003,2.4455795288085938
2349.3,2.428222179412842
2349.4,2.447484254837036
2349.5,2.4303996562957764
2349.6000000000004,2.4332783222198486
2349.7000000000003,2.4493377208709717
2349.8,2.4435505867004395
2349.9,2.4318253993988037
2350.0,2.4353156089782715
2350.1000000000004,2.4352879524230957
2350.2000000000003,2.4504454135894775
2350.3,2.4463982582092285
2350.4,2.4372925758361816
2350.5,2.4370036125183105
2350.6000000000004,2.43947696685791
2350.7000000000003,2.438666820526123
2350.8,2.4437255859375
2350.9,2.449662446975708
2351.0,2.4423041343688965
2351.1000000000004,2.4442832469940186
2351.2000000000003,2.449532985687256
2351.3,2.43938946723938
2351.4,2.429511547088623
2351.5,2.442207098007202
2351.6000000000004,2.4478330612182617
2351.7000000000003,2.444178342819214
2351.8,2.454265594482422
2351.9,2.4491078853607178
2352.0,2.4228758811950684
2352.1000000000004,2.4304258823394775
2352.2000000000003,2.450944185256958
2352.3,2.4476749897003174
2352.4,2.4379525184631348
2352.5,2.4554715156555176
2352.6000000000004,2.4441075325012207
2352.7000000000003,2.4403085708618164
2352.8,2.445366859436035
2352.9,2.4470436573028564
2353.0,2.4483346939086914
2353.1000000000004,2.4446067810058594
2353.2000000000003,2.4390182495117188
2353.3,2.444456100463867
2353.4,2.4329288005828857
2353.5,2.448028326034546
2353.6000000000004,2.4411535263061523
2353.7000000000003,2.4406819343566895
2353.8,2.448106050491333
2353.9,2.4487555027008057
2354.0,2.4485111236572266
2354.1000000000004,2.4479963779449463
2354.2000000000003,2.439481019973755
2354.3,2.432076930999756
2354.4,2.4311423301696777
2354.5,2.4418506622314453
2354.6000000000004,2.4367589950561523
2354.7000000000003,2.4562437534332275
2354.8,2.434781312942505
2354.9,2.4476888179779053
2355.0,2.4468417167663574
2355.1000000000004,2.4317638874053955
2355.2000000000003,2.441035032272339
2355.3,2.4494216442108154
2355.4,2.440293312072754
2355.5,2.441187858581543
2355.6000000000004,2.4388318061828613
2355.7000000000003,2.4391860961914062
2355.8,2.4398834705352783
2355.9,2.437940835952759
2356.0,2.451620101928711
2356.1000000000004,2.4448065757751465
2356.2000000000003,2.441063404083252
2356.3,2.4416043758392334
2356.4,2.4463889598846436
2356.5,2.4354522228240967
2356.6000000000004,2.4499449729919434
2356.7000000000003,2.4580841064453125
2356.8,2.4364266395568848
2356.9,2.4441161155700684
2357.0,2.446673631668091
2357.1000000000004,2.4391160011291504
2357.2000000000003,2.4357123374938965
2357.3,2.445033073425293
2357.4,2.4413444995880127
2357.5,2.4457337856292725
2357.6000000000004,2.437516450881958
2357.7000000000003,2.448056221008301
2357.8,2.4482879638671875
2357.9,2.4420173168182373
2358.0,2.4551379680633545
2358.1000000000004,2.4536802768707275
2358.2000000000003,2.4389564990997314
2358.3,2.434695243835449
2358.4,2.440648317337036
2358.5,2.449936628341675
2358.6000000000004,2.4532039165496826
2358.7000000000003,2.432157278060913
2358.8,2.4466259479522705
2358.9,2.4476208686828613
2359.0,2.4345297813415527
2359.1000000000004,2.44374942779541
2359.2000000000003,2.4481093883514404
2359.3,2.435060739517212
2359.4,2.4452261924743652
2359.5,2.453103542327881
2359.6000000000004,2.42966365814209
2359.7000000000003,2.4418604373931885
2359.8,2.4397060871124268
2359.9,2.451523780822754
2360.0,2.4464714527130127
2360.1000000000004,2.438462257385254
2360.2000000000003,2.4527714252471924
2360.3,2.438091278076172
2360.4,2.4471328258514404
2360.5,2.4487905502319336
2360.6000000000004,2.4388344287872314
2360.7000000000003,2.438166618347168
2360.8,2.448789358139038
2360.9,2.4566397666931152
2361.0,2.4539501667022705
2361.1000000000004,2.4530625343322754
2361.2000000000003,2.452443838119507
2361.3,2.45446515083313
2361.4,2.439157485961914
2361.5,2.457653284072876
2361.6000000000004,2.455681800842285
2361.7000000000003,2.447450876235962
2361.8,2.4500699043273926
2361.9,2.4434070587158203
2362.0,2.435713291168213
2362.1000000000004,2.4491336345672607
2362.2000000000003,2.444182872772217
2362.3,2.4545788764953613
2362.4,2.444981336593628
2362.5,2.4402241706848145
2362.6000000000004,2.4505257606506348
2362.7000000000003,2.452141761779785
2362.8,2.4423775672912598
2362.9,2.4314136505126953
2363.0,2.453571319580078
2363.1000000000004,2.447540521621704
2363.2000000000003,2.4362916946411133
2363.3,2.444124221801758
2363.4,2.4380240440368652
2363.5,2.446988344192505
2363.6000000000004,2.4476583003997803
2363.7000000000003,2.4313297271728516
2363.8,2.444718837738037
2363.9,2.4310643672943115
2364.0,2.449639320373535
2364.1000000000004,2.4405176639556885
2364.2000000000003,2.4352946281433105
2364.3,2.4421916007995605
2364.4,2.447384834289551
2364.5,2.4500339031219482
2364.6000000000004,2.448975086212158
2364.7000000000003,2.446681499481201
2364.8,2.429889440536499
2364.9,2.449317455291748
2365.0,2.448380947113037
2365.1000000000004,2.4387221336364746
2365.2000000000003,2.446178913116455
2365.3,2.456406354904175
2365.4,2.4303665161132812
2365.5,2.4467475414276123
2365.6000000000004,2.435040235519409
2365.7000000000003,2.450291156768799
2365.8,2.4468517303466797
2365.9,2.4597339630126953
2366.0,2.447080612182617
2366.1000000000004,2.449317216873169
2366.2000000000003,2.4514782428741455
2366.3,2.4373037815093994
2366.4,2.446202516555786
2366.5,2.448575019836426
2366.6000000000004,2.4327030181884766
2366.7000000000003,2.456895112991333
2366.8,2.4552221298217773
2366.9,2.4468729496002197
2367.0,2.4358630180358887
2367.1000000000004,2.4577956199645996
2367.2000000000003,2.4457952976226807
2367.3,2.4444684982299805
2367.4,2.4389114379882812
2367.5,2.4496073722839355
2367.6000000000004,2.4571359157562256
2367.7000000000003,2.4501395225524902
2367.8,2.445322036743164
2367.9,2.4527413845062256
2368.0,2.4489519596099854
2368.1000000000004,2.447402238845825
2368.2000000000003,2.447481393814087
2368.3,2.4568779468536377
2368.4,2.4558303356170654
2368.5,2.456555128097534
2368.6000000000004,2.4539756774902344
2368.7000000000003,2.455751419067383
2368.8,2.4225215911865234
2368.9,2.4519386291503906
2369.0,2.4421768188476562
2369.1000000000004,2.4590282440185547
2369.2000000000003,2.4599595069885254
2369.3,2.439570903778076
2369.4,2.431137800216675
2369.5,2.451223134994507
2369.6000000000004,2.447490930557251
2369.7000000000003,2.446221351623535
2369.8,2.4477410316467285
2369.9,2.449286699295044
2370.0,2.454906940460205
2370.1000000000004,2.448258399963379
2370.2000000000003,2.434917688369751
2370.3,2.442100763320923
2370.4,2.450990915298462
2370.5,2.446911573410034
2370.6000000000004,2.458505868911743
2370.7000000000003,2.4499900341033936
2370.8,2.4384543895721436
2370.9,2.4585063457489014
2371.0,2.4410552978515625
2371.1000000000004,2.4481000900268555
2371.2000000000003,2.4437642097473145
2371.3,2.44930362701416
2371.4,2.462745428085327
2371.5,2.440891742706299
2371.6000000000004,2.450169086456299
2371.7000000000003,2.463189125061035
2371.8,2.4439330101013184
2371.9,2.455960273742676
2372.0,2.4589498043060303
2372.1000000000004,2.4658477306365967
2372.2000000000003,2.438197135925293
2372.3,2.4525389671325684
2372.4,2.4467453956604004
2372.5,2.4421536922454834
2372.6000000000004,2.4550278186798096
2372.7000000000003,2.4524729251861572
2372.8,2.4534194469451904
2372.9,2.4519741535186768
2373.0,2.4426021575927734
2373.1000000000004,2.4480302333831787
2373.2000000000003,2.4395735263824463
2373.3,2.458928346633911
2373.4,2.4516773223876953
2373.5,2.445462226867676
2373.6000000000004,2.458621025085449
2373.7000000000003,2.450106620788574
2373.8,2.4637389183044434
2373.9,2.4617738723754883
2374.0,2.4543445110321045
2374.1000000000004,2.450157880783081
2374.2000000000003,2.4307031631469727
2374.3,2.4354135990142822
2374.4,2.456949472427368
2374.5,2.453913688659668
2374.6000000000004,2.4510128498077393
2374.7000000000003,2.443657875061035
2374.8,2.4490818977355957
2374.9,2.4483346939086914
2375.0,2.44557785987854
2375.1000000000004,2.4388601779937744
2375.2000000000003,2.4557080268859863
2375.3,2.4507803916931152
2375.4,2.46455454826355
2375.5,2.4559097290039062
2375.6000000000004,2.4420878887176514
2375.7000000000003,2.4543817043304443
2375.8,2.467344045639038
2375.9,2.43880295753479
2376.0,2.452953577041626
2376.1000000000004,2.4527547359466553
2376.2000000000003,2.454415798187256
2376.3,2.451517105102539
2376.4,2.465139627456665
2376.5,2.4542369842529297
2376.6000000000004,2.455461263656616
2376.7000000000003,2.450030565261841
2376.8,2.45170259475708
2376.9,2.443544864654541
2377.0,2.4493026733398438
2377.1000000000004,2.443237543106079
2377.2000000000003,2.4483070373535156
2377.3,2.43997859954834
2377.4,2.4556188583374023
2377.5,2.444352149963379
2377.6000000000004,2.4533698558807373
2377.7000000000003,2.458449125289917
2377.8,2.4497790336608887
2377.9,2.4479801654815674
2378.0,2.456268548965454
2378.1000000000004,2.4447133541107178
2378.2000000000003,2.4448719024658203
2378.3,2.448982000350952
2378.4,2.4470934867858887
2378.5,2.4496476650238037
2378.6000000000004,2.4487221240997314
2378.7000000000003,2.4523849487304688
2378.8,2.4544870853424072
2378.9,2.460576295852661
2379.0,2.4442481994628906
2379.1000000000004,2.455307722091675
2379.2000000000003,2.443323850631714
2379.3,2.4524712562561035
2379.4,2.4477295875549316
2379.5,2.464195728302002
2379.6000000000004,2.4511935710906982
2379.7000000000003,2.4451329708099365
2379.8,2.4493489265441895
2379.9,2.456833600997925
2380.0,2.4478843212127686
2380.1000000000004,2.439527988433838
2380.2000000000003,2.4434986114501953
2380.3,2.4416797161102295
2380.4,2.4479198455810547
2380.5,2.4527370929718018
2380.6000000000004,2.454582691192627
2380.7000000000003,2.4582879543304443
2380.8,2.449533700942993
2380.9,2.44811749458313
2381.0,2.4385573863983154
2381.1000000000004,2.44427227973938
2381.2000000000003,2.443527936935425
2381.3,2.4575273990631104
2381.4,2.450472831726074
2381.5,2.4612693786621094
2381.6000000000004,2.455406665802002
2381.7000000000003,2.45000958442688
2381.8,2.4500749111175537
2381.9,2.433779001235962
2382.0,2.4507598876953125
2382.1000000000004,2.4546713829040527
2382.2000000000003,2.45687198638916
2382.3,2.4612350463867188
2382.4,2.448394298553467
2382.5,2.453005790710449
2382.6000000000004,2.448988914489746
2382.7000000000003,2.4377520084381104
2382.8,2.456024646759033
2382.9,2.446335554122925
2383.0,2.4639973640441895
2383.1000000000004,2.4486136436462402
2383.2000000000003,2.461158514022827
2383.3,2.455120086669922
2383.4,2.458124876022339
2383.5,2.448641777038574
2383.6000000000004,2.441486120223999
2383.7000000000003,2.4622442722320557
2383.8,2.4514708518981934
2383.9,2.449735403060913
2384.0,2.445996046066284
2384.1000000000004,2.441620349884033
2384.2000000000003,2.4386754035949707
2384.3,2.451085329055786
2384.4,2.4435508251190186
2384.5,2.4485483169555664
2384.6000000000004,2.444223642349243
2384.7000000000003,2.455022096633911
2384.8,2.4653921127319336
2384.9,2.4544830322265625
2385.0,2.4469106197357178
2385.1000000000004,2.4531471729278564
2385.2000000000003,2.4513375759124756
2385.3,2.452369451522827
2385.4,2.4557738304138184
2385.5,2.4462006092071533
2385.6000000000004,2.4602856636047363
2385.7000000000003,2.4434380531311035
2385.8,2.4503540992736816
2385.9,2.4505248069763184
2386.0,2.4591381549835205
2386.1000000000004,2.431220054626465
2386.2000000000003,2.453686237335205
2386.3,2.4479875564575195
2386.4,2.456580638885498
2386.5,2.4562854766845703
2386.6000000000004,2.447384834289551
2386.7000000000003,2.4557693004608154
2386.8,2.453242778778076
2386.9,2.4486026763916016
2387.0,2.4481258392333984
2387.1000000000004,2.449389934539795
2387.2000000000003,2.4580671787261963
2387.3,2.442802906036377
2387.4,2.4515302181243896
2387.5,2.44846248626709
2387.6000000000004,2.4479312896728516
2387.7000000000003,2.454651355743408
2387.8,2.4491536617279053
2387.9,2.455040216445923
2388.0,2.4553163051605225
2388.1000000000004,2.45356822013855
2388.2000000000003,2.456834077835083
2388.3,2.464592933654785
2388.4,2.4554648399353027
2388.5,2.465606451034546
2388.6000000000004,2.451706647872925
2388.7000000000003,2.457109212875366
2388.8,2.4404027462005615
2388.9,2.4520092010498047
2389.0,2.4428470134735107
2389.1000000000004,2.446229934692383
2389.2000000000003,2.445260524749756
2389.3,2.447751522064209
2389.4,2.45167875289917
2389.5,2.4482314586639404
2389.6000000000004,2.4447784423828125
2389.7000000000003,2.461660146713257
2389.8,2.4460372924804688
2389.9,2.4494194984436035
2390.0,2.4537737369537354
2390.1000000000004,2.4495089054107666
2390.2000000000003,2.4532434940338135
2390.3,2.4587960243225098
2390.4,2.4409196376800537
2390.5,2.4507651329040527
2390.6000000000004,2.452315330505371
2390.7000000000003,2.4728500843048096
2390.8,2.456165075302124
2390.9,2.4527530670166016
2391.0,2.445784330368042
2391.1000000000004,2.431048631668091
2391.2000000000003,2.462007999420166
2391.3,2.448666572570801
2391.4,2.4450199604034424
2391.5,2.442141532897949
2391.6000000000004,2.4531054496765137
2391.7000000000003,2.4582602977752686
2391.8,2.4550468921661377
2391.9,2.4466419219970703
2392.0,2.4481234550476074
2392.1000000000004,2.4265942573547363
2392.2000000000003,2.4572811126708984
2392.3,2.4543893337249756
2392.4,2.4537887573242188
2392.5,2.4509923458099365
2392.6000000000004,2.4491560459136963
2392.7000000000003,2.4546420574188232
2392.8,2.446444034576416
2392.9,2.4422361850738525
2393.0,2.4593656063079834
2393.1000000000004,2.4530491828918457
2393.2000000000003,2.460050344467163
2393.3,2.455373525619507
2393.4,2.441737651824951
2393.5,2.455026388168335
2393.6000000000004,2.459866523742676
2393.7000000000003,2.4490740299224854
2393.8,2.4522035121917725
2393.9,2.451866865158081
2394.0,2.4373879432678223
2394.1000000000004,2.4577739238739014
2394.2000000000003,2.456817865371704
2394.3,2.441072463989258
2394.4,2.4434800148010254
2394.5,2.447955369949341
2394.6000000000004,2.461958885192871
2394.7000000000003,2.4577736854553223
2394.8,2.4392120838165283
2394.9,2.4596734046936035
2395.0,2.454542875289917
2395.1000000000004,2.4545719623565674
2395.2000000000003,2.449805736541748
2395.3,2.4534108638763428
2395.4,2.452362298965454
2395.5,2.449923038482666
2395.6000000000004,2.4459309577941895
2395.7000000000003,2.4583873748779297
2395.8,2.4520485401153564
2395.9,2.449920415878296
2396.0,2.4557366371154785
2396.1000000000004,2.4537131786346436
2396.2000000000003,2.45747971534729
2396.3,2.451153039932251
2396.4,2.4486582279205322
2396.5,2.4452946186065674
2396.6000000000004,2.4601850509643555
2396.7000000000003,2.4593889713287354
2396.8,2.4487860202789307
2396.9,2.4413187503814697
2397.0,2.454869270324707
2397.1000000000004,2.457772731781006
2397.2000000000003,2.4563779830932617
2397.3,2.4429545402526855
2397.4,2.447493076324463
2397.5,2.440282106399536
2397.6000000000004,2.451943874359131
2397.7000000000003,2.4489986896514893
2397.8,2.4445271492004395
2397.9,2.452476739883423
2398.0,2.4550440311431885
2398.1000000000004,2.4380111694335938
2398.2000000000003,2.458545207977295
2398.3,2.453108787536621
2398.4,2.453179359436035
2398.5,2.4523746967315674
2398.6000000000004,2.45393967628479
2398.7000000000003,2.453383445739746
2398.8,2.4655933380126953
2398.9,2.453129768371582
2399.0,2.456308126449585
2399.1000000000004,2.452164888381958
2399.2000000000003,2.455817699432373
2399.3,2.454693078994751
2399.4,2.452359914779663
2399.5,2.46429705619812
2399.6000000000004,2.44869327545166
2399.7000000000003,2.4388651847839355
2399.8,2.453367233276367
2399.9,2.4455742835998535
2400.0,2.4538567066192627
2400.1000000000004,2.4487814903259277
2400.2000000000003,2.456045389175415
2400.3,2.4456937313079834
2400.4,2.454602003097534
2400.5,2.4475836753845215
2400.6000000000004,2.451639413833618
2400.7000000000003,2.452014446258545
2400.8,2.454676389694214
2400.9,2.4519097805023193
2401.0,2.445462465286255
2401.1000000000004,2.458411931991577
2401.2000000000003,2.4537343978881836
2401.3,2.4497387409210205
2401.4,2.4529082775115967
2401.5,2.458840847015381
2401.6000000000004,2.4486241340637207
2401.7000000000003,2.4470980167388916
2401.8,2.447443962097168
2401.9,2.4566867351531982
2402.0,2.4390311241149902
2402.1000000000004,2.452284812927246
2402.2000000000003,2.452634811401367
2402.3,2.448338270187378
2402.4,2.449115037918091
2402.5,2.460623264312744
2402.6000000000004,2.4417662620544434
2402.7000000000003,2.459197998046875
2402.8,2.4601709842681885
2402.9,2.4404568672180176
2403.0,2.4539644718170166
2403.1000000000004,2.461519241333008
2403.2000000000003,2.462397336959839
2403.3,2.455573797225952
2403.4,2.450406312942505
2403.5,2.445374011993408
2403.6000000000004,2.4459471702575684
2403.7000000000003,2.449256181716919
2403.8,2.440044403076172
2403.9,2.4426016807556152
2404.0,2.4547111988067627
2404.1000000000004,2.4549500942230225
2404.2000000000003,2.4471466541290283
2404.3,2.461857795715332
2404.4,2.4517009258270264
2404.5,2.455044984817505
2404.6000000000004,2.4487860202789307
2404.7000000000003,2.459899663925171
2404.8,2.453402280807495
2404.9,2.461353302001953
2405.0,2.449209451675415
2405.1000000000004,2.4529147148132324
2405.2000000000003,2.4449775218963623
2405.3,2.446603775024414
2405.4,2.4438419342041016
2405.5,2.443185567855835
2405.6000000000004,2.4493658542633057
2405.7000000000003,2.4538333415985107
2405.8,2.4574999809265137
2405.9,2.4491074085235596
2406.0,2.4376680850982666
2406.1000000000004,2.4578492641448975
2406.2000000000003,2.4432504177093506
2406.3,2.4648659229278564
2406.4,2.4464728832244873
2406.5,2.447669506072998
2406.6000000000004,2.438380002975464
2406.7000000000003,2.4562273025512695
2406.8,2.451115608215332
2406.9,2.4522616863250732
2407.0,2.452927589416504
2407.1000000000004,2.460033416748047
2407.2000000000003,2.4498801231384277
2407.3,2.4483349323272705
2407.4,2.4545488357543945
2407.5,2.4493613243103027
2407.6000000000004,2.450136184692383
2407.7000000000003,2.4521615505218506
2407.8,2.449132204055786
2407.9,2.4584908485412598
2408.0,2.4617984294891357
2408.1000000000004,2.4329960346221924
2408.2000000000003,2.454360246658325
2408.3,2.447798490524292
2408.4,2.4491095542907715
2408.5,2.4614832401275635
2408.6000000000004,2.454678773880005
2408.7000000000003,2.4483604431152344
2408.8,2.4505715370178223
2408.9,2.4521706104278564
2409.0,2.428499937057495
2409.1000000000004,2.4644603729248047
2409.2000000000003,2.445945978164673
2409.3,2.451420545578003
2409.4,2.44113826751709
2409.5,2.441640853881836
2409.6000000000004,2.4508044719696045
2409.7000000000003,2.4490435123443604
2409.8,2.4621849060058594
2409.9,2.446805953979492
2410.0,2.4415316581726074
2410.1000000000004,2.451338291168213
2410.2000000000003,2.4501755237579346
2410.3,2.4334726333618164
2410.4,2.4601364135742188
2410.5,2.455932140350342
2410.6000000000004,2.447740077972412
2410.7000000000003,2.446871280670166
2410.8,2.4481706619262695
2410.9,2.443223237991333
2411.0,2.4385125637054443
2411.1000000000004,2.4400341510772705
2411.2000000000003,2.452087163925171
2411.3,2.4621241092681885
2411.4,2.4336915016174316
2411.5,2.447791814804077
2411.6000000000004,2.4523074626922607
2411.7000000000003,2.4592652320861816
2411.8,2.456733226776123
2411.9,2.453064441680908
2412.0,2.4544620513916016
2412.1000000000004,2.448345422744751
2412.2000000000003,2.4546360969543457
2412.3,2.4522628784179688
2412.4,2.4475626945495605
2412.5,2.4345107078552246
2412.6000000000004,2.455986499786377
2412.7000000000003,2.4477949142456055
2412.8,2.454608678817749
2412.9,2.4413797855377197
2413.0,2.4480419158935547
2413.1000000000004,2.447709321975708
2413.2000000000003,2.4462270736694336
2413.3,2.4493408203125
2413.4,2.4497268199920654
2413.5,2.426100015640259
2413.6000000000004,2.44042706489563
2413.7000000000003,2.4366278648376465
2413.8,2.4530029296875
2413.9,2.454641819000244
2414.0,2.440232276916504
2414.1000000000004,2.454204797744751
2414.2000000000003,2.453052520751953
2414.3,2.4568257331848145
2414.4,2.4438369274139404
2414.5,2.4511055946350098
2414.6000000000004,2.434072494506836
2414.7000000000003,2.4519155025482178
2414.8,2.4548661708831787
2414.9,2.445462703704834
2415.0,2.4426488876342773
2415.1000000000004,2.4523980617523193
2415.2000000000003,2.453829526901245
2415.3,2.455447196960449
2415.4,2.4242618083953857
2415.5,2.4424211978912354
2415.6000000000004,2.4387741088867188
2415.7000000000003,2.4657833576202393
2415.8,2.4534778594970703
2415.9,2.446056365966797
2416.0,2.4484732151031494
2416.1000000000004,2.4488139152526855
2416.2000000000003,2.450962543487549
2416.3,2.457716464996338
2416.4,2.452812433242798
2416.5,2.4461824893951416
2416.6000000000004,2.452531099319458
2416.7000000000003,2.45052433013916
2416.8,2.4549169540405273
2416.9,2.4520950317382812
2417.0,2.4471511840820312
2417.1000000000004,2.454662561416626
2417.2000000000003,2.437108278274536
2417.3,2.445016622543335
2417.4,2.4539098739624023
2417.5,2.4498119354248047
2417.6000000000004,2.448277473449707
2417.7000000000003,2.458425283432007
2417.8,2.4425220489501953
2417.9,2.449493646621704
2418.0,2.447054862976074
2418.1000000000004,2.4547674655914307
2418.2000000000003,2.433701276779175
2418.3,2.446575403213501
2418.4,2.4437954425811768
2418.5,2.4496102333068848
2418.6000000000004,2.4597067832946777
2418.7000000000003,2.44114351272583
2418.8,2.4498038291931152
2418.9,2.451387405395508
2419.0,2.443789005279541
2419.1000000000004,2.4534401893615723
2419.2000000000003,2.4474687576293945
2419.3,2.4548840522766113
2419.4,2.451983690261841
2419.5,2.4294066429138184
2419.6000000000004,2.4470059871673584
2419.7000000000003,2.4323647022247314
2419.8,2.43976092338562
2419.9,2.4493796825408936
2420.0,2.4505882263183594
2420.1000000000004,2.447631597518921
2420.2000000000003,2.443591833114624
2420.3,2.458738327026367
2420.4,2.4423439502716064
2420.5,2.45095157623291
2420.6000000000004,2.443791151046753
2420.7000000000003,2.4460816383361816
2420.8,2.4542300701141357
2420.9,2.444753408432007
2421.0,2.456080436706543
2421.1000000000004,2.4506852626800537
2421.2000000000003,2.4551711082458496
2421.3,2.4499731063842773
2421.4,2.4522287845611572
2421.5,2.4448401927948
2421.6000000000004,2.4360713958740234
2421.7000000000003,2.4497318267822266
2421.8,2.4393138885498047
2421.9,2.455716609954834
2422.0,2.4482247829437256
2422.1000000000004,2.458415985107422
2422.2000000000003,2.4288816452026367
2422.3,2.4578301906585693
2422.4,2.450847625732422
2422.5,2.4419498443603516
2422.6000000000004,2.4462573528289795
2422.7000000000003,2.453815221786499
2422.8,2.4420647621154785
2422.9,2.446343421936035
2423.0,2.4366495609283447
2423.1000000000004,2.4536077976226807
2423.2000000000003,2.44095778465271
2423.3,2.452144145965576
2423.4,2.451841354370117
2423.5,2.4455223083496094
2423.6000000000004,2.4555718898773193
2423.7000000000003,2.441692590713501
2423.8,2.4460442066192627
2423.9,2.443591356277466
2424.0,2.4538347721099854
2424.1000000000004,2.4455902576446533
2424.2000000000003,2.4481050968170166
2424.3,2.447118043899536
2424.4,2.4466569423675537
2424.5,2.4529197216033936
2424.6000000000004,2.4528205394744873
2424.7000000000003,2.454172372817993
2424.8,2.4553864002227783
2424.9,2.4442479610443115
2425.0,2.456099510192871
2425.1000000000004,2.4421801567077637
2425.2000000000003,2.449941396713257
2425.3,2.451105833053589
2425.4,2.4498202800750732
2425.5,2.4436824321746826
2425.6000000000004,2.4496026039123535
2425.7000000000003,2.4466636180877686
2425.8,2.4399571418762207
2425.9,2.4478487968444824
2426.0,2.442204236984253
2426.1000000000004,2.4432973861694336
2426.2000000000003,2.4523799419403076
2426.3,2.447615146636963
2426.4,2.440284252166748
2426.5,2.4367525577545166
2426.6000000000004,2.430832862854004
2426.7000000000003,2.4461684226989746
2426.8,2.4321367740631104
2426.9,2.443498134613037
2427.0,2.455409049987793
2427.1000000000004,2.4546191692352295
2427.2000000000003,2.44465970993042
2427.3,2.4376654624938965
2427.4,2.445122241973877
2427.5,2.4552226066589355
2427.6000000000004,2.4462192058563232
2427.7000000000003,2.4458563327789307
2427.8,2.44840145111084
2427.9,2.450817823410034
2428.0,2.44390606880188
2428.1000000000004,2.444732666015625
2428.2000000000003,2.450883150100708
2428.3,2.439518451690674
2428.4,2.4428601264953613
2428.5,2.432060718536377
2428.6000000000004,2.447763681411743
2428.7000000000003,2.440840244293213
2428.8,2.4485723972320557
2428.9,2.4357125759124756
2429.0,2.4531993865966797
2429.1000000000004,2.441659450531006
2429.2000000000003,2.4445180892944336
2429.3,2.4447617530822754
2429.4,2.449974536895752
2429.5,2.4406797885894775
2429.6000000000004,2.450760841369629
2429.7000000000003,2.4490342140197754
2429.8,2.438262462615967
2429.9,2.440577983856201
2430.0,2.447392225265503
2430.1000000000004,2.437561273574829
2430.2000000000003,2.4364781379699707
2430.3,2.4577877521514893
2430.4,2.435023546218872
2430.5,2.4389100074768066
2430.6000000000004,2.453315258026123
2430.7000000000003,2.43255877494812
2430.8,2.4462146759033203
2430.9,2.4560914039611816
