[INFO] [launch]: All log files can be found below /home/abc/.ros/log/2026-10-08-00-03-36-135583-123-224282
[INFO] [launch]: Default logging verbosity is set to INFO
[INFO] [robot_state_publisher-1]: process started with pid [224284]
[INFO] [gzserver-2]: process started with pid [224286]
[robot_state_publisher-1] [WARN] [1791389016.269916014] [kdl_parser]: The root link base_footprint has an inertia specified in the URDF, but KDL does not support a root link with an inertia.  As a workaround, you can add an extra dummy link to your URDF.
[robot_state_publisher-1] [INFO] [1791389016.269977235] [robot_state_publisher]: got segment base_footprint
[robot_state_publisher-1] [INFO] [1791389016.270011285] [robot_state_publisher]: got segment base_link
[robot_state_publisher-1] [INFO] [1791389016.270015004] [robot_state_publisher]: got segment camera_Link
[robot_state_publisher-1] [INFO] [1791389016.270017800] [robot_state_publisher]: got segment deco_cover_Link
[robot_state_publisher-1] [INFO] [1791389016.270020399] [robot_state_publisher]: got segment left_front_wheel_Link
[robot_state_publisher-1] [INFO] [1791389016.270023073] [robot_state_publisher]: got segment left_rear_wheel_Link
[robot_state_publisher-1] [INFO] [1791389016.270025623] [robot_state_publisher]: got segment lidar_Link
[robot_state_publisher-1] [INFO] [1791389016.270028111] [robot_state_publisher]: got segment right_front_wheel_Link
[robot_state_publisher-1] [INFO] [1791389016.270030646] [robot_state_publisher]: got segment right_rear_wheel_Link
[gzserver-2] Gazebo multi-robot simulator, version 11.10.2
[gzserver-2] Copyright (C) 2012 Open Source Robotics Foundation.
[gzserver-2] Released under the Apache 2 License.
[gzserver-2] http://gazebosim.org
[gzserver-2] 
[gzserver-2] [1;33m[Wrn] [gazebo_ros_init.cpp:178] [0m[1;33m
[gzserver-2] #     # ####### ####### ###  #####  #######
[gzserver-2] ##    # #     #    #     #  #     # #
[gzserver-2] # #   # #     #    #     #  #       #
[gzserver-2] #  #  # #     #    #     #  #       #####
[gzserver-2] #   # # #     #    #     #  #       #
[gzserver-2] #    ## #     #    #     #  #     # #
[gzserver-2] #     # #######    #    ###  #####  #######
[gzserver-2] 
[gzserver-2] This version of Gazebo, now called Gazebo classic, reaches end-of-life
[gzserver-2] in January 2025. Users are highly encouraged to migrate to the new Gazebo
[gzserver-2] using our migration guides (https://gazebosim.org/docs/latest/gazebo_classic_migration?utm_source=gazebo_ros_pkgs&utm_medium=cli)
[gzserver-2] 
[gzserver-2] [0m[1;33m
[INFO] [spawn_entity.py-3]: process started with pid [224490]
[spawn_entity.py-3] [INFO] [1791389019.587114260] [spawn_entity]: Spawn Entity started
[spawn_entity.py-3] [INFO] [1791389019.587301217] [spawn_entity]: Loading entity published on topic robot_description
[spawn_entity.py-3] [INFO] [1791389019.588231774] [spawn_entity]: Waiting for entity xml on robot_description
[spawn_entity.py-3] [INFO] [1791389019.598900485] [spawn_entity]: Waiting for service /spawn_entity, timeout = 30
[spawn_entity.py-3] [INFO] [1791389019.599063859] [spawn_entity]: Waiting for service /spawn_entity
[spawn_entity.py-3] [INFO] [1791389019.600806294] [spawn_entity]: Calling service /spawn_entity
[spawn_entity.py-3] [INFO] [1791389019.840506957] [spawn_entity]: Spawn status: SpawnEntity: Successfully spawned entity [auto_mower]
[gzserver-2] [1;32m[Msg] [0m[1;32mWaiting for master.[0m[1;32m
[gzserver-2] [0m[1;32m[0m[1;32m[0m[1;32m[Msg] [0m[1;32mConnected to gazebo master @ [0m[1;32mhttp://127.0.0.1:11400[0m[1;32m
[gzserver-2] [0m[1;32m[0m[1;32m[0m[1;32m[Msg] [0m[1;32mPublicized address: [0m[1;32m192.168.177.7[0m[1;32m
[gzserver-2] [0m[1;32m[0m[1;32m[0m[1;32m[Msg] [0m[1;32mLoading world file [[0m[1;32m/home/abc/auto_mower_nav_backup_4-11（复件）/论文输出/实验/scripts/worlds/lawn_world_rtf2.world[0m[1;32m][0m[1;32m
[gzserver-2] [0m[1;33m[0m[1;33m[0m[1;33m[Wrn] [Event.cc:61] [0m[1;33mWarning: Deleting a connection right after creation. [0m[1;33mMake sure to save the ConnectionPtr from a Connect call
[INFO] [spawn_entity.py-3]: process has finished cleanly [pid 224490]
[gzserver-2] [0m[INFO] [1791389019.962924033] [camera_controller]: Publishing camera info to [/camera/camera_info]
[gzserver-2] [1;33m[Wrn] [Visual.cc:1056] [0m[1;33mUnable to get Material[[0m[1;33mGazebo/Brown[0m[1;33m] for Geometry[[0m[1;33mdog::link::body_visual[0m[1;33m. Object will appear white
[gzserver-2] [0m[1;33m[Wrn] [Visual.cc:1056] [0m[1;33mUnable to get Material[[0m[1;33mGazebo/Brown[0m[1;33m] for Geometry[[0m[1;33mdog::link::body_visual[0m[1;33m. Object will appear white
[gzserver-2] [0m[1;33m[Wrn] [Visual.cc:1056] [0m[1;33mUnable to get Material[[0m[1;33mGazebo/Brown[0m[1;33m] for Geometry[[0m[1;33mdog::link::head_visual[0m[1;33m. Object will appear white
[gzserver-2] [0m[1;33m[Wrn] [Visual.cc:1056] [0m[1;33mUnable to get Material[[0m[1;33mGazebo/Brown[0m[1;33m] for Geometry[[0m[1;33mdog::link::head_visual[0m[1;33m. Object will appear white
[gzserver-2] [0m[1;33m[Wrn] [Visual.cc:1056] [0m[1;33mUnable to get Material[[0m[1;33mGazebo/Brown[0m[1;33m] for Geometry[[0m[1;33mdog::link::leg1_visual[0m[1;33m. Object will appear white
[gzserver-2] [0m[1;33m[Wrn] [Visual.cc:1056] [0m[1;33mUnable to get Material[[0m[1;33mGazebo/Brown[0m[1;33m] for Geometry[[0m[1;33mdog::link::leg1_visual[0m[1;33m. Object will appear white
[gzserver-2] [0m[1;33m[Wrn] [Visual.cc:1056] [0m[1;33mUnable to get Material[[0m[1;33mGazebo/Brown[0m[1;33m] for Geometry[[0m[1;33mdog::link::leg2_visual[0m[1;33m. Object will appear white
[gzserver-2] [0m[1;33m[Wrn] [Visual.cc:1056] [0m[1;33mUnable to get Material[[0m[1;33mGazebo/Brown[0m[1;33m] for Geometry[[0m[1;33mdog::link::leg2_visual[0m[1;33m. Object will appear white
[gzserver-2] [0m[1;33m[Wrn] [Visual.cc:1056] [0m[1;33mUnable to get Material[[0m[1;33mGazebo/Brown[0m[1;33m] for Geometry[[0m[1;33mdog::link::leg3_visual[0m[1;33m. Object will appear white
[gzserver-2] [0m[1;33m[Wrn] [Visual.cc:1056] [0m[1;33mUnable to get Material[[0m[1;33mGazebo/Brown[0m[1;33m] for Geometry[[0m[1;33mdog::link::leg3_visual[0m[1;33m. Object will appear white
[gzserver-2] [0m[1;33m[Wrn] [Visual.cc:1056] [0m[1;33mUnable to get Material[[0m[1;33mGazebo/Brown[0m[1;33m] for Geometry[[0m[1;33mdog::link::leg4_visual[0m[1;33m. Object will appear white
[gzserver-2] [0m[1;33m[Wrn] [Visual.cc:1056] [0m[1;33mUnable to get Material[[0m[1;33mGazebo/Brown[0m[1;33m] for Geometry[[0m[1;33mdog::link::leg4_visual[0m[1;33m. Object will appear white
[gzserver-2] [0m[1;33m[Wrn] [Visual.cc:1056] [0m[1;33mUnable to get Material[[0m[1;33mGazebo/Brown[0m[1;33m] for Geometry[[0m[1;33mdog::link::tail_visual[0m[1;33m. Object will appear white
[gzserver-2] [0m[1;33m[Wrn] [Visual.cc:1056] [0m[1;33mUnable to get Material[[0m[1;33mGazebo/Brown[0m[1;33m] for Geometry[[0m[1;33mdog::link::tail_visual[0m[1;33m. Object will appear white
[gzserver-2] [0m[INFO] [1791389020.051561175] [diff_drive]: Wheel pair 1 separation set to [0.526460m]
[gzserver-2] [INFO] [1791389020.051590533] [diff_drive]: Wheel pair 1 diameter set to [0.176000m]
[gzserver-2] [INFO] [1791389020.052152934] [diff_drive]: Subscribed to [/cmd_vel]
[gzserver-2] [INFO] [1791389020.053212537] [diff_drive]: Advertise odometry on [/odom]
[gzserver-2] [INFO] [1791389020.054401581] [diff_drive]: Publishing odom transforms between [odom] and [base_footprint]
[gzserver-2] [INFO] [1791389020.059407099] [joint_state_publisher]: Going to publish joint [joint_left_front_wheel_Link]
[gzserver-2] [INFO] [1791389020.059424000] [joint_state_publisher]: Going to publish joint [joint_right_front_wheel_Link]
[gzserver-2] [INFO] [1791389020.059428013] [joint_state_publisher]: Going to publish joint [joint_left_rear_wheel_Link]
[gzserver-2] [INFO] [1791389020.059431459] [joint_state_publisher]: Going to publish joint [joint_right_rear_wheel_Link]
[gzserver-2] [INFO] [1791389020.059434549] [joint_state_publisher]: Going to publish joint [joint_camera_Link]
[INFO] [async_slam_toolbox_node-4]: process started with pid [224586]
[async_slam_toolbox_node-4] [INFO] [1791389022.268664389] [slam_toolbox]: Node using stack size 40000000
[async_slam_toolbox_node-4] [INFO] [1791389022.280421327] [slam_toolbox]: Using solver plugin solver_plugins::CeresSolver
[async_slam_toolbox_node-4] [INFO] [1791389022.280533228] [slam_toolbox]: CeresSolver: Using SCHUR_JACOBI preconditioner.
[async_slam_toolbox_node-4] Registering sensor: [Custom Described Lidar]
[INFO] [python3-5]: process started with pid [224620]
[INFO] [python3-6]: process started with pid [224622]
[python3-6] [INFO] [1791389024.567077881] [metrics_recorder]: 📼 记录器启动, out_dir=/home/abc/auto_mower_nav_backup_4-11（复件）/论文输出/实验/data/sciB_main_rect6_nav2_r3
[python3-5] [INFO] [1791389024.658283578] [coverage_planner]: 🌱 CoveragePlanner (Nav2版) 已启动
[python3-5] [INFO] [1791389024.658499998] [coverage_planner]:    边界记录模式: 启动后自动记录 odom，遥控走完一圈后按 M 开始覆盖
[python3-5] [INFO] [1791389024.659667306] [coverage_planner]: 🧪 Nav2实验变体启动: 边界顶点数=4
[python3-5] [INFO] [1791389024.740196828] [coverage_planner]: 等待 SLAM 地图 ...
[python3-5] [INFO] [1791389025.489366986] [coverage_planner]: 等待 SLAM 地图 ...
[INFO] [controller_server-7]: process started with pid [224714]
[INFO] [smoother_server-8]: process started with pid [224716]
[INFO] [planner_server-9]: process started with pid [224718]
[INFO] [behavior_server-10]: process started with pid [224720]
[INFO] [bt_navigator-11]: process started with pid [224722]
[INFO] [waypoint_follower-12]: process started with pid [224724]
[INFO] [velocity_smoother-13]: process started with pid [224726]
[INFO] [lifecycle_manager-14]: process started with pid [224728]
[controller_server-7] [INFO] [1791389028.316082336] [controller_server]: 
[controller_server-7] 	controller_server lifecycle node launched. 
[controller_server-7] 	Waiting on external lifecycle transitions to activate
[controller_server-7] 	See https://design.ros2.org/articles/node_lifecycle.html for more information.
[controller_server-7] [INFO] [1791389028.319076461] [controller_server]: Creating controller server
[velocity_smoother-13] [INFO] [1791389028.325947420] [velocity_smoother]: 
[velocity_smoother-13] 	velocity_smoother lifecycle node launched. 
[velocity_smoother-13] 	Waiting on external lifecycle transitions to activate
[velocity_smoother-13] 	See https://design.ros2.org/articles/node_lifecycle.html for more information.
[lifecycle_manager-14] [INFO] [1791389028.326041203] [lifecycle_manager_navigation]: Creating
[waypoint_follower-12] [INFO] [1791389028.326619294] [waypoint_follower]: 
[waypoint_follower-12] 	waypoint_follower lifecycle node launched. 
[waypoint_follower-12] 	Waiting on external lifecycle transitions to activate
[waypoint_follower-12] 	See https://design.ros2.org/articles/node_lifecycle.html for more information.
[waypoint_follower-12] [INFO] [1791389028.326909242] [waypoint_follower]: Creating
[planner_server-9] [INFO] [1791389028.327284696] [planner_server]: 
[planner_server-9] 	planner_server lifecycle node launched. 
[planner_server-9] 	Waiting on external lifecycle transitions to activate
[planner_server-9] 	See https://design.ros2.org/articles/node_lifecycle.html for more information.
[lifecycle_manager-14] [INFO] [1791389028.327857182] [lifecycle_manager_navigation]: [34m[1mCreating and initializing lifecycle service clients[0m[0m
[bt_navigator-11] [INFO] [1791389028.327859317] [bt_navigator]: 
[bt_navigator-11] 	bt_navigator lifecycle node launched. 
[bt_navigator-11] 	Waiting on external lifecycle transitions to activate
[bt_navigator-11] 	See https://design.ros2.org/articles/node_lifecycle.html for more information.
[bt_navigator-11] [INFO] [1791389028.327937377] [bt_navigator]: Creating
[smoother_server-8] [INFO] [1791389028.327981712] [smoother_server]: 
[smoother_server-8] 	smoother_server lifecycle node launched. 
[smoother_server-8] 	Waiting on external lifecycle transitions to activate
[smoother_server-8] 	See https://design.ros2.org/articles/node_lifecycle.html for more information.
[behavior_server-10] [INFO] [1791389028.328139843] [behavior_server]: 
[behavior_server-10] 	behavior_server lifecycle node launched. 
[behavior_server-10] 	Waiting on external lifecycle transitions to activate
[behavior_server-10] 	See https://design.ros2.org/articles/node_lifecycle.html for more information.
[planner_server-9] [INFO] [1791389028.328472870] [planner_server]: Creating
[smoother_server-8] [INFO] [1791389028.328824788] [smoother_server]: Creating smoother server
[controller_server-7] [INFO] [1791389028.333431643] [local_costmap.local_costmap]: 
[controller_server-7] 	local_costmap lifecycle node launched. 
[controller_server-7] 	Waiting on external lifecycle transitions to activate
[controller_server-7] 	See https://design.ros2.org/articles/node_lifecycle.html for more information.
[planner_server-9] [INFO] [1791389028.333850965] [global_costmap.global_costmap]: 
[planner_server-9] 	global_costmap lifecycle node launched. 
[planner_server-9] 	Waiting on external lifecycle transitions to activate
[planner_server-9] 	See https://design.ros2.org/articles/node_lifecycle.html for more information.
[planner_server-9] [INFO] [1791389028.334142227] [global_costmap.global_costmap]: Creating Costmap
[controller_server-7] [INFO] [1791389028.334165778] [local_costmap.local_costmap]: Creating Costmap
[lifecycle_manager-14] [INFO] [1791389029.398559086] [lifecycle_manager_navigation]: [34m[1mStarting managed nodes bringup...[0m[0m
[lifecycle_manager-14] [INFO] [1791389029.398611791] [lifecycle_manager_navigation]: [34m[1mConfiguring controller_server[0m[0m
[controller_server-7] [INFO] [1791389029.398917848] [controller_server]: Configuring controller interface
[controller_server-7] [INFO] [1791389029.399126447] [controller_server]: getting goal checker plugins..
[controller_server-7] [INFO] [1791389029.399243997] [controller_server]: Controller frequency set to 10.0000Hz
[controller_server-7] [INFO] [1791389029.399296315] [local_costmap.local_costmap]: Configuring
[controller_server-7] [INFO] [1791389029.406123950] [local_costmap.local_costmap]: Using plugin "voxel_layer"
[controller_server-7] [INFO] [1791389029.410190112] [local_costmap.local_costmap]: Subscribed to Topics: scan
[controller_server-7] [INFO] [1791389029.412979124] [local_costmap.local_costmap]: Initialized plugin "voxel_layer"
[controller_server-7] [INFO] [1791389029.412999477] [local_costmap.local_costmap]: Using plugin "inflation_layer"
[controller_server-7] [INFO] [1791389029.413412080] [local_costmap.local_costmap]: Initialized plugin "inflation_layer"
[controller_server-7] [INFO] [1791389029.418595975] [controller_server]: Created progress_checker : progress_checker of type nav2_controller::SimpleProgressChecker
[controller_server-7] [INFO] [1791389029.418943488] [controller_server]: Created goal checker : general_goal_checker of type nav2_controller::SimpleGoalChecker
[controller_server-7] [INFO] [1791389029.419049614] [controller_server]: Controller Server has general_goal_checker  goal checkers available.
[controller_server-7] [INFO] [1791389029.419982902] [controller_server]: Created controller : FollowPath of type dwb_core::DWBLocalPlanner
[controller_server-7] [INFO] [1791389029.420239631] [controller_server]: Setting transform_tolerance to 0.500000
[controller_server-7] [INFO] [1791389029.423668920] [controller_server]: Using critic "RotateToGoal" (dwb_critics::RotateToGoalCritic)
[controller_server-7] [INFO] [1791389029.423813863] [controller_server]: Critic plugin initialized
[controller_server-7] [INFO] [1791389029.423848363] [controller_server]: Using critic "Oscillation" (dwb_critics::OscillationCritic)
[controller_server-7] [INFO] [1791389029.423969588] [controller_server]: Critic plugin initialized
[controller_server-7] [INFO] [1791389029.424001344] [controller_server]: Using critic "BaseObstacle" (dwb_critics::BaseObstacleCritic)
[controller_server-7] [INFO] [1791389029.424048689] [controller_server]: Critic plugin initialized
[controller_server-7] [INFO] [1791389029.424083624] [controller_server]: Using critic "PathDist" (dwb_critics::PathDistCritic)
[controller_server-7] [INFO] [1791389029.424159631] [controller_server]: Critic plugin initialized
[controller_server-7] [INFO] [1791389029.424190401] [controller_server]: Using critic "GoalDist" (dwb_critics::GoalDistCritic)
[controller_server-7] [INFO] [1791389029.424268210] [controller_server]: Critic plugin initialized
[controller_server-7] [INFO] [1791389029.424275465] [controller_server]: Controller Server has FollowPath  controllers available.
[lifecycle_manager-14] [INFO] [1791389029.426754766] [lifecycle_manager_navigation]: [34m[1mConfiguring smoother_server[0m[0m
[smoother_server-8] [INFO] [1791389029.426864919] [smoother_server]: Configuring smoother server
[smoother_server-8] [INFO] [1791389029.430433121] [smoother_server]: Created smoother : simple_smoother of type nav2_smoother::SimpleSmoother
[smoother_server-8] [INFO] [1791389029.430603096] [smoother_server]: Smoother Server has simple_smoother  smoothers available.
[lifecycle_manager-14] [INFO] [1791389029.432471294] [lifecycle_manager_navigation]: [34m[1mConfiguring planner_server[0m[0m
[planner_server-9] [INFO] [1791389029.432615141] [planner_server]: Configuring
[planner_server-9] [INFO] [1791389029.432653516] [global_costmap.global_costmap]: Configuring
[planner_server-9] [INFO] [1791389029.435764841] [global_costmap.global_costmap]: Using plugin "static_layer"
[planner_server-9] [INFO] [1791389029.438186238] [global_costmap.global_costmap]: Subscribing to the map topic (/map) with transient local durability
[planner_server-9] [INFO] [1791389029.439001069] [global_costmap.global_costmap]: Initialized plugin "static_layer"
[planner_server-9] [INFO] [1791389029.439019766] [global_costmap.global_costmap]: Using plugin "obstacle_layer"
[planner_server-9] [INFO] [1791389029.439307107] [global_costmap.global_costmap]: Subscribed to Topics: scan
[planner_server-9] [INFO] [1791389029.440997281] [global_costmap.global_costmap]: Initialized plugin "obstacle_layer"
[planner_server-9] [INFO] [1791389029.441012671] [global_costmap.global_costmap]: Using plugin "inflation_layer"
[planner_server-9] [INFO] [1791389029.441304398] [global_costmap.global_costmap]: Initialized plugin "inflation_layer"
[planner_server-9] [INFO] [1791389029.444855229] [planner_server]: Created global planner plugin GridBased of type nav2_navfn_planner/NavfnPlanner
[planner_server-9] [INFO] [1791389029.444872484] [planner_server]: Configuring plugin GridBased of type NavfnPlanner
[planner_server-9] [INFO] [1791389029.445030682] [planner_server]: Planner Server has GridBased  planners available.
[lifecycle_manager-14] [INFO] [1791389029.447992878] [lifecycle_manager_navigation]: [34m[1mConfiguring behavior_server[0m[0m
[behavior_server-10] [INFO] [1791389029.448170568] [behavior_server]: Configuring
[planner_server-9] [INFO] [1791389029.449303868] [global_costmap.global_costmap]: StaticLayer: Resizing costmap to 217 X 217 at 0.050000 m/pix
[behavior_server-10] [INFO] [1791389029.454183496] [behavior_server]: Creating behavior plugin spin of type nav2_behaviors/Spin
[behavior_server-10] [INFO] [1791389029.454949124] [behavior_server]: Configuring spin
[behavior_server-10] [INFO] [1791389029.460336102] [behavior_server]: Creating behavior plugin backup of type nav2_behaviors/BackUp
[behavior_server-10] [INFO] [1791389029.461416036] [behavior_server]: Configuring backup
[behavior_server-10] [INFO] [1791389029.463301508] [behavior_server]: Creating behavior plugin wait of type nav2_behaviors/Wait
[behavior_server-10] [INFO] [1791389029.463897346] [behavior_server]: Configuring wait
[lifecycle_manager-14] [INFO] [1791389029.467654974] [lifecycle_manager_navigation]: [34m[1mConfiguring bt_navigator[0m[0m
[bt_navigator-11] [INFO] [1791389029.467925518] [bt_navigator]: Configuring
[lifecycle_manager-14] [INFO] [1791389029.496525242] [lifecycle_manager_navigation]: [34m[1mConfiguring waypoint_follower[0m[0m
[waypoint_follower-12] [INFO] [1791389029.496674213] [waypoint_follower]: Configuring
[waypoint_follower-12] [INFO] [1791389029.500932418] [waypoint_follower]: Created waypoint_task_executor : wait_at_waypoint of type nav2_waypoint_follower::WaitAtWaypoint
[waypoint_follower-12] [INFO] [1791389029.501034676] [waypoint_follower]: Waypoint pause duration is set to zero, disabling task executor plugin.
[lifecycle_manager-14] [INFO] [1791389029.501231281] [lifecycle_manager_navigation]: [34m[1mConfiguring velocity_smoother[0m[0m
[velocity_smoother-13] [INFO] [1791389029.501374629] [velocity_smoother]: Configuring velocity smoother
[lifecycle_manager-14] [INFO] [1791389029.503325768] [lifecycle_manager_navigation]: [34m[1mActivating controller_server[0m[0m
[controller_server-7] [INFO] [1791389029.503398053] [controller_server]: Activating
[controller_server-7] [INFO] [1791389029.503421078] [local_costmap.local_costmap]: Activating
[controller_server-7] [INFO] [1791389029.503428668] [local_costmap.local_costmap]: Checking transform
[controller_server-7] [INFO] [1791389029.503501551] [local_costmap.local_costmap]: start
[controller_server-7] [INFO] [1791389029.753934771] [controller_server]: Creating bond (controller_server) to lifecycle manager.
[lifecycle_manager-14] [INFO] [1791389029.860262394] [lifecycle_manager_navigation]: Server controller_server connected with bond.
[lifecycle_manager-14] [INFO] [1791389029.860347585] [lifecycle_manager_navigation]: [34m[1mActivating smoother_server[0m[0m
[smoother_server-8] [INFO] [1791389029.860828194] [smoother_server]: Activating
[smoother_server-8] [INFO] [1791389029.860894870] [smoother_server]: Creating bond (smoother_server) to lifecycle manager.
[lifecycle_manager-14] [INFO] [1791389029.966481642] [lifecycle_manager_navigation]: Server smoother_server connected with bond.
[lifecycle_manager-14] [INFO] [1791389029.966554944] [lifecycle_manager_navigation]: [34m[1mActivating planner_server[0m[0m
[planner_server-9] [INFO] [1791389029.966943941] [planner_server]: Activating
[planner_server-9] [INFO] [1791389029.967020736] [global_costmap.global_costmap]: Activating
[planner_server-9] [INFO] [1791389029.967050808] [global_costmap.global_costmap]: Checking transform
[planner_server-9] [INFO] [1791389029.967225191] [global_costmap.global_costmap]: start
[planner_server-9] [INFO] [1791389031.018416246] [planner_server]: Activating plugin GridBased of type NavfnPlanner
[planner_server-9] [INFO] [1791389031.020159693] [planner_server]: Creating bond (planner_server) to lifecycle manager.
[lifecycle_manager-14] [INFO] [1791389031.127060786] [lifecycle_manager_navigation]: Server planner_server connected with bond.
[lifecycle_manager-14] [INFO] [1791389031.127183024] [lifecycle_manager_navigation]: [34m[1mActivating behavior_server[0m[0m
[behavior_server-10] [INFO] [1791389031.127335071] [behavior_server]: Activating
[behavior_server-10] [INFO] [1791389031.127356419] [behavior_server]: Activating spin
[behavior_server-10] [INFO] [1791389031.127363653] [behavior_server]: Activating backup
[behavior_server-10] [INFO] [1791389031.127368626] [behavior_server]: Activating wait
[behavior_server-10] [INFO] [1791389031.127375304] [behavior_server]: Creating bond (behavior_server) to lifecycle manager.
[lifecycle_manager-14] [INFO] [1791389031.229201860] [lifecycle_manager_navigation]: Server behavior_server connected with bond.
[lifecycle_manager-14] [INFO] [1791389031.229262517] [lifecycle_manager_navigation]: [34m[1mActivating bt_navigator[0m[0m
[bt_navigator-11] [INFO] [1791389031.229575614] [bt_navigator]: Activating
[bt_navigator-11] [INFO] [1791389031.263048358] [bt_navigator]: Creating bond (bt_navigator) to lifecycle manager.
[lifecycle_manager-14] [INFO] [1791389031.364852449] [lifecycle_manager_navigation]: Server bt_navigator connected with bond.
[lifecycle_manager-14] [INFO] [1791389031.364926538] [lifecycle_manager_navigation]: [34m[1mActivating waypoint_follower[0m[0m
[waypoint_follower-12] [INFO] [1791389031.365402429] [waypoint_follower]: Activating
[waypoint_follower-12] [INFO] [1791389031.365530636] [waypoint_follower]: Creating bond (waypoint_follower) to lifecycle manager.
[lifecycle_manager-14] [INFO] [1791389031.471516896] [lifecycle_manager_navigation]: Server waypoint_follower connected with bond.
[lifecycle_manager-14] [INFO] [1791389031.471586357] [lifecycle_manager_navigation]: [34m[1mActivating velocity_smoother[0m[0m
[velocity_smoother-13] [INFO] [1791389031.471957334] [velocity_smoother]: Activating
[velocity_smoother-13] [INFO] [1791389031.472086868] [velocity_smoother]: Creating bond (velocity_smoother) to lifecycle manager.
[python3-5] [INFO] [1791389031.494169174] [coverage_planner]: 🧪 注入边界多边形: 121 点
[python3-5] [INFO] [1791389031.494493330] [coverage_planner]: 处理边界轨迹，原始点 121 个
[python3-5] [INFO] [1791389031.494783291] [coverage_planner]: 简化后 121 个点
[python3-5] [INFO] [1791389031.495000997] [coverage_planner]: 首尾距离: 0.00m
[python3-5] [INFO] [1791389031.495212098] [coverage_planner]: 已闭合多边形
[python3-5] [INFO] [1791389031.495630557] [coverage_planner]: ✅ 边界完成: 122 个顶点, x=-3.0~3.0, y=-3.0~3.0
[python3-5] [INFO] [1791389031.505636972] [coverage_planner]: 边界已内缩 0.4m，航点离边界更安全
[python3-5] [INFO] [1791389031.509435075] [coverage_planner]: 多边形路径: 52 个航点
[python3-5] [INFO] [1791389031.509755460] [coverage_planner]: 🚀 开始覆盖导航，共 52 个航点，从航点0出发
[python3-5] [INFO] [1791389031.521978696] [coverage_planner]: 🧪 真值障碍过滤航点: 52 -> 41
[python3-6] [INFO] [1791389031.521983238] [metrics_recorder]: 📼 覆盖开始: 52 个规划航点, t=28.0
[python3-5] [INFO] [1791389031.543643187] [coverage_planner]: 🎯 导航到航点 0/40: (2.60, -2.20)
[bt_navigator-11] [INFO] [1791389031.544280316] [bt_navigator]: Begin navigating from current location (0.01, -0.08) to (2.60, -2.20)
[controller_server-7] [INFO] [1791389031.565129298] [controller_server]: Received a goal, begin computing control effort.
[controller_server-7] [WARN] [1791389031.565191481] [controller_server]: No goal checker was specified in parameter 'current_goal_checker'. Server will use only plugin loaded general_goal_checker . This warning will appear once.
[lifecycle_manager-14] [INFO] [1791389031.576717618] [lifecycle_manager_navigation]: Server velocity_smoother connected with bond.
[lifecycle_manager-14] [INFO] [1791389031.576751902] [lifecycle_manager_navigation]: [34m[1mManaged nodes are active[0m[0m
[lifecycle_manager-14] [INFO] [1791389031.576759570] [lifecycle_manager_navigation]: [34m[1mCreating bond timer...[0m[0m
[controller_server-7] [INFO] [1791389032.665408135] [controller_server]: Passing new path to controller.
[planner_server-9] [INFO] [1791389032.967412682] [global_costmap.global_costmap]: StaticLayer: Resizing costmap to 217 X 217 at 0.050000 m/pix
[controller_server-7] [INFO] [1791389033.665477906] [controller_server]: Passing new path to controller.
[controller_server-7] [INFO] [1791389034.665398481] [controller_server]: Passing new path to controller.
[controller_server-7] [INFO] [1791389035.765405937] [controller_server]: Passing new path to controller.
[controller_server-7] [INFO] [1791389036.765394253] [controller_server]: Passing new path to controller.
[controller_server-7] [INFO] [1791389037.765402101] [controller_server]: Passing new path to controller.
[controller_server-7] [INFO] [1791389038.865406108] [controller_server]: Passing new path to controller.
[controller_server-7] [INFO] [1791389039.865409815] [controller_server]: Passing new path to controller.
[controller_server-7] [INFO] [1791389040.865403038] [controller_server]: Passing new path to controller.
[controller_server-7] [ERROR] [1791389041.665430181] [controller_server]: Failed to make progress
[controller_server-7] [WARN] [1791389041.665495182] [controller_server]: [follow_path] [ActionServer] Aborting handle.
[controller_server-7] [INFO] [1791389041.684565023] [local_costmap.local_costmap]: Received request to clear entirely the local_costmap
[controller_server-7] [INFO] [1791389041.685110951] [controller_server]: Received a goal, begin computing control effort.
[controller_server-7] [INFO] [1791389041.885286697] [controller_server]: Passing new path to controller.
[controller_server-7] [INFO] [1791389042.985272732] [controller_server]: Passing new path to controller.
[controller_server-7] [INFO] [1791389043.985279261] [controller_server]: Passing new path to controller.
[planner_server-9] [INFO] [1791389044.967382475] [global_costmap.global_costmap]: StaticLayer: Resizing costmap to 217 X 217 at 0.050000 m/pix
[controller_server-7] [INFO] [1791389044.985270455] [controller_server]: Passing new path to controller.
[controller_server-7] [INFO] [1791389045.985262964] [controller_server]: Passing new path to controller.
[planner_server-9] [INFO] [1791389046.967358392] [global_costmap.global_costmap]: StaticLayer: Resizing costmap to 218 X 217 at 0.050000 m/pix
[controller_server-7] [INFO] [1791389047.085260931] [controller_server]: Passing new path to controller.
[controller_server-7] [INFO] [1791389048.085282595] [controller_server]: Passing new path to controller.
[controller_server-7] [INFO] [1791389049.085258897] [controller_server]: Passing new path to controller.
[controller_server-7] [INFO] [1791389050.185270563] [controller_server]: Passing new path to controller.
[controller_server-7] [INFO] [1791389051.185267059] [controller_server]: Passing new path to controller.
[controller_server-7] [ERROR] [1791389051.785307109] [controller_server]: Failed to make progress
[controller_server-7] [WARN] [1791389051.785399116] [controller_server]: [follow_path] [ActionServer] Aborting handle.
[controller_server-7] [INFO] [1791389051.804602593] [local_costmap.local_costmap]: Received request to clear entirely the local_costmap
[planner_server-9] [INFO] [1791389051.805074896] [global_costmap.global_costmap]: Received request to clear entirely the global_costmap
[planner_server-9] [WARN] [1791389051.976680653] [planner_server]: Planner loop missed its desired rate of 5.0000 Hz. Current loop rate is 2.5000 Hz
[controller_server-7] [INFO] [1791389051.994831497] [controller_server]: Received a goal, begin computing control effort.
[planner_server-9] [INFO] [1791389052.967377077] [global_costmap.global_costmap]: StaticLayer: Resizing costmap to 218 X 218 at 0.050000 m/pix
[controller_server-7] [INFO] [1791389053.095118968] [controller_server]: Passing new path to controller.
[controller_server-7] [INFO] [1791389054.095125320] [controller_server]: Passing new path to controller.
[controller_server-7] [INFO] [1791389055.095121326] [controller_server]: Passing new path to controller.
[controller_server-7] [INFO] [1791389056.195122384] [controller_server]: Passing new path to controller.
[controller_server-7] [INFO] [1791389057.195115730] [controller_server]: Passing new path to controller.
[controller_server-7] [INFO] [1791389058.195141238] [controller_server]: Passing new path to controller.
[controller_server-7] [INFO] [1791389059.295129187] [controller_server]: Passing new path to controller.
[controller_server-7] [INFO] [1791389060.295125859] [controller_server]: Passing new path to controller.
[controller_server-7] [INFO] [1791389061.295119223] [controller_server]: Passing new path to controller.
[controller_server-7] [ERROR] [1791389062.095159449] [controller_server]: Failed to make progress
[controller_server-7] [WARN] [1791389062.095250048] [controller_server]: [follow_path] [ActionServer] Aborting handle.
[controller_server-7] [INFO] [1791389062.114638486] [local_costmap.local_costmap]: Received request to clear entirely the local_costmap
[controller_server-7] [INFO] [1791389062.115142497] [controller_server]: Received a goal, begin computing control effort.
[controller_server-7] [INFO] [1791389062.305385511] [controller_server]: Passing new path to controller.
[controller_server-7] [WARN] [1791389062.306872066] [controller_server]: Control loop missed its desired rate of 10.0000Hz
[controller_server-7] [INFO] [1791389063.415400043] [controller_server]: Passing new path to controller.
[controller_server-7] [INFO] [1791389064.415386173] [controller_server]: Passing new path to controller.
[controller_server-7] [INFO] [1791389065.415337343] [controller_server]: Passing new path to controller.
[controller_server-7] [INFO] [1791389066.415394240] [controller_server]: Passing new path to controller.
[controller_server-7] [INFO] [1791389067.515394542] [controller_server]: Passing new path to controller.
[controller_server-7] [INFO] [1791389068.515398952] [controller_server]: Passing new path to controller.
[controller_server-7] [INFO] [1791389069.515392952] [controller_server]: Passing new path to controller.
[controller_server-7] [INFO] [1791389070.615391955] [controller_server]: Passing new path to controller.
[controller_server-7] [INFO] [1791389071.615382203] [controller_server]: Passing new path to controller.
[controller_server-7] [ERROR] [1791389072.415507677] [controller_server]: Failed to make progress
[controller_server-7] [WARN] [1791389072.415760603] [controller_server]: [follow_path] [ActionServer] Aborting handle.
[behavior_server-10] [INFO] [1791389072.435337958] [behavior_server]: Running spin
[behavior_server-10] [INFO] [1791389072.435691594] [behavior_server]: Turning 1.57 for spin behavior.
[behavior_server-10] [INFO] [1791389074.435899671] [behavior_server]: spin completed successfully
[controller_server-7] [INFO] [1791389074.484926025] [controller_server]: Received a goal, begin computing control effort.
[controller_server-7] [INFO] [1791389075.585265805] [controller_server]: Passing new path to controller.
[controller_server-7] [INFO] [1791389076.585268656] [controller_server]: Passing new path to controller.
[controller_server-7] [INFO] [1791389077.585284839] [controller_server]: Passing new path to controller.
[controller_server-7] [INFO] [1791389078.685290627] [controller_server]: Passing new path to controller.
[controller_server-7] [INFO] [1791389079.685261348] [controller_server]: Passing new path to controller.
[controller_server-7] [INFO] [1791389080.685285662] [controller_server]: Passing new path to controller.
[controller_server-7] [INFO] [1791389081.785279027] [controller_server]: Passing new path to controller.
[controller_server-7] [INFO] [1791389082.785292097] [controller_server]: Passing new path to controller.
[controller_server-7] [INFO] [1791389083.785283662] [controller_server]: Passing new path to controller.
[controller_server-7] [ERROR] [1791389084.585320316] [controller_server]: Failed to make progress
[controller_server-7] [WARN] [1791389084.585419622] [controller_server]: [follow_path] [ActionServer] Aborting handle.
[controller_server-7] [INFO] [1791389084.604600307] [local_costmap.local_costmap]: Received request to clear entirely the local_costmap
[controller_server-7] [INFO] [1791389084.605219794] [controller_server]: Received a goal, begin computing control effort.
[controller_server-7] [WARN] [1791389084.706591056] [controller_server]: Control loop missed its desired rate of 10.0000Hz
[controller_server-7] [INFO] [1791389084.805495739] [controller_server]: Passing new path to controller.
[controller_server-7] [INFO] [1791389085.905462798] [controller_server]: Passing new path to controller.
[controller_server-7] [INFO] [1791389086.905471858] [controller_server]: Passing new path to controller.
[controller_server-7] [INFO] [1791389087.905484913] [controller_server]: Passing new path to controller.
[controller_server-7] [INFO] [1791389088.905478598] [controller_server]: Passing new path to controller.
[controller_server-7] [INFO] [1791389090.005485023] [controller_server]: Passing new path to controller.
[controller_server-7] [INFO] [1791389091.005476599] [controller_server]: Passing new path to controller.
[controller_server-7] [INFO] [1791389092.005468856] [controller_server]: Passing new path to controller.
[controller_server-7] [INFO] [1791389093.105468436] [controller_server]: Passing new path to controller.
[controller_server-7] [INFO] [1791389094.105464227] [controller_server]: Passing new path to controller.
[controller_server-7] [ERROR] [1791389094.805554949] [controller_server]: Failed to make progress
[controller_server-7] [WARN] [1791389094.805718250] [controller_server]: [follow_path] [ActionServer] Aborting handle.
[behavior_server-10] [INFO] [1791389094.825064291] [behavior_server]: Running wait
[behavior_server-10] [INFO] [1791389097.325310351] [behavior_server]: wait completed successfully
[controller_server-7] [INFO] [1791389097.374754587] [controller_server]: Received a goal, begin computing control effort.
[controller_server-7] [INFO] [1791389098.474950184] [controller_server]: Passing new path to controller.
[controller_server-7] [INFO] [1791389099.474969574] [controller_server]: Passing new path to controller.
[controller_server-7] [INFO] [1791389100.474960493] [controller_server]: Passing new path to controller.
[controller_server-7] [INFO] [1791389101.574953538] [controller_server]: Passing new path to controller.
[controller_server-7] [INFO] [1791389102.574959398] [controller_server]: Passing new path to controller.
[controller_server-7] [INFO] [1791389103.574954865] [controller_server]: Passing new path to controller.
[controller_server-7] [INFO] [1791389104.674965062] [controller_server]: Passing new path to controller.
[controller_server-7] [INFO] [1791389105.674950401] [controller_server]: Passing new path to controller.
[controller_server-7] [INFO] [1791389106.674978007] [controller_server]: Passing new path to controller.
[controller_server-7] [ERROR] [1791389107.474983069] [controller_server]: Failed to make progress
[controller_server-7] [WARN] [1791389107.475113817] [controller_server]: [follow_path] [ActionServer] Aborting handle.
[controller_server-7] [INFO] [1791389107.494684092] [local_costmap.local_costmap]: Received request to clear entirely the local_costmap
[controller_server-7] [INFO] [1791389107.495573465] [controller_server]: Received a goal, begin computing control effort.
[controller_server-7] [INFO] [1791389107.695850684] [controller_server]: Passing new path to controller.
[controller_server-7] [INFO] [1791389108.795823046] [controller_server]: Passing new path to controller.
[controller_server-7] [INFO] [1791389109.795842874] [controller_server]: Passing new path to controller.
[controller_server-7] [INFO] [1791389110.795838982] [controller_server]: Passing new path to controller.
[controller_server-7] [INFO] [1791389111.795836595] [controller_server]: Passing new path to controller.
[controller_server-7] [INFO] [1791389112.895840272] [controller_server]: Passing new path to controller.
[controller_server-7] [INFO] [1791389113.895836654] [controller_server]: Passing new path to controller.
[controller_server-7] [INFO] [1791389114.895846869] [controller_server]: Passing new path to controller.
[controller_server-7] [INFO] [1791389115.995835469] [controller_server]: Passing new path to controller.
[controller_server-7] [INFO] [1791389116.995830230] [controller_server]: Passing new path to controller.
[controller_server-7] [ERROR] [1791389117.595852883] [controller_server]: Failed to make progress
[controller_server-7] [WARN] [1791389117.595932168] [controller_server]: [follow_path] [ActionServer] Aborting handle.
[behavior_server-10] [INFO] [1791389117.614968084] [behavior_server]: Running backup
[behavior_server-10] [INFO] [1791389117.615274017] [behavior_server]: DriveOnHeading: no acceleration or deceleration limits set
[behavior_server-10] [INFO] [1791389121.615277432] [behavior_server]: backup completed successfully
[controller_server-7] [INFO] [1791389121.664822502] [controller_server]: Received a goal, begin computing control effort.
[controller_server-7] [INFO] [1791389122.764995033] [controller_server]: Passing new path to controller.
[controller_server-7] [INFO] [1791389123.765010596] [controller_server]: Passing new path to controller.
[controller_server-7] [INFO] [1791389124.765002250] [controller_server]: Passing new path to controller.
[controller_server-7] [INFO] [1791389125.865007185] [controller_server]: Passing new path to controller.
[controller_server-7] [INFO] [1791389126.865005323] [controller_server]: Passing new path to controller.
[controller_server-7] [INFO] [1791389127.865013547] [controller_server]: Passing new path to controller.
[controller_server-7] [INFO] [1791389128.965002328] [controller_server]: Passing new path to controller.
[controller_server-7] [INFO] [1791389129.965004960] [controller_server]: Passing new path to controller.
[controller_server-7] [INFO] [1791389130.965011024] [controller_server]: Passing new path to controller.
[controller_server-7] [ERROR] [1791389131.765107860] [controller_server]: Failed to make progress
[controller_server-7] [WARN] [1791389131.765308536] [controller_server]: [follow_path] [ActionServer] Aborting handle.
[controller_server-7] [INFO] [1791389131.784631986] [local_costmap.local_costmap]: Received request to clear entirely the local_costmap
[controller_server-7] [INFO] [1791389131.785426319] [controller_server]: Received a goal, begin computing control effort.
[controller_server-7] [WARN] [1791389131.907109782] [controller_server]: Control loop missed its desired rate of 10.0000Hz
[controller_server-7] [INFO] [1791389131.985764689] [controller_server]: Passing new path to controller.
[controller_server-7] [INFO] [1791389133.085748572] [controller_server]: Passing new path to controller.
[controller_server-7] [INFO] [1791389134.085749636] [controller_server]: Passing new path to controller.
[controller_server-7] [INFO] [1791389135.085762477] [controller_server]: Passing new path to controller.
[controller_server-7] [INFO] [1791389136.085766669] [controller_server]: Passing new path to controller.
[controller_server-7] [INFO] [1791389137.185766864] [controller_server]: Passing new path to controller.
[controller_server-7] [INFO] [1791389138.185746997] [controller_server]: Passing new path to controller.
[controller_server-7] [INFO] [1791389139.185757240] [controller_server]: Passing new path to controller.
[controller_server-7] [INFO] [1791389140.285753168] [controller_server]: Passing new path to controller.
[planner_server-9] [INFO] [1791389140.967394088] [global_costmap.global_costmap]: StaticLayer: Resizing costmap to 218 X 218 at 0.050000 m/pix
[controller_server-7] [INFO] [1791389141.285763748] [controller_server]: Passing new path to controller.
[controller_server-7] [ERROR] [1791389141.985828996] [controller_server]: Failed to make progress
[controller_server-7] [WARN] [1791389141.985985133] [controller_server]: [follow_path] [ActionServer] Aborting handle.
[controller_server-7] [INFO] [1791389142.004706140] [local_costmap.local_costmap]: Received request to clear entirely the local_costmap
[planner_server-9] [INFO] [1791389142.005137332] [global_costmap.global_costmap]: Received request to clear entirely the global_costmap
[planner_server-9] [WARN] [1791389142.976394900] [planner_server]: Planner loop missed its desired rate of 5.0000 Hz. Current loop rate is 0.5263 Hz
[controller_server-7] [INFO] [1791389142.995078527] [controller_server]: Received a goal, begin computing control effort.
[controller_server-7] [INFO] [1791389144.095409923] [controller_server]: Passing new path to controller.
[controller_server-7] [INFO] [1791389145.095403061] [controller_server]: Passing new path to controller.
[controller_server-7] [INFO] [1791389146.095408098] [controller_server]: Passing new path to controller.
[controller_server-7] [INFO] [1791389147.195439314] [controller_server]: Passing new path to controller.
[controller_server-7] [INFO] [1791389148.195406445] [controller_server]: Passing new path to controller.
[controller_server-7] [INFO] [1791389149.195414051] [controller_server]: Passing new path to controller.
[controller_server-7] [INFO] [1791389150.295398491] [controller_server]: Passing new path to controller.
[controller_server-7] [INFO] [1791389151.295422438] [controller_server]: Passing new path to controller.
[controller_server-7] [INFO] [1791389152.295414661] [controller_server]: Passing new path to controller.
[controller_server-7] [ERROR] [1791389153.095512371] [controller_server]: Failed to make progress
[controller_server-7] [WARN] [1791389153.095694434] [controller_server]: [follow_path] [ActionServer] Aborting handle.
[controller_server-7] [INFO] [1791389153.114536439] [local_costmap.local_costmap]: Received request to clear entirely the local_costmap
[controller_server-7] [INFO] [1791389153.114986011] [controller_server]: Received a goal, begin computing control effort.
[controller_server-7] [INFO] [1791389153.305222805] [controller_server]: Passing new path to controller.
[controller_server-7] [WARN] [1791389153.307068876] [controller_server]: Control loop missed its desired rate of 10.0000Hz
[controller_server-7] [INFO] [1791389154.415223309] [controller_server]: Passing new path to controller.
[controller_server-7] [INFO] [1791389155.415223433] [controller_server]: Passing new path to controller.
[controller_server-7] [INFO] [1791389156.415213566] [controller_server]: Passing new path to controller.
[controller_server-7] [INFO] [1791389157.415214317] [controller_server]: Passing new path to controller.
[controller_server-7] [INFO] [1791389158.515215644] [controller_server]: Passing new path to controller.
[controller_server-7] [INFO] [1791389159.515210672] [controller_server]: Passing new path to controller.
[controller_server-7] [INFO] [1791389160.515211805] [controller_server]: Passing new path to controller.
[controller_server-7] [INFO] [1791389161.615212411] [controller_server]: Passing new path to controller.
[controller_server-7] [INFO] [1791389162.615227484] [controller_server]: Passing new path to controller.
[controller_server-7] [ERROR] [1791389163.415298431] [controller_server]: Failed to make progress
[controller_server-7] [WARN] [1791389163.415439222] [controller_server]: [follow_path] [ActionServer] Aborting handle.
[behavior_server-10] [INFO] [1791389163.434833958] [behavior_server]: Running spin
[behavior_server-10] [INFO] [1791389163.434946847] [behavior_server]: Turning 1.57 for spin behavior.
[behavior_server-10] [INFO] [1791389165.635081360] [behavior_server]: spin completed successfully
[controller_server-7] [INFO] [1791389165.685128273] [controller_server]: Received a goal, begin computing control effort.
[controller_server-7] [INFO] [1791389166.785471117] [controller_server]: Passing new path to controller.
[controller_server-7] [INFO] [1791389167.785685083] [controller_server]: Passing new path to controller.
[controller_server-7] [INFO] [1791389168.785489921] [controller_server]: Passing new path to controller.
[controller_server-7] [INFO] [1791389169.885471641] [controller_server]: Passing new path to controller.
[controller_server-7] [INFO] [1791389170.885476766] [controller_server]: Passing new path to controller.
[controller_server-7] [INFO] [1791389171.885467270] [controller_server]: Passing new path to controller.
[controller_server-7] [INFO] [1791389172.985466461] [controller_server]: Passing new path to controller.
[controller_server-7] [INFO] [1791389173.985466833] [controller_server]: Passing new path to controller.
[controller_server-7] [INFO] [1791389174.985478963] [controller_server]: Passing new path to controller.
[controller_server-7] [ERROR] [1791389175.785538350] [controller_server]: Failed to make progress
[controller_server-7] [WARN] [1791389175.785663612] [controller_server]: [follow_path] [ActionServer] Aborting handle.
[controller_server-7] [INFO] [1791389175.804736055] [local_costmap.local_costmap]: Received request to clear entirely the local_costmap
[controller_server-7] [INFO] [1791389175.805649443] [controller_server]: Received a goal, begin computing control effort.
[controller_server-7] [WARN] [1791389175.907477531] [controller_server]: Control loop missed its desired rate of 10.0000Hz
[controller_server-7] [INFO] [1791389176.005989251] [controller_server]: Passing new path to controller.
[controller_server-7] [INFO] [1791389177.105992952] [controller_server]: Passing new path to controller.
[controller_server-7] [INFO] [1791389178.105995173] [controller_server]: Passing new path to controller.
[planner_server-9] [INFO] [1791389178.967386855] [global_costmap.global_costmap]: StaticLayer: Resizing costmap to 218 X 218 at 0.050000 m/pix
[controller_server-7] [INFO] [1791389179.105991996] [controller_server]: Passing new path to controller.
[controller_server-7] [INFO] [1791389180.105985462] [controller_server]: Passing new path to controller.
[controller_server-7] [INFO] [1791389181.205984225] [controller_server]: Passing new path to controller.
[controller_server-7] [INFO] [1791389182.205987552] [controller_server]: Passing new path to controller.
[controller_server-7] [INFO] [1791389183.205999119] [controller_server]: Passing new path to controller.
[controller_server-7] [INFO] [1791389184.305989491] [controller_server]: Passing new path to controller.
[controller_server-7] [INFO] [1791389185.305995482] [controller_server]: Passing new path to controller.
[controller_server-7] [ERROR] [1791389186.006054323] [controller_server]: Failed to make progress
[controller_server-7] [WARN] [1791389186.006175982] [controller_server]: [follow_path] [ActionServer] Aborting handle.
[bt_navigator-11] [WARN] [1791389186.034407959] [bt_navigator]: [navigate_to_pose] [ActionServer] Aborting handle.
[bt_navigator-11] [ERROR] [1791389186.034556453] [bt_navigator]: Goal failed
[python3-5] [WARN] [1791389186.035288483] [coverage_planner]: ⚠️ 航点 0 导航ABORTED，第 1/3 次重试
[python3-5] [INFO] [1791389186.040248058] [coverage_planner]: 🎯 导航到航点 0/40: (2.60, -2.20)
[bt_navigator-11] [INFO] [1791389186.040793104] [bt_navigator]: Begin navigating from current location (0.69, -1.78) to (2.60, -2.20)
[controller_server-7] [INFO] [1791389186.061234979] [controller_server]: Received a goal, begin computing control effort.
[controller_server-7] [INFO] [1791389187.161417116] [controller_server]: Passing new path to controller.
[controller_server-7] [INFO] [1791389188.161429432] [controller_server]: Passing new path to controller.
[controller_server-7] [INFO] [1791389189.161419601] [controller_server]: Passing new path to controller.
[controller_server-7] [INFO] [1791389190.261413186] [controller_server]: Passing new path to controller.
[controller_server-7] [INFO] [1791389191.261458085] [controller_server]: Passing new path to controller.
[controller_server-7] [INFO] [1791389192.261415741] [controller_server]: Passing new path to controller.
[controller_server-7] [INFO] [1791389193.361415486] [controller_server]: Passing new path to controller.
[controller_server-7] [INFO] [1791389194.361424648] [controller_server]: Passing new path to controller.
[controller_server-7] [INFO] [1791389195.361428446] [controller_server]: Passing new path to controller.
[controller_server-7] [ERROR] [1791389196.161513025] [controller_server]: Failed to make progress
[controller_server-7] [WARN] [1791389196.161660138] [controller_server]: [follow_path] [ActionServer] Aborting handle.
[controller_server-7] [INFO] [1791389196.181139517] [local_costmap.local_costmap]: Received request to clear entirely the local_costmap
[controller_server-7] [INFO] [1791389196.182060262] [controller_server]: Received a goal, begin computing control effort.
[controller_server-7] [WARN] [1791389196.313660233] [controller_server]: Control loop missed its desired rate of 10.0000Hz
[controller_server-7] [INFO] [1791389196.382402129] [controller_server]: Passing new path to controller.
[controller_server-7] [INFO] [1791389197.482390403] [controller_server]: Passing new path to controller.
[controller_server-7] [INFO] [1791389198.482397948] [controller_server]: Passing new path to controller.
[controller_server-7] [INFO] [1791389199.482391332] [controller_server]: Passing new path to controller.
[controller_server-7] [INFO] [1791389200.482394839] [controller_server]: Passing new path to controller.
[controller_server-7] [INFO] [1791389201.582388061] [controller_server]: Passing new path to controller.
[controller_server-7] [INFO] [1791389202.582384616] [controller_server]: Passing new path to controller.
[controller_server-7] [INFO] [1791389203.582385243] [controller_server]: Passing new path to controller.
[controller_server-7] [INFO] [1791389204.682396666] [controller_server]: Passing new path to controller.
[controller_server-7] [INFO] [1791389205.682387452] [controller_server]: Passing new path to controller.
[controller_server-7] [ERROR] [1791389206.382465763] [controller_server]: Failed to make progress
[controller_server-7] [WARN] [1791389206.382595987] [controller_server]: [follow_path] [ActionServer] Aborting handle.
[behavior_server-10] [INFO] [1791389206.401272103] [behavior_server]: Running wait
[behavior_server-10] [INFO] [1791389208.901527237] [behavior_server]: wait completed successfully
[controller_server-7] [INFO] [1791389208.951401920] [controller_server]: Received a goal, begin computing control effort.
[controller_server-7] [INFO] [1791389210.051705840] [controller_server]: Passing new path to controller.
[controller_server-7] [INFO] [1791389211.051703809] [controller_server]: Passing new path to controller.
[controller_server-7] [INFO] [1791389212.051712867] [controller_server]: Passing new path to controller.
[controller_server-7] [INFO] [1791389213.151707648] [controller_server]: Passing new path to controller.
[controller_server-7] [INFO] [1791389214.151712398] [controller_server]: Passing new path to controller.
[controller_server-7] [INFO] [1791389215.151721285] [controller_server]: Passing new path to controller.
[controller_server-7] [INFO] [1791389216.251707296] [controller_server]: Passing new path to controller.
[controller_server-7] [INFO] [1791389217.251712021] [controller_server]: Passing new path to controller.
[controller_server-7] [INFO] [1791389218.251716653] [controller_server]: Passing new path to controller.
[controller_server-7] [ERROR] [1791389219.051759546] [controller_server]: Failed to make progress
[controller_server-7] [WARN] [1791389219.051870488] [controller_server]: [follow_path] [ActionServer] Aborting handle.
[controller_server-7] [INFO] [1791389219.071182190] [local_costmap.local_costmap]: Received request to clear entirely the local_costmap
[controller_server-7] [INFO] [1791389219.072134266] [controller_server]: Received a goal, begin computing control effort.
[controller_server-7] [INFO] [1791389219.272476434] [controller_server]: Passing new path to controller.
[controller_server-7] [INFO] [1791389220.372479084] [controller_server]: Passing new path to controller.
[controller_server-7] [INFO] [1791389221.372466241] [controller_server]: Passing new path to controller.
[controller_server-7] [INFO] [1791389222.372466919] [controller_server]: Passing new path to controller.
[controller_server-7] [INFO] [1791389223.372483833] [controller_server]: Passing new path to controller.
[controller_server-7] [INFO] [1791389224.472465513] [controller_server]: Passing new path to controller.
[controller_server-7] [INFO] [1791389225.472460224] [controller_server]: Passing new path to controller.
[controller_server-7] [INFO] [1791389226.472442402] [controller_server]: Passing new path to controller.
[controller_server-7] [INFO] [1791389227.572409015] [controller_server]: Passing new path to controller.
[controller_server-7] [INFO] [1791389228.572480518] [controller_server]: Passing new path to controller.
[controller_server-7] [ERROR] [1791389229.172553106] [controller_server]: Failed to make progress
[controller_server-7] [WARN] [1791389229.172753575] [controller_server]: [follow_path] [ActionServer] Aborting handle.
[behavior_server-10] [INFO] [1791389229.191285317] [behavior_server]: Running backup
[behavior_server-10] [INFO] [1791389232.991584137] [behavior_server]: backup completed successfully
[controller_server-7] [INFO] [1791389233.041288377] [controller_server]: Received a goal, begin computing control effort.
[controller_server-7] [INFO] [1791389234.141559978] [controller_server]: Passing new path to controller.
[controller_server-7] [INFO] [1791389235.141568608] [controller_server]: Passing new path to controller.
[controller_server-7] [INFO] [1791389236.141569483] [controller_server]: Passing new path to controller.
[controller_server-7] [INFO] [1791389237.241583160] [controller_server]: Passing new path to controller.
[controller_server-7] [INFO] [1791389238.241580272] [controller_server]: Passing new path to controller.
[controller_server-7] [INFO] [1791389239.241570718] [controller_server]: Passing new path to controller.
[controller_server-7] [INFO] [1791389240.341569330] [controller_server]: Passing new path to controller.
[controller_server-7] [INFO] [1791389241.341567168] [controller_server]: Passing new path to controller.
[controller_server-7] [INFO] [1791389242.341566386] [controller_server]: Passing new path to controller.
[controller_server-7] [ERROR] [1791389243.141687535] [controller_server]: Failed to make progress
[controller_server-7] [WARN] [1791389243.141826689] [controller_server]: [follow_path] [ActionServer] Aborting handle.
[controller_server-7] [INFO] [1791389243.161175985] [local_costmap.local_costmap]: Received request to clear entirely the local_costmap
[controller_server-7] [INFO] [1791389243.162063641] [controller_server]: Received a goal, begin computing control effort.
[controller_server-7] [WARN] [1791389243.313978318] [controller_server]: Control loop missed its desired rate of 10.0000Hz
[controller_server-7] [INFO] [1791389243.362391607] [controller_server]: Passing new path to controller.
[controller_server-7] [INFO] [1791389244.462397369] [controller_server]: Passing new path to controller.
[controller_server-7] [INFO] [1791389245.462382167] [controller_server]: Passing new path to controller.
[controller_server-7] [INFO] [1791389246.462391063] [controller_server]: Passing new path to controller.
[controller_server-7] [INFO] [1791389247.462385199] [controller_server]: Passing new path to controller.
[controller_server-7] [INFO] [1791389248.562389568] [controller_server]: Passing new path to controller.
[controller_server-7] [INFO] [1791389249.562385936] [controller_server]: Passing new path to controller.
[controller_server-7] [INFO] [1791389250.562384168] [controller_server]: Passing new path to controller.
[controller_server-7] [INFO] [1791389251.662378590] [controller_server]: Passing new path to controller.
[controller_server-7] [INFO] [1791389252.662390532] [controller_server]: Passing new path to controller.
[controller_server-7] [ERROR] [1791389253.362459618] [controller_server]: Failed to make progress
[controller_server-7] [WARN] [1791389253.362545345] [controller_server]: [follow_path] [ActionServer] Aborting handle.
[controller_server-7] [INFO] [1791389253.381177571] [local_costmap.local_costmap]: Received request to clear entirely the local_costmap
[planner_server-9] [INFO] [1791389253.381653297] [global_costmap.global_costmap]: Received request to clear entirely the global_costmap
[planner_server-9] [WARN] [1791389253.973217722] [planner_server]: Planner loop missed its desired rate of 5.0000 Hz. Current loop rate is 0.8333 Hz
[controller_server-7] [INFO] [1791389253.991312671] [controller_server]: Received a goal, begin computing control effort.
[controller_server-7] [INFO] [1791389255.091524324] [controller_server]: Passing new path to controller.
[controller_server-7] [INFO] [1791389256.091531312] [controller_server]: Passing new path to controller.
[controller_server-7] [INFO] [1791389257.091524555] [controller_server]: Passing new path to controller.
[controller_server-7] [INFO] [1791389258.191531172] [controller_server]: Passing new path to controller.
[controller_server-7] [INFO] [1791389259.191537949] [controller_server]: Passing new path to controller.
[controller_server-7] [INFO] [1791389260.191525324] [controller_server]: Passing new path to controller.
[controller_server-7] [INFO] [1791389261.291523020] [controller_server]: Passing new path to controller.
[controller_server-7] [INFO] [1791389262.291523588] [controller_server]: Passing new path to controller.
[controller_server-7] [INFO] [1791389263.291519339] [controller_server]: Passing new path to controller.
[controller_server-7] [ERROR] [1791389264.091568746] [controller_server]: Failed to make progress
[controller_server-7] [WARN] [1791389264.091688725] [controller_server]: [follow_path] [ActionServer] Aborting handle.
[controller_server-7] [INFO] [1791389264.111065316] [local_costmap.local_costmap]: Received request to clear entirely the local_costmap
[controller_server-7] [INFO] [1791389264.111538201] [controller_server]: Received a goal, begin computing control effort.
[controller_server-7] [INFO] [1791389264.311752814] [controller_server]: Passing new path to controller.
[controller_server-7] [WARN] [1791389264.312738092] [controller_server]: Control loop missed its desired rate of 10.0000Hz
[controller_server-7] [INFO] [1791389265.325212584] [controller_server]: Passing new path to controller.
[controller_server-7] [INFO] [1791389266.437906198] [controller_server]: Passing new path to controller.
[controller_server-7] [INFO] [1791389267.448685166] [controller_server]: Passing new path to controller.
[controller_server-7] [INFO] [1791389268.463283761] [controller_server]: Passing new path to controller.
[controller_server-7] [INFO] [1791389269.475585590] [controller_server]: Passing new path to controller.
[controller_server-7] [INFO] [1791389270.484337824] [controller_server]: Passing new path to controller.
[controller_server-7] [INFO] [1791389271.594914688] [controller_server]: Passing new path to controller.
[controller_server-7] [INFO] [1791389272.606115244] [controller_server]: Passing new path to controller.
[controller_server-7] [INFO] [1791389273.612820445] [controller_server]: Passing new path to controller.
[controller_server-7] [ERROR] [1791389274.412887533] [controller_server]: Failed to make progress
[controller_server-7] [WARN] [1791389274.413045149] [controller_server]: [follow_path] [ActionServer] Aborting handle.
[behavior_server-10] [INFO] [1791389274.431123582] [behavior_server]: Running spin
[behavior_server-10] [INFO] [1791389274.431213259] [behavior_server]: Turning 1.57 for spin behavior.
[behavior_server-10] [INFO] [1791389276.531406282] [behavior_server]: spin completed successfully
[controller_server-7] [INFO] [1791389276.581343819] [controller_server]: Received a goal, begin computing control effort.
[controller_server-7] [INFO] [1791389277.681677306] [controller_server]: Passing new path to controller.
[controller_server-7] [INFO] [1791389278.681679999] [controller_server]: Passing new path to controller.
[controller_server-7] [INFO] [1791389279.681654137] [controller_server]: Passing new path to controller.
[controller_server-7] [INFO] [1791389280.781664607] [controller_server]: Passing new path to controller.
[controller_server-7] [INFO] [1791389281.781725511] [controller_server]: Passing new path to controller.
[controller_server-7] [INFO] [1791389282.781674025] [controller_server]: Passing new path to controller.
[controller_server-7] [INFO] [1791389283.881667239] [controller_server]: Passing new path to controller.
[controller_server-7] [INFO] [1791389284.881660319] [controller_server]: Passing new path to controller.
[controller_server-7] [INFO] [1791389285.881668345] [controller_server]: Passing new path to controller.
[controller_server-7] [ERROR] [1791389286.681706584] [controller_server]: Failed to make progress
[controller_server-7] [WARN] [1791389286.681807215] [controller_server]: [follow_path] [ActionServer] Aborting handle.
[controller_server-7] [INFO] [1791389286.701049176] [local_costmap.local_costmap]: Received request to clear entirely the local_costmap
[controller_server-7] [INFO] [1791389286.701658083] [controller_server]: Received a goal, begin computing control effort.
[controller_server-7] [INFO] [1791389286.901854770] [controller_server]: Passing new path to controller.
[controller_server-7] [INFO] [1791389288.001860217] [controller_server]: Passing new path to controller.
[controller_server-7] [INFO] [1791389289.001860331] [controller_server]: Passing new path to controller.
[controller_server-7] [INFO] [1791389290.001858308] [controller_server]: Passing new path to controller.
[controller_server-7] [INFO] [1791389291.001863938] [controller_server]: Passing new path to controller.
[controller_server-7] [INFO] [1791389292.101871416] [controller_server]: Passing new path to controller.
[controller_server-7] [INFO] [1791389293.101852200] [controller_server]: Passing new path to controller.
[controller_server-7] [INFO] [1791389294.101869555] [controller_server]: Passing new path to controller.
[controller_server-7] [INFO] [1791389295.201859415] [controller_server]: Passing new path to controller.
[controller_server-7] [INFO] [1791389296.201874790] [controller_server]: Passing new path to controller.
[controller_server-7] [ERROR] [1791389296.801950637] [controller_server]: Failed to make progress
[controller_server-7] [WARN] [1791389296.802106218] [controller_server]: [follow_path] [ActionServer] Aborting handle.
[behavior_server-10] [INFO] [1791389296.821221153] [behavior_server]: Running wait
[behavior_server-10] [INFO] [1791389299.321418366] [behavior_server]: wait completed successfully
[controller_server-7] [INFO] [1791389299.371549398] [controller_server]: Received a goal, begin computing control effort.
[controller_server-7] [INFO] [1791389300.471895714] [controller_server]: Passing new path to controller.
[controller_server-7] [INFO] [1791389301.471899755] [controller_server]: Passing new path to controller.
[controller_server-7] [INFO] [1791389302.471900472] [controller_server]: Passing new path to controller.
[controller_server-7] [INFO] [1791389303.571910166] [controller_server]: Passing new path to controller.
[controller_server-7] [INFO] [1791389304.571905106] [controller_server]: Passing new path to controller.
[controller_server-7] [INFO] [1791389305.571904440] [controller_server]: Passing new path to controller.
[controller_server-7] [INFO] [1791389306.671897772] [controller_server]: Passing new path to controller.
[controller_server-7] [INFO] [1791389307.671893052] [controller_server]: Passing new path to controller.
[controller_server-7] [INFO] [1791389308.671918890] [controller_server]: Passing new path to controller.
[controller_server-7] [ERROR] [1791389309.471947117] [controller_server]: Failed to make progress
[controller_server-7] [WARN] [1791389309.472033101] [controller_server]: [follow_path] [ActionServer] Aborting handle.
[controller_server-7] [INFO] [1791389309.491186144] [local_costmap.local_costmap]: Received request to clear entirely the local_costmap
[controller_server-7] [INFO] [1791389309.491986490] [controller_server]: Received a goal, begin computing control effort.
[controller_server-7] [INFO] [1791389309.692273137] [controller_server]: Passing new path to controller.
[controller_server-7] [INFO] [1791389310.792256141] [controller_server]: Passing new path to controller.
[controller_server-7] [INFO] [1791389311.792249675] [controller_server]: Passing new path to controller.
[controller_server-7] [INFO] [1791389312.792263934] [controller_server]: Passing new path to controller.
[controller_server-7] [INFO] [1791389313.792254950] [controller_server]: Passing new path to controller.
[controller_server-7] [INFO] [1791389314.892253533] [controller_server]: Passing new path to controller.
[controller_server-7] [INFO] [1791389315.892251453] [controller_server]: Passing new path to controller.
[controller_server-7] [INFO] [1791389316.892252775] [controller_server]: Passing new path to controller.
[controller_server-7] [INFO] [1791389317.992249927] [controller_server]: Passing new path to controller.
[controller_server-7] [INFO] [1791389318.992256441] [controller_server]: Passing new path to controller.
[controller_server-7] [ERROR] [1791389319.592307837] [controller_server]: Failed to make progress
[controller_server-7] [WARN] [1791389319.592407422] [controller_server]: [follow_path] [ActionServer] Aborting handle.
[behavior_server-10] [INFO] [1791389319.611344773] [behavior_server]: Running backup
[behavior_server-10] [INFO] [1791389323.611768674] [behavior_server]: backup completed successfully
[controller_server-7] [INFO] [1791389323.661175988] [controller_server]: Received a goal, begin computing control effort.
[controller_server-7] [INFO] [1791389324.761356284] [controller_server]: Passing new path to controller.
[controller_server-7] [INFO] [1791389325.761360583] [controller_server]: Passing new path to controller.
[controller_server-7] [INFO] [1791389326.761354920] [controller_server]: Passing new path to controller.
[controller_server-7] [INFO] [1791389327.861368900] [controller_server]: Passing new path to controller.
[controller_server-7] [INFO] [1791389328.861365440] [controller_server]: Passing new path to controller.
[controller_server-7] [INFO] [1791389329.861356167] [controller_server]: Passing new path to controller.
[controller_server-7] [INFO] [1791389330.961357058] [controller_server]: Passing new path to controller.
[controller_server-7] [INFO] [1791389331.961367590] [controller_server]: Passing new path to controller.
[controller_server-7] [INFO] [1791389332.961357277] [controller_server]: Passing new path to controller.
[controller_server-7] [ERROR] [1791389333.761385842] [controller_server]: Failed to make progress
[controller_server-7] [WARN] [1791389333.761456931] [controller_server]: [follow_path] [ActionServer] Aborting handle.
[controller_server-7] [INFO] [1791389333.781011822] [local_costmap.local_costmap]: Received request to clear entirely the local_costmap
[controller_server-7] [INFO] [1791389333.781286672] [controller_server]: Received a goal, begin computing control effort.
[controller_server-7] [WARN] [1791389333.912852118] [controller_server]: Control loop missed its desired rate of 10.0000Hz
[controller_server-7] [INFO] [1791389333.981470115] [controller_server]: Passing new path to controller.
[controller_server-7] [INFO] [1791389335.081477710] [controller_server]: Passing new path to controller.
[controller_server-7] [INFO] [1791389336.081476420] [controller_server]: Passing new path to controller.
[controller_server-7] [INFO] [1791389337.081462506] [controller_server]: Passing new path to controller.
[controller_server-7] [INFO] [1791389338.081463774] [controller_server]: Passing new path to controller.
[controller_server-7] [INFO] [1791389339.181462915] [controller_server]: Passing new path to controller.
[controller_server-7] [INFO] [1791389340.181466578] [controller_server]: Passing new path to controller.
[controller_server-7] [INFO] [1791389341.181464844] [controller_server]: Passing new path to controller.
[controller_server-7] [INFO] [1791389342.281459958] [controller_server]: Passing new path to controller.
[controller_server-7] [INFO] [1791389343.281474023] [controller_server]: Passing new path to controller.
[controller_server-7] [ERROR] [1791389343.981506344] [controller_server]: Failed to make progress
[controller_server-7] [WARN] [1791389343.981589325] [controller_server]: [follow_path] [ActionServer] Aborting handle.
[bt_navigator-11] [WARN] [1791389344.010942220] [bt_navigator]: [navigate_to_pose] [ActionServer] Aborting handle.
[bt_navigator-11] [ERROR] [1791389344.011115232] [bt_navigator]: Goal failed
[python3-5] [WARN] [1791389344.011807343] [coverage_planner]: ⚠️ 航点 0 导航ABORTED，第 2/3 次重试
[python3-5] [INFO] [1791389344.046762177] [coverage_planner]: 🎯 导航到航点 0/40: (2.60, -2.20)
[bt_navigator-11] [INFO] [1791389344.047336956] [bt_navigator]: Begin navigating from current location (2.39, -3.37) to (2.60, -2.20)
[controller_server-7] [INFO] [1791389344.067745315] [controller_server]: Received a goal, begin computing control effort.
[controller_server-7] [INFO] [1791389345.167924955] [controller_server]: Passing new path to controller.
[controller_server-7] [INFO] [1791389346.167923422] [controller_server]: Passing new path to controller.
[controller_server-7] [INFO] [1791389347.167918441] [controller_server]: Passing new path to controller.
[controller_server-7] [INFO] [1791389348.267918863] [controller_server]: Passing new path to controller.
[controller_server-7] [INFO] [1791389349.267921219] [controller_server]: Passing new path to controller.
[controller_server-7] [INFO] [1791389350.267929245] [controller_server]: Passing new path to controller.
[controller_server-7] [INFO] [1791389351.267932459] [controller_server]: Passing new path to controller.
[controller_server-7] [INFO] [1791389352.367925513] [controller_server]: Passing new path to controller.
[controller_server-7] [INFO] [1791389353.367918230] [controller_server]: Passing new path to controller.
[controller_server-7] [ERROR] [1791389354.167978845] [controller_server]: Failed to make progress
[controller_server-7] [WARN] [1791389354.168094447] [controller_server]: [follow_path] [ActionServer] Aborting handle.
[controller_server-7] [INFO] [1791389354.187741109] [local_costmap.local_costmap]: Received request to clear entirely the local_costmap
[controller_server-7] [INFO] [1791389354.188510008] [controller_server]: Received a goal, begin computing control effort.
[controller_server-7] [WARN] [1791389354.309373474] [controller_server]: Control loop missed its desired rate of 10.0000Hz
[controller_server-7] [INFO] [1791389354.388771926] [controller_server]: Passing new path to controller.
[controller_server-7] [INFO] [1791389355.388800349] [controller_server]: Passing new path to controller.
[controller_server-7] [INFO] [1791389356.488764690] [controller_server]: Passing new path to controller.
[controller_server-7] [INFO] [1791389357.488766819] [controller_server]: Passing new path to controller.
[controller_server-7] [INFO] [1791389358.488764658] [controller_server]: Passing new path to controller.
[controller_server-7] [INFO] [1791389359.588765224] [controller_server]: Passing new path to controller.
[controller_server-7] [INFO] [1791389360.588766155] [controller_server]: Passing new path to controller.
[controller_server-7] [INFO] [1791389361.588763540] [controller_server]: Passing new path to controller.
[controller_server-7] [INFO] [1791389362.688782367] [controller_server]: Passing new path to controller.
[controller_server-7] [INFO] [1791389363.688768307] [controller_server]: Passing new path to controller.
[controller_server-7] [ERROR] [1791389364.388799922] [controller_server]: Failed to make progress
[controller_server-7] [WARN] [1791389364.388871906] [controller_server]: [follow_path] [ActionServer] Aborting handle.
[controller_server-7] [INFO] [1791389364.407603410] [local_costmap.local_costmap]: Received request to clear entirely the local_costmap
[planner_server-9] [INFO] [1791389364.407837171] [global_costmap.global_costmap]: Received request to clear entirely the global_costmap
[planner_server-9] [WARN] [1791389364.968505434] [planner_server]: Planner loop missed its desired rate of 5.0000 Hz. Current loop rate is 0.8333 Hz
[controller_server-7] [INFO] [1791389364.987771112] [controller_server]: Received a goal, begin computing control effort.
[controller_server-7] [INFO] [1791389366.087944779] [controller_server]: Passing new path to controller.
[controller_server-7] [INFO] [1791389367.087947900] [controller_server]: Passing new path to controller.
[controller_server-7] [INFO] [1791389368.087947409] [controller_server]: Passing new path to controller.
[controller_server-7] [INFO] [1791389369.187947034] [controller_server]: Passing new path to controller.
[controller_server-7] [INFO] [1791389370.187948428] [controller_server]: Passing new path to controller.
[controller_server-7] [INFO] [1791389371.187945125] [controller_server]: Passing new path to controller.
[controller_server-7] [INFO] [1791389372.287950791] [controller_server]: Passing new path to controller.
[controller_server-7] [INFO] [1791389373.287951165] [controller_server]: Passing new path to controller.
[controller_server-7] [INFO] [1791389374.287958414] [controller_server]: Passing new path to controller.
[controller_server-7] [ERROR] [1791389375.088072909] [controller_server]: Failed to make progress
[controller_server-7] [WARN] [1791389375.088306399] [controller_server]: [follow_path] [ActionServer] Aborting handle.
[controller_server-7] [INFO] [1791389375.107568855] [local_costmap.local_costmap]: Received request to clear entirely the local_costmap
[controller_server-7] [INFO] [1791389375.107863687] [controller_server]: Received a goal, begin computing control effort.
[controller_server-7] [INFO] [1791389375.308033291] [controller_server]: Passing new path to controller.
[controller_server-7] [WARN] [1791389375.309068218] [controller_server]: Control loop missed its desired rate of 10.0000Hz
[controller_server-7] [INFO] [1791389376.416456055] [controller_server]: Passing new path to controller.
[controller_server-7] [INFO] [1791389377.427757180] [controller_server]: Passing new path to controller.
[controller_server-7] [INFO] [1791389378.439563883] [controller_server]: Passing new path to controller.
[controller_server-7] [INFO] [1791389379.449413199] [controller_server]: Passing new path to controller.
[controller_server-7] [INFO] [1791389380.462921801] [controller_server]: Passing new path to controller.
[controller_server-7] [INFO] [1791389381.474652403] [controller_server]: Passing new path to controller.
[controller_server-7] [INFO] [1791389382.583413665] [controller_server]: Passing new path to controller.
[controller_server-7] [INFO] [1791389383.591455571] [controller_server]: Passing new path to controller.
[controller_server-7] [INFO] [1791389384.598364461] [controller_server]: Passing new path to controller.
[controller_server-7] [ERROR] [1791389385.403709590] [controller_server]: Failed to make progress
[controller_server-7] [WARN] [1791389385.403834566] [controller_server]: [follow_path] [ActionServer] Aborting handle.
[behavior_server-10] [INFO] [1791389385.417961428] [behavior_server]: Running spin
[behavior_server-10] [INFO] [1791389385.418165439] [behavior_server]: Turning 1.57 for spin behavior.
[behavior_server-10] [INFO] [1791389387.818483207] [behavior_server]: spin completed successfully
[controller_server-7] [INFO] [1791389387.868201950] [controller_server]: Received a goal, begin computing control effort.
[controller_server-7] [INFO] [1791389388.968483077] [controller_server]: Passing new path to controller.
[controller_server-7] [INFO] [1791389389.968465640] [controller_server]: Passing new path to controller.
[controller_server-7] [INFO] [1791389390.968476456] [controller_server]: Passing new path to controller.
[controller_server-7] [INFO] [1791389392.068527191] [controller_server]: Passing new path to controller.
[controller_server-7] [INFO] [1791389393.068486386] [controller_server]: Passing new path to controller.
[controller_server-7] [INFO] [1791389394.068468910] [controller_server]: Passing new path to controller.
[controller_server-7] [INFO] [1791389395.168472205] [controller_server]: Passing new path to controller.
[controller_server-7] [INFO] [1791389396.168477355] [controller_server]: Passing new path to controller.
[controller_server-7] [INFO] [1791389397.168465829] [controller_server]: Passing new path to controller.
[controller_server-7] [ERROR] [1791389397.968499361] [controller_server]: Failed to make progress
[controller_server-7] [WARN] [1791389397.968582403] [controller_server]: [follow_path] [ActionServer] Aborting handle.
[controller_server-7] [INFO] [1791389397.987710578] [local_costmap.local_costmap]: Received request to clear entirely the local_costmap
[controller_server-7] [INFO] [1791389397.988309424] [controller_server]: Received a goal, begin computing control effort.
[controller_server-7] [WARN] [1791389398.109081410] [controller_server]: Control loop missed its desired rate of 10.0000Hz
[controller_server-7] [INFO] [1791389398.188560170] [controller_server]: Passing new path to controller.
[controller_server-7] [INFO] [1791389399.288567562] [controller_server]: Passing new path to controller.
[controller_server-7] [INFO] [1791389400.288568732] [controller_server]: Passing new path to controller.
[controller_server-7] [INFO] [1791389401.288555592] [controller_server]: Passing new path to controller.
[controller_server-7] [INFO] [1791389402.288554729] [controller_server]: Passing new path to controller.
[controller_server-7] [INFO] [1791389403.388557959] [controller_server]: Passing new path to controller.
[controller_server-7] [INFO] [1791389404.388549428] [controller_server]: Passing new path to controller.
[controller_server-7] [INFO] [1791389405.388570698] [controller_server]: Passing new path to controller.
[controller_server-7] [INFO] [1791389406.488554217] [controller_server]: Passing new path to controller.
[controller_server-7] [INFO] [1791389407.488573561] [controller_server]: Passing new path to controller.
[controller_server-7] [ERROR] [1791389408.188596184] [controller_server]: Failed to make progress
[controller_server-7] [WARN] [1791389408.188723505] [controller_server]: [follow_path] [ActionServer] Aborting handle.
[behavior_server-10] [INFO] [1791389408.207947968] [behavior_server]: Running wait
[behavior_server-10] [INFO] [1791389410.708222828] [behavior_server]: wait completed successfully
[controller_server-7] [INFO] [1791389410.757879884] [controller_server]: Received a goal, begin computing control effort.
[controller_server-7] [INFO] [1791389411.858117614] [controller_server]: Passing new path to controller.
[controller_server-7] [INFO] [1791389412.858117056] [controller_server]: Passing new path to controller.
[controller_server-7] [INFO] [1791389413.858124539] [controller_server]: Passing new path to controller.
[controller_server-7] [INFO] [1791389414.958132281] [controller_server]: Passing new path to controller.
[controller_server-7] [INFO] [1791389415.958125108] [controller_server]: Passing new path to controller.
[controller_server-7] [INFO] [1791389416.958132205] [controller_server]: Passing new path to controller.
[controller_server-7] [INFO] [1791389418.058118642] [controller_server]: Passing new path to controller.
[controller_server-7] [INFO] [1791389419.058112452] [controller_server]: Passing new path to controller.
[controller_server-7] [INFO] [1791389420.058110382] [controller_server]: Passing new path to controller.
[controller_server-7] [ERROR] [1791389420.858167589] [controller_server]: Failed to make progress
[controller_server-7] [WARN] [1791389420.858270559] [controller_server]: [follow_path] [ActionServer] Aborting handle.
[controller_server-7] [INFO] [1791389420.877599723] [local_costmap.local_costmap]: Received request to clear entirely the local_costmap
[controller_server-7] [INFO] [1791389420.878067275] [controller_server]: Received a goal, begin computing control effort.
[controller_server-7] [INFO] [1791389421.078266527] [controller_server]: Passing new path to controller.
[controller_server-7] [INFO] [1791389422.178277074] [controller_server]: Passing new path to controller.
[controller_server-7] [INFO] [1791389423.178263714] [controller_server]: Passing new path to controller.
[controller_server-7] [INFO] [1791389424.178263228] [controller_server]: Passing new path to controller.
[controller_server-7] [INFO] [1791389425.178259835] [controller_server]: Passing new path to controller.
[controller_server-7] [INFO] [1791389426.278249038] [controller_server]: Passing new path to controller.
[controller_server-7] [INFO] [1791389427.278253601] [controller_server]: Passing new path to controller.
[controller_server-7] [INFO] [1791389428.278215668] [controller_server]: Passing new path to controller.
[controller_server-7] [INFO] [1791389429.378260028] [controller_server]: Passing new path to controller.
[controller_server-7] [INFO] [1791389430.378258380] [controller_server]: Passing new path to controller.
[controller_server-7] [ERROR] [1791389430.978299388] [controller_server]: Failed to make progress
[controller_server-7] [WARN] [1791389430.978384152] [controller_server]: [follow_path] [ActionServer] Aborting handle.
[behavior_server-10] [INFO] [1791389430.997933905] [behavior_server]: Running backup
[behavior_server-10] [INFO] [1791389434.298226416] [behavior_server]: backup completed successfully
[controller_server-7] [INFO] [1791389434.347896600] [controller_server]: Received a goal, begin computing control effort.
[controller_server-7] [INFO] [1791389435.448169327] [controller_server]: Passing new path to controller.
[controller_server-7] [INFO] [1791389436.448160383] [controller_server]: Passing new path to controller.
[controller_server-7] [WARN] [1791389436.748628373] [controller_server]: No valid trajectories out of 20! 
[controller_server-7] [WARN] [1791389436.848969285] [controller_server]: No valid trajectories out of 20! 
[controller_server-7] [ERROR] [1791389436.849030612] [controller_server]: Controller patience exceeded
[controller_server-7] [WARN] [1791389436.849095769] [controller_server]: [follow_path] [ActionServer] Aborting handle.
[controller_server-7] [INFO] [1791389436.867714679] [local_costmap.local_costmap]: Received request to clear entirely the local_costmap
[controller_server-7] [INFO] [1791389436.868614954] [controller_server]: Received a goal, begin computing control effort.
[controller_server-7] [INFO] [1791389437.468894665] [controller_server]: Passing new path to controller.
[controller_server-7] [INFO] [1791389438.468887753] [controller_server]: Passing new path to controller.
[controller_server-7] [WARN] [1791389439.069518475] [controller_server]: No valid trajectories out of 20! 
[controller_server-7] [INFO] [1791389439.568890277] [controller_server]: Passing new path to controller.
[controller_server-7] [INFO] [1791389440.568902495] [controller_server]: Passing new path to controller.
[controller_server-7] [INFO] [1791389441.568885917] [controller_server]: Passing new path to controller.
[controller_server-7] [INFO] [1791389442.668888943] [controller_server]: Passing new path to controller.
[controller_server-7] [INFO] [1791389443.668888557] [controller_server]: Passing new path to controller.
[controller_server-7] [INFO] [1791389444.668894081] [controller_server]: Passing new path to controller.
[controller_server-7] [INFO] [1791389445.768898402] [controller_server]: Passing new path to controller.
[controller_server-7] [INFO] [1791389446.768889299] [controller_server]: Passing new path to controller.
[controller_server-7] [ERROR] [1791389446.969000743] [controller_server]: Failed to make progress
[controller_server-7] [WARN] [1791389446.969214738] [controller_server]: [follow_path] [ActionServer] Aborting handle.
[controller_server-7] [INFO] [1791389446.987796653] [local_costmap.local_costmap]: Received request to clear entirely the local_costmap
[planner_server-9] [INFO] [1791389446.988293373] [global_costmap.global_costmap]: Received request to clear entirely the global_costmap
[planner_server-9] [WARN] [1791389447.969719864] [planner_server]: Planner loop missed its desired rate of 5.0000 Hz. Current loop rate is 0.5263 Hz
[controller_server-7] [INFO] [1791389447.987794558] [controller_server]: Received a goal, begin computing control effort.
[controller_server-7] [INFO] [1791389449.088030803] [controller_server]: Passing new path to controller.
[controller_server-7] [INFO] [1791389450.088035201] [controller_server]: Passing new path to controller.
[controller_server-7] [INFO] [1791389451.088036685] [controller_server]: Passing new path to controller.
[controller_server-7] [INFO] [1791389452.188029084] [controller_server]: Passing new path to controller.
[controller_server-7] [INFO] [1791389453.188047336] [controller_server]: Passing new path to controller.
[controller_server-7] [INFO] [1791389454.188040319] [controller_server]: Passing new path to controller.
[controller_server-7] [INFO] [1791389455.288033230] [controller_server]: Passing new path to controller.
[controller_server-7] [INFO] [1791389456.288040920] [controller_server]: Passing new path to controller.
[controller_server-7] [INFO] [1791389457.288032298] [controller_server]: Passing new path to controller.
[controller_server-7] [ERROR] [1791389458.088060746] [controller_server]: Failed to make progress
[controller_server-7] [WARN] [1791389458.088132745] [controller_server]: [follow_path] [ActionServer] Aborting handle.
[controller_server-7] [INFO] [1791389458.107675056] [local_costmap.local_costmap]: Received request to clear entirely the local_costmap
[controller_server-7] [INFO] [1791389458.108284363] [controller_server]: Received a goal, begin computing control effort.
[controller_server-7] [INFO] [1791389458.308551232] [controller_server]: Passing new path to controller.
[controller_server-7] [WARN] [1791389458.309267558] [controller_server]: Control loop missed its desired rate of 10.0000Hz
[controller_server-7] [INFO] [1791389459.319392003] [controller_server]: Passing new path to controller.
[controller_server-7] [INFO] [1791389460.430930024] [controller_server]: Passing new path to controller.
[controller_server-7] [INFO] [1791389461.443579697] [controller_server]: Passing new path to controller.
[controller_server-7] [INFO] [1791389462.455530684] [controller_server]: Passing new path to controller.
[controller_server-7] [INFO] [1791389463.465577937] [controller_server]: Passing new path to controller.
[controller_server-7] [INFO] [1791389464.474934988] [controller_server]: Passing new path to controller.
[controller_server-7] [INFO] [1791389465.586450333] [controller_server]: Passing new path to controller.
[controller_server-7] [INFO] [1791389466.595442460] [controller_server]: Passing new path to controller.
[controller_server-7] [INFO] [1791389467.605190394] [controller_server]: Passing new path to controller.
[controller_server-7] [ERROR] [1791389468.409395608] [controller_server]: Failed to make progress
[controller_server-7] [WARN] [1791389468.409508256] [controller_server]: [follow_path] [ActionServer] Aborting handle.
[behavior_server-10] [INFO] [1791389468.427622595] [behavior_server]: Running spin
[behavior_server-10] [INFO] [1791389468.427696814] [behavior_server]: Turning 1.57 for spin behavior.
[behavior_server-10] [INFO] [1791389470.527945971] [behavior_server]: spin completed successfully
[controller_server-7] [INFO] [1791389470.577717889] [controller_server]: Received a goal, begin computing control effort.
[controller_server-7] [INFO] [1791389471.677877720] [controller_server]: Passing new path to controller.
[controller_server-7] [INFO] [1791389472.677883016] [controller_server]: Passing new path to controller.
[controller_server-7] [INFO] [1791389473.677881672] [controller_server]: Passing new path to controller.
[controller_server-7] [INFO] [1791389474.777877976] [controller_server]: Passing new path to controller.
[controller_server-7] [INFO] [1791389475.777881516] [controller_server]: Passing new path to controller.
[controller_server-7] [INFO] [1791389476.777877934] [controller_server]: Passing new path to controller.
[controller_server-7] [INFO] [1791389477.877883764] [controller_server]: Passing new path to controller.
[controller_server-7] [INFO] [1791389478.877879260] [controller_server]: Passing new path to controller.
[controller_server-7] [INFO] [1791389479.678244854] [controller_server]: Reached the goal!
[bt_navigator-11] [INFO] [1791389479.717579737] [bt_navigator]: Goal succeeded
[python3-5] [INFO] [1791389479.718270504] [coverage_planner]: ✅ 到达航点 0
[python3-5] [INFO] [1791389479.767276532] [coverage_planner]: 🎯 导航到航点 1/40: (0.40, -2.20)
[bt_navigator-11] [INFO] [1791389479.767833276] [bt_navigator]: Begin navigating from current location (2.55, -2.04) to (0.40, -2.20)
[controller_server-7] [INFO] [1791389479.788538868] [controller_server]: Received a goal, begin computing control effort.
[controller_server-7] [INFO] [1791389480.888798175] [controller_server]: Passing new path to controller.
[controller_server-7] [INFO] [1791389481.888798092] [controller_server]: Passing new path to controller.
[controller_server-7] [INFO] [1791389482.888792649] [controller_server]: Passing new path to controller.
[controller_server-7] [INFO] [1791389483.988776195] [controller_server]: Passing new path to controller.
[controller_server-7] [INFO] [1791389484.988795021] [controller_server]: Passing new path to controller.
[controller_server-7] [INFO] [1791389485.988779753] [controller_server]: Passing new path to controller.
[controller_server-7] [INFO] [1791389487.088775543] [controller_server]: Passing new path to controller.
[controller_server-7] [INFO] [1791389488.088778273] [controller_server]: Passing new path to controller.
[controller_server-7] [INFO] [1791389489.088778293] [controller_server]: Passing new path to controller.
[controller_server-7] [ERROR] [1791389489.888834410] [controller_server]: Failed to make progress
[controller_server-7] [WARN] [1791389489.888932188] [controller_server]: [follow_path] [ActionServer] Aborting handle.
[controller_server-7] [INFO] [1791389489.908124619] [local_costmap.local_costmap]: Received request to clear entirely the local_costmap
[controller_server-7] [INFO] [1791389489.908741412] [controller_server]: Received a goal, begin computing control effort.
[controller_server-7] [INFO] [1791389490.108970396] [controller_server]: Passing new path to controller.
[controller_server-7] [WARN] [1791389490.110300641] [controller_server]: Control loop missed its desired rate of 10.0000Hz
[controller_server-7] [INFO] [1791389491.118402540] [controller_server]: Passing new path to controller.
[controller_server-7] [WARN] [1791389491.119215221] [controller_server]: No valid trajectories out of 20! 
[controller_server-7] [WARN] [1791389491.220197493] [controller_server]: No valid trajectories out of 20! 
[controller_server-7] [ERROR] [1791389491.220252408] [controller_server]: Controller patience exceeded
[controller_server-7] [WARN] [1791389491.220307071] [controller_server]: [follow_path] [ActionServer] Aborting handle.
[behavior_server-10] [INFO] [1791389491.238388030] [behavior_server]: Running wait
[behavior_server-10] [INFO] [1791389493.738630886] [behavior_server]: wait completed successfully
[controller_server-7] [INFO] [1791389493.788636090] [controller_server]: Received a goal, begin computing control effort.
[controller_server-7] [INFO] [1791389494.888923492] [controller_server]: Passing new path to controller.
[controller_server-7] [INFO] [1791389495.888942834] [controller_server]: Passing new path to controller.
[controller_server-7] [INFO] [1791389496.888922453] [controller_server]: Passing new path to controller.
[controller_server-7] [INFO] [1791389497.988921517] [controller_server]: Passing new path to controller.
[controller_server-7] [INFO] [1791389498.988918648] [controller_server]: Passing new path to controller.
[controller_server-7] [INFO] [1791389499.988921547] [controller_server]: Passing new path to controller.
[controller_server-7] [INFO] [1791389501.088926969] [controller_server]: Passing new path to controller.
[controller_server-7] [INFO] [1791389502.088924521] [controller_server]: Passing new path to controller.
[controller_server-7] [INFO] [1791389503.088922937] [controller_server]: Passing new path to controller.
[controller_server-7] [ERROR] [1791389503.888974904] [controller_server]: Failed to make progress
[controller_server-7] [WARN] [1791389503.889073042] [controller_server]: [follow_path] [ActionServer] Aborting handle.
[controller_server-7] [INFO] [1791389503.908085647] [local_costmap.local_costmap]: Received request to clear entirely the local_costmap
[controller_server-7] [INFO] [1791389503.908402245] [controller_server]: Received a goal, begin computing control effort.
[controller_server-7] [INFO] [1791389504.108573901] [controller_server]: Passing new path to controller.
[controller_server-7] [WARN] [1791389504.109338596] [controller_server]: Control loop missed its desired rate of 10.0000Hz
[controller_server-7] [INFO] [1791389505.121016396] [controller_server]: Passing new path to controller.
[controller_server-7] [INFO] [1791389506.234617880] [controller_server]: Passing new path to controller.
[controller_server-7] [INFO] [1791389507.246462540] [controller_server]: Passing new path to controller.
[controller_server-7] [INFO] [1791389508.256876742] [controller_server]: Passing new path to controller.
[controller_server-7] [INFO] [1791389509.264086473] [controller_server]: Passing new path to controller.
[controller_server-7] [INFO] [1791389510.277286538] [controller_server]: Passing new path to controller.
[controller_server-7] [INFO] [1791389511.289353902] [controller_server]: Passing new path to controller.
[controller_server-7] [INFO] [1791389512.402778392] [controller_server]: Passing new path to controller.
[controller_server-7] [INFO] [1791389513.409405601] [controller_server]: Passing new path to controller.
[controller_server-7] [ERROR] [1791389514.209428725] [controller_server]: Failed to make progress
[controller_server-7] [WARN] [1791389514.209492720] [controller_server]: [follow_path] [ActionServer] Aborting handle.
[behavior_server-10] [INFO] [1791389514.228191154] [behavior_server]: Running backup
[behavior_server-10] [WARN] [1791389514.528558285] [behavior_server]: Collision Ahead - Exiting DriveOnHeading
[behavior_server-10] [WARN] [1791389514.528612398] [behavior_server]: backup failed
[behavior_server-10] [WARN] [1791389514.528628222] [behavior_server]: [backup] [ActionServer] Aborting handle.
[controller_server-7] [INFO] [1791389514.558191289] [local_costmap.local_costmap]: Received request to clear entirely the local_costmap
[planner_server-9] [INFO] [1791389514.558597522] [global_costmap.global_costmap]: Received request to clear entirely the global_costmap
[planner_server-9] [WARN] [1791389514.969778219] [planner_server]: Planner loop missed its desired rate of 5.0000 Hz. Current loop rate is 1.2500 Hz
[controller_server-7] [INFO] [1791389514.988453479] [controller_server]: Received a goal, begin computing control effort.
[controller_server-7] [INFO] [1791389516.088690398] [controller_server]: Passing new path to controller.
[controller_server-7] [INFO] [1791389517.088647131] [controller_server]: Passing new path to controller.
[controller_server-7] [INFO] [1791389518.088687594] [controller_server]: Passing new path to controller.
[controller_server-7] [INFO] [1791389519.188699617] [controller_server]: Passing new path to controller.
[controller_server-7] [INFO] [1791389520.188723167] [controller_server]: Passing new path to controller.
[controller_server-7] [INFO] [1791389521.188698896] [controller_server]: Passing new path to controller.
[controller_server-7] [INFO] [1791389522.288693083] [controller_server]: Passing new path to controller.
[controller_server-7] [INFO] [1791389523.288690936] [controller_server]: Passing new path to controller.
[controller_server-7] [INFO] [1791389524.288693279] [controller_server]: Passing new path to controller.
[controller_server-7] [ERROR] [1791389525.088729331] [controller_server]: Failed to make progress
[controller_server-7] [WARN] [1791389525.088817210] [controller_server]: [follow_path] [ActionServer] Aborting handle.
[controller_server-7] [INFO] [1791389525.108109027] [local_costmap.local_costmap]: Received request to clear entirely the local_costmap
[controller_server-7] [INFO] [1791389525.108695459] [controller_server]: Received a goal, begin computing control effort.
[controller_server-7] [INFO] [1791389525.308889679] [controller_server]: Passing new path to controller.
[controller_server-7] [WARN] [1791389525.309409699] [controller_server]: Control loop missed its desired rate of 10.0000Hz
[controller_server-7] [INFO] [1791389526.321067517] [controller_server]: Passing new path to controller.
[controller_server-7] [INFO] [1791389527.428920804] [controller_server]: Passing new path to controller.
[controller_server-7] [INFO] [1791389528.437231440] [controller_server]: Passing new path to controller.
[controller_server-7] [INFO] [1791389529.445321249] [controller_server]: Passing new path to controller.
[controller_server-7] [INFO] [1791389530.459841746] [controller_server]: Passing new path to controller.
[controller_server-7] [INFO] [1791389531.472793435] [controller_server]: Passing new path to controller.
[controller_server-7] [INFO] [1791389532.585051950] [controller_server]: Passing new path to controller.
[controller_server-7] [INFO] [1791389533.594617031] [controller_server]: Passing new path to controller.
[controller_server-7] [INFO] [1791389534.604932880] [controller_server]: Passing new path to controller.
[controller_server-7] [ERROR] [1791389535.409561829] [controller_server]: Failed to make progress
[controller_server-7] [WARN] [1791389535.409759621] [controller_server]: [follow_path] [ActionServer] Aborting handle.
[behavior_server-10] [INFO] [1791389535.428324816] [behavior_server]: Running spin
[behavior_server-10] [INFO] [1791389535.428498149] [behavior_server]: Turning 1.57 for spin behavior.
[behavior_server-10] [WARN] [1791389536.728686376] [behavior_server]: Collision Ahead - Exiting Spin
[behavior_server-10] [WARN] [1791389536.728723674] [behavior_server]: spin failed
[behavior_server-10] [WARN] [1791389536.728731296] [behavior_server]: [spin] [ActionServer] Aborting handle.
[behavior_server-10] [INFO] [1791389536.758177818] [behavior_server]: Running wait
[behavior_server-10] [INFO] [1791389539.258311466] [behavior_server]: wait completed successfully
[controller_server-7] [INFO] [1791389539.308281580] [controller_server]: Received a goal, begin computing control effort.
[controller_server-7] [INFO] [1791389540.408465092] [controller_server]: Passing new path to controller.
[controller_server-7] [INFO] [1791389541.408480123] [controller_server]: Passing new path to controller.
[controller_server-7] [INFO] [1791389542.408455550] [controller_server]: Passing new path to controller.
[controller_server-7] [INFO] [1791389543.508469219] [controller_server]: Passing new path to controller.
[controller_server-7] [INFO] [1791389544.508465046] [controller_server]: Passing new path to controller.
[controller_server-7] [INFO] [1791389545.508463458] [controller_server]: Passing new path to controller.
[controller_server-7] [INFO] [1791389546.608468264] [controller_server]: Passing new path to controller.
[controller_server-7] [INFO] [1791389547.608477976] [controller_server]: Passing new path to controller.
[controller_server-7] [INFO] [1791389548.608461862] [controller_server]: Passing new path to controller.
[controller_server-7] [ERROR] [1791389549.408545086] [controller_server]: Failed to make progress
[controller_server-7] [WARN] [1791389549.408694643] [controller_server]: [follow_path] [ActionServer] Aborting handle.
[controller_server-7] [INFO] [1791389549.428139640] [local_costmap.local_costmap]: Received request to clear entirely the local_costmap
[controller_server-7] [INFO] [1791389549.428804214] [controller_server]: Received a goal, begin computing control effort.
[controller_server-7] [INFO] [1791389549.629026848] [controller_server]: Passing new path to controller.
[controller_server-7] [INFO] [1791389550.729019082] [controller_server]: Passing new path to controller.
[controller_server-7] [INFO] [1791389551.729020759] [controller_server]: Passing new path to controller.
[controller_server-7] [INFO] [1791389552.729032941] [controller_server]: Passing new path to controller.
[controller_server-7] [INFO] [1791389553.729029666] [controller_server]: Passing new path to controller.
[controller_server-7] [INFO] [1791389554.829026203] [controller_server]: Passing new path to controller.
[controller_server-7] [INFO] [1791389555.829029567] [controller_server]: Passing new path to controller.
[controller_server-7] [INFO] [1791389556.829034960] [controller_server]: Passing new path to controller.
[controller_server-7] [INFO] [1791389557.929042581] [controller_server]: Passing new path to controller.
[controller_server-7] [INFO] [1791389558.929147493] [controller_server]: Passing new path to controller.
[controller_server-7] [ERROR] [1791389559.629049334] [controller_server]: Failed to make progress
[controller_server-7] [WARN] [1791389559.629104509] [controller_server]: [follow_path] [ActionServer] Aborting handle.
[behavior_server-10] [INFO] [1791389559.648165244] [behavior_server]: Running backup
[behavior_server-10] [INFO] [1791389562.948341223] [behavior_server]: backup completed successfully
[controller_server-7] [INFO] [1791389562.998235520] [controller_server]: Received a goal, begin computing control effort.
[controller_server-7] [INFO] [1791389564.098417836] [controller_server]: Passing new path to controller.
[controller_server-7] [INFO] [1791389565.098416854] [controller_server]: Passing new path to controller.
[controller_server-7] [INFO] [1791389566.098415316] [controller_server]: Passing new path to controller.
[controller_server-7] [INFO] [1791389567.198433646] [controller_server]: Passing new path to controller.
[controller_server-7] [INFO] [1791389568.198414673] [controller_server]: Passing new path to controller.
[controller_server-7] [INFO] [1791389569.198418481] [controller_server]: Passing new path to controller.
[controller_server-7] [INFO] [1791389570.298417230] [controller_server]: Passing new path to controller.
[controller_server-7] [INFO] [1791389571.298433140] [controller_server]: Passing new path to controller.
[controller_server-7] [INFO] [1791389572.298415142] [controller_server]: Passing new path to controller.
[controller_server-7] [ERROR] [1791389573.098453095] [controller_server]: Failed to make progress
[controller_server-7] [WARN] [1791389573.098517723] [controller_server]: [follow_path] [ActionServer] Aborting handle.
[controller_server-7] [INFO] [1791389573.118065380] [local_costmap.local_costmap]: Received request to clear entirely the local_costmap
[controller_server-7] [INFO] [1791389573.118388089] [controller_server]: Received a goal, begin computing control effort.
[controller_server-7] [INFO] [1791389573.308547754] [controller_server]: Passing new path to controller.
[controller_server-7] [WARN] [1791389573.309285824] [controller_server]: Control loop missed its desired rate of 10.0000Hz
[controller_server-7] [INFO] [1791389574.418550826] [controller_server]: Passing new path to controller.
[controller_server-7] [INFO] [1791389575.418547819] [controller_server]: Passing new path to controller.
[controller_server-7] [INFO] [1791389576.418548710] [controller_server]: Passing new path to controller.
[controller_server-7] [INFO] [1791389577.418574845] [controller_server]: Passing new path to controller.
[controller_server-7] [INFO] [1791389578.518548262] [controller_server]: Passing new path to controller.
[controller_server-7] [INFO] [1791389579.518549513] [controller_server]: Passing new path to controller.
[controller_server-7] [INFO] [1791389580.518673480] [controller_server]: Passing new path to controller.
[controller_server-7] [INFO] [1791389581.618549158] [controller_server]: Passing new path to controller.
[controller_server-7] [INFO] [1791389582.618548210] [controller_server]: Passing new path to controller.
[controller_server-7] [ERROR] [1791389583.418658323] [controller_server]: Failed to make progress
[controller_server-7] [WARN] [1791389583.418721229] [controller_server]: [follow_path] [ActionServer] Aborting handle.
[controller_server-7] [INFO] [1791389583.438071173] [local_costmap.local_costmap]: Received request to clear entirely the local_costmap
[planner_server-9] [INFO] [1791389583.438260536] [global_costmap.global_costmap]: Received request to clear entirely the global_costmap
[planner_server-9] [WARN] [1791389583.968847890] [planner_server]: Planner loop missed its desired rate of 5.0000 Hz. Current loop rate is 0.9091 Hz
[controller_server-7] [INFO] [1791389583.988255798] [controller_server]: Received a goal, begin computing control effort.
[controller_server-7] [INFO] [1791389585.088430764] [controller_server]: Passing new path to controller.
[controller_server-7] [INFO] [1791389586.088430586] [controller_server]: Passing new path to controller.
[controller_server-7] [INFO] [1791389587.088434673] [controller_server]: Passing new path to controller.
[controller_server-7] [INFO] [1791389588.188433784] [controller_server]: Passing new path to controller.
[controller_server-7] [INFO] [1791389589.188430078] [controller_server]: Passing new path to controller.
[controller_server-7] [INFO] [1791389590.188428706] [controller_server]: Passing new path to controller.
[controller_server-7] [INFO] [1791389591.288433642] [controller_server]: Passing new path to controller.
[controller_server-7] [INFO] [1791389592.288465924] [controller_server]: Passing new path to controller.
[controller_server-7] [INFO] [1791389593.288429892] [controller_server]: Passing new path to controller.
[controller_server-7] [ERROR] [1791389594.088462660] [controller_server]: Failed to make progress
[controller_server-7] [WARN] [1791389594.088526275] [controller_server]: [follow_path] [ActionServer] Aborting handle.
[controller_server-7] [INFO] [1791389594.108067376] [local_costmap.local_costmap]: Received request to clear entirely the local_costmap
[controller_server-7] [INFO] [1791389594.108410366] [controller_server]: Received a goal, begin computing control effort.
[controller_server-7] [INFO] [1791389594.308572003] [controller_server]: Passing new path to controller.
[controller_server-7] [WARN] [1791389594.309301625] [controller_server]: Control loop missed its desired rate of 10.0000Hz
[controller_server-7] [INFO] [1791389595.416811859] [controller_server]: Passing new path to controller.
[controller_server-7] [INFO] [1791389596.422320581] [controller_server]: Passing new path to controller.
[controller_server-7] [INFO] [1791389597.433746485] [controller_server]: Passing new path to controller.
[controller_server-7] [INFO] [1791389598.444646412] [controller_server]: Passing new path to controller.
[controller_server-7] [INFO] [1791389599.454594752] [controller_server]: Passing new path to controller.
[controller_server-7] [INFO] [1791389600.469355914] [controller_server]: Passing new path to controller.
[controller_server-7] [INFO] [1791389601.581848743] [controller_server]: Passing new path to controller.
[controller_server-7] [INFO] [1791389602.590936184] [controller_server]: Passing new path to controller.
[controller_server-7] [INFO] [1791389603.603263521] [controller_server]: Passing new path to controller.
[controller_server-7] [ERROR] [1791389604.409418461] [controller_server]: Failed to make progress
[controller_server-7] [WARN] [1791389604.409522116] [controller_server]: [follow_path] [ActionServer] Aborting handle.
[behavior_server-10] [INFO] [1791389604.428103798] [behavior_server]: Running spin
[behavior_server-10] [INFO] [1791389604.428168504] [behavior_server]: Turning 1.57 for spin behavior.
[behavior_server-10] [INFO] [1791389606.528332542] [behavior_server]: spin completed successfully
[controller_server-7] [INFO] [1791389606.579060357] [controller_server]: Received a goal, begin computing control effort.
[controller_server-7] [INFO] [1791389607.679386994] [controller_server]: Passing new path to controller.
[controller_server-7] [INFO] [1791389608.679386523] [controller_server]: Passing new path to controller.
[controller_server-7] [INFO] [1791389609.679501661] [controller_server]: Passing new path to controller.
[controller_server-7] [INFO] [1791389610.779386023] [controller_server]: Passing new path to controller.
[controller_server-7] [INFO] [1791389611.779401935] [controller_server]: Passing new path to controller.
[controller_server-7] [INFO] [1791389612.779384333] [controller_server]: Passing new path to controller.
[controller_server-7] [INFO] [1791389613.779387636] [controller_server]: Passing new path to controller.
[controller_server-7] [INFO] [1791389614.879399922] [controller_server]: Passing new path to controller.
[controller_server-7] [INFO] [1791389615.879405374] [controller_server]: Passing new path to controller.
[controller_server-7] [ERROR] [1791389616.679430062] [controller_server]: Failed to make progress
[controller_server-7] [WARN] [1791389616.679530723] [controller_server]: [follow_path] [ActionServer] Aborting handle.
[controller_server-7] [INFO] [1791389616.698116090] [local_costmap.local_costmap]: Received request to clear entirely the local_costmap
[controller_server-7] [INFO] [1791389616.698542815] [controller_server]: Received a goal, begin computing control effort.
[controller_server-7] [INFO] [1791389616.898759665] [controller_server]: Passing new path to controller.
[controller_server-7] [INFO] [1791389617.898752487] [controller_server]: Passing new path to controller.
[controller_server-7] [INFO] [1791389618.998755860] [controller_server]: Passing new path to controller.
[controller_server-7] [INFO] [1791389619.998751098] [controller_server]: Passing new path to controller.
[controller_server-7] [INFO] [1791389620.998763356] [controller_server]: Passing new path to controller.
[controller_server-7] [INFO] [1791389622.098765715] [controller_server]: Passing new path to controller.
[controller_server-7] [INFO] [1791389623.098751794] [controller_server]: Passing new path to controller.
[controller_server-7] [INFO] [1791389624.098751902] [controller_server]: Passing new path to controller.
[controller_server-7] [INFO] [1791389625.198742044] [controller_server]: Passing new path to controller.
[controller_server-7] [INFO] [1791389626.198748118] [controller_server]: Passing new path to controller.
[controller_server-7] [ERROR] [1791389626.798768140] [controller_server]: Failed to make progress
[controller_server-7] [WARN] [1791389626.798825225] [controller_server]: [follow_path] [ActionServer] Aborting handle.
[bt_navigator-11] [WARN] [1791389626.827973873] [bt_navigator]: [navigate_to_pose] [ActionServer] Aborting handle.
[bt_navigator-11] [ERROR] [1791389626.828070639] [bt_navigator]: Goal failed
[python3-5] [WARN] [1791389626.828902564] [coverage_planner]: ⚠️ 航点 1 导航ABORTED，第 1/3 次重试
[python3-5] [INFO] [1791389626.879186924] [coverage_planner]: 🎯 导航到航点 1/40: (0.40, -2.20)
[bt_navigator-11] [INFO] [1791389626.879942118] [bt_navigator]: Begin navigating from current location (2.31, 0.31) to (0.40, -2.20)
[controller_server-7] [INFO] [1791389626.900812144] [controller_server]: Received a goal, begin computing control effort.
[controller_server-7] [INFO] [1791389628.001150474] [controller_server]: Passing new path to controller.
[controller_server-7] [INFO] [1791389629.001155309] [controller_server]: Passing new path to controller.
[controller_server-7] [INFO] [1791389630.001142679] [controller_server]: Passing new path to controller.
[controller_server-7] [INFO] [1791389631.101156823] [controller_server]: Passing new path to controller.
[controller_server-7] [INFO] [1791389632.101149612] [controller_server]: Passing new path to controller.
[controller_server-7] [INFO] [1791389633.101137066] [controller_server]: Passing new path to controller.
[controller_server-7] [INFO] [1791389634.201134607] [controller_server]: Passing new path to controller.
[controller_server-7] [INFO] [1791389635.201136624] [controller_server]: Passing new path to controller.
[controller_server-7] [INFO] [1791389636.201138144] [controller_server]: Passing new path to controller.
[controller_server-7] [ERROR] [1791389637.001225835] [controller_server]: Failed to make progress
[controller_server-7] [WARN] [1791389637.001388527] [controller_server]: [follow_path] [ActionServer] Aborting handle.
[controller_server-7] [INFO] [1791389637.020369291] [local_costmap.local_costmap]: Received request to clear entirely the local_costmap
[controller_server-7] [INFO] [1791389637.021372471] [controller_server]: Received a goal, begin computing control effort.
[controller_server-7] [INFO] [1791389637.221790832] [controller_server]: Passing new path to controller.
[controller_server-7] [INFO] [1791389638.321784725] [controller_server]: Passing new path to controller.
[controller_server-7] [INFO] [1791389639.321786131] [controller_server]: Passing new path to controller.
[controller_server-7] [INFO] [1791389640.321786356] [controller_server]: Passing new path to controller.
[controller_server-7] [INFO] [1791389641.321783901] [controller_server]: Passing new path to controller.
[controller_server-7] [INFO] [1791389642.421785553] [controller_server]: Passing new path to controller.
[controller_server-7] [INFO] [1791389643.421792722] [controller_server]: Passing new path to controller.
[controller_server-7] [INFO] [1791389644.421802249] [controller_server]: Passing new path to controller.
[controller_server-7] [INFO] [1791389645.521802356] [controller_server]: Passing new path to controller.
[controller_server-7] [INFO] [1791389646.521798935] [controller_server]: Passing new path to controller.
[controller_server-7] [ERROR] [1791389647.221838851] [controller_server]: Failed to make progress
[controller_server-7] [WARN] [1791389647.221945076] [controller_server]: [follow_path] [ActionServer] Aborting handle.
[behavior_server-10] [INFO] [1791389647.240589758] [behavior_server]: Running wait
[behavior_server-10] [INFO] [1791389649.740812677] [behavior_server]: wait completed successfully
[controller_server-7] [INFO] [1791389649.790646950] [controller_server]: Received a goal, begin computing control effort.
[controller_server-7] [INFO] [1791389650.890941644] [controller_server]: Passing new path to controller.
[controller_server-7] [INFO] [1791389651.890933469] [controller_server]: Passing new path to controller.
[controller_server-7] [INFO] [1791389652.890921974] [controller_server]: Passing new path to controller.
[controller_server-7] [INFO] [1791389653.990931731] [controller_server]: Passing new path to controller.
[controller_server-7] [INFO] [1791389654.990920084] [controller_server]: Passing new path to controller.
[controller_server-7] [INFO] [1791389655.990924854] [controller_server]: Passing new path to controller.
[controller_server-7] [INFO] [1791389657.090921428] [controller_server]: Passing new path to controller.
[controller_server-7] [INFO] [1791389658.090919969] [controller_server]: Passing new path to controller.
[controller_server-7] [INFO] [1791389659.090929473] [controller_server]: Passing new path to controller.
[controller_server-7] [ERROR] [1791389659.890945379] [controller_server]: Failed to make progress
[controller_server-7] [WARN] [1791389659.891011723] [controller_server]: [follow_path] [ActionServer] Aborting handle.
[controller_server-7] [INFO] [1791389659.910255344] [local_costmap.local_costmap]: Received request to clear entirely the local_costmap
[controller_server-7] [INFO] [1791389659.910867004] [controller_server]: Received a goal, begin computing control effort.
[controller_server-7] [INFO] [1791389660.111072101] [controller_server]: Passing new path to controller.
[controller_server-7] [WARN] [1791389660.111843549] [controller_server]: Control loop missed its desired rate of 10.0000Hz
[controller_server-7] [INFO] [1791389661.219522359] [controller_server]: Passing new path to controller.
[controller_server-7] [INFO] [1791389662.228873964] [controller_server]: Passing new path to controller.
[controller_server-7] [INFO] [1791389663.241191814] [controller_server]: Passing new path to controller.
[controller_server-7] [INFO] [1791389664.251001601] [controller_server]: Passing new path to controller.
[controller_server-7] [INFO] [1791389665.259965786] [controller_server]: Passing new path to controller.
[controller_server-7] [INFO] [1791389666.370562933] [controller_server]: Passing new path to controller.
[controller_server-7] [INFO] [1791389667.377376549] [controller_server]: Passing new path to controller.
[controller_server-7] [INFO] [1791389668.387750071] [controller_server]: Passing new path to controller.
[controller_server-7] [INFO] [1791389669.395605307] [controller_server]: Passing new path to controller.
[controller_server-7] [ERROR] [1791389670.203422265] [controller_server]: Failed to make progress
[controller_server-7] [WARN] [1791389670.203534732] [controller_server]: [follow_path] [ActionServer] Aborting handle.
[behavior_server-10] [INFO] [1791389670.220468811] [behavior_server]: Running backup
[behavior_server-10] [INFO] [1791389674.320683888] [behavior_server]: backup completed successfully
[controller_server-7] [INFO] [1791389674.370651635] [controller_server]: Received a goal, begin computing control effort.
[controller_server-7] [INFO] [1791389675.470940778] [controller_server]: Passing new path to controller.
[controller_server-7] [INFO] [1791389676.470939821] [controller_server]: Passing new path to controller.
[controller_server-7] [INFO] [1791389677.470942634] [controller_server]: Passing new path to controller.
[controller_server-7] [INFO] [1791389678.570956335] [controller_server]: Passing new path to controller.
[controller_server-7] [INFO] [1791389679.570944032] [controller_server]: Passing new path to controller.
[controller_server-7] [INFO] [1791389680.570945939] [controller_server]: Passing new path to controller.
[controller_server-7] [INFO] [1791389681.670941297] [controller_server]: Passing new path to controller.
[controller_server-7] [INFO] [1791389682.670943615] [controller_server]: Passing new path to controller.
[controller_server-7] [INFO] [1791389683.670951122] [controller_server]: Passing new path to controller.
[controller_server-7] [ERROR] [1791389684.470980350] [controller_server]: Failed to make progress
[controller_server-7] [WARN] [1791389684.471051736] [controller_server]: [follow_path] [ActionServer] Aborting handle.
[controller_server-7] [INFO] [1791389684.490236715] [local_costmap.local_costmap]: Received request to clear entirely the local_costmap
[controller_server-7] [INFO] [1791389684.490582198] [controller_server]: Received a goal, begin computing control effort.
[controller_server-7] [INFO] [1791389684.690753578] [controller_server]: Passing new path to controller.
[controller_server-7] [INFO] [1791389685.790746904] [controller_server]: Passing new path to controller.
[controller_server-7] [INFO] [1791389686.790694003] [controller_server]: Passing new path to controller.
[controller_server-7] [INFO] [1791389687.790740832] [controller_server]: Passing new path to controller.
[controller_server-7] [INFO] [1791389688.790733095] [controller_server]: Passing new path to controller.
[controller_server-7] [INFO] [1791389689.890743777] [controller_server]: Passing new path to controller.
[controller_server-7] [INFO] [1791389690.890745849] [controller_server]: Passing new path to controller.
[planner_server-9] [INFO] [1791389690.967414832] [global_costmap.global_costmap]: StaticLayer: Resizing costmap to 218 X 218 at 0.050000 m/pix
[controller_server-7] [INFO] [1791389691.890749200] [controller_server]: Passing new path to controller.
[controller_server-7] [INFO] [1791389692.990738545] [controller_server]: Passing new path to controller.
[controller_server-7] [INFO] [1791389693.990803535] [controller_server]: Passing new path to controller.
[controller_server-7] [ERROR] [1791389694.590802097] [controller_server]: Failed to make progress
[controller_server-7] [WARN] [1791389694.590921497] [controller_server]: [follow_path] [ActionServer] Aborting handle.
[controller_server-7] [INFO] [1791389694.610454501] [local_costmap.local_costmap]: Received request to clear entirely the local_costmap
[planner_server-9] [INFO] [1791389694.610949410] [global_costmap.global_costmap]: Received request to clear entirely the global_costmap
[planner_server-9] [WARN] [1791389694.972746902] [planner_server]: Planner loop missed its desired rate of 5.0000 Hz. Current loop rate is 1.4286 Hz
[controller_server-7] [INFO] [1791389694.990585472] [controller_server]: Received a goal, begin computing control effort.
[controller_server-7] [INFO] [1791389696.090852932] [controller_server]: Passing new path to controller.
[controller_server-7] [INFO] [1791389697.090861528] [controller_server]: Passing new path to controller.
[controller_server-7] [INFO] [1791389698.090873870] [controller_server]: Passing new path to controller.
[controller_server-7] [INFO] [1791389699.190864170] [controller_server]: Passing new path to controller.
[controller_server-7] [INFO] [1791389700.190855121] [controller_server]: Passing new path to controller.
[controller_server-7] [INFO] [1791389701.190871463] [controller_server]: Passing new path to controller.
[controller_server-7] [INFO] [1791389702.290863309] [controller_server]: Passing new path to controller.
[controller_server-7] [INFO] [1791389703.290872823] [controller_server]: Passing new path to controller.
[controller_server-7] [INFO] [1791389704.290865588] [controller_server]: Passing new path to controller.
[controller_server-7] [ERROR] [1791389705.090908027] [controller_server]: Failed to make progress
[controller_server-7] [WARN] [1791389705.091004464] [controller_server]: [follow_path] [ActionServer] Aborting handle.
[controller_server-7] [INFO] [1791389705.110260177] [local_costmap.local_costmap]: Received request to clear entirely the local_costmap
[controller_server-7] [INFO] [1791389705.110817582] [controller_server]: Received a goal, begin computing control effort.
[controller_server-7] [INFO] [1791389705.311006654] [controller_server]: Passing new path to controller.
[controller_server-7] [WARN] [1791389705.313034197] [controller_server]: Control loop missed its desired rate of 10.0000Hz
[controller_server-7] [INFO] [1791389706.327622117] [controller_server]: Passing new path to controller.
[controller_server-7] [INFO] [1791389707.440982676] [controller_server]: Passing new path to controller.
[controller_server-7] [INFO] [1791389708.452454520] [controller_server]: Passing new path to controller.
[controller_server-7] [INFO] [1791389709.462407461] [controller_server]: Passing new path to controller.
[controller_server-7] [INFO] [1791389710.473137684] [controller_server]: Passing new path to controller.
[controller_server-7] [INFO] [1791389711.482775164] [controller_server]: Passing new path to controller.
[controller_server-7] [INFO] [1791389712.597822611] [controller_server]: Passing new path to controller.
[controller_server-7] [INFO] [1791389713.607131636] [controller_server]: Passing new path to controller.
[controller_server-7] [INFO] [1791389714.613106948] [controller_server]: Passing new path to controller.
[controller_server-7] [ERROR] [1791389715.413146497] [controller_server]: Failed to make progress
[controller_server-7] [WARN] [1791389715.413242621] [controller_server]: [follow_path] [ActionServer] Aborting handle.
[behavior_server-10] [INFO] [1791389715.430584395] [behavior_server]: Running spin
[behavior_server-10] [INFO] [1791389715.430743376] [behavior_server]: Turning 1.57 for spin behavior.
[behavior_server-10] [INFO] [1791389717.530997233] [behavior_server]: spin completed successfully
[controller_server-7] [INFO] [1791389717.580860221] [controller_server]: Received a goal, begin computing control effort.
[controller_server-7] [INFO] [1791389718.681250752] [controller_server]: Passing new path to controller.
[controller_server-7] [INFO] [1791389719.681239210] [controller_server]: Passing new path to controller.
[controller_server-7] [INFO] [1791389720.681244866] [controller_server]: Passing new path to controller.
[controller_server-7] [INFO] [1791389721.781212897] [controller_server]: Passing new path to controller.
[controller_server-7] [INFO] [1791389722.781237829] [controller_server]: Passing new path to controller.
[controller_server-7] [INFO] [1791389723.781212078] [controller_server]: Passing new path to controller.
[controller_server-7] [INFO] [1791389724.881214256] [controller_server]: Passing new path to controller.
[controller_server-7] [INFO] [1791389725.881213773] [controller_server]: Passing new path to controller.
[controller_server-7] [INFO] [1791389726.881214802] [controller_server]: Passing new path to controller.
[controller_server-7] [ERROR] [1791389727.681293850] [controller_server]: Failed to make progress
[controller_server-7] [WARN] [1791389727.681406633] [controller_server]: [follow_path] [ActionServer] Aborting handle.
[controller_server-7] [INFO] [1791389727.700356154] [local_costmap.local_costmap]: Received request to clear entirely the local_costmap
[controller_server-7] [INFO] [1791389727.701273673] [controller_server]: Received a goal, begin computing control effort.
[controller_server-7] [INFO] [1791389727.901592227] [controller_server]: Passing new path to controller.
[controller_server-7] [INFO] [1791389729.001611211] [controller_server]: Passing new path to controller.
[controller_server-7] [INFO] [1791389730.001619104] [controller_server]: Passing new path to controller.
[controller_server-7] [INFO] [1791389731.001609672] [controller_server]: Passing new path to controller.
[controller_server-7] [INFO] [1791389732.001610493] [controller_server]: Passing new path to controller.
[controller_server-7] [INFO] [1791389733.101605913] [controller_server]: Passing new path to controller.
[controller_server-7] [INFO] [1791389734.101612836] [controller_server]: Passing new path to controller.
[controller_server-7] [INFO] [1791389735.101593614] [controller_server]: Passing new path to controller.
[controller_server-7] [INFO] [1791389736.201604796] [controller_server]: Passing new path to controller.
[controller_server-7] [INFO] [1791389737.201614364] [controller_server]: Passing new path to controller.
[controller_server-7] [ERROR] [1791389737.801675611] [controller_server]: Failed to make progress
[controller_server-7] [WARN] [1791389737.801827321] [controller_server]: [follow_path] [ActionServer] Aborting handle.
[behavior_server-10] [INFO] [1791389737.820548074] [behavior_server]: Running wait
[behavior_server-10] [INFO] [1791389740.320770218] [behavior_server]: wait completed successfully
[controller_server-7] [INFO] [1791389740.370371739] [controller_server]: Received a goal, begin computing control effort.
[controller_server-7] [INFO] [1791389741.470561133] [controller_server]: Passing new path to controller.
[controller_server-7] [INFO] [1791389742.470543616] [controller_server]: Passing new path to controller.
[controller_server-7] [INFO] [1791389743.470558161] [controller_server]: Passing new path to controller.
[controller_server-7] [INFO] [1791389744.570566309] [controller_server]: Passing new path to controller.
[controller_server-7] [INFO] [1791389745.570561625] [controller_server]: Passing new path to controller.
[controller_server-7] [INFO] [1791389746.570571782] [controller_server]: Passing new path to controller.
[controller_server-7] [INFO] [1791389747.670579790] [controller_server]: Passing new path to controller.
[controller_server-7] [INFO] [1791389748.670541628] [controller_server]: Passing new path to controller.
[controller_server-7] [INFO] [1791389749.670563182] [controller_server]: Passing new path to controller.
[controller_server-7] [ERROR] [1791389750.470609809] [controller_server]: Failed to make progress
[controller_server-7] [WARN] [1791389750.470735238] [controller_server]: [follow_path] [ActionServer] Aborting handle.
[controller_server-7] [INFO] [1791389750.490315025] [local_costmap.local_costmap]: Received request to clear entirely the local_costmap
[controller_server-7] [INFO] [1791389750.491191021] [controller_server]: Received a goal, begin computing control effort.
[controller_server-7] [INFO] [1791389750.691511522] [controller_server]: Passing new path to controller.
[controller_server-7] [INFO] [1791389751.791464846] [controller_server]: Passing new path to controller.
[controller_server-7] [INFO] [1791389752.791459047] [controller_server]: Passing new path to controller.
[controller_server-7] [INFO] [1791389753.791481542] [controller_server]: Passing new path to controller.
[controller_server-7] [INFO] [1791389754.791466984] [controller_server]: Passing new path to controller.
[controller_server-7] [INFO] [1791389755.891463356] [controller_server]: Passing new path to controller.
[controller_server-7] [INFO] [1791389756.891452766] [controller_server]: Passing new path to controller.
[controller_server-7] [INFO] [1791389757.891451142] [controller_server]: Passing new path to controller.
[controller_server-7] [INFO] [1791389758.991467691] [controller_server]: Passing new path to controller.
[controller_server-7] [INFO] [1791389759.991459716] [controller_server]: Passing new path to controller.
[controller_server-7] [ERROR] [1791389760.591524548] [controller_server]: Failed to make progress
[controller_server-7] [WARN] [1791389760.591643741] [controller_server]: [follow_path] [ActionServer] Aborting handle.
[behavior_server-10] [INFO] [1791389760.610668954] [behavior_server]: Running backup
[behavior_server-10] [INFO] [1791389764.111124909] [behavior_server]: backup completed successfully
[controller_server-7] [INFO] [1791389764.160413930] [controller_server]: Received a goal, begin computing control effort.
[controller_server-7] [INFO] [1791389765.260631724] [controller_server]: Passing new path to controller.
[controller_server-7] [INFO] [1791389766.260644659] [controller_server]: Passing new path to controller.
[controller_server-7] [INFO] [1791389767.260620709] [controller_server]: Passing new path to controller.
[controller_server-7] [INFO] [1791389768.360628242] [controller_server]: Passing new path to controller.
[controller_server-7] [INFO] [1791389769.360637040] [controller_server]: Passing new path to controller.
[controller_server-7] [INFO] [1791389770.360627815] [controller_server]: Passing new path to controller.
[controller_server-7] [INFO] [1791389771.460624103] [controller_server]: Passing new path to controller.
[controller_server-7] [INFO] [1791389772.460619289] [controller_server]: Passing new path to controller.
[controller_server-7] [INFO] [1791389773.460625167] [controller_server]: Passing new path to controller.
[controller_server-7] [ERROR] [1791389774.260680856] [controller_server]: Failed to make progress
[controller_server-7] [WARN] [1791389774.260784545] [controller_server]: [follow_path] [ActionServer] Aborting handle.
[controller_server-7] [INFO] [1791389774.280276439] [local_costmap.local_costmap]: Received request to clear entirely the local_costmap
[controller_server-7] [INFO] [1791389774.280852210] [controller_server]: Received a goal, begin computing control effort.
[controller_server-7] [INFO] [1791389774.481107952] [controller_server]: Passing new path to controller.
[controller_server-7] [INFO] [1791389775.581120950] [controller_server]: Passing new path to controller.
[controller_server-7] [INFO] [1791389776.581115356] [controller_server]: Passing new path to controller.
[controller_server-7] [INFO] [1791389777.581121482] [controller_server]: Passing new path to controller.
[controller_server-7] [INFO] [1791389778.581119535] [controller_server]: Passing new path to controller.
[controller_server-7] [INFO] [1791389779.681116105] [controller_server]: Passing new path to controller.
[controller_server-7] [INFO] [1791389780.681121225] [controller_server]: Passing new path to controller.
[controller_server-7] [INFO] [1791389781.681115850] [controller_server]: Passing new path to controller.
[controller_server-7] [INFO] [1791389782.781110047] [controller_server]: Passing new path to controller.
[controller_server-7] [INFO] [1791389783.781136556] [controller_server]: Passing new path to controller.
[controller_server-7] [ERROR] [1791389784.381170618] [controller_server]: Failed to make progress
[controller_server-7] [WARN] [1791389784.381279283] [controller_server]: [follow_path] [ActionServer] Aborting handle.
[bt_navigator-11] [WARN] [1791389784.410125986] [bt_navigator]: [navigate_to_pose] [ActionServer] Aborting handle.
[bt_navigator-11] [ERROR] [1791389784.410356897] [bt_navigator]: Goal failed
[python3-5] [WARN] [1791389784.411557588] [coverage_planner]: ⚠️ 航点 1 导航ABORTED，第 2/3 次重试
[python3-5] [INFO] [1791389784.415824854] [coverage_planner]: 🎯 导航到航点 1/40: (0.40, -2.20)
[bt_navigator-11] [INFO] [1791389784.416294933] [bt_navigator]: Begin navigating from current location (-0.08, -0.40) to (0.40, -2.20)
[controller_server-7] [INFO] [1791389784.436734500] [controller_server]: Received a goal, begin computing control effort.
[controller_server-7] [INFO] [1791389785.536914391] [controller_server]: Passing new path to controller.
[controller_server-7] [INFO] [1791389786.536910731] [controller_server]: Passing new path to controller.
[controller_server-7] [INFO] [1791389787.536899492] [controller_server]: Passing new path to controller.
[controller_server-7] [INFO] [1791389788.636920790] [controller_server]: Passing new path to controller.
[controller_server-7] [INFO] [1791389789.636923869] [controller_server]: Passing new path to controller.
[controller_server-7] [INFO] [1791389790.636923257] [controller_server]: Passing new path to controller.
[controller_server-7] [INFO] [1791389791.736918462] [controller_server]: Passing new path to controller.
[controller_server-7] [INFO] [1791389792.736906775] [controller_server]: Passing new path to controller.
[controller_server-7] [INFO] [1791389793.736905275] [controller_server]: Passing new path to controller.
[controller_server-7] [ERROR] [1791389794.536924877] [controller_server]: Failed to make progress
[controller_server-7] [WARN] [1791389794.536985951] [controller_server]: [follow_path] [ActionServer] Aborting handle.
[controller_server-7] [INFO] [1791389794.556612196] [local_costmap.local_costmap]: Received request to clear entirely the local_costmap
[controller_server-7] [INFO] [1791389794.557123465] [controller_server]: Received a goal, begin computing control effort.
[controller_server-7] [WARN] [1791389794.709089501] [controller_server]: Control loop missed its desired rate of 10.0000Hz
[controller_server-7] [INFO] [1791389794.757533482] [controller_server]: Passing new path to controller.
[controller_server-7] [INFO] [1791389795.857346244] [controller_server]: Passing new path to controller.
[controller_server-7] [INFO] [1791389796.857356805] [controller_server]: Passing new path to controller.
[controller_server-7] [INFO] [1791389797.857360296] [controller_server]: Passing new path to controller.
[controller_server-7] [INFO] [1791389798.857354616] [controller_server]: Passing new path to controller.
[controller_server-7] [INFO] [1791389799.957349271] [controller_server]: Passing new path to controller.
[controller_server-7] [INFO] [1791389800.957340861] [controller_server]: Passing new path to controller.
[controller_server-7] [INFO] [1791389801.957348176] [controller_server]: Passing new path to controller.
[controller_server-7] [INFO] [1791389803.057349659] [controller_server]: Passing new path to controller.
[controller_server-7] [INFO] [1791389804.057359758] [controller_server]: Passing new path to controller.
[controller_server-7] [ERROR] [1791389804.757383065] [controller_server]: Failed to make progress
[controller_server-7] [WARN] [1791389804.757457447] [controller_server]: [follow_path] [ActionServer] Aborting handle.
[controller_server-7] [INFO] [1791389804.776542870] [local_costmap.local_costmap]: Received request to clear entirely the local_costmap
[planner_server-9] [INFO] [1791389804.776701765] [global_costmap.global_costmap]: Received request to clear entirely the global_costmap
[planner_server-9] [WARN] [1791389804.977510808] [planner_server]: Planner loop missed its desired rate of 5.0000 Hz. Current loop rate is 2.5000 Hz
[controller_server-7] [INFO] [1791389804.997017538] [controller_server]: Received a goal, begin computing control effort.
[controller_server-7] [INFO] [1791389806.097302969] [controller_server]: Passing new path to controller.
[controller_server-7] [INFO] [1791389807.097301252] [controller_server]: Passing new path to controller.
[controller_server-7] [INFO] [1791389808.097296948] [controller_server]: Passing new path to controller.
[controller_server-7] [INFO] [1791389809.197315467] [controller_server]: Passing new path to controller.
[controller_server-7] [INFO] [1791389810.197301656] [controller_server]: Passing new path to controller.
[controller_server-7] [INFO] [1791389811.197300836] [controller_server]: Passing new path to controller.
[controller_server-7] [INFO] [1791389812.297291362] [controller_server]: Passing new path to controller.
[controller_server-7] [INFO] [1791389813.297293827] [controller_server]: Passing new path to controller.
[controller_server-7] [INFO] [1791389814.297291713] [controller_server]: Passing new path to controller.
[controller_server-7] [ERROR] [1791389815.097360201] [controller_server]: Failed to make progress
[controller_server-7] [WARN] [1791389815.097484195] [controller_server]: [follow_path] [ActionServer] Aborting handle.
[controller_server-7] [INFO] [1791389815.116690931] [local_costmap.local_costmap]: Received request to clear entirely the local_costmap
[controller_server-7] [INFO] [1791389815.117262576] [controller_server]: Received a goal, begin computing control effort.
[controller_server-7] [INFO] [1791389815.307457200] [controller_server]: Passing new path to controller.
[controller_server-7] [WARN] [1791389815.309133428] [controller_server]: Control loop missed its desired rate of 10.0000Hz
[controller_server-7] [INFO] [1791389816.417477179] [controller_server]: Passing new path to controller.
[controller_server-7] [INFO] [1791389817.417473173] [controller_server]: Passing new path to controller.
[controller_server-7] [INFO] [1791389818.417476489] [controller_server]: Passing new path to controller.
[controller_server-7] [INFO] [1791389819.417466543] [controller_server]: Passing new path to controller.
[controller_server-7] [INFO] [1791389820.517497939] [controller_server]: Passing new path to controller.
[controller_server-7] [INFO] [1791389821.517471249] [controller_server]: Passing new path to controller.
[controller_server-7] [INFO] [1791389822.517480753] [controller_server]: Passing new path to controller.
[controller_server-7] [INFO] [1791389823.617565565] [controller_server]: Passing new path to controller.
[controller_server-7] [INFO] [1791389824.617478034] [controller_server]: Passing new path to controller.
[controller_server-7] [ERROR] [1791389825.417565695] [controller_server]: Failed to make progress
[controller_server-7] [WARN] [1791389825.417750140] [controller_server]: [follow_path] [ActionServer] Aborting handle.
[behavior_server-10] [INFO] [1791389825.436894044] [behavior_server]: Running spin
[behavior_server-10] [INFO] [1791389825.437035965] [behavior_server]: Turning 1.57 for spin behavior.
[behavior_server-10] [INFO] [1791389827.537253468] [behavior_server]: spin completed successfully
[controller_server-7] [INFO] [1791389827.587054839] [controller_server]: Received a goal, begin computing control effort.
[controller_server-7] [INFO] [1791389828.687360786] [controller_server]: Passing new path to controller.
[controller_server-7] [INFO] [1791389829.687377240] [controller_server]: Passing new path to controller.
[controller_server-7] [INFO] [1791389830.687375994] [controller_server]: Passing new path to controller.
[controller_server-7] [INFO] [1791389831.787367747] [controller_server]: Passing new path to controller.
[controller_server-7] [INFO] [1791389832.787354470] [controller_server]: Passing new path to controller.
[controller_server-7] [INFO] [1791389833.787359204] [controller_server]: Passing new path to controller.
[controller_server-7] [INFO] [1791389834.887353174] [controller_server]: Passing new path to controller.
[controller_server-7] [INFO] [1791389835.887356022] [controller_server]: Passing new path to controller.
[controller_server-7] [INFO] [1791389836.887358181] [controller_server]: Passing new path to controller.
[controller_server-7] [ERROR] [1791389837.687382354] [controller_server]: Failed to make progress
[controller_server-7] [WARN] [1791389837.687439421] [controller_server]: [follow_path] [ActionServer] Aborting handle.
[controller_server-7] [INFO] [1791389837.706531780] [local_costmap.local_costmap]: Received request to clear entirely the local_costmap
[controller_server-7] [INFO] [1791389837.707020675] [controller_server]: Received a goal, begin computing control effort.
[controller_server-7] [INFO] [1791389837.907219616] [controller_server]: Passing new path to controller.
[controller_server-7] [WARN] [1791389837.908039260] [controller_server]: Control loop missed its desired rate of 10.0000Hz
[controller_server-7] [INFO] [1791389838.917942037] [controller_server]: Passing new path to controller.
[controller_server-7] [INFO] [1791389840.031007965] [controller_server]: Passing new path to controller.
[controller_server-7] [INFO] [1791389841.041605953] [controller_server]: Passing new path to controller.
[controller_server-7] [INFO] [1791389842.055990594] [controller_server]: Passing new path to controller.
[controller_server-7] [INFO] [1791389843.064470487] [controller_server]: Passing new path to controller.
[controller_server-7] [INFO] [1791389844.074584918] [controller_server]: Passing new path to controller.
[controller_server-7] [INFO] [1791389845.183975225] [controller_server]: Passing new path to controller.
[controller_server-7] [INFO] [1791389846.194845419] [controller_server]: Passing new path to controller.
[controller_server-7] [INFO] [1791389847.206685585] [controller_server]: Passing new path to controller.
[controller_server-7] [ERROR] [1791389848.008177654] [controller_server]: Failed to make progress
[controller_server-7] [WARN] [1791389848.008311416] [controller_server]: [follow_path] [ActionServer] Aborting handle.
[behavior_server-10] [INFO] [1791389848.026753665] [behavior_server]: Running wait
[behavior_server-10] [INFO] [1791389850.526961707] [behavior_server]: wait completed successfully
[controller_server-7] [INFO] [1791389850.577021338] [controller_server]: Received a goal, begin computing control effort.
[controller_server-7] [INFO] [1791389851.677309723] [controller_server]: Passing new path to controller.
[controller_server-7] [INFO] [1791389852.677308862] [controller_server]: Passing new path to controller.
[controller_server-7] [INFO] [1791389853.677304539] [controller_server]: Passing new path to controller.
[controller_server-7] [INFO] [1791389854.777298057] [controller_server]: Passing new path to controller.
[controller_server-7] [INFO] [1791389855.777272893] [controller_server]: Passing new path to controller.
[controller_server-7] [INFO] [1791389856.777301539] [controller_server]: Passing new path to controller.
[controller_server-7] [INFO] [1791389857.777302184] [controller_server]: Passing new path to controller.
[controller_server-7] [INFO] [1791389858.877303967] [controller_server]: Passing new path to controller.
[controller_server-7] [INFO] [1791389859.877301580] [controller_server]: Passing new path to controller.
[controller_server-7] [ERROR] [1791389860.677357468] [controller_server]: Failed to make progress
[controller_server-7] [WARN] [1791389860.677480159] [controller_server]: [follow_path] [ActionServer] Aborting handle.
[controller_server-7] [INFO] [1791389860.696577970] [local_costmap.local_costmap]: Received request to clear entirely the local_costmap
[controller_server-7] [INFO] [1791389860.697102500] [controller_server]: Received a goal, begin computing control effort.
[controller_server-7] [INFO] [1791389860.897297960] [controller_server]: Passing new path to controller.
[controller_server-7] [INFO] [1791389861.897295528] [controller_server]: Passing new path to controller.
[controller_server-7] [INFO] [1791389862.997299689] [controller_server]: Passing new path to controller.
[controller_server-7] [INFO] [1791389863.997296447] [controller_server]: Passing new path to controller.
[controller_server-7] [INFO] [1791389864.997296168] [controller_server]: Passing new path to controller.
[controller_server-7] [INFO] [1791389866.097320731] [controller_server]: Passing new path to controller.
[controller_server-7] [INFO] [1791389867.097303908] [controller_server]: Passing new path to controller.
[controller_server-7] [INFO] [1791389868.097312795] [controller_server]: Passing new path to controller.
[controller_server-7] [INFO] [1791389869.197308481] [controller_server]: Passing new path to controller.
[controller_server-7] [INFO] [1791389870.197322166] [controller_server]: Passing new path to controller.
[controller_server-7] [ERROR] [1791389870.797318337] [controller_server]: Failed to make progress
[controller_server-7] [WARN] [1791389870.797366602] [controller_server]: [follow_path] [ActionServer] Aborting handle.
[behavior_server-10] [INFO] [1791389870.816608007] [behavior_server]: Running backup
[behavior_server-10] [INFO] [1791389874.316796646] [behavior_server]: backup completed successfully
[controller_server-7] [INFO] [1791389874.367113886] [controller_server]: Received a goal, begin computing control effort.
[controller_server-7] [INFO] [1791389875.467456820] [controller_server]: Passing new path to controller.
[controller_server-7] [INFO] [1791389876.467458364] [controller_server]: Passing new path to controller.
[controller_server-7] [INFO] [1791389877.467473137] [controller_server]: Passing new path to controller.
[controller_server-7] [INFO] [1791389878.567473634] [controller_server]: Passing new path to controller.
[controller_server-7] [INFO] [1791389879.567469512] [controller_server]: Passing new path to controller.
[controller_server-7] [INFO] [1791389880.567479815] [controller_server]: Passing new path to controller.
[controller_server-7] [INFO] [1791389881.667479608] [controller_server]: Passing new path to controller.
[controller_server-7] [INFO] [1791389882.667478577] [controller_server]: Passing new path to controller.
[controller_server-7] [INFO] [1791389883.667484179] [controller_server]: Passing new path to controller.
[controller_server-7] [ERROR] [1791389884.467543495] [controller_server]: Failed to make progress
[controller_server-7] [WARN] [1791389884.467629783] [controller_server]: [follow_path] [ActionServer] Aborting handle.
[controller_server-7] [INFO] [1791389884.486764721] [local_costmap.local_costmap]: Received request to clear entirely the local_costmap
[controller_server-7] [INFO] [1791389884.487687679] [controller_server]: Received a goal, begin computing control effort.
[controller_server-7] [INFO] [1791389884.688013970] [controller_server]: Passing new path to controller.
[controller_server-7] [INFO] [1791389885.787991831] [controller_server]: Passing new path to controller.
[controller_server-7] [INFO] [1791389886.787989269] [controller_server]: Passing new path to controller.
[controller_server-7] [INFO] [1791389887.788001389] [controller_server]: Passing new path to controller.
[controller_server-7] [INFO] [1791389888.787987818] [controller_server]: Passing new path to controller.
[controller_server-7] [INFO] [1791389889.888009117] [controller_server]: Passing new path to controller.
[controller_server-7] [INFO] [1791389890.888004251] [controller_server]: Passing new path to controller.
[controller_server-7] [INFO] [1791389891.888002051] [controller_server]: Passing new path to controller.
[controller_server-7] [WARN] [1791389892.088993931] [controller_server]: No valid trajectories out of 20! 
[controller_server-7] [WARN] [1791389892.189307978] [controller_server]: No valid trajectories out of 20! 
[controller_server-7] [ERROR] [1791389892.189392427] [controller_server]: Controller patience exceeded
[controller_server-7] [WARN] [1791389892.189495057] [controller_server]: [follow_path] [ActionServer] Aborting handle.
[controller_server-7] [INFO] [1791389892.206770130] [local_costmap.local_costmap]: Received request to clear entirely the local_costmap
[planner_server-9] [INFO] [1791389892.207297625] [global_costmap.global_costmap]: Received request to clear entirely the global_costmap
[planner_server-9] [WARN] [1791389892.979092255] [planner_server]: Planner loop missed its desired rate of 5.0000 Hz. Current loop rate is 0.6250 Hz
[controller_server-7] [INFO] [1791389892.997105694] [controller_server]: Received a goal, begin computing control effort.
[controller_server-7] [WARN] [1791389892.998637529] [controller_server]: No valid trajectories out of 20! 
[controller_server-7] [WARN] [1791389893.099128771] [controller_server]: No valid trajectories out of 20! 
[controller_server-7] [WARN] [1791389893.199323832] [controller_server]: No valid trajectories out of 20! 
[controller_server-7] [ERROR] [1791389893.199423090] [controller_server]: Controller patience exceeded
[controller_server-7] [WARN] [1791389893.199586512] [controller_server]: [follow_path] [ActionServer] Aborting handle.
[controller_server-7] [INFO] [1791389893.216733577] [local_costmap.local_costmap]: Received request to clear entirely the local_costmap
[controller_server-7] [INFO] [1791389893.217629296] [controller_server]: Received a goal, begin computing control effort.
[controller_server-7] [WARN] [1791389893.619231387] [controller_server]: No valid trajectories out of 20! 
[controller_server-7] [WARN] [1791389893.819115766] [controller_server]: No valid trajectories out of 20! 
[controller_server-7] [INFO] [1791389894.117930068] [controller_server]: Passing new path to controller.
[controller_server-7] [WARN] [1791389894.518407179] [controller_server]: No valid trajectories out of 20! 
[controller_server-7] [WARN] [1791389894.618607365] [controller_server]: No valid trajectories out of 20! 
[controller_server-7] [ERROR] [1791389894.618650372] [controller_server]: Controller patience exceeded
[controller_server-7] [WARN] [1791389894.618693571] [controller_server]: [follow_path] [ActionServer] Aborting handle.
[behavior_server-10] [INFO] [1791389894.636749046] [behavior_server]: Running spin
[behavior_server-10] [INFO] [1791389894.636891263] [behavior_server]: Turning 1.57 for spin behavior.
[behavior_server-10] [WARN] [1791389894.737188533] [behavior_server]: Collision Ahead - Exiting Spin
[behavior_server-10] [WARN] [1791389894.737251258] [behavior_server]: spin failed
[behavior_server-10] [WARN] [1791389894.737279650] [behavior_server]: [spin] [ActionServer] Aborting handle.
[behavior_server-10] [INFO] [1791389894.766548356] [behavior_server]: Running wait
[behavior_server-10] [INFO] [1791389897.266708645] [behavior_server]: wait completed successfully
[controller_server-7] [INFO] [1791389897.316708517] [controller_server]: Received a goal, begin computing control effort.
[controller_server-7] [WARN] [1791389897.617814535] [controller_server]: No valid trajectories out of 20! 
[controller_server-7] [INFO] [1791389898.416898005] [controller_server]: Passing new path to controller.
[controller_server-7] [WARN] [1791389898.817463216] [controller_server]: No valid trajectories out of 20! 
[controller_server-7] [INFO] [1791389899.416906632] [controller_server]: Passing new path to controller.
[controller_server-7] [INFO] [1791389900.416903652] [controller_server]: Passing new path to controller.
[controller_server-7] [INFO] [1791389901.516907987] [controller_server]: Passing new path to controller.
[controller_server-7] [WARN] [1791389902.117999072] [controller_server]: No valid trajectories out of 20! 
[controller_server-7] [INFO] [1791389902.516908340] [controller_server]: Passing new path to controller.
[controller_server-7] [INFO] [1791389903.516896631] [controller_server]: Passing new path to controller.
[controller_server-7] [INFO] [1791389904.616916688] [controller_server]: Passing new path to controller.
[controller_server-7] [INFO] [1791389905.616909599] [controller_server]: Passing new path to controller.
[controller_server-7] [INFO] [1791389906.616902763] [controller_server]: Passing new path to controller.
[controller_server-7] [INFO] [1791389907.616903515] [controller_server]: Passing new path to controller.
[controller_server-7] [INFO] [1791389908.716907378] [controller_server]: Passing new path to controller.
[controller_server-7] [INFO] [1791389909.716907479] [controller_server]: Passing new path to controller.
[controller_server-7] [ERROR] [1791389910.616977624] [controller_server]: Failed to make progress
[controller_server-7] [WARN] [1791389910.617105552] [controller_server]: [follow_path] [ActionServer] Aborting handle.
[controller_server-7] [INFO] [1791389910.636705419] [local_costmap.local_costmap]: Received request to clear entirely the local_costmap
[controller_server-7] [INFO] [1791389910.637653604] [controller_server]: Received a goal, begin computing control effort.
[controller_server-7] [INFO] [1791389910.707961968] [controller_server]: Passing new path to controller.
[controller_server-7] [INFO] [1791389911.737973611] [controller_server]: Passing new path to controller.
[controller_server-7] [INFO] [1791389912.837964823] [controller_server]: Passing new path to controller.
[planner_server-9] [INFO] [1791389912.967369035] [global_costmap.global_costmap]: StaticLayer: Resizing costmap to 218 X 218 at 0.050000 m/pix
[controller_server-7] [INFO] [1791389913.837969446] [controller_server]: Passing new path to controller.
[controller_server-7] [INFO] [1791389914.837957225] [controller_server]: Passing new path to controller.
[controller_server-7] [INFO] [1791389915.937958535] [controller_server]: Passing new path to controller.
[controller_server-7] [INFO] [1791389916.938176547] [controller_server]: Passing new path to controller.
[controller_server-7] [INFO] [1791389917.937989505] [controller_server]: Passing new path to controller.
[controller_server-7] [INFO] [1791389919.037984481] [controller_server]: Passing new path to controller.
[controller_server-7] [INFO] [1791389920.037994747] [controller_server]: Passing new path to controller.
[controller_server-7] [ERROR] [1791389920.738034815] [controller_server]: Failed to make progress
[controller_server-7] [WARN] [1791389920.738126730] [controller_server]: [follow_path] [ActionServer] Aborting handle.
[bt_navigator-11] [WARN] [1791389920.766417715] [bt_navigator]: [navigate_to_pose] [ActionServer] Aborting handle.
[bt_navigator-11] [ERROR] [1791389920.766481585] [bt_navigator]: Goal failed
[python3-5] [WARN] [1791389920.767076918] [coverage_planner]: 🚨 航点 1 失败 3 次(ABORTED)，跳过
[python3-5] [INFO] [1791389920.784390758] [coverage_planner]: 🎯 导航到航点 2/40: (-1.10, -2.20)
[bt_navigator-11] [INFO] [1791389920.784749833] [bt_navigator]: Begin navigating from current location (-1.01, -2.71) to (-1.10, -2.20)
[controller_server-7] [INFO] [1791389920.805063521] [controller_server]: Received a goal, begin computing control effort.
[controller_server-7] [INFO] [1791389921.905228075] [controller_server]: Passing new path to controller.
[controller_server-7] [INFO] [1791389922.905226639] [controller_server]: Passing new path to controller.
[controller_server-7] [INFO] [1791389923.905233006] [controller_server]: Passing new path to controller.
[controller_server-7] [INFO] [1791389925.005229631] [controller_server]: Passing new path to controller.
[controller_server-7] [INFO] [1791389926.005240795] [controller_server]: Passing new path to controller.
[controller_server-7] [INFO] [1791389927.005239059] [controller_server]: Passing new path to controller.
[controller_server-7] [INFO] [1791389928.105221701] [controller_server]: Passing new path to controller.
[controller_server-7] [INFO] [1791389929.105236197] [controller_server]: Passing new path to controller.
[controller_server-7] [INFO] [1791389930.105222465] [controller_server]: Passing new path to controller.
[controller_server-7] [ERROR] [1791389930.905305321] [controller_server]: Failed to make progress
[controller_server-7] [WARN] [1791389930.905435238] [controller_server]: [follow_path] [ActionServer] Aborting handle.
[controller_server-7] [INFO] [1791389930.925159615] [local_costmap.local_costmap]: Received request to clear entirely the local_costmap
[controller_server-7] [INFO] [1791389930.926040270] [controller_server]: Received a goal, begin computing control effort.
[controller_server-7] [INFO] [1791389931.106330182] [controller_server]: Passing new path to controller.
[controller_server-7] [WARN] [1791389931.108152737] [controller_server]: Control loop missed its desired rate of 10.0000Hz
[controller_server-7] [INFO] [1791389932.226329223] [controller_server]: Passing new path to controller.
[controller_server-7] [INFO] [1791389933.226328039] [controller_server]: Passing new path to controller.
[controller_server-7] [INFO] [1791389934.226325357] [controller_server]: Passing new path to controller.
[controller_server-7] [INFO] [1791389935.226326456] [controller_server]: Passing new path to controller.
[controller_server-7] [INFO] [1791389936.326319227] [controller_server]: Passing new path to controller.
[controller_server-7] [INFO] [1791389937.326335701] [controller_server]: Passing new path to controller.
[controller_server-7] [INFO] [1791389938.326316238] [controller_server]: Passing new path to controller.
[planner_server-9] [INFO] [1791389938.967359920] [global_costmap.global_costmap]: StaticLayer: Resizing costmap to 218 X 218 at 0.050000 m/pix
[controller_server-7] [INFO] [1791389939.426323047] [controller_server]: Passing new path to controller.
[controller_server-7] [INFO] [1791389940.426316498] [controller_server]: Passing new path to controller.
[controller_server-7] [ERROR] [1791389941.226408462] [controller_server]: Failed to make progress
[controller_server-7] [WARN] [1791389941.226583657] [controller_server]: [follow_path] [ActionServer] Aborting handle.
[behavior_server-10] [INFO] [1791389941.245205735] [behavior_server]: Running backup
[behavior_server-10] [INFO] [1791389945.045468151] [behavior_server]: backup completed successfully
[controller_server-7] [INFO] [1791389945.095321005] [controller_server]: Received a goal, begin computing control effort.
[controller_server-7] [INFO] [1791389946.195585615] [controller_server]: Passing new path to controller.
[planner_server-9] [INFO] [1791389946.967354989] [global_costmap.global_costmap]: StaticLayer: Resizing costmap to 218 X 218 at 0.050000 m/pix
[controller_server-7] [INFO] [1791389947.195580846] [controller_server]: Passing new path to controller.
[controller_server-7] [INFO] [1791389948.195587398] [controller_server]: Passing new path to controller.
[controller_server-7] [INFO] [1791389949.295577741] [controller_server]: Passing new path to controller.
[controller_server-7] [INFO] [1791389950.295583774] [controller_server]: Passing new path to controller.
[controller_server-7] [INFO] [1791389951.295593042] [controller_server]: Passing new path to controller.
[controller_server-7] [INFO] [1791389952.395581054] [controller_server]: Passing new path to controller.
[controller_server-7] [INFO] [1791389953.395588676] [controller_server]: Passing new path to controller.
[controller_server-7] [INFO] [1791389954.395583945] [controller_server]: Passing new path to controller.
[controller_server-7] [ERROR] [1791389955.195670439] [controller_server]: Failed to make progress
[controller_server-7] [WARN] [1791389955.195875415] [controller_server]: [follow_path] [ActionServer] Aborting handle.
[controller_server-7] [INFO] [1791389955.215056816] [local_costmap.local_costmap]: Received request to clear entirely the local_costmap
[controller_server-7] [INFO] [1791389955.215760990] [controller_server]: Received a goal, begin computing control effort.
[controller_server-7] [INFO] [1791389955.416006880] [controller_server]: Passing new path to controller.
[controller_server-7] [INFO] [1791389956.516004255] [controller_server]: Passing new path to controller.
[controller_server-7] [INFO] [1791389957.515988277] [controller_server]: Passing new path to controller.
[controller_server-7] [INFO] [1791389958.515989203] [controller_server]: Passing new path to controller.
[controller_server-7] [INFO] [1791389959.516012942] [controller_server]: Passing new path to controller.
[controller_server-7] [INFO] [1791389960.616001169] [controller_server]: Passing new path to controller.
[controller_server-7] [INFO] [1791389961.615997035] [controller_server]: Passing new path to controller.
[controller_server-7] [INFO] [1791389962.616002713] [controller_server]: Passing new path to controller.
[controller_server-7] [INFO] [1791389963.716012824] [controller_server]: Passing new path to controller.
[controller_server-7] [INFO] [1791389964.715989683] [controller_server]: Passing new path to controller.
[controller_server-7] [ERROR] [1791389965.416054744] [controller_server]: Failed to make progress
[controller_server-7] [WARN] [1791389965.416182669] [controller_server]: [follow_path] [ActionServer] Aborting handle.
[controller_server-7] [INFO] [1791389965.435287633] [local_costmap.local_costmap]: Received request to clear entirely the local_costmap
[planner_server-9] [INFO] [1791389965.435843305] [global_costmap.global_costmap]: Received request to clear entirely the global_costmap
[planner_server-9] [WARN] [1791389965.977157323] [planner_server]: Planner loop missed its desired rate of 5.0000 Hz. Current loop rate is 0.9091 Hz
[controller_server-7] [INFO] [1791389965.995257691] [controller_server]: Received a goal, begin computing control effort.
[controller_server-7] [INFO] [1791389967.095458856] [controller_server]: Passing new path to controller.
[controller_server-7] [INFO] [1791389968.095453612] [controller_server]: Passing new path to controller.
[controller_server-7] [INFO] [1791389969.095454074] [controller_server]: Passing new path to controller.
[controller_server-7] [INFO] [1791389970.195471350] [controller_server]: Passing new path to controller.
[controller_server-7] [INFO] [1791389971.195454741] [controller_server]: Passing new path to controller.
[controller_server-7] [INFO] [1791389972.195467230] [controller_server]: Passing new path to controller.
[controller_server-7] [INFO] [1791389973.295484472] [controller_server]: Passing new path to controller.
[controller_server-7] [INFO] [1791389974.295485414] [controller_server]: Passing new path to controller.
[controller_server-7] [INFO] [1791389975.295474282] [controller_server]: Passing new path to controller.
[controller_server-7] [ERROR] [1791389976.095486587] [controller_server]: Failed to make progress
[controller_server-7] [WARN] [1791389976.095556223] [controller_server]: [follow_path] [ActionServer] Aborting handle.
[controller_server-7] [INFO] [1791389976.114970008] [local_costmap.local_costmap]: Received request to clear entirely the local_costmap
[controller_server-7] [INFO] [1791389976.115401834] [controller_server]: Received a goal, begin computing control effort.
[controller_server-7] [INFO] [1791389976.305571415] [controller_server]: Passing new path to controller.
[controller_server-7] [WARN] [1791389976.306011693] [controller_server]: Control loop missed its desired rate of 10.0000Hz
[controller_server-7] [INFO] [1791389977.415588376] [controller_server]: Passing new path to controller.
[controller_server-7] [INFO] [1791389978.415575019] [controller_server]: Passing new path to controller.
[planner_server-9] [INFO] [1791389978.967402201] [global_costmap.global_costmap]: StaticLayer: Resizing costmap to 218 X 218 at 0.050000 m/pix
[controller_server-7] [INFO] [1791389979.415612080] [controller_server]: Passing new path to controller.
[controller_server-7] [INFO] [1791389980.415597100] [controller_server]: Passing new path to controller.
[controller_server-7] [INFO] [1791389981.515586004] [controller_server]: Passing new path to controller.
[controller_server-7] [INFO] [1791389982.515602130] [controller_server]: Passing new path to controller.
[controller_server-7] [INFO] [1791389983.515577790] [controller_server]: Passing new path to controller.
[controller_server-7] [INFO] [1791389984.615579735] [controller_server]: Passing new path to controller.
[controller_server-7] [INFO] [1791389985.615580442] [controller_server]: Passing new path to controller.
[controller_server-7] [ERROR] [1791389986.415625126] [controller_server]: Failed to make progress
[controller_server-7] [WARN] [1791389986.415722329] [controller_server]: [follow_path] [ActionServer] Aborting handle.
[behavior_server-10] [INFO] [1791389986.435009155] [behavior_server]: Running spin
[behavior_server-10] [INFO] [1791389986.435072848] [behavior_server]: Turning 1.57 for spin behavior.
[behavior_server-10] [INFO] [1791389988.735294874] [behavior_server]: spin completed successfully
[controller_server-7] [INFO] [1791389988.785093984] [controller_server]: Received a goal, begin computing control effort.
[controller_server-7] [INFO] [1791389989.885257372] [controller_server]: Passing new path to controller.
[controller_server-7] [INFO] [1791389990.885267004] [controller_server]: Passing new path to controller.
[controller_server-7] [INFO] [1791389991.885275093] [controller_server]: Passing new path to controller.
[controller_server-7] [INFO] [1791389992.985255600] [controller_server]: Passing new path to controller.
[controller_server-7] [INFO] [1791389993.985268431] [controller_server]: Passing new path to controller.
[controller_server-7] [INFO] [1791389994.985261544] [controller_server]: Passing new path to controller.
[controller_server-7] [INFO] [1791389996.085262399] [controller_server]: Passing new path to controller.
[controller_server-7] [INFO] [1791389997.085257592] [controller_server]: Passing new path to controller.
[controller_server-7] [INFO] [1791389998.085273049] [controller_server]: Passing new path to controller.
[controller_server-7] [ERROR] [1791389998.885325504] [controller_server]: Failed to make progress
[controller_server-7] [WARN] [1791389998.885460655] [controller_server]: [follow_path] [ActionServer] Aborting handle.
[controller_server-7] [INFO] [1791389998.905110134] [local_costmap.local_costmap]: Received request to clear entirely the local_costmap
[controller_server-7] [INFO] [1791389998.906021407] [controller_server]: Received a goal, begin computing control effort.
[controller_server-7] [INFO] [1791389999.106292385] [controller_server]: Passing new path to controller.
[controller_server-7] [WARN] [1791389999.106984706] [controller_server]: Control loop missed its desired rate of 10.0000Hz
[controller_server-7] [INFO] [1791390000.116008816] [controller_server]: Passing new path to controller.
[controller_server-7] [INFO] [1791390001.222921623] [controller_server]: Passing new path to controller.
[controller_server-7] [INFO] [1791390002.231635718] [controller_server]: Passing new path to controller.
[controller_server-7] [INFO] [1791390003.243373339] [controller_server]: Passing new path to controller.
[controller_server-7] [INFO] [1791390004.252152696] [controller_server]: Passing new path to controller.
[controller_server-7] [INFO] [1791390005.362800764] [controller_server]: Passing new path to controller.
[controller_server-7] [INFO] [1791390006.373596726] [controller_server]: Passing new path to controller.
[controller_server-7] [INFO] [1791390007.382788189] [controller_server]: Passing new path to controller.
[controller_server-7] [INFO] [1791390008.394624697] [controller_server]: Passing new path to controller.
[controller_server-7] [ERROR] [1791390009.202094576] [controller_server]: Failed to make progress
[controller_server-7] [WARN] [1791390009.202239568] [controller_server]: [follow_path] [ActionServer] Aborting handle.
[behavior_server-10] [INFO] [1791390009.215195892] [behavior_server]: Running wait
[behavior_server-10] [INFO] [1791390011.715439230] [behavior_server]: wait completed successfully
[controller_server-7] [INFO] [1791390011.765200805] [controller_server]: Received a goal, begin computing control effort.
[controller_server-7] [INFO] [1791390012.865464990] [controller_server]: Passing new path to controller.
[controller_server-7] [INFO] [1791390013.865455819] [controller_server]: Passing new path to controller.
[controller_server-7] [INFO] [1791390014.865477295] [controller_server]: Passing new path to controller.
[controller_server-7] [INFO] [1791390015.965455229] [controller_server]: Passing new path to controller.
[controller_server-7] [INFO] [1791390016.965455522] [controller_server]: Passing new path to controller.
[controller_server-7] [INFO] [1791390017.965472426] [controller_server]: Passing new path to controller.
[controller_server-7] [INFO] [1791390019.065455320] [controller_server]: Passing new path to controller.
[controller_server-7] [INFO] [1791390020.065455238] [controller_server]: Passing new path to controller.
[controller_server-7] [INFO] [1791390021.065458550] [controller_server]: Passing new path to controller.
[controller_server-7] [ERROR] [1791390021.865536023] [controller_server]: Failed to make progress
[controller_server-7] [WARN] [1791390021.865632592] [controller_server]: [follow_path] [ActionServer] Aborting handle.
[controller_server-7] [INFO] [1791390021.885060413] [local_costmap.local_costmap]: Received request to clear entirely the local_costmap
[controller_server-7] [INFO] [1791390021.885832318] [controller_server]: Received a goal, begin computing control effort.
[controller_server-7] [INFO] [1791390022.086145496] [controller_server]: Passing new path to controller.
[controller_server-7] [INFO] [1791390023.186130957] [controller_server]: Passing new path to controller.
[controller_server-7] [INFO] [1791390024.186137520] [controller_server]: Passing new path to controller.
[controller_server-7] [INFO] [1791390025.186137668] [controller_server]: Passing new path to controller.
[controller_server-7] [INFO] [1791390026.186138439] [controller_server]: Passing new path to controller.
[controller_server-7] [INFO] [1791390027.286142296] [controller_server]: Passing new path to controller.
[controller_server-7] [INFO] [1791390028.286149528] [controller_server]: Passing new path to controller.
[controller_server-7] [INFO] [1791390029.286148512] [controller_server]: Passing new path to controller.
[controller_server-7] [INFO] [1791390030.386144004] [controller_server]: Passing new path to controller.
[controller_server-7] [INFO] [1791390031.386139423] [controller_server]: Passing new path to controller.
[controller_server-7] [ERROR] [1791390031.986209252] [controller_server]: Failed to make progress
[controller_server-7] [WARN] [1791390031.986357957] [controller_server]: [follow_path] [ActionServer] Aborting handle.
[behavior_server-10] [INFO] [1791390032.005370154] [behavior_server]: Running backup
[behavior_server-10] [INFO] [1791390036.005712439] [behavior_server]: backup completed successfully
[controller_server-7] [INFO] [1791390036.055408793] [controller_server]: Received a goal, begin computing control effort.
[controller_server-7] [INFO] [1791390037.155685505] [controller_server]: Passing new path to controller.
[controller_server-7] [INFO] [1791390038.155702651] [controller_server]: Passing new path to controller.
[controller_server-7] [INFO] [1791390039.155682229] [controller_server]: Passing new path to controller.
[controller_server-7] [INFO] [1791390040.255691288] [controller_server]: Passing new path to controller.
[controller_server-7] [INFO] [1791390041.255683057] [controller_server]: Passing new path to controller.
[controller_server-7] [INFO] [1791390042.255693421] [controller_server]: Passing new path to controller.
[controller_server-7] [INFO] [1791390043.355700988] [controller_server]: Passing new path to controller.
[controller_server-7] [INFO] [1791390044.355730227] [controller_server]: Passing new path to controller.
[controller_server-7] [INFO] [1791390045.355700118] [controller_server]: Passing new path to controller.
[controller_server-7] [ERROR] [1791390046.155856585] [controller_server]: Failed to make progress
[controller_server-7] [WARN] [1791390046.155945533] [controller_server]: [follow_path] [ActionServer] Aborting handle.
[controller_server-7] [INFO] [1791390046.174942911] [local_costmap.local_costmap]: Received request to clear entirely the local_costmap
[controller_server-7] [INFO] [1791390046.175274647] [controller_server]: Received a goal, begin computing control effort.
[controller_server-7] [WARN] [1791390046.306060772] [controller_server]: Control loop missed its desired rate of 10.0000Hz
[controller_server-7] [INFO] [1791390046.375431019] [controller_server]: Passing new path to controller.
[controller_server-7] [INFO] [1791390047.475439634] [controller_server]: Passing new path to controller.
[controller_server-7] [INFO] [1791390048.475427531] [controller_server]: Passing new path to controller.
[controller_server-7] [INFO] [1791390049.475457323] [controller_server]: Passing new path to controller.
[controller_server-7] [INFO] [1791390050.475449985] [controller_server]: Passing new path to controller.
[controller_server-7] [INFO] [1791390051.575422497] [controller_server]: Passing new path to controller.
[controller_server-7] [INFO] [1791390052.575423834] [controller_server]: Passing new path to controller.
[controller_server-7] [INFO] [1791390053.575440981] [controller_server]: Passing new path to controller.
[controller_server-7] [INFO] [1791390054.675428670] [controller_server]: Passing new path to controller.
[controller_server-7] [INFO] [1791390055.675427578] [controller_server]: Passing new path to controller.
[controller_server-7] [ERROR] [1791390056.375538471] [controller_server]: Failed to make progress
[controller_server-7] [WARN] [1791390056.375691124] [controller_server]: [follow_path] [ActionServer] Aborting handle.
[controller_server-7] [INFO] [1791390056.395140312] [local_costmap.local_costmap]: Received request to clear entirely the local_costmap
[planner_server-9] [INFO] [1791390056.395710588] [global_costmap.global_costmap]: Received request to clear entirely the global_costmap
[planner_server-9] [WARN] [1791390056.977045694] [planner_server]: Planner loop missed its desired rate of 5.0000 Hz. Current loop rate is 0.8333 Hz
[controller_server-7] [INFO] [1791390056.995190139] [controller_server]: Received a goal, begin computing control effort.
[controller_server-7] [INFO] [1791390058.095385985] [controller_server]: Passing new path to controller.
[controller_server-7] [INFO] [1791390059.095377351] [controller_server]: Passing new path to controller.
[controller_server-7] [INFO] [1791390060.095358839] [controller_server]: Passing new path to controller.
[controller_server-7] [INFO] [1791390061.195373038] [controller_server]: Passing new path to controller.
[controller_server-7] [INFO] [1791390062.195352898] [controller_server]: Passing new path to controller.
[controller_server-7] [INFO] [1791390063.195353814] [controller_server]: Passing new path to controller.
[controller_server-7] [INFO] [1791390064.295370837] [controller_server]: Passing new path to controller.
[controller_server-7] [INFO] [1791390065.295361944] [controller_server]: Passing new path to controller.
[controller_server-7] [INFO] [1791390066.295372378] [controller_server]: Passing new path to controller.
[controller_server-7] [ERROR] [1791390067.095399689] [controller_server]: Failed to make progress
[controller_server-7] [WARN] [1791390067.095496370] [controller_server]: [follow_path] [ActionServer] Aborting handle.
[controller_server-7] [INFO] [1791390067.115124924] [local_costmap.local_costmap]: Received request to clear entirely the local_costmap
[controller_server-7] [INFO] [1791390067.115778269] [controller_server]: Received a goal, begin computing control effort.
[controller_server-7] [INFO] [1791390067.306024962] [controller_server]: Passing new path to controller.
[controller_server-7] [WARN] [1791390067.308114640] [controller_server]: Control loop missed its desired rate of 10.0000Hz
[controller_server-7] [INFO] [1791390068.416013934] [controller_server]: Passing new path to controller.
[controller_server-7] [INFO] [1791390069.416032810] [controller_server]: Passing new path to controller.
[controller_server-7] [INFO] [1791390070.416022954] [controller_server]: Passing new path to controller.
[controller_server-7] [INFO] [1791390071.416029341] [controller_server]: Passing new path to controller.
[controller_server-7] [INFO] [1791390072.516048904] [controller_server]: Passing new path to controller.
[controller_server-7] [INFO] [1791390073.516041170] [controller_server]: Passing new path to controller.
[controller_server-7] [INFO] [1791390074.516028270] [controller_server]: Passing new path to controller.
[controller_server-7] [INFO] [1791390075.616021918] [controller_server]: Passing new path to controller.
[controller_server-7] [INFO] [1791390076.616023059] [controller_server]: Passing new path to controller.
[controller_server-7] [ERROR] [1791390077.316049677] [controller_server]: Failed to make progress
[controller_server-7] [WARN] [1791390077.316141734] [controller_server]: [follow_path] [ActionServer] Aborting handle.
[bt_navigator-11] [WARN] [1791390077.344874762] [bt_navigator]: [navigate_to_pose] [ActionServer] Aborting handle.
[bt_navigator-11] [ERROR] [1791390077.345046477] [bt_navigator]: Goal failed
[python3-5] [WARN] [1791390077.348081864] [coverage_planner]: ⚠️ 航点 2 导航ABORTED，第 1/3 次重试
[python3-5] [INFO] [1791390077.368392043] [coverage_planner]: 🎯 导航到航点 2/40: (-1.10, -2.20)
[bt_navigator-11] [INFO] [1791390077.369248775] [bt_navigator]: Begin navigating from current location (-1.20, -1.45) to (-1.10, -2.20)
[controller_server-7] [INFO] [1791390077.389943175] [controller_server]: Received a goal, begin computing control effort.
[controller_server-7] [INFO] [1791390078.490247134] [controller_server]: Passing new path to controller.
[controller_server-7] [INFO] [1791390079.490216394] [controller_server]: Passing new path to controller.
[controller_server-7] [INFO] [1791390080.490225400] [controller_server]: Passing new path to controller.
[controller_server-7] [INFO] [1791390081.590219254] [controller_server]: Passing new path to controller.
[controller_server-7] [INFO] [1791390082.590216274] [controller_server]: Passing new path to controller.
[controller_server-7] [INFO] [1791390083.590216397] [controller_server]: Passing new path to controller.
[controller_server-7] [INFO] [1791390084.690205124] [controller_server]: Passing new path to controller.
[controller_server-7] [INFO] [1791390085.690344371] [controller_server]: Passing new path to controller.
[controller_server-7] [INFO] [1791390086.690207046] [controller_server]: Passing new path to controller.
[controller_server-7] [ERROR] [1791390087.490283749] [controller_server]: Failed to make progress
[controller_server-7] [WARN] [1791390087.490424749] [controller_server]: [follow_path] [ActionServer] Aborting handle.
[controller_server-7] [INFO] [1791390087.509582007] [local_costmap.local_costmap]: Received request to clear entirely the local_costmap
[controller_server-7] [INFO] [1791390087.510259819] [controller_server]: Received a goal, begin computing control effort.
[controller_server-7] [INFO] [1791390087.710462087] [controller_server]: Passing new path to controller.
[controller_server-7] [WARN] [1791390087.711363204] [controller_server]: Control loop missed its desired rate of 10.0000Hz
[controller_server-7] [INFO] [1791390088.722256067] [controller_server]: Passing new path to controller.
[controller_server-7] [INFO] [1791390089.834793490] [controller_server]: Passing new path to controller.
[controller_server-7] [INFO] [1791390090.843366793] [controller_server]: Passing new path to controller.
[controller_server-7] [INFO] [1791390091.852880632] [controller_server]: Passing new path to controller.
[controller_server-7] [INFO] [1791390092.861824663] [controller_server]: Passing new path to controller.
[controller_server-7] [INFO] [1791390093.872040743] [controller_server]: Passing new path to controller.
[controller_server-7] [INFO] [1791390094.980169887] [controller_server]: Passing new path to controller.
[controller_server-7] [INFO] [1791390095.988695736] [controller_server]: Passing new path to controller.
[controller_server-7] [INFO] [1791390096.997429882] [controller_server]: Passing new path to controller.
[controller_server-7] [ERROR] [1791390097.805015594] [controller_server]: Failed to make progress
[controller_server-7] [WARN] [1791390097.805214657] [controller_server]: [follow_path] [ActionServer] Aborting handle.
[behavior_server-10] [INFO] [1791390097.819963692] [behavior_server]: Running spin
[behavior_server-10] [INFO] [1791390097.820145267] [behavior_server]: Turning 1.57 for spin behavior.
[behavior_server-10] [INFO] [1791390100.320292094] [behavior_server]: spin completed successfully
[controller_server-7] [INFO] [1791390100.370065398] [controller_server]: Received a goal, begin computing control effort.
[controller_server-7] [INFO] [1791390101.470364576] [controller_server]: Passing new path to controller.
[controller_server-7] [INFO] [1791390102.470359978] [controller_server]: Passing new path to controller.
[controller_server-7] [INFO] [1791390103.470366592] [controller_server]: Passing new path to controller.
[controller_server-7] [INFO] [1791390104.570362151] [controller_server]: Passing new path to controller.
[controller_server-7] [INFO] [1791390105.570371866] [controller_server]: Passing new path to controller.
[controller_server-7] [INFO] [1791390106.570364932] [controller_server]: Passing new path to controller.
[controller_server-7] [INFO] [1791390107.670366100] [controller_server]: Passing new path to controller.
[controller_server-7] [INFO] [1791390108.670364435] [controller_server]: Passing new path to controller.
[controller_server-7] [INFO] [1791390109.670377908] [controller_server]: Passing new path to controller.
[controller_server-7] [ERROR] [1791390110.470425995] [controller_server]: Failed to make progress
[controller_server-7] [WARN] [1791390110.470567465] [controller_server]: [follow_path] [ActionServer] Aborting handle.
[controller_server-7] [INFO] [1791390110.489526698] [local_costmap.local_costmap]: Received request to clear entirely the local_costmap
[controller_server-7] [INFO] [1791390110.489880942] [controller_server]: Received a goal, begin computing control effort.
[controller_server-7] [INFO] [1791390110.690048353] [controller_server]: Passing new path to controller.
[controller_server-7] [INFO] [1791390111.790047670] [controller_server]: Passing new path to controller.
[controller_server-7] [INFO] [1791390112.790045743] [controller_server]: Passing new path to controller.
[controller_server-7] [INFO] [1791390113.790055478] [controller_server]: Passing new path to controller.
[controller_server-7] [INFO] [1791390114.790055960] [controller_server]: Passing new path to controller.
[controller_server-7] [INFO] [1791390115.890036831] [controller_server]: Passing new path to controller.
[controller_server-7] [INFO] [1791390116.890046886] [controller_server]: Passing new path to controller.
[controller_server-7] [INFO] [1791390117.890037418] [controller_server]: Passing new path to controller.
[controller_server-7] [INFO] [1791390118.990049390] [controller_server]: Passing new path to controller.
[controller_server-7] [INFO] [1791390119.990059472] [controller_server]: Passing new path to controller.
[controller_server-7] [ERROR] [1791390120.590140980] [controller_server]: Failed to make progress
[controller_server-7] [WARN] [1791390120.590349573] [controller_server]: [follow_path] [ActionServer] Aborting handle.
[behavior_server-10] [INFO] [1791390120.609971368] [behavior_server]: Running wait
[behavior_server-10] [INFO] [1791390123.110240028] [behavior_server]: wait completed successfully
[controller_server-7] [INFO] [1791390123.160062871] [controller_server]: Received a goal, begin computing control effort.
[controller_server-7] [INFO] [1791390124.260304795] [controller_server]: Passing new path to controller.
[controller_server-7] [INFO] [1791390125.260441659] [controller_server]: Passing new path to controller.
[controller_server-7] [INFO] [1791390126.260359711] [controller_server]: Passing new path to controller.
[controller_server-7] [INFO] [1791390127.360364383] [controller_server]: Passing new path to controller.
[controller_server-7] [INFO] [1791390128.360356347] [controller_server]: Passing new path to controller.
[controller_server-7] [INFO] [1791390129.360360546] [controller_server]: Passing new path to controller.
[controller_server-7] [INFO] [1791390130.360358823] [controller_server]: Passing new path to controller.
[controller_server-7] [INFO] [1791390131.460361915] [controller_server]: Passing new path to controller.
[controller_server-7] [INFO] [1791390132.460430442] [controller_server]: Passing new path to controller.
[controller_server-7] [ERROR] [1791390133.260431184] [controller_server]: Failed to make progress
[controller_server-7] [WARN] [1791390133.260623276] [controller_server]: [follow_path] [ActionServer] Aborting handle.
[controller_server-7] [INFO] [1791390133.279731227] [local_costmap.local_costmap]: Received request to clear entirely the local_costmap
[controller_server-7] [INFO] [1791390133.280509455] [controller_server]: Received a goal, begin computing control effort.
[controller_server-7] [INFO] [1791390133.480776321] [controller_server]: Passing new path to controller.
[controller_server-7] [INFO] [1791390134.480877323] [controller_server]: Passing new path to controller.
[controller_server-7] [INFO] [1791390135.580775194] [controller_server]: Passing new path to controller.
[controller_server-7] [INFO] [1791390136.580783226] [controller_server]: Passing new path to controller.
[controller_server-7] [INFO] [1791390137.580778811] [controller_server]: Passing new path to controller.
[controller_server-7] [INFO] [1791390138.580776101] [controller_server]: Passing new path to controller.
[controller_server-7] [INFO] [1791390139.680784314] [controller_server]: Passing new path to controller.
[controller_server-7] [INFO] [1791390140.680784462] [controller_server]: Passing new path to controller.
[controller_server-7] [INFO] [1791390141.680774922] [controller_server]: Passing new path to controller.
[controller_server-7] [INFO] [1791390142.780780595] [controller_server]: Passing new path to controller.
[controller_server-7] [ERROR] [1791390143.380965751] [controller_server]: Failed to make progress
[controller_server-7] [WARN] [1791390143.381137079] [controller_server]: [follow_path] [ActionServer] Aborting handle.
[behavior_server-10] [INFO] [1791390143.399986774] [behavior_server]: Running backup
[behavior_server-10] [INFO] [1791390146.800326642] [behavior_server]: backup completed successfully
[controller_server-7] [INFO] [1791390146.850186991] [controller_server]: Received a goal, begin computing control effort.
[controller_server-7] [INFO] [1791390147.950477604] [controller_server]: Passing new path to controller.
[controller_server-7] [INFO] [1791390148.950541514] [controller_server]: Passing new path to controller.
[controller_server-7] [INFO] [1791390149.950494300] [controller_server]: Passing new path to controller.
[controller_server-7] [INFO] [1791390151.050469196] [controller_server]: Passing new path to controller.
[controller_server-7] [INFO] [1791390152.050578393] [controller_server]: Passing new path to controller.
[controller_server-7] [INFO] [1791390153.050451525] [controller_server]: Passing new path to controller.
[controller_server-7] [INFO] [1791390154.150451760] [controller_server]: Passing new path to controller.
[controller_server-7] [INFO] [1791390155.150451270] [controller_server]: Passing new path to controller.
[controller_server-7] [INFO] [1791390156.150451173] [controller_server]: Passing new path to controller.
[controller_server-7] [ERROR] [1791390156.950544136] [controller_server]: Failed to make progress
[controller_server-7] [WARN] [1791390156.950600800] [controller_server]: [follow_path] [ActionServer] Aborting handle.
[controller_server-7] [INFO] [1791390156.969593900] [local_costmap.local_costmap]: Received request to clear entirely the local_costmap
[controller_server-7] [INFO] [1791390156.970095670] [controller_server]: Received a goal, begin computing control effort.
[controller_server-7] [WARN] [1791390157.110691379] [controller_server]: Control loop missed its desired rate of 10.0000Hz
[controller_server-7] [INFO] [1791390157.170225438] [controller_server]: Passing new path to controller.
[controller_server-7] [INFO] [1791390158.270225427] [controller_server]: Passing new path to controller.
[controller_server-7] [INFO] [1791390159.270225601] [controller_server]: Passing new path to controller.
[controller_server-7] [INFO] [1791390160.270226120] [controller_server]: Passing new path to controller.
[controller_server-7] [INFO] [1791390161.270223543] [controller_server]: Passing new path to controller.
[controller_server-7] [INFO] [1791390162.370342639] [controller_server]: Passing new path to controller.
[controller_server-7] [INFO] [1791390163.370225821] [controller_server]: Passing new path to controller.
[controller_server-7] [INFO] [1791390164.370226595] [controller_server]: Passing new path to controller.
[controller_server-7] [INFO] [1791390165.470226538] [controller_server]: Passing new path to controller.
[controller_server-7] [INFO] [1791390166.470224383] [controller_server]: Passing new path to controller.
[controller_server-7] [ERROR] [1791390167.170246974] [controller_server]: Failed to make progress
[controller_server-7] [WARN] [1791390167.170300740] [controller_server]: [follow_path] [ActionServer] Aborting handle.
[controller_server-7] [INFO] [1791390167.189566070] [local_costmap.local_costmap]: Received request to clear entirely the local_costmap
[planner_server-9] [INFO] [1791390167.190023109] [global_costmap.global_costmap]: Received request to clear entirely the global_costmap
[planner_server-9] [WARN] [1791390167.970707948] [planner_server]: Planner loop missed its desired rate of 5.0000 Hz. Current loop rate is 0.6667 Hz
[controller_server-7] [INFO] [1791390167.989967903] [controller_server]: Received a goal, begin computing control effort.
[controller_server-7] [INFO] [1791390169.090115581] [controller_server]: Passing new path to controller.
[controller_server-7] [INFO] [1791390170.090118039] [controller_server]: Passing new path to controller.
[controller_server-7] [INFO] [1791390171.090114364] [controller_server]: Passing new path to controller.
[controller_server-7] [INFO] [1791390172.190114646] [controller_server]: Passing new path to controller.
[controller_server-7] [INFO] [1791390173.190182947] [controller_server]: Passing new path to controller.
[controller_server-7] [INFO] [1791390174.190230684] [controller_server]: Passing new path to controller.
[controller_server-7] [INFO] [1791390175.290222340] [controller_server]: Passing new path to controller.
[controller_server-7] [INFO] [1791390176.290115077] [controller_server]: Passing new path to controller.
[controller_server-7] [INFO] [1791390177.290114791] [controller_server]: Passing new path to controller.
[controller_server-7] [ERROR] [1791390178.090141022] [controller_server]: Failed to make progress
[controller_server-7] [WARN] [1791390178.090199683] [controller_server]: [follow_path] [ActionServer] Aborting handle.
[controller_server-7] [INFO] [1791390178.109542123] [local_costmap.local_costmap]: Received request to clear entirely the local_costmap
[controller_server-7] [INFO] [1791390178.109872727] [controller_server]: Received a goal, begin computing control effort.
[controller_server-7] [INFO] [1791390178.310006446] [controller_server]: Passing new path to controller.
[controller_server-7] [WARN] [1791390178.310606901] [controller_server]: Control loop missed its desired rate of 10.0000Hz
[controller_server-7] [INFO] [1791390179.315837686] [controller_server]: Passing new path to controller.
[controller_server-7] [INFO] [1791390180.421470702] [controller_server]: Passing new path to controller.
[controller_server-7] [INFO] [1791390181.426866310] [controller_server]: Passing new path to controller.
[controller_server-7] [INFO] [1791390182.432286395] [controller_server]: Passing new path to controller.
[controller_server-7] [INFO] [1791390183.442872067] [controller_server]: Passing new path to controller.
[controller_server-7] [INFO] [1791390184.556691151] [controller_server]: Passing new path to controller.
[controller_server-7] [INFO] [1791390185.562727857] [controller_server]: Passing new path to controller.
[controller_server-7] [INFO] [1791390186.576200233] [controller_server]: Passing new path to controller.
[controller_server-7] [INFO] [1791390187.589281342] [controller_server]: Passing new path to controller.
[controller_server-7] [ERROR] [1791390188.398238802] [controller_server]: Failed to make progress
[controller_server-7] [WARN] [1791390188.398349697] [controller_server]: [follow_path] [ActionServer] Aborting handle.
[behavior_server-10] [INFO] [1791390188.409840073] [behavior_server]: Running spin
[behavior_server-10] [INFO] [1791390188.410008891] [behavior_server]: Turning 1.57 for spin behavior.
[behavior_server-10] [INFO] [1791390190.910285519] [behavior_server]: spin completed successfully
[controller_server-7] [INFO] [1791390190.960031332] [controller_server]: Received a goal, begin computing control effort.
[controller_server-7] [INFO] [1791390192.060374603] [controller_server]: Passing new path to controller.
[controller_server-7] [INFO] [1791390193.060381363] [controller_server]: Passing new path to controller.
[controller_server-7] [INFO] [1791390194.060388884] [controller_server]: Passing new path to controller.
[controller_server-7] [INFO] [1791390195.160379325] [controller_server]: Passing new path to controller.
[controller_server-7] [INFO] [1791390196.160369189] [controller_server]: Passing new path to controller.
[controller_server-7] [INFO] [1791390197.160373543] [controller_server]: Passing new path to controller.
[controller_server-7] [INFO] [1791390198.260368070] [controller_server]: Passing new path to controller.
[controller_server-7] [INFO] [1791390199.260382460] [controller_server]: Passing new path to controller.
[controller_server-7] [INFO] [1791390200.260378239] [controller_server]: Passing new path to controller.
[controller_server-7] [ERROR] [1791390201.060482733] [controller_server]: Failed to make progress
[controller_server-7] [WARN] [1791390201.060669164] [controller_server]: [follow_path] [ActionServer] Aborting handle.
[controller_server-7] [INFO] [1791390201.079696768] [local_costmap.local_costmap]: Received request to clear entirely the local_costmap
[controller_server-7] [INFO] [1791390201.080657776] [controller_server]: Received a goal, begin computing control effort.
[controller_server-7] [INFO] [1791390201.280920758] [controller_server]: Passing new path to controller.
[controller_server-7] [INFO] [1791390202.380932537] [controller_server]: Passing new path to controller.
[controller_server-7] [INFO] [1791390203.380917357] [controller_server]: Passing new path to controller.
[controller_server-7] [INFO] [1791390204.380906834] [controller_server]: Passing new path to controller.
[controller_server-7] [INFO] [1791390205.380930791] [controller_server]: Passing new path to controller.
[controller_server-7] [INFO] [1791390206.480918367] [controller_server]: Passing new path to controller.
[controller_server-7] [INFO] [1791390207.480918167] [controller_server]: Passing new path to controller.
[controller_server-7] [INFO] [1791390208.480912674] [controller_server]: Passing new path to controller.
[controller_server-7] [INFO] [1791390209.580919234] [controller_server]: Passing new path to controller.
[controller_server-7] [INFO] [1791390210.580921443] [controller_server]: Passing new path to controller.
[controller_server-7] [ERROR] [1791390211.181038263] [controller_server]: Failed to make progress
[controller_server-7] [WARN] [1791390211.181169679] [controller_server]: [follow_path] [ActionServer] Aborting handle.
[behavior_server-10] [INFO] [1791390211.199915839] [behavior_server]: Running wait
[behavior_server-10] [INFO] [1791390213.700200600] [behavior_server]: wait completed successfully
[controller_server-7] [INFO] [1791390213.750208339] [controller_server]: Received a goal, begin computing control effort.
[controller_server-7] [INFO] [1791390214.850545460] [controller_server]: Passing new path to controller.
[controller_server-7] [INFO] [1791390215.850546733] [controller_server]: Passing new path to controller.
[controller_server-7] [INFO] [1791390216.850558917] [controller_server]: Passing new path to controller.
[controller_server-7] [INFO] [1791390217.950541827] [controller_server]: Passing new path to controller.
[controller_server-7] [INFO] [1791390218.950538624] [controller_server]: Passing new path to controller.
[controller_server-7] [INFO] [1791390219.950551465] [controller_server]: Passing new path to controller.
[controller_server-7] [INFO] [1791390221.050540239] [controller_server]: Passing new path to controller.
[controller_server-7] [INFO] [1791390222.050552190] [controller_server]: Passing new path to controller.
[controller_server-7] [INFO] [1791390223.050544149] [controller_server]: Passing new path to controller.
[controller_server-7] [ERROR] [1791390223.850684667] [controller_server]: Failed to make progress
[controller_server-7] [WARN] [1791390223.850957738] [controller_server]: [follow_path] [ActionServer] Aborting handle.
[controller_server-7] [INFO] [1791390223.869699521] [local_costmap.local_costmap]: Received request to clear entirely the local_costmap
[controller_server-7] [INFO] [1791390223.870708941] [controller_server]: Received a goal, begin computing control effort.
[controller_server-7] [INFO] [1791390224.071039903] [controller_server]: Passing new path to controller.
[controller_server-7] [INFO] [1791390225.171051222] [controller_server]: Passing new path to controller.
[controller_server-7] [INFO] [1791390226.171050867] [controller_server]: Passing new path to controller.
[controller_server-7] [INFO] [1791390227.171054115] [controller_server]: Passing new path to controller.
[controller_server-7] [INFO] [1791390228.171062387] [controller_server]: Passing new path to controller.
[controller_server-7] [INFO] [1791390229.271048582] [controller_server]: Passing new path to controller.
[controller_server-7] [INFO] [1791390230.271043109] [controller_server]: Passing new path to controller.
[controller_server-7] [INFO] [1791390231.271045008] [controller_server]: Passing new path to controller.
[controller_server-7] [INFO] [1791390232.371061984] [controller_server]: Passing new path to controller.
[python3-6] [WARN] [1791390233.043294005] [metrics_recorder]: 📼 超时，强制结束记录
[python3-6] [INFO] [1791390233.297924409] [metrics_recorder]: 📼 落盘完成: status=timeout odom=120047 点, 时长=2401.0
[controller_server-7] [INFO] [1791390233.371043089] [controller_server]: Passing new path to controller.
[controller_server-7] [ERROR] [1791390233.971064770] [controller_server]: Failed to make progress
[controller_server-7] [WARN] [1791390233.971131016] [controller_server]: [follow_path] [ActionServer] Aborting handle.
[bt_navigator-11] [WARN] [1791390233.999418330] [bt_navigator]: [navigate_to_pose] [ActionServer] Aborting handle.
[bt_navigator-11] [ERROR] [1791390233.999557937] [bt_navigator]: Goal failed
[python3-5] [WARN] [1791390234.001060009] [coverage_planner]: ⚠️ 航点 2 导航ABORTED，第 2/3 次重试
[python3-5] [INFO] [1791390234.045346054] [coverage_planner]: 🎯 导航到航点 2/40: (-1.10, -2.20)
[bt_navigator-11] [INFO] [1791390234.046300950] [bt_navigator]: Begin navigating from current location (-0.99, -1.97) to (-1.10, -2.20)
[controller_server-7] [INFO] [1791390234.066788005] [controller_server]: Received a goal, begin computing control effort.
[controller_server-7] [INFO] [1791390235.166986645] [controller_server]: Passing new path to controller.
[controller_server-7] [INFO] [1791390236.166984734] [controller_server]: Passing new path to controller.
[controller_server-7] [INFO] [1791390237.166981948] [controller_server]: Passing new path to controller.
