[INFO] [launch]: All log files can be found below /home/abc/.ros/log/2026-10-07-23-52-11-114823-123-222826
[INFO] [launch]: Default logging verbosity is set to INFO
[INFO] [robot_state_publisher-1]: process started with pid [222828]
[INFO] [gzserver-2]: process started with pid [222830]
[robot_state_publisher-1] [WARN] [1791388331.254868627] [kdl_parser]: The root link base_footprint has an inertia specified in the URDF, but KDL does not support a root link with an inertia.  As a workaround, you can add an extra dummy link to your URDF.
[robot_state_publisher-1] [INFO] [1791388331.254928376] [robot_state_publisher]: got segment base_footprint
[robot_state_publisher-1] [INFO] [1791388331.254962068] [robot_state_publisher]: got segment base_link
[robot_state_publisher-1] [INFO] [1791388331.254965492] [robot_state_publisher]: got segment camera_Link
[robot_state_publisher-1] [INFO] [1791388331.254967960] [robot_state_publisher]: got segment deco_cover_Link
[robot_state_publisher-1] [INFO] [1791388331.254970364] [robot_state_publisher]: got segment left_front_wheel_Link
[robot_state_publisher-1] [INFO] [1791388331.254972899] [robot_state_publisher]: got segment left_rear_wheel_Link
[robot_state_publisher-1] [INFO] [1791388331.254975188] [robot_state_publisher]: got segment lidar_Link
[robot_state_publisher-1] [INFO] [1791388331.254977519] [robot_state_publisher]: got segment right_front_wheel_Link
[robot_state_publisher-1] [INFO] [1791388331.254979850] [robot_state_publisher]: got segment right_rear_wheel_Link
[gzserver-2] Gazebo multi-robot simulator, version 11.10.2
[gzserver-2] Copyright (C) 2012 Open Source Robotics Foundation.
[gzserver-2] Released under the Apache 2 License.
[gzserver-2] http://gazebosim.org
[gzserver-2] 
[gzserver-2] [1;33m[Wrn] [gazebo_ros_init.cpp:178] [0m[1;33m
[gzserver-2] #     # ####### ####### ###  #####  #######
[gzserver-2] ##    # #     #    #     #  #     # #
[gzserver-2] # #   # #     #    #     #  #       #
[gzserver-2] #  #  # #     #    #     #  #       #####
[gzserver-2] #   # # #     #    #     #  #       #
[gzserver-2] #    ## #     #    #     #  #     # #
[gzserver-2] #     # #######    #    ###  #####  #######
[gzserver-2] 
[gzserver-2] This version of Gazebo, now called Gazebo classic, reaches end-of-life
[gzserver-2] in January 2025. Users are highly encouraged to migrate to the new Gazebo
[gzserver-2] using our migration guides (https://gazebosim.org/docs/latest/gazebo_classic_migration?utm_source=gazebo_ros_pkgs&utm_medium=cli)
[gzserver-2] 
[gzserver-2] [0m[1;33m
[INFO] [spawn_entity.py-3]: process started with pid [222971]
[spawn_entity.py-3] [INFO] [1791388334.904941563] [spawn_entity]: Spawn Entity started
[spawn_entity.py-3] [INFO] [1791388334.905132843] [spawn_entity]: Loading entity published on topic robot_description
[spawn_entity.py-3] [INFO] [1791388334.906085662] [spawn_entity]: Waiting for entity xml on robot_description
[spawn_entity.py-3] [INFO] [1791388334.917672665] [spawn_entity]: Waiting for service /spawn_entity, timeout = 30
[spawn_entity.py-3] [INFO] [1791388334.918008467] [spawn_entity]: Waiting for service /spawn_entity
[spawn_entity.py-3] [INFO] [1791388334.923884420] [spawn_entity]: Calling service /spawn_entity
[spawn_entity.py-3] [INFO] [1791388335.178074381] [spawn_entity]: Spawn status: SpawnEntity: Successfully spawned entity [auto_mower]
[gzserver-2] [1;32m[Msg] [0m[1;32mWaiting for master.[0m[1;32m
[gzserver-2] [0m[1;32m[0m[1;32m[0m[1;32m[Msg] [0m[1;32mConnected to gazebo master @ [0m[1;32mhttp://127.0.0.1:11410[0m[1;32m
[gzserver-2] [0m[1;32m[0m[1;32m[0m[1;32m[Msg] [0m[1;32mPublicized address: [0m[1;32m192.168.177.7[0m[1;32m
[gzserver-2] [0m[1;32m[0m[1;32m[0m[1;32m[Msg] [0m[1;32mLoading world file [[0m[1;32m/home/abc/auto_mower_nav_backup_4-11（复件）/论文输出/实验/scripts/worlds/lawn_world_rtf2.world[0m[1;32m][0m[1;32m
[gzserver-2] [0m[1;33m[0m[1;33m[0m[1;33m[Wrn] [Event.cc:61] [0m[1;33mWarning: Deleting a connection right after creation. [0m[1;33mMake sure to save the ConnectionPtr from a Connect call
[gzserver-2] [0m[INFO] [1791388335.298230231] [camera_controller]: Publishing camera info to [/camera/camera_info]
[INFO] [spawn_entity.py-3]: process has finished cleanly [pid 222971]
[gzserver-2] [1;33m[Wrn] [Visual.cc:1056] [0m[1;33mUnable to get Material[[0m[1;33mGazebo/Brown[0m[1;33m] for Geometry[[0m[1;33mdog::link::body_visual[0m[1;33m. Object will appear white
[gzserver-2] [0m[1;33m[Wrn] [Visual.cc:1056] [0m[1;33mUnable to get Material[[0m[1;33mGazebo/Brown[0m[1;33m] for Geometry[[0m[1;33mdog::link::body_visual[0m[1;33m. Object will appear white
[gzserver-2] [0m[1;33m[Wrn] [Visual.cc:1056] [0m[1;33mUnable to get Material[[0m[1;33mGazebo/Brown[0m[1;33m] for Geometry[[0m[1;33mdog::link::head_visual[0m[1;33m. Object will appear white
[gzserver-2] [0m[1;33m[Wrn] [Visual.cc:1056] [0m[1;33mUnable to get Material[[0m[1;33mGazebo/Brown[0m[1;33m] for Geometry[[0m[1;33mdog::link::head_visual[0m[1;33m. Object will appear white
[gzserver-2] [0m[1;33m[Wrn] [Visual.cc:1056] [0m[1;33mUnable to get Material[[0m[1;33mGazebo/Brown[0m[1;33m] for Geometry[[0m[1;33mdog::link::leg1_visual[0m[1;33m. Object will appear white
[gzserver-2] [0m[1;33m[Wrn] [Visual.cc:1056] [0m[1;33mUnable to get Material[[0m[1;33mGazebo/Brown[0m[1;33m] for Geometry[[0m[1;33mdog::link::leg1_visual[0m[1;33m. Object will appear white
[gzserver-2] [0m[1;33m[Wrn] [Visual.cc:1056] [0m[1;33mUnable to get Material[[0m[1;33mGazebo/Brown[0m[1;33m] for Geometry[[0m[1;33mdog::link::leg2_visual[0m[1;33m. Object will appear white
[gzserver-2] [0m[1;33m[Wrn] [Visual.cc:1056] [0m[1;33mUnable to get Material[[0m[1;33mGazebo/Brown[0m[1;33m] for Geometry[[0m[1;33mdog::link::leg2_visual[0m[1;33m. Object will appear white
[gzserver-2] [0m[1;33m[Wrn] [Visual.cc:1056] [0m[1;33mUnable to get Material[[0m[1;33mGazebo/Brown[0m[1;33m] for Geometry[[0m[1;33mdog::link::leg3_visual[0m[1;33m. Object will appear white
[gzserver-2] [0m[1;33m[Wrn] [Visual.cc:1056] [0m[1;33mUnable to get Material[[0m[1;33mGazebo/Brown[0m[1;33m] for Geometry[[0m[1;33mdog::link::leg3_visual[0m[1;33m. Object will appear white
[gzserver-2] [0m[1;33m[Wrn] [Visual.cc:1056] [0m[1;33mUnable to get Material[[0m[1;33mGazebo/Brown[0m[1;33m] for Geometry[[0m[1;33mdog::link::leg4_visual[0m[1;33m. Object will appear white
[gzserver-2] [0m[1;33m[Wrn] [Visual.cc:1056] [0m[1;33mUnable to get Material[[0m[1;33mGazebo/Brown[0m[1;33m] for Geometry[[0m[1;33mdog::link::leg4_visual[0m[1;33m. Object will appear white
[gzserver-2] [0m[1;33m[Wrn] [Visual.cc:1056] [0m[1;33mUnable to get Material[[0m[1;33mGazebo/Brown[0m[1;33m] for Geometry[[0m[1;33mdog::link::tail_visual[0m[1;33m. Object will appear white
[gzserver-2] [0m[1;33m[Wrn] [Visual.cc:1056] [0m[1;33mUnable to get Material[[0m[1;33mGazebo/Brown[0m[1;33m] for Geometry[[0m[1;33mdog::link::tail_visual[0m[1;33m. Object will appear white
[gzserver-2] [0m[INFO] [1791388335.387594890] [diff_drive]: Wheel pair 1 separation set to [0.526460m]
[gzserver-2] [INFO] [1791388335.387621243] [diff_drive]: Wheel pair 1 diameter set to [0.176000m]
[gzserver-2] [INFO] [1791388335.388177075] [diff_drive]: Subscribed to [/cmd_vel]
[gzserver-2] [INFO] [1791388335.389285698] [diff_drive]: Advertise odometry on [/odom]
[gzserver-2] [INFO] [1791388335.390613329] [diff_drive]: Publishing odom transforms between [odom] and [base_footprint]
[gzserver-2] [INFO] [1791388335.396492232] [joint_state_publisher]: Going to publish joint [joint_left_front_wheel_Link]
[gzserver-2] [INFO] [1791388335.396513793] [joint_state_publisher]: Going to publish joint [joint_right_front_wheel_Link]
[gzserver-2] [INFO] [1791388335.396519607] [joint_state_publisher]: Going to publish joint [joint_left_rear_wheel_Link]
[gzserver-2] [INFO] [1791388335.396524249] [joint_state_publisher]: Going to publish joint [joint_right_rear_wheel_Link]
[gzserver-2] [INFO] [1791388335.396528231] [joint_state_publisher]: Going to publish joint [joint_camera_Link]
[INFO] [async_slam_toolbox_node-4]: process started with pid [223020]
[async_slam_toolbox_node-4] [INFO] [1791388337.601074383] [slam_toolbox]: Node using stack size 40000000
[async_slam_toolbox_node-4] [INFO] [1791388337.625814149] [slam_toolbox]: Using solver plugin solver_plugins::CeresSolver
[async_slam_toolbox_node-4] [INFO] [1791388337.625921699] [slam_toolbox]: CeresSolver: Using SCHUR_JACOBI preconditioner.
[async_slam_toolbox_node-4] Registering sensor: [Custom Described Lidar]
[INFO] [python3-5]: process started with pid [223048]
[INFO] [python3-6]: process started with pid [223050]
[python3-6] [INFO] [1791388339.537400343] [metrics_recorder]: 📼 记录器启动, out_dir=/home/abc/auto_mower_nav_backup_4-11（复件）/论文输出/实验/data/sciB_main_rect6_nav2_r2
[python3-5] [INFO] [1791388339.640290264] [coverage_planner]: 🌱 CoveragePlanner (Nav2版) 已启动
[python3-5] [INFO] [1791388339.640497150] [coverage_planner]:    边界记录模式: 启动后自动记录 odom，遥控走完一圈后按 M 开始覆盖
[python3-5] [INFO] [1791388339.641583573] [coverage_planner]: 🧪 Nav2实验变体启动: 边界顶点数=4
[INFO] [controller_server-7]: process started with pid [223136]
[INFO] [smoother_server-8]: process started with pid [223138]
[INFO] [planner_server-9]: process started with pid [223140]
[INFO] [behavior_server-10]: process started with pid [223142]
[INFO] [bt_navigator-11]: process started with pid [223144]
[INFO] [waypoint_follower-12]: process started with pid [223146]
[INFO] [velocity_smoother-13]: process started with pid [223148]
[INFO] [lifecycle_manager-14]: process started with pid [223150]
[planner_server-9] [INFO] [1791388343.307234576] [planner_server]: 
[planner_server-9] 	planner_server lifecycle node launched. 
[planner_server-9] 	Waiting on external lifecycle transitions to activate
[planner_server-9] 	See https://design.ros2.org/articles/node_lifecycle.html for more information.
[planner_server-9] [INFO] [1791388343.307984055] [planner_server]: Creating
[controller_server-7] [INFO] [1791388343.309673571] [controller_server]: 
[controller_server-7] 	controller_server lifecycle node launched. 
[controller_server-7] 	Waiting on external lifecycle transitions to activate
[controller_server-7] 	See https://design.ros2.org/articles/node_lifecycle.html for more information.
[velocity_smoother-13] [INFO] [1791388343.309876220] [velocity_smoother]: 
[velocity_smoother-13] 	velocity_smoother lifecycle node launched. 
[velocity_smoother-13] 	Waiting on external lifecycle transitions to activate
[velocity_smoother-13] 	See https://design.ros2.org/articles/node_lifecycle.html for more information.
[planner_server-9] [INFO] [1791388343.311227011] [global_costmap.global_costmap]: 
[planner_server-9] 	global_costmap lifecycle node launched. 
[planner_server-9] 	Waiting on external lifecycle transitions to activate
[planner_server-9] 	See https://design.ros2.org/articles/node_lifecycle.html for more information.
[planner_server-9] [INFO] [1791388343.311620427] [global_costmap.global_costmap]: Creating Costmap
[controller_server-7] [INFO] [1791388343.313943719] [controller_server]: Creating controller server
[controller_server-7] [INFO] [1791388343.322243241] [local_costmap.local_costmap]: 
[controller_server-7] 	local_costmap lifecycle node launched. 
[controller_server-7] 	Waiting on external lifecycle transitions to activate
[controller_server-7] 	See https://design.ros2.org/articles/node_lifecycle.html for more information.
[controller_server-7] [INFO] [1791388343.322549082] [local_costmap.local_costmap]: Creating Costmap
[smoother_server-8] [INFO] [1791388343.334008508] [smoother_server]: 
[smoother_server-8] 	smoother_server lifecycle node launched. 
[smoother_server-8] 	Waiting on external lifecycle transitions to activate
[smoother_server-8] 	See https://design.ros2.org/articles/node_lifecycle.html for more information.
[smoother_server-8] [INFO] [1791388343.334928173] [smoother_server]: Creating smoother server
[lifecycle_manager-14] [INFO] [1791388343.335440049] [lifecycle_manager_navigation]: Creating
[waypoint_follower-12] [INFO] [1791388343.336281544] [waypoint_follower]: 
[waypoint_follower-12] 	waypoint_follower lifecycle node launched. 
[waypoint_follower-12] 	Waiting on external lifecycle transitions to activate
[waypoint_follower-12] 	See https://design.ros2.org/articles/node_lifecycle.html for more information.
[waypoint_follower-12] [INFO] [1791388343.337016545] [waypoint_follower]: Creating
[lifecycle_manager-14] [INFO] [1791388343.338360250] [lifecycle_manager_navigation]: [34m[1mCreating and initializing lifecycle service clients[0m[0m
[bt_navigator-11] [INFO] [1791388343.341243124] [bt_navigator]: 
[bt_navigator-11] 	bt_navigator lifecycle node launched. 
[bt_navigator-11] 	Waiting on external lifecycle transitions to activate
[bt_navigator-11] 	See https://design.ros2.org/articles/node_lifecycle.html for more information.
[bt_navigator-11] [INFO] [1791388343.341370882] [bt_navigator]: Creating
[behavior_server-10] [INFO] [1791388343.342759724] [behavior_server]: 
[behavior_server-10] 	behavior_server lifecycle node launched. 
[behavior_server-10] 	Waiting on external lifecycle transitions to activate
[behavior_server-10] 	See https://design.ros2.org/articles/node_lifecycle.html for more information.
[lifecycle_manager-14] [INFO] [1791388344.360151735] [lifecycle_manager_navigation]: [34m[1mStarting managed nodes bringup...[0m[0m
[lifecycle_manager-14] [INFO] [1791388344.360268015] [lifecycle_manager_navigation]: [34m[1mConfiguring controller_server[0m[0m
[controller_server-7] [INFO] [1791388344.360829374] [controller_server]: Configuring controller interface
[controller_server-7] [INFO] [1791388344.361083071] [controller_server]: getting goal checker plugins..
[controller_server-7] [INFO] [1791388344.361190646] [controller_server]: Controller frequency set to 10.0000Hz
[controller_server-7] [INFO] [1791388344.361226137] [local_costmap.local_costmap]: Configuring
[controller_server-7] [INFO] [1791388344.367513467] [local_costmap.local_costmap]: Using plugin "voxel_layer"
[controller_server-7] [INFO] [1791388344.371058620] [local_costmap.local_costmap]: Subscribed to Topics: scan
[controller_server-7] [INFO] [1791388344.373417088] [local_costmap.local_costmap]: Initialized plugin "voxel_layer"
[controller_server-7] [INFO] [1791388344.373433563] [local_costmap.local_costmap]: Using plugin "inflation_layer"
[controller_server-7] [INFO] [1791388344.373760705] [local_costmap.local_costmap]: Initialized plugin "inflation_layer"
[controller_server-7] [INFO] [1791388344.377583393] [controller_server]: Created progress_checker : progress_checker of type nav2_controller::SimpleProgressChecker
[controller_server-7] [INFO] [1791388344.377891050] [controller_server]: Created goal checker : general_goal_checker of type nav2_controller::SimpleGoalChecker
[controller_server-7] [INFO] [1791388344.377994956] [controller_server]: Controller Server has general_goal_checker  goal checkers available.
[controller_server-7] [INFO] [1791388344.378714196] [controller_server]: Created controller : FollowPath of type dwb_core::DWBLocalPlanner
[controller_server-7] [INFO] [1791388344.378984643] [controller_server]: Setting transform_tolerance to 0.500000
[controller_server-7] [INFO] [1791388344.382345807] [controller_server]: Using critic "RotateToGoal" (dwb_critics::RotateToGoalCritic)
[controller_server-7] [INFO] [1791388344.382515823] [controller_server]: Critic plugin initialized
[controller_server-7] [INFO] [1791388344.382560772] [controller_server]: Using critic "Oscillation" (dwb_critics::OscillationCritic)
[controller_server-7] [INFO] [1791388344.382700056] [controller_server]: Critic plugin initialized
[controller_server-7] [INFO] [1791388344.382737336] [controller_server]: Using critic "BaseObstacle" (dwb_critics::BaseObstacleCritic)
[controller_server-7] [INFO] [1791388344.382799137] [controller_server]: Critic plugin initialized
[controller_server-7] [INFO] [1791388344.382839804] [controller_server]: Using critic "PathDist" (dwb_critics::PathDistCritic)
[controller_server-7] [INFO] [1791388344.382916921] [controller_server]: Critic plugin initialized
[controller_server-7] [INFO] [1791388344.382956319] [controller_server]: Using critic "GoalDist" (dwb_critics::GoalDistCritic)
[controller_server-7] [INFO] [1791388344.383043849] [controller_server]: Critic plugin initialized
[controller_server-7] [INFO] [1791388344.383050210] [controller_server]: Controller Server has FollowPath  controllers available.
[lifecycle_manager-14] [INFO] [1791388344.385431940] [lifecycle_manager_navigation]: [34m[1mConfiguring smoother_server[0m[0m
[smoother_server-8] [INFO] [1791388344.385596099] [smoother_server]: Configuring smoother server
[smoother_server-8] [INFO] [1791388344.389452898] [smoother_server]: Created smoother : simple_smoother of type nav2_smoother::SimpleSmoother
[smoother_server-8] [INFO] [1791388344.389601401] [smoother_server]: Smoother Server has simple_smoother  smoothers available.
[lifecycle_manager-14] [INFO] [1791388344.391413871] [lifecycle_manager_navigation]: [34m[1mConfiguring planner_server[0m[0m
[planner_server-9] [INFO] [1791388344.391567309] [planner_server]: Configuring
[planner_server-9] [INFO] [1791388344.391606921] [global_costmap.global_costmap]: Configuring
[planner_server-9] [INFO] [1791388344.393970836] [global_costmap.global_costmap]: Using plugin "static_layer"
[planner_server-9] [INFO] [1791388344.395694125] [global_costmap.global_costmap]: Subscribing to the map topic (/map) with transient local durability
[planner_server-9] [INFO] [1791388344.396213735] [global_costmap.global_costmap]: Initialized plugin "static_layer"
[planner_server-9] [INFO] [1791388344.396224567] [global_costmap.global_costmap]: Using plugin "obstacle_layer"
[planner_server-9] [INFO] [1791388344.396397198] [global_costmap.global_costmap]: Subscribed to Topics: scan
[planner_server-9] [INFO] [1791388344.397579978] [global_costmap.global_costmap]: Initialized plugin "obstacle_layer"
[planner_server-9] [INFO] [1791388344.397592113] [global_costmap.global_costmap]: Using plugin "inflation_layer"
[planner_server-9] [INFO] [1791388344.397899699] [global_costmap.global_costmap]: Initialized plugin "inflation_layer"
[planner_server-9] [INFO] [1791388344.401123821] [planner_server]: Created global planner plugin GridBased of type nav2_navfn_planner/NavfnPlanner
[planner_server-9] [INFO] [1791388344.401140019] [planner_server]: Configuring plugin GridBased of type NavfnPlanner
[planner_server-9] [INFO] [1791388344.401296071] [planner_server]: Planner Server has GridBased  planners available.
[lifecycle_manager-14] [INFO] [1791388344.404261549] [lifecycle_manager_navigation]: [34m[1mConfiguring behavior_server[0m[0m
[behavior_server-10] [INFO] [1791388344.404434058] [behavior_server]: Configuring
[planner_server-9] [INFO] [1791388344.406475414] [global_costmap.global_costmap]: StaticLayer: Resizing costmap to 217 X 217 at 0.050000 m/pix
[behavior_server-10] [INFO] [1791388344.408343976] [behavior_server]: Creating behavior plugin spin of type nav2_behaviors/Spin
[behavior_server-10] [INFO] [1791388344.413102375] [behavior_server]: Configuring spin
[behavior_server-10] [INFO] [1791388344.414981498] [behavior_server]: Creating behavior plugin backup of type nav2_behaviors/BackUp
[behavior_server-10] [INFO] [1791388344.415863618] [behavior_server]: Configuring backup
[behavior_server-10] [INFO] [1791388344.417271873] [behavior_server]: Creating behavior plugin wait of type nav2_behaviors/Wait
[behavior_server-10] [INFO] [1791388344.418120939] [behavior_server]: Configuring wait
[lifecycle_manager-14] [INFO] [1791388344.419883623] [lifecycle_manager_navigation]: [34m[1mConfiguring bt_navigator[0m[0m
[bt_navigator-11] [INFO] [1791388344.420075562] [bt_navigator]: Configuring
[lifecycle_manager-14] [INFO] [1791388344.510823587] [lifecycle_manager_navigation]: [34m[1mConfiguring waypoint_follower[0m[0m
[waypoint_follower-12] [INFO] [1791388344.511009928] [waypoint_follower]: Configuring
[waypoint_follower-12] [INFO] [1791388344.517506883] [waypoint_follower]: Created waypoint_task_executor : wait_at_waypoint of type nav2_waypoint_follower::WaitAtWaypoint
[waypoint_follower-12] [INFO] [1791388344.517638659] [waypoint_follower]: Waypoint pause duration is set to zero, disabling task executor plugin.
[lifecycle_manager-14] [INFO] [1791388344.517890211] [lifecycle_manager_navigation]: [34m[1mConfiguring velocity_smoother[0m[0m
[velocity_smoother-13] [INFO] [1791388344.518103975] [velocity_smoother]: Configuring velocity smoother
[lifecycle_manager-14] [INFO] [1791388344.520960763] [lifecycle_manager_navigation]: [34m[1mActivating controller_server[0m[0m
[controller_server-7] [INFO] [1791388344.521122334] [controller_server]: Activating
[controller_server-7] [INFO] [1791388344.521177157] [local_costmap.local_costmap]: Activating
[controller_server-7] [INFO] [1791388344.521198251] [local_costmap.local_costmap]: Checking transform
[controller_server-7] [INFO] [1791388344.521321363] [local_costmap.local_costmap]: start
[controller_server-7] [INFO] [1791388344.772158335] [controller_server]: Creating bond (controller_server) to lifecycle manager.
[lifecycle_manager-14] [INFO] [1791388344.886484232] [lifecycle_manager_navigation]: Server controller_server connected with bond.
[lifecycle_manager-14] [INFO] [1791388344.886563979] [lifecycle_manager_navigation]: [34m[1mActivating smoother_server[0m[0m
[smoother_server-8] [INFO] [1791388344.886928841] [smoother_server]: Activating
[smoother_server-8] [INFO] [1791388344.886996077] [smoother_server]: Creating bond (smoother_server) to lifecycle manager.
[lifecycle_manager-14] [INFO] [1791388344.992938866] [lifecycle_manager_navigation]: Server smoother_server connected with bond.
[lifecycle_manager-14] [INFO] [1791388344.993014898] [lifecycle_manager_navigation]: [34m[1mActivating planner_server[0m[0m
[planner_server-9] [INFO] [1791388344.993432074] [planner_server]: Activating
[planner_server-9] [INFO] [1791388344.993545694] [global_costmap.global_costmap]: Activating
[planner_server-9] [INFO] [1791388344.993579464] [global_costmap.global_costmap]: Checking transform
[planner_server-9] [INFO] [1791388344.993826342] [global_costmap.global_costmap]: start
[python3-5] [INFO] [1791388345.606999926] [coverage_planner]: 🧪 注入边界多边形: 121 点
[python3-5] [INFO] [1791388345.607497293] [coverage_planner]: 处理边界轨迹，原始点 121 个
[python3-5] [INFO] [1791388345.608037367] [coverage_planner]: 简化后 121 个点
[python3-5] [INFO] [1791388345.608483716] [coverage_planner]: 首尾距离: 0.00m
[python3-5] [INFO] [1791388345.608894924] [coverage_planner]: 已闭合多边形
[python3-5] [INFO] [1791388345.609719142] [coverage_planner]: ✅ 边界完成: 122 个顶点, x=-3.0~3.0, y=-3.0~3.0
[python3-5] [INFO] [1791388345.622933066] [coverage_planner]: 边界已内缩 0.4m，航点离边界更安全
[python3-5] [INFO] [1791388345.626628801] [coverage_planner]: 多边形路径: 52 个航点
[python3-5] [INFO] [1791388345.626936686] [coverage_planner]: 🚀 开始覆盖导航，共 52 个航点，从航点0出发
[python3-5] [INFO] [1791388345.638579463] [coverage_planner]: 🧪 真值障碍过滤航点: 52 -> 41
[python3-6] [INFO] [1791388345.639274722] [metrics_recorder]: 📼 覆盖开始: 52 个规划航点, t=26.0
[python3-5] [INFO] [1791388345.656026548] [coverage_planner]: 🎯 导航到航点 0/40: (2.60, -2.20)
[python3-5] [WARN] [1791388345.663511674] [coverage_planner]: 航点 0 目标被 Nav2 拒绝，第 1/3 次重试
[python3-5] [INFO] [1791388345.706784597] [coverage_planner]: 🎯 导航到航点 0/40: (2.60, -2.20)
[python3-5] [WARN] [1791388345.709202287] [coverage_planner]: 航点 0 目标被 Nav2 拒绝，第 2/3 次重试
[python3-5] [INFO] [1791388345.757117675] [coverage_planner]: 🎯 导航到航点 0/40: (2.60, -2.20)
[python3-5] [WARN] [1791388345.759307415] [coverage_planner]: 🚨 航点 0 被拒绝 3 次，跳过
[python3-5] [INFO] [1791388345.807413592] [coverage_planner]: 🎯 导航到航点 1/40: (0.40, -2.20)
[python3-5] [WARN] [1791388345.809531209] [coverage_planner]: 航点 1 目标被 Nav2 拒绝，第 1/3 次重试
[python3-5] [INFO] [1791388345.858127690] [coverage_planner]: 🎯 导航到航点 1/40: (0.40, -2.20)
[python3-5] [WARN] [1791388345.860363297] [coverage_planner]: 航点 1 目标被 Nav2 拒绝，第 2/3 次重试
[python3-5] [INFO] [1791388345.906637975] [coverage_planner]: 🎯 导航到航点 1/40: (0.40, -2.20)
[python3-5] [WARN] [1791388345.908999257] [coverage_planner]: 🚨 航点 1 被拒绝 3 次，跳过
[python3-5] [INFO] [1791388345.957515627] [coverage_planner]: 🎯 导航到航点 2/40: (-1.10, -2.20)
[python3-5] [WARN] [1791388345.959714577] [coverage_planner]: 航点 2 目标被 Nav2 拒绝，第 1/3 次重试
[python3-5] [INFO] [1791388346.006998847] [coverage_planner]: 🎯 导航到航点 2/40: (-1.10, -2.20)
[python3-5] [WARN] [1791388346.010201844] [coverage_planner]: 航点 2 目标被 Nav2 拒绝，第 2/3 次重试
[planner_server-9] [INFO] [1791388346.045254005] [planner_server]: Activating plugin GridBased of type NavfnPlanner
[planner_server-9] [INFO] [1791388346.047097438] [planner_server]: Creating bond (planner_server) to lifecycle manager.
[python3-5] [INFO] [1791388346.057632353] [coverage_planner]: 🎯 导航到航点 2/40: (-1.10, -2.20)
[python3-5] [WARN] [1791388346.060285598] [coverage_planner]: 🚨 航点 2 被拒绝 3 次，跳过
[python3-5] [INFO] [1791388346.107300713] [coverage_planner]: 🎯 导航到航点 3/40: (-1.10, -1.80)
[python3-5] [WARN] [1791388346.109960030] [coverage_planner]: 航点 3 目标被 Nav2 拒绝，第 1/3 次重试
[lifecycle_manager-14] [INFO] [1791388346.152964946] [lifecycle_manager_navigation]: Server planner_server connected with bond.
[lifecycle_manager-14] [INFO] [1791388346.153041116] [lifecycle_manager_navigation]: [34m[1mActivating behavior_server[0m[0m
[behavior_server-10] [INFO] [1791388346.153412389] [behavior_server]: Activating
[behavior_server-10] [INFO] [1791388346.153488317] [behavior_server]: Activating spin
[behavior_server-10] [INFO] [1791388346.153520140] [behavior_server]: Activating backup
[behavior_server-10] [INFO] [1791388346.153545800] [behavior_server]: Activating wait
[behavior_server-10] [INFO] [1791388346.153574842] [behavior_server]: Creating bond (behavior_server) to lifecycle manager.
[python3-5] [INFO] [1791388346.157724939] [coverage_planner]: 🎯 导航到航点 3/40: (-1.10, -1.80)
[python3-5] [WARN] [1791388346.159814481] [coverage_planner]: 航点 3 目标被 Nav2 拒绝，第 2/3 次重试
[python3-5] [INFO] [1791388346.207482008] [coverage_planner]: 🎯 导航到航点 3/40: (-1.10, -1.80)
[python3-5] [WARN] [1791388346.209324381] [coverage_planner]: 🚨 航点 3 被拒绝 3 次，跳过
[python3-5] [INFO] [1791388346.257874248] [coverage_planner]: 🎯 导航到航点 4/40: (0.40, -1.80)
[lifecycle_manager-14] [INFO] [1791388346.259952641] [lifecycle_manager_navigation]: Server behavior_server connected with bond.
[lifecycle_manager-14] [INFO] [1791388346.260054460] [lifecycle_manager_navigation]: [34m[1mActivating bt_navigator[0m[0m
[bt_navigator-11] [INFO] [1791388346.260436822] [bt_navigator]: Activating
[python3-5] [WARN] [1791388346.260729855] [coverage_planner]: 航点 4 目标被 Nav2 拒绝，第 1/3 次重试
[bt_navigator-11] [INFO] [1791388346.298384778] [bt_navigator]: Creating bond (bt_navigator) to lifecycle manager.
[python3-5] [INFO] [1791388346.306145252] [coverage_planner]: 🎯 导航到航点 4/40: (0.40, -1.80)
[bt_navigator-11] [INFO] [1791388346.306625688] [bt_navigator]: Begin navigating from current location (0.01, -0.08) to (0.40, -1.80)
[controller_server-7] [INFO] [1791388346.327246514] [controller_server]: Received a goal, begin computing control effort.
[controller_server-7] [WARN] [1791388346.327295753] [controller_server]: No goal checker was specified in parameter 'current_goal_checker'. Server will use only plugin loaded general_goal_checker . This warning will appear once.
[lifecycle_manager-14] [INFO] [1791388346.400168543] [lifecycle_manager_navigation]: Server bt_navigator connected with bond.
[lifecycle_manager-14] [INFO] [1791388346.400246313] [lifecycle_manager_navigation]: [34m[1mActivating waypoint_follower[0m[0m
[waypoint_follower-12] [INFO] [1791388346.400676505] [waypoint_follower]: Activating
[waypoint_follower-12] [INFO] [1791388346.400746629] [waypoint_follower]: Creating bond (waypoint_follower) to lifecycle manager.
[lifecycle_manager-14] [INFO] [1791388346.505355370] [lifecycle_manager_navigation]: Server waypoint_follower connected with bond.
[lifecycle_manager-14] [INFO] [1791388346.505394937] [lifecycle_manager_navigation]: [34m[1mActivating velocity_smoother[0m[0m
[velocity_smoother-13] [INFO] [1791388346.505725574] [velocity_smoother]: Activating
[velocity_smoother-13] [INFO] [1791388346.505819984] [velocity_smoother]: Creating bond (velocity_smoother) to lifecycle manager.
[lifecycle_manager-14] [INFO] [1791388346.610536014] [lifecycle_manager_navigation]: Server velocity_smoother connected with bond.
[lifecycle_manager-14] [INFO] [1791388346.610611463] [lifecycle_manager_navigation]: [34m[1mManaged nodes are active[0m[0m
[lifecycle_manager-14] [INFO] [1791388346.610625237] [lifecycle_manager_navigation]: [34m[1mCreating bond timer...[0m[0m
[controller_server-7] [INFO] [1791388347.427473091] [controller_server]: Passing new path to controller.
[planner_server-9] [INFO] [1791388347.993991214] [global_costmap.global_costmap]: StaticLayer: Resizing costmap to 217 X 217 at 0.050000 m/pix
[controller_server-7] [INFO] [1791388348.427476079] [controller_server]: Passing new path to controller.
[controller_server-7] [INFO] [1791388349.427476022] [controller_server]: Passing new path to controller.
[controller_server-7] [INFO] [1791388350.527480154] [controller_server]: Passing new path to controller.
[controller_server-7] [INFO] [1791388351.527479172] [controller_server]: Passing new path to controller.
[planner_server-9] [INFO] [1791388351.994004009] [global_costmap.global_costmap]: StaticLayer: Resizing costmap to 217 X 217 at 0.050000 m/pix
[controller_server-7] [INFO] [1791388352.527477139] [controller_server]: Passing new path to controller.
[controller_server-7] [INFO] [1791388353.627455530] [controller_server]: Passing new path to controller.
[controller_server-7] [INFO] [1791388354.627459728] [controller_server]: Passing new path to controller.
[controller_server-7] [INFO] [1791388355.627487492] [controller_server]: Passing new path to controller.
[controller_server-7] [ERROR] [1791388356.427598428] [controller_server]: Failed to make progress
[controller_server-7] [WARN] [1791388356.427747796] [controller_server]: [follow_path] [ActionServer] Aborting handle.
[controller_server-7] [INFO] [1791388356.447067215] [local_costmap.local_costmap]: Received request to clear entirely the local_costmap
[controller_server-7] [INFO] [1791388356.448413812] [controller_server]: Received a goal, begin computing control effort.
[controller_server-7] [INFO] [1791388356.648704868] [controller_server]: Passing new path to controller.
[controller_server-7] [INFO] [1791388357.748728965] [controller_server]: Passing new path to controller.
[planner_server-9] [INFO] [1791388357.993986288] [global_costmap.global_costmap]: StaticLayer: Resizing costmap to 217 X 218 at 0.050000 m/pix
[controller_server-7] [INFO] [1791388358.748720692] [controller_server]: Passing new path to controller.
[controller_server-7] [INFO] [1791388359.748711637] [controller_server]: Passing new path to controller.
[controller_server-7] [INFO] [1791388360.748733598] [controller_server]: Passing new path to controller.
[controller_server-7] [INFO] [1791388361.848715119] [controller_server]: Passing new path to controller.
[controller_server-7] [INFO] [1791388362.848717959] [controller_server]: Passing new path to controller.
[controller_server-7] [INFO] [1791388363.848715738] [controller_server]: Passing new path to controller.
[controller_server-7] [INFO] [1791388364.948719991] [controller_server]: Passing new path to controller.
[controller_server-7] [INFO] [1791388365.948717487] [controller_server]: Passing new path to controller.
[controller_server-7] [ERROR] [1791388366.648740599] [controller_server]: Failed to make progress
[controller_server-7] [WARN] [1791388366.648810162] [controller_server]: [follow_path] [ActionServer] Aborting handle.
[controller_server-7] [INFO] [1791388366.666989210] [local_costmap.local_costmap]: Received request to clear entirely the local_costmap
[planner_server-9] [INFO] [1791388366.667435354] [global_costmap.global_costmap]: Received request to clear entirely the global_costmap
[planner_server-9] [WARN] [1791388366.998964241] [planner_server]: Planner loop missed its desired rate of 5.0000 Hz. Current loop rate is 1.4286 Hz
[controller_server-7] [INFO] [1791388367.017353089] [controller_server]: Received a goal, begin computing control effort.
[controller_server-7] [INFO] [1791388368.117673353] [controller_server]: Passing new path to controller.
[controller_server-7] [INFO] [1791388369.117678353] [controller_server]: Passing new path to controller.
[controller_server-7] [INFO] [1791388370.117682150] [controller_server]: Passing new path to controller.
[controller_server-7] [INFO] [1791388371.217693160] [controller_server]: Passing new path to controller.
[controller_server-7] [INFO] [1791388372.217672503] [controller_server]: Passing new path to controller.
[controller_server-7] [INFO] [1791388373.217676444] [controller_server]: Passing new path to controller.
[controller_server-7] [INFO] [1791388374.317675783] [controller_server]: Passing new path to controller.
[controller_server-7] [INFO] [1791388375.317681740] [controller_server]: Passing new path to controller.
[controller_server-7] [INFO] [1791388376.317672152] [controller_server]: Passing new path to controller.
[controller_server-7] [ERROR] [1791388377.117752564] [controller_server]: Failed to make progress
[controller_server-7] [WARN] [1791388377.117901670] [controller_server]: [follow_path] [ActionServer] Aborting handle.
[controller_server-7] [INFO] [1791388377.136957483] [local_costmap.local_costmap]: Received request to clear entirely the local_costmap
[controller_server-7] [INFO] [1791388377.137637298] [controller_server]: Received a goal, begin computing control effort.
[controller_server-7] [INFO] [1791388377.327949844] [controller_server]: Passing new path to controller.
[controller_server-7] [WARN] [1791388377.329948611] [controller_server]: Control loop missed its desired rate of 10.0000Hz
[controller_server-7] [INFO] [1791388378.437950987] [controller_server]: Passing new path to controller.
[controller_server-7] [INFO] [1791388379.437948256] [controller_server]: Passing new path to controller.
[controller_server-7] [INFO] [1791388380.437951168] [controller_server]: Passing new path to controller.
[controller_server-7] [INFO] [1791388381.437957784] [controller_server]: Passing new path to controller.
[controller_server-7] [INFO] [1791388382.537941041] [controller_server]: Passing new path to controller.
[controller_server-7] [INFO] [1791388383.537954302] [controller_server]: Passing new path to controller.
[controller_server-7] [INFO] [1791388384.537958216] [controller_server]: Passing new path to controller.
[controller_server-7] [INFO] [1791388385.637953157] [controller_server]: Passing new path to controller.
[controller_server-7] [INFO] [1791388386.637958253] [controller_server]: Passing new path to controller.
[controller_server-7] [ERROR] [1791388387.438039128] [controller_server]: Failed to make progress
[controller_server-7] [WARN] [1791388387.438229779] [controller_server]: [follow_path] [ActionServer] Aborting handle.
[behavior_server-10] [INFO] [1791388387.457814867] [behavior_server]: Running spin
[behavior_server-10] [INFO] [1791388387.458181914] [behavior_server]: Turning 1.57 for spin behavior.
[behavior_server-10] [INFO] [1791388389.458435337] [behavior_server]: spin completed successfully
[controller_server-7] [INFO] [1791388389.507280769] [controller_server]: Received a goal, begin computing control effort.
[controller_server-7] [INFO] [1791388390.607632125] [controller_server]: Passing new path to controller.
[controller_server-7] [INFO] [1791388391.607631268] [controller_server]: Passing new path to controller.
[planner_server-9] [INFO] [1791388391.994004641] [global_costmap.global_costmap]: StaticLayer: Resizing costmap to 217 X 218 at 0.050000 m/pix
[controller_server-7] [INFO] [1791388392.607644782] [controller_server]: Passing new path to controller.
[controller_server-7] [INFO] [1791388393.707635391] [controller_server]: Passing new path to controller.
[controller_server-7] [INFO] [1791388394.707630006] [controller_server]: Passing new path to controller.
[controller_server-7] [INFO] [1791388395.707631529] [controller_server]: Passing new path to controller.
[controller_server-7] [INFO] [1791388396.807632347] [controller_server]: Passing new path to controller.
[controller_server-7] [INFO] [1791388397.807641140] [controller_server]: Passing new path to controller.
[controller_server-7] [INFO] [1791388398.807621664] [controller_server]: Passing new path to controller.
[controller_server-7] [ERROR] [1791388399.607711949] [controller_server]: Failed to make progress
[controller_server-7] [WARN] [1791388399.607859248] [controller_server]: [follow_path] [ActionServer] Aborting handle.
[controller_server-7] [INFO] [1791388399.626893128] [local_costmap.local_costmap]: Received request to clear entirely the local_costmap
[controller_server-7] [INFO] [1791388399.627586839] [controller_server]: Received a goal, begin computing control effort.
[controller_server-7] [WARN] [1791388399.729517289] [controller_server]: Control loop missed its desired rate of 10.0000Hz
[controller_server-7] [INFO] [1791388399.827890426] [controller_server]: Passing new path to controller.
[controller_server-7] [INFO] [1791388400.927882698] [controller_server]: Passing new path to controller.
[controller_server-7] [INFO] [1791388401.927888095] [controller_server]: Passing new path to controller.
[controller_server-7] [INFO] [1791388402.927876562] [controller_server]: Passing new path to controller.
[controller_server-7] [INFO] [1791388403.927885046] [controller_server]: Passing new path to controller.
[controller_server-7] [INFO] [1791388405.027870464] [controller_server]: Passing new path to controller.
[controller_server-7] [INFO] [1791388406.027869851] [controller_server]: Passing new path to controller.
[controller_server-7] [INFO] [1791388407.027960210] [controller_server]: Passing new path to controller.
[controller_server-7] [INFO] [1791388408.127897090] [controller_server]: Passing new path to controller.
[controller_server-7] [INFO] [1791388409.127873803] [controller_server]: Passing new path to controller.
[controller_server-7] [ERROR] [1791388409.827934184] [controller_server]: Failed to make progress
[controller_server-7] [WARN] [1791388409.828034051] [controller_server]: [follow_path] [ActionServer] Aborting handle.
[behavior_server-10] [INFO] [1791388409.847686929] [behavior_server]: Running wait
[planner_server-9] [INFO] [1791388409.993999574] [global_costmap.global_costmap]: StaticLayer: Resizing costmap to 217 X 218 at 0.050000 m/pix
[behavior_server-10] [INFO] [1791388412.347964008] [behavior_server]: wait completed successfully
[controller_server-7] [INFO] [1791388412.397414696] [controller_server]: Received a goal, begin computing control effort.
[controller_server-7] [INFO] [1791388413.497784284] [controller_server]: Passing new path to controller.
[controller_server-7] [INFO] [1791388414.497786636] [controller_server]: Passing new path to controller.
[controller_server-7] [INFO] [1791388415.497767132] [controller_server]: Passing new path to controller.
[controller_server-7] [INFO] [1791388416.597772341] [controller_server]: Passing new path to controller.
[controller_server-7] [INFO] [1791388417.597778662] [controller_server]: Passing new path to controller.
[controller_server-7] [INFO] [1791388418.597781643] [controller_server]: Passing new path to controller.
[controller_server-7] [INFO] [1791388419.697780933] [controller_server]: Passing new path to controller.
[controller_server-7] [INFO] [1791388420.697766239] [controller_server]: Passing new path to controller.
[controller_server-7] [INFO] [1791388421.697844591] [controller_server]: Passing new path to controller.
[controller_server-7] [ERROR] [1791388422.497855030] [controller_server]: Failed to make progress
[controller_server-7] [WARN] [1791388422.498006973] [controller_server]: [follow_path] [ActionServer] Aborting handle.
[controller_server-7] [INFO] [1791388422.516947242] [local_costmap.local_costmap]: Received request to clear entirely the local_costmap
[controller_server-7] [INFO] [1791388422.517668291] [controller_server]: Received a goal, begin computing control effort.
[controller_server-7] [INFO] [1791388422.717992063] [controller_server]: Passing new path to controller.
[controller_server-7] [INFO] [1791388423.817982111] [controller_server]: Passing new path to controller.
[controller_server-7] [INFO] [1791388424.817983446] [controller_server]: Passing new path to controller.
[controller_server-7] [INFO] [1791388425.817990526] [controller_server]: Passing new path to controller.
[controller_server-7] [INFO] [1791388426.817980674] [controller_server]: Passing new path to controller.
[controller_server-7] [INFO] [1791388427.917987389] [controller_server]: Passing new path to controller.
[controller_server-7] [INFO] [1791388428.917977455] [controller_server]: Passing new path to controller.
[controller_server-7] [INFO] [1791388429.917982869] [controller_server]: Passing new path to controller.
[controller_server-7] [INFO] [1791388431.017983221] [controller_server]: Passing new path to controller.
[controller_server-7] [INFO] [1791388432.017978186] [controller_server]: Passing new path to controller.
[controller_server-7] [ERROR] [1791388432.618058666] [controller_server]: Failed to make progress
[controller_server-7] [WARN] [1791388432.618205625] [controller_server]: [follow_path] [ActionServer] Aborting handle.
[behavior_server-10] [INFO] [1791388432.637276226] [behavior_server]: Running backup
[behavior_server-10] [INFO] [1791388432.637566245] [behavior_server]: DriveOnHeading: no acceleration or deceleration limits set
[planner_server-9] [INFO] [1791388433.994000973] [global_costmap.global_costmap]: StaticLayer: Resizing costmap to 218 X 218 at 0.050000 m/pix
[behavior_server-10] [INFO] [1791388436.537712480] [behavior_server]: backup completed successfully
[controller_server-7] [INFO] [1791388436.587400145] [controller_server]: Received a goal, begin computing control effort.
[controller_server-7] [INFO] [1791388437.687740881] [controller_server]: Passing new path to controller.
[controller_server-7] [INFO] [1791388438.687746055] [controller_server]: Passing new path to controller.
[controller_server-7] [INFO] [1791388439.687739557] [controller_server]: Passing new path to controller.
[controller_server-7] [INFO] [1791388440.787796635] [controller_server]: Passing new path to controller.
[controller_server-7] [INFO] [1791388441.787742062] [controller_server]: Passing new path to controller.
[controller_server-7] [INFO] [1791388442.787730955] [controller_server]: Passing new path to controller.
[controller_server-7] [INFO] [1791388443.887744880] [controller_server]: Passing new path to controller.
[controller_server-7] [INFO] [1791388444.887741235] [controller_server]: Passing new path to controller.
[controller_server-7] [INFO] [1791388445.887747902] [controller_server]: Passing new path to controller.
[controller_server-7] [ERROR] [1791388446.687832081] [controller_server]: Failed to make progress
[controller_server-7] [WARN] [1791388446.688023461] [controller_server]: [follow_path] [ActionServer] Aborting handle.
[controller_server-7] [INFO] [1791388446.707007327] [local_costmap.local_costmap]: Received request to clear entirely the local_costmap
[controller_server-7] [INFO] [1791388446.707714294] [controller_server]: Received a goal, begin computing control effort.
[controller_server-7] [INFO] [1791388446.907969318] [controller_server]: Passing new path to controller.
[controller_server-7] [INFO] [1791388448.007962849] [controller_server]: Passing new path to controller.
[controller_server-7] [INFO] [1791388449.007961152] [controller_server]: Passing new path to controller.
[controller_server-7] [INFO] [1791388450.007966646] [controller_server]: Passing new path to controller.
[controller_server-7] [INFO] [1791388451.007954964] [controller_server]: Passing new path to controller.
[controller_server-7] [INFO] [1791388452.107949185] [controller_server]: Passing new path to controller.
[controller_server-7] [INFO] [1791388453.107975743] [controller_server]: Passing new path to controller.
[controller_server-7] [INFO] [1791388454.107956516] [controller_server]: Passing new path to controller.
[controller_server-7] [INFO] [1791388455.207965897] [controller_server]: Passing new path to controller.
[controller_server-7] [INFO] [1791388456.207974716] [controller_server]: Passing new path to controller.
[controller_server-7] [ERROR] [1791388456.808060431] [controller_server]: Failed to make progress
[controller_server-7] [WARN] [1791388456.808248635] [controller_server]: [follow_path] [ActionServer] Aborting handle.
[controller_server-7] [INFO] [1791388456.826904049] [local_costmap.local_costmap]: Received request to clear entirely the local_costmap
[planner_server-9] [INFO] [1791388456.827267244] [global_costmap.global_costmap]: Received request to clear entirely the global_costmap
[planner_server-9] [WARN] [1791388456.999055750] [planner_server]: Planner loop missed its desired rate of 5.0000 Hz. Current loop rate is 3.3333 Hz
[controller_server-7] [INFO] [1791388457.017306641] [controller_server]: Received a goal, begin computing control effort.
[controller_server-7] [INFO] [1791388458.117618067] [controller_server]: Passing new path to controller.
[controller_server-7] [INFO] [1791388459.117613931] [controller_server]: Passing new path to controller.
[controller_server-7] [INFO] [1791388460.117611127] [controller_server]: Passing new path to controller.
[controller_server-7] [INFO] [1791388461.217610287] [controller_server]: Passing new path to controller.
[controller_server-7] [INFO] [1791388462.217614877] [controller_server]: Passing new path to controller.
[controller_server-7] [INFO] [1791388463.217613421] [controller_server]: Passing new path to controller.
[controller_server-7] [INFO] [1791388464.317614252] [controller_server]: Passing new path to controller.
[controller_server-7] [INFO] [1791388465.317609845] [controller_server]: Passing new path to controller.
[controller_server-7] [INFO] [1791388466.317628878] [controller_server]: Passing new path to controller.
[controller_server-7] [ERROR] [1791388467.117713522] [controller_server]: Failed to make progress
[controller_server-7] [WARN] [1791388467.117903900] [controller_server]: [follow_path] [ActionServer] Aborting handle.
[controller_server-7] [INFO] [1791388467.136948324] [local_costmap.local_costmap]: Received request to clear entirely the local_costmap
[controller_server-7] [INFO] [1791388467.137930443] [controller_server]: Received a goal, begin computing control effort.
[controller_server-7] [INFO] [1791388467.328224571] [controller_server]: Passing new path to controller.
[controller_server-7] [WARN] [1791388467.330329303] [controller_server]: Control loop missed its desired rate of 10.0000Hz
[controller_server-7] [INFO] [1791388468.438206669] [controller_server]: Passing new path to controller.
[controller_server-7] [INFO] [1791388469.438229647] [controller_server]: Passing new path to controller.
[controller_server-7] [INFO] [1791388470.438215231] [controller_server]: Passing new path to controller.
[controller_server-7] [INFO] [1791388471.438242197] [controller_server]: Passing new path to controller.
[controller_server-7] [INFO] [1791388472.538223428] [controller_server]: Passing new path to controller.
[controller_server-7] [INFO] [1791388473.538223950] [controller_server]: Passing new path to controller.
[controller_server-7] [INFO] [1791388474.538213409] [controller_server]: Passing new path to controller.
[controller_server-7] [INFO] [1791388475.638215200] [controller_server]: Passing new path to controller.
[controller_server-7] [INFO] [1791388476.638220522] [controller_server]: Passing new path to controller.
[controller_server-7] [ERROR] [1791388477.438270200] [controller_server]: Failed to make progress
[controller_server-7] [WARN] [1791388477.438403086] [controller_server]: [follow_path] [ActionServer] Aborting handle.
[behavior_server-10] [INFO] [1791388477.457335954] [behavior_server]: Running spin
[behavior_server-10] [INFO] [1791388477.457510838] [behavior_server]: Turning 1.57 for spin behavior.
[behavior_server-10] [INFO] [1791388479.357717338] [behavior_server]: spin completed successfully
[controller_server-7] [INFO] [1791388479.407328028] [controller_server]: Received a goal, begin computing control effort.
[controller_server-7] [INFO] [1791388480.507677406] [controller_server]: Passing new path to controller.
[controller_server-7] [INFO] [1791388481.507669693] [controller_server]: Passing new path to controller.
[controller_server-7] [INFO] [1791388482.507694071] [controller_server]: Passing new path to controller.
[controller_server-7] [INFO] [1791388483.607686070] [controller_server]: Passing new path to controller.
[controller_server-7] [INFO] [1791388484.607685945] [controller_server]: Passing new path to controller.
[controller_server-7] [INFO] [1791388485.607684445] [controller_server]: Passing new path to controller.
[controller_server-7] [INFO] [1791388486.707701441] [controller_server]: Passing new path to controller.
[controller_server-7] [INFO] [1791388487.707699023] [controller_server]: Passing new path to controller.
[controller_server-7] [INFO] [1791388488.707684571] [controller_server]: Passing new path to controller.
[controller_server-7] [ERROR] [1791388489.507759195] [controller_server]: Failed to make progress
[controller_server-7] [WARN] [1791388489.507906301] [controller_server]: [follow_path] [ActionServer] Aborting handle.
[controller_server-7] [INFO] [1791388489.526997556] [local_costmap.local_costmap]: Received request to clear entirely the local_costmap
[controller_server-7] [INFO] [1791388489.527829126] [controller_server]: Received a goal, begin computing control effort.
[controller_server-7] [INFO] [1791388489.728110033] [controller_server]: Passing new path to controller.
[controller_server-7] [WARN] [1791388489.730240370] [controller_server]: Control loop missed its desired rate of 10.0000Hz
[controller_server-7] [INFO] [1791388490.745566665] [controller_server]: Passing new path to controller.
[controller_server-7] [INFO] [1791388491.859898636] [controller_server]: Passing new path to controller.
[controller_server-7] [INFO] [1791388492.876064581] [controller_server]: Passing new path to controller.
[controller_server-7] [INFO] [1791388493.892754415] [controller_server]: Passing new path to controller.
[controller_server-7] [INFO] [1791388494.905848897] [controller_server]: Passing new path to controller.
[controller_server-7] [INFO] [1791388495.919251779] [controller_server]: Passing new path to controller.
[controller_server-7] [INFO] [1791388496.930315674] [controller_server]: Passing new path to controller.
[controller_server-7] [INFO] [1791388498.030321463] [controller_server]: Passing new path to controller.
[controller_server-7] [INFO] [1791388499.030305330] [controller_server]: Passing new path to controller.
[controller_server-7] [ERROR] [1791388499.830354451] [controller_server]: Failed to make progress
[controller_server-7] [WARN] [1791388499.830452429] [controller_server]: [follow_path] [ActionServer] Aborting handle.
[bt_navigator-11] [WARN] [1791388499.856755190] [bt_navigator]: [navigate_to_pose] [ActionServer] Aborting handle.
[bt_navigator-11] [ERROR] [1791388499.856880633] [bt_navigator]: Goal failed
[python3-5] [WARN] [1791388499.857580072] [coverage_planner]: ⚠️ 航点 4 导航ABORTED，第 2/3 次重试
[python3-5] [INFO] [1791388499.899874413] [coverage_planner]: 🎯 导航到航点 4/40: (0.40, -1.80)
[bt_navigator-11] [INFO] [1791388499.900247619] [bt_navigator]: Begin navigating from current location (-0.61, -2.61) to (0.40, -1.80)
[controller_server-7] [INFO] [1791388499.920603318] [controller_server]: Received a goal, begin computing control effort.
[controller_server-7] [INFO] [1791388501.020773919] [controller_server]: Passing new path to controller.
[controller_server-7] [INFO] [1791388502.020780533] [controller_server]: Passing new path to controller.
[controller_server-7] [INFO] [1791388503.020773068] [controller_server]: Passing new path to controller.
[controller_server-7] [INFO] [1791388504.120769716] [controller_server]: Passing new path to controller.
[controller_server-7] [INFO] [1791388505.120767741] [controller_server]: Passing new path to controller.
[controller_server-7] [INFO] [1791388506.120766873] [controller_server]: Passing new path to controller.
[controller_server-7] [INFO] [1791388507.220778252] [controller_server]: Passing new path to controller.
[controller_server-7] [INFO] [1791388508.220774643] [controller_server]: Passing new path to controller.
[controller_server-7] [INFO] [1791388509.220774301] [controller_server]: Passing new path to controller.
[controller_server-7] [ERROR] [1791388510.020852485] [controller_server]: Failed to make progress
[controller_server-7] [WARN] [1791388510.021012455] [controller_server]: [follow_path] [ActionServer] Aborting handle.
[controller_server-7] [INFO] [1791388510.040628924] [local_costmap.local_costmap]: Received request to clear entirely the local_costmap
[controller_server-7] [INFO] [1791388510.041499587] [controller_server]: Received a goal, begin computing control effort.
[controller_server-7] [INFO] [1791388510.241859247] [controller_server]: Passing new path to controller.
[controller_server-7] [INFO] [1791388511.341849613] [controller_server]: Passing new path to controller.
[controller_server-7] [INFO] [1791388512.341850177] [controller_server]: Passing new path to controller.
[controller_server-7] [INFO] [1791388513.341857914] [controller_server]: Passing new path to controller.
[controller_server-7] [INFO] [1791388514.341850568] [controller_server]: Passing new path to controller.
[controller_server-7] [INFO] [1791388515.441847667] [controller_server]: Passing new path to controller.
[controller_server-7] [INFO] [1791388516.441859595] [controller_server]: Passing new path to controller.
[controller_server-7] [INFO] [1791388517.441847917] [controller_server]: Passing new path to controller.
[controller_server-7] [INFO] [1791388518.541856681] [controller_server]: Passing new path to controller.
[controller_server-7] [INFO] [1791388519.541856637] [controller_server]: Passing new path to controller.
[controller_server-7] [ERROR] [1791388520.241939691] [controller_server]: Failed to make progress
[controller_server-7] [WARN] [1791388520.242106549] [controller_server]: [follow_path] [ActionServer] Aborting handle.
[behavior_server-10] [INFO] [1791388520.261020468] [behavior_server]: Running wait
[behavior_server-10] [INFO] [1791388522.761338474] [behavior_server]: wait completed successfully
[controller_server-7] [INFO] [1791388522.810894056] [controller_server]: Received a goal, begin computing control effort.
[controller_server-7] [INFO] [1791388523.911248324] [controller_server]: Passing new path to controller.
[controller_server-7] [INFO] [1791388524.911245868] [controller_server]: Passing new path to controller.
[controller_server-7] [INFO] [1791388525.911241127] [controller_server]: Passing new path to controller.
[controller_server-7] [INFO] [1791388527.011246622] [controller_server]: Passing new path to controller.
[controller_server-7] [INFO] [1791388528.011246002] [controller_server]: Passing new path to controller.
[controller_server-7] [INFO] [1791388529.011241462] [controller_server]: Passing new path to controller.
[controller_server-7] [INFO] [1791388530.111245358] [controller_server]: Passing new path to controller.
[controller_server-7] [INFO] [1791388531.111251670] [controller_server]: Passing new path to controller.
[controller_server-7] [INFO] [1791388532.111242247] [controller_server]: Passing new path to controller.
[controller_server-7] [ERROR] [1791388532.911292901] [controller_server]: Failed to make progress
[controller_server-7] [WARN] [1791388532.911389421] [controller_server]: [follow_path] [ActionServer] Aborting handle.
[controller_server-7] [INFO] [1791388532.930598005] [local_costmap.local_costmap]: Received request to clear entirely the local_costmap
[controller_server-7] [INFO] [1791388532.931629833] [controller_server]: Received a goal, begin computing control effort.
[controller_server-7] [INFO] [1791388533.131963747] [controller_server]: Passing new path to controller.
[controller_server-7] [WARN] [1791388533.134099187] [controller_server]: Control loop missed its desired rate of 10.0000Hz
[controller_server-7] [INFO] [1791388534.152845429] [controller_server]: Passing new path to controller.
[controller_server-7] [INFO] [1791388535.170900318] [controller_server]: Passing new path to controller.
[controller_server-7] [INFO] [1791388536.285026102] [controller_server]: Passing new path to controller.
[controller_server-7] [INFO] [1791388537.297544920] [controller_server]: Passing new path to controller.
[controller_server-7] [INFO] [1791388538.311478391] [controller_server]: Passing new path to controller.
[controller_server-7] [INFO] [1791388539.327919781] [controller_server]: Passing new path to controller.
[controller_server-7] [INFO] [1791388540.334162685] [controller_server]: Passing new path to controller.
[controller_server-7] [INFO] [1791388541.434166021] [controller_server]: Passing new path to controller.
[planner_server-9] [INFO] [1791388541.993952659] [global_costmap.global_costmap]: StaticLayer: Resizing costmap to 218 X 218 at 0.050000 m/pix
[controller_server-7] [INFO] [1791388542.434167151] [controller_server]: Passing new path to controller.
[controller_server-7] [ERROR] [1791388543.234220590] [controller_server]: Failed to make progress
[controller_server-7] [WARN] [1791388543.234330443] [controller_server]: [follow_path] [ActionServer] Aborting handle.
[behavior_server-10] [INFO] [1791388543.250926160] [behavior_server]: Running backup
[behavior_server-10] [INFO] [1791388547.451408574] [behavior_server]: backup completed successfully
[controller_server-7] [INFO] [1791388547.501008910] [controller_server]: Received a goal, begin computing control effort.
[controller_server-7] [INFO] [1791388548.601374990] [controller_server]: Passing new path to controller.
[controller_server-7] [INFO] [1791388549.601375899] [controller_server]: Passing new path to controller.
[controller_server-7] [INFO] [1791388550.601370564] [controller_server]: Passing new path to controller.
[controller_server-7] [INFO] [1791388551.701372244] [controller_server]: Passing new path to controller.
[controller_server-7] [INFO] [1791388552.701368504] [controller_server]: Passing new path to controller.
[controller_server-7] [INFO] [1791388553.701372256] [controller_server]: Passing new path to controller.
[controller_server-7] [INFO] [1791388554.701369985] [controller_server]: Passing new path to controller.
[controller_server-7] [INFO] [1791388555.801373708] [controller_server]: Passing new path to controller.
[controller_server-7] [INFO] [1791388556.801371834] [controller_server]: Passing new path to controller.
[controller_server-7] [ERROR] [1791388557.601479132] [controller_server]: Failed to make progress
[controller_server-7] [WARN] [1791388557.601656881] [controller_server]: [follow_path] [ActionServer] Aborting handle.
[controller_server-7] [INFO] [1791388557.620626275] [local_costmap.local_costmap]: Received request to clear entirely the local_costmap
[controller_server-7] [INFO] [1791388557.621549303] [controller_server]: Received a goal, begin computing control effort.
[controller_server-7] [WARN] [1791388557.723164511] [controller_server]: Control loop missed its desired rate of 10.0000Hz
[controller_server-7] [INFO] [1791388557.821898281] [controller_server]: Passing new path to controller.
[controller_server-7] [INFO] [1791388558.821887690] [controller_server]: Passing new path to controller.
[controller_server-7] [INFO] [1791388559.921880176] [controller_server]: Passing new path to controller.
[controller_server-7] [INFO] [1791388560.921886257] [controller_server]: Passing new path to controller.
[controller_server-7] [INFO] [1791388561.921880124] [controller_server]: Passing new path to controller.
[controller_server-7] [INFO] [1791388563.021887970] [controller_server]: Passing new path to controller.
[controller_server-7] [INFO] [1791388564.021885763] [controller_server]: Passing new path to controller.
[controller_server-7] [INFO] [1791388565.021978470] [controller_server]: Passing new path to controller.
[controller_server-7] [INFO] [1791388566.121898154] [controller_server]: Passing new path to controller.
[controller_server-7] [INFO] [1791388567.121893080] [controller_server]: Passing new path to controller.
[controller_server-7] [ERROR] [1791388567.821964084] [controller_server]: Failed to make progress
[controller_server-7] [WARN] [1791388567.822116639] [controller_server]: [follow_path] [ActionServer] Aborting handle.
[controller_server-7] [INFO] [1791388567.840560400] [local_costmap.local_costmap]: Received request to clear entirely the local_costmap
[planner_server-9] [INFO] [1791388567.841014328] [global_costmap.global_costmap]: Received request to clear entirely the global_costmap
[planner_server-9] [WARN] [1791388568.002406613] [planner_server]: Planner loop missed its desired rate of 5.0000 Hz. Current loop rate is 3.3333 Hz
[controller_server-7] [INFO] [1791388568.020907246] [controller_server]: Received a goal, begin computing control effort.
[controller_server-7] [INFO] [1791388569.121214733] [controller_server]: Passing new path to controller.
[controller_server-7] [INFO] [1791388570.121228158] [controller_server]: Passing new path to controller.
[controller_server-7] [INFO] [1791388571.121274179] [controller_server]: Passing new path to controller.
[controller_server-7] [INFO] [1791388572.221216020] [controller_server]: Passing new path to controller.
[controller_server-7] [INFO] [1791388573.221235312] [controller_server]: Passing new path to controller.
[controller_server-7] [INFO] [1791388574.221221869] [controller_server]: Passing new path to controller.
[controller_server-7] [INFO] [1791388575.321209664] [controller_server]: Passing new path to controller.
[controller_server-7] [INFO] [1791388576.321208119] [controller_server]: Passing new path to controller.
[controller_server-7] [INFO] [1791388577.321224187] [controller_server]: Passing new path to controller.
[controller_server-7] [ERROR] [1791388578.121260593] [controller_server]: Failed to make progress
[controller_server-7] [WARN] [1791388578.121424057] [controller_server]: [follow_path] [ActionServer] Aborting handle.
[controller_server-7] [INFO] [1791388578.140588300] [local_costmap.local_costmap]: Received request to clear entirely the local_costmap
[controller_server-7] [INFO] [1791388578.141543288] [controller_server]: Received a goal, begin computing control effort.
[controller_server-7] [INFO] [1791388578.331870132] [controller_server]: Passing new path to controller.
[controller_server-7] [WARN] [1791388578.333924293] [controller_server]: Control loop missed its desired rate of 10.0000Hz
[controller_server-7] [INFO] [1791388579.341865114] [controller_server]: Passing new path to controller.
[controller_server-7] [INFO] [1791388580.441864465] [controller_server]: Passing new path to controller.
[controller_server-7] [INFO] [1791388581.441873629] [controller_server]: Passing new path to controller.
[controller_server-7] [INFO] [1791388582.441877490] [controller_server]: Passing new path to controller.
[controller_server-7] [INFO] [1791388583.541873416] [controller_server]: Passing new path to controller.
[controller_server-7] [INFO] [1791388584.541875779] [controller_server]: Passing new path to controller.
[controller_server-7] [INFO] [1791388585.541865913] [controller_server]: Passing new path to controller.
[controller_server-7] [INFO] [1791388586.541850615] [controller_server]: Passing new path to controller.
[controller_server-7] [INFO] [1791388587.641861130] [controller_server]: Passing new path to controller.
[controller_server-7] [ERROR] [1791388588.441946170] [controller_server]: Failed to make progress
[controller_server-7] [WARN] [1791388588.442086311] [controller_server]: [follow_path] [ActionServer] Aborting handle.
[behavior_server-10] [INFO] [1791388588.460796524] [behavior_server]: Running spin
[behavior_server-10] [INFO] [1791388588.460984586] [behavior_server]: Turning 1.57 for spin behavior.
[behavior_server-10] [INFO] [1791388590.561260251] [behavior_server]: spin completed successfully
[controller_server-7] [INFO] [1791388590.611086583] [controller_server]: Received a goal, begin computing control effort.
[controller_server-7] [INFO] [1791388591.711468040] [controller_server]: Passing new path to controller.
[controller_server-7] [INFO] [1791388592.711477024] [controller_server]: Passing new path to controller.
[controller_server-7] [INFO] [1791388593.711469558] [controller_server]: Passing new path to controller.
[controller_server-7] [INFO] [1791388594.811469093] [controller_server]: Passing new path to controller.
[controller_server-7] [INFO] [1791388595.811450549] [controller_server]: Passing new path to controller.
[controller_server-7] [INFO] [1791388596.811471029] [controller_server]: Passing new path to controller.
[controller_server-7] [INFO] [1791388597.911470022] [controller_server]: Passing new path to controller.
[controller_server-7] [INFO] [1791388598.911475646] [controller_server]: Passing new path to controller.
[controller_server-7] [INFO] [1791388599.911461118] [controller_server]: Passing new path to controller.
[controller_server-7] [ERROR] [1791388600.711492450] [controller_server]: Failed to make progress
[controller_server-7] [WARN] [1791388600.711580052] [controller_server]: [follow_path] [ActionServer] Aborting handle.
[controller_server-7] [INFO] [1791388600.730636892] [local_costmap.local_costmap]: Received request to clear entirely the local_costmap
[controller_server-7] [INFO] [1791388600.731643972] [controller_server]: Received a goal, begin computing control effort.
[controller_server-7] [INFO] [1791388600.921984070] [controller_server]: Passing new path to controller.
[controller_server-7] [WARN] [1791388600.923343003] [controller_server]: Control loop missed its desired rate of 10.0000Hz
[controller_server-7] [INFO] [1791388602.031984452] [controller_server]: Passing new path to controller.
[controller_server-7] [INFO] [1791388603.031981285] [controller_server]: Passing new path to controller.
[controller_server-7] [INFO] [1791388604.031988552] [controller_server]: Passing new path to controller.
[controller_server-7] [INFO] [1791388605.031986145] [controller_server]: Passing new path to controller.
[controller_server-7] [INFO] [1791388606.131972174] [controller_server]: Passing new path to controller.
[controller_server-7] [INFO] [1791388607.131987745] [controller_server]: Passing new path to controller.
[controller_server-7] [INFO] [1791388608.131991681] [controller_server]: Passing new path to controller.
[controller_server-7] [INFO] [1791388609.231986771] [controller_server]: Passing new path to controller.
[controller_server-7] [INFO] [1791388610.231989078] [controller_server]: Passing new path to controller.
[controller_server-7] [ERROR] [1791388611.032099913] [controller_server]: Failed to make progress
[controller_server-7] [WARN] [1791388611.032318002] [controller_server]: [follow_path] [ActionServer] Aborting handle.
[behavior_server-10] [INFO] [1791388611.050886850] [behavior_server]: Running wait
[behavior_server-10] [INFO] [1791388613.551177010] [behavior_server]: wait completed successfully
[controller_server-7] [INFO] [1791388613.601190870] [controller_server]: Received a goal, begin computing control effort.
[controller_server-7] [INFO] [1791388614.701464791] [controller_server]: Passing new path to controller.
[controller_server-7] [INFO] [1791388615.701469376] [controller_server]: Passing new path to controller.
[controller_server-7] [INFO] [1791388616.701481302] [controller_server]: Passing new path to controller.
[controller_server-7] [INFO] [1791388617.801467626] [controller_server]: Passing new path to controller.
[controller_server-7] [INFO] [1791388618.801484440] [controller_server]: Passing new path to controller.
[controller_server-7] [INFO] [1791388619.801477788] [controller_server]: Passing new path to controller.
[controller_server-7] [INFO] [1791388620.901469435] [controller_server]: Passing new path to controller.
[controller_server-7] [INFO] [1791388621.901498310] [controller_server]: Passing new path to controller.
[controller_server-7] [INFO] [1791388622.901471337] [controller_server]: Passing new path to controller.
[controller_server-7] [ERROR] [1791388623.701607355] [controller_server]: Failed to make progress
[controller_server-7] [WARN] [1791388623.701790741] [controller_server]: [follow_path] [ActionServer] Aborting handle.
[controller_server-7] [INFO] [1791388623.720696134] [local_costmap.local_costmap]: Received request to clear entirely the local_costmap
[controller_server-7] [INFO] [1791388623.721527958] [controller_server]: Received a goal, begin computing control effort.
[controller_server-7] [INFO] [1791388623.921844551] [controller_server]: Passing new path to controller.
[controller_server-7] [INFO] [1791388625.021830781] [controller_server]: Passing new path to controller.
[controller_server-7] [INFO] [1791388626.021834076] [controller_server]: Passing new path to controller.
[controller_server-7] [INFO] [1791388627.021863494] [controller_server]: Passing new path to controller.
[controller_server-7] [INFO] [1791388628.021830461] [controller_server]: Passing new path to controller.
[controller_server-7] [INFO] [1791388629.121834450] [controller_server]: Passing new path to controller.
[controller_server-7] [INFO] [1791388630.121836434] [controller_server]: Passing new path to controller.
[controller_server-7] [INFO] [1791388631.121828436] [controller_server]: Passing new path to controller.
[controller_server-7] [INFO] [1791388632.221919107] [controller_server]: Passing new path to controller.
[controller_server-7] [INFO] [1791388633.221818238] [controller_server]: Passing new path to controller.
[controller_server-7] [ERROR] [1791388633.821916886] [controller_server]: Failed to make progress
[controller_server-7] [WARN] [1791388633.822078603] [controller_server]: [follow_path] [ActionServer] Aborting handle.
[behavior_server-10] [INFO] [1791388633.840820981] [behavior_server]: Running backup
[behavior_server-10] [INFO] [1791388637.841213035] [behavior_server]: backup completed successfully
[controller_server-7] [INFO] [1791388637.890829990] [controller_server]: Received a goal, begin computing control effort.
[controller_server-7] [INFO] [1791388638.991084685] [controller_server]: Passing new path to controller.
[controller_server-7] [INFO] [1791388639.991104070] [controller_server]: Passing new path to controller.
[controller_server-7] [INFO] [1791388640.991098108] [controller_server]: Passing new path to controller.
[controller_server-7] [INFO] [1791388642.091097901] [controller_server]: Passing new path to controller.
[controller_server-7] [INFO] [1791388643.091105579] [controller_server]: Passing new path to controller.
[controller_server-7] [INFO] [1791388644.091088909] [controller_server]: Passing new path to controller.
[controller_server-7] [INFO] [1791388645.191098931] [controller_server]: Passing new path to controller.
[controller_server-7] [INFO] [1791388646.191092746] [controller_server]: Passing new path to controller.
[controller_server-7] [INFO] [1791388647.191103993] [controller_server]: Passing new path to controller.
[controller_server-7] [ERROR] [1791388647.991191996] [controller_server]: Failed to make progress
[controller_server-7] [WARN] [1791388647.991358865] [controller_server]: [follow_path] [ActionServer] Aborting handle.
[controller_server-7] [INFO] [1791388648.010588866] [local_costmap.local_costmap]: Received request to clear entirely the local_costmap
[controller_server-7] [INFO] [1791388648.011150314] [controller_server]: Received a goal, begin computing control effort.
[controller_server-7] [WARN] [1791388648.133030772] [controller_server]: Control loop missed its desired rate of 10.0000Hz
[controller_server-7] [INFO] [1791388648.211458887] [controller_server]: Passing new path to controller.
[controller_server-7] [INFO] [1791388649.311551840] [controller_server]: Passing new path to controller.
[controller_server-7] [INFO] [1791388650.311424276] [controller_server]: Passing new path to controller.
[controller_server-7] [INFO] [1791388651.311431744] [controller_server]: Passing new path to controller.
[controller_server-7] [INFO] [1791388652.311432551] [controller_server]: Passing new path to controller.
[controller_server-7] [INFO] [1791388653.411413594] [controller_server]: Passing new path to controller.
[controller_server-7] [INFO] [1791388654.411413735] [controller_server]: Passing new path to controller.
[controller_server-7] [INFO] [1791388655.411430802] [controller_server]: Passing new path to controller.
[controller_server-7] [INFO] [1791388656.511418816] [controller_server]: Passing new path to controller.
[controller_server-7] [INFO] [1791388657.511432646] [controller_server]: Passing new path to controller.
[controller_server-7] [ERROR] [1791388658.211479816] [controller_server]: Failed to make progress
[controller_server-7] [WARN] [1791388658.211577039] [controller_server]: [follow_path] [ActionServer] Aborting handle.
[bt_navigator-11] [WARN] [1791388658.240381393] [bt_navigator]: [navigate_to_pose] [ActionServer] Aborting handle.
[bt_navigator-11] [ERROR] [1791388658.240527114] [bt_navigator]: Goal failed
[python3-5] [WARN] [1791388658.241832225] [coverage_planner]: 🚨 航点 4 失败 3 次(ABORTED)，跳过
[python3-5] [INFO] [1791388658.254319333] [coverage_planner]: 🎯 导航到航点 5/40: (0.40, -1.40)
[bt_navigator-11] [INFO] [1791388658.254808359] [bt_navigator]: Begin navigating from current location (0.43, -2.96) to (0.40, -1.40)
[controller_server-7] [INFO] [1791388658.275316477] [controller_server]: Received a goal, begin computing control effort.
[controller_server-7] [INFO] [1791388659.375533681] [controller_server]: Passing new path to controller.
[controller_server-7] [INFO] [1791388660.375525296] [controller_server]: Passing new path to controller.
[controller_server-7] [INFO] [1791388661.375529047] [controller_server]: Passing new path to controller.
[controller_server-7] [INFO] [1791388662.475550364] [controller_server]: Passing new path to controller.
[controller_server-7] [INFO] [1791388663.475518400] [controller_server]: Passing new path to controller.
[controller_server-7] [INFO] [1791388664.475525629] [controller_server]: Passing new path to controller.
[controller_server-7] [INFO] [1791388665.575527894] [controller_server]: Passing new path to controller.
[controller_server-7] [INFO] [1791388666.575516055] [controller_server]: Passing new path to controller.
[controller_server-7] [INFO] [1791388667.575513696] [controller_server]: Passing new path to controller.
[controller_server-7] [ERROR] [1791388668.375570280] [controller_server]: Failed to make progress
[controller_server-7] [WARN] [1791388668.375698392] [controller_server]: [follow_path] [ActionServer] Aborting handle.
[controller_server-7] [INFO] [1791388668.395188323] [local_costmap.local_costmap]: Received request to clear entirely the local_costmap
[controller_server-7] [INFO] [1791388668.395914712] [controller_server]: Received a goal, begin computing control effort.
[controller_server-7] [WARN] [1791388668.527129908] [controller_server]: Control loop missed its desired rate of 10.0000Hz
[controller_server-7] [INFO] [1791388668.596203779] [controller_server]: Passing new path to controller.
[controller_server-7] [INFO] [1791388669.696209940] [controller_server]: Passing new path to controller.
[controller_server-7] [INFO] [1791388670.696207612] [controller_server]: Passing new path to controller.
[controller_server-7] [INFO] [1791388671.696196871] [controller_server]: Passing new path to controller.
[controller_server-7] [INFO] [1791388672.696205833] [controller_server]: Passing new path to controller.
[controller_server-7] [INFO] [1791388673.796197060] [controller_server]: Passing new path to controller.
[controller_server-7] [INFO] [1791388674.796199487] [controller_server]: Passing new path to controller.
[controller_server-7] [INFO] [1791388675.796210675] [controller_server]: Passing new path to controller.
[controller_server-7] [INFO] [1791388676.896212206] [controller_server]: Passing new path to controller.
[controller_server-7] [INFO] [1791388677.896205006] [controller_server]: Passing new path to controller.
[controller_server-7] [ERROR] [1791388678.596290312] [controller_server]: Failed to make progress
[controller_server-7] [WARN] [1791388678.596432475] [controller_server]: [follow_path] [ActionServer] Aborting handle.
[controller_server-7] [INFO] [1791388678.615230081] [local_costmap.local_costmap]: Received request to clear entirely the local_costmap
[planner_server-9] [INFO] [1791388678.615743514] [global_costmap.global_costmap]: Received request to clear entirely the global_costmap
[planner_server-9] [WARN] [1791388678.997485908] [planner_server]: Planner loop missed its desired rate of 5.0000 Hz. Current loop rate is 1.2500 Hz
[controller_server-7] [INFO] [1791388679.015417536] [controller_server]: Received a goal, begin computing control effort.
[controller_server-7] [INFO] [1791388680.115717426] [controller_server]: Passing new path to controller.
[controller_server-7] [INFO] [1791388681.115712780] [controller_server]: Passing new path to controller.
[controller_server-7] [INFO] [1791388682.115723652] [controller_server]: Passing new path to controller.
[controller_server-7] [INFO] [1791388683.215706143] [controller_server]: Passing new path to controller.
[controller_server-7] [INFO] [1791388684.215713803] [controller_server]: Passing new path to controller.
[controller_server-7] [INFO] [1791388685.215714529] [controller_server]: Passing new path to controller.
[controller_server-7] [INFO] [1791388686.315720559] [controller_server]: Passing new path to controller.
[controller_server-7] [INFO] [1791388687.315709225] [controller_server]: Passing new path to controller.
[controller_server-7] [INFO] [1791388688.315720225] [controller_server]: Passing new path to controller.
[controller_server-7] [ERROR] [1791388689.115774324] [controller_server]: Failed to make progress
[controller_server-7] [WARN] [1791388689.115911733] [controller_server]: [follow_path] [ActionServer] Aborting handle.
[controller_server-7] [INFO] [1791388689.135234815] [local_costmap.local_costmap]: Received request to clear entirely the local_costmap
[controller_server-7] [INFO] [1791388689.136148927] [controller_server]: Received a goal, begin computing control effort.
[controller_server-7] [INFO] [1791388689.326402218] [controller_server]: Passing new path to controller.
[controller_server-7] [WARN] [1791388689.328084453] [controller_server]: Control loop missed its desired rate of 10.0000Hz
[controller_server-7] [INFO] [1791388690.436401956] [controller_server]: Passing new path to controller.
[controller_server-7] [INFO] [1791388691.436401115] [controller_server]: Passing new path to controller.
[controller_server-7] [INFO] [1791388692.436370053] [controller_server]: Passing new path to controller.
[controller_server-7] [INFO] [1791388693.436397428] [controller_server]: Passing new path to controller.
[controller_server-7] [INFO] [1791388694.536400085] [controller_server]: Passing new path to controller.
[controller_server-7] [INFO] [1791388695.536396816] [controller_server]: Passing new path to controller.
[controller_server-7] [INFO] [1791388696.536398461] [controller_server]: Passing new path to controller.
[controller_server-7] [INFO] [1791388697.636394396] [controller_server]: Passing new path to controller.
[controller_server-7] [INFO] [1791388698.636392588] [controller_server]: Passing new path to controller.
[controller_server-7] [ERROR] [1791388699.436463944] [controller_server]: Failed to make progress
[controller_server-7] [WARN] [1791388699.436568444] [controller_server]: [follow_path] [ActionServer] Aborting handle.
[behavior_server-10] [INFO] [1791388699.455253151] [behavior_server]: Running spin
[behavior_server-10] [INFO] [1791388699.455363321] [behavior_server]: Turning 1.57 for spin behavior.
[behavior_server-10] [INFO] [1791388701.755576698] [behavior_server]: spin completed successfully
[controller_server-7] [INFO] [1791388701.805501383] [controller_server]: Received a goal, begin computing control effort.
[controller_server-7] [INFO] [1791388702.905789781] [controller_server]: Passing new path to controller.
[controller_server-7] [INFO] [1791388703.905781241] [controller_server]: Passing new path to controller.
[controller_server-7] [INFO] [1791388704.905796843] [controller_server]: Passing new path to controller.
[controller_server-7] [INFO] [1791388706.005785850] [controller_server]: Passing new path to controller.
[controller_server-7] [INFO] [1791388707.005790404] [controller_server]: Passing new path to controller.
[controller_server-7] [INFO] [1791388708.005785410] [controller_server]: Passing new path to controller.
[controller_server-7] [INFO] [1791388709.105789115] [controller_server]: Passing new path to controller.
[controller_server-7] [INFO] [1791388710.105803093] [controller_server]: Passing new path to controller.
[controller_server-7] [INFO] [1791388711.105791032] [controller_server]: Passing new path to controller.
[controller_server-7] [ERROR] [1791388711.905851161] [controller_server]: Failed to make progress
[controller_server-7] [WARN] [1791388711.905972565] [controller_server]: [follow_path] [ActionServer] Aborting handle.
[controller_server-7] [INFO] [1791388711.925110172] [local_costmap.local_costmap]: Received request to clear entirely the local_costmap
[controller_server-7] [INFO] [1791388711.925800648] [controller_server]: Received a goal, begin computing control effort.
[controller_server-7] [INFO] [1791388712.126050732] [controller_server]: Passing new path to controller.
[controller_server-7] [WARN] [1791388712.127591180] [controller_server]: Control loop missed its desired rate of 10.0000Hz
[controller_server-7] [INFO] [1791388713.139666449] [controller_server]: Passing new path to controller.
[controller_server-7] [INFO] [1791388714.249477646] [controller_server]: Passing new path to controller.
[controller_server-7] [INFO] [1791388715.261823761] [controller_server]: Passing new path to controller.
[controller_server-7] [INFO] [1791388716.274905749] [controller_server]: Passing new path to controller.
[controller_server-7] [INFO] [1791388717.284401090] [controller_server]: Passing new path to controller.
[controller_server-7] [INFO] [1791388718.298310227] [controller_server]: Passing new path to controller.
[controller_server-7] [INFO] [1791388719.413799340] [controller_server]: Passing new path to controller.
[controller_server-7] [INFO] [1791388720.425873004] [controller_server]: Passing new path to controller.
[controller_server-7] [INFO] [1791388721.427679642] [controller_server]: Passing new path to controller.
[controller_server-7] [ERROR] [1791388722.227742329] [controller_server]: Failed to make progress
[controller_server-7] [WARN] [1791388722.251156817] [controller_server]: [follow_path] [ActionServer] Aborting handle.
[behavior_server-10] [INFO] [1791388722.265273010] [behavior_server]: Running wait
[behavior_server-10] [INFO] [1791388724.765546596] [behavior_server]: wait completed successfully
[controller_server-7] [INFO] [1791388724.815702881] [controller_server]: Received a goal, begin computing control effort.
[controller_server-7] [INFO] [1791388725.916063927] [controller_server]: Passing new path to controller.
[controller_server-7] [INFO] [1791388726.916059641] [controller_server]: Passing new path to controller.
[controller_server-7] [INFO] [1791388727.916064082] [controller_server]: Passing new path to controller.
[controller_server-7] [INFO] [1791388729.016053654] [controller_server]: Passing new path to controller.
[controller_server-7] [INFO] [1791388730.016055721] [controller_server]: Passing new path to controller.
[controller_server-7] [INFO] [1791388731.016055564] [controller_server]: Passing new path to controller.
[controller_server-7] [INFO] [1791388732.116062141] [controller_server]: Passing new path to controller.
[controller_server-7] [INFO] [1791388733.116057153] [controller_server]: Passing new path to controller.
[controller_server-7] [INFO] [1791388734.116050200] [controller_server]: Passing new path to controller.
[controller_server-7] [ERROR] [1791388734.916109679] [controller_server]: Failed to make progress
[controller_server-7] [WARN] [1791388734.916214602] [controller_server]: [follow_path] [ActionServer] Aborting handle.
[controller_server-7] [INFO] [1791388734.935205687] [local_costmap.local_costmap]: Received request to clear entirely the local_costmap
[controller_server-7] [INFO] [1791388734.936254767] [controller_server]: Received a goal, begin computing control effort.
[controller_server-7] [INFO] [1791388735.126576935] [controller_server]: Passing new path to controller.
[controller_server-7] [WARN] [1791388735.128298495] [controller_server]: Control loop missed its desired rate of 10.0000Hz
[controller_server-7] [INFO] [1791388736.236577239] [controller_server]: Passing new path to controller.
[controller_server-7] [INFO] [1791388737.236578992] [controller_server]: Passing new path to controller.
[controller_server-7] [INFO] [1791388738.236568285] [controller_server]: Passing new path to controller.
[controller_server-7] [INFO] [1791388739.236574771] [controller_server]: Passing new path to controller.
[controller_server-7] [INFO] [1791388740.336676548] [controller_server]: Passing new path to controller.
[controller_server-7] [INFO] [1791388741.336581447] [controller_server]: Passing new path to controller.
[controller_server-7] [INFO] [1791388742.336579061] [controller_server]: Passing new path to controller.
[controller_server-7] [INFO] [1791388743.436574049] [controller_server]: Passing new path to controller.
[controller_server-7] [INFO] [1791388744.436587194] [controller_server]: Passing new path to controller.
[controller_server-7] [ERROR] [1791388745.236608149] [controller_server]: Failed to make progress
[controller_server-7] [WARN] [1791388745.236695089] [controller_server]: [follow_path] [ActionServer] Aborting handle.
[behavior_server-10] [INFO] [1791388745.255129504] [behavior_server]: Running backup
[behavior_server-10] [INFO] [1791388748.855410458] [behavior_server]: backup completed successfully
[controller_server-7] [INFO] [1791388748.905581090] [controller_server]: Received a goal, begin computing control effort.
[controller_server-7] [INFO] [1791388750.005917433] [controller_server]: Passing new path to controller.
[controller_server-7] [INFO] [1791388751.005924637] [controller_server]: Passing new path to controller.
[controller_server-7] [INFO] [1791388752.005924638] [controller_server]: Passing new path to controller.
[controller_server-7] [INFO] [1791388753.105933077] [controller_server]: Passing new path to controller.
[controller_server-7] [INFO] [1791388754.105948162] [controller_server]: Passing new path to controller.
[controller_server-7] [INFO] [1791388755.105926522] [controller_server]: Passing new path to controller.
[controller_server-7] [INFO] [1791388756.205940900] [controller_server]: Passing new path to controller.
[controller_server-7] [INFO] [1791388757.205947206] [controller_server]: Passing new path to controller.
[controller_server-7] [INFO] [1791388758.205937480] [controller_server]: Passing new path to controller.
[controller_server-7] [ERROR] [1791388759.006019946] [controller_server]: Failed to make progress
[controller_server-7] [WARN] [1791388759.006199972] [controller_server]: [follow_path] [ActionServer] Aborting handle.
[controller_server-7] [INFO] [1791388759.025264826] [local_costmap.local_costmap]: Received request to clear entirely the local_costmap
[controller_server-7] [INFO] [1791388759.026170382] [controller_server]: Received a goal, begin computing control effort.
[controller_server-7] [WARN] [1791388759.128179197] [controller_server]: Control loop missed its desired rate of 10.0000Hz
[controller_server-7] [INFO] [1791388759.226484946] [controller_server]: Passing new path to controller.
[controller_server-7] [INFO] [1791388760.326469210] [controller_server]: Passing new path to controller.
[controller_server-7] [INFO] [1791388761.326461619] [controller_server]: Passing new path to controller.
[controller_server-7] [INFO] [1791388762.326467408] [controller_server]: Passing new path to controller.
[controller_server-7] [INFO] [1791388763.326469185] [controller_server]: Passing new path to controller.
[controller_server-7] [INFO] [1791388764.426471524] [controller_server]: Passing new path to controller.
[controller_server-7] [INFO] [1791388765.426460578] [controller_server]: Passing new path to controller.
[controller_server-7] [INFO] [1791388766.426474337] [controller_server]: Passing new path to controller.
[controller_server-7] [INFO] [1791388767.526448916] [controller_server]: Passing new path to controller.
[controller_server-7] [INFO] [1791388768.526457687] [controller_server]: Passing new path to controller.
[controller_server-7] [ERROR] [1791388769.226517118] [controller_server]: Failed to make progress
[controller_server-7] [WARN] [1791388769.226576943] [controller_server]: [follow_path] [ActionServer] Aborting handle.
[controller_server-7] [INFO] [1791388769.245111740] [local_costmap.local_costmap]: Received request to clear entirely the local_costmap
[planner_server-9] [INFO] [1791388769.245425775] [global_costmap.global_costmap]: Received request to clear entirely the global_costmap
[planner_server-9] [WARN] [1791388769.996811518] [planner_server]: Planner loop missed its desired rate of 5.0000 Hz. Current loop rate is 0.6667 Hz
[controller_server-7] [INFO] [1791388770.015355015] [controller_server]: Received a goal, begin computing control effort.
[controller_server-7] [INFO] [1791388771.115632996] [controller_server]: Passing new path to controller.
[controller_server-7] [INFO] [1791388772.115615543] [controller_server]: Passing new path to controller.
[controller_server-7] [INFO] [1791388773.115607235] [controller_server]: Passing new path to controller.
[controller_server-7] [INFO] [1791388774.215614860] [controller_server]: Passing new path to controller.
[controller_server-7] [INFO] [1791388775.215624455] [controller_server]: Passing new path to controller.
[controller_server-7] [INFO] [1791388776.215607721] [controller_server]: Passing new path to controller.
[controller_server-7] [INFO] [1791388777.315613971] [controller_server]: Passing new path to controller.
[controller_server-7] [INFO] [1791388778.315632830] [controller_server]: Passing new path to controller.
[controller_server-7] [INFO] [1791388779.315628943] [controller_server]: Passing new path to controller.
[controller_server-7] [ERROR] [1791388780.115667737] [controller_server]: Failed to make progress
[controller_server-7] [WARN] [1791388780.115780880] [controller_server]: [follow_path] [ActionServer] Aborting handle.
[controller_server-7] [INFO] [1791388780.135087273] [local_costmap.local_costmap]: Received request to clear entirely the local_costmap
[controller_server-7] [INFO] [1791388780.135528831] [controller_server]: Received a goal, begin computing control effort.
[controller_server-7] [INFO] [1791388780.325716654] [controller_server]: Passing new path to controller.
[controller_server-7] [WARN] [1791388780.327075312] [controller_server]: Control loop missed its desired rate of 10.0000Hz
[controller_server-7] [INFO] [1791388781.435722719] [controller_server]: Passing new path to controller.
[controller_server-7] [INFO] [1791388782.435722319] [controller_server]: Passing new path to controller.
[controller_server-7] [INFO] [1791388783.435710136] [controller_server]: Passing new path to controller.
[controller_server-7] [INFO] [1791388784.435724659] [controller_server]: Passing new path to controller.
[controller_server-7] [INFO] [1791388785.535725258] [controller_server]: Passing new path to controller.
[controller_server-7] [INFO] [1791388786.535720959] [controller_server]: Passing new path to controller.
[controller_server-7] [INFO] [1791388787.535726289] [controller_server]: Passing new path to controller.
[controller_server-7] [INFO] [1791388788.635736496] [controller_server]: Passing new path to controller.
[controller_server-7] [INFO] [1791388789.635728069] [controller_server]: Passing new path to controller.
[controller_server-7] [ERROR] [1791388790.435779361] [controller_server]: Failed to make progress
[controller_server-7] [WARN] [1791388790.435912968] [controller_server]: [follow_path] [ActionServer] Aborting handle.
[behavior_server-10] [INFO] [1791388790.455336494] [behavior_server]: Running spin
[behavior_server-10] [INFO] [1791388790.455539119] [behavior_server]: Turning 1.57 for spin behavior.
[behavior_server-10] [INFO] [1791388792.855842883] [behavior_server]: spin completed successfully
[controller_server-7] [INFO] [1791388792.905526169] [controller_server]: Received a goal, begin computing control effort.
[controller_server-7] [INFO] [1791388794.005799102] [controller_server]: Passing new path to controller.
[controller_server-7] [INFO] [1791388795.005781340] [controller_server]: Passing new path to controller.
[controller_server-7] [INFO] [1791388796.005811345] [controller_server]: Passing new path to controller.
[controller_server-7] [INFO] [1791388797.105807244] [controller_server]: Passing new path to controller.
[controller_server-7] [INFO] [1791388798.105797286] [controller_server]: Passing new path to controller.
[controller_server-7] [INFO] [1791388799.105806707] [controller_server]: Passing new path to controller.
[controller_server-7] [INFO] [1791388800.205794072] [controller_server]: Passing new path to controller.
[controller_server-7] [INFO] [1791388801.205794841] [controller_server]: Passing new path to controller.
[controller_server-7] [INFO] [1791388802.205803727] [controller_server]: Passing new path to controller.
[controller_server-7] [ERROR] [1791388803.005891016] [controller_server]: Failed to make progress
[controller_server-7] [WARN] [1791388803.006049571] [controller_server]: [follow_path] [ActionServer] Aborting handle.
[controller_server-7] [INFO] [1791388803.025162202] [local_costmap.local_costmap]: Received request to clear entirely the local_costmap
[controller_server-7] [INFO] [1791388803.025883763] [controller_server]: Received a goal, begin computing control effort.
[controller_server-7] [WARN] [1791388803.127744818] [controller_server]: Control loop missed its desired rate of 10.0000Hz
[controller_server-7] [INFO] [1791388803.226245623] [controller_server]: Passing new path to controller.
[controller_server-7] [INFO] [1791388804.326174887] [controller_server]: Passing new path to controller.
[controller_server-7] [INFO] [1791388805.326185648] [controller_server]: Passing new path to controller.
[controller_server-7] [INFO] [1791388806.326172676] [controller_server]: Passing new path to controller.
[controller_server-7] [INFO] [1791388807.326180222] [controller_server]: Passing new path to controller.
[controller_server-7] [INFO] [1791388808.426191308] [controller_server]: Passing new path to controller.
[controller_server-7] [INFO] [1791388809.426189167] [controller_server]: Passing new path to controller.
[controller_server-7] [INFO] [1791388810.426197696] [controller_server]: Passing new path to controller.
[controller_server-7] [INFO] [1791388811.526199695] [controller_server]: Passing new path to controller.
[controller_server-7] [INFO] [1791388812.526190841] [controller_server]: Passing new path to controller.
[controller_server-7] [ERROR] [1791388813.226284774] [controller_server]: Failed to make progress
[controller_server-7] [WARN] [1791388813.226517357] [controller_server]: [follow_path] [ActionServer] Aborting handle.
[bt_navigator-11] [WARN] [1791388813.254968269] [bt_navigator]: [navigate_to_pose] [ActionServer] Aborting handle.
[bt_navigator-11] [ERROR] [1791388813.255254721] [bt_navigator]: Goal failed
[python3-5] [WARN] [1791388813.257960739] [coverage_planner]: ⚠️ 航点 5 导航ABORTED，第 1/3 次重试
[python3-5] [INFO] [1791388813.291342418] [coverage_planner]: 🎯 导航到航点 5/40: (0.40, -1.40)
[bt_navigator-11] [INFO] [1791388813.292362894] [bt_navigator]: Begin navigating from current location (1.23, -1.23) to (0.40, -1.40)
[controller_server-7] [INFO] [1791388813.313170434] [controller_server]: Received a goal, begin computing control effort.
[controller_server-7] [INFO] [1791388814.413450577] [controller_server]: Passing new path to controller.
[controller_server-7] [INFO] [1791388815.413442321] [controller_server]: Passing new path to controller.
[controller_server-7] [INFO] [1791388816.413461257] [controller_server]: Passing new path to controller.
[controller_server-7] [INFO] [1791388817.513457114] [controller_server]: Passing new path to controller.
[controller_server-7] [INFO] [1791388818.513431090] [controller_server]: Passing new path to controller.
[controller_server-7] [INFO] [1791388819.513466651] [controller_server]: Passing new path to controller.
[controller_server-7] [INFO] [1791388820.613462991] [controller_server]: Passing new path to controller.
[controller_server-7] [INFO] [1791388821.613462630] [controller_server]: Passing new path to controller.
[controller_server-7] [INFO] [1791388822.613466887] [controller_server]: Passing new path to controller.
[controller_server-7] [ERROR] [1791388823.413506317] [controller_server]: Failed to make progress
[controller_server-7] [WARN] [1791388823.413568889] [controller_server]: [follow_path] [ActionServer] Aborting handle.
[controller_server-7] [INFO] [1791388823.432727814] [local_costmap.local_costmap]: Received request to clear entirely the local_costmap
[controller_server-7] [INFO] [1791388823.433173077] [controller_server]: Received a goal, begin computing control effort.
[controller_server-7] [INFO] [1791388823.633360500] [controller_server]: Passing new path to controller.
[controller_server-7] [INFO] [1791388824.733363041] [controller_server]: Passing new path to controller.
[controller_server-7] [INFO] [1791388825.733361645] [controller_server]: Passing new path to controller.
[controller_server-7] [INFO] [1791388826.733364961] [controller_server]: Passing new path to controller.
[controller_server-7] [INFO] [1791388827.733349282] [controller_server]: Passing new path to controller.
[controller_server-7] [INFO] [1791388828.833376442] [controller_server]: Passing new path to controller.
[controller_server-7] [INFO] [1791388829.833361350] [controller_server]: Passing new path to controller.
[controller_server-7] [INFO] [1791388830.833379335] [controller_server]: Passing new path to controller.
[controller_server-7] [INFO] [1791388831.933367304] [controller_server]: Passing new path to controller.
[controller_server-7] [INFO] [1791388832.933355385] [controller_server]: Passing new path to controller.
[controller_server-7] [ERROR] [1791388833.633427249] [controller_server]: Failed to make progress
[controller_server-7] [WARN] [1791388833.633538628] [controller_server]: [follow_path] [ActionServer] Aborting handle.
[behavior_server-10] [INFO] [1791388833.652757545] [behavior_server]: Running wait
[behavior_server-10] [INFO] [1791388836.152934849] [behavior_server]: wait completed successfully
[controller_server-7] [INFO] [1791388836.203086755] [controller_server]: Received a goal, begin computing control effort.
[controller_server-7] [INFO] [1791388837.303385458] [controller_server]: Passing new path to controller.
[controller_server-7] [INFO] [1791388838.303384395] [controller_server]: Passing new path to controller.
[controller_server-7] [INFO] [1791388839.303382232] [controller_server]: Passing new path to controller.
[controller_server-7] [INFO] [1791388840.403386429] [controller_server]: Passing new path to controller.
[controller_server-7] [INFO] [1791388841.403394487] [controller_server]: Passing new path to controller.
[controller_server-7] [INFO] [1791388842.403389489] [controller_server]: Passing new path to controller.
[controller_server-7] [INFO] [1791388843.503383952] [controller_server]: Passing new path to controller.
[controller_server-7] [INFO] [1791388844.503387372] [controller_server]: Passing new path to controller.
[controller_server-7] [INFO] [1791388845.503385995] [controller_server]: Passing new path to controller.
[controller_server-7] [ERROR] [1791388846.303500079] [controller_server]: Failed to make progress
[controller_server-7] [WARN] [1791388846.303700270] [controller_server]: [follow_path] [ActionServer] Aborting handle.
[controller_server-7] [INFO] [1791388846.322836409] [local_costmap.local_costmap]: Received request to clear entirely the local_costmap
[controller_server-7] [INFO] [1791388846.323566974] [controller_server]: Received a goal, begin computing control effort.
[controller_server-7] [INFO] [1791388846.523914963] [controller_server]: Passing new path to controller.
[controller_server-7] [WARN] [1791388846.525818255] [controller_server]: Control loop missed its desired rate of 10.0000Hz
[controller_server-7] [INFO] [1791388847.539262161] [controller_server]: Passing new path to controller.
[controller_server-7] [INFO] [1791388848.651926827] [controller_server]: Passing new path to controller.
[controller_server-7] [INFO] [1791388849.661855410] [controller_server]: Passing new path to controller.
[controller_server-7] [INFO] [1791388850.673391824] [controller_server]: Passing new path to controller.
[controller_server-7] [INFO] [1791388851.688660957] [controller_server]: Passing new path to controller.
[controller_server-7] [INFO] [1791388852.702728409] [controller_server]: Passing new path to controller.
[controller_server-7] [INFO] [1791388853.716407414] [controller_server]: Passing new path to controller.
[controller_server-7] [INFO] [1791388854.825897073] [controller_server]: Passing new path to controller.
[controller_server-7] [INFO] [1791388855.825893257] [controller_server]: Passing new path to controller.
[controller_server-7] [ERROR] [1791388856.625957115] [controller_server]: Failed to make progress
[controller_server-7] [WARN] [1791388856.626127838] [controller_server]: [follow_path] [ActionServer] Aborting handle.
[behavior_server-10] [INFO] [1791388856.643134478] [behavior_server]: Running backup
[behavior_server-10] [INFO] [1791388860.643536158] [behavior_server]: backup completed successfully
[controller_server-7] [INFO] [1791388860.692894444] [controller_server]: Received a goal, begin computing control effort.
[controller_server-7] [INFO] [1791388861.793126322] [controller_server]: Passing new path to controller.
[controller_server-7] [INFO] [1791388862.793122109] [controller_server]: Passing new path to controller.
[controller_server-7] [INFO] [1791388863.793120664] [controller_server]: Passing new path to controller.
[controller_server-7] [INFO] [1791388864.893121737] [controller_server]: Passing new path to controller.
[controller_server-7] [INFO] [1791388865.893132469] [controller_server]: Passing new path to controller.
[planner_server-9] [INFO] [1791388865.993996667] [global_costmap.global_costmap]: StaticLayer: Resizing costmap to 218 X 218 at 0.050000 m/pix
[controller_server-7] [INFO] [1791388866.893129161] [controller_server]: Passing new path to controller.
[controller_server-7] [INFO] [1791388867.993130654] [controller_server]: Passing new path to controller.
[controller_server-7] [INFO] [1791388868.993128661] [controller_server]: Passing new path to controller.
[controller_server-7] [INFO] [1791388869.993131286] [controller_server]: Passing new path to controller.
[controller_server-7] [ERROR] [1791388870.793217808] [controller_server]: Failed to make progress
[controller_server-7] [WARN] [1791388870.793379193] [controller_server]: [follow_path] [ActionServer] Aborting handle.
[controller_server-7] [INFO] [1791388870.812860785] [local_costmap.local_costmap]: Received request to clear entirely the local_costmap
[controller_server-7] [INFO] [1791388870.813839505] [controller_server]: Received a goal, begin computing control effort.
[controller_server-7] [WARN] [1791388870.925782074] [controller_server]: Control loop missed its desired rate of 10.0000Hz
[controller_server-7] [INFO] [1791388871.014176932] [controller_server]: Passing new path to controller.
[controller_server-7] [INFO] [1791388872.114165771] [controller_server]: Passing new path to controller.
[controller_server-7] [INFO] [1791388873.114166388] [controller_server]: Passing new path to controller.
[controller_server-7] [INFO] [1791388874.114167157] [controller_server]: Passing new path to controller.
[controller_server-7] [INFO] [1791388875.114160538] [controller_server]: Passing new path to controller.
[controller_server-7] [INFO] [1791388876.214173373] [controller_server]: Passing new path to controller.
[controller_server-7] [INFO] [1791388877.214179635] [controller_server]: Passing new path to controller.
[controller_server-7] [INFO] [1791388878.214177409] [controller_server]: Passing new path to controller.
[controller_server-7] [INFO] [1791388879.314175552] [controller_server]: Passing new path to controller.
[controller_server-7] [INFO] [1791388880.314168693] [controller_server]: Passing new path to controller.
[controller_server-7] [ERROR] [1791388881.014252629] [controller_server]: Failed to make progress
[controller_server-7] [WARN] [1791388881.014393600] [controller_server]: [follow_path] [ActionServer] Aborting handle.
[controller_server-7] [INFO] [1791388881.032860152] [local_costmap.local_costmap]: Received request to clear entirely the local_costmap
[planner_server-9] [INFO] [1791388881.033305208] [global_costmap.global_costmap]: Received request to clear entirely the global_costmap
[planner_server-9] [WARN] [1791388882.005009954] [planner_server]: Planner loop missed its desired rate of 5.0000 Hz. Current loop rate is 0.5000 Hz
[controller_server-7] [INFO] [1791388882.023288561] [controller_server]: Received a goal, begin computing control effort.
[controller_server-7] [INFO] [1791388883.123635197] [controller_server]: Passing new path to controller.
[controller_server-7] [INFO] [1791388884.123635421] [controller_server]: Passing new path to controller.
[controller_server-7] [INFO] [1791388885.123632306] [controller_server]: Passing new path to controller.
[controller_server-7] [INFO] [1791388886.223650889] [controller_server]: Passing new path to controller.
[controller_server-7] [INFO] [1791388887.223644094] [controller_server]: Passing new path to controller.
[controller_server-7] [INFO] [1791388888.223638412] [controller_server]: Passing new path to controller.
[controller_server-7] [INFO] [1791388889.323646034] [controller_server]: Passing new path to controller.
[controller_server-7] [INFO] [1791388890.323654954] [controller_server]: Passing new path to controller.
[controller_server-7] [INFO] [1791388891.323616404] [controller_server]: Passing new path to controller.
[controller_server-7] [ERROR] [1791388892.123666542] [controller_server]: Failed to make progress
[controller_server-7] [WARN] [1791388892.123735864] [controller_server]: [follow_path] [ActionServer] Aborting handle.
[controller_server-7] [INFO] [1791388892.142881673] [local_costmap.local_costmap]: Received request to clear entirely the local_costmap
[controller_server-7] [INFO] [1791388892.143593331] [controller_server]: Received a goal, begin computing control effort.
[controller_server-7] [INFO] [1791388892.323890522] [controller_server]: Passing new path to controller.
[controller_server-7] [WARN] [1791388892.325976857] [controller_server]: Control loop missed its desired rate of 10.0000Hz
[controller_server-7] [INFO] [1791388893.443876963] [controller_server]: Passing new path to controller.
[controller_server-7] [INFO] [1791388894.443891947] [controller_server]: Passing new path to controller.
[controller_server-7] [INFO] [1791388895.443891700] [controller_server]: Passing new path to controller.
[controller_server-7] [INFO] [1791388896.443893742] [controller_server]: Passing new path to controller.
[controller_server-7] [INFO] [1791388897.543890466] [controller_server]: Passing new path to controller.
[controller_server-7] [INFO] [1791388898.543881350] [controller_server]: Passing new path to controller.
[controller_server-7] [INFO] [1791388899.543892432] [controller_server]: Passing new path to controller.
[controller_server-7] [INFO] [1791388900.643890861] [controller_server]: Passing new path to controller.
[controller_server-7] [INFO] [1791388901.643880958] [controller_server]: Passing new path to controller.
[controller_server-7] [ERROR] [1791388902.443984959] [controller_server]: Failed to make progress
[controller_server-7] [WARN] [1791388902.444157832] [controller_server]: [follow_path] [ActionServer] Aborting handle.
[behavior_server-10] [INFO] [1791388902.463035157] [behavior_server]: Running spin
[behavior_server-10] [INFO] [1791388902.463226029] [behavior_server]: Turning 1.57 for spin behavior.
[behavior_server-10] [INFO] [1791388904.663439417] [behavior_server]: spin completed successfully
[controller_server-7] [INFO] [1791388904.713193099] [controller_server]: Received a goal, begin computing control effort.
[controller_server-7] [INFO] [1791388905.813562333] [controller_server]: Passing new path to controller.
[controller_server-7] [INFO] [1791388906.813557364] [controller_server]: Passing new path to controller.
[controller_server-7] [INFO] [1791388907.813565469] [controller_server]: Passing new path to controller.
[controller_server-7] [INFO] [1791388908.913592264] [controller_server]: Passing new path to controller.
[controller_server-7] [INFO] [1791388909.913559555] [controller_server]: Passing new path to controller.
[controller_server-7] [INFO] [1791388910.913569698] [controller_server]: Passing new path to controller.
[controller_server-7] [INFO] [1791388912.013555904] [controller_server]: Passing new path to controller.
[controller_server-7] [INFO] [1791388913.013562287] [controller_server]: Passing new path to controller.
[controller_server-7] [INFO] [1791388914.013574810] [controller_server]: Passing new path to controller.
[controller_server-7] [ERROR] [1791388914.813639233] [controller_server]: Failed to make progress
[controller_server-7] [WARN] [1791388914.813783467] [controller_server]: [follow_path] [ActionServer] Aborting handle.
[controller_server-7] [INFO] [1791388914.832822679] [local_costmap.local_costmap]: Received request to clear entirely the local_costmap
[controller_server-7] [INFO] [1791388914.833685589] [controller_server]: Received a goal, begin computing control effort.
[controller_server-7] [INFO] [1791388915.033992700] [controller_server]: Passing new path to controller.
[controller_server-7] [INFO] [1791388916.133998697] [controller_server]: Passing new path to controller.
[controller_server-7] [INFO] [1791388917.133988821] [controller_server]: Passing new path to controller.
[controller_server-7] [INFO] [1791388918.133976521] [controller_server]: Passing new path to controller.
[controller_server-7] [INFO] [1791388919.133986253] [controller_server]: Passing new path to controller.
[controller_server-7] [INFO] [1791388920.233997834] [controller_server]: Passing new path to controller.
[controller_server-7] [INFO] [1791388921.233983421] [controller_server]: Passing new path to controller.
[controller_server-7] [INFO] [1791388922.233976126] [controller_server]: Passing new path to controller.
[controller_server-7] [INFO] [1791388923.333974189] [controller_server]: Passing new path to controller.
[controller_server-7] [INFO] [1791388924.333975990] [controller_server]: Passing new path to controller.
[controller_server-7] [ERROR] [1791388925.034059254] [controller_server]: Failed to make progress
[controller_server-7] [WARN] [1791388925.034209421] [controller_server]: [follow_path] [ActionServer] Aborting handle.
[behavior_server-10] [INFO] [1791388925.053056022] [behavior_server]: Running wait
[behavior_server-10] [INFO] [1791388927.553344457] [behavior_server]: wait completed successfully
[controller_server-7] [INFO] [1791388927.603159429] [controller_server]: Received a goal, begin computing control effort.
[controller_server-7] [INFO] [1791388928.703463205] [controller_server]: Passing new path to controller.
[controller_server-7] [INFO] [1791388929.703453237] [controller_server]: Passing new path to controller.
[controller_server-7] [INFO] [1791388930.703473991] [controller_server]: Passing new path to controller.
[controller_server-7] [INFO] [1791388931.803477855] [controller_server]: Passing new path to controller.
[controller_server-7] [INFO] [1791388932.803452964] [controller_server]: Passing new path to controller.
[controller_server-7] [INFO] [1791388933.803467980] [controller_server]: Passing new path to controller.
[controller_server-7] [INFO] [1791388934.903469635] [controller_server]: Passing new path to controller.
[controller_server-7] [INFO] [1791388935.903454369] [controller_server]: Passing new path to controller.
[controller_server-7] [INFO] [1791388936.903489200] [controller_server]: Passing new path to controller.
[controller_server-7] [ERROR] [1791388937.703541854] [controller_server]: Failed to make progress
[controller_server-7] [WARN] [1791388937.703675266] [controller_server]: [follow_path] [ActionServer] Aborting handle.
[controller_server-7] [INFO] [1791388937.722801002] [local_costmap.local_costmap]: Received request to clear entirely the local_costmap
[controller_server-7] [INFO] [1791388937.723532760] [controller_server]: Received a goal, begin computing control effort.
[controller_server-7] [INFO] [1791388937.923790161] [controller_server]: Passing new path to controller.
[controller_server-7] [WARN] [1791388937.925748318] [controller_server]: Control loop missed its desired rate of 10.0000Hz
[controller_server-7] [INFO] [1791388938.940532142] [controller_server]: Passing new path to controller.
[controller_server-7] [INFO] [1791388940.053588306] [controller_server]: Passing new path to controller.
[controller_server-7] [INFO] [1791388941.068081253] [controller_server]: Passing new path to controller.
[controller_server-7] [INFO] [1791388942.081323518] [controller_server]: Passing new path to controller.
[controller_server-7] [INFO] [1791388943.097562385] [controller_server]: Passing new path to controller.
[controller_server-7] [INFO] [1791388944.113024008] [controller_server]: Passing new path to controller.
[controller_server-7] [INFO] [1791388945.125459586] [controller_server]: Passing new path to controller.
[controller_server-7] [INFO] [1791388946.225815843] [controller_server]: Passing new path to controller.
[controller_server-7] [INFO] [1791388947.225818465] [controller_server]: Passing new path to controller.
[controller_server-7] [ERROR] [1791388948.025923733] [controller_server]: Failed to make progress
[controller_server-7] [WARN] [1791388948.026136016] [controller_server]: [follow_path] [ActionServer] Aborting handle.
[behavior_server-10] [INFO] [1791388948.043155206] [behavior_server]: Running backup
[behavior_server-10] [INFO] [1791388952.043545653] [behavior_server]: backup completed successfully
[controller_server-7] [INFO] [1791388952.093259341] [controller_server]: Received a goal, begin computing control effort.
[controller_server-7] [INFO] [1791388953.193594699] [controller_server]: Passing new path to controller.
[controller_server-7] [INFO] [1791388954.193588837] [controller_server]: Passing new path to controller.
[controller_server-7] [INFO] [1791388955.193617757] [controller_server]: Passing new path to controller.
[controller_server-7] [INFO] [1791388956.293593017] [controller_server]: Passing new path to controller.
[controller_server-7] [INFO] [1791388957.293602312] [controller_server]: Passing new path to controller.
[controller_server-7] [INFO] [1791388958.293595951] [controller_server]: Passing new path to controller.
[controller_server-7] [INFO] [1791388959.393584818] [controller_server]: Passing new path to controller.
[controller_server-7] [INFO] [1791388960.393596745] [controller_server]: Passing new path to controller.
[controller_server-7] [INFO] [1791388961.393609433] [controller_server]: Passing new path to controller.
[controller_server-7] [ERROR] [1791388962.193657955] [controller_server]: Failed to make progress
[controller_server-7] [WARN] [1791388962.193795771] [controller_server]: [follow_path] [ActionServer] Aborting handle.
[controller_server-7] [INFO] [1791388962.212841785] [local_costmap.local_costmap]: Received request to clear entirely the local_costmap
[controller_server-7] [INFO] [1791388962.213604043] [controller_server]: Received a goal, begin computing control effort.
[controller_server-7] [WARN] [1791388962.325370098] [controller_server]: Control loop missed its desired rate of 10.0000Hz
[controller_server-7] [INFO] [1791388962.413975282] [controller_server]: Passing new path to controller.
[controller_server-7] [INFO] [1791388963.513996859] [controller_server]: Passing new path to controller.
[controller_server-7] [INFO] [1791388964.513984499] [controller_server]: Passing new path to controller.
[controller_server-7] [INFO] [1791388965.513981566] [controller_server]: Passing new path to controller.
[controller_server-7] [INFO] [1791388966.513986100] [controller_server]: Passing new path to controller.
[controller_server-7] [INFO] [1791388967.613993694] [controller_server]: Passing new path to controller.
[controller_server-7] [INFO] [1791388968.613991785] [controller_server]: Passing new path to controller.
[controller_server-7] [INFO] [1791388969.613981974] [controller_server]: Passing new path to controller.
[controller_server-7] [INFO] [1791388970.713986006] [controller_server]: Passing new path to controller.
[controller_server-7] [INFO] [1791388971.713981758] [controller_server]: Passing new path to controller.
[controller_server-7] [ERROR] [1791388972.414075167] [controller_server]: Failed to make progress
[controller_server-7] [WARN] [1791388972.414234666] [controller_server]: [follow_path] [ActionServer] Aborting handle.
[bt_navigator-11] [WARN] [1791388972.442630179] [bt_navigator]: [navigate_to_pose] [ActionServer] Aborting handle.
[bt_navigator-11] [ERROR] [1791388972.442836540] [bt_navigator]: Goal failed
[python3-5] [WARN] [1791388972.444427933] [coverage_planner]: ⚠️ 航点 5 导航ABORTED，第 2/3 次重试
[python3-5] [INFO] [1791388972.485969592] [coverage_planner]: 🎯 导航到航点 5/40: (0.40, -1.40)
[bt_navigator-11] [INFO] [1791388972.486860501] [bt_navigator]: Begin navigating from current location (0.26, 0.06) to (0.40, -1.40)
[controller_server-7] [INFO] [1791388972.507617287] [controller_server]: Received a goal, begin computing control effort.
[controller_server-7] [INFO] [1791388973.607923771] [controller_server]: Passing new path to controller.
[controller_server-7] [INFO] [1791388974.607922681] [controller_server]: Passing new path to controller.
[controller_server-7] [INFO] [1791388975.607916226] [controller_server]: Passing new path to controller.
[controller_server-7] [INFO] [1791388976.707921936] [controller_server]: Passing new path to controller.
[controller_server-7] [INFO] [1791388977.707936894] [controller_server]: Passing new path to controller.
[controller_server-7] [INFO] [1791388978.707909330] [controller_server]: Passing new path to controller.
[controller_server-7] [INFO] [1791388979.807909070] [controller_server]: Passing new path to controller.
[controller_server-7] [INFO] [1791388980.807953961] [controller_server]: Passing new path to controller.
[controller_server-7] [INFO] [1791388981.807917688] [controller_server]: Passing new path to controller.
[controller_server-7] [ERROR] [1791388982.607997515] [controller_server]: Failed to make progress
[controller_server-7] [WARN] [1791388982.608185182] [controller_server]: [follow_path] [ActionServer] Aborting handle.
[controller_server-7] [INFO] [1791388982.627259573] [local_costmap.local_costmap]: Received request to clear entirely the local_costmap
[controller_server-7] [INFO] [1791388982.628177153] [controller_server]: Received a goal, begin computing control effort.
[controller_server-7] [WARN] [1791388982.729731538] [controller_server]: Control loop missed its desired rate of 10.0000Hz
[controller_server-7] [INFO] [1791388982.828476205] [controller_server]: Passing new path to controller.
[controller_server-7] [INFO] [1791388983.928463955] [controller_server]: Passing new path to controller.
[controller_server-7] [INFO] [1791388984.928470032] [controller_server]: Passing new path to controller.
[controller_server-7] [INFO] [1791388985.928463911] [controller_server]: Passing new path to controller.
[controller_server-7] [INFO] [1791388986.928478449] [controller_server]: Passing new path to controller.
[controller_server-7] [INFO] [1791388988.028497121] [controller_server]: Passing new path to controller.
[controller_server-7] [INFO] [1791388989.028570628] [controller_server]: Passing new path to controller.
[controller_server-7] [INFO] [1791388990.028468831] [controller_server]: Passing new path to controller.
[controller_server-7] [INFO] [1791388991.128450893] [controller_server]: Passing new path to controller.
[controller_server-7] [INFO] [1791388992.128450813] [controller_server]: Passing new path to controller.
[controller_server-7] [ERROR] [1791388992.828478735] [controller_server]: Failed to make progress
[controller_server-7] [WARN] [1791388992.828531718] [controller_server]: [follow_path] [ActionServer] Aborting handle.
[controller_server-7] [INFO] [1791388992.847110218] [local_costmap.local_costmap]: Received request to clear entirely the local_costmap
[planner_server-9] [INFO] [1791388992.847557776] [global_costmap.global_costmap]: Received request to clear entirely the global_costmap
[planner_server-9] [WARN] [1791388992.998325302] [planner_server]: Planner loop missed its desired rate of 5.0000 Hz. Current loop rate is 3.3333 Hz
[controller_server-7] [INFO] [1791388993.017234977] [controller_server]: Received a goal, begin computing control effort.
[controller_server-7] [INFO] [1791388994.117391143] [controller_server]: Passing new path to controller.
[controller_server-7] [INFO] [1791388995.117389948] [controller_server]: Passing new path to controller.
[controller_server-7] [INFO] [1791388996.117390468] [controller_server]: Passing new path to controller.
[controller_server-7] [INFO] [1791388997.217408379] [controller_server]: Passing new path to controller.
[controller_server-7] [INFO] [1791388998.217390939] [controller_server]: Passing new path to controller.
[controller_server-7] [INFO] [1791388999.217390080] [controller_server]: Passing new path to controller.
[controller_server-7] [INFO] [1791389000.317390037] [controller_server]: Passing new path to controller.
[controller_server-7] [INFO] [1791389001.317390191] [controller_server]: Passing new path to controller.
[controller_server-7] [INFO] [1791389002.317390403] [controller_server]: Passing new path to controller.
[controller_server-7] [ERROR] [1791389003.117419580] [controller_server]: Failed to make progress
[controller_server-7] [WARN] [1791389003.117497289] [controller_server]: [follow_path] [ActionServer] Aborting handle.
[controller_server-7] [INFO] [1791389003.137240753] [local_costmap.local_costmap]: Received request to clear entirely the local_costmap
[controller_server-7] [INFO] [1791389003.137603400] [controller_server]: Received a goal, begin computing control effort.
[controller_server-7] [INFO] [1791389003.327778184] [controller_server]: Passing new path to controller.
[controller_server-7] [WARN] [1791389003.328521466] [controller_server]: Control loop missed its desired rate of 10.0000Hz
[controller_server-7] [INFO] [1791389004.437759844] [controller_server]: Passing new path to controller.
[controller_server-7] [INFO] [1791389005.437760744] [controller_server]: Passing new path to controller.
[controller_server-7] [INFO] [1791389006.437763800] [controller_server]: Passing new path to controller.
[controller_server-7] [INFO] [1791389007.437763130] [controller_server]: Passing new path to controller.
[controller_server-7] [INFO] [1791389008.537761677] [controller_server]: Passing new path to controller.
[controller_server-7] [INFO] [1791389009.537763576] [controller_server]: Passing new path to controller.
[controller_server-7] [INFO] [1791389010.537759933] [controller_server]: Passing new path to controller.
[controller_server-7] [INFO] [1791389011.637760822] [controller_server]: Passing new path to controller.
[controller_server-7] [INFO] [1791389012.637763892] [controller_server]: Passing new path to controller.
[controller_server-7] [ERROR] [1791389013.437794823] [controller_server]: Failed to make progress
[controller_server-7] [WARN] [1791389013.437868278] [controller_server]: [follow_path] [ActionServer] Aborting handle.
[behavior_server-10] [INFO] [1791389013.457348919] [behavior_server]: Running spin
[behavior_server-10] [INFO] [1791389013.457442092] [behavior_server]: Turning 1.57 for spin behavior.
[behavior_server-10] [INFO] [1791389015.857563999] [behavior_server]: spin completed successfully
[controller_server-7] [INFO] [1791389015.907320889] [controller_server]: Received a goal, begin computing control effort.
[controller_server-7] [INFO] [1791389017.007610740] [controller_server]: Passing new path to controller.
[controller_server-7] [INFO] [1791389018.007511458] [controller_server]: Passing new path to controller.
[controller_server-7] [INFO] [1791389019.007466149] [controller_server]: Passing new path to controller.
[controller_server-7] [INFO] [1791389020.107470401] [controller_server]: Passing new path to controller.
[controller_server-7] [INFO] [1791389021.107473123] [controller_server]: Passing new path to controller.
[controller_server-7] [INFO] [1791389022.107473442] [controller_server]: Passing new path to controller.
[controller_server-7] [INFO] [1791389023.207479131] [controller_server]: Passing new path to controller.
[controller_server-7] [INFO] [1791389024.207473417] [controller_server]: Passing new path to controller.
[controller_server-7] [INFO] [1791389025.207526687] [controller_server]: Passing new path to controller.
[controller_server-7] [ERROR] [1791389026.007574240] [controller_server]: Failed to make progress
[controller_server-7] [WARN] [1791389026.007697459] [controller_server]: [follow_path] [ActionServer] Aborting handle.
[controller_server-7] [INFO] [1791389026.027366891] [local_costmap.local_costmap]: Received request to clear entirely the local_costmap
[controller_server-7] [INFO] [1791389026.028333078] [controller_server]: Received a goal, begin computing control effort.
[controller_server-7] [WARN] [1791389026.130514059] [controller_server]: Control loop missed its desired rate of 10.0000Hz
[controller_server-7] [INFO] [1791389026.228685134] [controller_server]: Passing new path to controller.
[controller_server-7] [INFO] [1791389027.328660944] [controller_server]: Passing new path to controller.
[controller_server-7] [INFO] [1791389028.328657756] [controller_server]: Passing new path to controller.
[controller_server-7] [INFO] [1791389029.328674117] [controller_server]: Passing new path to controller.
[controller_server-7] [INFO] [1791389030.328666594] [controller_server]: Passing new path to controller.
[controller_server-7] [INFO] [1791389031.428658322] [controller_server]: Passing new path to controller.
[controller_server-7] [INFO] [1791389032.428659993] [controller_server]: Passing new path to controller.
[controller_server-7] [INFO] [1791389033.428682803] [controller_server]: Passing new path to controller.
[controller_server-7] [INFO] [1791389034.528669300] [controller_server]: Passing new path to controller.
[controller_server-7] [INFO] [1791389035.528679325] [controller_server]: Passing new path to controller.
[controller_server-7] [ERROR] [1791389036.228772919] [controller_server]: Failed to make progress
[controller_server-7] [WARN] [1791389036.229000980] [controller_server]: [follow_path] [ActionServer] Aborting handle.
[behavior_server-10] [INFO] [1791389036.247420160] [behavior_server]: Running wait
[behavior_server-10] [INFO] [1791389038.747752156] [behavior_server]: wait completed successfully
[controller_server-7] [INFO] [1791389038.797246941] [controller_server]: Received a goal, begin computing control effort.
[controller_server-7] [INFO] [1791389039.897435526] [controller_server]: Passing new path to controller.
[controller_server-7] [INFO] [1791389040.897475578] [controller_server]: Passing new path to controller.
[controller_server-7] [INFO] [1791389041.897456056] [controller_server]: Passing new path to controller.
[controller_server-7] [INFO] [1791389042.997430279] [controller_server]: Passing new path to controller.
[controller_server-7] [INFO] [1791389043.997427772] [controller_server]: Passing new path to controller.
[controller_server-7] [INFO] [1791389044.997458186] [controller_server]: Passing new path to controller.
[controller_server-7] [INFO] [1791389046.097425466] [controller_server]: Passing new path to controller.
[controller_server-7] [INFO] [1791389047.097467188] [controller_server]: Passing new path to controller.
[controller_server-7] [INFO] [1791389048.097453013] [controller_server]: Passing new path to controller.
[controller_server-7] [ERROR] [1791389048.897548666] [controller_server]: Failed to make progress
[controller_server-7] [WARN] [1791389048.897742534] [controller_server]: [follow_path] [ActionServer] Aborting handle.
[controller_server-7] [INFO] [1791389048.917294318] [local_costmap.local_costmap]: Received request to clear entirely the local_costmap
[controller_server-7] [INFO] [1791389048.918138719] [controller_server]: Received a goal, begin computing control effort.
[controller_server-7] [INFO] [1791389049.118430405] [controller_server]: Passing new path to controller.
[controller_server-7] [INFO] [1791389050.218433278] [controller_server]: Passing new path to controller.
[controller_server-7] [INFO] [1791389051.218453342] [controller_server]: Passing new path to controller.
[controller_server-7] [INFO] [1791389052.218507736] [controller_server]: Passing new path to controller.
[controller_server-7] [INFO] [1791389053.218462639] [controller_server]: Passing new path to controller.
[controller_server-7] [INFO] [1791389054.318424673] [controller_server]: Passing new path to controller.
[controller_server-7] [INFO] [1791389055.318455703] [controller_server]: Passing new path to controller.
[controller_server-7] [INFO] [1791389056.318456208] [controller_server]: Passing new path to controller.
[controller_server-7] [INFO] [1791389057.418429281] [controller_server]: Passing new path to controller.
[controller_server-7] [INFO] [1791389058.418436096] [controller_server]: Passing new path to controller.
[controller_server-7] [ERROR] [1791389059.018490393] [controller_server]: Failed to make progress
[controller_server-7] [WARN] [1791389059.018612397] [controller_server]: [follow_path] [ActionServer] Aborting handle.
[behavior_server-10] [INFO] [1791389059.037193177] [behavior_server]: Running backup
[behavior_server-10] [INFO] [1791389062.437452815] [behavior_server]: backup completed successfully
[controller_server-7] [INFO] [1791389062.487658586] [controller_server]: Received a goal, begin computing control effort.
[controller_server-7] [INFO] [1791389063.587959479] [controller_server]: Passing new path to controller.
[controller_server-7] [INFO] [1791389064.587966810] [controller_server]: Passing new path to controller.
[controller_server-7] [INFO] [1791389065.587957466] [controller_server]: Passing new path to controller.
[controller_server-7] [INFO] [1791389066.687958790] [controller_server]: Passing new path to controller.
[controller_server-7] [INFO] [1791389067.687951599] [controller_server]: Passing new path to controller.
[controller_server-7] [INFO] [1791389068.687966886] [controller_server]: Passing new path to controller.
[controller_server-7] [INFO] [1791389069.787958965] [controller_server]: Passing new path to controller.
[controller_server-7] [INFO] [1791389070.787967309] [controller_server]: Passing new path to controller.
[controller_server-7] [INFO] [1791389071.787960778] [controller_server]: Passing new path to controller.
[controller_server-7] [ERROR] [1791389072.587992308] [controller_server]: Failed to make progress
[controller_server-7] [WARN] [1791389072.588083900] [controller_server]: [follow_path] [ActionServer] Aborting handle.
[controller_server-7] [INFO] [1791389072.607151776] [local_costmap.local_costmap]: Received request to clear entirely the local_costmap
[controller_server-7] [INFO] [1791389072.607723302] [controller_server]: Received a goal, begin computing control effort.
[controller_server-7] [WARN] [1791389072.729619360] [controller_server]: Control loop missed its desired rate of 10.0000Hz
[controller_server-7] [INFO] [1791389072.807976498] [controller_server]: Passing new path to controller.
[controller_server-7] [INFO] [1791389073.907994480] [controller_server]: Passing new path to controller.
[controller_server-7] [INFO] [1791389074.907974482] [controller_server]: Passing new path to controller.
[controller_server-7] [INFO] [1791389075.907971875] [controller_server]: Passing new path to controller.
[controller_server-7] [INFO] [1791389076.907993584] [controller_server]: Passing new path to controller.
[controller_server-7] [INFO] [1791389078.007971739] [controller_server]: Passing new path to controller.
[controller_server-7] [INFO] [1791389079.007977556] [controller_server]: Passing new path to controller.
[controller_server-7] [INFO] [1791389080.007971773] [controller_server]: Passing new path to controller.
[controller_server-7] [INFO] [1791389081.107988405] [controller_server]: Passing new path to controller.
[controller_server-7] [INFO] [1791389082.108017601] [controller_server]: Passing new path to controller.
[controller_server-7] [ERROR] [1791389082.808035196] [controller_server]: Failed to make progress
[controller_server-7] [WARN] [1791389082.808165266] [controller_server]: [follow_path] [ActionServer] Aborting handle.
[controller_server-7] [INFO] [1791389082.827370306] [local_costmap.local_costmap]: Received request to clear entirely the local_costmap
[planner_server-9] [INFO] [1791389082.827914699] [global_costmap.global_costmap]: Received request to clear entirely the global_costmap
[planner_server-9] [WARN] [1791389082.999224940] [planner_server]: Planner loop missed its desired rate of 5.0000 Hz. Current loop rate is 3.3333 Hz
[controller_server-7] [INFO] [1791389083.017414668] [controller_server]: Received a goal, begin computing control effort.
[controller_server-7] [INFO] [1791389084.117679607] [controller_server]: Passing new path to controller.
[controller_server-7] [INFO] [1791389085.117682698] [controller_server]: Passing new path to controller.
[controller_server-7] [INFO] [1791389086.117680736] [controller_server]: Passing new path to controller.
[controller_server-7] [INFO] [1791389087.217672698] [controller_server]: Passing new path to controller.
[controller_server-7] [INFO] [1791389088.217687975] [controller_server]: Passing new path to controller.
[controller_server-7] [INFO] [1791389089.217673632] [controller_server]: Passing new path to controller.
[controller_server-7] [INFO] [1791389090.317695890] [controller_server]: Passing new path to controller.
[controller_server-7] [INFO] [1791389091.317666361] [controller_server]: Passing new path to controller.
[controller_server-7] [INFO] [1791389092.317662525] [controller_server]: Passing new path to controller.
[controller_server-7] [ERROR] [1791389093.117702640] [controller_server]: Failed to make progress
[controller_server-7] [WARN] [1791389093.117776408] [controller_server]: [follow_path] [ActionServer] Aborting handle.
[controller_server-7] [INFO] [1791389093.137124021] [local_costmap.local_costmap]: Received request to clear entirely the local_costmap
[controller_server-7] [INFO] [1791389093.137553239] [controller_server]: Received a goal, begin computing control effort.
[controller_server-7] [INFO] [1791389093.327752143] [controller_server]: Passing new path to controller.
[controller_server-7] [WARN] [1791389093.329928144] [controller_server]: Control loop missed its desired rate of 10.0000Hz
[controller_server-7] [INFO] [1791389094.437748061] [controller_server]: Passing new path to controller.
[controller_server-7] [INFO] [1791389095.437745220] [controller_server]: Passing new path to controller.
[controller_server-7] [INFO] [1791389096.437745654] [controller_server]: Passing new path to controller.
[controller_server-7] [INFO] [1791389097.437758622] [controller_server]: Passing new path to controller.
[controller_server-7] [INFO] [1791389098.537741549] [controller_server]: Passing new path to controller.
[controller_server-7] [INFO] [1791389099.537767906] [controller_server]: Passing new path to controller.
[controller_server-7] [INFO] [1791389100.537757326] [controller_server]: Passing new path to controller.
[controller_server-7] [INFO] [1791389101.637758459] [controller_server]: Passing new path to controller.
[controller_server-7] [INFO] [1791389102.637768256] [controller_server]: Passing new path to controller.
[controller_server-7] [ERROR] [1791389103.437833001] [controller_server]: Failed to make progress
[controller_server-7] [WARN] [1791389103.437989058] [controller_server]: [follow_path] [ActionServer] Aborting handle.
[behavior_server-10] [INFO] [1791389103.457577820] [behavior_server]: Running spin
[behavior_server-10] [INFO] [1791389103.457775199] [behavior_server]: Turning 1.57 for spin behavior.
[behavior_server-10] [INFO] [1791389105.858041039] [behavior_server]: spin completed successfully
[controller_server-7] [INFO] [1791389105.907686161] [controller_server]: Received a goal, begin computing control effort.
[controller_server-7] [INFO] [1791389107.008018261] [controller_server]: Passing new path to controller.
[controller_server-7] [INFO] [1791389108.008001961] [controller_server]: Passing new path to controller.
[controller_server-7] [INFO] [1791389109.008002995] [controller_server]: Passing new path to controller.
[controller_server-7] [INFO] [1791389110.108016419] [controller_server]: Passing new path to controller.
[controller_server-7] [INFO] [1791389111.108020380] [controller_server]: Passing new path to controller.
[controller_server-7] [INFO] [1791389112.108002039] [controller_server]: Passing new path to controller.
[controller_server-7] [INFO] [1791389113.208023908] [controller_server]: Passing new path to controller.
[controller_server-7] [INFO] [1791389114.208005331] [controller_server]: Passing new path to controller.
[controller_server-7] [INFO] [1791389115.208031009] [controller_server]: Passing new path to controller.
[controller_server-7] [ERROR] [1791389116.008107616] [controller_server]: Failed to make progress
[controller_server-7] [WARN] [1791389116.008288660] [controller_server]: [follow_path] [ActionServer] Aborting handle.
[controller_server-7] [INFO] [1791389116.027289894] [local_costmap.local_costmap]: Received request to clear entirely the local_costmap
[controller_server-7] [INFO] [1791389116.028226101] [controller_server]: Received a goal, begin computing control effort.
[controller_server-7] [WARN] [1791389116.130203769] [controller_server]: Control loop missed its desired rate of 10.0000Hz
[controller_server-7] [INFO] [1791389116.228574552] [controller_server]: Passing new path to controller.
[controller_server-7] [INFO] [1791389117.328583012] [controller_server]: Passing new path to controller.
[controller_server-7] [INFO] [1791389118.328565321] [controller_server]: Passing new path to controller.
[controller_server-7] [INFO] [1791389119.328559987] [controller_server]: Passing new path to controller.
[controller_server-7] [INFO] [1791389120.328561182] [controller_server]: Passing new path to controller.
[controller_server-7] [INFO] [1791389121.428606511] [controller_server]: Passing new path to controller.
[controller_server-7] [INFO] [1791389122.428562004] [controller_server]: Passing new path to controller.
[controller_server-7] [INFO] [1791389123.428576431] [controller_server]: Passing new path to controller.
[controller_server-7] [INFO] [1791389124.528584248] [controller_server]: Passing new path to controller.
[controller_server-7] [INFO] [1791389125.528574756] [controller_server]: Passing new path to controller.
[controller_server-7] [ERROR] [1791389126.228670845] [controller_server]: Failed to make progress
[controller_server-7] [WARN] [1791389126.228838791] [controller_server]: [follow_path] [ActionServer] Aborting handle.
[bt_navigator-11] [WARN] [1791389126.257053498] [bt_navigator]: [navigate_to_pose] [ActionServer] Aborting handle.
[bt_navigator-11] [ERROR] [1791389126.257204418] [bt_navigator]: Goal failed
[python3-5] [WARN] [1791389126.259101712] [coverage_planner]: 🚨 航点 5 失败 3 次(ABORTED)，跳过
[python3-5] [INFO] [1791389126.268640482] [coverage_planner]: 🎯 导航到航点 6/40: (-1.10, -1.40)
[bt_navigator-11] [INFO] [1791389126.268981236] [bt_navigator]: Begin navigating from current location (-0.10, -2.18) to (-1.10, -1.40)
[controller_server-7] [INFO] [1791389126.289481567] [controller_server]: Received a goal, begin computing control effort.
[controller_server-7] [INFO] [1791389127.389723895] [controller_server]: Passing new path to controller.
[controller_server-7] [INFO] [1791389128.389715495] [controller_server]: Passing new path to controller.
[controller_server-7] [INFO] [1791389129.389726982] [controller_server]: Passing new path to controller.
[controller_server-7] [INFO] [1791389130.489691426] [controller_server]: Passing new path to controller.
[controller_server-7] [INFO] [1791389131.489707876] [controller_server]: Passing new path to controller.
[controller_server-7] [INFO] [1791389132.489722181] [controller_server]: Passing new path to controller.
[controller_server-7] [INFO] [1791389133.589706146] [controller_server]: Passing new path to controller.
[controller_server-7] [INFO] [1791389134.589728464] [controller_server]: Passing new path to controller.
[controller_server-7] [INFO] [1791389135.589710542] [controller_server]: Passing new path to controller.
[controller_server-7] [ERROR] [1791389136.389781691] [controller_server]: Failed to make progress
[controller_server-7] [WARN] [1791389136.389921972] [controller_server]: [follow_path] [ActionServer] Aborting handle.
[controller_server-7] [INFO] [1791389136.409298406] [local_costmap.local_costmap]: Received request to clear entirely the local_costmap
[controller_server-7] [INFO] [1791389136.410058807] [controller_server]: Received a goal, begin computing control effort.
[controller_server-7] [WARN] [1791389136.532020557] [controller_server]: Control loop missed its desired rate of 10.0000Hz
[controller_server-7] [INFO] [1791389136.610339874] [controller_server]: Passing new path to controller.
[controller_server-7] [INFO] [1791389137.710322138] [controller_server]: Passing new path to controller.
[controller_server-7] [INFO] [1791389138.710339366] [controller_server]: Passing new path to controller.
[controller_server-7] [INFO] [1791389139.710349613] [controller_server]: Passing new path to controller.
[controller_server-7] [INFO] [1791389140.710334487] [controller_server]: Passing new path to controller.
[controller_server-7] [INFO] [1791389141.810333572] [controller_server]: Passing new path to controller.
[controller_server-7] [INFO] [1791389142.810312331] [controller_server]: Passing new path to controller.
[controller_server-7] [INFO] [1791389143.810346326] [controller_server]: Passing new path to controller.
[controller_server-7] [INFO] [1791389144.910358404] [controller_server]: Passing new path to controller.
[controller_server-7] [INFO] [1791389145.910348660] [controller_server]: Passing new path to controller.
[controller_server-7] [ERROR] [1791389146.610421668] [controller_server]: Failed to make progress
[controller_server-7] [WARN] [1791389146.610522999] [controller_server]: [follow_path] [ActionServer] Aborting handle.
[behavior_server-10] [INFO] [1791389146.629643910] [behavior_server]: Running wait
[behavior_server-10] [INFO] [1791389149.129884670] [behavior_server]: wait completed successfully
[controller_server-7] [INFO] [1791389149.179486912] [controller_server]: Received a goal, begin computing control effort.
[controller_server-7] [INFO] [1791389150.279708134] [controller_server]: Passing new path to controller.
[controller_server-7] [INFO] [1791389151.279712209] [controller_server]: Passing new path to controller.
[controller_server-7] [INFO] [1791389152.279698460] [controller_server]: Passing new path to controller.
[controller_server-7] [INFO] [1791389153.379696953] [controller_server]: Passing new path to controller.
[controller_server-7] [INFO] [1791389154.379707102] [controller_server]: Passing new path to controller.
[controller_server-7] [INFO] [1791389155.379708534] [controller_server]: Passing new path to controller.
[controller_server-7] [INFO] [1791389156.479692140] [controller_server]: Passing new path to controller.
[controller_server-7] [INFO] [1791389157.479703806] [controller_server]: Passing new path to controller.
[controller_server-7] [INFO] [1791389158.479706079] [controller_server]: Passing new path to controller.
[controller_server-7] [ERROR] [1791389159.279746784] [controller_server]: Failed to make progress
[controller_server-7] [WARN] [1791389159.279852674] [controller_server]: [follow_path] [ActionServer] Aborting handle.
[controller_server-7] [INFO] [1791389159.299354422] [local_costmap.local_costmap]: Received request to clear entirely the local_costmap
[controller_server-7] [INFO] [1791389159.300223715] [controller_server]: Received a goal, begin computing control effort.
[controller_server-7] [INFO] [1791389159.500501222] [controller_server]: Passing new path to controller.
[controller_server-7] [INFO] [1791389160.600460509] [controller_server]: Passing new path to controller.
[controller_server-7] [INFO] [1791389161.600461586] [controller_server]: Passing new path to controller.
[controller_server-7] [INFO] [1791389162.600464326] [controller_server]: Passing new path to controller.
[controller_server-7] [INFO] [1791389163.600485529] [controller_server]: Passing new path to controller.
[controller_server-7] [INFO] [1791389164.700472482] [controller_server]: Passing new path to controller.
[controller_server-7] [INFO] [1791389165.700507912] [controller_server]: Passing new path to controller.
[controller_server-7] [INFO] [1791389166.700456074] [controller_server]: Passing new path to controller.
[controller_server-7] [INFO] [1791389167.800471760] [controller_server]: Passing new path to controller.
[controller_server-7] [INFO] [1791389168.800475281] [controller_server]: Passing new path to controller.
[controller_server-7] [ERROR] [1791389169.400494025] [controller_server]: Failed to make progress
[controller_server-7] [WARN] [1791389169.400566532] [controller_server]: [follow_path] [ActionServer] Aborting handle.
[behavior_server-10] [INFO] [1791389169.419343072] [behavior_server]: Running backup
[behavior_server-10] [INFO] [1791389173.119565481] [behavior_server]: backup completed successfully
[controller_server-7] [INFO] [1791389173.169688593] [controller_server]: Received a goal, begin computing control effort.
[controller_server-7] [INFO] [1791389174.269961206] [controller_server]: Passing new path to controller.
[controller_server-7] [INFO] [1791389175.269914198] [controller_server]: Passing new path to controller.
[controller_server-7] [INFO] [1791389176.269951093] [controller_server]: Passing new path to controller.
[controller_server-7] [INFO] [1791389177.369960123] [controller_server]: Passing new path to controller.
[controller_server-7] [INFO] [1791389178.369921997] [controller_server]: Passing new path to controller.
[controller_server-7] [INFO] [1791389179.369944210] [controller_server]: Passing new path to controller.
[controller_server-7] [INFO] [1791389180.469958217] [controller_server]: Passing new path to controller.
[controller_server-7] [INFO] [1791389181.469957241] [controller_server]: Passing new path to controller.
[controller_server-7] [INFO] [1791389182.469959862] [controller_server]: Passing new path to controller.
[controller_server-7] [ERROR] [1791389183.270023877] [controller_server]: Failed to make progress
[controller_server-7] [WARN] [1791389183.270164152] [controller_server]: [follow_path] [ActionServer] Aborting handle.
[controller_server-7] [INFO] [1791389183.289241559] [local_costmap.local_costmap]: Received request to clear entirely the local_costmap
[controller_server-7] [INFO] [1791389183.289750875] [controller_server]: Received a goal, begin computing control effort.
[controller_server-7] [INFO] [1791389183.490002895] [controller_server]: Passing new path to controller.
[controller_server-7] [INFO] [1791389184.590017231] [controller_server]: Passing new path to controller.
[controller_server-7] [INFO] [1791389185.590009307] [controller_server]: Passing new path to controller.
[controller_server-7] [INFO] [1791389186.590002556] [controller_server]: Passing new path to controller.
[controller_server-7] [INFO] [1791389187.590002705] [controller_server]: Passing new path to controller.
[controller_server-7] [INFO] [1791389188.690007695] [controller_server]: Passing new path to controller.
[controller_server-7] [INFO] [1791389189.689998561] [controller_server]: Passing new path to controller.
[controller_server-7] [INFO] [1791389190.690004475] [controller_server]: Passing new path to controller.
[controller_server-7] [INFO] [1791389191.789990249] [controller_server]: Passing new path to controller.
[controller_server-7] [INFO] [1791389192.790000825] [controller_server]: Passing new path to controller.
[controller_server-7] [ERROR] [1791389193.390028205] [controller_server]: Failed to make progress
[controller_server-7] [WARN] [1791389193.390091413] [controller_server]: [follow_path] [ActionServer] Aborting handle.
[controller_server-7] [INFO] [1791389193.409191388] [local_costmap.local_costmap]: Received request to clear entirely the local_costmap
[planner_server-9] [INFO] [1791389193.409372444] [global_costmap.global_costmap]: Received request to clear entirely the global_costmap
[planner_server-9] [WARN] [1791389194.000579838] [planner_server]: Planner loop missed its desired rate of 5.0000 Hz. Current loop rate is 0.8333 Hz
[controller_server-7] [INFO] [1791389194.019749482] [controller_server]: Received a goal, begin computing control effort.
[controller_server-7] [INFO] [1791389195.120043970] [controller_server]: Passing new path to controller.
[controller_server-7] [INFO] [1791389196.120026719] [controller_server]: Passing new path to controller.
[controller_server-7] [INFO] [1791389197.120034328] [controller_server]: Passing new path to controller.
[controller_server-7] [INFO] [1791389198.220029066] [controller_server]: Passing new path to controller.
[controller_server-7] [INFO] [1791389199.220026413] [controller_server]: Passing new path to controller.
[controller_server-7] [INFO] [1791389200.220040482] [controller_server]: Passing new path to controller.
[controller_server-7] [INFO] [1791389201.320047342] [controller_server]: Passing new path to controller.
[controller_server-7] [INFO] [1791389202.320029998] [controller_server]: Passing new path to controller.
[controller_server-7] [INFO] [1791389203.320027027] [controller_server]: Passing new path to controller.
[controller_server-7] [ERROR] [1791389204.120069140] [controller_server]: Failed to make progress
[controller_server-7] [WARN] [1791389204.120150549] [controller_server]: [follow_path] [ActionServer] Aborting handle.
[controller_server-7] [INFO] [1791389204.139227112] [local_costmap.local_costmap]: Received request to clear entirely the local_costmap
[controller_server-7] [INFO] [1791389204.139724712] [controller_server]: Received a goal, begin computing control effort.
[controller_server-7] [INFO] [1791389204.329951970] [controller_server]: Passing new path to controller.
[controller_server-7] [WARN] [1791389204.331139577] [controller_server]: Control loop missed its desired rate of 10.0000Hz
[controller_server-7] [INFO] [1791389205.439952028] [controller_server]: Passing new path to controller.
[controller_server-7] [INFO] [1791389206.439950148] [controller_server]: Passing new path to controller.
[controller_server-7] [INFO] [1791389207.439944312] [controller_server]: Passing new path to controller.
[controller_server-7] [INFO] [1791389208.439942362] [controller_server]: Passing new path to controller.
[controller_server-7] [INFO] [1791389209.539969829] [controller_server]: Passing new path to controller.
[controller_server-7] [INFO] [1791389210.539947732] [controller_server]: Passing new path to controller.
[controller_server-7] [INFO] [1791389211.539950528] [controller_server]: Passing new path to controller.
[controller_server-7] [INFO] [1791389212.639957257] [controller_server]: Passing new path to controller.
[controller_server-7] [INFO] [1791389213.639947434] [controller_server]: Passing new path to controller.
[controller_server-7] [ERROR] [1791389214.439999418] [controller_server]: Failed to make progress
[controller_server-7] [WARN] [1791389214.440107451] [controller_server]: [follow_path] [ActionServer] Aborting handle.
[behavior_server-10] [INFO] [1791389214.459459318] [behavior_server]: Running spin
[behavior_server-10] [INFO] [1791389214.459590213] [behavior_server]: Turning 1.57 for spin behavior.
[behavior_server-10] [INFO] [1791389216.359854952] [behavior_server]: spin completed successfully
[controller_server-7] [INFO] [1791389216.409417420] [controller_server]: Received a goal, begin computing control effort.
[controller_server-7] [INFO] [1791389217.509637740] [controller_server]: Passing new path to controller.
[controller_server-7] [INFO] [1791389218.509629450] [controller_server]: Passing new path to controller.
[controller_server-7] [INFO] [1791389219.509628150] [controller_server]: Passing new path to controller.
[controller_server-7] [INFO] [1791389220.010178668] [controller_server]: Reached the goal!
[bt_navigator-11] [INFO] [1791389220.049225528] [bt_navigator]: Goal succeeded
[python3-5] [INFO] [1791389220.049735036] [coverage_planner]: ✅ 到达航点 6
[python3-5] [INFO] [1791389220.059605135] [coverage_planner]: 🎯 导航到航点 7/40: (-2.60, -1.40)
[bt_navigator-11] [INFO] [1791389220.060345106] [bt_navigator]: Begin navigating from current location (-1.15, -1.53) to (-2.60, -1.40)
[controller_server-7] [INFO] [1791389220.080903813] [controller_server]: Received a goal, begin computing control effort.
[controller_server-7] [INFO] [1791389221.181164505] [controller_server]: Passing new path to controller.
[controller_server-7] [INFO] [1791389222.181176229] [controller_server]: Passing new path to controller.
[controller_server-7] [INFO] [1791389223.181166221] [controller_server]: Passing new path to controller.
[controller_server-7] [INFO] [1791389224.281170075] [controller_server]: Passing new path to controller.
[controller_server-7] [INFO] [1791389225.281171247] [controller_server]: Passing new path to controller.
[controller_server-7] [INFO] [1791389226.281174321] [controller_server]: Passing new path to controller.
[controller_server-7] [INFO] [1791389227.381178892] [controller_server]: Passing new path to controller.
[controller_server-7] [INFO] [1791389228.381186637] [controller_server]: Passing new path to controller.
[controller_server-7] [INFO] [1791389229.381168453] [controller_server]: Passing new path to controller.
[controller_server-7] [ERROR] [1791389230.181245114] [controller_server]: Failed to make progress
[controller_server-7] [WARN] [1791389230.181401468] [controller_server]: [follow_path] [ActionServer] Aborting handle.
[controller_server-7] [INFO] [1791389230.200903886] [local_costmap.local_costmap]: Received request to clear entirely the local_costmap
[controller_server-7] [INFO] [1791389230.201715033] [controller_server]: Received a goal, begin computing control effort.
[controller_server-7] [WARN] [1791389230.322712612] [controller_server]: Control loop missed its desired rate of 10.0000Hz
[controller_server-7] [INFO] [1791389230.402016673] [controller_server]: Passing new path to controller.
[controller_server-7] [INFO] [1791389231.502003642] [controller_server]: Passing new path to controller.
[controller_server-7] [INFO] [1791389232.502018724] [controller_server]: Passing new path to controller.
[controller_server-7] [INFO] [1791389233.502016552] [controller_server]: Passing new path to controller.
[controller_server-7] [INFO] [1791389234.502018450] [controller_server]: Passing new path to controller.
[controller_server-7] [INFO] [1791389235.602014102] [controller_server]: Passing new path to controller.
[controller_server-7] [INFO] [1791389236.602010251] [controller_server]: Passing new path to controller.
[controller_server-7] [INFO] [1791389237.602008710] [controller_server]: Passing new path to controller.
[controller_server-7] [INFO] [1791389238.702006344] [controller_server]: Passing new path to controller.
[controller_server-7] [INFO] [1791389239.701999666] [controller_server]: Passing new path to controller.
[controller_server-7] [ERROR] [1791389240.402044229] [controller_server]: Failed to make progress
[controller_server-7] [WARN] [1791389240.402134221] [controller_server]: [follow_path] [ActionServer] Aborting handle.
[behavior_server-10] [INFO] [1791389240.420622587] [behavior_server]: Running wait
[behavior_server-10] [INFO] [1791389242.920805957] [behavior_server]: wait completed successfully
[controller_server-7] [INFO] [1791389242.970686983] [controller_server]: Received a goal, begin computing control effort.
[controller_server-7] [INFO] [1791389244.070883365] [controller_server]: Passing new path to controller.
[controller_server-7] [INFO] [1791389245.070886700] [controller_server]: Passing new path to controller.
[controller_server-7] [INFO] [1791389246.070881762] [controller_server]: Passing new path to controller.
[controller_server-7] [INFO] [1791389247.170908838] [controller_server]: Passing new path to controller.
[controller_server-7] [INFO] [1791389248.170898404] [controller_server]: Passing new path to controller.
[controller_server-7] [INFO] [1791389249.170880384] [controller_server]: Passing new path to controller.
[controller_server-7] [INFO] [1791389250.270897246] [controller_server]: Passing new path to controller.
[controller_server-7] [INFO] [1791389251.270882836] [controller_server]: Passing new path to controller.
[controller_server-7] [INFO] [1791389252.270892206] [controller_server]: Passing new path to controller.
[controller_server-7] [ERROR] [1791389253.070923849] [controller_server]: Failed to make progress
[controller_server-7] [WARN] [1791389253.071034279] [controller_server]: [follow_path] [ActionServer] Aborting handle.
[controller_server-7] [INFO] [1791389253.090743541] [local_costmap.local_costmap]: Received request to clear entirely the local_costmap
[controller_server-7] [INFO] [1791389253.091404016] [controller_server]: Received a goal, begin computing control effort.
[controller_server-7] [INFO] [1791389253.291686175] [controller_server]: Passing new path to controller.
[controller_server-7] [INFO] [1791389254.391690419] [controller_server]: Passing new path to controller.
[controller_server-7] [INFO] [1791389255.391680201] [controller_server]: Passing new path to controller.
[controller_server-7] [INFO] [1791389256.391674170] [controller_server]: Passing new path to controller.
[controller_server-7] [INFO] [1791389257.391689208] [controller_server]: Passing new path to controller.
[controller_server-7] [INFO] [1791389258.491674560] [controller_server]: Passing new path to controller.
[controller_server-7] [INFO] [1791389259.491677703] [controller_server]: Passing new path to controller.
[controller_server-7] [INFO] [1791389260.491676840] [controller_server]: Passing new path to controller.
[controller_server-7] [INFO] [1791389261.591682460] [controller_server]: Passing new path to controller.
[controller_server-7] [INFO] [1791389262.591672980] [controller_server]: Passing new path to controller.
[controller_server-7] [ERROR] [1791389263.191702021] [controller_server]: Failed to make progress
[controller_server-7] [WARN] [1791389263.191762092] [controller_server]: [follow_path] [ActionServer] Aborting handle.
[behavior_server-10] [INFO] [1791389263.210691223] [behavior_server]: Running backup
[behavior_server-10] [INFO] [1791389266.810959446] [behavior_server]: backup completed successfully
[controller_server-7] [INFO] [1791389266.860973198] [controller_server]: Received a goal, begin computing control effort.
[controller_server-7] [INFO] [1791389267.961245597] [controller_server]: Passing new path to controller.
[controller_server-7] [INFO] [1791389268.961254211] [controller_server]: Passing new path to controller.
[controller_server-7] [INFO] [1791389269.961256715] [controller_server]: Passing new path to controller.
[controller_server-7] [INFO] [1791389271.061268095] [controller_server]: Passing new path to controller.
[controller_server-7] [INFO] [1791389272.061257169] [controller_server]: Passing new path to controller.
[controller_server-7] [INFO] [1791389273.061244135] [controller_server]: Passing new path to controller.
[controller_server-7] [INFO] [1791389274.161241801] [controller_server]: Passing new path to controller.
[controller_server-7] [INFO] [1791389275.161244055] [controller_server]: Passing new path to controller.
[controller_server-7] [INFO] [1791389276.161235846] [controller_server]: Passing new path to controller.
[controller_server-7] [ERROR] [1791389276.961307239] [controller_server]: Failed to make progress
[controller_server-7] [WARN] [1791389276.961436156] [controller_server]: [follow_path] [ActionServer] Aborting handle.
[controller_server-7] [INFO] [1791389276.980738600] [local_costmap.local_costmap]: Received request to clear entirely the local_costmap
[controller_server-7] [INFO] [1791389276.981658476] [controller_server]: Received a goal, begin computing control effort.
[controller_server-7] [WARN] [1791389277.133769529] [controller_server]: Control loop missed its desired rate of 10.0000Hz
[controller_server-7] [INFO] [1791389277.181995991] [controller_server]: Passing new path to controller.
[controller_server-7] [INFO] [1791389278.281985187] [controller_server]: Passing new path to controller.
[controller_server-7] [INFO] [1791389279.282001771] [controller_server]: Passing new path to controller.
[controller_server-7] [INFO] [1791389280.281978101] [controller_server]: Passing new path to controller.
[controller_server-7] [INFO] [1791389281.281996257] [controller_server]: Passing new path to controller.
[controller_server-7] [INFO] [1791389282.381991851] [controller_server]: Passing new path to controller.
[controller_server-7] [INFO] [1791389283.381983886] [controller_server]: Passing new path to controller.
[controller_server-7] [INFO] [1791389284.381987254] [controller_server]: Passing new path to controller.
[controller_server-7] [INFO] [1791389285.481981329] [controller_server]: Passing new path to controller.
[controller_server-7] [INFO] [1791389286.481982787] [controller_server]: Passing new path to controller.
[controller_server-7] [ERROR] [1791389287.182054331] [controller_server]: Failed to make progress
[controller_server-7] [WARN] [1791389287.182181264] [controller_server]: [follow_path] [ActionServer] Aborting handle.
[controller_server-7] [INFO] [1791389287.200732486] [local_costmap.local_costmap]: Received request to clear entirely the local_costmap
[planner_server-9] [INFO] [1791389287.201165964] [global_costmap.global_costmap]: Received request to clear entirely the global_costmap
[planner_server-9] [WARN] [1791389288.002765577] [planner_server]: Planner loop missed its desired rate of 5.0000 Hz. Current loop rate is 0.6250 Hz
[controller_server-7] [INFO] [1791389288.020765599] [controller_server]: Received a goal, begin computing control effort.
[controller_server-7] [INFO] [1791389289.120966751] [controller_server]: Passing new path to controller.
[controller_server-7] [INFO] [1791389290.120948423] [controller_server]: Passing new path to controller.
[controller_server-7] [INFO] [1791389291.120948573] [controller_server]: Passing new path to controller.
[controller_server-7] [INFO] [1791389292.220951695] [controller_server]: Passing new path to controller.
[controller_server-7] [INFO] [1791389293.220959438] [controller_server]: Passing new path to controller.
[controller_server-7] [INFO] [1791389294.220953340] [controller_server]: Passing new path to controller.
[controller_server-7] [INFO] [1791389295.320947968] [controller_server]: Passing new path to controller.
[controller_server-7] [INFO] [1791389296.320952692] [controller_server]: Passing new path to controller.
[controller_server-7] [INFO] [1791389297.320962535] [controller_server]: Passing new path to controller.
[controller_server-7] [ERROR] [1791389298.120993045] [controller_server]: Failed to make progress
[controller_server-7] [WARN] [1791389298.121094360] [controller_server]: [follow_path] [ActionServer] Aborting handle.
[controller_server-7] [INFO] [1791389298.140601259] [local_costmap.local_costmap]: Received request to clear entirely the local_costmap
[controller_server-7] [INFO] [1791389298.141073769] [controller_server]: Received a goal, begin computing control effort.
[controller_server-7] [INFO] [1791389298.331319494] [controller_server]: Passing new path to controller.
[controller_server-7] [WARN] [1791389298.332319083] [controller_server]: Control loop missed its desired rate of 10.0000Hz
[controller_server-7] [INFO] [1791389299.341311617] [controller_server]: Passing new path to controller.
[controller_server-7] [INFO] [1791389300.441316406] [controller_server]: Passing new path to controller.
[controller_server-7] [INFO] [1791389301.441318754] [controller_server]: Passing new path to controller.
[controller_server-7] [INFO] [1791389302.441318596] [controller_server]: Passing new path to controller.
[controller_server-7] [INFO] [1791389303.541331586] [controller_server]: Passing new path to controller.
[controller_server-7] [INFO] [1791389304.541331737] [controller_server]: Passing new path to controller.
[controller_server-7] [INFO] [1791389305.541324512] [controller_server]: Passing new path to controller.
[controller_server-7] [INFO] [1791389306.641336262] [controller_server]: Passing new path to controller.
[controller_server-7] [INFO] [1791389307.641320831] [controller_server]: Passing new path to controller.
[controller_server-7] [ERROR] [1791389308.441338848] [controller_server]: Failed to make progress
[controller_server-7] [WARN] [1791389308.441405010] [controller_server]: [follow_path] [ActionServer] Aborting handle.
[behavior_server-10] [INFO] [1791389308.460763713] [behavior_server]: Running spin
[behavior_server-10] [INFO] [1791389308.460880698] [behavior_server]: Turning 1.57 for spin behavior.
[behavior_server-10] [INFO] [1791389310.461077388] [behavior_server]: spin completed successfully
[controller_server-7] [INFO] [1791389310.511132652] [controller_server]: Received a goal, begin computing control effort.
[controller_server-7] [INFO] [1791389311.611469640] [controller_server]: Passing new path to controller.
[controller_server-7] [INFO] [1791389312.611477015] [controller_server]: Passing new path to controller.
[controller_server-7] [INFO] [1791389313.611482136] [controller_server]: Passing new path to controller.
[controller_server-7] [INFO] [1791389314.711466191] [controller_server]: Passing new path to controller.
[controller_server-7] [INFO] [1791389315.711462671] [controller_server]: Passing new path to controller.
[controller_server-7] [INFO] [1791389316.711454177] [controller_server]: Passing new path to controller.
[controller_server-7] [INFO] [1791389317.711452138] [controller_server]: Passing new path to controller.
[controller_server-7] [INFO] [1791389318.811478535] [controller_server]: Passing new path to controller.
[controller_server-7] [INFO] [1791389319.811455212] [controller_server]: Passing new path to controller.
[controller_server-7] [ERROR] [1791389320.611496229] [controller_server]: Failed to make progress
[controller_server-7] [WARN] [1791389320.611575426] [controller_server]: [follow_path] [ActionServer] Aborting handle.
[controller_server-7] [INFO] [1791389320.630688989] [local_costmap.local_costmap]: Received request to clear entirely the local_costmap
[controller_server-7] [INFO] [1791389320.631549058] [controller_server]: Received a goal, begin computing control effort.
[controller_server-7] [WARN] [1791389320.732914023] [controller_server]: Control loop missed its desired rate of 10.0000Hz
[controller_server-7] [INFO] [1791389320.831844570] [controller_server]: Passing new path to controller.
[controller_server-7] [INFO] [1791389321.831843300] [controller_server]: Passing new path to controller.
[controller_server-7] [INFO] [1791389322.931833080] [controller_server]: Passing new path to controller.
[controller_server-7] [INFO] [1791389323.931839315] [controller_server]: Passing new path to controller.
[controller_server-7] [INFO] [1791389324.931837597] [controller_server]: Passing new path to controller.
[controller_server-7] [INFO] [1791389326.031853592] [controller_server]: Passing new path to controller.
[controller_server-7] [INFO] [1791389327.031846416] [controller_server]: Passing new path to controller.
[controller_server-7] [INFO] [1791389328.031839933] [controller_server]: Passing new path to controller.
[controller_server-7] [INFO] [1791389329.131867713] [controller_server]: Passing new path to controller.
[controller_server-7] [INFO] [1791389330.131841747] [controller_server]: Passing new path to controller.
[controller_server-7] [ERROR] [1791389330.831905488] [controller_server]: Failed to make progress
[controller_server-7] [WARN] [1791389330.832035770] [controller_server]: [follow_path] [ActionServer] Aborting handle.
[behavior_server-10] [INFO] [1791389330.850882842] [behavior_server]: Running wait
[behavior_server-10] [INFO] [1791389333.351127375] [behavior_server]: wait completed successfully
[controller_server-7] [INFO] [1791389333.401304788] [controller_server]: Received a goal, begin computing control effort.
[controller_server-7] [INFO] [1791389334.501633812] [controller_server]: Passing new path to controller.
[controller_server-7] [INFO] [1791389335.501628550] [controller_server]: Passing new path to controller.
[controller_server-7] [INFO] [1791389336.501628341] [controller_server]: Passing new path to controller.
[controller_server-7] [INFO] [1791389337.601633996] [controller_server]: Passing new path to controller.
[controller_server-7] [INFO] [1791389338.601642436] [controller_server]: Passing new path to controller.
[controller_server-7] [INFO] [1791389339.601623830] [controller_server]: Passing new path to controller.
[controller_server-7] [INFO] [1791389340.701633657] [controller_server]: Passing new path to controller.
[controller_server-7] [INFO] [1791389341.701625588] [controller_server]: Passing new path to controller.
[controller_server-7] [INFO] [1791389342.701641558] [controller_server]: Passing new path to controller.
[controller_server-7] [ERROR] [1791389343.501680537] [controller_server]: Failed to make progress
[controller_server-7] [WARN] [1791389343.501793322] [controller_server]: [follow_path] [ActionServer] Aborting handle.
[controller_server-7] [INFO] [1791389343.520749376] [local_costmap.local_costmap]: Received request to clear entirely the local_costmap
[controller_server-7] [INFO] [1791389343.521595012] [controller_server]: Received a goal, begin computing control effort.
[controller_server-7] [INFO] [1791389343.721920354] [controller_server]: Passing new path to controller.
[controller_server-7] [INFO] [1791389344.821906233] [controller_server]: Passing new path to controller.
[controller_server-7] [INFO] [1791389345.821911972] [controller_server]: Passing new path to controller.
[controller_server-7] [INFO] [1791389346.821915437] [controller_server]: Passing new path to controller.
[controller_server-7] [INFO] [1791389347.821906413] [controller_server]: Passing new path to controller.
[controller_server-7] [INFO] [1791389348.921909134] [controller_server]: Passing new path to controller.
[controller_server-7] [INFO] [1791389349.921913865] [controller_server]: Passing new path to controller.
[controller_server-7] [INFO] [1791389350.921909629] [controller_server]: Passing new path to controller.
[controller_server-7] [INFO] [1791389352.021915716] [controller_server]: Passing new path to controller.
[controller_server-7] [INFO] [1791389353.021914392] [controller_server]: Passing new path to controller.
[controller_server-7] [ERROR] [1791389353.621944773] [controller_server]: Failed to make progress
[controller_server-7] [WARN] [1791389353.622034299] [controller_server]: [follow_path] [ActionServer] Aborting handle.
[behavior_server-10] [INFO] [1791389353.640791898] [behavior_server]: Running backup
[behavior_server-10] [INFO] [1791389357.041130148] [behavior_server]: backup completed successfully
[controller_server-7] [INFO] [1791389357.090882828] [controller_server]: Received a goal, begin computing control effort.
[controller_server-7] [INFO] [1791389358.191108107] [controller_server]: Passing new path to controller.
[controller_server-7] [INFO] [1791389359.191107939] [controller_server]: Passing new path to controller.
[controller_server-7] [INFO] [1791389360.191104936] [controller_server]: Passing new path to controller.
[controller_server-7] [INFO] [1791389361.291094797] [controller_server]: Passing new path to controller.
[controller_server-7] [INFO] [1791389362.291090833] [controller_server]: Passing new path to controller.
[controller_server-7] [INFO] [1791389363.291097229] [controller_server]: Passing new path to controller.
[controller_server-7] [INFO] [1791389364.391090300] [controller_server]: Passing new path to controller.
[controller_server-7] [INFO] [1791389365.391102662] [controller_server]: Passing new path to controller.
[controller_server-7] [INFO] [1791389366.391093327] [controller_server]: Passing new path to controller.
[controller_server-7] [ERROR] [1791389367.191173387] [controller_server]: Failed to make progress
[controller_server-7] [WARN] [1791389367.191333145] [controller_server]: [follow_path] [ActionServer] Aborting handle.
[controller_server-7] [INFO] [1791389367.210736368] [local_costmap.local_costmap]: Received request to clear entirely the local_costmap
[controller_server-7] [INFO] [1791389367.211597990] [controller_server]: Received a goal, begin computing control effort.
[controller_server-7] [WARN] [1791389367.333499521] [controller_server]: Control loop missed its desired rate of 10.0000Hz
[controller_server-7] [INFO] [1791389367.411947164] [controller_server]: Passing new path to controller.
[controller_server-7] [INFO] [1791389368.511943819] [controller_server]: Passing new path to controller.
[controller_server-7] [INFO] [1791389369.511931315] [controller_server]: Passing new path to controller.
[controller_server-7] [INFO] [1791389370.511936358] [controller_server]: Passing new path to controller.
[controller_server-7] [INFO] [1791389371.511940493] [controller_server]: Passing new path to controller.
[controller_server-7] [INFO] [1791389372.611924995] [controller_server]: Passing new path to controller.
[controller_server-7] [INFO] [1791389373.611929420] [controller_server]: Passing new path to controller.
[controller_server-7] [INFO] [1791389374.611926981] [controller_server]: Passing new path to controller.
[controller_server-7] [INFO] [1791389375.711925282] [controller_server]: Passing new path to controller.
[controller_server-7] [INFO] [1791389376.711927970] [controller_server]: Passing new path to controller.
[controller_server-7] [ERROR] [1791389377.411990252] [controller_server]: Failed to make progress
[controller_server-7] [WARN] [1791389377.412115825] [controller_server]: [follow_path] [ActionServer] Aborting handle.
[bt_navigator-11] [WARN] [1791389377.440473176] [bt_navigator]: [navigate_to_pose] [ActionServer] Aborting handle.
[bt_navigator-11] [ERROR] [1791389377.440584406] [bt_navigator]: Goal failed
[python3-5] [WARN] [1791389377.442266688] [coverage_planner]: ⚠️ 航点 7 导航ABORTED，第 1/3 次重试
[python3-5] [INFO] [1791389377.460037447] [coverage_planner]: 🎯 导航到航点 7/40: (-2.60, -1.40)
[bt_navigator-11] [INFO] [1791389377.460651870] [bt_navigator]: Begin navigating from current location (-2.56, 0.38) to (-2.60, -1.40)
[controller_server-7] [INFO] [1791389377.481064608] [controller_server]: Received a goal, begin computing control effort.
[controller_server-7] [INFO] [1791389378.581200480] [controller_server]: Passing new path to controller.
[controller_server-7] [INFO] [1791389379.581227324] [controller_server]: Passing new path to controller.
[controller_server-7] [INFO] [1791389380.581203306] [controller_server]: Passing new path to controller.
[controller_server-7] [INFO] [1791389381.681200347] [controller_server]: Passing new path to controller.
[controller_server-7] [INFO] [1791389382.681205035] [controller_server]: Passing new path to controller.
[controller_server-7] [INFO] [1791389383.681203512] [controller_server]: Passing new path to controller.
[controller_server-7] [INFO] [1791389384.781206944] [controller_server]: Passing new path to controller.
[controller_server-7] [INFO] [1791389385.781209233] [controller_server]: Passing new path to controller.
[controller_server-7] [INFO] [1791389386.781208912] [controller_server]: Passing new path to controller.
[controller_server-7] [ERROR] [1791389387.581266990] [controller_server]: Failed to make progress
[controller_server-7] [WARN] [1791389387.581373597] [controller_server]: [follow_path] [ActionServer] Aborting handle.
[controller_server-7] [INFO] [1791389387.600878403] [local_costmap.local_costmap]: Received request to clear entirely the local_costmap
[controller_server-7] [INFO] [1791389387.601189502] [controller_server]: Received a goal, begin computing control effort.
[controller_server-7] [WARN] [1791389387.732832671] [controller_server]: Control loop missed its desired rate of 10.0000Hz
[controller_server-7] [INFO] [1791389387.801372308] [controller_server]: Passing new path to controller.
[controller_server-7] [INFO] [1791389388.901378048] [controller_server]: Passing new path to controller.
[controller_server-7] [INFO] [1791389389.901380275] [controller_server]: Passing new path to controller.
[controller_server-7] [INFO] [1791389390.901383883] [controller_server]: Passing new path to controller.
[controller_server-7] [INFO] [1791389391.901373685] [controller_server]: Passing new path to controller.
[controller_server-7] [INFO] [1791389393.001359168] [controller_server]: Passing new path to controller.
[controller_server-7] [INFO] [1791389394.001359002] [controller_server]: Passing new path to controller.
[controller_server-7] [INFO] [1791389395.001367671] [controller_server]: Passing new path to controller.
[controller_server-7] [INFO] [1791389396.101371658] [controller_server]: Passing new path to controller.
[controller_server-7] [INFO] [1791389397.101359867] [controller_server]: Passing new path to controller.
[controller_server-7] [ERROR] [1791389397.801421329] [controller_server]: Failed to make progress
[controller_server-7] [WARN] [1791389397.801533131] [controller_server]: [follow_path] [ActionServer] Aborting handle.
[controller_server-7] [INFO] [1791389397.820995657] [local_costmap.local_costmap]: Received request to clear entirely the local_costmap
[planner_server-9] [INFO] [1791389397.821396944] [global_costmap.global_costmap]: Received request to clear entirely the global_costmap
[planner_server-9] [WARN] [1791389398.002666997] [planner_server]: Planner loop missed its desired rate of 5.0000 Hz. Current loop rate is 2.5000 Hz
[controller_server-7] [INFO] [1791389398.021107982] [controller_server]: Received a goal, begin computing control effort.
[controller_server-7] [INFO] [1791389399.121297067] [controller_server]: Passing new path to controller.
[controller_server-7] [INFO] [1791389400.121298633] [controller_server]: Passing new path to controller.
[controller_server-7] [INFO] [1791389401.121305291] [controller_server]: Passing new path to controller.
[controller_server-7] [INFO] [1791389402.221317605] [controller_server]: Passing new path to controller.
[controller_server-7] [INFO] [1791389403.221301787] [controller_server]: Passing new path to controller.
[controller_server-7] [INFO] [1791389404.221306146] [controller_server]: Passing new path to controller.
[controller_server-7] [INFO] [1791389405.321302519] [controller_server]: Passing new path to controller.
[controller_server-7] [INFO] [1791389406.321298205] [controller_server]: Passing new path to controller.
[controller_server-7] [INFO] [1791389407.321304186] [controller_server]: Passing new path to controller.
[controller_server-7] [ERROR] [1791389408.121322810] [controller_server]: Failed to make progress
[controller_server-7] [WARN] [1791389408.121398209] [controller_server]: [follow_path] [ActionServer] Aborting handle.
[controller_server-7] [INFO] [1791389408.140903602] [local_costmap.local_costmap]: Received request to clear entirely the local_costmap
[controller_server-7] [INFO] [1791389408.141264999] [controller_server]: Received a goal, begin computing control effort.
[controller_server-7] [INFO] [1791389408.331460082] [controller_server]: Passing new path to controller.
[controller_server-7] [WARN] [1791389408.332878752] [controller_server]: Control loop missed its desired rate of 10.0000Hz
[controller_server-7] [INFO] [1791389409.441462672] [controller_server]: Passing new path to controller.
[controller_server-7] [INFO] [1791389410.441454799] [controller_server]: Passing new path to controller.
[controller_server-7] [INFO] [1791389411.441462959] [controller_server]: Passing new path to controller.
[controller_server-7] [INFO] [1791389412.441453447] [controller_server]: Passing new path to controller.
[controller_server-7] [INFO] [1791389413.541456081] [controller_server]: Passing new path to controller.
[controller_server-7] [INFO] [1791389414.541456218] [controller_server]: Passing new path to controller.
[controller_server-7] [INFO] [1791389415.541480707] [controller_server]: Passing new path to controller.
[controller_server-7] [INFO] [1791389416.641473942] [controller_server]: Passing new path to controller.
[controller_server-7] [INFO] [1791389417.641456487] [controller_server]: Passing new path to controller.
[controller_server-7] [ERROR] [1791389418.441464612] [controller_server]: Failed to make progress
[controller_server-7] [WARN] [1791389418.441530071] [controller_server]: [follow_path] [ActionServer] Aborting handle.
[behavior_server-10] [INFO] [1791389418.460942083] [behavior_server]: Running spin
[behavior_server-10] [INFO] [1791389418.461024852] [behavior_server]: Turning 1.57 for spin behavior.
[behavior_server-10] [INFO] [1791389420.661280897] [behavior_server]: spin completed successfully
[controller_server-7] [INFO] [1791389420.711583240] [controller_server]: Received a goal, begin computing control effort.
[controller_server-7] [INFO] [1791389421.811881017] [controller_server]: Passing new path to controller.
[controller_server-7] [INFO] [1791389422.811873824] [controller_server]: Passing new path to controller.
[controller_server-7] [INFO] [1791389423.811872916] [controller_server]: Passing new path to controller.
[controller_server-7] [INFO] [1791389424.911883929] [controller_server]: Passing new path to controller.
[controller_server-7] [INFO] [1791389425.911878583] [controller_server]: Passing new path to controller.
[controller_server-7] [INFO] [1791389426.911879629] [controller_server]: Passing new path to controller.
[controller_server-7] [INFO] [1791389428.011887446] [controller_server]: Passing new path to controller.
[controller_server-7] [INFO] [1791389429.011865208] [controller_server]: Passing new path to controller.
[controller_server-7] [INFO] [1791389430.011869086] [controller_server]: Passing new path to controller.
[controller_server-7] [ERROR] [1791389430.811965947] [controller_server]: Failed to make progress
[controller_server-7] [WARN] [1791389430.812074447] [controller_server]: [follow_path] [ActionServer] Aborting handle.
[controller_server-7] [INFO] [1791389430.830919146] [local_costmap.local_costmap]: Received request to clear entirely the local_costmap
[controller_server-7] [INFO] [1791389430.831453180] [controller_server]: Received a goal, begin computing control effort.
[controller_server-7] [WARN] [1791389430.932302707] [controller_server]: Control loop missed its desired rate of 10.0000Hz
[controller_server-7] [INFO] [1791389431.031641243] [controller_server]: Passing new path to controller.
[controller_server-7] [INFO] [1791389432.131641208] [controller_server]: Passing new path to controller.
[controller_server-7] [INFO] [1791389433.131639111] [controller_server]: Passing new path to controller.
[controller_server-7] [INFO] [1791389434.131648744] [controller_server]: Passing new path to controller.
[controller_server-7] [INFO] [1791389435.131647731] [controller_server]: Passing new path to controller.
[controller_server-7] [INFO] [1791389436.231646602] [controller_server]: Passing new path to controller.
[controller_server-7] [INFO] [1791389437.231666292] [controller_server]: Passing new path to controller.
[controller_server-7] [INFO] [1791389438.231649958] [controller_server]: Passing new path to controller.
[controller_server-7] [INFO] [1791389439.331664281] [controller_server]: Passing new path to controller.
[controller_server-7] [INFO] [1791389440.331647242] [controller_server]: Passing new path to controller.
[controller_server-7] [ERROR] [1791389441.031685363] [controller_server]: Failed to make progress
[controller_server-7] [WARN] [1791389441.031775789] [controller_server]: [follow_path] [ActionServer] Aborting handle.
[behavior_server-10] [INFO] [1791389441.050965399] [behavior_server]: Running wait
[behavior_server-10] [INFO] [1791389443.551122573] [behavior_server]: wait completed successfully
[controller_server-7] [INFO] [1791389443.601210819] [controller_server]: Received a goal, begin computing control effort.
[controller_server-7] [INFO] [1791389444.701394198] [controller_server]: Passing new path to controller.
[controller_server-7] [INFO] [1791389445.701386901] [controller_server]: Passing new path to controller.
[controller_server-7] [INFO] [1791389446.701395122] [controller_server]: Passing new path to controller.
[controller_server-7] [INFO] [1791389447.801393048] [controller_server]: Passing new path to controller.
[controller_server-7] [INFO] [1791389448.801396775] [controller_server]: Passing new path to controller.
[controller_server-7] [INFO] [1791389449.801410767] [controller_server]: Passing new path to controller.
[controller_server-7] [INFO] [1791389450.801391859] [controller_server]: Passing new path to controller.
[controller_server-7] [INFO] [1791389451.901388569] [controller_server]: Passing new path to controller.
[controller_server-7] [INFO] [1791389452.901400458] [controller_server]: Passing new path to controller.
[controller_server-7] [ERROR] [1791389453.701417799] [controller_server]: Failed to make progress
[controller_server-7] [WARN] [1791389453.701488003] [controller_server]: [follow_path] [ActionServer] Aborting handle.
[controller_server-7] [INFO] [1791389453.720884039] [local_costmap.local_costmap]: Received request to clear entirely the local_costmap
[controller_server-7] [INFO] [1791389453.721326700] [controller_server]: Received a goal, begin computing control effort.
[controller_server-7] [INFO] [1791389453.921564678] [controller_server]: Passing new path to controller.
[controller_server-7] [INFO] [1791389454.921540591] [controller_server]: Passing new path to controller.
[controller_server-7] [INFO] [1791389456.021544411] [controller_server]: Passing new path to controller.
[controller_server-7] [INFO] [1791389457.021552722] [controller_server]: Passing new path to controller.
[controller_server-7] [INFO] [1791389458.021556248] [controller_server]: Passing new path to controller.
[controller_server-7] [INFO] [1791389459.121552270] [controller_server]: Passing new path to controller.
[controller_server-7] [INFO] [1791389460.121561175] [controller_server]: Passing new path to controller.
[controller_server-7] [INFO] [1791389461.121568129] [controller_server]: Passing new path to controller.
[controller_server-7] [INFO] [1791389462.221551706] [controller_server]: Passing new path to controller.
[controller_server-7] [INFO] [1791389463.221543534] [controller_server]: Passing new path to controller.
[controller_server-7] [ERROR] [1791389463.821596985] [controller_server]: Failed to make progress
[controller_server-7] [WARN] [1791389463.821709815] [controller_server]: [follow_path] [ActionServer] Aborting handle.
[behavior_server-10] [INFO] [1791389463.841258060] [behavior_server]: Running backup
[behavior_server-10] [INFO] [1791389467.741535903] [behavior_server]: backup completed successfully
[controller_server-7] [INFO] [1791389467.791404882] [controller_server]: Received a goal, begin computing control effort.
[controller_server-7] [INFO] [1791389468.891741237] [controller_server]: Passing new path to controller.
[controller_server-7] [INFO] [1791389469.891735606] [controller_server]: Passing new path to controller.
[controller_server-7] [INFO] [1791389470.891753236] [controller_server]: Passing new path to controller.
[controller_server-7] [INFO] [1791389471.991741610] [controller_server]: Passing new path to controller.
[controller_server-7] [INFO] [1791389472.991738296] [controller_server]: Passing new path to controller.
[controller_server-7] [INFO] [1791389473.991733770] [controller_server]: Passing new path to controller.
[controller_server-7] [INFO] [1791389475.091731588] [controller_server]: Passing new path to controller.
[controller_server-7] [INFO] [1791389476.091733482] [controller_server]: Passing new path to controller.
[controller_server-7] [INFO] [1791389477.091732953] [controller_server]: Passing new path to controller.
[controller_server-7] [ERROR] [1791389477.891800768] [controller_server]: Failed to make progress
[controller_server-7] [WARN] [1791389477.891901596] [controller_server]: [follow_path] [ActionServer] Aborting handle.
[controller_server-7] [INFO] [1791389477.911049098] [local_costmap.local_costmap]: Received request to clear entirely the local_costmap
[controller_server-7] [INFO] [1791389477.912117497] [controller_server]: Received a goal, begin computing control effort.
[controller_server-7] [INFO] [1791389478.112468974] [controller_server]: Passing new path to controller.
[controller_server-7] [INFO] [1791389479.212457928] [controller_server]: Passing new path to controller.
[controller_server-7] [INFO] [1791389480.212467806] [controller_server]: Passing new path to controller.
[controller_server-7] [INFO] [1791389481.212475637] [controller_server]: Passing new path to controller.
[controller_server-7] [INFO] [1791389482.212472583] [controller_server]: Passing new path to controller.
[controller_server-7] [INFO] [1791389483.312461813] [controller_server]: Passing new path to controller.
[controller_server-7] [INFO] [1791389484.312455720] [controller_server]: Passing new path to controller.
[controller_server-7] [INFO] [1791389485.312463774] [controller_server]: Passing new path to controller.
[controller_server-7] [INFO] [1791389486.412456017] [controller_server]: Passing new path to controller.
[controller_server-7] [INFO] [1791389487.412471800] [controller_server]: Passing new path to controller.
[controller_server-7] [ERROR] [1791389488.012482769] [controller_server]: Failed to make progress
[controller_server-7] [WARN] [1791389488.012554985] [controller_server]: [follow_path] [ActionServer] Aborting handle.
[controller_server-7] [INFO] [1791389488.030906051] [local_costmap.local_costmap]: Received request to clear entirely the local_costmap
[planner_server-9] [INFO] [1791389488.031191673] [global_costmap.global_costmap]: Received request to clear entirely the global_costmap
[planner_server-9] [WARN] [1791389489.002400614] [planner_server]: Planner loop missed its desired rate of 5.0000 Hz. Current loop rate is 0.5263 Hz
[controller_server-7] [INFO] [1791389489.021520189] [controller_server]: Received a goal, begin computing control effort.
[controller_server-7] [INFO] [1791389490.121834762] [controller_server]: Passing new path to controller.
[controller_server-7] [INFO] [1791389491.121825357] [controller_server]: Passing new path to controller.
[controller_server-7] [INFO] [1791389492.121832385] [controller_server]: Passing new path to controller.
[controller_server-7] [INFO] [1791389493.221828274] [controller_server]: Passing new path to controller.
[controller_server-7] [INFO] [1791389494.221871878] [controller_server]: Passing new path to controller.
[controller_server-7] [INFO] [1791389495.221830241] [controller_server]: Passing new path to controller.
[controller_server-7] [INFO] [1791389496.321828161] [controller_server]: Passing new path to controller.
[controller_server-7] [INFO] [1791389497.321839428] [controller_server]: Passing new path to controller.
[controller_server-7] [INFO] [1791389498.321830677] [controller_server]: Passing new path to controller.
[controller_server-7] [ERROR] [1791389499.121856816] [controller_server]: Failed to make progress
[controller_server-7] [WARN] [1791389499.121933427] [controller_server]: [follow_path] [ActionServer] Aborting handle.
[controller_server-7] [INFO] [1791389499.140931133] [local_costmap.local_costmap]: Received request to clear entirely the local_costmap
[controller_server-7] [INFO] [1791389499.141482097] [controller_server]: Received a goal, begin computing control effort.
[controller_server-7] [INFO] [1791389499.321687989] [controller_server]: Passing new path to controller.
[controller_server-7] [WARN] [1791389499.322253411] [controller_server]: Control loop missed its desired rate of 10.0000Hz
[controller_server-7] [INFO] [1791389500.441687244] [controller_server]: Passing new path to controller.
[controller_server-7] [INFO] [1791389501.441696064] [controller_server]: Passing new path to controller.
[controller_server-7] [INFO] [1791389502.441690220] [controller_server]: Passing new path to controller.
[controller_server-7] [INFO] [1791389503.441688307] [controller_server]: Passing new path to controller.
[controller_server-7] [INFO] [1791389504.541700932] [controller_server]: Passing new path to controller.
[controller_server-7] [INFO] [1791389505.541696182] [controller_server]: Passing new path to controller.
[controller_server-7] [INFO] [1791389506.541696344] [controller_server]: Passing new path to controller.
[controller_server-7] [INFO] [1791389507.641693692] [controller_server]: Passing new path to controller.
[controller_server-7] [INFO] [1791389508.641696025] [controller_server]: Passing new path to controller.
[controller_server-7] [ERROR] [1791389509.441735033] [controller_server]: Failed to make progress
[controller_server-7] [WARN] [1791389509.441819247] [controller_server]: [follow_path] [ActionServer] Aborting handle.
[behavior_server-10] [INFO] [1791389509.461014706] [behavior_server]: Running spin
[behavior_server-10] [INFO] [1791389509.461137088] [behavior_server]: Turning 1.57 for spin behavior.
[behavior_server-10] [INFO] [1791389511.461384758] [behavior_server]: spin completed successfully
[controller_server-7] [INFO] [1791389511.511252961] [controller_server]: Received a goal, begin computing control effort.
[controller_server-7] [INFO] [1791389512.611461095] [controller_server]: Passing new path to controller.
[controller_server-7] [INFO] [1791389513.611460266] [controller_server]: Passing new path to controller.
[controller_server-7] [INFO] [1791389514.611461110] [controller_server]: Passing new path to controller.
[controller_server-7] [INFO] [1791389515.711452721] [controller_server]: Passing new path to controller.
[controller_server-7] [INFO] [1791389516.711458482] [controller_server]: Passing new path to controller.
[controller_server-7] [INFO] [1791389517.711460180] [controller_server]: Passing new path to controller.
[controller_server-7] [INFO] [1791389518.811469760] [controller_server]: Passing new path to controller.
[controller_server-7] [INFO] [1791389519.811472568] [controller_server]: Passing new path to controller.
[controller_server-7] [INFO] [1791389520.811460751] [controller_server]: Passing new path to controller.
[controller_server-7] [ERROR] [1791389521.611513000] [controller_server]: Failed to make progress
[controller_server-7] [WARN] [1791389521.611616734] [controller_server]: [follow_path] [ActionServer] Aborting handle.
[controller_server-7] [INFO] [1791389521.630916715] [local_costmap.local_costmap]: Received request to clear entirely the local_costmap
[controller_server-7] [INFO] [1791389521.631296381] [controller_server]: Received a goal, begin computing control effort.
[controller_server-7] [WARN] [1791389521.732120993] [controller_server]: Control loop missed its desired rate of 10.0000Hz
[controller_server-7] [INFO] [1791389521.831463873] [controller_server]: Passing new path to controller.
[controller_server-7] [INFO] [1791389522.931469047] [controller_server]: Passing new path to controller.
[controller_server-7] [INFO] [1791389523.931482102] [controller_server]: Passing new path to controller.
[controller_server-7] [INFO] [1791389524.931468683] [controller_server]: Passing new path to controller.
[controller_server-7] [INFO] [1791389525.931453184] [controller_server]: Passing new path to controller.
[controller_server-7] [INFO] [1791389527.031466226] [controller_server]: Passing new path to controller.
[controller_server-7] [INFO] [1791389528.031467456] [controller_server]: Passing new path to controller.
[controller_server-7] [INFO] [1791389529.031470132] [controller_server]: Passing new path to controller.
[controller_server-7] [INFO] [1791389530.131453226] [controller_server]: Passing new path to controller.
[controller_server-7] [INFO] [1791389531.131457537] [controller_server]: Passing new path to controller.
[controller_server-7] [ERROR] [1791389531.831512180] [controller_server]: Failed to make progress
[controller_server-7] [WARN] [1791389531.831606369] [controller_server]: [follow_path] [ActionServer] Aborting handle.
[bt_navigator-11] [WARN] [1791389531.860823348] [bt_navigator]: [navigate_to_pose] [ActionServer] Aborting handle.
[bt_navigator-11] [ERROR] [1791389531.861115967] [bt_navigator]: Goal failed
[python3-5] [WARN] [1791389531.863248760] [coverage_planner]: ⚠️ 航点 7 导航ABORTED，第 2/3 次重试
[python3-5] [INFO] [1791389531.896364688] [coverage_planner]: 🎯 导航到航点 7/40: (-2.60, -1.40)
[bt_navigator-11] [INFO] [1791389531.897027071] [bt_navigator]: Begin navigating from current location (-4.31, 0.42) to (-2.60, -1.40)
[controller_server-7] [INFO] [1791389531.917726580] [controller_server]: Received a goal, begin computing control effort.
[controller_server-7] [INFO] [1791389533.017974339] [controller_server]: Passing new path to controller.
[controller_server-7] [INFO] [1791389534.017977879] [controller_server]: Passing new path to controller.
[controller_server-7] [INFO] [1791389535.017984389] [controller_server]: Passing new path to controller.
[controller_server-7] [INFO] [1791389536.117991002] [controller_server]: Passing new path to controller.
[controller_server-7] [INFO] [1791389537.117980361] [controller_server]: Passing new path to controller.
[controller_server-7] [INFO] [1791389538.117984291] [controller_server]: Passing new path to controller.
[controller_server-7] [INFO] [1791389539.217986223] [controller_server]: Passing new path to controller.
[controller_server-7] [INFO] [1791389540.217981257] [controller_server]: Passing new path to controller.
[controller_server-7] [INFO] [1791389541.217997306] [controller_server]: Passing new path to controller.
[controller_server-7] [ERROR] [1791389542.018045120] [controller_server]: Failed to make progress
[controller_server-7] [WARN] [1791389542.018170011] [controller_server]: [follow_path] [ActionServer] Aborting handle.
[controller_server-7] [INFO] [1791389542.037374148] [local_costmap.local_costmap]: Received request to clear entirely the local_costmap
[controller_server-7] [INFO] [1791389542.038174852] [controller_server]: Received a goal, begin computing control effort.
[controller_server-7] [INFO] [1791389542.238452534] [controller_server]: Passing new path to controller.
[controller_server-7] [INFO] [1791389543.338452672] [controller_server]: Passing new path to controller.
[controller_server-7] [INFO] [1791389544.338461400] [controller_server]: Passing new path to controller.
[controller_server-7] [INFO] [1791389545.338456593] [controller_server]: Passing new path to controller.
[controller_server-7] [INFO] [1791389546.338439810] [controller_server]: Passing new path to controller.
[python3-6] [WARN] [1791389547.208836433] [metrics_recorder]: 📼 超时，强制结束记录
[controller_server-7] [INFO] [1791389547.438441618] [controller_server]: Passing new path to controller.
[python3-6] [INFO] [1791389547.466328908] [metrics_recorder]: 📼 落盘完成: status=timeout odom=120046 点, 时长=2401.0
[controller_server-7] [INFO] [1791389548.438450982] [controller_server]: Passing new path to controller.
[controller_server-7] [INFO] [1791389549.438468092] [controller_server]: Passing new path to controller.
[controller_server-7] [INFO] [1791389550.538417426] [controller_server]: Passing new path to controller.
[controller_server-7] [INFO] [1791389551.538458131] [controller_server]: Passing new path to controller.
