t,min_range
28.200000000000003,2.3786768913269043
28.3,2.3623979091644287
28.400000000000002,2.3642385005950928
28.5,2.3478081226348877
28.6,2.345566987991333
28.700000000000003,2.3305537700653076
28.8,2.3147566318511963
28.900000000000002,2.3110830783843994
29.000000000000004,2.299048662185669
29.1,2.276601552963257
29.200000000000003,2.271911859512329
29.3,2.275508403778076
29.400000000000002,2.246049404144287
29.500000000000004,2.2419347763061523
29.6,2.224134922027588
29.700000000000003,2.2191200256347656
29.8,2.2067689895629883
29.900000000000002,2.1970324516296387
30.000000000000004,2.179953098297119
30.1,2.1509461402893066
30.200000000000003,2.1480846405029297
30.3,2.1312146186828613
30.400000000000002,2.1270155906677246
30.500000000000004,2.131826877593994
30.6,2.1338889598846436
30.700000000000003,2.1239707469940186
30.8,2.1279091835021973
30.900000000000002,2.137493371963501
31.000000000000004,2.142869472503662
31.1,2.1507771015167236
31.200000000000003,2.152935028076172
31.3,2.1543307304382324
31.400000000000002,2.1486499309539795
31.500000000000004,2.150498390197754
31.6,2.1547300815582275
31.700000000000003,2.1572206020355225
31.8,2.13622784614563
31.900000000000002,2.141470193862915
32.0,2.1442129611968994
32.1,2.1463401317596436
32.2,2.143904447555542
32.300000000000004,2.149925708770752
32.4,2.1391122341156006
32.5,2.1478216648101807
32.6,2.160240411758423
32.7,2.1520371437072754
32.800000000000004,2.139230966567993
32.9,2.1006953716278076
33.0,2.046001434326172
33.1,2.002004384994507
33.2,1.9560067653656006
33.300000000000004,1.8977733850479126
33.4,1.85910964012146
33.5,1.8058085441589355
33.6,1.7423447370529175
33.7,1.6982097625732422
33.800000000000004,1.6487823724746704
33.9,1.593160629272461
34.0,1.5443756580352783
34.1,1.513900637626648
34.2,1.4637401103973389
34.300000000000004,1.4162087440490723
34.400000000000006,1.3770086765289307
34.5,1.3146649599075317
34.6,1.2785648107528687
34.7,1.2532693147659302
34.800000000000004,1.2260228395462036
34.900000000000006,1.1901847124099731
35.0,1.1698161363601685
35.1,1.1377333402633667
35.2,1.1178843975067139
35.300000000000004,1.088151454925537
35.400000000000006,1.0775012969970703
35.5,1.0662736892700195
35.6,1.0557234287261963
35.7,1.0323933362960815
35.800000000000004,1.03057062625885
35.900000000000006,1.0112274885177612
36.0,1.0098915100097656
36.1,0.998029351234436
36.2,0.9968439340591431
36.300000000000004,0.9811839461326599
36.400000000000006,0.9823164939880371
36.5,0.9720156192779541
36.6,0.974483072757721
36.7,0.9820584058761597
36.800000000000004,0.9795933365821838
36.900000000000006,0.9686148762702942
37.0,0.9943575263023376
37.1,0.9808177351951599
37.2,0.9862022399902344
37.300000000000004,0.9863436818122864
37.400000000000006,0.9907811880111694
37.5,0.9852244257926941
37.6,0.9904903769493103
37.7,0.9682177901268005
37.800000000000004,0.9505698680877686
37.900000000000006,0.9571682810783386
38.0,0.9456855654716492
38.1,0.9438564777374268
38.2,0.925385594367981
38.300000000000004,0.9329243898391724
38.400000000000006,0.9297454953193665
38.5,0.9161602258682251
38.6,0.8935686945915222
38.7,0.8945720791816711
38.800000000000004,0.8846766948699951
38.900000000000006,0.8825458884239197
39.0,0.8678885102272034
39.1,0.8651714324951172
39.2,0.8621570467948914
39.300000000000004,0.8671990633010864
39.400000000000006,0.8637324571609497
39.5,0.8534253835678101
39.6,0.8473110795021057
39.7,0.860693097114563
39.800000000000004,0.8505904674530029
39.900000000000006,0.8404030203819275
40.0,0.8329815864562988
40.1,0.8341240286827087
40.2,0.8163952231407166
40.300000000000004,0.8080992698669434
40.400000000000006,0.7989938259124756
40.5,0.8179569840431213
40.6,0.8144654631614685
40.7,0.8157181143760681
40.800000000000004,0.8097549676895142
40.900000000000006,0.8027826547622681
41.0,0.8041359186172485
41.1,0.81346195936203
41.2,0.8116345405578613
41.300000000000004,0.7979947328567505
41.400000000000006,0.7976099252700806
41.5,0.7912492156028748
41.6,0.7852662801742554
41.7,0.7821491956710815
41.800000000000004,0.7841936349868774
41.900000000000006,0.7826019525527954
42.0,0.7834254503250122
42.1,0.7858290076255798
42.2,0.7927082180976868
42.300000000000004,0.781847357749939
42.400000000000006,0.8002558350563049
42.5,0.7803986072540283
42.6,0.7757167816162109
42.7,0.7649840116500854
42.800000000000004,0.7642780542373657
42.900000000000006,0.7640408873558044
43.0,0.7566516995429993
43.1,0.7427560091018677
43.2,0.7523289322853088
43.300000000000004,0.7521542310714722
43.400000000000006,0.7473716139793396
43.5,0.7459224462509155
43.6,0.7449773550033569
43.7,0.7375850081443787
43.800000000000004,0.7353379130363464
43.900000000000006,0.7327212691307068
44.0,0.7362915277481079
44.1,0.7122190594673157
44.2,0.7086726427078247
44.300000000000004,0.6929084062576294
44.400000000000006,0.6996467113494873
44.5,0.6960511207580566
44.6,0.6908572316169739
44.7,0.6905600428581238
44.800000000000004,0.6878170371055603
44.900000000000006,0.6827307343482971
45.0,0.6820969581604004
45.1,0.6717639565467834
45.2,0.6737441420555115
45.300000000000004,0.6802281141281128
45.400000000000006,0.6669400930404663
45.5,0.6622287034988403
45.6,0.6411577463150024
45.7,0.6484209299087524
45.800000000000004,0.6413173079490662
45.900000000000006,0.6333226561546326
46.0,0.638043224811554
46.1,0.6126165390014648
46.2,0.6235529780387878
46.300000000000004,0.6203956007957458
46.400000000000006,0.620462954044342
46.5,0.5951620936393738
46.6,0.6159361004829407
46.7,0.6151509284973145
46.800000000000004,0.6037898063659668
46.900000000000006,0.5794214606285095
47.0,0.5844204425811768
47.1,0.5792309045791626
47.2,0.5658437013626099
47.300000000000004,0.5609879493713379
47.400000000000006,0.5596320033073425
47.5,0.5594773888587952
47.6,0.551709771156311
47.7,0.5528085231781006
47.800000000000004,0.5478112697601318
47.900000000000006,0.5456620454788208
48.0,0.5482453107833862
48.1,0.5412534475326538
48.2,0.542863667011261
48.300000000000004,0.5214085578918457
48.400000000000006,0.5233414173126221
48.5,0.5182327032089233
48.6,0.5101385116577148
48.7,0.5069906115531921
48.800000000000004,0.506532609462738
48.900000000000006,0.5038180351257324
49.0,0.497833251953125
49.1,0.49348533153533936
49.2,0.49317365884780884
49.300000000000004,0.49784156680107117
49.400000000000006,0.48840123414993286
49.5,0.4854722321033478
49.6,0.4715747535228729
49.7,0.4714452624320984
49.800000000000004,0.4599039554595947
49.900000000000006,0.45073264837265015
50.0,0.4545711278915405
50.1,0.45550960302352905
50.2,0.45194894075393677
50.300000000000004,0.45122140645980835
50.400000000000006,0.4309188425540924
50.5,0.4329283833503723
50.6,0.4362778067588806
50.7,0.43175891041755676
50.800000000000004,0.4285728931427002
50.900000000000006,0.43050915002822876
51.0,0.4188789427280426
51.1,0.4172348976135254
51.2,0.40334612131118774
51.300000000000004,0.38959309458732605
51.400000000000006,0.3976893424987793
51.5,0.39004814624786377
51.6,0.39208436012268066
51.7,0.38123980164527893
51.800000000000004,0.3836345076560974
51.900000000000006,0.3776516914367676
52.0,0.37954312562942505
52.1,0.3706892430782318
52.2,0.3693442940711975
52.300000000000004,0.3756859302520752
52.400000000000006,0.36291325092315674
52.5,0.3581726551055908
52.6,0.3535462021827698
52.7,0.35790419578552246
52.800000000000004,0.36176997423171997
52.900000000000006,0.3651899993419647
53.0,0.35561031103134155
53.1,0.35703083872795105
53.2,0.36185169219970703
53.300000000000004,0.36644649505615234
53.400000000000006,0.35901543498039246
53.5,0.36528387665748596
53.6,0.3661229610443115
53.7,0.3626924753189087
53.800000000000004,0.3613123297691345
53.900000000000006,0.3668403923511505
54.0,0.3587772846221924
54.1,0.35319793224334717
54.2,0.3656556308269501
54.300000000000004,0.36375942826271057
54.400000000000006,0.36406445503234863
54.5,0.35232073068618774
54.6,0.36436453461647034
54.7,0.36591753363609314
54.800000000000004,0.35637879371643066
54.900000000000006,0.3608228862285614
55.0,0.36202073097229004
55.1,0.3593796193599701
55.2,0.3631541430950165
55.300000000000004,0.3658941388130188
55.400000000000006,0.3630373775959015
55.5,0.34641310572624207
55.6,0.3541822135448456
55.7,0.35638192296028137
55.800000000000004,0.35936078429222107
55.900000000000006,0.35238614678382874
56.0,0.34173494577407837
56.1,0.35612624883651733
56.2,0.35344356298446655
56.300000000000004,0.3547215461730957
56.400000000000006,0.359508216381073
56.5,0.35548657178878784
56.6,0.35352805256843567
56.7,0.3609524369239807
56.800000000000004,0.34598755836486816
56.900000000000006,0.3538331389427185
57.0,0.3496001064777374
57.1,0.3556102514266968
57.2,0.3497545123100281
57.300000000000004,0.3486943244934082
57.400000000000006,0.34542226791381836
57.50000000000001,0.35334983468055725
57.6,0.3530624210834503
57.7,0.35230228304862976
57.800000000000004,0.3538907766342163
57.900000000000006,0.3490072786808014
58.00000000000001,0.3496098220348358
58.1,0.34229904413223267
58.2,0.35364198684692383
58.300000000000004,0.35391947627067566
58.400000000000006,0.3489866554737091
58.50000000000001,0.35238024592399597
58.6,0.3525331914424896
58.7,0.35322046279907227
58.800000000000004,0.34235885739326477
58.900000000000006,0.3469894528388977
59.00000000000001,0.3383529484272003
59.1,0.35083872079849243
59.2,0.34721463918685913
59.300000000000004,0.3507501184940338
59.400000000000006,0.3485444188117981
59.50000000000001,0.34539729356765747
59.6,0.3424731194972992
59.7,0.3491935133934021
59.800000000000004,0.33220604062080383
59.900000000000006,0.33875322341918945
60.00000000000001,0.3477261960506439
60.1,0.3313864469528198
60.2,0.3254867196083069
60.300000000000004,0.34751418232917786
60.400000000000006,0.3506545126438141
60.50000000000001,0.3457184135913849
60.6,0.3429163694381714
60.7,0.3577909469604492
60.800000000000004,0.3476770222187042
60.900000000000006,0.34814414381980896
61.00000000000001,0.3588999807834625
61.1,0.3419046998023987
61.2,0.3496270179748535
61.300000000000004,0.3515062630176544
61.400000000000006,0.35087671875953674
61.50000000000001,0.33735716342926025
61.6,0.3453034460544586
61.7,0.3495350480079651
61.800000000000004,0.34599825739860535
61.900000000000006,0.3490922749042511
62.00000000000001,0.3513372242450714
62.1,0.3479945957660675
62.2,0.34561896324157715
62.300000000000004,0.35369551181793213
62.400000000000006,0.3457888662815094
62.50000000000001,0.3512132167816162
62.6,0.3438800573348999
62.7,0.3406239449977875
62.800000000000004,0.34668275713920593
62.900000000000006,0.34317249059677124
63.00000000000001,0.3412550389766693
63.1,0.353894978761673
63.2,0.34569084644317627
63.300000000000004,0.3486210107803345
63.400000000000006,0.33866044878959656
63.50000000000001,0.34745022654533386
63.6,0.3415149748325348
63.7,0.3358007073402405
63.800000000000004,0.34283265471458435
63.900000000000006,0.3392643332481384
64.0,0.33903199434280396
64.10000000000001,0.3311236500740051
64.2,0.32848888635635376
64.3,0.3345116972923279
64.4,0.3306509852409363
64.5,0.32753273844718933
64.60000000000001,0.32377737760543823
64.7,0.3243783116340637
64.8,0.3227502405643463
64.9,0.32313090562820435
65.0,0.3134206533432007
65.10000000000001,0.32149386405944824
65.2,0.3159128427505493
65.3,0.30593550205230713
65.4,0.3143521845340729
65.5,0.31198596954345703
65.60000000000001,0.31033042073249817
65.7,0.305890828371048
65.8,0.30413463711738586
65.9,0.2979929745197296
66.0,0.2965247631072998
66.10000000000001,0.2957778573036194
66.2,0.31998780369758606
66.3,0.3243462145328522
66.4,0.3163864314556122
66.5,0.33146482706069946
66.60000000000001,0.3325693905353546
66.7,0.3405416011810303
66.8,0.34094884991645813
66.9,0.34665197134017944
67.0,0.34899789094924927
67.10000000000001,0.34594112634658813
67.2,0.3471388518810272
67.3,0.35118845105171204
67.4,0.3520065248012543
67.5,0.36514732241630554
67.60000000000001,0.39414694905281067
67.7,0.40807631611824036
67.8,0.447396457195282
67.9,0.44552865624427795
68.0,0.4454054832458496
68.10000000000001,0.45917046070098877
68.2,0.45713311433792114
68.3,0.4435037076473236
68.4,0.4293806552886963
68.5,0.41981884837150574
68.60000000000001,0.4266107380390167
68.7,0.4242608845233917
68.80000000000001,0.41951340436935425
68.9,0.4444216191768646
69.0,0.44030722975730896
69.10000000000001,0.45835578441619873
69.2,0.4729255139827728
69.30000000000001,0.4875485599040985
69.4,0.5023294687271118
69.5,0.516116201877594
69.60000000000001,0.5194583535194397
69.7,0.5185526609420776
69.80000000000001,0.5259774327278137
69.9,0.533719003200531
70.0,0.5440689921379089
70.10000000000001,0.5391088128089905
70.2,0.5337337255477905
70.30000000000001,0.5261068940162659
70.4,0.5330560803413391
70.5,0.532207190990448
70.60000000000001,0.5175113677978516
70.7,0.5245698094367981
70.80000000000001,0.5286629796028137
70.9,0.5156907439231873
71.0,0.5164703130722046
71.10000000000001,0.5199666023254395
71.2,0.5216407179832458
71.30000000000001,0.5170759558677673
71.4,0.5385754108428955
71.5,0.5463162660598755
71.60000000000001,0.5554634928703308
71.7,0.5611768960952759
71.80000000000001,0.5568893551826477
71.9,0.5572690963745117
72.0,0.5407538414001465
72.10000000000001,0.5457825660705566
72.2,0.5326238870620728
72.30000000000001,0.5431948900222778
72.4,0.5400235652923584
72.5,0.5510982275009155
72.60000000000001,0.5506221652030945
72.7,0.5433898568153381
72.80000000000001,0.544865608215332
72.9,0.5429626703262329
73.0,0.5411067605018616
73.10000000000001,0.5408703088760376
73.2,0.5438446402549744
73.30000000000001,0.5356943011283875
73.4,0.5373605489730835
73.5,0.5329785943031311
73.60000000000001,0.539513349533081
73.7,0.5389599204063416
73.80000000000001,0.5411487817764282
73.9,0.5417936444282532
74.0,0.5353243350982666
74.10000000000001,0.5318243503570557
74.2,0.5354360342025757
74.30000000000001,0.535812258720398
74.4,0.5315173268318176
74.5,0.5272402167320251
74.60000000000001,0.5313363075256348
74.7,0.5295439958572388
74.80000000000001,0.521589994430542
74.9,0.5221822261810303
75.0,0.5214507579803467
75.10000000000001,0.5280241370201111
75.2,0.5223989486694336
75.30000000000001,0.5231404900550842
75.4,0.5377081036567688
75.5,0.5317713022232056
75.60000000000001,0.5344225168228149
75.7,0.5339400172233582
75.80000000000001,0.5361888408660889
75.9,0.5281225442886353
76.0,0.51900315284729
76.10000000000001,0.5202605724334717
76.2,0.5343701839447021
76.30000000000001,0.5305930376052856
76.4,0.5300313234329224
76.5,0.5293259024620056
76.60000000000001,0.5276376008987427
76.7,0.522896945476532
76.80000000000001,0.5264626741409302
76.9,0.5195621848106384
77.0,0.5182744264602661
77.10000000000001,0.5224791765213013
77.2,0.5208404660224915
77.30000000000001,0.5128269791603088
77.4,0.5214784741401672
77.5,0.5066400766372681
77.60000000000001,0.5228601098060608
77.7,0.5136352777481079
77.80000000000001,0.5092305541038513
77.9,0.5094683170318604
78.0,0.5126622915267944
78.10000000000001,0.5176392197608948
78.2,0.5077008008956909
78.30000000000001,0.5092362761497498
78.4,0.5040400624275208
78.5,0.49854904413223267
78.60000000000001,0.5033664703369141
78.7,0.5049735307693481
78.80000000000001,0.4944218695163727
78.9,0.4922202229499817
79.0,0.5009275078773499
79.10000000000001,0.5067149996757507
79.2,0.5028067231178284
79.30000000000001,0.5089953541755676
79.4,0.5002483129501343
79.5,0.5065053105354309
79.60000000000001,0.4997694492340088
79.7,0.5047377347946167
79.80000000000001,0.4763619005680084
79.9,0.4837571680545807
80.0,0.4845491349697113
80.10000000000001,0.47387781739234924
80.2,0.47077563405036926
80.30000000000001,0.46206754446029663
80.4,0.44498950242996216
80.5,0.4529847204685211
80.60000000000001,0.4483247995376587
80.7,0.45546090602874756
80.80000000000001,0.457424521446228
80.9,0.46026673913002014
81.0,0.471325546503067
81.10000000000001,0.4620443880558014
81.2,0.44872522354125977
81.30000000000001,0.4612526297569275
81.4,0.45973604917526245
81.5,0.47360706329345703
81.60000000000001,0.46141088008880615
81.7,0.45817145705223083
81.80000000000001,0.4663683772087097
81.9,0.44409722089767456
82.0,0.4483857750892639
82.10000000000001,0.43208378553390503
82.2,0.4379967451095581
82.30000000000001,0.44018739461898804
82.4,0.4403456449508667
82.5,0.4347699284553528
82.60000000000001,0.4318293631076813
82.7,0.441896915435791
82.80000000000001,0.43267014622688293
82.9,0.4477536380290985
83.0,0.4732249975204468
83.10000000000001,0.466765433549881
83.2,0.5057004690170288
83.30000000000001,0.49946486949920654
83.4,0.49895888566970825
83.5,0.495753675699234
83.60000000000001,0.4926685094833374
83.7,0.4923567473888397
83.80000000000001,0.5046465992927551
83.9,0.49010995030403137
84.0,0.48754528164863586
84.10000000000001,0.5001219511032104
84.2,0.5329785943031311
84.30000000000001,0.549515426158905
84.4,0.5859136581420898
84.5,0.5759127140045166
84.60000000000001,0.5873317122459412
84.7,0.5914990305900574
84.80000000000001,0.5988491177558899
84.9,0.6081104874610901
85.0,0.5897319912910461
85.10000000000001,0.594282865524292
85.2,0.6013889312744141
85.30000000000001,0.5918304324150085
85.4,0.5896381735801697
85.5,0.6162294745445251
85.60000000000001,0.6323586106300354
85.7,0.6428061723709106
85.80000000000001,0.6323203444480896
85.9,0.6294667720794678
86.0,0.6106865406036377
86.10000000000001,0.5529362559318542
86.2,0.5131042003631592
86.30000000000001,0.47519728541374207
86.4,0.44729334115982056
86.5,0.4173230230808258
86.60000000000001,0.41979527473449707
86.7,0.4177621603012085
86.80000000000001,0.4323720633983612
86.9,0.4263781011104584
87.0,0.4232853949069977
87.10000000000001,0.4235464036464691
87.2,0.42344382405281067
87.30000000000001,0.42119860649108887
87.4,0.4185117185115814
87.5,0.4128982424736023
87.60000000000001,0.4305366575717926
87.7,0.4550735652446747
87.80000000000001,0.49035632610321045
87.9,0.5345622301101685
88.0,0.5673288702964783
88.10000000000001,0.5886881351470947
88.2,0.6480540037155151
88.30000000000001,0.6926516890525818
88.4,0.7390266060829163
88.5,0.7445945143699646
88.60000000000001,0.7616407871246338
88.7,0.7617760896682739
88.80000000000001,0.7593010067939758
88.9,0.7526092529296875
89.0,0.7550833821296692
89.10000000000001,0.7511269450187683
89.2,0.7471475601196289
89.30000000000001,0.7526430487632751
89.4,0.7549811601638794
89.5,0.7541136741638184
89.60000000000001,0.7539610862731934
89.7,0.7325822710990906
89.80000000000001,0.6999441385269165
89.9,0.6697011590003967
90.0,0.6082046031951904
90.10000000000001,0.5594952702522278
90.2,0.5116884708404541
90.30000000000001,0.4838816225528717
90.4,0.4746917188167572
90.5,0.477496474981308
90.60000000000001,0.48636338114738464
90.7,0.5026798844337463
90.80000000000001,0.5145283341407776
90.9,0.5627123117446899
91.0,0.5887648463249207
91.10000000000001,0.6323824524879456
91.2,0.6540613770484924
91.30000000000001,0.6911098957061768
91.4,0.7334544062614441
91.5,0.7419788837432861
91.60000000000001,0.7201833128929138
91.7,0.705185055732727
91.80000000000001,0.6681588292121887
91.9,0.623303234577179
92.0,0.5759352445602417
92.10000000000001,0.5284569263458252
92.2,0.4922364354133606
92.30000000000001,0.46214380860328674
92.4,0.45141535997390747
92.5,0.44096365571022034
92.60000000000001,0.46079760789871216
92.7,0.4928484261035919
92.80000000000001,0.5192428231239319
92.9,0.5439644455909729
93.0,0.580103874206543
93.10000000000001,0.6224671006202698
93.2,0.6842488646507263
93.30000000000001,0.7143765091896057
93.4,0.7541256546974182
93.5,0.7766335010528564
93.60000000000001,0.7995795607566833
93.7,0.7901003956794739
93.80000000000001,0.7817084789276123
93.9,0.7768414616584778
94.0,0.7889978289604187
94.10000000000001,0.7829718589782715
94.2,0.7677674889564514
94.30000000000001,0.7859501838684082
94.4,0.7898725271224976
94.5,0.7787190675735474
94.60000000000001,0.7928431034088135
94.7,0.7773964405059814
94.80000000000001,0.7786151766777039
94.9,0.7639256715774536
95.0,0.7240713238716125
95.10000000000001,0.6871259808540344
95.2,0.6337650418281555
95.30000000000001,0.6052732467651367
95.4,0.5429577827453613
95.5,0.5026535391807556
95.60000000000001,0.4698866307735443
95.7,0.43149611353874207
95.80000000000001,0.45652222633361816
95.9,0.4438073933124542
96.0,0.43520259857177734
96.10000000000001,0.4625799357891083
96.2,0.4911733567714691
96.30000000000001,0.5368828773498535
96.4,0.5688921809196472
96.5,0.5922290682792664
96.60000000000001,0.5746073722839355
96.7,0.5823397040367126
96.80000000000001,0.5963247418403625
96.9,0.5892981290817261
97.0,0.5891720056533813
97.10000000000001,0.5822870135307312
97.2,0.598405122756958
97.30000000000001,0.5994027256965637
97.4,0.6096686124801636
97.5,0.6299741864204407
97.60000000000001,0.6660230159759521
97.7,0.6676108837127686
97.80000000000001,0.6553889513015747
97.9,0.618898868560791
98.0,0.5589373707771301
98.10000000000001,0.5041855573654175
98.2,0.46079400181770325
98.30000000000001,0.42126238346099854
98.4,0.4176831543445587
98.5,0.4013653099536896
98.60000000000001,0.4158347249031067
98.7,0.4461842477321625
98.80000000000001,0.48900875449180603
98.9,0.5290096998214722
99.0,0.5425360202789307
99.10000000000001,0.5481052398681641
99.2,0.545403778553009
99.30000000000001,0.5298818349838257
99.4,0.5548362135887146
99.5,0.5508739948272705
99.60000000000001,0.5550984144210815
99.7,0.5519590377807617
99.80000000000001,0.554153561592102
99.9,0.5703141689300537
100.0,0.5944684147834778
100.10000000000001,0.6513446569442749
100.2,0.6805258989334106
100.30000000000001,0.7014806866645813
100.4,0.704150378704071
100.5,0.7044980525970459
100.60000000000001,0.7030324935913086
100.7,0.7103720903396606
100.80000000000001,0.6952062249183655
100.9,0.7203975915908813
101.0,0.7077903151512146
101.10000000000001,0.70562744140625
101.2,0.6995404362678528
101.30000000000001,0.6692012548446655
101.4,0.6067047715187073
101.5,0.5721749067306519
101.60000000000001,0.4952569901943207
101.7,0.4737066924571991
101.80000000000001,0.4648858904838562
101.9,0.4616834819316864
102.0,0.4604872167110443
102.10000000000001,0.47292590141296387
102.2,0.5198779106140137
102.30000000000001,0.5425288081169128
102.4,0.598587155342102
102.5,0.6114404201507568
102.60000000000001,0.6163831949234009
102.7,0.6175155639648438
102.80000000000001,0.6196694374084473
102.9,0.6225622892379761
103.0,0.6216979622840881
103.10000000000001,0.632902204990387
103.2,0.6184177398681641
103.30000000000001,0.6285570859909058
103.4,0.6163790822029114
103.5,0.5822617411613464
103.60000000000001,0.5219897031784058
103.7,0.4893694519996643
103.80000000000001,0.47109025716781616
103.9,0.47322002053260803
104.0,0.4699878394603729
104.10000000000001,0.4881364107131958
104.2,0.46569710969924927
104.30000000000001,0.4842613637447357
104.4,0.49124887585639954
104.5,0.5284651517868042
104.60000000000001,0.5781033635139465
104.7,0.5952990055084229
104.80000000000001,0.6254839301109314
104.9,0.6204495429992676
105.0,0.6312661170959473
105.10000000000001,0.6388919949531555
105.2,0.6320604085922241
105.30000000000001,0.6395763754844666
105.4,0.6371384859085083
105.5,0.627381443977356
105.60000000000001,0.6096417903900146
105.7,0.6234245896339417
105.80000000000001,0.6270219087600708
105.9,0.6273677945137024
106.0,0.6109374761581421
106.10000000000001,0.574408769607544
106.2,0.5335614085197449
106.30000000000001,0.49049195647239685
106.4,0.43241268396377563
106.5,0.40139463543891907
106.60000000000001,0.34902265667915344
106.7,0.30828002095222473
106.80000000000001,0.2637939155101776
106.9,0.27891916036605835
107.0,0.2789454162120819
107.10000000000001,0.3015066981315613
107.2,0.3277035057544708
107.30000000000001,0.36129048466682434
107.4,0.3720036745071411
107.5,0.3687891662120819
107.60000000000001,0.3662734031677246
107.7,0.3691519498825073
107.80000000000001,0.3780069351196289
107.9,0.37771424651145935
108.0,0.3831320106983185
108.10000000000001,0.3691825568675995
108.2,0.33209893107414246
108.30000000000001,0.2921816408634186
108.4,0.2892630696296692
108.5,0.29895418882369995
108.60000000000001,0.29729440808296204
108.7,0.31117457151412964
108.80000000000001,0.3364529609680176
108.9,0.3392566740512848
109.0,0.3331088125705719
109.10000000000001,0.33516812324523926
109.2,0.34325626492500305
109.30000000000001,0.34739604592323303
109.4,0.3460874557495117
109.5,0.33871060609817505
109.60000000000001,0.34598293900489807
109.7,0.3444606065750122
109.80000000000001,0.3326534628868103
109.9,0.3359306752681732
110.0,0.3252306580543518
110.10000000000001,0.3153977692127228
110.2,0.3141884207725525
110.30000000000001,0.3113677203655243
110.4,0.3161385655403137
110.5,0.3127913475036621
110.60000000000001,0.31220439076423645
110.7,0.31074151396751404
110.80000000000001,0.3070400655269623
110.9,0.3103679120540619
111.0,0.3188997209072113
111.10000000000001,0.3079291880130768
111.2,0.3099645972251892
111.30000000000001,0.3102673590183258
111.4,0.3092891573905945
111.5,0.30764007568359375
111.60000000000001,0.3107043206691742
111.7,0.3000330626964569
111.80000000000001,0.3155072331428528
111.9,0.30780890583992004
112.0,0.30950865149497986
112.10000000000001,0.30691394209861755
112.2,0.30265292525291443
112.30000000000001,0.31079816818237305
112.4,0.317923367023468
112.5,0.30879732966423035
112.60000000000001,0.3064720034599304
112.7,0.30578315258026123
112.80000000000001,0.31461992859840393
112.9,0.3122246563434601
113.0,0.30452507734298706
113.10000000000001,0.31272050738334656
113.2,0.3082869350910187
113.30000000000001,0.31593891978263855
113.4,0.2986970543861389
113.5,0.3077666759490967
113.60000000000001,0.31108251214027405
113.7,0.30637383460998535
113.80000000000001,0.3137192726135254
113.9,0.309771329164505
114.0,0.3109959363937378
114.10000000000001,0.3189127445220947
114.2,0.3079245388507843
114.30000000000001,0.31305068731307983
114.4,0.31407439708709717
114.50000000000001,0.30922627449035645
114.60000000000001,0.30859440565109253
114.7,0.30798134207725525
114.80000000000001,0.3050791025161743
114.9,0.3053075671195984
115.00000000000001,0.30964726209640503
115.10000000000001,0.2977185547351837
115.2,0.3101884424686432
115.30000000000001,0.3184184432029724
115.4,0.31121864914894104
115.50000000000001,0.31685692071914673
115.60000000000001,0.3067149221897125
115.7,0.30870160460472107
115.80000000000001,0.3120572865009308
115.9,0.3006735146045685
116.00000000000001,0.30372849106788635
116.10000000000001,0.3128695487976074
116.2,0.3075515925884247
116.30000000000001,0.3082628846168518
116.4,0.3051488399505615
116.50000000000001,0.30687853693962097
116.60000000000001,0.3098183572292328
116.7,0.2992944121360779
116.80000000000001,0.30008047819137573
116.9,0.2996310293674469
117.00000000000001,0.2992188036441803
117.10000000000001,0.3106275200843811
117.2,0.300883024930954
117.30000000000001,0.2973218560218811
117.4,0.3153465986251831
117.50000000000001,0.3154916763305664
117.60000000000001,0.31733375787734985
117.7,0.31777486205101013
117.80000000000001,0.32147228717803955
117.9,0.3257848024368286
118.00000000000001,0.31585848331451416
118.10000000000001,0.309223473072052
118.2,0.32387450337409973
118.30000000000001,0.3195681571960449
118.4,0.31964221596717834
118.50000000000001,0.3240480422973633
118.60000000000001,0.3111227750778198
118.7,0.3188704550266266
118.80000000000001,0.31268495321273804
118.9,0.3231278955936432
119.00000000000001,0.31221523880958557
119.10000000000001,0.3199453055858612
119.2,0.31758758425712585
119.30000000000001,0.3163238763809204
119.4,0.3149718940258026
119.50000000000001,0.3018238842487335
119.60000000000001,0.3168073892593384
119.7,0.3102554678916931
119.80000000000001,0.3077850043773651
119.9,0.3166905343532562
120.00000000000001,0.30644485354423523
120.10000000000001,0.3011837899684906
120.2,0.3233250677585602
120.30000000000001,0.30939480662345886
120.4,0.31397801637649536
120.50000000000001,0.3132894039154053
120.60000000000001,0.3130476772785187
120.7,0.3067409098148346
120.80000000000001,0.30804312229156494
120.9,0.3134278357028961
121.00000000000001,0.31484898924827576
121.10000000000001,0.31008100509643555
121.2,0.3151172995567322
121.30000000000001,0.31336912512779236
121.4,0.30952054262161255
121.50000000000001,0.3165363371372223
121.60000000000001,0.3187747597694397
121.7,0.31150779128074646
121.80000000000001,0.3118838369846344
121.9,0.31072065234184265
122.00000000000001,0.31029054522514343
122.10000000000001,0.3148338794708252
122.2,0.3173283636569977
122.30000000000001,0.30759966373443604
122.4,0.3030320107936859
122.50000000000001,0.31699618697166443
122.60000000000001,0.3134748339653015
122.7,0.3080940544605255
122.80000000000001,0.3191538155078888
122.9,0.3095238208770752
123.00000000000001,0.3050825297832489
123.10000000000001,0.31612563133239746
123.2,0.3139132261276245
123.30000000000001,0.31451594829559326
123.4,0.31550145149230957
123.50000000000001,0.30909761786460876
123.60000000000001,0.3120119571685791
123.7,0.30657872557640076
123.80000000000001,0.3159431517124176
123.9,0.3077463209629059
124.00000000000001,0.32198965549468994
124.10000000000001,0.313517689704895
124.2,0.3113487660884857
124.30000000000001,0.31835660338401794
124.4,0.3117400109767914
124.50000000000001,0.30087408423423767
124.60000000000001,0.30696314573287964
124.7,0.3032882809638977
124.80000000000001,0.31530600786209106
124.9,0.3131895065307617
125.00000000000001,0.31929513812065125
125.10000000000001,0.3170787990093231
125.2,0.30980369448661804
125.30000000000001,0.30898743867874146
125.4,0.3142959475517273
125.50000000000001,0.31475889682769775
125.60000000000001,0.30465495586395264
125.7,0.3070714771747589
125.80000000000001,0.3106310963630676
125.9,0.30643150210380554
126.00000000000001,0.3096158802509308
126.10000000000001,0.31264856457710266
126.2,0.3111688196659088
126.30000000000001,0.3002724051475525
126.4,0.29994145035743713
126.50000000000001,0.30378809571266174
126.60000000000001,0.31429633498191833
126.7,0.3102405071258545
126.80000000000001,0.3062986731529236
126.9,0.30629026889801025
127.00000000000001,0.31605255603790283
127.10000000000001,0.31306710839271545
127.2,0.3116592764854431
127.30000000000001,0.30260539054870605
127.4,0.3037290871143341
127.50000000000001,0.29720833897590637
127.60000000000001,0.3068298399448395
127.7,0.31660255789756775
127.80000000000001,0.3065318763256073
127.9,0.30304837226867676
128.0,0.3210233449935913
128.1,0.3090282380580902
128.20000000000002,0.3148341774940491
128.3,0.3008027672767639
128.4,0.31063592433929443
128.5,0.3016611933708191
128.6,0.308957040309906
128.70000000000002,0.3095787465572357
128.8,0.2984820604324341
128.9,0.31004008650779724
129.0,0.3031843602657318
129.1,0.31051206588745117
129.20000000000002,0.31852442026138306
129.3,0.31784290075302124
129.4,0.31646233797073364
129.5,0.3170742392539978
129.6,0.3247847557067871
129.70000000000002,0.31897708773612976
129.8,0.31978896260261536
129.9,0.31493470072746277
130.0,0.30544206500053406
130.1,0.32237622141838074
130.20000000000002,0.3146184980869293
130.3,0.31866365671157837
130.4,0.3166128098964691
130.5,0.31694692373275757
130.6,0.3244338035583496
130.70000000000002,0.3158671259880066
130.8,0.32488536834716797
130.9,0.31996241211891174
131.0,0.30816325545310974
131.1,0.3134925067424774
131.20000000000002,0.3176034092903137
131.3,0.32180890440940857
131.4,0.3071475923061371
131.5,0.31626012921333313
131.6,0.3217274844646454
131.70000000000002,0.3166954517364502
131.8,0.32253628969192505
131.9,0.31632915139198303
132.0,0.3137889802455902
132.1,0.3156226575374603
132.20000000000002,0.3195984959602356
132.3,0.3105185925960541
132.4,0.31477299332618713
132.5,0.3103685975074768
132.6,0.3092677891254425
132.70000000000002,0.31047704815864563
132.8,0.3167803883552551
132.9,0.3064841032028198
133.0,0.3046569228172302
133.1,0.3164527714252472
133.20000000000002,0.31730228662490845
133.3,0.3013887107372284
133.4,0.2983092665672302
133.5,0.30607953667640686
133.6,0.3019475042819977
133.70000000000002,0.3202487528324127
133.8,0.3177051544189453
133.9,0.32095104455947876
134.0,0.3208850920200348
134.1,0.31345129013061523
134.20000000000002,0.3136102259159088
134.3,0.311654657125473
134.4,0.30945178866386414
134.5,0.31202128529548645
134.6,0.3103141784667969
134.70000000000002,0.3166617155075073
134.8,0.3020876944065094
134.9,0.3209492564201355
135.0,0.30996087193489075
135.1,0.31906449794769287
135.20000000000002,0.31828388571739197
135.3,0.3050071597099304
135.4,0.3168867826461792
135.5,0.31746914982795715
135.6,0.31798386573791504
135.70000000000002,0.31732749938964844
135.8,0.3017764687538147
135.9,0.3105721175670624
136.0,0.3180840015411377
136.1,0.3130992650985718
136.20000000000002,0.310520738363266
136.3,0.3137672543525696
136.4,0.31959590315818787
136.5,0.3192819356918335
136.6,0.3191370964050293
136.70000000000002,0.30237823724746704
136.8,0.3206702172756195
136.9,0.3155936896800995
137.0,0.3150400221347809
137.10000000000002,0.31655022501945496
137.20000000000002,0.30989697575569153
137.3,0.3154664635658264
137.4,0.30486345291137695
137.5,0.3084975779056549
137.60000000000002,0.30943942070007324
137.70000000000002,0.3132321834564209
137.8,0.31801095604896545
137.9,0.31028443574905396
138.0,0.3139105439186096
138.10000000000002,0.3109348714351654
138.20000000000002,0.32025614380836487
138.3,0.31656399369239807
138.4,0.30929115414619446
138.5,0.31355610489845276
138.60000000000002,0.31647050380706787
138.70000000000002,0.315601646900177
138.8,0.3188571333885193
138.9,0.3195113241672516
139.0,0.31697291135787964
139.10000000000002,0.3150314390659332
139.20000000000002,0.3052177429199219
139.3,0.3133694529533386
139.4,0.3169522285461426
139.5,0.3192468583583832
139.60000000000002,0.3074856698513031
139.70000000000002,0.31513968110084534
139.8,0.3122158944606781
139.9,0.3090234398841858
140.0,0.31032469868659973
140.10000000000002,0.30770862102508545
140.20000000000002,0.31417208909988403
140.3,0.3184625804424286
140.4,0.3166612386703491
140.5,0.311713844537735
140.60000000000002,0.31605827808380127
140.70000000000002,0.3118126690387726
140.8,0.3127134442329407
140.9,0.30825868248939514
141.0,0.3274419605731964
141.10000000000002,0.306532084941864
141.20000000000002,0.3136783242225647
141.3,0.31966423988342285
141.4,0.2978696823120117
141.5,0.31223466992378235
141.60000000000002,0.3276714086532593
141.70000000000002,0.3222196400165558
141.8,0.32952412962913513
141.9,0.33068597316741943
142.0,0.31997695565223694
142.10000000000002,0.3249933123588562
142.20000000000002,0.31688421964645386
142.3,0.31834203004837036
142.4,0.33091872930526733
142.5,0.313059538602829
142.60000000000002,0.3146369457244873
142.70000000000002,0.3167107403278351
142.8,0.3167959153652191
142.9,0.3233165442943573
143.0,0.31879863142967224
143.10000000000002,0.3193921446800232
143.20000000000002,0.33314841985702515
143.3,0.31601202487945557
143.4,0.31788530945777893
143.5,0.3314836323261261
143.60000000000002,0.3254748582839966
143.70000000000002,0.32091158628463745
143.8,0.319021999835968
143.9,0.30788999795913696
144.0,0.3282444179058075
144.10000000000002,0.3175683915615082
144.20000000000002,0.33146727085113525
144.3,0.32809653878211975
144.4,0.328291118144989
144.5,0.3291911780834198
144.60000000000002,0.3295551836490631
144.70000000000002,0.3240889012813568
144.8,0.32530370354652405
144.9,0.3310950696468353
145.0,0.32698720693588257
145.10000000000002,0.3285520374774933
145.20000000000002,0.33187007904052734
145.3,0.33207905292510986
145.4,0.32387682795524597
145.5,0.32412540912628174
145.60000000000002,0.3351306915283203
145.70000000000002,0.3344782292842865
145.8,0.32443732023239136
145.9,0.31734204292297363
146.0,0.32949531078338623
146.10000000000002,0.33472880721092224
146.20000000000002,0.318999320268631
146.3,0.3294827342033386
146.4,0.3306030333042145
146.5,0.3288321793079376
146.60000000000002,0.33081507682800293
146.70000000000002,0.3225543200969696
146.8,0.3301147520542145
146.9,0.3348488211631775
147.0,0.3296782672405243
147.10000000000002,0.32503870129585266
147.20000000000002,0.334253191947937
147.3,0.33702823519706726
147.4,0.32971522212028503
147.5,0.32471662759780884
147.60000000000002,0.3429478704929352
147.70000000000002,0.33602970838546753
147.8,0.32819563150405884
147.9,0.33146435022354126
148.0,0.3422241806983948
148.10000000000002,0.34872663021087646
148.20000000000002,0.32753971219062805
148.3,0.34176456928253174
148.4,0.33444327116012573
148.5,0.331676721572876
148.60000000000002,0.3407522737979889
148.70000000000002,0.3444195091724396
148.8,0.3334919810295105
148.9,0.34407681226730347
149.0,0.33854204416275024
149.10000000000002,0.32874518632888794
149.20000000000002,0.34100955724716187
149.3,0.3407827317714691
149.4,0.3427477180957794
149.5,0.33629634976387024
149.60000000000002,0.3532377779483795
149.70000000000002,0.34778985381126404
149.8,0.3340134918689728
149.9,0.35129132866859436
150.0,0.33608925342559814
150.10000000000002,0.33190932869911194
150.20000000000002,0.3398292362689972
150.3,0.3458549678325653
150.4,0.35618531703948975
150.5,0.3324507176876068
150.60000000000002,0.34859153628349304
150.70000000000002,0.35036179423332214
150.8,0.3594982326030731
150.9,0.35208985209465027
151.0,0.35369861125946045
151.10000000000002,0.3549896478652954
151.20000000000002,0.3539726138114929
151.3,0.35468044877052307
151.4,0.3501347303390503
151.5,0.3520090579986572
151.60000000000002,0.3716072738170624
151.70000000000002,0.35448649525642395
151.8,0.36868342757225037
151.9,0.3599361479282379
152.0,0.3664342164993286
152.10000000000002,0.3648490309715271
152.20000000000002,0.3628174662590027
152.3,0.36967024207115173
152.4,0.36234015226364136
152.5,0.3725728392601013
152.60000000000002,0.363417387008667
152.70000000000002,0.3725627362728119
152.8,0.36696740984916687
152.9,0.3656837046146393
153.0,0.35925784707069397
153.10000000000002,0.37216854095458984
153.20000000000002,0.36864617466926575
153.3,0.36434078216552734
153.4,0.3720392882823944
153.5,0.3620429039001465
153.60000000000002,0.3709360361099243
153.70000000000002,0.36338871717453003
153.8,0.37504085898399353
153.9,0.37413930892944336
154.0,0.4057479500770569
154.10000000000002,0.42740723490715027
154.20000000000002,0.44372063875198364
154.3,0.4656911790370941
154.4,0.4880864918231964
154.5,0.5221136808395386
154.60000000000002,0.5314964652061462
154.70000000000002,0.5486418008804321
154.8,0.5638675689697266
154.9,0.5661352276802063
155.0,0.5777506232261658
155.10000000000002,0.5880895256996155
155.20000000000002,0.6159155368804932
155.3,0.6223743557929993
155.4,0.6517102122306824
155.5,0.6802178025245667
155.60000000000002,0.7047945857048035
155.70000000000002,0.7162023782730103
155.8,0.7389017343521118
155.9,0.7642433047294617
156.0,0.7841039896011353
156.10000000000002,0.8003026843070984
156.20000000000002,0.8290393352508545
156.3,0.8451609015464783
156.4,0.8573346138000488
156.5,0.8825381994247437
156.60000000000002,0.8936463594436646
156.70000000000002,0.8951445817947388
156.8,0.9004490375518799
156.9,0.9273293614387512
157.0,0.9295160174369812
157.10000000000002,0.9430733919143677
157.20000000000002,0.9407430291175842
157.3,0.9369388222694397
157.4,0.957139790058136
157.5,0.9559917449951172
157.60000000000002,0.971146285533905
157.70000000000002,0.9735000133514404
157.8,0.9893473982810974
157.9,0.9905062913894653
158.0,1.0001903772354126
158.10000000000002,1.0051546096801758
158.20000000000002,0.9936084151268005
158.3,0.9947320818901062
158.4,0.9855053424835205
158.5,0.9949568510055542
158.60000000000002,1.020838737487793
158.70000000000002,1.0263843536376953
158.8,1.0389779806137085
158.9,1.0608025789260864
159.0,1.0676324367523193
159.10000000000002,1.1000783443450928
159.20000000000002,1.1157710552215576
159.3,1.1223340034484863
159.4,1.1129878759384155
159.5,1.1072717905044556
159.60000000000002,1.098893642425537
159.70000000000002,1.078786015510559
159.8,1.0758100748062134
159.9,1.0587512254714966
160.0,1.0524845123291016
160.10000000000002,1.0425363779067993
160.20000000000002,1.0427131652832031
160.3,1.0401326417922974
160.4,1.0469123125076294
160.5,1.0581384897232056
160.60000000000002,1.0558849573135376
160.70000000000002,1.0891519784927368
160.8,1.0900585651397705
160.9,1.109347939491272
161.0,1.1187421083450317
161.10000000000002,1.1262199878692627
161.20000000000002,1.1175589561462402
161.3,1.1124367713928223
161.4,1.1009515523910522
161.5,1.103139042854309
161.60000000000002,1.0972936153411865
161.70000000000002,1.0775814056396484
161.8,1.0615324974060059
161.9,1.064464807510376
162.0,1.0461043119430542
162.10000000000002,1.0443090200424194
162.20000000000002,1.0394107103347778
162.3,1.0454353094100952
162.4,1.0422710180282593
162.5,1.0356320142745972
162.60000000000002,1.0506492853164673
162.70000000000002,1.0587081909179688
162.8,1.0407781600952148
162.9,1.056570053100586
163.0,1.0517419576644897
163.10000000000002,1.0635967254638672
163.20000000000002,1.072078824043274
163.3,1.0747432708740234
163.4,1.0763230323791504
163.5,1.0773935317993164
163.60000000000002,1.071838140487671
163.70000000000002,1.073758602142334
163.8,1.0821276903152466
163.9,1.0883386135101318
164.0,1.0984582901000977
164.10000000000002,1.0995376110076904
164.20000000000002,1.0912266969680786
164.3,1.091775894165039
164.4,1.0949984788894653
164.5,1.1075081825256348
164.60000000000002,1.0957903861999512
164.70000000000002,1.0963505506515503
164.8,1.1038953065872192
164.9,1.0948251485824585
165.0,1.1053192615509033
165.10000000000002,1.107565999031067
165.20000000000002,1.1051753759384155
165.3,1.1124757528305054
165.4,1.1129069328308105
165.5,1.1072348356246948
165.60000000000002,1.1081675291061401
165.70000000000002,1.1048980951309204
165.8,1.1133699417114258
165.9,1.1113640069961548
166.0,1.1144295930862427
166.10000000000002,1.1034296751022339
166.20000000000002,1.0936871767044067
166.3,1.0835496187210083
166.4,1.074504017829895
166.5,1.0630160570144653
166.60000000000002,1.0705095529556274
166.70000000000002,1.0732836723327637
166.8,1.0824759006500244
166.9,1.0790250301361084
167.0,1.0927387475967407
167.10000000000002,1.0959384441375732
167.20000000000002,1.0928127765655518
167.3,1.089235782623291
167.4,1.1002615690231323
167.5,1.1099919080734253
167.60000000000002,1.1083506345748901
167.70000000000002,1.1185961961746216
167.8,1.1289114952087402
167.9,1.1265579462051392
168.0,1.1207047700881958
168.10000000000002,1.122390627861023
168.20000000000002,1.1091023683547974
168.3,1.1221184730529785
168.4,1.111283779144287
168.5,1.1121480464935303
168.60000000000002,1.1188682317733765
168.70000000000002,1.1122748851776123
168.8,1.1115171909332275
168.9,1.117911458015442
169.0,1.110568642616272
169.10000000000002,1.102648138999939
169.20000000000002,1.0987050533294678
169.3,1.0931915044784546
169.4,1.0796335935592651
169.5,1.0866727828979492
169.60000000000002,1.0769126415252686
169.70000000000002,1.06464421749115
169.8,1.0653718709945679
169.9,1.06096351146698
170.0,1.034898042678833
170.10000000000002,1.0222408771514893
170.20000000000002,1.0192656517028809
170.3,1.0091874599456787
170.4,1.0014433860778809
170.5,1.0110437870025635
170.60000000000002,1.002110242843628
170.70000000000002,0.9910140037536621
170.8,0.9822913408279419
170.9,0.987411618232727
171.0,0.9851999878883362
171.10000000000002,0.9957898855209351
171.20000000000002,0.9845737814903259
171.3,0.991486132144928
171.4,0.9897990226745605
171.5,0.9856038093566895
171.60000000000002,0.9780433177947998
171.70000000000002,0.9714800119400024
171.8,0.9621945023536682
171.9,0.971502423286438
172.0,0.9634979367256165
172.10000000000002,0.9693336486816406
172.20000000000002,0.9707139730453491
172.3,0.9643900990486145
172.4,0.9617292284965515
172.5,0.9573221802711487
172.60000000000002,0.9549623131752014
172.70000000000002,0.9560260772705078
172.8,0.9564328789710999
172.9,0.9519529342651367
173.0,0.949894905090332
173.10000000000002,0.9550018310546875
173.20000000000002,0.9353259801864624
173.3,0.9441915154457092
173.4,0.9345136880874634
173.5,0.946435809135437
173.60000000000002,0.9391671419143677
173.70000000000002,0.9337145686149597
173.8,0.930206298828125
173.9,0.9284847974777222
174.0,0.9318720698356628
174.10000000000002,0.929034948348999
174.20000000000002,0.9168439507484436
174.3,0.9189291000366211
174.4,0.893453061580658
174.5,0.9023789763450623
174.60000000000002,0.878522515296936
174.70000000000002,0.8713964819908142
174.8,0.8670930862426758
174.9,0.8614782691001892
175.0,0.8521975874900818
175.10000000000002,0.8511081337928772
175.20000000000002,0.8555873036384583
175.3,0.8418447971343994
175.4,0.8297296762466431
175.5,0.8181675672531128
175.60000000000002,0.8130989670753479
175.70000000000002,0.7975022196769714
175.8,0.7802183032035828
175.9,0.7710587978363037
176.0,0.7495619058609009
176.10000000000002,0.7429909110069275
176.20000000000002,0.7398216128349304
176.3,0.7406941056251526
176.4,0.7201234698295593
176.5,0.7190472483634949
176.60000000000002,0.7180304527282715
176.70000000000002,0.7123845815658569
176.8,0.7074356079101562
176.9,0.6871617436408997
177.0,0.6683909893035889
177.10000000000002,0.6632018685340881
177.20000000000002,0.6523429751396179
177.3,0.6310032606124878
177.4,0.6261803507804871
177.5,0.6173450946807861
177.60000000000002,0.6014099717140198
177.70000000000002,0.6031946539878845
177.8,0.5929425954818726
177.9,0.5801494717597961
178.0,0.5708576440811157
178.10000000000002,0.5669127702713013
178.20000000000002,0.5743824243545532
178.3,0.5517798662185669
178.4,0.5385792255401611
178.5,0.5182453393936157
178.60000000000002,0.513188362121582
178.70000000000002,0.49556902050971985
178.8,0.46307793259620667
178.9,0.4687025547027588
179.0,0.4559113383293152
179.10000000000002,0.44169434905052185
179.20000000000002,0.4447837173938751
179.3,0.44966238737106323
179.4,0.45848771929740906
179.5,0.4674781858921051
179.60000000000002,0.48201224207878113
179.70000000000002,0.5097696185112
179.8,0.5026118755340576
179.9,0.5307937264442444
180.0,0.5380151867866516
180.10000000000002,0.5445685982704163
180.20000000000002,0.5385594964027405
180.3,0.5589467883110046
180.4,0.568967342376709
180.5,0.5686758160591125
180.60000000000002,0.5804796814918518
180.70000000000002,0.5799704194068909
180.8,0.574026346206665
180.9,0.5703092217445374
181.0,0.6011881828308105
181.10000000000002,0.5812860727310181
181.20000000000002,0.5746102333068848
181.3,0.5813124179840088
181.4,0.5830984115600586
181.5,0.5756543874740601
181.60000000000002,0.5698418021202087
181.70000000000002,0.5611322522163391
181.8,0.5711977481842041
181.9,0.5775757431983948
182.0,0.5750783085823059
182.10000000000002,0.5822395086288452
182.20000000000002,0.5907788872718811
182.3,0.6053697466850281
182.4,0.6032116413116455
182.5,0.6035670638084412
182.60000000000002,0.6069619655609131
182.70000000000002,0.6189367771148682
182.8,0.6058101058006287
182.9,0.6088800430297852
183.0,0.6140215992927551
183.10000000000002,0.6194806694984436
183.20000000000002,0.6337490081787109
183.3,0.6491466164588928
183.4,0.6716960668563843
183.5,0.6886700987815857
183.60000000000002,0.7133477330207825
183.70000000000002,0.7250263094902039
183.8,0.7201249599456787
183.9,0.7390152812004089
184.0,0.7260376214981079
184.10000000000002,0.7321500778198242
184.20000000000002,0.7187505960464478
184.3,0.735559344291687
184.4,0.7186124920845032
184.5,0.7259421348571777
184.60000000000002,0.7166175246238708
184.70000000000002,0.7184366583824158
184.8,0.7159600853919983
184.9,0.7125332355499268
185.0,0.6979737281799316
185.10000000000002,0.7068897485733032
185.20000000000002,0.7111769914627075
185.3,0.6976656913757324
185.4,0.6968044638633728
185.5,0.6890071630477905
185.60000000000002,0.6894526481628418
185.70000000000002,0.6753745079040527
185.8,0.646846354007721
185.9,0.6402332782745361
186.0,0.6095795035362244
186.10000000000002,0.5962631702423096
186.20000000000002,0.5952318906784058
186.3,0.5943183898925781
186.4,0.571499764919281
186.5,0.5820712447166443
186.60000000000002,0.5856057405471802
186.70000000000002,0.5920774340629578
186.8,0.5858924388885498
186.9,0.5968970656394958
187.0,0.6047940254211426
187.10000000000002,0.5902193784713745
187.20000000000002,0.6147024035453796
187.3,0.6114470958709717
187.4,0.6190444231033325
187.5,0.6224430799484253
187.60000000000002,0.6095019578933716
187.70000000000002,0.6336380243301392
187.8,0.6403792500495911
187.9,0.6467095017433167
188.0,0.6744211912155151
188.10000000000002,0.6815022230148315
188.20000000000002,0.7027876973152161
188.3,0.714114248752594
188.4,0.7249196767807007
188.5,0.752189576625824
188.60000000000002,0.7495162487030029
188.70000000000002,0.7740123271942139
188.8,0.7889044880867004
188.9,0.798484742641449
189.0,0.8046484589576721
189.10000000000002,0.8086466193199158
189.20000000000002,0.8202885389328003
189.3,0.8165678381919861
189.4,0.824988603591919
189.5,0.8363009691238403
189.60000000000002,0.8489754796028137
189.70000000000002,0.8440915942192078
189.8,0.8539104461669922
189.9,0.8775916695594788
190.0,0.9093368053436279
190.10000000000002,0.9386107921600342
190.20000000000002,0.9553869366645813
190.3,0.9856829643249512
190.4,1.0100107192993164
190.5,1.0394943952560425
190.60000000000002,1.0554760694503784
190.70000000000002,1.086779236793518
190.8,1.0968886613845825
190.9,1.1056053638458252
191.0,1.1169291734695435
191.10000000000002,1.1448055505752563
191.20000000000002,1.163773775100708
191.3,1.1671550273895264
191.4,1.1738007068634033
191.5,1.1807433366775513
191.60000000000002,1.181185245513916
191.70000000000002,1.201129674911499
191.8,1.2040526866912842
191.9,1.2015161514282227
192.0,1.2174755334854126
192.10000000000002,1.2450571060180664
192.20000000000002,1.2786486148834229
192.3,1.310739517211914
192.4,1.339577078819275
192.5,1.3688440322875977
192.60000000000002,1.4015573263168335
192.70000000000002,1.4170504808425903
192.8,1.4551292657852173
192.9,1.4666813611984253
193.0,1.4955008029937744
193.10000000000002,1.5152719020843506
193.20000000000002,1.5346733331680298
193.3,1.5507944822311401
193.4,1.5649687051773071
193.5,1.576203465461731
193.60000000000002,1.574758529663086
193.70000000000002,1.5837620496749878
193.8,1.6057043075561523
193.9,1.6005374193191528
194.0,1.6123948097229004
194.10000000000002,1.6242178678512573
194.20000000000002,1.6291813850402832
194.3,1.659487247467041
194.4,1.7094464302062988
194.5,1.7295546531677246
194.60000000000002,1.7769333124160767
194.70000000000002,1.8177396059036255
194.8,1.8406307697296143
194.9,1.8564716577529907
195.0,1.8817723989486694
195.10000000000002,1.9208635091781616
195.20000000000002,1.9400087594985962
195.3,1.9621233940124512
195.4,1.9705874919891357
195.5,1.9898360967636108
195.60000000000002,2.00449538230896
195.70000000000002,2.0020675659179688
195.8,2.02664852142334
195.9,2.030524969100952
196.0,2.049774169921875
196.10000000000002,2.062150239944458
196.20000000000002,2.0555880069732666
196.3,2.0614821910858154
196.4,2.075063467025757
196.5,2.1064188480377197
196.60000000000002,2.1623332500457764
196.70000000000002,2.188239574432373
196.8,2.2167346477508545
196.9,2.2625086307525635
197.0,2.2909505367279053
197.10000000000002,2.329777240753174
197.20000000000002,2.345900774002075
197.3,2.3766653537750244
197.4,2.3891806602478027
197.5,2.415316343307495
197.60000000000002,2.4422290325164795
197.70000000000002,2.446918487548828
197.8,2.4561922550201416
197.9,2.494630813598633
198.0,2.4990484714508057
198.10000000000002,2.508539915084839
198.20000000000002,2.5045721530914307
198.3,2.522770404815674
198.4,2.5329790115356445
198.5,2.5304222106933594
198.60000000000002,2.550295829772949
198.70000000000002,2.5691609382629395
198.8,2.6201536655426025
198.9,2.669752836227417
199.0,2.7064590454101562
199.10000000000002,2.740218162536621
199.20000000000002,2.772571086883545
199.3,2.783233880996704
199.4,2.820685625076294
199.5,2.82668399810791
199.60000000000002,2.815751791000366
199.70000000000002,2.8263113498687744
199.8,2.8038647174835205
199.9,2.803375482559204
200.0,2.7924954891204834
200.10000000000002,2.8081300258636475
200.20000000000002,2.802039384841919
200.3,2.803147554397583
200.4,2.790348768234253
200.5,2.796372175216675
200.60000000000002,2.792895555496216
200.70000000000002,2.7776644229888916
200.8,2.7642860412597656
200.9,2.779811143875122
201.0,2.767996311187744
201.10000000000002,2.7663164138793945
201.20000000000002,2.7376227378845215
201.3,2.7404227256774902
201.4,2.7355527877807617
201.5,2.725377321243286
201.60000000000002,2.7201902866363525
201.70000000000002,2.719083070755005
201.8,2.7114639282226562
201.9,2.726651668548584
202.0,2.7162981033325195
202.10000000000002,2.6933109760284424
202.20000000000002,2.7098641395568848
202.3,2.712994337081909
202.4,2.6932289600372314
202.5,2.6976404190063477
202.60000000000002,2.696847915649414
202.70000000000002,2.7025017738342285
202.8,2.6968400478363037
202.9,2.7126381397247314
203.0,2.7006165981292725
203.10000000000002,2.7084596157073975
203.20000000000002,2.7003583908081055
203.3,2.700272560119629
203.4,2.6966633796691895
203.5,2.6922717094421387
203.60000000000002,2.693467140197754
203.70000000000002,2.7025270462036133
203.8,2.6976466178894043
203.9,2.7051212787628174
204.0,2.678118944168091
204.10000000000002,2.7115142345428467
204.20000000000002,2.7117483615875244
204.3,2.715909481048584
204.4,2.7082431316375732
204.5,2.7063488960266113
204.60000000000002,2.734171152114868
204.70000000000002,2.7171475887298584
204.8,2.7263829708099365
204.9,2.7251136302948
205.0,2.7257139682769775
205.10000000000002,2.7310073375701904
205.20000000000002,2.7326645851135254
205.3,2.724247932434082
205.4,2.7145042419433594
205.5,2.7364959716796875
205.60000000000002,2.7285854816436768
205.70000000000002,2.7281618118286133
205.8,2.7276768684387207
205.9,2.7294418811798096
206.0,2.7166378498077393
206.10000000000002,2.724851369857788
206.20000000000002,2.721230983734131
206.3,2.7055344581604004
206.4,2.68668532371521
206.5,2.6857755184173584
206.60000000000002,2.6741225719451904
206.70000000000002,2.6636409759521484
206.8,2.653721809387207
206.9,2.6736505031585693
207.0,2.6594038009643555
207.10000000000002,2.6689374446868896
207.20000000000002,2.6576483249664307
207.3,2.6470794677734375
207.4,2.648202657699585
207.5,2.6387929916381836
207.60000000000002,2.6603996753692627
207.70000000000002,2.644469738006592
207.8,2.6533148288726807
207.9,2.643045425415039
208.0,2.6204354763031006
208.10000000000002,2.599032402038574
208.20000000000002,2.572002410888672
208.3,2.546877861022949
208.4,2.53262996673584
208.5,2.528524160385132
208.60000000000002,2.505373954772949
208.70000000000002,2.5063047409057617
208.8,2.4898488521575928
208.9,2.481696605682373
209.0,2.482642650604248
209.10000000000002,2.4614484310150146
209.20000000000002,2.4688868522644043
209.3,2.4684810638427734
209.4,2.452587604522705
209.5,2.434439182281494
209.60000000000002,2.4183154106140137
209.70000000000002,2.3979620933532715
209.8,2.3869826793670654
209.9,2.3504300117492676
210.0,2.3444864749908447
210.10000000000002,2.3246259689331055
210.20000000000002,2.325549840927124
210.3,2.305518388748169
210.4,2.3303024768829346
210.5,2.3273065090179443
210.60000000000002,2.3512613773345947
210.70000000000002,2.365453004837036
210.8,2.3771793842315674
210.9,2.381300926208496
211.0,2.3922507762908936
211.10000000000002,2.382923126220703
211.20000000000002,2.4157795906066895
211.3,2.4261693954467773
211.4,2.4233102798461914
211.5,2.4428203105926514
211.60000000000002,2.445139169692993
211.70000000000002,2.437554121017456
211.8,2.439274787902832
211.9,2.4351329803466797
212.0,2.4422149658203125
212.10000000000002,2.4432709217071533
212.20000000000002,2.438220262527466
212.3,2.4586479663848877
212.4,2.440918207168579
212.5,2.44936466217041
212.60000000000002,2.472522497177124
212.70000000000002,2.4574408531188965
212.8,2.4615917205810547
212.9,2.4591150283813477
213.0,2.445711851119995
213.10000000000002,2.444312810897827
213.20000000000002,2.4291903972625732
213.3,2.398183822631836
213.4,2.4001379013061523
213.5,2.389869451522827
213.60000000000002,2.3780577182769775
213.70000000000002,2.3775932788848877
213.8,2.3627517223358154
213.9,2.3419880867004395
214.0,2.3471086025238037
214.10000000000002,2.339236259460449
214.20000000000002,2.3465046882629395
214.3,2.3401687145233154
214.4,2.331205129623413
214.5,2.333618402481079
214.60000000000002,2.3377702236175537
214.70000000000002,2.327488422393799
214.8,2.3240253925323486
214.9,2.3285107612609863
215.0,2.3241591453552246
215.10000000000002,2.319908618927002
215.20000000000002,2.3173980712890625
215.3,2.310960054397583
215.4,2.297250509262085
215.5,2.3020472526550293
215.60000000000002,2.285665273666382
215.70000000000002,2.3000121116638184
215.8,2.3199408054351807
215.9,2.302588701248169
216.0,2.304028272628784
216.10000000000002,2.3248863220214844
216.20000000000002,2.3184235095977783
216.3,2.325417995452881
216.4,2.3261373043060303
216.5,2.32882022857666
216.60000000000002,2.321762800216675
216.70000000000002,2.3405840396881104
216.8,2.327226400375366
216.9,2.3153679370880127
217.0,2.3333475589752197
217.10000000000002,2.3350517749786377
217.20000000000002,2.3274831771850586
217.3,2.348510980606079
217.4,2.3466460704803467
217.5,2.3536839485168457
217.60000000000002,2.3731415271759033
217.70000000000002,2.3877947330474854
217.8,2.398259162902832
217.9,2.395019292831421
218.0,2.412611722946167
218.10000000000002,2.416987180709839
218.20000000000002,2.4245312213897705
218.3,2.4282944202423096
218.4,2.440955877304077
218.5,2.435930013656616
218.60000000000002,2.4478673934936523
218.70000000000002,2.45076847076416
218.8,2.4545180797576904
218.9,2.4715688228607178
219.0,2.463141441345215
219.10000000000002,2.4766175746917725
219.20000000000002,2.478393077850342
219.3,2.4740777015686035
219.4,2.489103317260742
219.5,2.493489980697632
219.60000000000002,2.5064563751220703
219.70000000000002,2.5072450637817383
219.8,2.542349338531494
219.9,2.5577216148376465
220.0,2.564950466156006
220.10000000000002,2.585385322570801
220.20000000000002,2.5985500812530518
220.3,2.6070752143859863
220.4,2.608153820037842
220.5,2.599332571029663
220.60000000000002,2.580334186553955
220.70000000000002,2.568218469619751
220.8,2.5564920902252197
220.9,2.545330047607422
221.0,2.521855354309082
221.10000000000002,2.511507034301758
221.20000000000002,2.5095977783203125
221.3,2.489966630935669
221.4,2.4892239570617676
221.5,2.4923014640808105
221.60000000000002,2.4762113094329834
221.70000000000002,2.4387333393096924
221.8,2.4076881408691406
221.9,2.355698585510254
222.0,2.3304648399353027
222.10000000000002,2.3017940521240234
222.20000000000002,2.2724084854125977
222.3,2.2567572593688965
222.4,2.2196717262268066
222.5,2.2078452110290527
222.60000000000002,2.1734893321990967
222.70000000000002,2.1669657230377197
222.8,2.151021957397461
222.9,2.130028247833252
223.0,2.117851972579956
223.10000000000002,2.10140061378479
223.20000000000002,2.0925750732421875
223.3,2.0846831798553467
223.4,2.0728402137756348
223.5,2.0651450157165527
223.60000000000002,2.061599016189575
223.70000000000002,2.0748355388641357
223.8,2.0554990768432617
223.9,2.014268636703491
224.0,1.9817203283309937
224.10000000000002,1.9404895305633545
224.20000000000002,1.9218653440475464
224.3,1.8932771682739258
224.4,1.8590152263641357
224.5,1.8382889032363892
224.60000000000002,1.8059371709823608
224.70000000000002,1.792226791381836
224.8,1.7667362689971924
224.9,1.7582390308380127
225.0,1.74044930934906
225.10000000000002,1.7301238775253296
225.20000000000002,1.718156337738037
225.3,1.7046189308166504
225.4,1.702619194984436
225.5,1.6845887899398804
225.60000000000002,1.6854764223098755
225.70000000000002,1.6722831726074219
225.8,1.6675289869308472
225.9,1.6683732271194458
226.0,1.6627819538116455
226.10000000000002,1.6285803318023682
226.20000000000002,1.6012061834335327
226.3,1.5672943592071533
226.4,1.546275019645691
226.5,1.5192416906356812
226.60000000000002,1.4905996322631836
226.70000000000002,1.4716233015060425
226.8,1.4525442123413086
226.9,1.4388322830200195
227.0,1.4055014848709106
227.10000000000002,1.4116990566253662
227.20000000000002,1.394516944885254
227.3,1.3800283670425415
227.4,1.3665157556533813
227.5,1.3660238981246948
227.60000000000002,1.3515450954437256
227.70000000000002,1.34898841381073
227.8,1.3319458961486816
227.9,1.3291103839874268
228.0,1.3231269121170044
228.10000000000002,1.3313930034637451
228.20000000000002,1.3250913619995117
228.3,1.299497127532959
228.4,1.2712838649749756
228.50000000000003,1.2395765781402588
228.60000000000002,1.227357029914856
228.70000000000002,1.2062458992004395
228.8,1.1976368427276611
228.9,1.1825650930404663
229.00000000000003,1.1679285764694214
229.10000000000002,1.1612640619277954
229.20000000000002,1.1455167531967163
229.3,1.127433180809021
229.4,1.1135355234146118
229.50000000000003,1.1161366701126099
229.60000000000002,1.1126511096954346
229.70000000000002,1.1023286581039429
229.8,1.0873686075210571
229.9,1.0981100797653198
230.00000000000003,1.095475196838379
230.10000000000002,1.0893770456314087
230.20000000000002,1.0680218935012817
230.3,1.0823075771331787
230.4,1.0760613679885864
230.50000000000003,1.0748710632324219
230.60000000000002,1.0395807027816772
230.70000000000002,1.046051263809204
230.8,1.0319644212722778
230.9,1.0223082304000854
231.00000000000003,0.9952203631401062
231.10000000000002,1.0027732849121094
231.20000000000002,1.004259705543518
231.3,1.0049011707305908
231.4,0.998214066028595
231.50000000000003,0.9986724257469177
231.60000000000002,0.9959149360656738
231.70000000000002,0.9826659560203552
231.8,0.9894216060638428
231.9,0.9816027879714966
232.00000000000003,0.981887698173523
232.10000000000002,0.9893125891685486
232.20000000000002,0.9854567050933838
232.3,0.9874953031539917
232.4,0.9823065996170044
232.50000000000003,0.9882486462593079
232.60000000000002,0.985711932182312
232.70000000000002,0.988315999507904
232.8,0.9911643862724304
232.9,0.9820658564567566
233.00000000000003,0.9927246570587158
233.10000000000002,0.9937463402748108
233.20000000000002,1.0099173784255981
233.3,1.0125277042388916
233.4,1.0230339765548706
233.50000000000003,1.0102555751800537
233.60000000000002,1.0246810913085938
233.70000000000002,1.0125317573547363
233.8,1.033096194267273
233.9,1.0292344093322754
234.00000000000003,1.0440717935562134
234.10000000000002,1.0302433967590332
234.20000000000002,1.04413902759552
234.3,1.0551949739456177
234.4,1.0600191354751587
234.50000000000003,1.0596051216125488
234.60000000000002,1.060836911201477
234.70000000000002,1.065603256225586
234.8,1.0630393028259277
234.9,1.0565145015716553
235.00000000000003,1.0401420593261719
235.10000000000002,1.029070258140564
235.20000000000002,1.0376002788543701
235.3,1.036658763885498
235.4,1.0381823778152466
235.50000000000003,1.0320098400115967
235.60000000000002,1.0352821350097656
235.70000000000002,1.033440351486206
235.8,1.0397281646728516
235.9,1.0421732664108276
236.00000000000003,1.030847430229187
236.10000000000002,1.0451750755310059
236.20000000000002,1.0384280681610107
236.3,1.0492007732391357
236.4,1.0387980937957764
236.50000000000003,1.0451678037643433
236.60000000000002,1.0391162633895874
236.70000000000002,1.0396363735198975
236.8,1.041599988937378
236.9,1.0468580722808838
237.00000000000003,1.0596323013305664
237.10000000000002,1.0967447757720947
237.20000000000002,1.1282051801681519
237.3,1.1584347486495972
237.4,1.1755775213241577
237.50000000000003,1.1990790367126465
237.60000000000002,1.2333732843399048
237.70000000000002,1.2525683641433716
237.8,1.2650089263916016
237.9,1.2871768474578857
238.00000000000003,1.3071050643920898
238.10000000000002,1.308617115020752
238.20000000000002,1.3218191862106323
238.3,1.3324456214904785
238.4,1.3374894857406616
238.50000000000003,1.3469090461730957
238.60000000000002,1.3497241735458374
238.70000000000002,1.3551989793777466
238.8,1.3717920780181885
238.9,1.3703391551971436
239.00000000000003,1.3700635433197021
239.10000000000002,1.3717398643493652
239.20000000000002,1.360030174255371
239.3,1.3528286218643188
239.4,1.3348325490951538
239.50000000000003,1.3344218730926514
239.60000000000002,1.3193916082382202
239.70000000000002,1.3187510967254639
239.8,1.318654179573059
239.9,1.309051275253296
240.00000000000003,1.3069977760314941
240.10000000000002,1.3019030094146729
240.20000000000002,1.3126140832901
240.3,1.3218932151794434
240.4,1.3107502460479736
240.50000000000003,1.3167372941970825
240.60000000000002,1.3162577152252197
240.70000000000002,1.3061267137527466
240.8,1.3228496313095093
240.9,1.3201594352722168
241.00000000000003,1.3279300928115845
241.10000000000002,1.3182371854782104
241.20000000000002,1.3340407609939575
241.3,1.3389525413513184
241.4,1.3479385375976562
241.50000000000003,1.347018837928772
241.60000000000002,1.3630175590515137
241.70000000000002,1.3548074960708618
241.8,1.3657928705215454
241.9,1.369946002960205
242.00000000000003,1.358318567276001
242.10000000000002,1.3691084384918213
242.20000000000002,1.377607822418213
242.3,1.371701717376709
242.4,1.3803457021713257
242.50000000000003,1.376660704612732
242.60000000000002,1.3846036195755005
242.70000000000002,1.3721632957458496
242.8,1.387312650680542
242.9,1.386146068572998
243.00000000000003,1.3980239629745483
243.10000000000002,1.3911343812942505
243.20000000000002,1.3918330669403076
243.3,1.3845473527908325
243.4,1.4037851095199585
243.50000000000003,1.4139286279678345
243.60000000000002,1.4083646535873413
243.70000000000002,1.426796555519104
243.8,1.42009437084198
243.9,1.4173792600631714
244.00000000000003,1.4281541109085083
244.10000000000002,1.4397611618041992
244.20000000000002,1.428786039352417
244.3,1.4325069189071655
244.4,1.448589563369751
244.50000000000003,1.4367421865463257
244.60000000000002,1.4464526176452637
244.70000000000002,1.4531291723251343
244.8,1.45326566696167
244.9,1.4359492063522339
245.00000000000003,1.4637118577957153
245.10000000000002,1.4586751461029053
245.20000000000002,1.4557836055755615
245.3,1.4549108743667603
245.4,1.4423454999923706
245.50000000000003,1.459443211555481
245.60000000000002,1.4630452394485474
245.70000000000002,1.4616069793701172
245.8,1.461597204208374
245.9,1.4594758749008179
246.00000000000003,1.4949578046798706
246.10000000000002,1.48655104637146
246.20000000000002,1.4876528978347778
246.3,1.4972180128097534
246.4,1.5187304019927979
246.50000000000003,1.5241127014160156
246.60000000000002,1.5265706777572632
246.70000000000002,1.515828013420105
246.8,1.535975694656372
246.9,1.5375912189483643
247.00000000000003,1.5469796657562256
247.10000000000002,1.539189100265503
247.20000000000002,1.5445215702056885
247.3,1.5497907400131226
247.4,1.539490818977356
247.50000000000003,1.5763684511184692
247.60000000000002,1.5913797616958618
247.70000000000002,1.6043848991394043
247.8,1.6245323419570923
247.9,1.6357920169830322
248.00000000000003,1.6437726020812988
248.10000000000002,1.6773967742919922
248.20000000000002,1.6856083869934082
248.3,1.7116024494171143
248.4,1.7028107643127441
248.50000000000003,1.731134057044983
248.60000000000002,1.7259355783462524
248.70000000000002,1.7319872379302979
248.8,1.7516566514968872
248.9,1.7540907859802246
249.00000000000003,1.766862154006958
249.10000000000002,1.7594536542892456
249.20000000000002,1.7801862955093384
249.3,1.7855608463287354
249.4,1.7817208766937256
249.50000000000003,1.8023446798324585
249.60000000000002,1.7990624904632568
249.70000000000002,1.822785496711731
249.8,1.8463666439056396
249.9,1.879939317703247
250.00000000000003,1.8882062435150146
250.10000000000002,1.9164010286331177
250.20000000000002,1.9304522275924683
250.3,1.9626097679138184
250.4,1.9923324584960938
250.50000000000003,1.9990655183792114
250.60000000000002,2.00392484664917
250.70000000000002,2.0179598331451416
250.8,2.0466699600219727
250.9,2.053563356399536
251.00000000000003,2.075772285461426
251.10000000000002,2.0830700397491455
251.20000000000002,2.083299160003662
251.3,2.0961873531341553
251.4,2.1063365936279297
251.50000000000003,2.1041383743286133
251.60000000000002,2.099379777908325
251.70000000000002,2.096898078918457
251.8,2.1290061473846436
251.9,2.1539759635925293
252.00000000000003,2.1867337226867676
252.10000000000002,2.2217752933502197
252.20000000000002,2.2417047023773193
252.3,2.274057388305664
252.4,2.2979483604431152
252.50000000000003,2.3327786922454834
252.60000000000002,2.3529000282287598
252.70000000000002,2.36891770362854
252.8,2.372551679611206
252.9,2.3930039405822754
253.00000000000003,2.4060168266296387
253.10000000000002,2.421485662460327
253.20000000000002,2.4403059482574463
253.3,2.471890926361084
253.4,2.465846538543701
253.50000000000003,2.466496467590332
253.60000000000002,2.48533034324646
253.70000000000002,2.475630760192871
253.8,2.472107410430908
253.9,2.486788034439087
254.00000000000003,2.475358009338379
254.10000000000002,2.4360148906707764
254.20000000000002,2.4042563438415527
254.3,2.384549617767334
254.4,2.371652126312256
254.50000000000003,2.3466172218322754
254.60000000000002,2.347811222076416
254.70000000000002,2.312774658203125
254.8,2.2915804386138916
254.9,2.285714626312256
255.00000000000003,2.266808032989502
255.10000000000002,2.2688357830047607
255.20000000000002,2.2604904174804688
255.3,2.252250909805298
255.4,2.2376623153686523
255.50000000000003,2.2463276386260986
255.60000000000002,2.2438032627105713
255.70000000000002,2.2321879863739014
255.8,2.2273612022399902
255.9,2.215419292449951
256.0,2.206610679626465
256.1,2.1926872730255127
256.2,2.174158811569214
256.3,2.1644248962402344
256.40000000000003,2.1325578689575195
256.5,2.1173763275146484
256.6,2.096914291381836
256.7,2.095452070236206
256.8,2.0747733116149902
256.90000000000003,2.0505945682525635
257.0,2.0554606914520264
257.1,2.0415618419647217
257.2,2.0403923988342285
257.3,2.043097496032715
257.40000000000003,2.0479297637939453
257.5,2.021989583969116
257.6,2.035574197769165
257.7,2.020246744155884
257.8,2.0066754817962646
257.90000000000003,2.026402473449707
258.0,2.0125815868377686
258.1,2.000089645385742
258.2,1.9977796077728271
258.3,1.9768733978271484
258.40000000000003,1.98164963722229
258.5,1.9544637203216553
258.6,1.9525527954101562
258.7,1.944620132446289
258.8,1.9420461654663086
258.90000000000003,1.929295539855957
259.0,1.9126192331314087
259.1,1.9280133247375488
259.2,1.9234073162078857
259.3,1.905371904373169
259.40000000000003,1.9152733087539673
259.5,1.9099408388137817
259.6,1.9092185497283936
259.7,1.905075192451477
259.8,1.9055126905441284
259.90000000000003,1.9143025875091553
260.0,1.8984146118164062
260.1,1.9031987190246582
260.2,1.8778799772262573
260.3,1.9036065340042114
260.40000000000003,1.897014856338501
260.5,1.8929028511047363
260.6,1.885772466659546
260.7,1.8977537155151367
260.8,1.8971447944641113
260.90000000000003,1.897231936454773
261.0,1.8926115036010742
261.1,1.9012199640274048
261.2,1.8985786437988281
261.3,1.8976796865463257
261.40000000000003,1.896893858909607
261.5,1.924592137336731
261.6,1.9060182571411133
261.7,1.9158090353012085
261.8,1.9245004653930664
261.90000000000003,1.9254028797149658
262.0,1.9238262176513672
262.1,1.9369562864303589
262.2,1.9331209659576416
262.3,1.922967791557312
262.40000000000003,1.9304062128067017
262.5,1.9309841394424438
262.6,1.9307056665420532
262.7,1.9404370784759521
262.8,1.9309567213058472
262.90000000000003,1.9334765672683716
263.0,1.9300559759140015
263.1,1.944516897201538
263.2,1.9395864009857178
263.3,1.9290286302566528
263.40000000000003,1.9161548614501953
263.5,1.897910237312317
263.6,1.9071552753448486
263.7,1.9009445905685425
263.8,1.8823659420013428
263.90000000000003,1.8866806030273438
264.0,1.8754223585128784
264.1,1.8559130430221558
264.2,1.8576407432556152
264.3,1.8585898876190186
264.40000000000003,1.8608063459396362
264.5,1.860304355621338
264.6,1.852797508239746
264.7,1.8544052839279175
264.8,1.8487399816513062
264.90000000000003,1.8427809476852417
265.0,1.8406083583831787
265.1,1.8276389837265015
265.2,1.8069514036178589
265.3,1.7932289838790894
265.40000000000003,1.7740057706832886
265.5,1.7560715675354004
265.6,1.7550170421600342
265.7,1.734031319618225
265.8,1.7313629388809204
265.90000000000003,1.7192708253860474
266.0,1.7099097967147827
266.1,1.6940258741378784
266.2,1.6948014497756958
266.3,1.693085789680481
266.40000000000003,1.6711293458938599
266.5,1.65315580368042
266.6,1.6312007904052734
266.7,1.6261239051818848
266.8,1.6122329235076904
266.90000000000003,1.582699179649353
267.0,1.5755822658538818
267.1,1.5614283084869385
267.2,1.551383137702942
267.3,1.5476372241973877
267.40000000000003,1.5601284503936768
267.5,1.5718772411346436
267.6,1.5819475650787354
267.7,1.5803942680358887
267.8,1.5854090452194214
267.90000000000003,1.6000621318817139
268.0,1.6000926494598389
268.1,1.611388087272644
268.2,1.6127164363861084
268.3,1.6305042505264282
268.40000000000003,1.6438394784927368
268.5,1.6498966217041016
268.6,1.6531944274902344
268.7,1.6425377130508423
268.8,1.6620643138885498
268.90000000000003,1.6517525911331177
269.0,1.645656704902649
269.1,1.6534982919692993
269.2,1.657494306564331
269.3,1.6578435897827148
269.40000000000003,1.6555339097976685
269.5,1.6484827995300293
269.6,1.6622469425201416
269.7,1.667904257774353
269.8,1.6612433195114136
269.90000000000003,1.654360055923462
270.0,1.6431597471237183
270.1,1.6452072858810425
270.2,1.632543683052063
270.3,1.6137202978134155
270.40000000000003,1.5962249040603638
270.5,1.5860627889633179
270.6,1.56377375125885
270.7,1.5561305284500122
270.8,1.565162181854248
270.90000000000003,1.5469976663589478
271.0,1.53398859500885
271.1,1.5533381700515747
271.2,1.5472725629806519
271.3,1.5263530015945435
271.40000000000003,1.524058222770691
271.5,1.5352073907852173
271.6,1.527000069618225
271.7,1.5244919061660767
271.8,1.5194041728973389
271.90000000000003,1.513759732246399
272.0,1.5149767398834229
272.1,1.5018737316131592
272.2,1.5096632242202759
272.3,1.4952988624572754
272.40000000000003,1.4924991130828857
272.5,1.5094343423843384
272.6,1.5070048570632935
272.7,1.5066691637039185
272.8,1.5177141427993774
272.90000000000003,1.4954001903533936
273.0,1.5204657316207886
273.1,1.5286444425582886
273.2,1.532200574874878
273.3,1.5371400117874146
273.40000000000003,1.5396393537521362
273.5,1.5396130084991455
273.6,1.5406297445297241
273.7,1.5525099039077759
273.8,1.5444471836090088
273.90000000000003,1.5535022020339966
274.0,1.553396463394165
274.1,1.5552619695663452
274.20000000000005,1.5705896615982056
274.3,1.5920523405075073
274.40000000000003,1.6002737283706665
274.5,1.6074377298355103
274.6,1.6202733516693115
274.70000000000005,1.630815029144287
274.8,1.6461442708969116
274.90000000000003,1.6476125717163086
275.0,1.6650561094284058
275.1,1.6709352731704712
275.20000000000005,1.6829652786254883
275.3,1.6741046905517578
275.40000000000003,1.688392162322998
275.5,1.7106784582138062
275.6,1.7118265628814697
275.70000000000005,1.713312029838562
275.8,1.7382888793945312
275.90000000000003,1.7222706079483032
276.0,1.7267440557479858
276.1,1.7477296590805054
276.20000000000005,1.7319931983947754
276.3,1.7380485534667969
276.40000000000003,1.7614164352416992
276.5,1.7822915315628052
276.6,1.815099835395813
276.70000000000005,1.8236749172210693
276.8,1.8484392166137695
276.90000000000003,1.8618764877319336
277.0,1.8867627382278442
277.1,1.8990304470062256
277.20000000000005,1.9068717956542969
277.3,1.9313405752182007
277.40000000000003,1.9319483041763306
277.5,1.9593608379364014
277.6,1.9665653705596924
277.70000000000005,1.9824767112731934
277.8,1.9750195741653442
277.90000000000003,1.9949294328689575
278.0,1.9908372163772583
278.1,1.9960744380950928
278.20000000000005,2.020369052886963
278.3,2.0158486366271973
278.40000000000003,2.0150794982910156
278.5,2.012909412384033
278.6,2.0511550903320312
278.70000000000005,2.080838441848755
278.8,2.1014745235443115
278.90000000000003,2.132880210876465
279.0,2.1645405292510986
279.1,2.1833713054656982
279.20000000000005,2.206622362136841
279.3,2.231001138687134
279.40000000000003,2.2390215396881104
279.5,2.27178955078125
279.6,2.270334243774414
279.70000000000005,2.2980291843414307
279.8,2.300766706466675
279.90000000000003,2.318918228149414
280.0,2.3011486530303955
280.1,2.324251890182495
280.20000000000005,2.323690414428711
280.3,2.3553524017333984
280.40000000000003,2.3359286785125732
280.5,2.356123924255371
280.6,2.3610727787017822
280.70000000000005,2.374976873397827
280.8,2.4020049571990967
280.90000000000003,2.4344892501831055
281.0,2.4657959938049316
281.1,2.4772448539733887
281.20000000000005,2.453631639480591
281.3,2.421485424041748
281.40000000000003,2.398190498352051
281.5,2.393660306930542
281.6,2.375239610671997
281.70000000000005,2.3661186695098877
281.8,2.351231336593628
281.90000000000003,2.3324496746063232
282.0,2.3206217288970947
282.1,2.320185661315918
282.20000000000005,2.3065412044525146
282.3,2.293797731399536
282.40000000000003,2.295429229736328
282.5,2.296659231185913
282.6,2.2761402130126953
282.70000000000005,2.2767114639282227
282.8,2.2747552394866943
282.90000000000003,2.2720017433166504
283.0,2.249516725540161
283.1,2.222999095916748
283.20000000000005,2.199979543685913
283.3,2.1728897094726562
283.40000000000003,2.1434378623962402
283.5,2.134223461151123
283.6,2.118936538696289
283.70000000000005,2.106010675430298
283.8,2.097505569458008
283.90000000000003,2.0837388038635254
284.0,2.075167417526245
284.1,2.0711286067962646
284.20000000000005,2.058136224746704
284.3,2.0419883728027344
284.40000000000003,2.044696569442749
284.5,2.0310637950897217
284.6,2.0319581031799316
284.70000000000005,2.0301218032836914
284.8,2.022148609161377
284.90000000000003,2.0169832706451416
285.0,2.014955520629883
285.1,2.0128166675567627
285.20000000000005,2.0069477558135986
285.3,1.9849787950515747
285.40000000000003,1.9638240337371826
285.5,1.9569543600082397
285.6,1.9530566930770874
285.70000000000005,1.9324675798416138
285.8,1.9137039184570312
285.90000000000003,1.8986485004425049
286.0,1.9077781438827515
286.1,1.8840845823287964
286.20000000000005,1.8902990818023682
286.3,1.8707621097564697
286.40000000000003,1.8731690645217896
286.5,1.8597922325134277
286.6,1.8678427934646606
286.70000000000005,1.8604525327682495
286.8,1.858282208442688
286.90000000000003,1.8660948276519775
287.0,1.8518317937850952
287.1,1.8459606170654297
287.20000000000005,1.8535963296890259
287.3,1.8495124578475952
287.40000000000003,1.83505117893219
287.5,1.822257161140442
287.6,1.826016902923584
287.70000000000005,1.8211873769760132
287.8,1.8189326524734497
287.90000000000003,1.8064206838607788
288.0,1.7976698875427246
288.1,1.7974331378936768
288.20000000000005,1.8014025688171387
288.3,1.7946105003356934
288.40000000000003,1.7896009683609009
288.5,1.8002568483352661
288.6,1.7823700904846191
288.70000000000005,1.7856974601745605
288.8,1.793248176574707
288.90000000000003,1.8007245063781738
289.0,1.790756344795227
289.1,1.7915282249450684
289.20000000000005,1.792497158050537
289.3,1.7922283411026
289.40000000000003,1.7845720052719116
289.5,1.7916702032089233
289.6,1.7820295095443726
289.70000000000005,1.788267731666565
289.8,1.7707204818725586
289.90000000000003,1.7917721271514893
290.0,1.7988531589508057
290.1,1.7896513938903809
290.20000000000005,1.8067511320114136
290.3,1.8007732629776
290.40000000000003,1.8007911443710327
290.5,1.8155897855758667
290.6,1.8175737857818604
290.70000000000005,1.812916874885559
290.8,1.8312335014343262
290.90000000000003,1.826492428779602
291.0,1.8353379964828491
291.1,1.835858941078186
291.20000000000005,1.8337345123291016
291.3,1.8357068300247192
291.40000000000003,1.8307850360870361
291.5,1.8319292068481445
291.6,1.8443022966384888
291.70000000000005,1.8464184999465942
291.8,1.8170311450958252
291.90000000000003,1.8213093280792236
292.0,1.814426302909851
292.1,1.8146862983703613
292.20000000000005,1.808095932006836
292.3,1.8030716180801392
292.40000000000003,1.8000491857528687
292.5,1.7911062240600586
292.6,1.8053091764450073
292.70000000000005,1.8100571632385254
292.8,1.8079396486282349
292.90000000000003,1.8120108842849731
293.0,1.7989541292190552
293.1,1.8114668130874634
293.20000000000005,1.812925100326538
293.3,1.8116788864135742
293.40000000000003,1.807197093963623
293.5,1.8050355911254883
293.6,1.8169476985931396
293.70000000000005,1.816861867904663
293.8,1.8257088661193848
293.90000000000003,1.8265182971954346
294.0,1.845908522605896
294.1,1.897718071937561
294.20000000000005,1.9008369445800781
294.3,1.941713809967041
294.40000000000003,1.9744435548782349
294.5,2.000032663345337
294.6,2.018425226211548
294.70000000000005,2.032773733139038
294.8,2.0585923194885254
294.90000000000003,2.069305896759033
295.0,2.0844759941101074
295.1,2.079411029815674
295.20000000000005,2.0983731746673584
295.3,2.0982489585876465
295.40000000000003,2.1205532550811768
295.5,2.1353883743286133
295.6,2.1419012546539307
295.70000000000005,2.129985809326172
295.8,2.109992265701294
295.90000000000003,2.104156732559204
296.0,2.0994808673858643
296.1,2.0990121364593506
296.20000000000005,2.0884897708892822
296.3,2.069443464279175
296.40000000000003,2.0483505725860596
296.5,2.0362260341644287
296.6,2.0446228981018066
296.70000000000005,2.027761220932007
296.8,2.0115609169006348
296.90000000000003,2.022080659866333
297.0,2.0175297260284424
297.1,2.014885902404785
297.20000000000005,2.029914140701294
297.3,2.022876501083374
297.40000000000003,2.029035806655884
297.5,2.0218935012817383
297.6,2.028573513031006
297.70000000000005,2.0374581813812256
297.8,2.026597499847412
297.90000000000003,2.015716075897217
298.0,2.0313050746917725
298.1,2.048754930496216
298.20000000000005,2.044973134994507
298.3,2.0744967460632324
298.40000000000003,2.089789867401123
298.5,2.0998482704162598
298.6,2.099188804626465
298.70000000000005,2.107102870941162
298.8,2.116175413131714
298.90000000000003,2.1211700439453125
299.0,2.1212401390075684
299.1,2.138477087020874
299.20000000000005,2.155013084411621
299.3,2.1489675045013428
299.40000000000003,2.1546707153320312
299.5,2.1617238521575928
299.6,2.174813747406006
299.70000000000005,2.1648924350738525
299.8,2.169038772583008
299.90000000000003,2.173548936843872
300.0,2.172410011291504
300.1,2.1842122077941895
300.20000000000005,2.1947379112243652
300.3,2.201383590698242
300.40000000000003,2.2166361808776855
300.5,2.21612286567688
300.6,2.1895837783813477
300.70000000000005,2.1976728439331055
300.8,2.174252986907959
300.90000000000003,2.175257682800293
301.0,2.1640071868896484
301.1,2.1594462394714355
301.20000000000005,2.1419315338134766
301.3,2.1500353813171387
301.40000000000003,2.138725757598877
301.5,2.145097255706787
301.6,2.1442670822143555
301.70000000000005,2.128331422805786
301.8,2.144528865814209
301.90000000000003,2.142457962036133
302.0,2.130448818206787
302.1,2.144449234008789
302.20000000000005,2.147458076477051
302.3,2.1527905464172363
302.40000000000003,2.1535775661468506
302.5,2.160494804382324
302.6,2.16921067237854
302.70000000000005,2.160907745361328
302.8,2.1697797775268555
302.90000000000003,2.167806386947632
303.0,2.171475887298584
303.1,2.173623561859131
303.20000000000005,2.185084104537964
303.3,2.18670392036438
303.40000000000003,2.188373327255249
303.5,2.188741445541382
303.6,2.1920926570892334
303.70000000000005,2.18865704536438
303.8,2.188950777053833
303.90000000000003,2.1903932094573975
304.0,2.195953369140625
304.1,2.193554401397705
304.20000000000005,2.1831092834472656
304.3,2.196826219558716
304.40000000000003,2.1979622840881348
304.5,2.2088887691497803
304.6,2.203831911087036
304.70000000000005,2.2016689777374268
304.8,2.2131590843200684
304.90000000000003,2.2128117084503174
305.0,2.2332215309143066
305.1,2.254582643508911
305.20000000000005,2.245863914489746
305.3,2.2517142295837402
305.40000000000003,2.2505195140838623
305.5,2.2662906646728516
305.6,2.2764546871185303
305.70000000000005,2.2967495918273926
305.8,2.2670116424560547
305.90000000000003,2.2852272987365723
306.0,2.270970344543457
306.1,2.286466121673584
306.20000000000005,2.282308578491211
306.3,2.277703285217285
306.40000000000003,2.29480242729187
306.5,2.27752423286438
306.6,2.3077552318573
306.70000000000005,2.302204132080078
306.8,2.3333663940429688
306.90000000000003,2.333190679550171
307.0,2.3543784618377686
307.1,2.3611042499542236
307.20000000000005,2.3755128383636475
307.3,2.3850958347320557
307.40000000000003,2.3355531692504883
307.5,2.3267030715942383
307.6,2.310537099838257
307.70000000000005,2.3234572410583496
307.8,2.2801883220672607
307.90000000000003,2.288682460784912
308.0,2.282352924346924
308.1,2.253185987472534
308.20000000000005,2.253361225128174
308.3,2.2498536109924316
308.40000000000003,2.2380387783050537
308.5,2.222590446472168
308.6,2.236597776412964
308.70000000000005,2.211937189102173
308.8,2.240186929702759
308.90000000000003,2.1955153942108154
309.0,2.1562540531158447
309.1,2.1045072078704834
309.20000000000005,2.0996267795562744
309.3,2.096870183944702
309.40000000000003,2.07214093208313
309.5,2.0334033966064453
309.6,2.0152487754821777
309.70000000000005,2.006990432739258
309.8,2.002107620239258
309.90000000000003,1.9801331758499146
310.0,1.9759738445281982
310.1,1.97689688205719
310.20000000000005,1.950259804725647
310.3,1.93843412399292
310.40000000000003,1.945642113685608
310.5,1.941490650177002
310.6,1.9204274415969849
310.70000000000005,1.9080350399017334
310.8,1.9268407821655273
310.90000000000003,1.9150041341781616
311.0,1.8866392374038696
311.1,1.8395369052886963
311.20000000000005,1.818546175956726
311.3,1.7908707857131958
311.40000000000003,1.7443134784698486
311.5,1.7321252822875977
311.6,1.7097324132919312
311.70000000000005,1.691229224205017
311.8,1.678305745124817
311.90000000000003,1.6511698961257935
312.0,1.6358180046081543
312.1,1.6239447593688965
312.20000000000005,1.6151227951049805
312.3,1.5993156433105469
312.40000000000003,1.5993292331695557
312.5,1.5852092504501343
312.6,1.5796869993209839
312.70000000000005,1.5657527446746826
312.8,1.5529751777648926
312.90000000000003,1.5588096380233765
313.0,1.549597978591919
313.1,1.5266613960266113
313.20000000000005,1.5006753206253052
313.3,1.467087745666504
313.40000000000003,1.43921959400177
313.5,1.4257038831710815
313.6,1.415313959121704
313.70000000000005,1.3880012035369873
313.8,1.362273931503296
313.90000000000003,1.3547216653823853
314.0,1.3442333936691284
314.1,1.3073172569274902
314.20000000000005,1.3293737173080444
314.3,1.3082104921340942
314.40000000000003,1.29635751247406
314.5,1.3085708618164062
314.6,1.2890220880508423
314.70000000000005,1.2826156616210938
314.8,1.2788206338882446
314.90000000000003,1.2668160200119019
315.0,1.260688304901123
315.1,1.265092372894287
315.20000000000005,1.2502714395523071
315.3,1.2303647994995117
315.40000000000003,1.212931752204895
315.5,1.1996452808380127
315.6,1.1802476644515991
315.70000000000005,1.167426347732544
315.8,1.167509913444519
315.90000000000003,1.1538517475128174
316.0,1.1476243734359741
316.1,1.1380099058151245
316.20000000000005,1.1400641202926636
316.3,1.1253846883773804
316.40000000000003,1.1200087070465088
316.5,1.1199486255645752
316.6,1.1100029945373535
316.70000000000005,1.122119426727295
316.8,1.1168075799942017
316.90000000000003,1.1078611612319946
317.0,1.1054046154022217
317.1,1.1128365993499756
317.20000000000005,1.1078046560287476
317.3,1.1064987182617188
317.40000000000003,1.099905014038086
317.5,1.101643681526184
317.6,1.093928575515747
317.70000000000005,1.0943257808685303
317.8,1.0919615030288696
317.90000000000003,1.0970790386199951
318.0,1.0904663801193237
318.1,1.0978631973266602
318.20000000000005,1.105059266090393
318.3,1.1042497158050537
318.40000000000003,1.1268773078918457
318.5,1.1062012910842896
318.6,1.1295561790466309
318.70000000000005,1.1239079236984253
318.8,1.1358370780944824
318.90000000000003,1.1390647888183594
319.0,1.1499537229537964
319.1,1.144626259803772
319.20000000000005,1.143174171447754
319.3,1.15388822555542
319.40000000000003,1.1643208265304565
319.5,1.1618255376815796
319.6,1.1625474691390991
319.70000000000005,1.1699349880218506
319.8,1.1617435216903687
319.90000000000003,1.1661715507507324
320.0,1.1623057126998901
320.1,1.16066575050354
320.20000000000005,1.1427719593048096
320.3,1.152504563331604
320.40000000000003,1.118058443069458
320.5,1.1269103288650513
320.6,1.1200898885726929
320.70000000000005,1.1042063236236572
320.8,1.1075793504714966
320.90000000000003,1.0989762544631958
321.0,1.101787805557251
321.1,1.088653326034546
321.20000000000005,1.0852552652359009
321.3,1.0876212120056152
321.40000000000003,1.0833075046539307
321.5,1.07631254196167
321.6,1.0799678564071655
321.70000000000005,1.0728044509887695
321.8,1.0742323398590088
321.90000000000003,1.0779350996017456
322.0,1.067125678062439
322.1,1.051004409790039
322.20000000000005,1.0381752252578735
322.3,1.017135500907898
322.40000000000003,0.9976624846458435
322.5,0.9779272079467773
322.6,0.9679167866706848
322.70000000000005,0.9723232984542847
322.8,0.9674948453903198
322.90000000000003,0.9440977573394775
323.0,0.9511681199073792
323.1,0.9436249732971191
323.20000000000005,0.9378622174263
323.3,0.9282850623130798
323.40000000000003,0.9171882271766663
323.5,0.9203321933746338
323.6,0.8939892649650574
323.70000000000005,0.8870671391487122
323.8,0.8648232817649841
323.90000000000003,0.8535562753677368
324.0,0.8408626317977905
324.1,0.8219139575958252
324.20000000000005,0.8119590878486633
324.3,0.8129955530166626
324.40000000000003,0.8275922536849976
324.5,0.8265133500099182
324.6,0.8416347503662109
324.70000000000005,0.8465337753295898
324.8,0.8539749383926392
324.90000000000003,0.8548083901405334
325.0,0.857341468334198
325.1,0.8658268451690674
325.20000000000005,0.8808997273445129
325.3,0.8903161883354187
325.40000000000003,0.9002726078033447
325.5,0.9060028791427612
325.6,0.895806610584259
325.70000000000005,0.9106305837631226
325.8,0.9091492295265198
325.90000000000003,0.9095940589904785
326.0,0.9057535529136658
326.1,0.9154768586158752
326.20000000000005,0.912589967250824
326.3,0.9123747944831848
326.40000000000003,0.9079216718673706
326.5,0.9195559620857239
326.6,0.9086884260177612
326.70000000000005,0.924423098564148
326.8,0.9228905439376831
326.90000000000003,0.9293464422225952
327.0,0.9053404927253723
327.1,0.8858614563941956
327.20000000000005,0.8661527633666992
327.3,0.8437069058418274
327.40000000000003,0.8259077072143555
327.5,0.8153461217880249
327.6,0.789047122001648
327.70000000000005,0.7830777168273926
327.8,0.7717996835708618
327.90000000000003,0.7767634987831116
328.0,0.751133143901825
328.1,0.7422866821289062
328.20000000000005,0.7210075259208679
328.3,0.7416890859603882
328.40000000000003,0.7343350648880005
328.5,0.738102376461029
328.6,0.7309330701828003
328.70000000000005,0.7218950986862183
328.8,0.7399306893348694
328.90000000000003,0.7219488620758057
329.0,0.723122775554657
329.1,0.7082659006118774
329.20000000000005,0.7023407220840454
329.3,0.7079555988311768
329.40000000000003,0.7064399719238281
329.5,0.6942949891090393
329.6,0.7145333290100098
329.70000000000005,0.7115998268127441
329.8,0.7197338342666626
329.90000000000003,0.7229831218719482
330.0,0.7350616455078125
330.1,0.744228184223175
330.20000000000005,0.7479428648948669
330.3,0.7470328211784363
330.40000000000003,0.7570337057113647
330.5,0.7705941796302795
330.6,0.7753071784973145
330.70000000000005,0.7787483930587769
330.8,0.778664767742157
330.90000000000003,0.7864525318145752
331.0,0.7794941663742065
331.1,0.7910758256912231
331.20000000000005,0.793653666973114
331.3,0.8133316040039062
331.40000000000003,0.8303787112236023
331.5,0.8571459650993347
331.6,0.8703402876853943
331.70000000000005,0.9033112525939941
331.8,0.9180701375007629
331.90000000000003,0.9304766058921814
332.0,0.9599568843841553
332.1,0.9654200673103333
332.20000000000005,0.9856005311012268
332.3,0.9908724427223206
332.40000000000003,1.003936767578125
332.5,1.0132547616958618
332.6,1.0400707721710205
332.70000000000005,1.0478367805480957
332.8,1.0580978393554688
332.90000000000003,1.065977931022644
333.0,1.0680263042449951
333.1,1.0712385177612305
333.20000000000005,1.0759326219558716
333.3,1.0869487524032593
333.40000000000003,1.086969017982483
333.5,1.1152827739715576
333.6,1.1490058898925781
333.70000000000005,1.184478759765625
333.8,1.2163662910461426
333.90000000000003,1.229819416999817
334.0,1.2700080871582031
334.1,1.2854830026626587
334.20000000000005,1.3048346042633057
334.3,1.3291364908218384
334.40000000000003,1.357953667640686
334.5,1.3761017322540283
334.6,1.3824214935302734
334.70000000000005,1.399116039276123
334.8,1.4099164009094238
334.90000000000003,1.4149894714355469
335.0,1.4232293367385864
335.1,1.4271774291992188
335.20000000000005,1.4345653057098389
335.3,1.4337899684906006
335.40000000000003,1.4478389024734497
335.5,1.4444994926452637
335.6,1.459389328956604
335.70000000000005,1.4844475984573364
335.8,1.4940400123596191
335.90000000000003,1.5056071281433105
336.0,1.5209906101226807
336.1,1.5522164106369019
336.20000000000005,1.5957837104797363
336.3,1.597638487815857
336.40000000000003,1.6041035652160645
336.5,1.6400418281555176
336.6,1.6509339809417725
336.70000000000005,1.657271146774292
336.8,1.6652694940567017
336.90000000000003,1.6868818998336792
337.0,1.7001935243606567
337.1,1.7067333459854126
337.20000000000005,1.719051480293274
337.3,1.7377599477767944
337.40000000000003,1.7373992204666138
337.5,1.748144268989563
337.6,1.7537349462509155
337.70000000000005,1.7449530363082886
337.8,1.7713781595230103
337.90000000000003,1.7538458108901978
338.0,1.820975422859192
338.1,1.8500688076019287
338.20000000000005,1.8607873916625977
338.3,1.8963416814804077
338.40000000000003,1.942738652229309
338.5,1.9531395435333252
338.6,1.9836264848709106
338.70000000000005,2.012742280960083
338.8,2.022129774093628
338.90000000000003,2.0029139518737793
339.0,2.048196792602539
339.1,2.0578415393829346
339.20000000000005,2.044919729232788
339.3,2.054065227508545
339.40000000000003,2.0535993576049805
339.5,2.0411410331726074
339.6,2.0315470695495605
339.70000000000005,2.0297229290008545
339.8,2.027167320251465
339.90000000000003,2.012887477874756
340.0,2.041515350341797
340.1,2.0188395977020264
340.20000000000005,1.99550461769104
340.3,1.9545903205871582
340.40000000000003,1.9524914026260376
340.5,1.9437003135681152
340.6,1.9328845739364624
340.70000000000005,1.9066892862319946
340.8,1.8996104001998901
340.90000000000003,1.893312931060791
341.0,1.8946470022201538
341.1,1.865051507949829
341.20000000000005,1.8718852996826172
341.3,1.8791807889938354
341.40000000000003,1.8821024894714355
341.5,1.846343755722046
341.6,1.8650877475738525
341.70000000000005,1.8710790872573853
341.8,1.8515872955322266
341.90000000000003,1.853933334350586
342.0,1.862385869026184
342.1,1.8609058856964111
342.20000000000005,1.8520586490631104
342.3,1.8434034585952759
342.40000000000003,1.8409111499786377
342.5,1.8311817646026611
342.6,1.8107925653457642
342.70000000000005,1.8070622682571411
342.8,1.811551809310913
342.90000000000003,1.7986265420913696
343.0,1.800243854522705
343.1,1.7971124649047852
343.20000000000005,1.7906211614608765
343.3,1.802688479423523
343.40000000000003,1.7923377752304077
343.5,1.8046324253082275
343.6,1.7869352102279663
343.70000000000005,1.799983263015747
343.8,1.795088291168213
343.90000000000003,1.7902849912643433
344.0,1.794404149055481
344.1,1.8030000925064087
344.20000000000005,1.7915689945220947
344.3,1.8029943704605103
344.40000000000003,1.801276683807373
344.5,1.8042688369750977
344.6,1.798081874847412
344.70000000000005,1.784149169921875
344.8,1.79378080368042
344.90000000000003,1.793503761291504
345.0,1.796606421470642
345.1,1.7834699153900146
345.20000000000005,1.8147238492965698
345.3,1.8034642934799194
345.40000000000003,1.8039616346359253
345.5,1.80988347530365
345.6,1.8190796375274658
345.70000000000005,1.8177249431610107
345.8,1.826974868774414
345.90000000000003,1.8240630626678467
346.0,1.8112285137176514
346.1,1.8309357166290283
346.20000000000005,1.828574538230896
346.3,1.8422412872314453
346.40000000000003,1.8424403667449951
346.5,1.8288384675979614
346.6,1.8420748710632324
346.70000000000005,1.8378968238830566
346.8,1.8565593957901
346.90000000000003,1.8691962957382202
347.0,1.8623363971710205
347.1,1.8933757543563843
347.20000000000005,1.8961173295974731
347.3,1.9171762466430664
347.40000000000003,1.9200571775436401
347.5,1.9337196350097656
347.6,1.937767505645752
347.70000000000005,1.9475711584091187
347.8,1.9405131340026855
347.90000000000003,1.9674088954925537
348.0,1.9633737802505493
348.1,1.9629846811294556
348.20000000000005,1.9683964252471924
348.3,1.9940612316131592
348.40000000000003,2.0009710788726807
348.5,1.9980400800704956
348.6,1.9968152046203613
348.70000000000005,2.003007650375366
348.8,2.0028862953186035
348.90000000000003,2.008993625640869
349.0,2.0258779525756836
349.1,2.0362894535064697
349.20000000000005,2.0347585678100586
349.3,2.057115316390991
349.40000000000003,2.045071840286255
349.5,2.0465586185455322
349.6,2.0382392406463623
349.70000000000005,2.027742624282837
349.8,2.017643928527832
349.90000000000003,2.03312611579895
350.0,2.029470205307007
350.1,2.0373871326446533
350.20000000000005,2.0207531452178955
350.3,2.023646116256714
350.40000000000003,2.023844003677368
350.5,2.021453619003296
350.6,2.0018224716186523
350.70000000000005,2.038996696472168
350.8,2.040052890777588
350.90000000000003,2.02754282951355
351.0,2.0340263843536377
351.1,2.0374934673309326
351.20000000000005,2.0310604572296143
351.3,2.012047529220581
351.40000000000003,1.97716224193573
351.5,1.9688220024108887
351.6,1.9251124858856201
351.70000000000005,1.9320744276046753
351.8,1.8927359580993652
351.90000000000003,1.8866662979125977
352.0,1.8828657865524292
352.1,1.8601200580596924
352.20000000000005,1.8562716245651245
352.3,1.8692703247070312
352.40000000000003,1.8617805242538452
352.5,1.849619746208191
352.6,1.8323614597320557
352.70000000000005,1.8259131908416748
352.8,1.8313430547714233
352.90000000000003,1.8121850490570068
353.0,1.8372386693954468
353.1,1.8460471630096436
353.20000000000005,1.8532726764678955
353.3,1.8560049533843994
353.40000000000003,1.852010726928711
353.5,1.8873387575149536
353.6,1.8804353475570679
353.70000000000005,1.8659125566482544
353.8,1.8708503246307373
353.90000000000003,1.8909168243408203
354.0,1.8820363283157349
354.1,1.8765206336975098
354.20000000000005,1.8725656270980835
354.3,1.8738722801208496
354.40000000000003,1.8715200424194336
354.5,1.8611291646957397
354.6,1.8736343383789062
354.70000000000005,1.8613734245300293
354.8,1.8796718120574951
354.90000000000003,1.8888417482376099
355.0,1.8747211694717407
355.1,1.8635547161102295
355.20000000000005,1.8289481401443481
355.3,1.8083205223083496
355.40000000000003,1.7813334465026855
355.5,1.7492995262145996
355.6,1.7222083806991577
355.70000000000005,1.6825097799301147
355.8,1.6832756996154785
355.90000000000003,1.661433458328247
356.0,1.6180212497711182
356.1,1.6301367282867432
356.20000000000005,1.5885872840881348
356.3,1.5797532796859741
356.40000000000003,1.5735621452331543
356.5,1.5754988193511963
356.6,1.5615828037261963
356.70000000000005,1.5508280992507935
356.8,1.548904538154602
356.90000000000003,1.5460830926895142
357.0,1.5459061861038208
357.1,1.5482254028320312
357.20000000000005,1.5196353197097778
357.3,1.4876439571380615
357.40000000000003,1.454600214958191
357.5,1.4602552652359009
357.6,1.4337952136993408
357.70000000000005,1.4279361963272095
357.8,1.4068325757980347
357.90000000000003,1.38693368434906
358.0,1.3997632265090942
358.1,1.3838655948638916
358.20000000000005,1.3771387338638306
358.3,1.3691775798797607
358.40000000000003,1.3744515180587769
358.5,1.3574751615524292
358.6,1.3706934452056885
358.70000000000005,1.3547585010528564
358.8,1.35198175907135
358.90000000000003,1.3538463115692139
359.0,1.3565857410430908
359.1,1.3463011980056763
359.20000000000005,1.3585783243179321
359.3,1.3560510873794556
359.40000000000003,1.3678534030914307
359.5,1.3654578924179077
359.6,1.36509370803833
359.70000000000005,1.3586335182189941
359.8,1.3786259889602661
359.90000000000003,1.3850266933441162
360.0,1.3786864280700684
360.1,1.3889528512954712
360.20000000000005,1.3916829824447632
360.3,1.3906103372573853
360.40000000000003,1.393108606338501
360.5,1.3807462453842163
360.6,1.4050956964492798
360.70000000000005,1.3906580209732056
360.8,1.3920258283615112
360.90000000000003,1.403458595275879
361.0,1.389391541481018
361.1,1.3985109329223633
361.20000000000005,1.388208031654358
361.3,1.396378517150879
361.40000000000003,1.4017443656921387
361.5,1.4091954231262207
361.6,1.4221559762954712
361.70000000000005,1.431666374206543
361.8,1.4481624364852905
361.90000000000003,1.4186069965362549
362.0,1.455725073814392
362.1,1.4650684595108032
362.20000000000005,1.4598429203033447
362.3,1.4591090679168701
362.40000000000003,1.5088292360305786
362.5,1.4978646039962769
362.6,1.4985737800598145
362.70000000000005,1.508622169494629
362.8,1.5161168575286865
362.90000000000003,1.5223039388656616
363.0,1.5224521160125732
363.1,1.5301960706710815
363.20000000000005,1.5351006984710693
363.3,1.5386275053024292
363.40000000000003,1.520961880683899
363.5,1.518266201019287
363.6,1.5401769876480103
363.70000000000005,1.5468569993972778
363.8,1.5872793197631836
363.90000000000003,1.6090410947799683
364.0,1.6081387996673584
364.1,1.6462281942367554
364.20000000000005,1.655895471572876
364.3,1.6676307916641235
364.40000000000003,1.6867152452468872
364.5,1.7116951942443848
364.6,1.7182015180587769
364.70000000000005,1.7420854568481445
364.8,1.7475022077560425
364.90000000000003,1.7618557214736938
365.0,1.7681883573532104
365.1,1.7547709941864014
365.20000000000005,1.7661818265914917
365.3,1.739717721939087
365.40000000000003,1.7282170057296753
365.5,1.7199152708053589
365.6,1.7249234914779663
365.70000000000005,1.7313456535339355
365.8,1.7198097705841064
365.90000000000003,1.6922740936279297
366.0,1.622574806213379
366.1,1.589399814605713
366.20000000000005,1.5848978757858276
366.3,1.5319364070892334
366.40000000000003,1.5120242834091187
366.5,1.4745296239852905
366.6,1.463375210762024
366.70000000000005,1.4577075242996216
366.8,1.4082732200622559
366.90000000000003,1.3956782817840576
367.0,1.3553837537765503
367.1,1.364155650138855
367.20000000000005,1.3599103689193726
367.3,1.3420685529708862
367.40000000000003,1.333086609840393
367.5,1.3302338123321533
367.6,1.322166919708252
367.70000000000005,1.3078869581222534
367.8,1.3104041814804077
367.90000000000003,1.306626796722412
368.0,1.2958918809890747
368.1,1.2778096199035645
368.20000000000005,1.247810959815979
368.3,1.2095832824707031
368.40000000000003,1.1882036924362183
368.5,1.1572893857955933
368.6,1.1366277933120728
368.70000000000005,1.1116348505020142
368.8,1.0930291414260864
368.90000000000003,1.074688196182251
369.0,1.059413194656372
369.1,1.035182237625122
369.20000000000005,1.0327094793319702
369.3,1.0191092491149902
369.40000000000003,1.0093048810958862
369.5,1.0025140047073364
369.6,0.9969522953033447
369.70000000000005,1.0010579824447632
369.8,0.9752311110496521
369.90000000000003,0.9892382621765137
370.0,0.9765583276748657
370.1,0.9736489653587341
370.20000000000005,0.9553576111793518
370.3,0.9669404029846191
370.40000000000003,0.9285516142845154
370.5,0.9039264917373657
370.6,0.8984521627426147
370.70000000000005,0.8744915723800659
370.8,0.8488427996635437
370.90000000000003,0.8160402178764343
371.0,0.8018356561660767
371.1,0.7681828737258911
371.20000000000005,0.7448855042457581
371.3,0.7336136698722839
371.40000000000003,0.7173395156860352
371.5,0.7067993879318237
371.6,0.6744343042373657
371.70000000000005,0.6694807410240173
371.8,0.6754121780395508
371.90000000000003,0.6634247303009033
372.0,0.6584749221801758
372.1,0.6604621410369873
372.20000000000005,0.6383135318756104
372.3,0.6342122554779053
372.40000000000003,0.630474865436554
372.5,0.6061737537384033
372.6,0.5737095475196838
372.70000000000005,0.533648669719696
372.8,0.49785876274108887
372.90000000000003,0.4664555788040161
373.0,0.44745588302612305
373.1,0.4367571175098419
373.20000000000005,0.4137115478515625
373.3,0.4253372848033905
373.40000000000003,0.43532392382621765
373.5,0.43519479036331177
373.6,0.446110337972641
373.70000000000005,0.436989426612854
373.8,0.4337365925312042
373.90000000000003,0.44139742851257324
374.0,0.4458249509334564
374.1,0.4421463906764984
374.20000000000005,0.451863169670105
374.3,0.43908193707466125
374.40000000000003,0.4538787603378296
374.5,0.47282007336616516
374.6,0.4562305212020874
374.70000000000005,0.4551052153110504
374.8,0.45054057240486145
374.90000000000003,0.44072845578193665
375.0,0.4327741861343384
375.1,0.4384450316429138
375.20000000000005,0.4267822206020355
375.3,0.4358803629875183
375.40000000000003,0.4427917003631592
375.5,0.44503599405288696
375.6,0.45063820481300354
375.70000000000005,0.44629859924316406
375.8,0.46024858951568604
375.90000000000003,0.4626338481903076
376.0,0.45479917526245117
376.1,0.4653041362762451
376.20000000000005,0.468548059463501
376.3,0.4742671847343445
376.40000000000003,0.4735525846481323
376.5,0.47199761867523193
376.6,0.48431912064552307
376.70000000000005,0.4763243794441223
376.8,0.47660866379737854
376.90000000000003,0.4740986227989197
377.0,0.4578615128993988
377.1,0.45748043060302734
377.20000000000005,0.46377745270729065
377.3,0.4739965498447418
377.40000000000003,0.47615987062454224
377.5,0.47340503334999084
377.6,0.4666161835193634
377.70000000000005,0.45163285732269287
377.8,0.4241805970668793
377.90000000000003,0.40681108832359314
378.0,0.4003140926361084
378.1,0.38587647676467896
378.20000000000005,0.373219758272171
378.3,0.3764193058013916
378.40000000000003,0.3733904957771301
378.5,0.3832452595233917
378.6,0.36801376938819885
378.70000000000005,0.38575077056884766
378.8,0.38405635952949524
378.90000000000003,0.3997698426246643
379.0,0.4067683815956116
379.1,0.40962398052215576
379.20000000000005,0.42290398478507996
379.3,0.4157383143901825
379.40000000000003,0.4244081377983093
379.5,0.43324798345565796
379.6,0.4392174780368805
379.70000000000005,0.4423421323299408
379.8,0.43737998604774475
379.90000000000003,0.43159618973731995
380.0,0.4321991801261902
380.1,0.4173279404640198
380.20000000000005,0.4200863838195801
380.3,0.4054478704929352
380.40000000000003,0.40522921085357666
380.5,0.4000479280948639
380.6,0.4047211706638336
380.70000000000005,0.3921321630477905
380.8,0.3891121447086334
380.90000000000003,0.40188392996788025
381.0,0.39506494998931885
381.1,0.3915330171585083
381.20000000000005,0.381547212600708
381.3,0.39298874139785767
381.40000000000003,0.39364784955978394
381.5,0.3927309513092041
381.6,0.3901803493499756
381.70000000000005,0.4103616178035736
381.8,0.39578309655189514
381.90000000000003,0.35851722955703735
382.0,0.31653353571891785
382.1,0.3223259747028351
382.20000000000005,0.31736791133880615
382.3,0.31778484582901
382.40000000000003,0.3200600743293762
382.5,0.31451794505119324
382.6,0.3192516267299652
382.70000000000005,0.31790080666542053
382.8,0.31949084997177124
382.90000000000003,0.32256558537483215
383.0,0.3114543557167053
383.1,0.3102256953716278
383.20000000000005,0.31998807191848755
383.3,0.3147459924221039
383.40000000000003,0.31511929631233215
383.5,0.31255659461021423
383.6,0.30717241764068604
383.70000000000005,0.313068151473999
383.8,0.31530314683914185
383.90000000000003,0.31878548860549927
384.0,0.3121255338191986
384.1,0.3123353123664856
384.20000000000005,0.31013768911361694
384.3,0.3162840008735657
384.40000000000003,0.3146783709526062
384.5,0.31739506125450134
384.6,0.3161541521549225
384.70000000000005,0.3082907497882843
384.8,0.3179888427257538
384.90000000000003,0.310116171836853
385.0,0.30340826511383057
385.1,0.3198162317276001
385.20000000000005,0.31487247347831726
385.3,0.3137010931968689
385.40000000000003,0.3034154772758484
385.5,0.3200087249279022
385.6,0.3128822445869446
385.70000000000005,0.3021864891052246
385.8,0.3150092661380768
385.90000000000003,0.30720269680023193
386.0,0.303927481174469
386.1,0.3114219009876251
386.20000000000005,0.30965784192085266
386.3,0.3163524568080902
386.40000000000003,0.30585888028144836
386.5,0.3055950403213501
386.6,0.3169684112071991
386.70000000000005,0.31331542134284973
386.8,0.31997525691986084
386.90000000000003,0.31087997555732727
387.0,0.3093556761741638
387.1,0.3229774832725525
387.20000000000005,0.3163563013076782
387.3,0.3144121766090393
387.40000000000003,0.313599556684494
387.5,0.3127025067806244
387.6,0.31428977847099304
387.70000000000005,0.31270650029182434
387.8,0.312133252620697
387.90000000000003,0.3050844967365265
388.0,0.3134438991546631
388.1,0.3061326742172241
388.20000000000005,0.3075902760028839
388.3,0.3122286796569824
388.40000000000003,0.3096199929714203
388.5,0.31606894731521606
388.6,0.3117579519748688
388.70000000000005,0.3128195106983185
388.8,0.312978595495224
388.90000000000003,0.3196367621421814
389.0,0.3189522624015808
389.1,0.316175639629364
389.20000000000005,0.3134230077266693
389.3,0.30530408024787903
389.40000000000003,0.31032034754753113
389.5,0.31849247217178345
389.6,0.31839051842689514
389.70000000000005,0.31696179509162903
389.8,0.30039727687835693
389.90000000000003,0.3142624795436859
390.0,0.3111807405948639
390.1,0.30892127752304077
390.20000000000005,0.3122892379760742
390.3,0.3068162202835083
390.40000000000003,0.3128702640533447
390.5,0.30976447463035583
390.6,0.3100033104419708
390.70000000000005,0.30336669087409973
390.8,0.31421488523483276
390.90000000000003,0.30592310428619385
391.0,0.3087974488735199
391.1,0.30391284823417664
391.20000000000005,0.31340837478637695
391.3,0.3200390636920929
391.40000000000003,0.3160167336463928
391.5,0.3096557855606079
391.6,0.3161293864250183
391.70000000000005,0.3138926327228546
391.8,0.30673229694366455
391.90000000000003,0.3171326220035553
392.0,0.3153596520423889
392.1,0.311318963766098
392.20000000000005,0.3017134368419647
392.3,0.304396390914917
392.40000000000003,0.31639769673347473
392.5,0.30435335636138916
392.6,0.30748170614242554
392.70000000000005,0.31637445092201233
392.8,0.31707948446273804
392.90000000000003,0.31759682297706604
393.0,0.3080955147743225
393.1,0.3200453519821167
393.20000000000005,0.3049941956996918
393.3,0.31395313143730164
393.40000000000003,0.3166719377040863
393.5,0.314158171415329
393.6,0.3255297541618347
393.70000000000005,0.3158104419708252
393.8,0.3115665316581726
393.90000000000003,0.3080349564552307
394.0,0.2999173104763031
394.1,0.31615182757377625
394.20000000000005,0.30398839712142944
394.3,0.31517770886421204
394.40000000000003,0.31161996722221375
394.5,0.29630914330482483
394.6,0.2792107164859772
394.70000000000005,0.2901754081249237
394.8,0.2857823073863983
394.90000000000003,0.3025885224342346
395.0,0.3107161819934845
395.1,0.3167952299118042
395.20000000000005,0.322220116853714
395.3,0.31974443793296814
395.40000000000003,0.33338239789009094
395.5,0.34795400500297546
395.6,0.3472539484500885
395.70000000000005,0.364494264125824
395.8,0.37463662028312683
395.90000000000003,0.37392204999923706
396.0,0.3801179826259613
396.1,0.3805806040763855
396.20000000000005,0.3878389596939087
396.3,0.3852887749671936
396.40000000000003,0.38577955961227417
396.5,0.3679693043231964
396.6,0.3632902503013611
396.70000000000005,0.37013161182403564
396.8,0.37202179431915283
396.90000000000003,0.36453327536582947
397.0,0.3581298887729645
397.1,0.33654728531837463
397.20000000000005,0.3398277163505554
397.3,0.34893861413002014
397.40000000000003,0.3685999810695648
397.5,0.3663367033004761
397.6,0.3665914237499237
397.70000000000005,0.38308262825012207
397.8,0.39269211888313293
397.90000000000003,0.38966861367225647
398.0,0.383361279964447
398.1,0.38037073612213135
398.20000000000005,0.38182902336120605
398.3,0.37101149559020996
398.40000000000003,0.3806327283382416
398.5,0.3729058504104614
398.6,0.36812373995780945
398.70000000000005,0.37310996651649475
398.8,0.36013302206993103
398.90000000000003,0.3766437768936157
399.0,0.3499835431575775
399.1,0.31622639298439026
399.20000000000005,0.32095059752464294
399.3,0.3172549605369568
399.40000000000003,0.3231087327003479
399.5,0.3147755265235901
399.6,0.3231322169303894
399.70000000000005,0.314613401889801
399.8,0.31848594546318054
399.90000000000003,0.31600114703178406
400.0,0.31382203102111816
400.1,0.31808432936668396
400.20000000000005,0.313110888004303
400.3,0.31703317165374756
400.40000000000003,0.3220631182193756
400.5,0.31813445687294006
400.6,0.32352718710899353
400.70000000000005,0.3237050473690033
400.8,0.3193959891796112
400.90000000000003,0.3169642686843872
401.0,0.318508505821228
401.1,0.3078024983406067
401.20000000000005,0.31641411781311035
401.3,0.3129332959651947
401.40000000000003,0.31222525238990784
401.5,0.322523295879364
401.6,0.3120534121990204
401.70000000000005,0.3255292475223541
401.8,0.3187270760536194
401.90000000000003,0.31443291902542114
402.0,0.31352561712265015
402.1,0.3248909115791321
402.20000000000005,0.310984343290329
402.3,0.3179731070995331
402.40000000000003,0.31568264961242676
402.5,0.32104888558387756
402.6,0.3213518261909485
402.70000000000005,0.3173989951610565
402.8,0.30947330594062805
402.90000000000003,0.31129854917526245
403.0,0.3264693319797516
403.1,0.32558584213256836
403.20000000000005,0.31683143973350525
403.3,0.3222169578075409
403.40000000000003,0.3249763548374176
403.5,0.3149423897266388
403.6,0.317911833524704
403.70000000000005,0.31151720881462097
403.8,0.31812673807144165
403.90000000000003,0.31742778420448303
404.0,0.3204665184020996
404.1,0.3158561587333679
404.20000000000005,0.3231610357761383
404.3,0.3242374062538147
404.40000000000003,0.3191725015640259
404.5,0.31524237990379333
404.6,0.3215104639530182
404.70000000000005,0.3211408853530884
404.8,0.3142201602458954
404.90000000000003,0.3124488890171051
405.0,0.3156066834926605
405.1,0.3179934024810791
405.20000000000005,0.32157468795776367
405.3,0.32268330454826355
405.40000000000003,0.3236198425292969
405.5,0.3061535060405731
405.6,0.31590476632118225
405.70000000000005,0.3188810348510742
405.8,0.3116121292114258
405.90000000000003,0.31762588024139404
406.0,0.3219001293182373
406.1,0.319092720746994
406.20000000000005,0.3136058449745178
406.3,0.31664222478866577
406.40000000000003,0.3128892481327057
406.5,0.32180142402648926
406.6,0.3169851005077362
406.70000000000005,0.320661336183548
406.8,0.31141534447669983
406.90000000000003,0.31845107674598694
407.0,0.3153323233127594
407.1,0.32692477107048035
407.20000000000005,0.32771992683410645
407.3,0.3237573206424713
407.40000000000003,0.323641836643219
407.5,0.31162720918655396
407.6,0.3201809823513031
407.70000000000005,0.32078084349632263
407.8,0.3240521550178528
407.90000000000003,0.3171943724155426
408.0,0.31784334778785706
408.1,0.3179554045200348
408.20000000000005,0.3177542984485626
408.3,0.32232025265693665
408.40000000000003,0.3227917551994324
408.5,0.3100879490375519
408.6,0.30389323830604553
408.70000000000005,0.3232992887496948
408.8,0.3161400556564331
408.90000000000003,0.321360319852829
409.0,0.30478572845458984
409.1,0.32291364669799805
409.20000000000005,0.3156045079231262
409.3,0.3198137879371643
409.40000000000003,0.3222726881504059
409.5,0.3138880729675293
409.6,0.31824490427970886
409.70000000000005,0.3133644461631775
409.8,0.31249991059303284
409.90000000000003,0.3138943314552307
410.0,0.3148537576198578
410.1,0.31056085228919983
410.20000000000005,0.3095551133155823
410.3,0.31963685154914856
410.40000000000003,0.3173087239265442
410.5,0.32265305519104004
410.6,0.32500460743904114
410.70000000000005,0.3197615146636963
410.8,0.31197720766067505
410.90000000000003,0.31518062949180603
411.0,0.32416462898254395
411.1,0.3134262263774872
411.20000000000005,0.31067290902137756
411.3,0.3197324275970459
411.40000000000003,0.31274232268333435
411.5,0.30754896998405457
411.6,0.3182123601436615
411.70000000000005,0.3175971210002899
411.8,0.32125145196914673
411.90000000000003,0.3212375342845917
412.0,0.31444185972213745
412.1,0.32616448402404785
412.20000000000005,0.3203764259815216
412.3,0.3114764392375946
412.40000000000003,0.3155662715435028
412.5,0.3190910518169403
412.6,0.3211996257305145
412.70000000000005,0.31709179282188416
412.8,0.31604447960853577
412.90000000000003,0.32356974482536316
413.0,0.3096882998943329
413.1,0.3113519847393036
413.20000000000005,0.3201565742492676
413.3,0.31333839893341064
413.40000000000003,0.3168931305408478
413.5,0.31628239154815674
413.6,0.32949912548065186
413.70000000000005,0.32558396458625793
413.8,0.307760626077652
413.90000000000003,0.31585460901260376
414.0,0.31932270526885986
414.1,0.3283695578575134
414.20000000000005,0.3277210593223572
414.3,0.3215530216693878
414.40000000000003,0.3235054016113281
414.5,0.3133629262447357
414.6,0.3187404274940491
414.70000000000005,0.312749981880188
414.8,0.3201395273208618
414.90000000000003,0.3167029619216919
415.0,0.3222285211086273
415.1,0.31530022621154785
415.20000000000005,0.3074336051940918
415.3,0.3209199607372284
415.40000000000003,0.32316160202026367
415.5,0.3188657760620117
415.6,0.3270265460014343
415.70000000000005,0.31618455052375793
415.8,0.3162032663822174
415.90000000000003,0.3226314187049866
416.0,0.32233843207359314
416.1,0.320883184671402
416.20000000000005,0.3146897554397583
416.3,0.3181464970111847
416.40000000000003,0.32017865777015686
416.5,0.32277917861938477
416.6,0.31736454367637634
416.70000000000005,0.3215588331222534
416.8,0.31861987709999084
416.90000000000003,0.3174988329410553
417.0,0.3129650354385376
417.1,0.32299238443374634
417.20000000000005,0.30705246329307556
417.3,0.3234449028968811
417.40000000000003,0.3182937204837799
417.5,0.32004791498184204
417.6,0.3139302134513855
417.70000000000005,0.3224071264266968
417.8,0.31505438685417175
417.90000000000003,0.3107568025588989
418.0,0.31050238013267517
418.1,0.31535834074020386
418.20000000000005,0.32397082448005676
418.3,0.3185249865055084
418.40000000000003,0.31121787428855896
418.5,0.3091367781162262
418.6,0.3173762857913971
418.70000000000005,0.3157893717288971
418.8,0.30658066272735596
418.90000000000003,0.31839555501937866
419.0,0.3171195387840271
419.1,0.32422202825546265
419.20000000000005,0.3218294382095337
419.3,0.31658709049224854
419.40000000000003,0.3110192120075226
419.5,0.3205636739730835
419.6,0.3149493336677551
419.70000000000005,0.3144432306289673
419.8,0.3214521110057831
419.90000000000003,0.3052038252353668
420.0,0.31945210695266724
420.1,0.30430155992507935
420.20000000000005,0.3012523055076599
420.3,0.31462493538856506
420.40000000000003,0.32881221175193787
420.5,0.3116855323314667
420.6,0.31232792139053345
420.70000000000005,0.3191494047641754
420.8,0.3268023431301117
420.90000000000003,0.3118537366390228
421.0,0.3208898603916168
421.1,0.3145182132720947
421.20000000000005,0.3146939277648926
421.3,0.3085672855377197
421.40000000000003,0.3238852024078369
421.5,0.3239625096321106
421.6,0.323176771402359
421.70000000000005,0.3162781298160553
421.8,0.31213638186454773
421.90000000000003,0.3153627812862396
422.0,0.31492799520492554
422.1,0.32252225279808044
422.20000000000005,0.32741329073905945
422.3,0.3123639225959778
422.40000000000003,0.3118158280849457
422.5,0.312527596950531
422.6,0.3222838044166565
422.70000000000005,0.3203623294830322
422.8,0.31203019618988037
422.90000000000003,0.3232141435146332
423.0,0.3167083263397217
423.1,0.3204807639122009
423.20000000000005,0.3221767246723175
423.3,0.3171878159046173
423.40000000000003,0.3036365807056427
423.5,0.32363361120224
423.6,0.31664910912513733
423.70000000000005,0.32038021087646484
423.8,0.3178117275238037
423.90000000000003,0.3138171434402466
424.0,0.32183223962783813
424.1,0.31577688455581665
424.20000000000005,0.3162781298160553
424.3,0.31136295199394226
424.40000000000003,0.3275523781776428
424.5,0.31655189394950867
424.6,0.3213269114494324
424.70000000000005,0.3211671710014343
424.8,0.3091306984424591
424.90000000000003,0.31366243958473206
425.0,0.30951231718063354
425.1,0.3169556260108948
425.20000000000005,0.3212537169456482
425.3,0.3214745819568634
425.40000000000003,0.31638020277023315
425.5,0.3097037076950073
425.6,0.3166159391403198
425.70000000000005,0.3209259808063507
425.8,0.3141486942768097
425.90000000000003,0.32352739572525024
426.0,0.31823965907096863
426.1,0.31507813930511475
426.20000000000005,0.3159273862838745
426.3,0.31363075971603394
426.40000000000003,0.3035665452480316
426.5,0.32135894894599915
426.6,0.31862446665763855
426.70000000000005,0.3171375095844269
426.8,0.3184811472892761
426.90000000000003,0.31166017055511475
427.0,0.3204323947429657
427.1,0.3162708282470703
427.20000000000005,0.32866397500038147
427.3,0.31973639130592346
427.40000000000003,0.3159032464027405
427.5,0.32308298349380493
427.6,0.31629297137260437
427.70000000000005,0.3155565559864044
427.8,0.31728729605674744
427.90000000000003,0.31559285521507263
428.0,0.31651386618614197
428.1,0.3231850266456604
428.20000000000005,0.3215748071670532
428.3,0.3249755799770355
428.40000000000003,0.31737613677978516
428.5,0.3197999894618988
428.6,0.30662718415260315
428.70000000000005,0.3216277062892914
428.8,0.3200272023677826
428.90000000000003,0.32051515579223633
429.0,0.31810513138771057
429.1,0.32174769043922424
429.20000000000005,0.3145545423030853
429.3,0.3130674362182617
429.40000000000003,0.32090941071510315
429.5,0.32536154985427856
429.6,0.32334643602371216
429.70000000000005,0.3141336143016815
429.8,0.3132016956806183
429.90000000000003,0.3172507584095001
430.0,0.31946906447410583
430.1,0.31775376200675964
430.20000000000005,0.32498884201049805
430.3,0.310882568359375
430.40000000000003,0.3237341642379761
430.5,0.32045745849609375
430.6,0.3202376663684845
430.70000000000005,0.3237171769142151
430.8,0.32141706347465515
430.90000000000003,0.32160893082618713
431.0,0.3224736154079437
431.1,0.31814563274383545
431.20000000000005,0.31565824151039124
431.3,0.32855576276779175
431.40000000000003,0.3214242160320282
431.5,0.316556841135025
431.6,0.32510659098625183
431.70000000000005,0.31731116771698
431.8,0.32199591398239136
431.90000000000003,0.32199954986572266
432.0,0.31119534373283386
432.1,0.32019469141960144
432.20000000000005,0.32070836424827576
432.3,0.32034245133399963
432.40000000000003,0.3192741274833679
432.5,0.32081806659698486
432.6,0.32279062271118164
432.70000000000005,0.32634779810905457
432.8,0.32894670963287354
432.90000000000003,0.3247992992401123
433.0,0.3096219003200531
433.1,0.32023587822914124
433.20000000000005,0.31251776218414307
433.3,0.319395512342453
433.40000000000003,0.3245484232902527
433.5,0.3187064528465271
433.6,0.31757205724716187
433.70000000000005,0.31678488850593567
433.8,0.3189583420753479
433.90000000000003,0.31503766775131226
434.0,0.32214707136154175
434.1,0.31774333119392395
434.20000000000005,0.32204416394233704
434.3,0.31299346685409546
434.40000000000003,0.3182421624660492
434.5,0.30823367834091187
434.6,0.31278449296951294
434.70000000000005,0.32273629307746887
434.8,0.32720303535461426
434.90000000000003,0.31489431858062744
435.0,0.321903795003891
435.1,0.31390947103500366
435.20000000000005,0.325835645198822
435.3,0.31826871633529663
435.40000000000003,0.316204309463501
435.5,0.3147636950016022
435.6,0.3131372928619385
435.70000000000005,0.3172279894351959
435.8,0.3152032494544983
435.90000000000003,0.3182092010974884
436.0,0.3175724148750305
436.1,0.32087719440460205
436.20000000000005,0.31992921233177185
436.3,0.31711527705192566
436.40000000000003,0.319640576839447
436.5,0.31373387575149536
436.6,0.3240819275379181
436.70000000000005,0.3234897255897522
436.8,0.3155742585659027
436.90000000000003,0.32459360361099243
437.0,0.3211000859737396
437.1,0.32509124279022217
437.20000000000005,0.32066649198532104
437.3,0.32105278968811035
437.40000000000003,0.320406436920166
437.5,0.3238212466239929
437.6,0.3126683831214905
437.70000000000005,0.3252335786819458
437.8,0.317472368478775
437.90000000000003,0.312779039144516
438.0,0.31447044014930725
438.1,0.3137114644050598
438.20000000000005,0.32786253094673157
438.3,0.30568742752075195
438.40000000000003,0.3228103518486023
438.5,0.32581958174705505
438.6,0.3203095495700836
438.70000000000005,0.3207586407661438
438.8,0.3202134966850281
438.90000000000003,0.31943950057029724
439.0,0.32054951786994934
439.1,0.31689453125
439.20000000000005,0.32473769783973694
439.3,0.3227345943450928
439.40000000000003,0.3139515519142151
439.5,0.31781575083732605
439.6,0.3192821145057678
439.70000000000005,0.3175438642501831
439.8,0.3240021765232086
439.90000000000003,0.3141539692878723
440.0,0.3185402452945709
440.1,0.3211059868335724
440.20000000000005,0.3238937258720398
440.3,0.3124164342880249
440.40000000000003,0.31104275584220886
440.5,0.3268650770187378
440.6,0.323532372713089
440.70000000000005,0.3235858082771301
440.8,0.31561708450317383
440.90000000000003,0.31949421763420105
441.0,0.3243929147720337
441.1,0.32809871435165405
441.20000000000005,0.3159013092517853
441.3,0.3127515912055969
441.40000000000003,0.31739580631256104
441.5,0.3188816010951996
441.6,0.3221757113933563
441.70000000000005,0.3155413866043091
441.8,0.32409343123435974
441.90000000000003,0.3174802362918854
442.0,0.32041341066360474
442.1,0.3223043382167816
442.20000000000005,0.31692448258399963
442.3,0.3210280239582062
442.40000000000003,0.31615856289863586
442.5,0.3198511600494385
442.6,0.3129674196243286
442.70000000000005,0.31833893060684204
442.8,0.3167262375354767
442.90000000000003,0.315783828496933
443.0,0.3228890001773834
443.1,0.3200618028640747
443.20000000000005,0.32115820050239563
443.3,0.3172789514064789
443.40000000000003,0.3168630301952362
443.5,0.31404566764831543
443.6,0.3284476697444916
443.70000000000005,0.3076704144477844
443.8,0.32321813702583313
443.90000000000003,0.3119220435619354
444.0,0.32263055443763733
444.1,0.321163147687912
444.20000000000005,0.3213745057582855
444.3,0.3145793378353119
444.40000000000003,0.3152563273906708
444.5,0.3118835687637329
444.6,0.3207833766937256
444.70000000000005,0.32313305139541626
444.8,0.3164732754230499
444.90000000000003,0.3133060932159424
445.0,0.3214261829853058
445.1,0.32062146067619324
445.20000000000005,0.3125651180744171
445.3,0.32355421781539917
445.40000000000003,0.319255530834198
445.5,0.3292250335216522
445.6,0.31344810128211975
445.70000000000005,0.323770672082901
445.8,0.3157080411911011
445.90000000000003,0.33099475502967834
446.0,0.32203710079193115
446.1,0.32248470187187195
446.20000000000005,0.31606754660606384
446.3,0.31206515431404114
446.40000000000003,0.3181745111942291
446.5,0.323834627866745
446.6,0.3174045979976654
446.70000000000005,0.32159119844436646
446.8,0.31519731879234314
446.90000000000003,0.32406771183013916
447.0,0.31677645444869995
447.1,0.315767377614975
447.20000000000005,0.32761892676353455
447.3,0.3176054358482361
447.40000000000003,0.3254252076148987
447.5,0.31507256627082825
447.6,0.32020220160484314
447.70000000000005,0.32268762588500977
447.8,0.3192131817340851
447.90000000000003,0.3175891935825348
448.0,0.3258614242076874
448.1,0.3136127293109894
448.20000000000005,0.31371229887008667
448.3,0.3228825330734253
448.40000000000003,0.31999415159225464
448.5,0.3243245482444763
448.6,0.31988728046417236
448.70000000000005,0.3173235058784485
448.8,0.3162953555583954
448.90000000000003,0.321905255317688
449.0,0.3200008273124695
449.1,0.30514252185821533
449.20000000000005,0.31881335377693176
449.3,0.3096644878387451
449.40000000000003,0.3171961009502411
449.5,0.3221694827079773
449.6,0.32601892948150635
449.70000000000005,0.3175746202468872
449.8,0.3237253427505493
449.90000000000003,0.3242184519767761
450.0,0.319409042596817
450.1,0.32250306010246277
450.20000000000005,0.3257845640182495
450.3,0.3217453360557556
450.40000000000003,0.3163665533065796
450.5,0.32077527046203613
450.6,0.3190229535102844
450.70000000000005,0.3178273141384125
450.8,0.31552591919898987
450.90000000000003,0.3242453336715698
451.0,0.3173249363899231
451.1,0.32017749547958374
451.20000000000005,0.32967743277549744
451.3,0.32004648447036743
451.40000000000003,0.3191141188144684
451.5,0.32499563694000244
451.6,0.31750303506851196
451.70000000000005,0.3217964172363281
451.8,0.32290780544281006
451.90000000000003,0.32589825987815857
452.0,0.31375351548194885
452.1,0.3246054947376251
452.20000000000005,0.31360647082328796
452.3,0.3193657696247101
452.40000000000003,0.3172644376754761
452.5,0.3198230564594269
452.6,0.3216949999332428
452.70000000000005,0.3247556686401367
452.8,0.3200531005859375
452.90000000000003,0.31853964924812317
453.0,0.32273390889167786
453.1,0.3202764391899109
453.20000000000005,0.30890071392059326
453.3,0.3188469111919403
453.40000000000003,0.3189486265182495
453.5,0.31744298338890076
453.6,0.32341068983078003
453.70000000000005,0.3127519488334656
453.8,0.32187366485595703
453.90000000000003,0.3187798261642456
454.0,0.3242068290710449
454.1,0.3251272737979889
454.20000000000005,0.3154119849205017
454.3,0.31823107600212097
454.40000000000003,0.32346078753471375
454.5,0.3234657645225525
454.6,0.3258450925350189
454.70000000000005,0.3201434016227722
454.8,0.311549574136734
454.90000000000003,0.32367050647735596
455.0,0.31779196858406067
455.1,0.303523987531662
455.20000000000005,0.3177395462989807
455.3,0.3250686228275299
455.40000000000003,0.3310505449771881
455.5,0.32202398777008057
455.6,0.32397380471229553
455.70000000000005,0.32685375213623047
455.8,0.3141694962978363
455.90000000000003,0.31056150794029236
456.0,0.3144811689853668
456.1,0.32616904377937317
456.20000000000005,0.3165603578090668
456.3,0.3180806040763855
456.40000000000003,0.3120765686035156
456.50000000000006,0.30846571922302246
456.6,0.3144959807395935
456.70000000000005,0.3176652491092682
456.8,0.31763312220573425
456.90000000000003,0.32428017258644104
457.00000000000006,0.31868109107017517
457.1,0.315854012966156
457.20000000000005,0.31499555706977844
457.3,0.31417620182037354
457.40000000000003,0.309022456407547
457.50000000000006,0.3197771906852722
457.6,0.3168514668941498
457.70000000000005,0.32513514161109924
457.8,0.316384881734848
457.90000000000003,0.32473209500312805
458.00000000000006,0.3223227858543396
458.1,0.32665571570396423
458.20000000000005,0.31908103823661804
458.3,0.31712234020233154
458.40000000000003,0.32956254482269287
458.50000000000006,0.3240436315536499
458.6,0.3193002939224243
458.70000000000005,0.322623610496521
458.8,0.29926928877830505
458.90000000000003,0.31689491868019104
459.00000000000006,0.3179437816143036
459.1,0.3224929869174957
459.20000000000005,0.3205370604991913
459.3,0.31765231490135193
459.40000000000003,0.32242152094841003
459.50000000000006,0.3192167282104492
459.6,0.31212881207466125
459.70000000000005,0.3193740248680115
459.8,0.3266446590423584
459.90000000000003,0.3081128001213074
460.00000000000006,0.32182881236076355
460.1,0.31827205419540405
460.20000000000005,0.3197888433933258
460.3,0.3015463948249817
460.40000000000003,0.3194809556007385
460.50000000000006,0.31556981801986694
460.6,0.3173205256462097
460.70000000000005,0.3194308876991272
460.8,0.3200535178184509
460.90000000000003,0.3239494860172272
461.00000000000006,0.3135397732257843
461.1,0.31417030096054077
461.20000000000005,0.32427969574928284
461.3,0.322345107793808
461.40000000000003,0.3236832916736603
461.50000000000006,0.31667956709861755
461.6,0.31461912393569946
461.70000000000005,0.3229215443134308
461.8,0.3151528537273407
461.90000000000003,0.3222429156303406
462.00000000000006,0.32094916701316833
462.1,0.31563475728034973
462.20000000000005,0.32273900508880615
462.3,0.3162100315093994
462.40000000000003,0.3305245339870453
462.50000000000006,0.3019096553325653
462.6,0.30533668398857117
462.70000000000005,0.3175398111343384
462.8,0.31906986236572266
462.90000000000003,0.3139265775680542
463.00000000000006,0.32238999009132385
463.1,0.3192952573299408
463.20000000000005,0.31811559200286865
463.3,0.3196067810058594
463.40000000000003,0.3207398056983948
463.50000000000006,0.319560170173645
463.6,0.3264142572879791
463.70000000000005,0.31334787607192993
463.8,0.32941049337387085
463.90000000000003,0.31493404507637024
464.00000000000006,0.32089483737945557
464.1,0.32326599955558777
464.20000000000005,0.3256824016571045
464.3,0.31544065475463867
464.40000000000003,0.3230171203613281
464.50000000000006,0.32786887884140015
464.6,0.31825965642929077
464.70000000000005,0.31411007046699524
464.8,0.3264179825782776
464.90000000000003,0.31256765127182007
465.00000000000006,0.3167058527469635
465.1,0.31284013390541077
465.20000000000005,0.32214292883872986
465.3,0.3184627592563629
465.40000000000003,0.3164130449295044
465.50000000000006,0.31804096698760986
465.6,0.31895801424980164
465.70000000000005,0.3241839110851288
465.8,0.31526777148246765
465.90000000000003,0.3277240991592407
466.00000000000006,0.3214605152606964
466.1,0.31943878531455994
466.20000000000005,0.31286361813545227
466.3,0.324049174785614
466.40000000000003,0.3210717439651489
466.50000000000006,0.321506530046463
466.6,0.3129369020462036
466.70000000000005,0.3182139992713928
466.8,0.32109129428863525
466.90000000000003,0.3229779303073883
467.00000000000006,0.32664984464645386
467.1,0.3160748779773712
467.20000000000005,0.3128887414932251
467.3,0.3162844777107239
467.40000000000003,0.32148534059524536
467.50000000000006,0.3273528814315796
467.6,0.3183809220790863
467.70000000000005,0.3116358518600464
467.8,0.3259983956813812
467.90000000000003,0.32315993309020996
468.00000000000006,0.3183334767818451
468.1,0.3233625292778015
468.20000000000005,0.3146815299987793
468.3,0.31351226568222046
468.40000000000003,0.3098598122596741
468.50000000000006,0.32123810052871704
468.6,0.3297269344329834
468.70000000000005,0.32107093930244446
468.8,0.319443017244339
468.90000000000003,0.31503552198410034
469.00000000000006,0.31275516748428345
469.1,0.30613067746162415
469.20000000000005,0.3194580674171448
469.3,0.3249276280403137
469.40000000000003,0.3179944157600403
469.50000000000006,0.3176030218601227
469.6,0.32404905557632446
469.70000000000005,0.31821516156196594
469.8,0.31396788358688354
469.90000000000003,0.31728142499923706
470.00000000000006,0.32368698716163635
470.1,0.32673516869544983
470.20000000000005,0.3203065097332001
470.3,0.3146800994873047
470.40000000000003,0.32050231099128723
470.50000000000006,0.3152041435241699
470.6,0.31498128175735474
470.70000000000005,0.3173258304595947
470.8,0.31626826524734497
470.90000000000003,0.325596421957016
471.00000000000006,0.3189622461795807
471.1,0.3138286769390106
471.20000000000005,0.31343501806259155
471.3,0.31252533197402954
471.40000000000003,0.31786203384399414
471.50000000000006,0.32168224453926086
471.6,0.3105718195438385
471.70000000000005,0.31841111183166504
471.8,0.3212552070617676
471.90000000000003,0.31813663244247437
472.00000000000006,0.32604148983955383
472.1,0.32143545150756836
472.20000000000005,0.30781811475753784
472.3,0.3228553831577301
472.40000000000003,0.32521119713783264
472.50000000000006,0.3243050277233124
472.6,0.32487866282463074
472.70000000000005,0.3177112638950348
472.8,0.31373855471611023
472.90000000000003,0.3225869834423065
473.00000000000006,0.31910452246665955
473.1,0.32364457845687866
473.20000000000005,0.3195752501487732
473.3,0.32100072503089905
473.40000000000003,0.3226550221443176
473.50000000000006,0.3162990212440491
473.6,0.3211134374141693
473.70000000000005,0.326511412858963
473.8,0.3216717839241028
473.90000000000003,0.31952908635139465
474.00000000000006,0.31306934356689453
474.1,0.3128660023212433
474.20000000000005,0.32071977853775024
474.3,0.3225250542163849
474.40000000000003,0.31665852665901184
474.50000000000006,0.32240012288093567
474.6,0.3166474401950836
474.70000000000005,0.32541561126708984
474.8,0.31979355216026306
474.90000000000003,0.31551891565322876
475.00000000000006,0.3150339126586914
475.1,0.31854891777038574
475.20000000000005,0.3072148561477661
475.3,0.3185303509235382
475.40000000000003,0.3269416391849518
475.50000000000006,0.31852129101753235
475.6,0.3219226896762848
475.70000000000005,0.3100852370262146
475.8,0.3202921748161316
475.90000000000003,0.30942845344543457
476.00000000000006,0.32224756479263306
476.1,0.3235733211040497
476.20000000000005,0.3159257173538208
476.3,0.3167547285556793
476.40000000000003,0.31263646483421326
476.50000000000006,0.3170435130596161
476.6,0.318327397108078
476.70000000000005,0.31445491313934326
476.8,0.32780298590660095
476.90000000000003,0.32964178919792175
477.00000000000006,0.3153728246688843
477.1,0.3185423016548157
477.20000000000005,0.32866206765174866
477.3,0.3241182267665863
477.40000000000003,0.3207690417766571
477.50000000000006,0.3272813558578491
477.6,0.3166203200817108
477.70000000000005,0.31741863489151
477.8,0.32050859928131104
477.90000000000003,0.32021304965019226
478.00000000000006,0.31428712606430054
478.1,0.3184811472892761
478.20000000000005,0.3105795383453369
478.3,0.32565006613731384
478.40000000000003,0.3178105652332306
478.50000000000006,0.32290562987327576
478.6,0.31270086765289307
478.70000000000005,0.3147752285003662
478.8,0.3105388581752777
478.90000000000003,0.3263290822505951
479.00000000000006,0.3186088502407074
479.1,0.3168879449367523
479.20000000000005,0.328825980424881
479.3,0.31588447093963623
479.40000000000003,0.31859833002090454
479.50000000000006,0.32998600602149963
479.6,0.3288705050945282
479.70000000000005,0.3115828335285187
479.8,0.32051756978034973
479.90000000000003,0.3117222189903259
480.00000000000006,0.31772783398628235
480.1,0.3219057321548462
480.20000000000005,0.32272130250930786
480.3,0.3176279366016388
480.40000000000003,0.3216085135936737
480.50000000000006,0.31235000491142273
480.6,0.32038164138793945
480.70000000000005,0.31684717535972595
480.8,0.3214642405509949
480.90000000000003,0.31208473443984985
481.00000000000006,0.3228832483291626
481.1,0.3193662762641907
481.20000000000005,0.31560540199279785
481.3,0.3263947069644928
481.40000000000003,0.31317904591560364
481.50000000000006,0.3248498737812042
481.6,0.31898340582847595
481.70000000000005,0.3230258524417877
481.8,0.3250856399536133
481.90000000000003,0.32051607966423035
482.00000000000006,0.3128855228424072
482.1,0.31997576355934143
482.20000000000005,0.3201618790626526
482.3,0.3167218565940857
482.40000000000003,0.31811651587486267
482.50000000000006,0.32709962129592896
482.6,0.3196510672569275
482.70000000000005,0.3221913278102875
482.8,0.3261617422103882
482.90000000000003,0.3141961693763733
483.00000000000006,0.3277747333049774
483.1,0.3163899779319763
483.20000000000005,0.32082489132881165
483.3,0.32448917627334595
483.40000000000003,0.32464832067489624
483.50000000000006,0.3190745711326599
483.6,0.3187253773212433
483.70000000000005,0.31935402750968933
483.8,0.32471001148223877
483.90000000000003,0.31543290615081787
484.00000000000006,0.31729409098625183
484.1,0.31889063119888306
484.20000000000005,0.3136049807071686
484.3,0.3160378038883209
484.40000000000003,0.31697434186935425
484.50000000000006,0.3234294652938843
484.6,0.32353121042251587
484.70000000000005,0.30899712443351746
484.8,0.3206087052822113
484.90000000000003,0.32030895352363586
485.00000000000006,0.32040536403656006
485.1,0.3211264908313751
485.20000000000005,0.3242920935153961
485.3,0.32351940870285034
485.40000000000003,0.31800898909568787
485.50000000000006,0.3222982883453369
485.6,0.31486859917640686
485.70000000000005,0.3220392167568207
485.8,0.3225073516368866
485.90000000000003,0.3195371925830841
486.00000000000006,0.328724205493927
486.1,0.3209843933582306
486.20000000000005,0.32291582226753235
486.3,0.3134802281856537
486.40000000000003,0.32594770193099976
486.50000000000006,0.32681235671043396
486.6,0.3223459720611572
486.70000000000005,0.3279147744178772
486.8,0.3183656930923462
486.90000000000003,0.31291463971138
487.00000000000006,0.3047589659690857
487.1,0.32728081941604614
487.20000000000005,0.31959277391433716
487.3,0.3246016502380371
487.40000000000003,0.31938835978507996
487.50000000000006,0.3128817081451416
487.6,0.3173312246799469
487.70000000000005,0.32239094376564026
487.8,0.32835060358047485
487.90000000000003,0.31410476565361023
488.00000000000006,0.31391677260398865
488.1,0.3167516589164734
488.20000000000005,0.3234013617038727
488.3,0.32260099053382874
488.40000000000003,0.3249349892139435
488.50000000000006,0.3180268704891205
488.6,0.3148174285888672
488.70000000000005,0.3240883946418762
488.8,0.3052074611186981
488.90000000000003,0.3086920380592346
489.00000000000006,0.30769190192222595
489.1,0.3191785514354706
489.20000000000005,0.31475892663002014
489.3,0.33300554752349854
489.40000000000003,0.32325711846351624
489.50000000000006,0.31436851620674133
489.6,0.3149772882461548
489.70000000000005,0.31339022517204285
489.8,0.3152867257595062
489.90000000000003,0.3105262219905853
490.00000000000006,0.3110811710357666
490.1,0.32354816794395447
490.20000000000005,0.3214898109436035
490.3,0.32238930463790894
490.40000000000003,0.31039339303970337
490.50000000000006,0.3176041543483734
490.6,0.3204171359539032
490.70000000000005,0.3164268434047699
490.8,0.3170287609100342
490.90000000000003,0.31418168544769287
491.00000000000006,0.3241909444332123
491.1,0.3244526982307434
491.20000000000005,0.31942158937454224
491.3,0.31924524903297424
491.40000000000003,0.3162270486354828
491.50000000000006,0.3268337845802307
491.6,0.32974615693092346
491.70000000000005,0.3216342329978943
491.8,0.3248755633831024
491.90000000000003,0.31673887372016907
492.00000000000006,0.31422001123428345
492.1,0.3230687081813812
492.20000000000005,0.31238970160484314
492.3,0.3170877695083618
492.40000000000003,0.3204350471496582
492.50000000000006,0.31543105840682983
492.6,0.32336968183517456
492.70000000000005,0.32670682668685913
492.8,0.31160426139831543
492.90000000000003,0.31453779339790344
493.00000000000006,0.32136571407318115
493.1,0.3241480588912964
493.20000000000005,0.3140498399734497
493.3,0.32308429479599
493.40000000000003,0.3175607919692993
493.50000000000006,0.31408002972602844
493.6,0.31344276666641235
493.70000000000005,0.311844140291214
493.8,0.31887927651405334
493.90000000000003,0.30458712577819824
494.00000000000006,0.31978991627693176
494.1,0.32021400332450867
494.20000000000005,0.3073897957801819
494.3,0.3184918463230133
494.40000000000003,0.3250274658203125
494.50000000000006,0.3081817626953125
494.6,0.3213113844394684
494.70000000000005,0.31942087411880493
494.8,0.32362619042396545
494.90000000000003,0.31458744406700134
495.00000000000006,0.31919610500335693
495.1,0.32559338212013245
495.20000000000005,0.3129003047943115
495.3,0.31768158078193665
495.40000000000003,0.32382431626319885
495.50000000000006,0.31254857778549194
495.6,0.32125771045684814
495.70000000000005,0.3243546485900879
495.8,0.3214039206504822
495.90000000000003,0.32123827934265137
496.00000000000006,0.32016676664352417
496.1,0.32375380396842957
496.20000000000005,0.3255767226219177
496.3,0.3257622718811035
496.40000000000003,0.32416731119155884
496.50000000000006,0.3102230727672577
496.6,0.31322431564331055
496.70000000000005,0.30857938528060913
496.8,0.32354116439819336
496.90000000000003,0.32443228363990784
497.00000000000006,0.31834155321121216
497.1,0.3235638737678528
497.20000000000005,0.31744661927223206
497.3,0.3263036906719208
497.40000000000003,0.32742083072662354
497.50000000000006,0.3261500895023346
497.6,0.31592386960983276
497.70000000000005,0.3244321346282959
497.8,0.31774020195007324
497.90000000000003,0.32808971405029297
498.00000000000006,0.3116200864315033
498.1,0.32332995533943176
498.20000000000005,0.32152336835861206
498.3,0.33078113198280334
498.40000000000003,0.32041898369789124
498.50000000000006,0.3282167315483093
498.6,0.32817861437797546
498.70000000000005,0.31798648834228516
498.8,0.31763511896133423
498.90000000000003,0.3147539496421814
499.00000000000006,0.3221179246902466
499.1,0.314769446849823
499.20000000000005,0.3181290626525879
499.3,0.31990721821784973
499.40000000000003,0.31599676609039307
499.50000000000006,0.31787919998168945
499.6,0.3181990087032318
499.70000000000005,0.3138699531555176
499.8,0.3229353725910187
499.90000000000003,0.3209144175052643
500.00000000000006,0.31888511776924133
500.1,0.3180789649486542
500.20000000000005,0.331687867641449
500.3,0.30952805280685425
500.40000000000003,0.3126830756664276
500.50000000000006,0.3195820152759552
500.6,0.3215212821960449
500.70000000000005,0.31206876039505005
500.8,0.3231484293937683
500.90000000000003,0.31903624534606934
501.00000000000006,0.3140907287597656
501.1,0.3202025294303894
501.20000000000005,0.32905441522598267
501.3,0.3204040825366974
501.40000000000003,0.32141759991645813
501.50000000000006,0.31876814365386963
501.6,0.32204318046569824
501.70000000000005,0.3180474638938904
501.8,0.3225736618041992
501.90000000000003,0.3171553313732147
502.00000000000006,0.3258175551891327
502.1,0.3231419026851654
502.20000000000005,0.3270164430141449
502.3,0.3211456537246704
502.40000000000003,0.3205171823501587
502.50000000000006,0.31458258628845215
502.6,0.31730037927627563
502.70000000000005,0.31267687678337097
502.8,0.31998148560523987
502.90000000000003,0.3217172920703888
503.00000000000006,0.3237000107765198
503.1,0.3156472146511078
503.20000000000005,0.32097604870796204
503.3,0.32860618829727173
503.40000000000003,0.316947340965271
503.50000000000006,0.31220299005508423
503.6,0.3142913281917572
503.70000000000005,0.3175162672996521
503.8,0.314694344997406
503.90000000000003,0.3202296495437622
504.00000000000006,0.32170572876930237
504.1,0.3161426782608032
504.20000000000005,0.32152867317199707
504.3,0.3262942135334015
504.40000000000003,0.3271463215351105
504.50000000000006,0.3263118863105774
504.6,0.3168373703956604
504.70000000000005,0.3203434348106384
504.8,0.33005306124687195
504.90000000000003,0.3247670531272888
505.00000000000006,0.3142911195755005
505.1,0.3241918385028839
505.20000000000005,0.3149912655353546
505.3,0.3286312520503998
505.40000000000003,0.31820085644721985
505.50000000000006,0.32132983207702637
505.6,0.32058092951774597
505.70000000000005,0.323013573884964
505.8,0.30987444519996643
505.90000000000003,0.3205270767211914
506.00000000000006,0.3229890763759613
506.1,0.32138195633888245
506.20000000000005,0.31096991896629333
506.3,0.3181094229221344
506.40000000000003,0.3219813406467438
506.50000000000006,0.322223961353302
506.6,0.30857762694358826
506.70000000000005,0.3212662935256958
506.8,0.3202401399612427
506.90000000000003,0.3174377977848053
507.00000000000006,0.3199246823787689
507.1,0.31259337067604065
507.20000000000005,0.32067304849624634
507.3,0.31883400678634644
507.40000000000003,0.32054468989372253
507.50000000000006,0.32223835587501526
507.6,0.3164910078048706
507.70000000000005,0.319855660200119
507.8,0.3133447766304016
507.90000000000003,0.3214760720729828
508.00000000000006,0.3130200505256653
508.1,0.3236723840236664
508.20000000000005,0.31267645955085754
508.3,0.3143397271633148
508.40000000000003,0.32567596435546875
508.50000000000006,0.31616902351379395
508.6,0.3231479525566101
508.70000000000005,0.3158818781375885
508.8,0.3190154731273651
508.90000000000003,0.322742223739624
509.00000000000006,0.3157835006713867
509.1,0.3259199559688568
509.20000000000005,0.3243703544139862
509.3,0.31670480966567993
509.40000000000003,0.3201943635940552
509.50000000000006,0.3172338306903839
509.6,0.32714375853538513
509.70000000000005,0.3188382089138031
509.8,0.31281477212905884
509.90000000000003,0.3173995912075043
510.00000000000006,0.3193701207637787
510.1,0.31267762184143066
510.20000000000005,0.3261367976665497
510.3,0.3200218677520752
510.40000000000003,0.32364359498023987
510.50000000000006,0.3211157023906708
510.6,0.3145250976085663
510.70000000000005,0.3177735507488251
510.8,0.3152529299259186
510.90000000000003,0.321594774723053
511.00000000000006,0.3241341710090637
511.1,0.31516316533088684
511.20000000000005,0.31750133633613586
511.3,0.3235241174697876
511.40000000000003,0.3218691945075989
511.50000000000006,0.3141295611858368
511.6,0.3118559718132019
511.70000000000005,0.32272249460220337
511.8,0.3184269070625305
511.90000000000003,0.3190111517906189
512.0,0.3179800808429718
512.1,0.3193972110748291
512.2,0.31922176480293274
512.3000000000001,0.32370761036872864
512.4,0.31902655959129333
512.5,0.31811845302581787
512.6,0.3210873305797577
512.7,0.3152270019054413
512.8000000000001,0.3195047080516815
512.9,0.32157060503959656
513.0,0.3171693682670593
513.1,0.31566134095191956
513.2,0.3155434727668762
513.3000000000001,0.3175983130931854
513.4,0.3097085952758789
513.5,0.30869168043136597
513.6,0.307001531124115
513.7,0.319738507270813
513.8000000000001,0.31865063309669495
513.9,0.3158290982246399
514.0,0.3176586329936981
514.1,0.3196737766265869
514.2,0.3178907334804535
514.3000000000001,0.32128217816352844
514.4,0.3161456286907196
514.5,0.3221575915813446
514.6,0.32404711842536926
514.7,0.30793386697769165
514.8000000000001,0.32616084814071655
514.9,0.3201819062232971
515.0,0.3207009434700012
515.1,0.3066292405128479
515.2,0.32706519961357117
515.3000000000001,0.31825822591781616
515.4,0.3141065537929535
515.5,0.3115795850753784
515.6,0.3208206593990326
515.7,0.30815789103507996
515.8000000000001,0.3217451274394989
515.9,0.31542783975601196
516.0,0.3192039430141449
516.1,0.3234865963459015
516.2,0.32066112756729126
516.3000000000001,0.3295630216598511
516.4,0.34413519501686096
516.5,0.37254512310028076
516.6,0.3941024839878082
516.7,0.42583218216896057
516.8000000000001,0.42583754658699036
516.9,0.429624080657959
517.0,0.4290742874145508
517.1,0.4379723370075226
517.2,0.44258666038513184
517.3000000000001,0.4516160488128662
517.4,0.4556029438972473
517.5,0.4688498377799988
517.6,0.46129143238067627
517.7,0.4868530035018921
517.8000000000001,0.48570916056632996
517.9,0.48108184337615967
518.0,0.478829562664032
518.1,0.4771265685558319
518.2,0.4492262899875641
518.3000000000001,0.440814733505249
518.4,0.4285691976547241
518.5,0.4354790151119232
518.6,0.42562153935432434
518.7,0.4122048020362854
518.8000000000001,0.39736229181289673
518.9,0.3843682110309601
519.0,0.37693437933921814
519.1,0.3803125023841858
519.2,0.3995339572429657
519.3000000000001,0.3992730975151062
519.4,0.3941556513309479
519.5,0.389470636844635
519.6,0.3835061192512512
519.7,0.3876073360443115
519.8000000000001,0.40160396695137024
519.9,0.402376264333725
520.0,0.40576982498168945
520.1,0.42104583978652954
520.2,0.4054512083530426
520.3000000000001,0.41500112414360046
520.4,0.41097310185432434
520.5,0.42787569761276245
520.6,0.41551968455314636
520.7,0.43293100595474243
520.8000000000001,0.41602012515068054
520.9,0.4309482276439667
521.0,0.43662622570991516
521.1,0.4335624575614929
521.2,0.4295502305030823
521.3000000000001,0.4442635774612427
521.4,0.45215892791748047
521.5,0.46800869703292847
521.6,0.49970006942749023
521.7,0.5145028233528137
521.8000000000001,0.5453068017959595
521.9,0.57576584815979
522.0,0.6001467704772949
522.1,0.6420004963874817
522.2,0.6756442785263062
522.3000000000001,0.7187442183494568
522.4,0.7595908045768738
522.5,0.7974913120269775
522.6,0.8396974802017212
522.7,0.869255781173706
522.8000000000001,0.907020092010498
522.9,0.9381157159805298
523.0,0.972577691078186
523.1,1.0067894458770752
523.2,1.038439154624939
523.3000000000001,1.0388438701629639
523.4,1.0813761949539185
523.5,1.1030255556106567
523.6,1.117841124534607
523.7,1.1433899402618408
523.8000000000001,1.1575889587402344
523.9,1.16536545753479
524.0,1.186081886291504
524.1,1.1967254877090454
524.2,1.2032520771026611
524.3000000000001,1.2110579013824463
524.4,1.2178794145584106
524.5,1.2245445251464844
524.6,1.2235451936721802
524.7,1.2562228441238403
524.8000000000001,1.2873389720916748
524.9,1.3426257371902466
525.0,1.3789916038513184
525.1,1.3328982591629028
525.2,1.2976685762405396
525.3000000000001,1.2744625806808472
525.4,1.2543507814407349
525.5,1.213197112083435
525.6,1.2003211975097656
525.7,1.1791659593582153
525.8000000000001,1.1605757474899292
525.9,1.1480889320373535
526.0,1.1327377557754517
526.1,1.1409881114959717
526.2,1.125880241394043
526.3000000000001,1.130189299583435
526.4,1.1065349578857422
526.5,1.1044098138809204
526.6,1.0941532850265503
526.7,1.0976219177246094
526.8000000000001,1.0714192390441895
526.9,1.0504567623138428
527.0,1.0165876150131226
527.1,0.9727283716201782
527.2,0.9309185743331909
527.3000000000001,0.9163058400154114
527.4,0.8899838328361511
527.5,0.8771746754646301
527.6,0.8516661524772644
527.7,0.8119547963142395
527.8000000000001,0.8125852346420288
527.9,0.794532835483551
528.0,0.784112811088562
528.1,0.7899358868598938
528.2,0.7678815722465515
528.3000000000001,0.7577875852584839
528.4,0.7619777321815491
528.5,0.7280815839767456
528.6,0.74742192029953
528.7,0.7313750982284546
528.8000000000001,0.7334686517715454
528.9,0.7256942987442017
529.0,0.7153708338737488
529.1,0.6837666034698486
529.2,0.6631953120231628
529.3000000000001,0.6398646235466003
529.4,0.632563591003418
529.5,0.6201803684234619
529.6,0.6207379102706909
529.7,0.6020293235778809
529.8000000000001,0.60243821144104
529.9,0.609581708908081
530.0,0.6015751361846924
530.1,0.5846185684204102
530.2,0.5912412405014038
530.3000000000001,0.5901989340782166
530.4,0.5846419930458069
530.5,0.5854008793830872
530.6,0.5923516750335693
530.7,0.5892112851142883
530.8000000000001,0.588779866695404
530.9,0.5860137939453125
531.0,0.590108335018158
531.1,0.595684289932251
531.2,0.5844550728797913
531.3000000000001,0.5958932042121887
531.4,0.5941877961158752
531.5,0.587189793586731
531.6,0.5973016619682312
531.7,0.6102010607719421
531.8000000000001,0.6235158443450928
531.9,0.6169308423995972
532.0,0.6297993063926697
532.1,0.65241938829422
532.2,0.6435868144035339
532.3000000000001,0.659691333770752
532.4,0.6635478734970093
532.5,0.6594960689544678
532.6,0.6759214401245117
532.7,0.6838096976280212
532.8000000000001,0.684669017791748
532.9,0.6912193894386292
533.0,0.6994512677192688
533.1,0.6959880590438843
533.2,0.7154517769813538
533.3000000000001,0.7358100414276123
533.4,0.7754059433937073
533.5,0.7868418097496033
533.6,0.8149629831314087
533.7,0.8538054823875427
533.8000000000001,0.8713250160217285
533.9,0.8960949182510376
534.0,0.9129337072372437
534.1,0.9144851565361023
534.2,0.9471902847290039
534.3000000000001,0.962775707244873
534.4,0.9840121865272522
534.5,0.9838272929191589
534.6,0.99345463514328
534.7,0.9915159940719604
534.8000000000001,1.0196049213409424
534.9,0.9974645376205444
535.0,1.0291128158569336
535.1,1.037942886352539
535.2,1.0354348421096802
535.3000000000001,1.048639178276062
535.4,1.062371015548706
535.5,1.0322175025939941
535.6,1.0518109798431396
535.7,1.0304242372512817
535.8000000000001,1.027606725692749
535.9,1.0139425992965698
536.0,1.0181348323822021
536.1,1.0195226669311523
536.2,1.025916337966919
536.3000000000001,1.0219883918762207
536.4,1.0356005430221558
536.5,1.036793828010559
536.6,1.0348516702651978
536.7,1.015310287475586
536.8000000000001,1.0150084495544434
536.9,1.0167787075042725
537.0,1.0225681066513062
537.1,1.026549220085144
537.2,1.0155014991760254
537.3000000000001,1.016413688659668
537.4,1.0331690311431885
537.5,1.0645779371261597
537.6,1.1063381433486938
537.7,1.1195484399795532
537.8000000000001,1.1608129739761353
537.9,1.153347134590149
538.0,1.183065414428711
538.1,1.2026809453964233
538.2,1.2225993871688843
538.3000000000001,1.2192896604537964
538.4,1.2178312540054321
538.5,1.243382215499878
538.6,1.2414418458938599
538.7,1.2538352012634277
538.8000000000001,1.271543264389038
538.9,1.2967036962509155
539.0,1.3009066581726074
539.1,1.3084262609481812
539.2,1.3165113925933838
539.3000000000001,1.3301929235458374
539.4,1.3249927759170532
539.5,1.32109534740448
539.6,1.3455495834350586
539.7,1.3407313823699951
539.8000000000001,1.3475539684295654
539.9,1.354878544807434
540.0,1.3373030424118042
540.1,1.3265280723571777
540.2,1.3077778816223145
540.3000000000001,1.321725606918335
540.4,1.2944520711898804
540.5,1.2762247323989868
540.6,1.2805145978927612
540.7,1.2526326179504395
540.8000000000001,1.2300983667373657
540.9,1.2389484643936157
541.0,1.2281051874160767
541.1,1.2163785696029663
541.2,1.2213513851165771
541.3000000000001,1.2087547779083252
541.4,1.2134945392608643
541.5,1.1990764141082764
541.6,1.190887689590454
541.7,1.2023965120315552
541.8000000000001,1.2009869813919067
541.9,1.1907788515090942
542.0,1.1978976726531982
542.1,1.201734185218811
542.2,1.173890471458435
542.3000000000001,1.1762830018997192
542.4,1.1785765886306763
542.5,1.1571179628372192
542.6,1.1629664897918701
542.7,1.1524773836135864
542.8000000000001,1.1280802488327026
542.9,1.1451624631881714
543.0,1.14181387424469
543.1,1.135058879852295
543.2,1.1360387802124023
543.3000000000001,1.125671148300171
543.4,1.1394871473312378
543.5,1.1323069334030151
543.6,1.1108441352844238
543.7,1.1232523918151855
543.8000000000001,1.0968762636184692
543.9,1.092510461807251
544.0,1.1038798093795776
544.1,1.073360800743103
544.2,1.0675441026687622
544.3000000000001,1.0668162107467651
544.4,1.0583698749542236
544.5,1.0589425563812256
544.6,1.0189589262008667
544.7,1.037665843963623
544.8000000000001,1.0175566673278809
544.9,1.0101488828659058
545.0,1.0284874439239502
545.1,1.0130902528762817
545.2,1.0143917798995972
545.3000000000001,1.0077509880065918
545.4,0.9995837807655334
545.5,1.0084965229034424
545.6,1.0074139833450317
545.7,0.9914555549621582
545.8000000000001,0.997485876083374
545.9,1.0047450065612793
546.0,1.0007930994033813
546.1,0.9916325807571411
546.2,0.9883934855461121
546.3000000000001,0.9890944957733154
546.4,0.9800719022750854
546.5,0.9887592196464539
546.6,0.9843847155570984
546.7,0.9887030124664307
546.8000000000001,0.991507887840271
546.9,0.9861423373222351
547.0,0.998866856098175
547.1,0.9843717217445374
547.2,0.9862264394760132
547.3000000000001,0.9794586300849915
547.4,0.9963237643241882
547.5,0.9960035085678101
547.6,0.9921781420707703
547.7,0.9966630339622498
547.8000000000001,0.9941695928573608
547.9000000000001,1.0024687051773071
548.0,0.9966649413108826
548.1,1.0206758975982666
548.2,1.0158624649047852
548.3000000000001,1.0429303646087646
548.4000000000001,1.0442616939544678
548.5,1.0645544528961182
548.6,1.067164659500122
548.7,1.0872756242752075
548.8000000000001,1.102042317390442
548.9000000000001,1.098376750946045
549.0,1.1064249277114868
549.1,1.1265568733215332
549.2,1.1330443620681763
549.3000000000001,1.1438530683517456
549.4000000000001,1.1525524854660034
549.5,1.1611191034317017
549.6,1.1596115827560425
549.7,1.1568384170532227
549.8000000000001,1.1611328125
549.9000000000001,1.1752294301986694
550.0,1.179377555847168
550.1,1.187937617301941
550.2,1.192539930343628
550.3000000000001,1.2154104709625244
550.4000000000001,1.2552546262741089
550.5,1.2704070806503296
550.6,1.2987669706344604
550.7,1.3079664707183838
550.8000000000001,1.3230100870132446
550.9000000000001,1.3714869022369385
551.0,1.3791306018829346
551.1,1.4088070392608643
551.2,1.4142283201217651
551.3000000000001,1.424178123474121
551.4000000000001,1.456748127937317
551.5,1.4510153532028198
551.6,1.4657975435256958
551.7,1.5023994445800781
551.8000000000001,1.4870481491088867
551.9000000000001,1.5120291709899902
552.0,1.5134986639022827
552.1,1.512191891670227
552.2,1.480981707572937
552.3000000000001,1.54486083984375
552.4000000000001,1.5126590728759766
552.5,1.4805859327316284
552.6,1.4215352535247803
552.7,1.3859481811523438
552.8000000000001,1.3646814823150635
552.9000000000001,1.3062591552734375
553.0,1.2909108400344849
553.1,1.243774175643921
553.2,1.2428689002990723
553.3000000000001,1.2051231861114502
553.4000000000001,1.1761759519577026
553.5,1.1658756732940674
553.6,1.1528868675231934
553.7,1.1348425149917603
553.8000000000001,1.1154961585998535
553.9000000000001,1.1033153533935547
554.0,1.1103265285491943
554.1,1.1143646240234375
554.2,1.104666829109192
554.3000000000001,1.089525818824768
554.4000000000001,1.070737600326538
554.5,1.046735405921936
554.6,1.0028150081634521
554.7,0.9696499109268188
554.8000000000001,0.9247339963912964
554.9000000000001,0.8976271152496338
555.0,0.8613037467002869
555.1,0.8360112905502319
555.2,0.8031522035598755
555.3000000000001,0.7700605392456055
555.4000000000001,0.7740074396133423
555.5,0.7386706471443176
555.6,0.7351149320602417
555.7,0.7138744592666626
555.8000000000001,0.7030510306358337
555.9000000000001,0.6927087903022766
556.0,0.6742054224014282
556.1,0.681894838809967
556.2,0.68055659532547
556.3000000000001,0.6548405289649963
556.4000000000001,0.6523683667182922
556.5,0.66251140832901
556.6,0.6667121648788452
556.7,0.6602051258087158
556.8000000000001,0.6625402569770813
556.9000000000001,0.6543797850608826
557.0,0.6475706696510315
557.1,0.6686946153640747
557.2,0.66275554895401
557.3000000000001,0.6712836027145386
557.4000000000001,0.6874925494194031
557.5,0.6868537068367004
557.6,0.6770743131637573
557.7,0.688578724861145
557.8000000000001,0.6818234920501709
557.9000000000001,0.6711467504501343
558.0,0.6651113629341125
558.1,0.6667609810829163
558.2,0.6828809976577759
558.3000000000001,0.6801856160163879
558.4000000000001,0.6809905767440796
558.5,0.6609398126602173
558.6,0.6738737225532532
558.7,0.6782171726226807
558.8000000000001,0.687342643737793
558.9000000000001,0.6832731366157532
559.0,0.6818942427635193
559.1,0.677091121673584
559.2,0.6928331255912781
559.3000000000001,0.6946753263473511
559.4000000000001,0.7011345624923706
559.5,0.6877133250236511
559.6,0.6863377690315247
559.7,0.6957417726516724
559.8000000000001,0.7064928412437439
559.9000000000001,0.7321376800537109
560.0,0.7257469296455383
560.1,0.7449101805686951
560.2,0.7436511516571045
560.3000000000001,0.7727101445198059
560.4000000000001,0.7587215900421143
560.5,0.7660305500030518
560.6,0.7735557556152344
560.7,0.7896521687507629
560.8000000000001,0.8003973364830017
560.9000000000001,0.802581250667572
561.0,0.7965217232704163
561.1,0.810910165309906
561.2,0.8221983313560486
561.3000000000001,0.8426468968391418
561.4000000000001,0.8670271635055542
561.5,0.8750946521759033
561.6,0.8797941207885742
561.7,0.8898261189460754
561.8000000000001,0.8954520225524902
561.9000000000001,0.9053851962089539
562.0,0.9075355529785156
562.1,0.9032289981842041
562.2,0.8993855714797974
562.3000000000001,0.897890567779541
562.4000000000001,0.8902308344841003
562.5,0.9022976160049438
562.6,0.9067562222480774
562.7,0.9110603332519531
562.8000000000001,0.9100231528282166
562.9000000000001,0.9101456999778748
563.0,0.9056206345558167
563.1,0.9142743349075317
563.2,0.901527464389801
563.3000000000001,0.9078574180603027
563.4000000000001,0.9131380319595337
563.5,0.9018441438674927
563.6,0.9153082966804504
563.7,0.8939680457115173
563.8000000000001,0.9267264604568481
563.9000000000001,0.9179493188858032
564.0,0.9196453094482422
564.1,0.9189996123313904
564.2,0.9100370407104492
564.3000000000001,0.9194657802581787
564.4000000000001,0.9244221448898315
564.5,0.9228399395942688
564.6,0.9091869592666626
564.7,0.9187142848968506
564.8000000000001,0.913814127445221
564.9000000000001,0.9143353700637817
565.0,0.9127797484397888
565.1,0.9170570373535156
565.2,0.9086617231369019
565.3000000000001,0.9141042828559875
565.4000000000001,0.9184058308601379
565.5,0.9301060438156128
565.6,0.9161614775657654
565.7,0.9226546883583069
565.8000000000001,0.9152724146842957
565.9000000000001,0.9172594547271729
566.0,0.9195350408554077
566.1,0.9188434481620789
566.2,0.9107503294944763
566.3000000000001,0.9208352565765381
566.4000000000001,0.9131007790565491
566.5,0.9149532914161682
566.6,0.9116342067718506
566.7,0.9199193716049194
566.8000000000001,0.9182559847831726
566.9000000000001,0.9151081442832947
567.0,0.9142490029335022
567.1,0.9069466590881348
567.2,0.9065673351287842
567.3000000000001,0.9091091752052307
567.4000000000001,0.9103975296020508
567.5,0.9119517207145691
567.6,0.9108051061630249
567.7,0.8923904299736023
567.8000000000001,0.9009197354316711
567.9000000000001,0.9072344303131104
568.0,0.90944904088974
568.1,0.9005118608474731
568.2,0.9150808453559875
568.3000000000001,0.8989112973213196
568.4000000000001,0.9106498956680298
568.5,0.8942550420761108
568.6,0.8811771869659424
568.7,0.9060850143432617
568.8000000000001,0.8877374529838562
568.9000000000001,0.8991402983665466
569.0,0.9027106761932373
569.1,0.9057486653327942
569.2,0.9012594819068909
569.3000000000001,0.8912145495414734
569.4000000000001,0.9002277255058289
569.5,0.8970884084701538
569.6,0.8979429006576538
569.7,0.89055335521698
569.8000000000001,0.8783607482910156
569.9000000000001,0.8963580131530762
570.0,0.8846462368965149
570.1,0.8833215236663818
570.2,0.8753504753112793
570.3000000000001,0.8856062293052673
570.4000000000001,0.8892846703529358
570.5,0.8847920894622803
570.6,0.882675290107727
570.7,0.8877463340759277
570.8000000000001,0.8805057406425476
570.9000000000001,0.8783580660820007
571.0,0.8819092512130737
571.1,0.8765993714332581
571.2,0.8783278465270996
571.3000000000001,0.8683894276618958
571.4000000000001,0.8773266673088074
571.5,0.868507444858551
571.6,0.8570255637168884
571.7,0.8561856150627136
571.8000000000001,0.8594850897789001
571.9000000000001,0.8610092997550964
572.0,0.8655537366867065
572.1,0.8605762124061584
572.2,0.8602833151817322
572.3000000000001,0.8634586930274963
572.4000000000001,0.8630251884460449
572.5,0.8549590110778809
572.6,0.8447072505950928
572.7,0.8546819686889648
572.8000000000001,0.8517984747886658
572.9000000000001,0.8493236303329468
573.0,0.8444370031356812
573.1,0.8369221687316895
573.2,0.8483057022094727
573.3000000000001,0.8439878821372986
573.4000000000001,0.8391181230545044
573.5,0.8477190136909485
573.6,0.8394425511360168
573.7,0.8498166799545288
573.8000000000001,0.837233304977417
573.9000000000001,0.8241725564002991
574.0,0.827489972114563
574.1,0.8359465003013611
574.2,0.8274819254875183
574.3000000000001,0.8251672983169556
574.4000000000001,0.8236215710639954
574.5,0.8126155734062195
574.6,0.8256130814552307
574.7,0.8183832764625549
574.8000000000001,0.7837830781936646
574.9000000000001,0.7969000339508057
575.0,0.7874237298965454
575.1,0.7812751531600952
575.2,0.7697638273239136
575.3000000000001,0.7528491020202637
575.4000000000001,0.7500638961791992
575.5,0.7545943856239319
575.6,0.7395684123039246
575.7,0.7384584546089172
575.8000000000001,0.7393801808357239
575.9000000000001,0.7290435433387756
576.0,0.7331554889678955
576.1,0.7241023778915405
576.2,0.7259039878845215
576.3000000000001,0.720911979675293
576.4000000000001,0.7242551445960999
576.5,0.7086890339851379
576.6,0.7134281396865845
576.7,0.6775438189506531
576.8000000000001,0.6737340688705444
576.9000000000001,0.665756344795227
577.0,0.6607155799865723
577.1,0.6473036408424377
577.2,0.6336016058921814
577.3000000000001,0.6334956288337708
577.4000000000001,0.6218699216842651
577.5,0.6105151772499084
577.6,0.6250068545341492
577.7,0.5941078066825867
577.8000000000001,0.6050810813903809
577.9000000000001,0.5859186053276062
578.0,0.5622507333755493
578.1,0.5515149235725403
578.2,0.5429549217224121
578.3000000000001,0.5368345379829407
578.4000000000001,0.5415490865707397
578.5,0.5537799596786499
578.6,0.5649169683456421
578.7,0.5832144618034363
578.8000000000001,0.5779080986976624
578.9000000000001,0.5827944874763489
579.0,0.6039196252822876
579.1,0.6125977039337158
579.2,0.6134275197982788
579.3000000000001,0.6180396676063538
579.4000000000001,0.6345203518867493
579.5,0.6454602479934692
579.6,0.6537389755249023
579.7,0.643504798412323
579.8000000000001,0.6319297552108765
579.9000000000001,0.6554317474365234
580.0,0.6463590264320374
580.1,0.6420294642448425
580.2,0.6427897214889526
580.3000000000001,0.6529244184494019
580.4000000000001,0.6453745365142822
580.5,0.643649697303772
580.6,0.6527936458587646
580.7,0.6522229313850403
580.8000000000001,0.6414111852645874
580.9000000000001,0.6598759293556213
581.0,0.6618952751159668
581.1,0.6599937081336975
581.2,0.6487141847610474
581.3000000000001,0.6092750430107117
581.4000000000001,0.5977895855903625
581.5,0.5570681691169739
581.6,0.529339075088501
581.7,0.5105060338973999
581.8000000000001,0.4860268235206604
581.9000000000001,0.47160354256629944
582.0,0.4610511362552643
582.1,0.4645467698574066
582.2,0.4570261240005493
582.3000000000001,0.4639444649219513
582.4000000000001,0.4591253101825714
582.5,0.4510294497013092
582.6,0.46381956338882446
582.7,0.4677390158176422
582.8000000000001,0.4707709848880768
582.9000000000001,0.45797404646873474
583.0,0.4809110164642334
583.1,0.4906935393810272
583.2,0.4953610301017761
583.3000000000001,0.5028301477432251
583.4000000000001,0.5064119696617126
583.5,0.507133424282074
583.6,0.5229344964027405
583.7,0.5548699498176575
583.8000000000001,0.5554702877998352
583.9000000000001,0.5700863599777222
584.0,0.5883291363716125
584.1,0.6105097532272339
584.2,0.6301552653312683
584.3000000000001,0.6299469470977783
584.4000000000001,0.6340762376785278
584.5,0.6571746468544006
584.6,0.6591359972953796
584.7,0.6546445488929749
584.8000000000001,0.6453667879104614
584.9000000000001,0.6519103050231934
585.0,0.6442936658859253
585.1,0.6448221206665039
585.2,0.6308503150939941
585.3000000000001,0.6321685314178467
585.4000000000001,0.6178569197654724
585.5,0.6144368648529053
585.6,0.6026137471199036
585.7,0.5876375436782837
585.8000000000001,0.5835870504379272
585.9000000000001,0.5705545544624329
586.0,0.5647100210189819
586.1,0.5535106658935547
586.2,0.5450648069381714
586.3000000000001,0.5468190312385559
586.4000000000001,0.5485982894897461
586.5,0.5533088445663452
586.6,0.5457831025123596
586.7,0.5460701584815979
586.8000000000001,0.5604968070983887
586.9000000000001,0.5624130368232727
587.0,0.5778619050979614
587.1,0.5690707564353943
587.2,0.5774612426757812
587.3000000000001,0.5722634792327881
587.4000000000001,0.5830132961273193
587.5,0.59278804063797
587.6,0.5829008221626282
587.7,0.5887744426727295
587.8000000000001,0.5777789354324341
587.9000000000001,0.5841452479362488
588.0,0.5574034452438354
588.1,0.5462092757225037
588.2,0.5143425464630127
588.3000000000001,0.49698346853256226
588.4000000000001,0.48578718304634094
588.5,0.48005369305610657
588.6,0.4701089560985565
588.7,0.4562099575996399
588.8000000000001,0.46080654859542847
588.9000000000001,0.45244666934013367
589.0,0.4442667067050934
589.1,0.45339927077293396
589.2,0.4590162932872772
589.3000000000001,0.4610675871372223
589.4000000000001,0.45914772152900696
589.5,0.46956026554107666
589.6,0.46750447154045105
589.7,0.4732162058353424
589.8000000000001,0.4756496250629425
589.9000000000001,0.48664671182632446
590.0,0.487241268157959
590.1,0.4811094105243683
590.2,0.49122345447540283
590.3000000000001,0.4936361312866211
590.4000000000001,0.4987052083015442
590.5,0.49264416098594666
590.6,0.5112245082855225
590.7,0.5100933313369751
590.8000000000001,0.5213364362716675
590.9000000000001,0.5577268004417419
591.0,0.5733235478401184
591.1,0.5997238159179688
591.2,0.6221812963485718
591.3000000000001,0.645859956741333
591.4000000000001,0.6635593771934509
591.5,0.6936116218566895
591.6,0.6971971988677979
591.7,0.7199934720993042
591.8000000000001,0.7397600412368774
591.9000000000001,0.7495027184486389
592.0,0.7645341157913208
592.1,0.7752615213394165
592.2,0.7831926345825195
592.3000000000001,0.8019523620605469
592.4000000000001,0.8061521649360657
592.5,0.8154690861701965
592.6,0.8243156671524048
592.7,0.8284592032432556
592.8000000000001,0.8351525068283081
592.9000000000001,0.8654016256332397
593.0,0.9023867845535278
593.1,0.9253698587417603
593.2,0.9230681657791138
593.3000000000001,0.9480383992195129
593.4000000000001,0.971001923084259
593.5,0.9847769141197205
593.6,1.0038450956344604
593.7,1.0204483270645142
593.8000000000001,1.033164620399475
593.9000000000001,1.054430365562439
594.0,1.0488382577896118
594.1,1.0648828744888306
594.2,1.0833970308303833
594.3000000000001,1.084801197052002
594.4000000000001,1.0940721035003662
594.5,1.0944371223449707
594.6,1.111003041267395
594.7,1.1179888248443604
594.8000000000001,1.1113423109054565
594.9000000000001,1.1170090436935425
595.0,1.1458661556243896
595.1,1.1815316677093506
595.2,1.2118256092071533
595.3000000000001,1.2446602582931519
595.4000000000001,1.2702186107635498
595.5,1.2933146953582764
595.6,1.3139511346817017
595.7,1.3322347402572632
595.8000000000001,1.3642958402633667
595.9000000000001,1.3689526319503784
596.0,1.3896307945251465
596.1,1.4088852405548096
596.2,1.4373881816864014
596.3000000000001,1.4432862997055054
596.4000000000001,1.4261884689331055
596.5,1.4584558010101318
596.6,1.4736021757125854
596.7,1.4731823205947876
596.8000000000001,1.4804837703704834
596.9000000000001,1.4908734560012817
597.0,1.4938443899154663
597.1,1.499571442604065
597.2,1.535033106803894
597.3000000000001,1.5620393753051758
597.4000000000001,1.6050517559051514
597.5,1.6506102085113525
597.6,1.6747153997421265
597.7,1.7091271877288818
597.8000000000001,1.7241278886795044
597.9000000000001,1.7479501962661743
598.0,1.7516683340072632
598.1,1.7621145248413086
598.2,1.758274793624878
598.3000000000001,1.7466281652450562
598.4000000000001,1.7149908542633057
598.5,1.7178629636764526
598.6,1.7154110670089722
598.7,1.7096284627914429
598.8000000000001,1.7083022594451904
598.9000000000001,1.6928369998931885
599.0,1.6936192512512207
599.1,1.6578694581985474
599.2,1.694400668144226
599.3000000000001,1.6731106042861938
599.4000000000001,1.6611313819885254
599.5,1.6280322074890137
599.6,1.6100244522094727
599.7,1.5933125019073486
599.8000000000001,1.5690151453018188
599.9000000000001,1.54775071144104
600.0,1.5273208618164062
600.1,1.509285807609558
600.2,1.5116839408874512
600.3000000000001,1.5101828575134277
600.4000000000001,1.512026309967041
600.5,1.4932234287261963
600.6,1.4948348999023438
600.7,1.4872732162475586
600.8000000000001,1.4674351215362549
600.9000000000001,1.4745521545410156
601.0,1.4730303287506104
601.1,1.4827550649642944
601.2,1.4799585342407227
601.3000000000001,1.4755668640136719
601.4000000000001,1.4697991609573364
601.5,1.4626474380493164
601.6,1.4562451839447021
601.7,1.4451812505722046
601.8000000000001,1.4242838621139526
601.9000000000001,1.427634358406067
602.0,1.4089345932006836
602.1,1.4222896099090576
602.2,1.4070261716842651
602.3000000000001,1.3983044624328613
602.4000000000001,1.4032670259475708
602.5,1.3894883394241333
602.6,1.3932796716690063
602.7,1.395281434059143
602.8000000000001,1.391554355621338
602.9000000000001,1.3957555294036865
603.0,1.3896458148956299
603.1,1.391327142715454
603.2,1.3915674686431885
603.3000000000001,1.3939231634140015
603.4000000000001,1.396826148033142
603.5,1.394570231437683
603.6,1.3881360292434692
603.7,1.3916796445846558
603.8000000000001,1.3840669393539429
603.9000000000001,1.4010035991668701
604.0,1.377939224243164
604.1,1.3937662839889526
604.2,1.4117413759231567
604.3000000000001,1.3959797620773315
604.4000000000001,1.3988873958587646
604.5,1.4136079549789429
604.6,1.4169317483901978
604.7,1.4121935367584229
604.8000000000001,1.407922625541687
604.9000000000001,1.4254440069198608
605.0,1.4144141674041748
605.1,1.4426037073135376
605.2,1.4391523599624634
605.3000000000001,1.431059718132019
605.4000000000001,1.4397395849227905
605.5,1.4407421350479126
605.6,1.445912480354309
605.7,1.438875436782837
605.8000000000001,1.4422155618667603
605.9000000000001,1.4469709396362305
606.0,1.466584324836731
606.1,1.459139108657837
606.2,1.4842568635940552
606.3000000000001,1.501865267753601
606.4000000000001,1.5131196975708008
606.5,1.5255719423294067
606.6,1.534019947052002
606.7,1.5508642196655273
606.8000000000001,1.549912452697754
606.9000000000001,1.5628461837768555
607.0,1.5772989988327026
607.1,1.5905262231826782
607.2,1.5988962650299072
607.3000000000001,1.6097605228424072
607.4000000000001,1.6210963726043701
607.5,1.625065565109253
607.6,1.6264691352844238
607.7,1.6323798894882202
607.8000000000001,1.612630009651184
607.9000000000001,1.638175368309021
608.0,1.6244248151779175
608.1,1.6577494144439697
608.2,1.6678553819656372
608.3000000000001,1.6720609664916992
608.4000000000001,1.667545199394226
608.5,1.6647627353668213
608.6,1.6738535165786743
608.7,1.6473275423049927
608.8000000000001,1.6445871591567993
608.9000000000001,1.655175805091858
609.0,1.661215901374817
609.1,1.661834955215454
609.2,1.6552950143814087
609.3000000000001,1.675022006034851
609.4000000000001,1.6617801189422607
609.5,1.6698246002197266
609.6,1.6574989557266235
609.7,1.6749979257583618
609.8000000000001,1.6782807111740112
609.9000000000001,1.682552456855774
610.0,1.6760791540145874
610.1,1.6592954397201538
610.2,1.6599328517913818
610.3000000000001,1.67787766456604
610.4000000000001,1.6794886589050293
610.5,1.703998327255249
610.6,1.7406561374664307
610.7,1.76701021194458
610.8000000000001,1.7849301099777222
610.9000000000001,1.8129148483276367
611.0,1.828652262687683
611.1,1.8529514074325562
611.2,1.8636133670806885
611.3000000000001,1.875636339187622
611.4000000000001,1.8803201913833618
611.5,1.892911672592163
611.6,1.9037270545959473
611.7,1.8902534246444702
611.8000000000001,1.899488091468811
611.9000000000001,1.9429724216461182
612.0,1.9487037658691406
612.1,1.962734580039978
612.2,1.9706475734710693
612.3000000000001,1.9745646715164185
612.4000000000001,1.9892644882202148
612.5,1.9915825128555298
612.6,2.014418363571167
612.7,1.9879915714263916
612.8000000000001,1.9844990968704224
612.9000000000001,1.9847145080566406
613.0,1.9604337215423584
613.1,1.9666738510131836
613.2,1.9507497549057007
613.3000000000001,1.9196566343307495
613.4000000000001,1.9362972974777222
613.5,1.9215216636657715
613.6,1.918289303779602
613.7,1.88536536693573
613.8000000000001,1.8798695802688599
613.9000000000001,1.8501451015472412
614.0,1.8788732290267944
614.1,1.8491957187652588
614.2,1.8491770029067993
614.3000000000001,1.852249026298523
614.4000000000001,1.8468126058578491
614.5,1.8280656337738037
614.6,1.848117709159851
614.7,1.8475722074508667
614.8000000000001,1.8198370933532715
614.9000000000001,1.8502041101455688
615.0,1.8314656019210815
615.1,1.8397364616394043
615.2,1.8169487714767456
615.3000000000001,1.8519338369369507
615.4000000000001,1.8451603651046753
615.5,1.82463538646698
615.6,1.840528130531311
615.7,1.8543020486831665
615.8000000000001,1.846976637840271
615.9000000000001,1.851272463798523
616.0,1.8540796041488647
616.1,1.830514907836914
616.2,1.8604739904403687
616.3000000000001,1.8365243673324585
616.4000000000001,1.8347725868225098
616.5,1.8403667211532593
616.6,1.8576041460037231
616.7,1.8325660228729248
616.8000000000001,1.8448182344436646
616.9000000000001,1.85735285282135
617.0,1.854988932609558
617.1,1.8486621379852295
617.2,1.8548020124435425
617.3000000000001,1.8506828546524048
617.4000000000001,1.8494890928268433
617.5,1.840649962425232
617.6,1.8488584756851196
617.7,1.8191250562667847
617.8000000000001,1.8392393589019775
617.9000000000001,1.8273965120315552
618.0,1.8159801959991455
618.1,1.818784236907959
618.2,1.8213049173355103
618.3000000000001,1.8151651620864868
618.4000000000001,1.8048341274261475
618.5,1.8133597373962402
618.6,1.7991997003555298
618.7,1.8067336082458496
618.8000000000001,1.7957139015197754
618.9000000000001,1.7967714071273804
619.0,1.8000690937042236
619.1,1.7864890098571777
619.2,1.7962710857391357
619.3000000000001,1.7901430130004883
619.4000000000001,1.7789783477783203
619.5,1.7879953384399414
619.6,1.7784706354141235
619.7,1.7850855588912964
619.8000000000001,1.791987657546997
619.9000000000001,1.8020509481430054
620.0,1.789437174797058
620.1,1.7888048887252808
620.2,1.7923076152801514
620.3000000000001,1.7940573692321777
620.4000000000001,1.7940573692321777
620.5,1.801431655883789
620.6,1.7912266254425049
620.7,1.7902042865753174
620.8000000000001,1.8037304878234863
620.9000000000001,1.7953962087631226
621.0,1.788006067276001
621.1,1.7915875911712646
621.2,1.8120299577713013
621.3000000000001,1.8189696073532104
621.4000000000001,1.8217419385910034
621.5,1.8462549448013306
621.6,1.8259787559509277
621.7,1.8400163650512695
621.8000000000001,1.8594805002212524
621.9000000000001,1.863669991493225
622.0,1.8776988983154297
622.1,1.8861052989959717
622.2,1.8825713396072388
622.3000000000001,1.8814750909805298
622.4000000000001,1.8820444345474243
622.5,1.899056077003479
622.6,1.9096567630767822
622.7,1.9079594612121582
622.8000000000001,1.9027007818222046
622.9000000000001,1.9160329103469849
623.0,1.919335961341858
623.1,1.8965561389923096
623.2,1.9316673278808594
623.3000000000001,1.9395382404327393
623.4000000000001,1.9643712043762207
623.5,1.9757623672485352
623.6,1.9988770484924316
623.7,2.0105013847351074
623.8000000000001,2.026607036590576
623.9000000000001,2.0356862545013428
624.0,2.057021141052246
624.1,2.0385475158691406
624.2,2.0413150787353516
624.3000000000001,2.025024652481079
624.4000000000001,1.9986307621002197
624.5,1.9932925701141357
624.6,1.9911038875579834
624.7,1.9899226427078247
624.8000000000001,1.955165147781372
624.9000000000001,1.9400898218154907
625.0,1.956592321395874
625.1,1.969688892364502
625.2,1.9618626832962036
625.3000000000001,1.930936574935913
625.4000000000001,1.9073755741119385
625.5,1.8695858716964722
625.6,1.8570767641067505
625.7,1.8036415576934814
625.8000000000001,1.7770503759384155
625.9000000000001,1.7715768814086914
626.0,1.7437026500701904
626.1,1.7075614929199219
626.2,1.6900229454040527
626.3000000000001,1.6813280582427979
626.4000000000001,1.6838010549545288
626.5,1.67035710811615
626.6,1.6441495418548584
626.7,1.6273179054260254
626.8000000000001,1.6345365047454834
626.9000000000001,1.621171236038208
627.0,1.619294285774231
627.1,1.6077455282211304
627.2,1.6131627559661865
627.3000000000001,1.6002792119979858
627.4000000000001,1.6038031578063965
627.5,1.5737085342407227
627.6,1.5394906997680664
627.7,1.545345425605774
627.8000000000001,1.4934242963790894
627.9000000000001,1.5028164386749268
628.0,1.4687880277633667
628.1,1.4422508478164673
628.2,1.435425043106079
628.3000000000001,1.4209191799163818
628.4000000000001,1.4006110429763794
628.5,1.398360013961792
628.6,1.3769985437393188
628.7,1.3490262031555176
628.8000000000001,1.3531523942947388
628.9000000000001,1.3275737762451172
629.0,1.315615177154541
629.1,1.3121744394302368
629.2,1.314527153968811
629.3000000000001,1.3020974397659302
629.4000000000001,1.2965198755264282
629.5,1.2893648147583008
629.6,1.2867069244384766
629.7,1.2780925035476685
629.8000000000001,1.2373135089874268
629.9000000000001,1.2109365463256836
630.0,1.1708781719207764
630.1,1.1322530508041382
630.2,1.1168293952941895
630.3000000000001,1.1012111902236938
630.4000000000001,1.0733813047409058
630.5,1.0529407262802124
630.6,1.0325419902801514
630.7,1.0263301134109497
630.8000000000001,0.989672064781189
630.9000000000001,0.9991204142570496
631.0,0.9859269857406616
631.1,0.9717572331428528
631.2,0.964180588722229
631.3000000000001,0.9554257392883301
631.4000000000001,0.9483510255813599
631.5,0.9328083395957947
631.6,0.9368531107902527
631.7,0.9242737293243408
631.8000000000001,0.9297328591346741
631.9000000000001,0.9231122732162476
632.0,0.8934375047683716
632.1,0.8801292777061462
632.2,0.8554725050926208
632.3000000000001,0.8375213146209717
632.4000000000001,0.8223578333854675
632.5,0.79816073179245
632.6,0.7933008670806885
632.7,0.7724171876907349
632.8000000000001,0.7605420351028442
632.9000000000001,0.768516480922699
633.0,0.7478830218315125
633.1,0.7290356159210205
633.2,0.7395638227462769
633.3000000000001,0.7314922213554382
633.4000000000001,0.7196940183639526
633.5,0.723559558391571
633.6,0.7291267514228821
633.7,0.7142626643180847
633.8000000000001,0.7196775078773499
633.9000000000001,0.7187314629554749
634.0,0.6995487213134766
634.1,0.7162046432495117
634.2,0.7055736184120178
634.3000000000001,0.6938449740409851
634.4000000000001,0.6947591304779053
634.5,0.6690772175788879
634.6,0.6811769008636475
634.7,0.6921189427375793
634.8000000000001,0.7050638794898987
634.9000000000001,0.705249011516571
635.0,0.7027117609977722
635.1,0.7108098864555359
635.2,0.7095863223075867
635.3000000000001,0.7163462042808533
635.4000000000001,0.7274332642555237
635.5,0.7308351993560791
635.6,0.73869389295578
635.7,0.764704167842865
635.8000000000001,0.753262996673584
635.9000000000001,0.7643342018127441
636.0,0.7648964524269104
636.1,0.7799423933029175
636.2,0.7768732309341431
636.3000000000001,0.7724961638450623
636.4000000000001,0.7795473337173462
636.5,0.7813515663146973
636.6,0.7936858534812927
636.7,0.7998557686805725
636.8000000000001,0.7919411063194275
636.9000000000001,0.7836586833000183
637.0,0.769031822681427
637.1,0.7698994874954224
637.2,0.7664361000061035
637.3000000000001,0.766728401184082
637.4000000000001,0.760827898979187
637.5,0.7759768962860107
637.6,0.7616600394248962
637.7,0.7694628834724426
637.8000000000001,0.7684013843536377
637.9000000000001,0.7684342861175537
638.0,0.7705086469650269
638.1,0.772112250328064
638.2,0.7701747417449951
638.3000000000001,0.7705169916152954
638.4000000000001,0.7710012793540955
638.5,0.7729182243347168
638.6,0.7716904878616333
638.7,0.7762099504470825
638.8000000000001,0.779038667678833
638.9000000000001,0.7774170637130737
639.0,0.8265645503997803
639.1,0.8498174548149109
639.2,0.8803337812423706
639.3000000000001,0.918168306350708
639.4000000000001,0.9392274618148804
639.5,0.9617763757705688
639.6,0.9835636019706726
639.7,0.9992073774337769
639.8000000000001,1.009371042251587
639.9000000000001,1.0284606218338013
640.0,1.037176489830017
640.1,1.054266095161438
640.2,1.05717933177948
640.3000000000001,1.0800342559814453
640.4000000000001,1.0846890211105347
640.5,1.0921088457107544
640.6,1.096215844154358
640.7,1.1099196672439575
640.8000000000001,1.1124922037124634
640.9000000000001,1.0989373922348022
641.0,1.0893869400024414
641.1,1.0985078811645508
641.2,1.095292568206787
641.3000000000001,1.0681183338165283
641.4000000000001,1.065993309020996
641.5,1.061078667640686
641.6,1.0434448719024658
641.7,1.0415171384811401
641.8000000000001,1.0472075939178467
641.9000000000001,1.0277847051620483
642.0,1.0410939455032349
642.1,1.0468806028366089
642.2,1.0494333505630493
642.3000000000001,1.0472091436386108
642.4000000000001,1.0522664785385132
642.5,1.0536900758743286
642.6,1.0403270721435547
642.7,1.046473503112793
642.8000000000001,1.0435212850570679
642.9000000000001,1.0583480596542358
643.0,1.060429573059082
643.1,1.0608552694320679
643.2,1.0502395629882812
643.3000000000001,1.045775294303894
643.4000000000001,1.0337423086166382
643.5,1.0437332391738892
643.5,1.0449246168136597
643.7,1.0412031412124634
643.8000000000001,1.0411889553070068
643.9000000000001,1.0464046001434326
644.0,1.055623173713684
644.1,1.0497864484786987
644.2,1.0507175922393799
644.3000000000001,1.0649079084396362
644.4000000000001,1.0637240409851074
644.5,1.067153811454773
644.6,1.066664457321167
644.7,1.0599712133407593
644.8000000000001,1.0762192010879517
644.9000000000001,1.0794016122817993
645.0,1.0780978202819824
645.1,1.0732810497283936
645.2,1.0834624767303467
645.3000000000001,1.0785913467407227
645.4000000000001,1.0822405815124512
645.5,1.083911657333374
645.6,1.0929131507873535
645.7,1.093919038772583
645.8000000000001,1.1082215309143066
645.9000000000001,1.112892746925354
646.0,1.1228275299072266
646.1,1.1146583557128906
646.2,1.1422189474105835
646.3000000000001,1.145842432975769
646.4000000000001,1.154772400856018
646.5,1.164188265800476
646.6,1.1586847305297852
646.7,1.1775264739990234
646.8000000000001,1.1833858489990234
646.9000000000001,1.1920108795166016
647.0,1.1785036325454712
647.1,1.1816071271896362
647.2,1.1957532167434692
647.3000000000001,1.1905161142349243
647.4000000000001,1.1942096948623657
647.5,1.190834879875183
647.6,1.2004485130310059
647.7,1.206541657447815
647.8000000000001,1.1953043937683105
647.9000000000001,1.2208127975463867
648.0,1.2264150381088257
648.1,1.2419848442077637
648.2,1.2570695877075195
648.3000000000001,1.2740334272384644
648.4000000000001,1.2849891185760498
648.5,1.2882074117660522
648.6,1.3113266229629517
648.7,1.3176579475402832
648.8000000000001,1.3309465646743774
648.9000000000001,1.3278776407241821
649.0,1.3564536571502686
649.1,1.3559914827346802
649.2,1.3700153827667236
649.3000000000001,1.3712539672851562
649.4000000000001,1.3797630071640015
649.5,1.384641408920288
649.6,1.390456199645996
649.7,1.4003478288650513
649.8000000000001,1.3931301832199097
649.9000000000001,1.3989036083221436
650.0,1.4260190725326538
650.1,1.4579650163650513
650.2,1.469113826751709
650.3000000000001,1.5000749826431274
650.4000000000001,1.528083086013794
650.5,1.5554735660552979
650.7,1.5709110498428345
650.7,1.5992027521133423
650.8000000000001,1.5947895050048828
650.9000000000001,1.6212340593338013
651.0,1.6492034196853638
651.1,1.6517696380615234
651.2,1.671019196510315
651.3000000000001,1.6602672338485718
651.4000000000001,1.683756947517395
651.5,1.6924443244934082
651.6,1.704702615737915
651.7,1.7058467864990234
651.8000000000001,1.7089942693710327
651.9000000000001,1.7147992849349976
652.0,1.731210470199585
652.1,1.7586077451705933
652.2,1.779044270515442
652.3000000000001,1.8320256471633911
652.4000000000001,1.8598781824111938
652.5,1.8839083909988403
652.6,1.9015488624572754
652.7,1.9360437393188477
652.8000000000001,1.958744764328003
652.9000000000001,1.9592911005020142
653.0,1.9610941410064697
653.1,1.9865456819534302
653.2,1.9975168704986572
653.3000000000001,1.9967080354690552
653.4000000000001,2.025160789489746
653.5,2.0366342067718506
653.6,2.0339300632476807
653.7,2.043853759765625
653.8000000000001,2.0513744354248047
653.9000000000001,2.043464422225952
654.0,2.050274133682251
654.1,2.059803009033203
654.2,2.1116626262664795
654.3000000000001,2.117596387863159
654.4000000000001,2.1527390480041504
654.5,2.180004835128784
654.6,2.1926825046539307
654.7,2.2128264904022217
654.8000000000001,2.2335305213928223
654.9000000000001,2.246044158935547
655.0,2.2768912315368652
655.1,2.2903168201446533
655.2,2.3124139308929443
655.3000000000001,2.3174242973327637
655.4000000000001,2.3406801223754883
655.5,2.3363471031188965
655.6,2.348784923553467
655.7,2.37912917137146
655.8000000000001,2.3805453777313232
655.9000000000001,2.367908239364624
656.0,2.3687803745269775
656.1,2.39639949798584
656.2,2.3946030139923096
656.3000000000001,2.3837106227874756
656.4000000000001,2.3508691787719727
656.5,2.341644048690796
656.6,2.3336033821105957
656.7,2.324005365371704
656.8000000000001,2.3074917793273926
656.9000000000001,2.3093183040618896
657.0,2.310987710952759
657.1,2.288059949874878
657.2,2.278320074081421
657.3000000000001,2.2708914279937744
657.4000000000001,2.262789249420166
657.5,2.253199577331543
657.6,2.274888038635254
657.7,2.249244451522827
657.8000000000001,2.2662198543548584
657.9000000000001,2.2382776737213135
658.0,2.241377115249634
658.1,2.252657413482666
658.2,2.250546932220459
658.3000000000001,2.2453818321228027
658.4000000000001,2.2361934185028076
658.5,2.212902307510376
658.6,2.2209246158599854
658.7,2.2054107189178467
658.8000000000001,2.202282190322876
658.9000000000001,2.21646785736084
659.0,2.1969940662384033
659.1,2.208561658859253
659.2,2.199382781982422
659.3000000000001,2.1964173316955566
659.4000000000001,2.2005105018615723
659.5,2.206397294998169
659.6,2.19085955619812
659.7,2.187649726867676
659.8000000000001,2.192272663116455
659.9000000000001,2.195685863494873
660.0,2.197255849838257
660.1,2.190977096557617
660.2,2.204097032546997
660.3000000000001,2.1981871128082275
660.4000000000001,2.1966638565063477
660.5,2.1880364418029785
660.6,2.1972296237945557
660.7,2.1910042762756348
660.8000000000001,2.187964677810669
660.9000000000001,2.188945770263672
661.0,2.1937437057495117
661.1,2.1878695487976074
661.2,2.193406581878662
661.3000000000001,2.206289052963257
661.4000000000001,2.191765546798706
661.5,2.1887333393096924
661.6,2.1856839656829834
661.7,2.1993355751037598
661.8000000000001,2.1872146129608154
661.9000000000001,2.1942458152770996
662.0,2.2007086277008057
662.1,2.1906776428222656
662.2,2.195866107940674
662.3000000000001,2.1826016902923584
662.4000000000001,2.186265707015991
662.5,2.1864125728607178
662.6,2.1910054683685303
662.7,2.187155246734619
662.8000000000001,2.195911407470703
662.9000000000001,2.1801087856292725
663.0,2.1943745613098145
663.1,2.203866481781006
663.2,2.2117509841918945
663.3000000000001,2.207686185836792
663.4000000000001,2.203538417816162
663.5,2.202573537826538
663.6,2.2020926475524902
663.7,2.211432456970215
663.8000000000001,2.228694438934326
663.9000000000001,2.2081360816955566
664.0,2.2250583171844482
664.1,2.227248430252075
664.2,2.227046489715576
664.3000000000001,2.224123239517212
664.4000000000001,2.23496675491333
664.5,2.2341127395629883
664.6,2.2146458625793457
664.7,2.2218563556671143
664.8000000000001,2.2311463356018066
664.9000000000001,2.2298645973205566
665.0,2.223024606704712
665.1,2.22879958152771
665.2,2.2141926288604736
665.3000000000001,2.207550048828125
665.4000000000001,2.2112088203430176
665.5,2.1812267303466797
665.6,2.1849381923675537
665.7,2.181846857070923
665.8000000000001,2.182950496673584
665.9000000000001,2.1737232208251953
666.0,2.1685831546783447
666.1,2.166522979736328
666.2,2.15844988822937
666.3000000000001,2.159844160079956
666.4000000000001,2.142740249633789
666.5,2.1642684936523438
666.6,2.155600070953369
666.7,2.158778429031372
666.8000000000001,2.144829750061035
666.9000000000001,2.128157138824463
667.0,2.0971150398254395
667.1,2.0900354385375977
667.2,2.0761964321136475
667.3000000000001,2.0494930744171143
667.4000000000001,2.033945322036743
667.5,2.021646022796631
667.6,2.016706705093384
667.7,1.9933825731277466
667.8000000000001,1.986647367477417
667.9000000000001,1.9987488985061646
668.0,1.9892280101776123
668.1,1.9610695838928223
668.2,1.9787687063217163
668.3000000000001,1.951743721961975
668.4000000000001,1.9283865690231323
668.5,1.9278203248977661
668.6,1.9043185710906982
668.7,1.8797765970230103
668.8000000000001,1.8658663034439087
668.9000000000001,1.857110857963562
669.0,1.8635571002960205
669.1,1.8621536493301392
669.2,1.8662980794906616
669.3000000000001,1.8932726383209229
669.4000000000001,1.9225255250930786
669.5,1.922671914100647
669.6,1.9318954944610596
669.7,1.9339473247528076
669.8000000000001,1.953980565071106
669.9000000000001,1.9546761512756348
670.0,1.963412880897522
670.1,1.9728134870529175
670.2,1.9718787670135498
670.3000000000001,1.9778863191604614
670.4000000000001,1.9801584482192993
670.5,1.9724349975585938
670.6,1.9802007675170898
670.7,1.9853384494781494
670.8000000000001,1.992621898651123
670.9000000000001,1.9923346042633057
671.0,1.9977567195892334
671.1,1.9795197248458862
671.2,1.9789530038833618
671.3000000000001,1.9972202777862549
671.4000000000001,1.9910753965377808
671.5,1.998274803161621
671.6,1.9930297136306763
671.7,1.9808467626571655
671.8000000000001,1.9570765495300293
671.9000000000001,1.9312869310379028
672.0,1.9422399997711182
672.1,1.9167591333389282
672.2,1.908765196800232
672.3000000000001,1.8912962675094604
672.4000000000001,1.8984103202819824
672.5,1.8857468366622925
672.6,1.8805863857269287
672.7,1.8485535383224487
672.8000000000001,1.8631949424743652
672.9000000000001,1.8569999933242798
673.0,1.8702329397201538
673.1,1.8695966005325317
673.2,1.8481487035751343
673.3000000000001,1.8373953104019165
673.4000000000001,1.8056178092956543
673.5,1.7981599569320679
673.6,1.7707990407943726
673.7,1.7656850814819336
673.8000000000001,1.7723064422607422
673.9000000000001,1.7567583322525024
674.0,1.7557283639907837
674.1,1.7600626945495605
674.2,1.7626091241836548
674.3000000000001,1.7579689025878906
674.4000000000001,1.7737854719161987
674.5,1.7845687866210938
674.6,1.768227458000183
674.7,1.7828134298324585
674.8000000000001,1.792141318321228
674.9000000000001,1.783233880996704
675.0,1.8003487586975098
675.1,1.7907122373580933
675.2,1.7960649728775024
675.3000000000001,1.7929518222808838
675.4000000000001,1.8168877363204956
675.5,1.8166166543960571
675.6,1.835794448852539
675.7,1.8360068798065186
675.8000000000001,1.8478319644927979
675.9000000000001,1.851979374885559
676.0,1.8741798400878906
676.1,1.8682035207748413
676.2,1.8811067342758179
676.3000000000001,1.8858115673065186
676.4000000000001,1.8973438739776611
676.5,1.9009822607040405
676.6,1.9078307151794434
676.7,1.9076145887374878
676.8000000000001,1.9149984121322632
676.9000000000001,1.9068305492401123
677.0,1.9138256311416626
677.1,1.9190665483474731
677.2,1.9229592084884644
677.3000000000001,1.9296751022338867
677.4000000000001,1.9241693019866943
677.5,1.937606692314148
677.6,1.9561340808868408
677.7,1.9816768169403076
677.8000000000001,1.9917372465133667
677.9000000000001,2.0030453205108643
678.0,2.019655704498291
678.1,2.026400327682495
678.2,2.037100315093994
678.3000000000001,2.055724859237671
678.4000000000001,2.0633435249328613
678.5,2.0851895809173584
678.6,2.0893144607543945
678.7,2.101539373397827
678.8000000000001,2.106010675430298
678.9000000000001,2.113753318786621
679.0,2.121356725692749
679.1,2.120393753051758
679.2,2.1208136081695557
679.3000000000001,2.1248695850372314
679.4000000000001,2.1304523944854736
679.5,2.132553815841675
679.6,2.156559705734253
679.7,2.178184986114502
679.8000000000001,2.193281650543213
679.9000000000001,2.229058027267456
680.0,2.2480552196502686
680.1,2.2664570808410645
680.2,2.2769126892089844
680.3000000000001,2.2918219566345215
680.4000000000001,2.316188097000122
680.5,2.337663412094116
680.6,2.3437838554382324
680.7,2.3435864448547363
680.8000000000001,2.374539852142334
680.9000000000001,2.3815481662750244
681.0,2.385510206222534
681.1,2.379772901535034
681.2,2.394535541534424
681.3000000000001,2.399059534072876
681.4000000000001,2.396418571472168
681.5,2.3999600410461426
681.6,2.4105279445648193
681.7,2.436939239501953
681.8000000000001,2.4806394577026367
681.9000000000001,2.4480667114257812
682.0,2.4254400730133057
682.1,2.4013826847076416
682.2,2.3782200813293457
682.3000000000001,2.342587471008301
682.4000000000001,2.335671901702881
682.5,2.3214478492736816
682.6,2.3032753467559814
682.7,2.284785747528076
682.8000000000001,2.2648520469665527
682.9000000000001,2.2340991497039795
683.0,2.236140012741089
683.1,2.2242379188537598
683.2,2.2206060886383057
683.3000000000001,2.2132346630096436
683.4000000000001,2.218763589859009
683.5,2.2056241035461426
683.6,2.19661021232605
683.7,2.1847469806671143
683.8000000000001,2.162513494491577
683.9000000000001,2.1289234161376953
684.0,2.097853422164917
684.1,2.0777792930603027
684.2,2.0565121173858643
684.3000000000001,2.023056745529175
684.4000000000001,2.0001566410064697
684.5,1.9824271202087402
684.6,1.9669830799102783
684.7,1.9581429958343506
684.8000000000001,1.94243586063385
684.9000000000001,1.9372442960739136
685.0,1.9181431531906128
685.1,1.9114446640014648
685.2,1.9075124263763428
685.3000000000001,1.8921822309494019
685.4000000000001,1.8919566869735718
685.5,1.8871493339538574
685.6,1.8837958574295044
685.7,1.8861503601074219
685.8000000000001,1.877448320388794
685.9000000000001,1.838686466217041
686.0,1.821291208267212
686.1,1.8081763982772827
686.2,1.7720441818237305
686.3000000000001,1.7455923557281494
686.4000000000001,1.745314598083496
686.5,1.7266262769699097
686.6,1.7207707166671753
686.7,1.711661696434021
686.8000000000001,1.697001576423645
686.9000000000001,1.6955782175064087
687.0,1.6681221723556519
687.1,1.6639424562454224
687.2,1.6618049144744873
687.3000000000001,1.6563103199005127
687.4000000000001,1.648171067237854
687.5,1.6364437341690063
687.6,1.6435362100601196
687.7,1.6480169296264648
687.8000000000001,1.645679235458374
687.9000000000001,1.6292804479599
688.0,1.6204742193222046
688.1,1.5979297161102295
688.2,1.5889321565628052
688.3000000000001,1.5717843770980835
688.4000000000001,1.567487120628357
688.5,1.5517516136169434
688.6,1.553301453590393
688.7,1.5413979291915894
688.8000000000001,1.5337177515029907
688.9000000000001,1.5164817571640015
689.0,1.527383804321289
689.1,1.506983757019043
689.2,1.5241425037384033
689.3000000000001,1.5036042928695679
689.4000000000001,1.5153411626815796
689.5,1.505876898765564
689.6,1.5186322927474976
689.7,1.5090962648391724
689.8000000000001,1.50618314743042
689.9000000000001,1.5085760354995728
690.0,1.5094170570373535
690.1,1.4987845420837402
690.2,1.482985258102417
690.3000000000001,1.5005987882614136
690.4000000000001,1.4848688840866089
690.5,1.4965182542800903
690.6,1.4870072603225708
690.7,1.5056073665618896
690.8000000000001,1.499833345413208
690.9000000000001,1.5006887912750244
691.0,1.503161907196045
691.1,1.4997787475585938
691.2,1.502936601638794
691.3000000000001,1.5206485986709595
691.4000000000001,1.5309951305389404
691.5,1.5276052951812744
691.6,1.5234512090682983
691.7,1.5292139053344727
691.8000000000001,1.5424699783325195
691.9000000000001,1.53152334690094
692.0,1.5435717105865479
692.1,1.5414429903030396
692.2,1.5541818141937256
692.3000000000001,1.5490984916687012
692.4000000000001,1.5533277988433838
692.5,1.545059084892273
692.6,1.5379860401153564
692.7,1.5386791229248047
692.8000000000001,1.5320818424224854
692.9000000000001,1.5216763019561768
693.0,1.518737554550171
693.1,1.5127692222595215
693.2,1.515995979309082
693.3000000000001,1.5195746421813965
693.4000000000001,1.5255770683288574
693.5,1.5180442333221436
693.6,1.5257649421691895
693.7,1.5363070964813232
693.8000000000001,1.5305922031402588
693.9000000000001,1.5332528352737427
694.0,1.5222359895706177
694.1,1.5337873697280884
694.2,1.5255552530288696
694.3000000000001,1.530562400817871
694.4000000000001,1.540662407875061
694.5,1.5283626317977905
694.6,1.537816047668457
694.7,1.5399837493896484
694.8000000000001,1.5836241245269775
694.9000000000001,1.6074154376983643
695.0,1.6300406455993652
695.1,1.6652300357818604
695.2,1.6927266120910645
695.3000000000001,1.712192177772522
695.4000000000001,1.7237962484359741
695.5,1.7585190534591675
695.6,1.7660959959030151
695.7,1.7968103885650635
695.8000000000001,1.7950270175933838
695.9000000000001,1.8194364309310913
696.0,1.824423909187317
696.1,1.8340007066726685
696.2,1.841123342514038
696.3000000000001,1.8568980693817139
696.4000000000001,1.8715763092041016
696.5,1.8485409021377563
696.6,1.8454265594482422
696.7,1.8392287492752075
696.8000000000001,1.8319272994995117
696.9000000000001,1.8369495868682861
697.0,1.8481312990188599
697.1,1.8407695293426514
697.2,1.828827142715454
697.3000000000001,1.8282427787780762
697.4000000000001,1.8110225200653076
697.5,1.8101197481155396
697.6,1.7915767431259155
697.7,1.7967315912246704
697.8000000000001,1.7914516925811768
697.9000000000001,1.8043172359466553
698.0,1.8008544445037842
698.1,1.8062676191329956
698.2,1.8035939931869507
698.3000000000001,1.8192369937896729
698.4000000000001,1.8156554698944092
698.5,1.817071557044983
698.6,1.8234504461288452
698.7,1.8327043056488037
698.8000000000001,1.822005271911621
698.9000000000001,1.8158748149871826
699.0,1.8166815042495728
699.1,1.8244074583053589
699.2,1.8293945789337158
699.3000000000001,1.8411979675292969
699.4000000000001,1.8297306299209595
699.5,1.8357824087142944
699.6,1.8468513488769531
699.7,1.8609890937805176
699.8000000000001,1.8499903678894043
699.9000000000001,1.8629034757614136
700.0,1.8614405393600464
700.1,1.8703640699386597
700.2,1.8643677234649658
700.3000000000001,1.8598201274871826
700.4000000000001,1.8758336305618286
700.5,1.8790819644927979
700.6,1.8719121217727661
700.7,1.8769097328186035
700.8000000000001,1.8709585666656494
700.9000000000001,1.8909832239151
701.0,1.887952446937561
701.1,1.890356421470642
701.2,1.8971590995788574
701.3000000000001,1.8930023908615112
701.4000000000001,1.8915849924087524
701.5,1.897762417793274
701.6,1.917433738708496
701.7,1.9129923582077026
701.8000000000001,1.9208495616912842
701.9000000000001,1.9231021404266357
702.0,1.9288585186004639
702.1,1.9346119165420532
702.2,1.9344112873077393
702.3000000000001,1.9259225130081177
702.4000000000001,1.9338494539260864
702.5,1.9501756429672241
702.6,1.9561643600463867
702.7,1.9638972282409668
702.8000000000001,1.961512565612793
702.9000000000001,1.959537386894226
703.0,1.970291256904602
703.1,1.9693942070007324
703.2,1.9702732563018799
703.3000000000001,1.9516690969467163
703.4000000000001,1.9745700359344482
703.5,1.9734656810760498
703.6,1.9751791954040527
703.7,1.9676097631454468
703.8000000000001,1.9867318868637085
703.9000000000001,1.9933786392211914
704.0,2.0006446838378906
704.1,2.0164430141448975
704.2,2.024559736251831
704.3000000000001,2.0358521938323975
704.4000000000001,2.0432040691375732
704.5,2.0518834590911865
704.6,2.066295623779297
704.7,2.060743570327759
704.8000000000001,2.0654070377349854
704.9000000000001,2.0695383548736572
705.0,2.089643716812134
705.1,2.0764358043670654
705.2,2.090379476547241
705.3000000000001,2.0863559246063232
705.4000000000001,2.0964388847351074
705.5,2.095550298690796
705.6,2.1032094955444336
705.7,2.120638608932495
705.8000000000001,2.1357312202453613
705.9000000000001,2.160156726837158
706.0,2.1695547103881836
706.1,2.195221424102783
706.2,2.2083828449249268
706.3000000000001,2.2264559268951416
706.4000000000001,2.2309114933013916
706.5,2.255795478820801
706.6,2.2481396198272705
706.7,2.2712759971618652
706.8000000000001,2.2895219326019287
706.9000000000001,2.304713249206543
707.0,2.306478500366211
707.1,2.311702013015747
707.2,2.32090425491333
707.3000000000001,2.3201961517333984
707.4000000000001,2.324880838394165
707.5,2.324631690979004
707.6,2.347311496734619
707.7,2.3466949462890625
707.8000000000001,2.347022294998169
707.9000000000001,2.3707826137542725
708.0,2.3994500637054443
708.1,2.4190030097961426
708.2,2.432347536087036
708.3000000000001,2.459113121032715
708.4000000000001,2.4950647354125977
708.5,2.475008964538574
708.6,2.466317892074585
708.7,2.4456264972686768
708.8000000000001,2.4169087409973145
708.9000000000001,2.4009995460510254
709.0,2.3751776218414307
709.1,2.37113356590271
709.2,2.3761181831359863
709.3000000000001,2.3475873470306396
709.4000000000001,2.3290324211120605
709.5,2.3347363471984863
709.6,2.323826551437378
709.7,2.3302721977233887
709.8000000000001,2.3126919269561768
709.9000000000001,2.2992606163024902
710.0,2.2895641326904297
710.1,2.2686381340026855
710.2,2.2414796352386475
710.3000000000001,2.2010064125061035
710.4000000000001,2.1821980476379395
710.5,2.166621685028076
710.6,2.1245861053466797
710.7,2.096858024597168
710.8000000000001,2.081603527069092
710.9000000000001,2.067777156829834
711.0,2.050723075866699
711.1,2.034616231918335
711.2,2.0250375270843506
711.3000000000001,2.004584312438965
711.4000000000001,2.006603956222534
711.5,2.000593423843384
711.6,1.9927583932876587
711.7,1.964988112449646
711.8000000000001,1.9751189947128296
711.9000000000001,1.9491163492202759
712.0,1.9577815532684326
712.1,1.9692270755767822
712.2,1.9504833221435547
712.3000000000001,1.9289772510528564
712.4000000000001,1.9035985469818115
712.5,1.8678274154663086
712.6,1.8444057703018188
712.7,1.8091375827789307
712.8000000000001,1.7946468591690063
712.9000000000001,1.784607172012329
713.0,1.773477554321289
713.1,1.7518044710159302
713.2,1.7416213750839233
713.3000000000001,1.7329294681549072
713.4000000000001,1.7243133783340454
713.5,1.699030876159668
713.6,1.7060694694519043
713.7,1.7032291889190674
713.8000000000001,1.6906193494796753
713.9000000000001,1.6644660234451294
714.0,1.6770678758621216
714.1,1.6728541851043701
714.2,1.6772335767745972
714.3000000000001,1.6668568849563599
714.4000000000001,1.6457407474517822
714.5,1.6366323232650757
714.6,1.613206148147583
714.7,1.5958685874938965
714.8000000000001,1.5825984477996826
714.9000000000001,1.5632922649383545
715.0,1.555790662765503
715.1,1.5429670810699463
715.2,1.5405582189559937
715.3000000000001,1.532217264175415
715.4000000000001,1.5006047487258911
715.5,1.5073285102844238
715.6,1.4973394870758057
715.7,1.497078537940979
715.8000000000001,1.4927812814712524
715.9000000000001,1.4844143390655518
716.0,1.4765764474868774
716.1,1.4715009927749634
716.2,1.4747726917266846
716.3000000000001,1.4602186679840088
716.4000000000001,1.4645558595657349
716.5,1.463815450668335
716.6,1.449030876159668
716.7,1.4531062841415405
716.8000000000001,1.4432488679885864
716.9000000000001,1.435192584991455
717.0,1.4218498468399048
717.1,1.4158796072006226
717.2,1.4139463901519775
717.3000000000001,1.4101747274398804
717.4000000000001,1.4077363014221191
717.5,1.404569387435913
717.6,1.405427098274231
717.7,1.3819857835769653
717.8000000000001,1.3876452445983887
717.9000000000001,1.3832303285598755
718.0,1.3785356283187866
718.1,1.3773504495620728
718.2,1.3874280452728271
718.3000000000001,1.3879245519638062
718.4000000000001,1.380000114440918
718.5,1.3888322114944458
718.6,1.3933703899383545
718.7,1.3857065439224243
718.8000000000001,1.3726476430892944
718.9000000000001,1.3752808570861816
719.0,1.3817795515060425
719.1,1.3734949827194214
719.2,1.3930948972702026
719.3000000000001,1.388330101966858
719.4000000000001,1.3995945453643799
719.5,1.3881736993789673
719.6,1.4044533967971802
719.7,1.4105315208435059
719.8000000000001,1.4219783544540405
719.9000000000001,1.4142180681228638
720.0,1.4028211832046509
720.1,1.4126920700073242
720.2,1.4341531991958618
720.3000000000001,1.4306721687316895
720.4000000000001,1.4330475330352783
720.5,1.4358890056610107
720.6,1.4339483976364136
720.7,1.4307582378387451
720.8000000000001,1.428487777709961
720.9000000000001,1.4410384893417358
721.0,1.4433696269989014
721.1,1.4345210790634155
721.2,1.4457005262374878
721.3000000000001,1.4497014284133911
721.4000000000001,1.4356729984283447
721.5,1.4390792846679688
721.6,1.411906123161316
721.7,1.408316731452942
721.8000000000001,1.4041619300842285
721.9000000000001,1.3999972343444824
722.0,1.3903083801269531
722.1,1.3848354816436768
722.2,1.386075735092163
722.3000000000001,1.3882224559783936
722.4000000000001,1.3632649183273315
722.5,1.3792331218719482
722.6,1.3740755319595337
722.7,1.3724561929702759
722.8000000000001,1.3730913400650024
722.9000000000001,1.3745406866073608
723.0,1.3701263666152954
723.1,1.367507815361023
723.2,1.3492833375930786
723.3000000000001,1.3421967029571533
723.4000000000001,1.3183232545852661
723.5,1.2942466735839844
723.6,1.290100336074829
723.7,1.2684824466705322
723.8000000000001,1.2662707567214966
723.9000000000001,1.2471144199371338
724.0,1.227333903312683
724.1,1.2251968383789062
724.2,1.2243186235427856
724.3000000000001,1.211388111114502
724.4000000000001,1.2012073993682861
724.5,1.210677981376648
724.6,1.203229308128357
724.7,1.1834176778793335
724.8000000000001,1.1695518493652344
724.9000000000001,1.1482887268066406
725.0,1.141526222229004
725.1,1.1340667009353638
725.2,1.122208595275879
725.3000000000001,1.0863010883331299
725.4000000000001,1.0858618021011353
725.5,1.0688185691833496
725.6,1.069334864616394
725.7,1.0733586549758911
725.8000000000001,1.0806190967559814
725.9000000000001,1.0900678634643555
726.0,1.097902774810791
726.1,1.110351324081421
726.2,1.1160997152328491
726.3000000000001,1.1343308687210083
726.4000000000001,1.129624605178833
726.5,1.1403974294662476
726.6,1.1450778245925903
726.7,1.155590534210205
726.8000000000001,1.162296175956726
726.9000000000001,1.1556190252304077
727.0,1.1685224771499634
727.1,1.1425068378448486
727.2,1.1544687747955322
727.3000000000001,1.1612190008163452
727.4000000000001,1.1670713424682617
727.5,1.1659666299819946
727.6,1.1730300188064575
727.7,1.17656409740448
727.8000000000001,1.1595124006271362
727.9000000000001,1.1718658208847046
728.0,1.1687238216400146
728.1,1.146464467048645
728.2,1.1259280443191528
728.3000000000001,1.1152079105377197
728.4000000000001,1.110458254814148
728.5,1.0936576128005981
728.6,1.0833089351654053
728.7,1.0833098888397217
728.8000000000001,1.0726743936538696
728.9000000000001,1.0729420185089111
729.0,1.0739706754684448
729.1,1.0677062273025513
729.2,1.0626786947250366
729.3000000000001,1.0521639585494995
729.4000000000001,1.0451706647872925
729.5,1.0268269777297974
729.6,1.0294747352600098
729.7,1.0067994594573975
729.8000000000001,0.988545835018158
729.9000000000001,0.982307493686676
730.0,0.972929835319519
730.1,0.96819007396698
730.2,0.9736126661300659
730.3000000000001,0.9714183807373047
730.4000000000001,0.9731542468070984
730.5,0.9755609631538391
730.6,0.9865196347236633
730.7,0.9881673455238342
730.8000000000001,0.9853509664535522
730.9000000000001,0.9860859513282776
731.0,0.9958621263504028
731.1,0.9914810657501221
731.2,1.0011552572250366
731.3000000000001,1.0050930976867676
731.4000000000001,1.0079267024993896
731.5,1.0097999572753906
731.6,1.00692617893219
731.7,1.0206694602966309
731.8000000000001,1.0386238098144531
731.9000000000001,1.0426936149597168
732.0,1.0517233610153198
732.1,1.0739994049072266
732.2,1.0851448774337769
732.3000000000001,1.0906404256820679
732.4000000000001,1.1089651584625244
732.5,1.1103843450546265
732.6,1.1250537633895874
732.7,1.1386173963546753
732.8000000000001,1.1622499227523804
732.9000000000001,1.151714563369751
733.0,1.1598087549209595
733.1,1.1679325103759766
733.2,1.1775654554367065
733.3000000000001,1.1635420322418213
733.4000000000001,1.184999704360962
733.5,1.189265489578247
733.6,1.1825600862503052
733.7,1.196171760559082
733.8000000000001,1.203037977218628
733.9000000000001,1.225115418434143
734.0,1.249489188194275
734.1,1.2724491357803345
734.2,1.287171721458435
734.3000000000001,1.3301563262939453
734.4000000000001,1.3411873579025269
734.5,1.3635157346725464
734.6,1.36630117893219
734.7,1.3840858936309814
734.8000000000001,1.4021332263946533
734.9000000000001,1.4116027355194092
735.0,1.4319337606430054
735.1,1.4369744062423706
735.2,1.431527853012085
735.3000000000001,1.4521549940109253
735.4000000000001,1.4574471712112427
735.5,1.4662078619003296
735.6,1.475311517715454
735.7,1.4714723825454712
735.8000000000001,1.4847123622894287
735.9000000000001,1.51222562789917
736.0,1.5415159463882446
736.1,1.569820761680603
736.2,1.5912632942199707
736.3000000000001,1.6305997371673584
736.4000000000001,1.6452900171279907
736.5,1.6780612468719482
736.6,1.6990801095962524
736.7,1.720297932624817
736.8000000000001,1.7361787557601929
736.9000000000001,1.7497515678405762
737.0,1.7711083889007568
737.1,1.7905075550079346
737.2,1.8054741621017456
737.3000000000001,1.80156672000885
737.4000000000001,1.828099012374878
737.5,1.8260003328323364
737.6,1.830314040184021
737.7,1.8418850898742676
737.8000000000001,1.843533992767334
737.9000000000001,1.8542335033416748
738.0,1.8795512914657593
738.1,1.9160332679748535
738.2,1.948612093925476
738.3000000000001,1.97872793674469
738.4000000000001,2.018101930618286
738.5,2.0500328540802
738.6,2.0788869857788086
738.7,2.0919101238250732
738.8000000000001,2.105069637298584
738.9000000000001,2.135749101638794
739.0,2.1637113094329834
739.1,2.177229404449463
739.2,2.202439785003662
739.3000000000001,2.209292411804199
739.4000000000001,2.2137820720672607
739.5,2.2231640815734863
739.6,2.2351717948913574
739.7,2.251915693283081
739.8000000000001,2.260089874267578
739.9000000000001,2.2505595684051514
740.0,2.2639615535736084
740.1,2.2986063957214355
740.2,2.331369638442993
740.3000000000001,2.3704657554626465
740.4000000000001,2.4089982509613037
740.5,2.4388251304626465
740.6,2.4839839935302734
740.7,2.497223138809204
740.8000000000001,2.527744770050049
740.9000000000001,2.5587899684906006
741.0,2.5728821754455566
741.1,2.5903215408325195
741.2,2.6137895584106445
741.3000000000001,2.601196050643921
741.4000000000001,2.600983142852783
741.5,2.597851514816284
741.6,2.594712495803833
741.7,2.5881736278533936
741.8000000000001,2.5799052715301514
741.9000000000001,2.570741653442383
742.0,2.5774335861206055
742.1,2.5756356716156006
742.2,2.552211046218872
742.3000000000001,2.53023099899292
742.4000000000001,2.518350839614868
742.5,2.4965734481811523
742.6,2.480940341949463
742.7,2.458279609680176
742.8000000000001,2.4545164108276367
742.9000000000001,2.4511139392852783
743.0,2.445742130279541
743.1,2.428522825241089
743.2,2.4235455989837646
743.3000000000001,2.414405345916748
743.4000000000001,2.4153192043304443
743.5,2.398770570755005
743.6,2.4110021591186523
743.7,2.4036121368408203
743.8000000000001,2.3961284160614014
743.9000000000001,2.3937599658966064
744.0,2.3905489444732666
744.1,2.4056224822998047
744.2,2.3936667442321777
744.3000000000001,2.36306095123291
744.4000000000001,2.363313913345337
744.5,2.348475694656372
744.6,2.3328051567077637
744.7,2.3576815128326416
744.8000000000001,2.3215911388397217
744.9000000000001,2.3306455612182617
745.0,2.3338310718536377
745.1,2.3223347663879395
745.2,2.3260087966918945
745.3000000000001,2.3059349060058594
745.4000000000001,2.323739528656006
745.5,2.3004915714263916
745.6,2.3130948543548584
745.7,2.299865961074829
745.8000000000001,2.3098528385162354
745.9000000000001,2.296973466873169
746.0,2.316493034362793
746.1,2.304417610168457
746.2,2.28948712348938
746.3000000000001,2.300905704498291
746.4000000000001,2.305868148803711
746.5,2.3106133937835693
746.6,2.3089566230773926
746.7,2.286587953567505
746.8000000000001,2.292128801345825
746.9000000000001,2.2940268516540527
747.0,2.293257236480713
747.1,2.2961137294769287
747.2,2.3046939373016357
747.3000000000001,2.293208599090576
747.4000000000001,2.298813581466675
747.5,2.3060238361358643
747.6,2.310192346572876
747.7,2.303886651992798
747.8000000000001,2.311709403991699
747.9000000000001,2.319638252258301
748.0,2.32182240486145
748.1,2.3332858085632324
748.2,2.314497947692871
748.3000000000001,2.3240859508514404
748.4000000000001,2.333868980407715
748.5,2.3185176849365234
748.6,2.3145904541015625
748.7,2.337517023086548
748.8000000000001,2.321106195449829
748.9000000000001,2.3427553176879883
749.0,2.320279121398926
749.1,2.3203608989715576
749.2,2.2940144538879395
749.3000000000001,2.311850070953369
749.4000000000001,2.304560661315918
749.5,2.301422357559204
749.6,2.31048321723938
749.7,2.3111681938171387
749.8000000000001,2.3149478435516357
749.9000000000001,2.324268341064453
750.0,2.3106529712677
750.1,2.3146209716796875
750.2,2.307922840118408
750.3000000000001,2.3226709365844727
750.4000000000001,2.325033664703369
750.5,2.315493106842041
750.6,2.308257818222046
750.7,2.316066265106201
750.8000000000001,2.3168675899505615
750.9000000000001,2.324509382247925
751.0,2.3282856941223145
751.1,2.370067596435547
751.2,2.3749375343322754
751.3000000000001,2.4040915966033936
751.4000000000001,2.4495232105255127
751.5,2.4776387214660645
751.6,2.4806525707244873
751.7,2.5148706436157227
751.8000000000001,2.5455105304718018
751.9000000000001,2.5521812438964844
752.0,2.5654819011688232
752.1,2.5739285945892334
752.2,2.5798611640930176
752.3000000000001,2.591716766357422
752.4000000000001,2.611632823944092
752.5,2.6137444972991943
752.6,2.628967523574829
752.7,2.6403684616088867
752.8000000000001,2.6504247188568115
752.9000000000001,2.634424924850464
753.0,2.6438937187194824
753.1,2.642976760864258
753.2,2.640754222869873
753.3000000000001,2.6431398391723633
753.4000000000001,2.6436944007873535
753.5,2.624695301055908
753.6,2.6030263900756836
753.7,2.6044657230377197
753.8000000000001,2.5949230194091797
753.9000000000001,2.585785388946533
754.0,2.588350772857666
754.1,2.592988967895508
754.2,2.5932416915893555
754.3000000000001,2.5936782360076904
754.4000000000001,2.584423542022705
754.5,2.5951483249664307
754.6,2.5991110801696777
754.7,2.597352981567383
754.8000000000001,2.6098334789276123
754.9000000000001,2.6026532649993896
755.0,2.606727123260498
755.1,2.61537766456604
755.2,2.5998597145080566
755.3000000000001,2.6145949363708496
755.4000000000001,2.619232654571533
755.5,2.6331915855407715
755.6,2.6333110332489014
755.7,2.643580913543701
755.8000000000001,2.644848108291626
755.9000000000001,2.6607539653778076
756.0,2.6672730445861816
756.1,2.6586544513702393
756.2,2.6612703800201416
756.3000000000001,2.6755001544952393
756.4000000000001,2.6636154651641846
756.5,2.6617043018341064
756.6,2.6837339401245117
756.7,2.686436653137207
756.8000000000001,2.6781606674194336
756.9000000000001,2.682136058807373
757.0,2.6999142169952393
757.1,2.682776689529419
757.2,2.690023899078369
757.3000000000001,2.695613145828247
757.4000000000001,2.6934077739715576
757.5,2.697639226913452
757.6,2.7037532329559326
757.7,2.7001166343688965
757.8000000000001,2.705238103866577
757.9000000000001,2.7036352157592773
758.0,2.7076618671417236
758.1,2.723541021347046
758.2,2.719261407852173
758.3000000000001,2.734795331954956
758.4000000000001,2.7269349098205566
758.5,2.7332992553710938
758.6,2.7197835445404053
758.7,2.717869281768799
758.8000000000001,2.7452404499053955
758.9000000000001,2.743513822555542
759.0,2.745487689971924
759.1,2.756117343902588
759.2,2.7339868545532227
759.3000000000001,2.752413272857666
759.4000000000001,2.76297664642334
759.5,2.7467010021209717
759.6,2.7428743839263916
759.7,2.7689082622528076
759.8000000000001,2.7620296478271484
759.9000000000001,2.744265556335449
760.0,2.7541239261627197
760.1,2.7788264751434326
760.2,2.771972894668579
760.3000000000001,2.7875776290893555
760.4000000000001,2.787950277328491
760.5,2.790849447250366
760.6,2.807304620742798
760.7,2.815095901489258
760.8000000000001,2.8143608570098877
760.9000000000001,2.8023974895477295
761.0,2.8223628997802734
761.1,2.8282415866851807
761.2,2.832369565963745
761.3000000000001,2.8369343280792236
761.4000000000001,2.820849657058716
761.5,2.824561357498169
761.6,2.808368444442749
761.7,2.807615280151367
761.8000000000001,2.7928781509399414
761.9000000000001,2.7857744693756104
762.0,2.7695751190185547
762.1,2.754772424697876
762.2,2.701878547668457
762.3000000000001,2.66545033454895
762.4000000000001,2.633141279220581
762.5,2.5844295024871826
762.6,2.546987533569336
762.7,2.5321273803710938
762.8000000000001,2.5049917697906494
762.9000000000001,2.478224754333496
763.0,2.444868326187134
763.1,2.428145170211792
763.2,2.4107718467712402
763.3000000000001,2.3947813510894775
763.4000000000001,2.3713154792785645
763.6,2.355398654937744
763.6,2.3479323387145996
763.7,2.3410420417785645
763.8000000000001,2.339139938354492
763.9000000000001,2.3261196613311768
764.0,2.324995994567871
764.1,2.3257429599761963
764.2,2.30361270904541
764.3000000000001,2.280099391937256
764.4000000000001,2.2232046127319336
764.5,2.190422296524048
764.6,2.1477608680725098
764.7,2.1159896850585938
764.8000000000001,2.0878820419311523
764.9000000000001,2.0520734786987305
765.0,2.0359416007995605
765.1,2.0053462982177734
765.2,1.98746657371521
765.3000000000001,1.964156150817871
765.4000000000001,1.9347057342529297
765.5,1.9422749280929565
765.6,1.921669840812683
765.7,1.9018117189407349
765.8000000000001,1.8953853845596313
765.9000000000001,1.8861963748931885
766.0,1.8768147230148315
766.1,1.8619191646575928
766.2,1.8698896169662476
766.3000000000001,1.8519428968429565
766.4000000000001,1.858121395111084
766.5,1.8153128623962402
766.6,1.7640756368637085
766.7,1.7318553924560547
766.8000000000001,1.6880556344985962
766.9000000000001,1.6676949262619019
767.0,1.6470470428466797
767.1,1.6159638166427612
767.2,1.5810927152633667
767.3000000000001,1.5588934421539307
767.4000000000001,1.547126293182373
767.5,1.5193735361099243
767.6,1.5167783498764038
767.7,1.4862418174743652
767.8000000000001,1.4614735841751099
767.9000000000001,1.464401125907898
768.0,1.4522814750671387
768.1,1.44603431224823
768.2,1.429458498954773
768.3000000000001,1.4301236867904663
768.4000000000001,1.4297714233398438
768.5,1.4138927459716797
768.6,1.4079477787017822
768.7,1.3740437030792236
768.8000000000001,1.3450762033462524
768.9000000000001,1.2951180934906006
769.0,1.2743622064590454
769.1,1.2350915670394897
769.2,1.221300482749939
769.3000000000001,1.193893551826477
769.4000000000001,1.1711280345916748
769.5,1.152002215385437
769.6,1.1280298233032227
769.7,1.1157197952270508
769.8000000000001,1.0877361297607422
769.9000000000001,1.0675747394561768
770.0,1.078208088874817
770.1,1.0647954940795898
770.2,1.0566387176513672
770.3000000000001,1.0587667226791382
770.4000000000001,1.0359026193618774
770.5,1.0333620309829712
770.6,1.0302430391311646
770.7,1.0236201286315918
770.8000000000001,0.9962204694747925
770.9000000000001,1.000378966331482
771.0,0.962648868560791
771.1,0.9265384078025818
771.2,0.9090657830238342
771.3000000000001,0.8822498321533203
771.4000000000001,0.8577178716659546
771.5,0.8436100482940674
771.6,0.8280553221702576
771.7,0.8131372928619385
771.8000000000001,0.7869678735733032
771.9000000000001,0.7795641422271729
772.0,0.7719019651412964
772.1,0.763337254524231
772.2,0.7427850961685181
772.3000000000001,0.7522019743919373
772.4000000000001,0.7375154495239258
772.5,0.7320106625556946
772.6,0.7344557642936707
772.7,0.7109560966491699
772.8000000000001,0.7125810980796814
772.9000000000001,0.7169490456581116
773.0,0.7140870094299316
773.1,0.6961842775344849
773.2,0.6738964319229126
773.3000000000001,0.6672726273536682
773.4000000000001,0.6496965289115906
773.5,0.6390792727470398
773.6,0.6306108832359314
773.7,0.6079883575439453
773.8000000000001,0.6086003184318542
773.9000000000001,0.6021755337715149
774.0,0.5912972092628479
774.1,0.5912991762161255
774.2,0.5990478992462158
774.3000000000001,0.5822439789772034
774.4000000000001,0.5910085439682007
774.5,0.5861151218414307
774.6,0.5874639749526978
774.7,0.5857878923416138
774.8000000000001,0.5749027729034424
774.9000000000001,0.5855589509010315
775.0,0.5888674259185791
775.1,0.5761197209358215
775.2,0.5848073363304138
775.3000000000001,0.5803236365318298
775.4000000000001,0.5846322774887085
775.5,0.5861529111862183
775.6,0.5975803732872009
775.7,0.599755585193634
775.8000000000001,0.6117508411407471
775.9000000000001,0.6068367958068848
776.0,0.6179222464561462
776.1,0.6251059174537659
776.2,0.6329593658447266
776.3000000000001,0.6385045647621155
776.4000000000001,0.6480515003204346
776.5,0.6515422463417053
776.6,0.6590114235877991
776.7,0.6666296720504761
776.8000000000001,0.6772623062133789
776.9000000000001,0.6628044843673706
777.0,0.6780044436454773
777.1,0.6827200055122375
777.2,0.6778581738471985
777.3000000000001,0.6754724383354187
777.4000000000001,0.6853997707366943
777.5,0.6823635101318359
777.6,0.6740361452102661
777.7,0.6762245297431946
777.8000000000001,0.6763656735420227
777.9000000000001,0.6735634207725525
778.0,0.6626795530319214
778.1,0.6653257608413696
778.2,0.6632869839668274
778.3000000000001,0.666707456111908
778.4000000000001,0.6644995212554932
778.5,0.6525613069534302
778.6,0.6445524096488953
778.7,0.6488321423530579
778.8000000000001,0.630632221698761
778.9000000000001,0.6486941576004028
779.0,0.6390703916549683
779.1,0.6122860908508301
779.2,0.6110892295837402
779.3000000000001,0.6003404855728149
779.4000000000001,0.5837976932525635
779.5,0.5684177875518799
779.6,0.549048662185669
779.7,0.5538815259933472
779.8000000000001,0.529312789440155
779.9000000000001,0.523309051990509
780.0,0.5362691879272461
780.1,0.5374740958213806
780.2,0.5237721800804138
780.3000000000001,0.5092520117759705
780.4000000000001,0.5210050940513611
780.5,0.5104875564575195
780.6,0.5148168206214905
780.7,0.5104429125785828
780.8000000000001,0.5211350917816162
780.9000000000001,0.5018964409828186
781.0,0.5150033831596375
781.1,0.5006224513053894
781.2,0.4996732175350189
781.3000000000001,0.4995318353176117
781.4000000000001,0.47762975096702576
781.5,0.47920045256614685
781.6,0.46324586868286133
781.7,0.4508233368396759
781.8000000000001,0.45565593242645264
781.9000000000001,0.45205214619636536
782.0,0.4348452389240265
782.1,0.4299167990684509
782.2,0.44320181012153625
782.3000000000001,0.4468727111816406
782.4000000000001,0.43904775381088257
782.5,0.4346906244754791
782.6,0.4450724124908447
782.7,0.4355665445327759
782.8000000000001,0.4395313858985901
782.9000000000001,0.4261581003665924
783.0,0.45123210549354553
783.1,0.4421865940093994
783.2,0.44516614079475403
783.3000000000001,0.4429225027561188
783.4000000000001,0.43981945514678955
783.5,0.4451936185359955
783.6,0.4418734014034271
783.7,0.45780497789382935
783.8000000000001,0.47548970580101013
783.9000000000001,0.47691595554351807
784.0,0.48331254720687866
784.1,0.4883576035499573
784.2,0.512914776802063
784.3000000000001,0.5179042816162109
784.4000000000001,0.5394068360328674
784.5,0.540608823299408
784.6,0.5523526668548584
784.7,0.5547918081283569
784.8000000000001,0.542312502861023
784.9000000000001,0.5359019637107849
785.0,0.5260921716690063
785.1,0.5406634211540222
785.2,0.5502508282661438
785.3000000000001,0.5355947613716125
785.4000000000001,0.5148904323577881
785.5,0.5319955945014954
785.6,0.5348354578018188
785.7,0.545001208782196
785.8000000000001,0.5288304686546326
785.9000000000001,0.546707272529602
786.0,0.529509961605072
786.1,0.5265491604804993
786.2,0.5417072176933289
786.3000000000001,0.5371301770210266
786.4000000000001,0.5440545082092285
786.5,0.5745324492454529
786.6,0.5921734571456909
786.7,0.5867425203323364
786.8000000000001,0.6064988970756531
786.9000000000001,0.611538827419281
787.0,0.634821891784668
787.1,0.6373639702796936
787.2,0.64579838514328
787.3000000000001,0.6595619320869446
787.4000000000001,0.6577838659286499
787.5,0.6624465584754944
787.6,0.6739236116409302
787.7,0.6861290335655212
787.8000000000001,0.6935219764709473
787.9000000000001,0.722465455532074
788.0,0.7387863993644714
788.1,0.7620945572853088
788.2,0.7613843083381653
788.3000000000001,0.7901626825332642
788.4000000000001,0.7915744185447693
788.5,0.7983542680740356
788.6,0.8079488277435303
788.7,0.8224841356277466
788.8000000000001,0.8207594752311707
788.9000000000001,0.8375666737556458
789.0,0.8249672055244446
789.1,0.836927056312561
789.2,0.8609907627105713
789.3000000000001,0.8705024719238281
789.4000000000001,0.8933684825897217
789.5,0.8987614512443542
789.6,0.9252741932868958
789.7,0.9305532574653625
789.8000000000001,0.9401261806488037
789.9000000000001,0.9356591105461121
790.0,0.9492145776748657
790.1,0.9588841199874878
790.2,0.9550780057907104
790.3000000000001,0.9589889049530029
790.4000000000001,0.9605966806411743
790.5,0.970680296421051
790.6,0.9656006693840027
790.7,0.9704533815383911
790.8000000000001,0.9834229350090027
790.9000000000001,0.9785609841346741
791.0,0.9938119053840637
791.1,0.9994325041770935
791.2,0.9957177639007568
791.3000000000001,0.9961935877799988
791.4000000000001,1.0041918754577637
791.5,0.9996879696846008
791.6,1.0081555843353271
791.7,1.0020968914031982
791.8000000000001,0.9887507557868958
791.9000000000001,1.007875919342041
792.0,1.0058966875076294
792.1,1.0052498579025269
792.2,1.01022207736969
792.3000000000001,1.019645094871521
792.4000000000001,1.0212243795394897
792.5,1.014704942703247
792.6,1.0283204317092896
792.7,1.020677924156189
792.8000000000001,1.0124942064285278
792.9000000000001,1.0329289436340332
793.0,1.0338125228881836
793.1,1.0342259407043457
793.2,1.0393308401107788
793.3000000000001,1.0277466773986816
793.4000000000001,1.041703701019287
793.5,1.0400110483169556
793.6,1.0402382612228394
793.7,1.0468056201934814
793.8000000000001,1.0489227771759033
793.9000000000001,1.0502411127090454
794.0,1.0505954027175903
794.1,1.0539636611938477
794.2,1.051586389541626
794.3000000000001,1.0381017923355103
794.4000000000001,1.0531485080718994
794.5,1.05266273021698
794.6,1.0684196949005127
794.7,1.0556061267852783
794.8000000000001,1.051890254020691
794.9000000000001,1.0630888938903809
795.0,1.0641359090805054
795.1,1.056957721710205
795.2,1.0646427869796753
795.3000000000001,1.0600730180740356
795.4000000000001,1.0733323097229004
795.5,1.0703223943710327
795.6,1.0770676136016846
795.7,1.0733637809753418
795.8000000000001,1.0674082040786743
795.9000000000001,1.0772771835327148
796.0,1.081578254699707
796.1,1.0712575912475586
796.2,1.07960045337677
796.3000000000001,1.0549368858337402
796.4000000000001,1.0819836854934692
796.5,1.0766795873641968
796.6,1.080529808998108
796.7,1.0717347860336304
796.8000000000001,1.0843966007232666
796.9000000000001,1.0720943212509155
797.0,1.0746254920959473
797.1,1.0647276639938354
797.2,1.0850895643234253
797.3000000000001,1.085233449935913
797.4000000000001,1.0791053771972656
797.5,1.0777199268341064
797.6,1.0890759229660034
797.7,1.0731475353240967
797.8000000000001,1.0734283924102783
797.9000000000001,1.07532799243927
798.0,1.077343225479126
798.1,1.0871728658676147
798.2,1.0667073726654053
798.3000000000001,1.074408769607544
798.4000000000001,1.0793006420135498
798.5,1.086892008781433
798.6,1.0729286670684814
798.7,1.0738499164581299
798.8000000000001,1.0721133947372437
798.9000000000001,1.0703237056732178
799.0,1.0786552429199219
799.1,1.0669676065444946
799.2,1.065818428993225
799.3000000000001,1.0769249200820923
799.4000000000001,1.0681551694869995
799.5,1.0593279600143433
799.6,1.0751110315322876
799.7,1.0717443227767944
799.8000000000001,1.0716056823730469
799.9000000000001,1.0677262544631958
800.0,1.0548138618469238
800.1,1.0766565799713135
800.2,1.0704022645950317
800.3000000000001,1.064847469329834
800.4000000000001,1.061799168586731
800.5,1.0638604164123535
800.6,1.0697081089019775
800.7,1.0599591732025146
800.8000000000001,1.049532413482666
800.9000000000001,1.0511749982833862
801.0,1.0314334630966187
801.1,1.0376454591751099
801.2,1.0481679439544678
801.3000000000001,1.0498671531677246
801.4000000000001,1.0517616271972656
801.5,1.0586744546890259
801.6,1.0582330226898193
801.7,1.0537902116775513
801.8000000000001,1.0294616222381592
801.9000000000001,1.0350195169448853
802.0,1.0223262310028076
802.1,1.0177081823349
802.2,1.0152122974395752
802.3000000000001,1.0042853355407715
802.4000000000001,1.0230636596679688
802.5,1.033665418624878
802.6,1.0219494104385376
802.7,1.031287670135498
802.8000000000001,1.0368455648422241
802.9000000000001,1.0320758819580078
803.0,1.0515118837356567
803.1,1.0484172105789185
803.2,1.0458574295043945
803.3000000000001,1.0351465940475464
803.4000000000001,1.054818868637085
803.5,1.058349847793579
803.6,1.0505770444869995
803.7,1.0477122068405151
803.8000000000001,1.0395511388778687
803.9000000000001,1.0192841291427612
804.0,0.9831233024597168
804.1,0.9600204825401306
804.2,0.9356949925422668
804.3000000000001,0.9229272603988647
804.4000000000001,0.8993409276008606
804.5,0.8825482130050659
804.6,0.8660466074943542
804.7,0.8468691110610962
804.8000000000001,0.8467483520507812
804.9000000000001,0.8362939357757568
805.0,0.8205945491790771
805.1,0.8045680522918701
805.2,0.8113574385643005
805.3000000000001,0.7915628552436829
805.4000000000001,0.8040800094604492
805.5,0.7773261070251465
805.6,0.7785903811454773
805.7,0.7680116891860962
805.8000000000001,0.7434512376785278
805.9000000000001,0.7511573433876038
806.0,0.7476223111152649
806.1,0.7494864463806152
806.2,0.74603271484375
806.3000000000001,0.7415688037872314
806.4000000000001,0.7632462978363037
806.5,0.7593592405319214
806.6,0.7745115160942078
806.7,0.7750568985939026
806.8000000000001,0.7864170670509338
806.9000000000001,0.8018910884857178
807.0,0.8084245920181274
807.1,0.8211147785186768
807.2,0.8360223770141602
807.3000000000001,0.8474661111831665
807.4000000000001,0.8431694507598877
807.5,0.8653401136398315
807.6,0.859265923500061
807.7,0.8688623905181885
807.8000000000001,0.8740383386611938
807.9000000000001,0.8776625394821167
808.0,0.8947067856788635
808.1,0.8898640275001526
808.2,0.8869531154632568
808.3000000000001,0.9060750007629395
808.4000000000001,0.9018957018852234
808.5,0.8924562335014343
808.6,0.900388777256012
808.7,0.9057187438011169
808.8000000000001,0.9145086407661438
808.9000000000001,0.928083598613739
809.0,0.9431779980659485
809.1,0.9485105276107788
809.2,0.9643149971961975
809.3000000000001,0.9728540778160095
809.4000000000001,0.9826197624206543
809.5,1.0011732578277588
809.6,1.002300500869751
809.7,0.9915496706962585
809.8000000000001,1.0126956701278687
809.9000000000001,1.007989525794983
810.0,1.0103217363357544
810.1,1.0238722562789917
810.2,1.026963233947754
810.3000000000001,1.04873788356781
810.4000000000001,1.0792077779769897
810.5,1.1177483797073364
810.6,1.1497735977172852
810.7,1.1846685409545898
810.8000000000001,1.2178829908370972
810.9000000000001,1.2513911724090576
811.0,1.2767099142074585
811.1,1.30775785446167
811.2,1.328452467918396
811.3000000000001,1.3485045433044434
811.4000000000001,1.3671938180923462
811.5,1.3909261226654053
811.6,1.4027965068817139
811.7,1.3915295600891113
811.8000000000001,1.4262135028839111
811.9000000000001,1.4157001972198486
812.0,1.4464322328567505
812.1,1.4358307123184204
812.2,1.4448405504226685
812.3000000000001,1.4597046375274658
812.4000000000001,1.5036611557006836
812.5,1.5438101291656494
812.6,1.5828964710235596
812.7,1.622178554534912
812.8000000000001,1.6484782695770264
812.9000000000001,1.6939114332199097
813.0,1.7323566675186157
813.1,1.7465720176696777
813.2,1.7852431535720825
813.3000000000001,1.7885782718658447
813.4000000000001,1.8183211088180542
813.5,1.8414770364761353
813.6,1.8634017705917358
813.7,1.8758431673049927
813.8000000000001,1.8864291906356812
813.9000000000001,1.884521722793579
814.0,1.911316990852356
814.1,1.904820203781128
814.2,1.9168226718902588
814.3000000000001,1.9159921407699585
814.4000000000001,1.9509605169296265
814.5,1.9847073554992676
814.6,2.0232810974121094
814.7,2.0612716674804688
814.8000000000001,2.1011786460876465
814.9000000000001,2.1398255825042725
815.0,2.1669135093688965
815.1,2.2088797092437744
815.2,2.2337090969085693
815.3000000000001,2.260721206665039
815.4000000000001,2.288261890411377
815.5,2.312190532684326
815.6,2.331672191619873
815.7,2.3471601009368896
815.8000000000001,2.351106643676758
815.9000000000001,2.371063232421875
816.0,2.387310743331909
816.1,2.392310857772827
816.2,2.394770860671997
816.3000000000001,2.41713547706604
816.4000000000001,2.408892869949341
816.5,2.434162139892578
816.6,2.472121000289917
816.7,2.4945170879364014
816.8000000000001,2.5540428161621094
816.9000000000001,2.6067092418670654
817.0,2.623676300048828
817.1,2.6587579250335693
817.2,2.6979525089263916
817.3000000000001,2.718981981277466
817.4000000000001,2.743682861328125
817.5,2.7818896770477295
817.6,2.784717082977295
817.7,2.819093704223633
817.8000000000001,2.8415956497192383
817.9000000000001,2.858241081237793
818.0,2.874310255050659
818.1,2.8667094707489014
818.2,2.890998363494873
818.3000000000001,2.903852939605713
818.4000000000001,2.9037764072418213
818.5,2.912022352218628
818.6,2.907668113708496
818.7,2.953275203704834
818.8000000000001,3.004305362701416
818.9000000000001,3.0469398498535156
819.0,3.0873968601226807
819.1,3.129234790802002
819.2,3.1213090419769287
819.3000000000001,3.1330010890960693
819.4000000000001,3.1283833980560303
819.5,3.1250696182250977
819.6,3.1133546829223633
819.7,3.115081548690796
819.8000000000001,3.1128408908843994
819.9000000000001,3.1068601608276367
820.0,3.1063809394836426
820.1,3.1037466526031494
820.2,3.1106226444244385
820.3000000000001,3.1044137477874756
820.4000000000001,3.1137197017669678
820.5,3.0839717388153076
820.6,3.093283176422119
820.7,3.1046953201293945
820.8000000000001,3.082066059112549
820.9000000000001,3.064967155456543
821.0,3.02628493309021
821.1,2.9962844848632812
821.2,2.9837989807128906
821.3000000000001,2.9482240676879883
821.4000000000001,2.9231650829315186
821.5,2.8955140113830566
821.6,2.866281509399414
821.7,2.849867105484009
821.8000000000001,2.8407604694366455
821.9000000000001,2.820834159851074
822.0,2.790734052658081
822.1,2.78293776512146
822.2,2.7806310653686523
822.3000000000001,2.763753890991211
822.4000000000001,2.756399154663086
822.5,2.755495309829712
822.6,2.7436625957489014
822.7,2.7433860301971436
822.8000000000001,2.7258503437042236
822.9000000000001,2.726961135864258
823.0,2.7253336906433105
823.1,2.7206852436065674
823.2,2.722140073776245
823.3000000000001,2.701164960861206
823.4000000000001,2.7180211544036865
823.5,2.7250304222106934
823.6,2.7287585735321045
823.7,2.739212989807129
823.8000000000001,2.7468514442443848
823.9000000000001,2.734682559967041
824.0,2.7383852005004883
824.1,2.7477355003356934
824.2,2.7341134548187256
824.3000000000001,2.7546138763427734
824.4000000000001,2.744901657104492
824.5,2.7353713512420654
824.6,2.743715524673462
824.7,2.7405691146850586
824.8000000000001,2.752692461013794
824.9000000000001,2.7301952838897705
825.0,2.7422990798950195
825.1,2.7384185791015625
825.2,2.7463042736053467
825.3000000000001,2.740866184234619
825.4000000000001,2.734288215637207
825.5,2.694249391555786
825.6,2.6629559993743896
825.7,2.613579750061035
825.8000000000001,2.5982227325439453
825.9000000000001,2.577277660369873
826.0,2.556877613067627
826.1,2.5241637229919434
826.2,2.5131256580352783
826.3000000000001,2.4934024810791016
826.4000000000001,2.488537073135376
826.5,2.481259822845459
826.6,2.4662692546844482
826.7,2.4523239135742188
826.8000000000001,2.4327785968780518
826.9000000000001,2.416628837585449
827.0,2.4211041927337646
827.1,2.4097132682800293
827.2,2.402923583984375
827.3000000000001,2.396712303161621
827.4000000000001,2.4000232219696045
827.5,2.3971450328826904
827.6,2.3945820331573486
827.7,2.402970552444458
827.8000000000001,2.413116455078125
827.9000000000001,2.4264116287231445
828.0,2.429020643234253
828.1,2.4317102432250977
828.2,2.434464693069458
828.3000000000001,2.436929225921631
828.4000000000001,2.451090097427368
828.5,2.4623327255249023
828.6,2.4306766986846924
828.7,2.4344301223754883
828.8000000000001,2.4314420223236084
828.9000000000001,2.447720766067505
829.0,2.4299814701080322
829.1,2.432485342025757
829.2,2.444488286972046
829.3000000000001,2.4429092407226562
829.4000000000001,2.4432339668273926
829.5,2.4278197288513184
829.6,2.4305806159973145
829.7,2.421186685562134
829.8000000000001,2.4513330459594727
829.9000000000001,2.4426209926605225
830.0,2.45571231842041
830.1,2.4870643615722656
830.2,2.4905083179473877
830.3000000000001,2.5046496391296387
830.4000000000001,2.5197954177856445
830.5,2.529421091079712
830.6,2.5385358333587646
830.7,2.5555453300476074
830.8000000000001,2.565490484237671
830.9000000000001,2.584865093231201
831.0,2.585240364074707
831.1,2.595982074737549
831.2,2.612675905227661
831.3000000000001,2.6135454177856445
831.4000000000001,2.632505178451538
831.5,2.6234257221221924
831.6,2.621237277984619
831.7,2.6362617015838623
831.8000000000001,2.6400225162506104
831.9000000000001,2.658524751663208
832.0,2.6469082832336426
832.1,2.662473440170288
832.2,2.67201566696167
832.3000000000001,2.7006750106811523
832.4000000000001,2.7278900146484375
832.5,2.7541496753692627
832.6,2.7706964015960693
832.7,2.797088623046875
832.8000000000001,2.8236074447631836
832.9000000000001,2.846627712249756
833.0,2.8675665855407715
833.1,2.8878495693206787
833.2,2.8873612880706787
833.3000000000001,2.9099881649017334
833.4000000000001,2.916266441345215
833.5,2.943336009979248
833.6,2.9472506046295166
833.7,2.952035427093506
833.8000000000001,2.9634242057800293
833.9000000000001,2.976893663406372
834.0,2.978306531906128
834.1,2.9793596267700195
834.2,2.984549045562744
834.3000000000001,2.972665786743164
834.4000000000001,3.013141393661499
834.5,3.046813488006592
834.6,2.9882395267486572
834.7,2.9563632011413574
834.8000000000001,2.9042611122131348
834.9000000000001,2.891960382461548
835.0,2.8439319133758545
835.1,2.822160243988037
835.2,2.785944700241089
835.3000000000001,2.7666478157043457
835.4000000000001,2.7507824897766113
835.5,2.729369878768921
835.6,2.7089273929595947
835.7,2.6956257820129395
835.8000000000001,2.6918134689331055
835.9000000000001,2.6719858646392822
836.0,2.657932996749878
836.1,2.661034345626831
836.2,2.654561996459961
836.3000000000001,2.6392929553985596
836.4000000000001,2.632709264755249
836.5,2.604499101638794
836.6,2.551082134246826
836.7,2.5023844242095947
836.8000000000001,2.4651975631713867
836.9000000000001,2.424738645553589
837.0,2.3796918392181396
837.1,2.3693795204162598
837.2,2.3326525688171387
837.3000000000001,2.3089661598205566
837.4000000000001,2.281068801879883
837.5,2.2537589073181152
837.6,2.224790334701538
837.7,2.229590892791748
837.8000000000001,2.200526237487793
837.9000000000001,2.1816444396972656
838.0,2.183483362197876
838.1,2.1679141521453857
838.2,2.1640522480010986
838.3000000000001,2.1539134979248047
838.4000000000001,2.1420774459838867
838.5,2.1379294395446777
838.6,2.1368401050567627
838.7,2.095500946044922
838.8000000000001,2.048222064971924
838.9000000000001,2.001304864883423
839.0,1.9552850723266602
839.1,1.9221638441085815
839.2,1.896497130393982
839.3000000000001,1.8519483804702759
839.4000000000001,1.8214154243469238
839.5,1.7953038215637207
839.6,1.7834712266921997
839.7,1.748449444770813
839.8000000000001,1.7419180870056152
839.9000000000001,1.7103952169418335
840.0,1.7071772813796997
840.1,1.6929446458816528
840.2,1.6795101165771484
840.3000000000001,1.672221064567566
840.4000000000001,1.6550637483596802
840.5,1.6564685106277466
840.6,1.6424713134765625
840.7,1.6347118616104126
840.8000000000001,1.6267082691192627
840.9000000000001,1.600990653038025
841.0,1.5516148805618286
841.1,1.5060911178588867
841.2,1.4540915489196777
841.3000000000001,1.4294373989105225
841.4000000000001,1.3917211294174194
841.5,1.3627057075500488
841.6,1.3376129865646362
841.7,1.3153883218765259
841.8000000000001,1.2859140634536743
841.9000000000001,1.2580331563949585
842.0,1.2390938997268677
842.1,1.2038804292678833
842.2,1.2093868255615234
842.3000000000001,1.1987875699996948
842.4000000000001,1.1877846717834473
842.5,1.1699302196502686
842.6,1.1542749404907227
842.7,1.1422882080078125
842.8000000000001,1.1390899419784546
842.9000000000001,1.1370811462402344
843.0,1.1267446279525757
843.1,1.0973553657531738
843.2,1.0501843690872192
843.3000000000001,1.0124454498291016
843.4000000000001,0.9618360996246338
843.5,0.9315723776817322
843.6,0.8982922434806824
843.7,0.8724696636199951
843.8000000000001,0.8405872583389282
843.9000000000001,0.7994999885559082
844.0,0.7760957479476929
844.1,0.7646920680999756
844.2,0.7371134161949158
844.3000000000001,0.7260974645614624
844.4000000000001,0.7145763635635376
844.5,0.6901612281799316
844.6,0.6922928690910339
844.7,0.6829593777656555
844.8000000000001,0.6484998464584351
844.9000000000001,0.6624764204025269
845.0,0.6454347372055054
845.1,0.6378636956214905
845.2,0.6244535446166992
845.3000000000001,0.6162562966346741
845.4000000000001,0.6199978590011597
845.5,0.6181871891021729
845.6,0.6264006495475769
845.7,0.6508046984672546
845.8000000000001,0.6618837714195251
845.9000000000001,0.6693363785743713
846.0,0.6858111023902893
846.1,0.6831912398338318
846.2,0.6853405237197876
846.3000000000001,0.696746289730072
846.4000000000001,0.6821969151496887
846.5,0.7007918357849121
846.6,0.697475790977478
846.7,0.7033565640449524
846.8000000000001,0.7059593200683594
846.9000000000001,0.7041778564453125
847.0,0.7110269665718079
847.1,0.7160829305648804
847.2,0.714474618434906
847.3000000000001,0.7206912040710449
847.4000000000001,0.7043269872665405
847.5,0.6935425996780396
847.6,0.6689262390136719
847.7,0.6461324691772461
847.8000000000001,0.6351087093353271
847.9000000000001,0.6282652020454407
848.0,0.6111873984336853
848.1,0.5982349514961243
848.2,0.5914278030395508
848.3000000000001,0.599626898765564
848.4000000000001,0.5881519317626953
848.5,0.5748100876808167
848.6,0.5719217658042908
848.7,0.5659410953521729
848.8000000000001,0.5594294667243958
848.9000000000001,0.5507409572601318
849.0,0.5515565872192383
849.1,0.5654627680778503
849.2,0.5659051537513733
849.3000000000001,0.5665925741195679
849.4000000000001,0.5869331955909729
849.5,0.585528552532196
849.6,0.6001933217048645
849.7,0.6010755896568298
849.8000000000001,0.6073427796363831
849.9000000000001,0.6040774583816528
850.0,0.6105865240097046
850.1,0.5949428081512451
850.2,0.6030923128128052
850.3000000000001,0.5966153144836426
850.4000000000001,0.6024863123893738
850.5,0.607113778591156
850.6,0.6191538572311401
850.7,0.6146865487098694
850.8000000000001,0.6260321736335754
850.9000000000001,0.6222524642944336
851.0,0.6388887166976929
851.1,0.6464838981628418
851.2,0.651255190372467
851.3000000000001,0.6666050553321838
851.4000000000001,0.6710108518600464
851.5,0.6790550947189331
851.6,0.6712024211883545
851.7,0.6796714067459106
851.8000000000001,0.6822012066841125
851.9000000000001,0.6921140551567078
852.0,0.6932988166809082
852.1,0.6878049373626709
852.2,0.6857170462608337
852.3000000000001,0.6835135221481323
852.4000000000001,0.6852632761001587
852.5,0.6958274841308594
852.6,0.7240627408027649
852.7,0.747016966342926
852.8000000000001,0.768803060054779
852.9000000000001,0.7920135855674744
853.0,0.800129771232605
853.1,0.8111956715583801
853.2,0.828198254108429
853.3000000000001,0.8194274306297302
853.4000000000001,0.8540831208229065
853.5,0.8574557304382324
853.6,0.8576138019561768
853.7,0.8690412640571594
853.8000000000001,0.8798016309738159
853.9000000000001,0.9102284908294678
854.0,0.9530823826789856
854.1,1.0031890869140625
854.2,1.051292061805725
854.3000000000001,1.0793392658233643
854.4000000000001,1.1229039430618286
854.5,1.1504205465316772
854.6,1.185354471206665
854.7,1.2112764120101929
854.8000000000001,1.2163801193237305
854.9000000000001,1.2656038999557495
855.0,1.2590364217758179
855.1,1.2938604354858398
855.2,1.3172141313552856
855.3000000000001,1.3027710914611816
855.4000000000001,1.3107131719589233
855.5,1.3458149433135986
855.6,1.3408000469207764
855.7,1.3516966104507446
855.8000000000001,1.3587206602096558
855.9000000000001,1.3686437606811523
856.0,1.3967691659927368
856.1,1.4437649250030518
856.2,1.4910176992416382
856.3000000000001,1.5384961366653442
856.4000000000001,1.5720888376235962
856.5,1.6110098361968994
856.6,1.6542164087295532
856.7,1.677436113357544
856.8000000000001,1.694638729095459
856.9000000000001,1.7190802097320557
857.0,1.7438446283340454
857.1,1.767440676689148
857.2,1.7918730974197388
857.3000000000001,1.794713020324707
857.4000000000001,1.8238457441329956
857.5,1.8200575113296509
857.6,1.8301225900650024
857.7,1.8396022319793701
857.8000000000001,1.8604732751846313
857.9000000000001,1.8627287149429321
858.0,1.8569992780685425
858.1,1.8650168180465698
858.2,1.9049677848815918
858.3000000000001,1.9555469751358032
858.4000000000001,1.992364764213562
858.5,2.0456089973449707
858.6,2.0622119903564453
858.7,2.114556074142456
858.8000000000001,2.1435790061950684
858.9000000000001,2.171476364135742
859.0,2.189605474472046
859.1,2.2074575424194336
859.2,2.2442445755004883
859.3000000000001,2.2622342109680176
859.4000000000001,2.275864601135254
859.5,2.302949905395508
859.6,2.3018622398376465
859.7,2.320416212081909
859.8000000000001,2.3295950889587402
859.9000000000001,2.33154034614563
860.0,2.364258050918579
860.1,2.36872935295105
860.2,2.366859197616577
860.3000000000001,2.3731517791748047
860.4000000000001,2.414794921875
860.5,2.4712908267974854
860.6,2.5084733963012695
860.7,2.55796217918396
860.8000000000001,2.584953546524048
860.9000000000001,2.609140396118164
861.0,2.652017116546631
861.1,2.6816489696502686
861.2,2.6965296268463135
861.3000000000001,2.728153705596924
861.4000000000001,2.7557718753814697
861.5,2.781770944595337
861.6,2.787106990814209
861.7,2.8062291145324707
861.8000000000001,2.8026230335235596
861.9000000000001,2.787973403930664
862.0,2.7862493991851807
862.1,2.7608933448791504
862.2,2.740546464920044
862.3000000000001,2.750401735305786
862.4000000000001,2.7260453701019287
862.5,2.7089381217956543
862.6,2.7073757648468018
862.7,2.694363594055176
862.8000000000001,2.678767442703247
862.9000000000001,2.6682727336883545
863.0,2.6566243171691895
863.1,2.657395124435425
863.2,2.650264024734497
863.3000000000001,2.6366117000579834
863.4000000000001,2.6155176162719727
863.5,2.6262128353118896
863.6,2.622545003890991
863.7,2.632561683654785
863.8000000000001,2.6280412673950195
863.9000000000001,2.6263792514801025
864.0,2.6167314052581787
864.1,2.620305299758911
864.2,2.6155128479003906
864.3000000000001,2.6145577430725098
864.4000000000001,2.6150901317596436
864.5,2.6189792156219482
864.6,2.607452392578125
864.7,2.6040117740631104
864.8000000000001,2.6008079051971436
864.9000000000001,2.5934009552001953
865.0,2.5999703407287598
865.1,2.6012890338897705
865.2,2.5932109355926514
865.3000000000001,2.581047773361206
865.4000000000001,2.5662665367126465
865.5,2.5601017475128174
865.6,2.550055742263794
865.7,2.523613452911377
865.8000000000001,2.5281002521514893
865.9000000000001,2.523277997970581
866.0,2.5092198848724365
866.1,2.506978988647461
866.2,2.5017611980438232
866.3000000000001,2.485260248184204
866.4000000000001,2.482177495956421
866.5,2.4798693656921387
866.6,2.469510078430176
866.7,2.4678232669830322
866.8000000000001,2.4606375694274902
866.9000000000001,2.462510585784912
867.0,2.4559621810913086
867.1,2.4690897464752197
867.2,2.462496280670166
867.3000000000001,2.4739789962768555
867.4000000000001,2.476869583129883
867.5,2.492398738861084
867.6,2.4943902492523193
867.7,2.4922616481781006
867.8000000000001,2.500178337097168
867.9000000000001,2.4976181983947754
868.0,2.5115296840667725
868.1,2.4963157176971436
868.2,2.477790594100952
868.3000000000001,2.461526870727539
868.4000000000001,2.452272653579712
868.5,2.4460229873657227
868.6,2.4347763061523438
868.7,2.4277379512786865
868.8000000000001,2.4313318729400635
868.9000000000001,2.4332897663116455
869.0,2.4284489154815674
869.1,2.4276838302612305
869.2,2.434509515762329
869.3000000000001,2.4190104007720947
869.4000000000001,2.4221131801605225
869.5,2.4327433109283447
869.6,2.4143471717834473
869.7,2.4366893768310547
869.8000000000001,2.4402198791503906
869.9000000000001,2.470404624938965
870.0,2.519040107727051
870.1,2.548882007598877
870.2,2.5952019691467285
870.3000000000001,2.619551420211792
870.4000000000001,2.6609296798706055
870.5,2.6912896633148193
870.6,2.7120614051818848
870.7,2.733861207962036
870.8000000000001,2.763239622116089
870.9000000000001,2.777742624282837
871.0,2.8023719787597656
871.1,2.8291537761688232
871.2,2.834475517272949
871.3000000000001,2.852843999862671
871.4000000000001,2.8535826206207275
871.5,2.863767385482788
871.6,2.892324209213257
871.7,2.9003190994262695
871.8000000000001,2.927644968032837
871.9000000000001,2.9156410694122314
872.0,2.936642646789551
872.1,2.9461750984191895
872.2,2.951653003692627
872.3000000000001,2.9613585472106934
872.4000000000001,2.9653472900390625
872.5,2.962416172027588
872.6,2.9407544136047363
872.7,2.9267146587371826
872.8000000000001,2.9423751831054688
872.9000000000001,2.9106638431549072
873.0,2.8968684673309326
873.1,2.8895134925842285
873.2,2.878675699234009
873.3000000000001,2.8586623668670654
873.4000000000001,2.829251527786255
873.5,2.8396549224853516
873.6,2.8398971557617188
873.7,2.831320285797119
873.8000000000001,2.823767900466919
873.9000000000001,2.820835828781128
874.0,2.805129051208496
874.1,2.8058927059173584
874.2,2.815150499343872
874.3000000000001,2.8039915561676025
874.4000000000001,2.8167378902435303
874.5,2.7957944869995117
874.6,2.8005008697509766
874.7,2.7975564002990723
874.8000000000001,2.798661231994629
874.9000000000001,2.7766194343566895
875.0,2.791161060333252
875.1,2.7940821647644043
875.2,2.7892749309539795
875.3000000000001,2.812732219696045
875.4000000000001,2.8205745220184326
875.5,2.848234176635742
875.6,2.8517394065856934
875.7,2.871295928955078
875.8000000000001,2.8874270915985107
875.9000000000001,2.8768930435180664
876.0,2.903588056564331
876.1,2.90950083732605
876.2,2.932969331741333
876.3000000000001,2.936356782913208
876.4000000000001,2.9490957260131836
876.5,2.9484198093414307
876.6,2.9341468811035156
876.7,2.949251651763916
876.8000000000001,2.951206684112549
876.9000000000001,2.948575496673584
877.0,2.9382596015930176
877.1,2.9523963928222656
877.2,2.956585168838501
877.3000000000001,2.985631227493286
877.4000000000001,2.990356206893921
877.5,2.9913041591644287
877.6,2.9887309074401855
877.7,2.9848291873931885
877.8000000000001,2.9694879055023193
877.9000000000001,2.9586005210876465
878.0,2.9393398761749268
878.1,2.9295854568481445
878.2,2.916506052017212
878.3000000000001,2.911557674407959
878.4000000000001,2.9100379943847656
878.5,2.9045584201812744
878.6,2.8902525901794434
878.7,2.8606252670288086
878.8000000000001,2.8704161643981934
878.9000000000001,2.8648698329925537
879.0,2.8643062114715576
879.1,2.8677334785461426
879.2,2.877533435821533
879.3000000000001,2.876157522201538
879.4000000000001,2.8611202239990234
879.5,2.8740310668945312
879.6,2.879225969314575
879.7,2.8655929565429688
879.8000000000001,2.8810036182403564
879.9000000000001,2.8679089546203613
880.0,2.865173101425171
880.1,2.8953185081481934
880.2,2.8955399990081787
880.3000000000001,2.9007513523101807
880.4000000000001,2.8987667560577393
880.5,2.921055793762207
880.6,2.9256231784820557
880.7,2.9376752376556396
880.8000000000001,2.9360878467559814
880.9000000000001,2.9356985092163086
881.0,2.946549654006958
881.1,2.956533193588257
881.2,2.958348274230957
881.3000000000001,2.965785264968872
881.4000000000001,2.9624366760253906
881.5,2.9751768112182617
881.6,2.9681129455566406
881.7,2.9669082164764404
881.8000000000001,2.962704658508301
881.9000000000001,2.9636871814727783
882.0,2.9447994232177734
882.1,2.9328558444976807
882.2,2.9115004539489746
882.3000000000001,2.9195780754089355
882.4000000000001,2.9297518730163574
882.5,2.9225876331329346
882.6,2.9394500255584717
882.7,2.944908618927002
882.8000000000001,2.9399867057800293
882.9000000000001,2.9469799995422363
883.0,2.949172258377075
883.1,2.9397547245025635
883.2,2.9371395111083984
883.3000000000001,2.945181131362915
883.4000000000001,2.931842565536499
883.5,2.944490432739258
883.6,2.9301297664642334
883.7,2.931238889694214
883.8000000000001,2.9313619136810303
883.9000000000001,2.913954973220825
884.0,2.913510322570801
884.1,2.919848680496216
884.2,2.9144608974456787
884.3000000000001,2.9188687801361084
884.4000000000001,2.9213078022003174
884.5,2.9191620349884033
884.6,2.9179060459136963
884.7,2.9259371757507324
884.8000000000001,2.9184257984161377
884.9000000000001,2.917602062225342
885.0,2.9197680950164795
885.1,2.9116244316101074
885.2,2.891239881515503
885.3000000000001,2.8404645919799805
885.4000000000001,2.796755790710449
885.5,2.7539467811584473
885.6,2.69480037689209
885.7,2.653517484664917
885.8000000000001,2.6164205074310303
885.9000000000001,2.5588295459747314
886.0,2.5234174728393555
886.1,2.4807748794555664
886.2,2.4321601390838623
886.3000000000001,2.4013469219207764
886.4000000000001,2.354443311691284
886.5,2.312284231185913
886.6,2.2819759845733643
886.7,2.2638132572174072
886.8000000000001,2.2430944442749023
886.9000000000001,2.220292091369629
887.0,2.193836212158203
887.1,2.190908432006836
887.2,2.158175468444824
887.3000000000001,2.155352830886841
887.4000000000001,2.140350818634033
887.5,2.1167960166931152
887.6,2.124074935913086
887.7,2.120023012161255
887.8000000000001,2.106048107147217
887.9000000000001,2.093017101287842
888.0,2.1004788875579834
888.1,2.0671072006225586
888.2,2.080080032348633
888.3000000000001,2.06845760345459
888.4000000000001,2.0605363845825195
888.5,2.0585010051727295
888.6,2.0699281692504883
888.7,2.0759851932525635
888.8000000000001,2.0847671031951904
888.9000000000001,2.077204704284668
889.0,2.08086895942688
889.1,2.0713515281677246
889.2,2.0896410942077637
889.3000000000001,2.062810182571411
889.4000000000001,2.075568199157715
889.5,2.0672507286071777
889.6,2.0796256065368652
889.7,2.0634005069732666
889.8000000000001,2.071683645248413
889.9000000000001,2.0659022331237793
890.0,2.070142984390259
890.1,2.0561983585357666
890.2,2.0632333755493164
890.3000000000001,2.062256097793579
890.4000000000001,2.0457074642181396
890.5,2.0368456840515137
890.6,1.968212604522705
890.7,1.9591379165649414
890.8000000000001,1.9423556327819824
890.9000000000001,1.9075055122375488
891.0,1.8873984813690186
891.1,1.8637579679489136
891.2,1.8513344526290894
891.3000000000001,1.8496836423873901
891.4000000000001,1.8185293674468994
891.5,1.8172541856765747
891.6,1.802613615989685
891.7,1.793253779411316
891.8000000000001,1.788702368736267
891.9000000000001,1.7724937200546265
892.0,1.7660282850265503
892.1,1.7680785655975342
892.2,1.7485147714614868
892.3000000000001,1.7475192546844482
892.4000000000001,1.7390729188919067
892.5,1.7449121475219727
892.6,1.7584824562072754
892.7,1.771297812461853
892.8000000000001,1.7617998123168945
892.9000000000001,1.7891734838485718
893.0,1.7911330461502075
893.1,1.810560703277588
893.2,1.8023406267166138
893.3000000000001,1.8164145946502686
893.4000000000001,1.8210862874984741
893.5,1.8132389783859253
893.6,1.827907919883728
893.7,1.8092421293258667
893.8000000000001,1.8192927837371826
893.9000000000001,1.81475031375885
894.0,1.8168617486953735
894.1,1.8058757781982422
894.2,1.7971835136413574
894.3000000000001,1.815093994140625
894.4000000000001,1.8173182010650635
894.5,1.808397650718689
894.6,1.8130913972854614
894.7,1.818192958831787
894.8000000000001,1.8335574865341187
894.9000000000001,1.846804141998291
895.0,1.8747347593307495
895.1,1.9080818891525269
895.2,1.927261471748352
895.3000000000001,1.9703019857406616
895.4000000000001,0.12901785969734192
895.5,1.9782582521438599
895.6,1.9714099168777466
895.7,1.9759488105773926
895.8000000000001,1.977939486503601
895.9000000000001,1.971272587776184
896.0,1.9846484661102295
896.1,1.9779058694839478
896.2,1.9742480516433716
896.3000000000001,1.977315068244934
896.4000000000001,1.9793429374694824
896.5,1.963953971862793
896.6,1.9730985164642334
896.7,1.967848777770996
896.8000000000001,1.971404790878296
896.9000000000001,1.9741953611373901
897.0,1.9712566137313843
897.1,1.97431480884552
897.2,1.9687844514846802
897.3000000000001,1.956478476524353
897.4000000000001,1.9625968933105469
897.5,1.9574699401855469
897.6,1.962714672088623
897.7,1.9608945846557617
897.8000000000001,1.9437888860702515
897.9000000000001,1.961234211921692
898.0,1.9441126585006714
898.1,1.953383207321167
898.2,1.937972068786621
898.3000000000001,1.9543070793151855
898.4000000000001,1.9540669918060303
898.5,1.9530061483383179
898.6,1.9569047689437866
898.7,1.945835828781128
898.8000000000001,1.9445970058441162
898.9000000000001,1.9422602653503418
899.0,1.950616717338562
899.1,1.947709321975708
899.2,1.9351816177368164
899.3000000000001,1.9441893100738525
899.4000000000001,1.9360672235488892
899.5,1.9418737888336182
899.6,1.9426475763320923
899.7,1.9344817399978638
899.8000000000001,1.946821928024292
899.9000000000001,1.9205914735794067
900.0,1.9451645612716675
900.1,1.9357235431671143
900.2,1.9367173910140991
900.3000000000001,1.9461053609848022
900.4000000000001,1.9454835653305054
900.5,1.9360296726226807
900.6,1.9356586933135986
900.7,1.9326329231262207
900.8000000000001,1.9399088621139526
900.9000000000001,1.9356073141098022
901.0,1.947813868522644
901.1,1.9360381364822388
901.2,1.9317405223846436
901.3000000000001,1.9254541397094727
901.4000000000001,1.9288849830627441
901.5,1.935703992843628
901.6,1.9411940574645996
901.7,1.924554705619812
901.8000000000001,1.9322738647460938
901.9000000000001,1.9417595863342285
902.0,1.9355076551437378
902.1,1.9407416582107544
902.2,1.9440895318984985
902.3000000000001,1.942339539527893
902.4000000000001,1.9395760297775269
902.5,1.9411029815673828
902.6,1.9439938068389893
902.7,1.9538530111312866
902.8000000000001,1.9512121677398682
902.9000000000001,1.9446064233779907
903.0,1.9520866870880127
903.1,1.9407713413238525
903.2,1.9531563520431519
903.3000000000001,1.940260887145996
903.4000000000001,1.9277006387710571
903.5,1.9392523765563965
903.6,1.9444935321807861
903.7,1.946781039237976
903.8000000000001,1.944973349571228
903.9000000000001,1.9287950992584229
904.0,1.9451009035110474
904.1,1.9376699924468994
904.2,1.9478312730789185
904.3000000000001,1.9503146409988403
904.4000000000001,1.9224590063095093
904.5,1.9445139169692993
904.6,1.9514009952545166
904.7,1.9382050037384033
904.8000000000001,1.9445226192474365
904.9000000000001,1.9381489753723145
905.0,1.932199478149414
905.1,1.9371674060821533
905.2,1.9487985372543335
905.3000000000001,1.9464356899261475
905.4000000000001,1.9349271059036255
905.5,1.936177134513855
905.6,1.934239149093628
905.7,1.948625087738037
905.8000000000001,1.9486287832260132
905.9000000000001,1.9312580823898315
906.0,1.9365251064300537
906.1,1.9490344524383545
906.2,1.9362107515335083
906.3000000000001,1.9358344078063965
906.4000000000001,1.9369138479232788
906.5,1.9410936832427979
906.6,1.9363595247268677
906.7,1.9328337907791138
906.8000000000001,1.9440255165100098
906.9000000000001,1.9410102367401123
907.0,1.9231864213943481
907.1,1.934920310974121
907.2,1.94609797000885
907.3000000000001,1.932170033454895
907.4000000000001,1.9404966831207275
907.5,1.9325649738311768
907.6,1.9348958730697632
907.7,1.9329798221588135
907.8000000000001,1.9472455978393555
907.9000000000001,1.9279975891113281
908.0,1.9405606985092163
908.1,1.9294430017471313
908.2,1.9293396472930908
908.3000000000001,1.934112787246704
908.4000000000001,1.9389491081237793
908.5,1.9363248348236084
908.6,1.9407775402069092
908.7,1.9413259029388428
908.8000000000001,1.9547786712646484
908.9000000000001,1.9436033964157104
909.0,1.9420791864395142
909.1,1.9373664855957031
909.2,1.9371377229690552
909.3000000000001,1.946696162223816
909.4000000000001,1.9403679370880127
909.5,1.9351438283920288
909.6,1.9379903078079224
909.7,1.9375792741775513
909.8000000000001,1.933497428894043
909.9000000000001,1.9306509494781494
910.0,1.9358055591583252
910.1,1.9425362348556519
910.2,1.938040852546692
910.3000000000001,1.923192024230957
910.4000000000001,1.9383589029312134
910.5,1.941846251487732
910.6,1.938730001449585
910.7,1.9366836547851562
910.8000000000001,1.9411507844924927
910.9000000000001,1.9276050329208374
911.0,1.9562573432922363
911.1,1.936809778213501
911.2,1.9394677877426147
911.3000000000001,1.9440122842788696
911.4000000000001,1.9303624629974365
911.5,1.942365288734436
911.6,1.9238810539245605
911.7,1.9342083930969238
911.8000000000001,1.931193232536316
911.9000000000001,1.9329917430877686
912.0,1.9227017164230347
912.1,1.931338906288147
912.2,1.9367661476135254
912.3000000000001,1.9422115087509155
912.4000000000001,1.930767297744751
912.5,1.9352833032608032
912.6,1.9515533447265625
912.7,1.9358192682266235
912.8000000000001,1.9398523569107056
912.9000000000001,1.9347875118255615
913.0000000000001,1.9444692134857178
913.1,1.9456778764724731
913.2,1.909926176071167
913.3000000000001,1.93645441532135
913.4000000000001,1.9306578636169434
913.5000000000001,1.9334993362426758
913.6,1.9102637767791748
913.7,1.9391006231307983
913.8000000000001,1.9285423755645752
913.9000000000001,1.9319013357162476
914.0000000000001,1.9442682266235352
914.1,1.9415336847305298
914.2,1.9369601011276245
914.3000000000001,1.9379348754882812
914.4000000000001,1.9361352920532227
914.5000000000001,1.9297845363616943
914.6,1.9372440576553345
914.7,1.9366275072097778
914.8000000000001,1.9333618879318237
914.9000000000001,1.938835859298706
915.0000000000001,1.9437021017074585
915.1,1.9359469413757324
915.2,1.9391834735870361
915.3000000000001,1.9235273599624634
915.4000000000001,1.945719838142395
915.5000000000001,1.9340755939483643
915.6,1.929813027381897
915.7,1.9452221393585205
915.8000000000001,1.929644227027893
915.9000000000001,1.9305684566497803
916.0000000000001,1.9274377822875977
916.1,1.9298336505889893
916.2,1.9249221086502075
916.3000000000001,1.9377552270889282
916.4000000000001,1.9394391775131226
916.5000000000001,1.9312236309051514
916.6,1.9317960739135742
916.7,1.9317668676376343
916.8000000000001,1.9336752891540527
916.9000000000001,1.9264919757843018
917.0000000000001,1.9376232624053955
917.1,1.9312540292739868
917.2,1.9240480661392212
917.3000000000001,1.9286404848098755
917.4000000000001,1.9143002033233643
917.5000000000001,1.9295960664749146
917.6,1.9435404539108276
917.7,1.931809425354004
917.8000000000001,1.9314924478530884
917.9000000000001,1.9430427551269531
918.0000000000001,1.9335237741470337
918.1,1.9298391342163086
918.2,1.9360655546188354
918.3000000000001,1.9175599813461304
918.4000000000001,1.9371689558029175
918.5000000000001,1.9373342990875244
918.6,1.9480135440826416
918.7,1.9229336977005005
918.8000000000001,1.9292209148406982
918.9000000000001,1.931752324104309
919.0000000000001,1.9372632503509521
919.1,1.9268367290496826
919.2,1.9300181865692139
919.3000000000001,1.9278699159622192
919.4000000000001,1.9282753467559814
919.5000000000001,1.940466284751892
919.6,1.9319738149642944
919.7,1.929277777671814
919.8000000000001,1.9396626949310303
919.9000000000001,1.9227514266967773
920.0000000000001,1.9384080171585083
920.1,1.9262171983718872
920.2,1.9439897537231445
920.3000000000001,1.9363603591918945
920.4000000000001,1.9337539672851562
920.5000000000001,1.9377590417861938
920.6,1.9296101331710815
920.7,1.9287323951721191
920.8000000000001,1.93459153175354
920.9000000000001,1.944460153579712
921.0000000000001,1.9346239566802979
921.1,1.9316166639328003
921.2,1.941869854927063
921.3000000000001,1.9305976629257202
921.4000000000001,1.9372245073318481
921.5000000000001,1.929571509361267
921.6,1.9251941442489624
921.7,1.9182015657424927
921.8000000000001,1.9306910037994385
921.9000000000001,1.9437867403030396
922.0000000000001,1.9304314851760864
922.1,1.9363380670547485
922.2,1.930144190788269
922.3000000000001,1.9358834028244019
922.4000000000001,1.9376015663146973
922.5000000000001,1.92415452003479
922.6,1.9343235492706299
922.7,1.935725212097168
922.8000000000001,1.9481579065322876
922.9000000000001,1.933364748954773
923.0000000000001,1.9371737241744995
923.1,1.9345113039016724
923.2,1.9401514530181885
923.3000000000001,1.9372543096542358
923.4000000000001,1.929673671722412
923.5000000000001,1.9259207248687744
923.6,1.929616093635559
923.7,1.924507975578308
923.8000000000001,1.9346851110458374
923.9000000000001,1.934896469116211
924.0000000000001,1.9287351369857788
924.1,1.942086100578308
924.2,1.9292179346084595
924.3000000000001,1.912343978881836
924.4000000000001,1.9425723552703857
924.5000000000001,1.9189739227294922
924.6,1.9381927251815796
924.7,1.9417973756790161
924.8000000000001,1.91891610622406
924.9000000000001,1.9364618062973022
925.0000000000001,1.9432255029678345
925.1,1.9354864358901978
925.2,1.9382692575454712
925.3000000000001,1.9408369064331055
925.4000000000001,1.9284114837646484
925.5000000000001,1.9438018798828125
925.6,1.9415651559829712
925.7,1.9344087839126587
925.8000000000001,1.9456647634506226
925.9000000000001,1.9457100629806519
926.0000000000001,1.9269827604293823
926.1,1.9457765817642212
926.2,1.9321990013122559
926.3000000000001,1.9416357278823853
926.4000000000001,1.9524610042572021
926.5000000000001,1.9414552450180054
926.6,1.9449278116226196
926.7,1.9413636922836304
926.8000000000001,1.9296067953109741
926.9000000000001,1.9477852582931519
927.0000000000001,1.9362285137176514
927.1,1.936420202255249
927.2,1.9387654066085815
927.3000000000001,1.9483591318130493
927.4000000000001,1.9399175643920898
927.5000000000001,1.9478915929794312
927.6,1.9416414499282837
927.7,1.945561408996582
927.8000000000001,1.9354158639907837
927.9000000000001,1.9442793130874634
928.0000000000001,1.9368853569030762
928.1,1.9412444829940796
928.2,1.9451006650924683
928.3000000000001,1.945427656173706
928.4000000000001,1.9523630142211914
928.5000000000001,1.959113359451294
928.6,1.9424067735671997
928.7,1.946776270866394
928.8000000000001,1.9441817998886108
928.9000000000001,1.946414589881897
929.0000000000001,1.940848469734192
929.1,1.942535161972046
929.2,1.951862096786499
929.3000000000001,1.9473861455917358
929.4000000000001,1.9544588327407837
929.5000000000001,1.9635354280471802
929.6,1.9584872722625732
929.7,1.94270920753479
929.8000000000001,1.9574264287948608
929.9000000000001,1.9571301937103271
930.0000000000001,1.95852530002594
930.1,1.95433509349823
930.2,1.9537299871444702
930.3000000000001,1.9579229354858398
930.4000000000001,1.938380241394043
930.5000000000001,1.952595591545105
930.6,1.9566437005996704
930.7,1.9497263431549072
930.8000000000001,1.9474637508392334
930.9000000000001,1.9625263214111328
931.0000000000001,1.949339509010315
931.1,1.9498789310455322
931.2,1.9511171579360962
931.3000000000001,1.9494433403015137
931.4000000000001,1.947677731513977
931.5000000000001,1.954679250717163
931.6,1.9637928009033203
931.7,1.9582701921463013
931.8000000000001,1.9600974321365356
931.9000000000001,1.95388925075531
932.0000000000001,1.9574275016784668
932.1,1.9569602012634277
932.2,1.9632582664489746
932.3000000000001,1.9630085229873657
932.4000000000001,1.9624040126800537
932.5000000000001,1.9669172763824463
932.6,1.9622126817703247
932.7,1.969506025314331
932.8000000000001,1.9634864330291748
932.9000000000001,1.9510315656661987
933.0000000000001,1.9551624059677124
933.1,1.9649738073349
933.2,1.9592663049697876
933.3000000000001,1.959359049797058
933.4000000000001,1.9611870050430298
933.5000000000001,1.9712857007980347
933.6,1.9614003896713257
933.7,1.965983510017395
933.8000000000001,1.9684642553329468
933.9000000000001,1.96111261844635
934.0000000000001,1.9683212041854858
934.1,1.9659677743911743
934.2,1.9644027948379517
934.3000000000001,1.9700744152069092
934.4000000000001,1.9805220365524292
934.5000000000001,1.9702844619750977
934.6,1.9671677350997925
934.7,1.9691380262374878
934.8000000000001,1.9771472215652466
934.9000000000001,1.9689966440200806
935.0000000000001,1.9681812524795532
935.1,1.9761838912963867
935.2,1.9793800115585327
935.3000000000001,1.9683308601379395
935.4000000000001,1.981925129890442
935.5000000000001,1.970539927482605
935.6,1.9852231740951538
935.7,1.966522455215454
935.8000000000001,1.9720839262008667
935.9000000000001,1.9888949394226074
936.0000000000001,1.9719343185424805
936.1,1.9839048385620117
936.2,1.9801664352416992
936.3000000000001,1.9915986061096191
936.4000000000001,1.9836430549621582
936.5000000000001,1.9778422117233276
936.6,1.9878336191177368
936.7,1.9778423309326172
936.8000000000001,1.9795424938201904
936.9000000000001,1.9850538969039917
937.0000000000001,1.9932135343551636
937.1,1.9967118501663208
937.2,1.99556303024292
937.3000000000001,1.998799204826355
937.4000000000001,1.996833324432373
937.5000000000001,1.9911140203475952
937.6,1.9926224946975708
937.7,1.984767198562622
937.8000000000001,1.997797966003418
937.9000000000001,1.995322823524475
938.0000000000001,1.9739041328430176
938.1,2.0046727657318115
938.2,2.0031254291534424
938.3000000000001,2.0025084018707275
938.4000000000001,1.9971203804016113
938.5000000000001,2.0122416019439697
938.6,2.0163333415985107
938.7,2.0199363231658936
938.8000000000001,2.0055932998657227
938.9000000000001,2.0075950622558594
939.0000000000001,2.0188305377960205
939.1,2.0040009021759033
939.2,2.018216848373413
939.3000000000001,2.019308090209961
939.4000000000001,2.0279219150543213
939.5000000000001,2.022444248199463
939.6,2.024589776992798
939.7,2.011880397796631
939.8000000000001,2.022902250289917
939.9000000000001,2.0249979496002197
940.0000000000001,2.0370755195617676
940.1,2.021833896636963
940.2,2.0230259895324707
940.3000000000001,2.021359920501709
940.4000000000001,2.0372111797332764
940.5000000000001,2.029629945755005
940.6,2.0365560054779053
940.7,2.0318870544433594
940.8000000000001,2.01356840133667
940.9000000000001,2.037421226501465
941.0000000000001,2.0362236499786377
941.1,2.044914960861206
941.2,2.03450608253479
941.3000000000001,2.043844223022461
941.4000000000001,2.0317740440368652
941.5000000000001,2.039684772491455
941.6,2.039374828338623
941.7,2.0506458282470703
941.8000000000001,2.052333354949951
941.9000000000001,2.0569369792938232
942.0000000000001,2.056777000427246
942.1,2.051429271697998
942.2,2.0523555278778076
942.3000000000001,2.059450149536133
942.4000000000001,2.0455124378204346
942.5000000000001,2.0468151569366455
942.6,2.05983304977417
942.7,2.048464775085449
942.8000000000001,2.0420656204223633
942.9000000000001,2.0579097270965576
943.0000000000001,2.046643018722534
943.1,2.0516951084136963
943.2,2.0631752014160156
943.3000000000001,2.0612285137176514
943.4000000000001,2.058906316757202
943.5000000000001,2.0660619735717773
943.6,2.0596818923950195
943.7,2.066575288772583
943.8000000000001,2.063405752182007
943.9000000000001,2.067100763320923
944.0000000000001,2.0734994411468506
944.1,2.071127414703369
944.2,2.0733463764190674
944.3000000000001,2.056239604949951
944.4000000000001,2.0854198932647705
944.5000000000001,2.0734543800354004
944.6,2.077235460281372
944.7,2.079483985900879
944.8000000000001,2.0700769424438477
944.9000000000001,2.079279661178589
945.0000000000001,2.081146240234375
945.1,2.0803515911102295
945.2,2.075758695602417
945.3000000000001,2.0765938758850098
945.4000000000001,2.096646785736084
945.5000000000001,2.0794057846069336
945.6,2.0730321407318115
945.7,2.085078716278076
945.8000000000001,2.0943665504455566
945.9000000000001,2.0893635749816895
946.0000000000001,2.0805766582489014
946.1,2.0822994709014893
946.2,2.092158794403076
946.3000000000001,2.0934834480285645
946.4000000000001,2.081677198410034
946.5000000000001,2.0766639709472656
946.6,2.0916056632995605
946.7,2.084305763244629
946.8000000000001,2.0942304134368896
946.9000000000001,2.1006734371185303
947.0000000000001,2.0876893997192383
947.1,2.0931293964385986
947.2,2.100769281387329
947.3000000000001,2.0952796936035156
947.4000000000001,2.0989420413970947
947.5000000000001,2.1000638008117676
947.6,2.1017022132873535
947.7,2.09824800491333
947.8000000000001,2.103921413421631
947.9000000000001,2.0983877182006836
948.0000000000001,2.100841999053955
948.1,2.1036410331726074
948.2,2.0965821743011475
948.3000000000001,2.1080410480499268
948.4000000000001,2.0952608585357666
948.5000000000001,2.106811285018921
948.6,2.089510202407837
948.7,2.1154589653015137
948.8000000000001,2.1001839637756348
948.9000000000001,2.0996382236480713
949.0000000000001,2.112478733062744
949.1,2.104890823364258
949.2,2.1158008575439453
949.3000000000001,2.114900588989258
949.4000000000001,2.1013002395629883
949.5000000000001,2.121170997619629
949.6,2.104503870010376
949.7,2.108321189880371
949.8000000000001,2.1038246154785156
949.9000000000001,2.0974035263061523
950.0000000000001,2.117572546005249
950.1,2.1132314205169678
950.2,2.1216254234313965
950.3000000000001,2.128736972808838
950.4000000000001,2.1101956367492676
950.5000000000001,2.122610569000244
950.6,2.1183745861053467
950.7,2.128751754760742
950.8000000000001,2.122375011444092
950.9000000000001,2.1271679401397705
951.0000000000001,2.1361243724823
951.1,2.1304924488067627
951.2,2.1208932399749756
951.3000000000001,2.12103009223938
951.4000000000001,2.1187310218811035
951.5000000000001,2.126845598220825
951.6,2.1298553943634033
951.7,2.1320080757141113
951.8000000000001,2.131783962249756
951.9000000000001,2.1276681423187256
952.0000000000001,2.1300048828125
952.1,2.1280770301818848
952.2,2.1340441703796387
952.3000000000001,2.1332035064697266
952.4000000000001,2.1376452445983887
952.5000000000001,2.147677183151245
952.6,2.130629062652588
952.7,2.133481502532959
952.8000000000001,2.1181955337524414
952.9000000000001,2.139787435531616
953.0000000000001,2.1416943073272705
953.1,2.1398391723632812
953.2,2.1476707458496094
953.3000000000001,2.1207022666931152
953.4000000000001,2.137413263320923
953.5000000000001,2.139777660369873
953.6,2.137038469314575
953.7,2.1468327045440674
953.8000000000001,2.1473684310913086
953.9000000000001,2.1363320350646973
954.0000000000001,2.1388895511627197
954.1,2.1541216373443604
954.2,2.144113779067993
954.3000000000001,2.1531569957733154
954.4000000000001,2.149876356124878
954.5000000000001,2.1488659381866455
954.6,2.13869309425354
954.7,2.1613922119140625
954.8000000000001,2.1433839797973633
954.9000000000001,2.150496244430542
955.0000000000001,2.162271499633789
955.1,2.155487298965454
955.2,2.153926372528076
955.3000000000001,2.1610195636749268
955.4000000000001,2.15169095993042
955.5000000000001,2.155794143676758
955.6,2.1578657627105713
955.7,2.1571195125579834
955.8000000000001,2.1634042263031006
955.9000000000001,2.158442974090576
956.0000000000001,2.137662887573242
956.1,2.1517438888549805
956.2,2.154686450958252
956.3000000000001,2.15987491607666
956.4000000000001,2.1520564556121826
956.5000000000001,2.1644701957702637
956.6,2.163648843765259
956.7,2.1502232551574707
956.8000000000001,2.157369375228882
956.9000000000001,2.1508514881134033
957.0000000000001,2.1667940616607666
957.1,2.163849115371704
957.2,2.154796600341797
957.3000000000001,2.167522430419922
957.4000000000001,2.1571385860443115
957.5000000000001,2.160590648651123
957.6,2.156036376953125
957.7,2.164572238922119
957.8000000000001,2.154881477355957
957.9000000000001,2.169342279434204
958.0000000000001,2.1529300212860107
958.1,2.1643829345703125
958.2,2.159839391708374
958.3000000000001,2.1740713119506836
958.4000000000001,2.1554436683654785
958.5000000000001,2.158641815185547
958.6,2.165090322494507
958.7,2.165788412094116
958.8000000000001,2.1575284004211426
958.9000000000001,2.1740808486938477
959.0000000000001,2.1659579277038574
959.2,2.1582653522491455
959.2,2.174492597579956
959.3000000000001,2.165501594543457
959.4000000000001,2.1581907272338867
959.5000000000001,2.1627120971679688
959.6,2.1664845943450928
959.7,2.171999216079712
959.8000000000001,2.165236234664917
959.9000000000001,2.1727309226989746
960.0000000000001,2.1666016578674316
960.1,2.1605618000030518
960.2,2.1602158546447754
960.3000000000001,2.1538782119750977
960.4000000000001,2.174873113632202
960.5000000000001,2.1690120697021484
960.6,2.1756064891815186
960.7,2.172254800796509
960.8000000000001,2.1806063652038574
960.9000000000001,2.168910026550293
961.0000000000001,2.1628129482269287
961.1,2.1738219261169434
961.2,2.1712474822998047
961.3000000000001,2.1683874130249023
961.4000000000001,2.175692558288574
961.5000000000001,2.175128698348999
961.6,2.16532826423645
961.7,2.169790744781494
961.8000000000001,2.154418468475342
961.9000000000001,2.1740856170654297
962.0000000000001,2.1549668312072754
962.1,2.1706326007843018
962.2,2.163086175918579
962.3000000000001,2.1576595306396484
962.4000000000001,2.174772024154663
962.5000000000001,2.170609474182129
962.6,2.1735851764678955
962.7,2.1611032485961914
962.8000000000001,2.165653705596924
962.9000000000001,2.171339511871338
963.0000000000001,2.1734609603881836
963.1,2.1608736515045166
963.2,2.1697940826416016
963.3000000000001,2.169466495513916
963.4000000000001,2.1679089069366455
963.5000000000001,2.177943229675293
963.6,2.1729700565338135
963.7,2.1737959384918213
963.8000000000001,2.1824846267700195
963.9000000000001,2.1920812129974365
964.0000000000001,2.2228755950927734
964.1,2.2345101833343506
964.2,2.253148317337036
964.3000000000001,2.2662105560302734
964.4000000000001,2.2844936847686768
964.5000000000001,2.2883899211883545
964.6,2.311568021774292
964.7,2.339754581451416
964.8000000000001,2.356307029724121
964.9000000000001,2.3817193508148193
965.0000000000001,2.403777599334717
965.1,2.432313919067383
965.2,2.452038526535034
965.3000000000001,2.461439371109009
965.4000000000001,2.4765803813934326
965.5000000000001,2.4754984378814697
965.6,2.492436647415161
965.7,2.4968791007995605
965.8000000000001,2.514786720275879
965.9000000000001,2.533827543258667
966.0000000000001,2.5353963375091553
966.1,2.528870105743408
966.2,2.540205240249634
966.3000000000001,2.541191339492798
966.4000000000001,2.5575509071350098
966.5000000000001,2.546156644821167
966.6,2.5705692768096924
966.7,2.555300712585449
966.8000000000001,2.5606653690338135
966.9000000000001,2.5618135929107666
967.0000000000001,2.5664775371551514
967.1,2.552107095718384
967.2,2.572401285171509
967.3000000000001,2.5637705326080322
967.4000000000001,2.5678353309631348
967.5000000000001,2.6060338020324707
967.6,2.6431221961975098
967.7,2.680109977722168
967.8000000000001,2.713588237762451
967.9000000000001,2.7177886962890625
968.0000000000001,2.7316348552703857
968.1,2.7369277477264404
968.2,2.7316863536834717
968.3000000000001,2.744304895401001
968.4000000000001,2.760540246963501
968.5000000000001,2.7596564292907715
968.6,2.7529211044311523
968.7,2.7450528144836426
968.8000000000001,2.739192247390747
968.9000000000001,2.7228784561157227
969.0000000000001,2.705418825149536
969.1,2.6991195678710938
969.2,2.686988353729248
969.3000000000001,2.694256067276001
969.4000000000001,2.6815688610076904
969.5000000000001,2.630821704864502
969.6,2.6032397747039795
969.7,2.5486440658569336
969.8000000000001,2.5035295486450195
969.9000000000001,2.469029188156128
970.0000000000001,2.4370474815368652
970.1,2.4059088230133057
970.2,2.3720650672912598
970.3000000000001,2.359437942504883
970.4000000000001,2.338291883468628
970.5000000000001,2.315261125564575
970.6,2.287879228591919
970.7,2.264848232269287
970.8000000000001,2.2651314735412598
970.9000000000001,2.240067958831787
971.0000000000001,2.235241651535034
971.1,2.231196880340576
971.2,2.225874900817871
971.3000000000001,2.2119808197021484
971.4000000000001,2.2020134925842285
971.5000000000001,2.1992251873016357
971.6,2.18391489982605
971.7,2.1470510959625244
971.8000000000001,2.0949971675872803
971.9000000000001,2.058511972427368
972.0000000000001,2.0369553565979004
972.1,1.99030339717865
972.2,1.9781570434570312
972.3000000000001,1.9158546924591064
972.4000000000001,1.8826587200164795
972.5000000000001,1.874480128288269
972.6,1.852336049079895
972.7,1.825548529624939
972.8000000000001,1.8189525604248047
972.9000000000001,1.790848731994629
973.0000000000001,1.7858171463012695
973.1,1.7719058990478516
973.2,1.7556788921356201
973.3000000000001,1.7522307634353638
973.4000000000001,1.7412089109420776
973.5000000000001,1.7265212535858154
973.6,1.7307740449905396
973.7,1.7109317779541016
973.8000000000001,1.7064357995986938
973.9000000000001,1.6756796836853027
974.0000000000001,1.62559175491333
974.1,1.5912224054336548
974.2,1.5482534170150757
974.3000000000001,1.5195941925048828
974.4000000000001,1.4769964218139648
974.5000000000001,1.432806134223938
974.6,1.4248524904251099
974.7,1.3985927104949951
974.8000000000001,1.3634363412857056
974.9000000000001,1.3581990003585815
975.0000000000001,1.3366185426712036
975.1,1.3164541721343994
975.2,1.2938017845153809
975.3000000000001,1.2842421531677246
975.4000000000001,1.2716753482818604
975.5000000000001,1.2650346755981445
975.6,1.263603687286377
975.7,1.2518104314804077
975.8000000000001,1.2489187717437744
975.9000000000001,1.2518506050109863
976.0000000000001,1.2270845174789429
976.1,1.2011181116104126
976.2,1.1474732160568237
976.3000000000001,1.115679383277893
976.4000000000001,1.0773019790649414
976.5000000000001,1.0379045009613037
976.6,1.008449673652649
976.7,0.9614388346672058
976.8000000000001,0.9570433497428894
976.9000000000001,0.9329978823661804
977.0000000000001,0.9064003229141235
977.1,0.8789623975753784
977.2,0.8705294132232666
977.3000000000001,0.8515480756759644
977.4000000000001,0.841844379901886
977.5000000000001,0.8335843682289124
977.6,0.8148834109306335
977.7,0.8122724294662476
977.8000000000001,0.810749888420105
977.9000000000001,0.7875176668167114
978.0000000000001,0.7882879376411438
978.1,0.7834463119506836
978.2,0.779314398765564
978.3000000000001,0.7478785514831543
978.4000000000001,0.7063834071159363
978.5000000000001,0.662826418876648
978.6,0.6151655316352844
978.7,0.5908990502357483
978.8000000000001,0.5541249513626099
978.9000000000001,0.5074322819709778
979.0000000000001,0.48025989532470703
979.1,0.4569028317928314
979.2,0.45272859930992126
979.3000000000001,0.45557692646980286
979.4000000000001,0.45500192046165466
979.5000000000001,0.449036180973053
979.6,0.4560304880142212
979.7,0.464258074760437
979.8000000000001,0.459240585565567
979.9000000000001,0.4638376533985138
980.0000000000001,0.4556879699230194
980.1,0.45951876044273376
980.2,0.46020838618278503
980.3000000000001,0.4498136043548584
980.4000000000001,0.44463977217674255
980.5000000000001,0.4326625466346741
980.6,0.41459545493125916
980.7,0.40743228793144226
980.8000000000001,0.4072185754776001
980.9000000000001,0.3965144455432892
981.0000000000001,0.39863595366477966
981.1,0.3803252577781677
981.2,0.37706494331359863
981.3000000000001,0.3829711377620697
981.4000000000001,0.3963424563407898
981.5000000000001,0.4006469249725342
981.6,0.406419038772583
981.7,0.4057827293872833
981.8000000000001,0.41066011786460876
981.9000000000001,0.4164794981479645
982.0000000000001,0.417627215385437
982.1,0.4142986536026001
982.2,0.41955241560935974
982.3000000000001,0.41199466586112976
982.4000000000001,0.42681604623794556
982.5000000000001,0.42011499404907227
982.6,0.41949570178985596
982.7,0.4031168520450592
982.8000000000001,0.40475335717201233
982.9000000000001,0.41598471999168396
983.0000000000001,0.40112873911857605
983.1,0.4182751476764679
983.2,0.4250636100769043
983.3000000000001,0.44473013281822205
983.4000000000001,0.46543192863464355
983.5000000000001,0.4747793972492218
983.6,0.49756747484207153
983.7,0.5125043988227844
983.8000000000001,0.5181534290313721
983.9000000000001,0.5426362752914429
984.0000000000001,0.538328230381012
984.1,0.5609045624732971
984.2,0.5738848447799683
984.3000000000001,0.5640690922737122
984.4000000000001,0.5466821193695068
984.5000000000001,0.5388227701187134
984.6,0.5045969486236572
984.7,0.512484073638916
984.8000000000001,0.4979002773761749
984.9000000000001,0.4907190799713135
985.0000000000001,0.4812915623188019
985.1,0.4656558632850647
985.2,0.4672643840312958
985.3000000000001,0.44478240609169006
985.4000000000001,0.45843738317489624
985.5000000000001,0.44719094038009644
985.6,0.45307832956314087
985.7,0.44192132353782654
985.8000000000001,0.45064881443977356
985.9000000000001,0.4677734673023224
986.0000000000001,0.45813894271850586
986.1,0.4726134240627289
986.2,0.4611928164958954
986.3000000000001,0.4673815369606018
986.4000000000001,0.4803049564361572
986.5000000000001,0.48279842734336853
986.6,0.4797787368297577
986.7,0.4846985936164856
986.8000000000001,0.48149579763412476
986.9000000000001,0.4795520603656769
987.0000000000001,0.4901084303855896
987.1,0.48226261138916016
987.2,0.48219773173332214
987.3000000000001,0.5074161887168884
987.4000000000001,0.530653178691864
987.5000000000001,0.5393377542495728
987.6,0.5498707294464111
987.7,0.562210202217102
987.8000000000001,0.5765376687049866
987.9000000000001,0.580535352230072
988.0000000000001,0.5914749503135681
988.1,0.5983298420906067
988.2,0.5970138907432556
988.3000000000001,0.5931432843208313
988.4000000000001,0.6093326210975647
988.5000000000001,0.6101920008659363
988.6,0.6186129450798035
988.7,0.6213639974594116
988.8000000000001,0.6470159888267517
988.9000000000001,0.6564256548881531
989.0000000000001,0.6747539639472961
989.1,0.6820769309997559
989.2,0.6850693225860596
989.3000000000001,0.6803385615348816
989.4000000000001,0.7021693587303162
989.5000000000001,0.7023786306381226
989.6,0.7064924240112305
989.7,0.6990975141525269
989.8000000000001,0.7038776874542236
989.9000000000001,0.7256566286087036
990.0000000000001,0.7095358371734619
990.1,0.702953577041626
990.2,0.7161656618118286
990.3000000000001,0.7140002846717834
990.4000000000001,0.731873095035553
990.5000000000001,0.7271513938903809
990.6,0.7282512187957764
990.7,0.7292733192443848
990.8000000000001,0.7271915674209595
990.9000000000001,0.7368789911270142
991.0000000000001,0.7398341298103333
991.1,0.746249794960022
991.2,0.7413874268531799
991.3000000000001,0.7450911998748779
991.4000000000001,0.7515960931777954
991.5000000000001,0.754314124584198
991.6,0.7458625435829163
991.7,0.750718355178833
991.8000000000001,0.7517794966697693
991.9000000000001,0.7493911981582642
992.0000000000001,0.7620753049850464
992.1,0.7692163586616516
992.2,0.7632527351379395
992.3000000000001,0.7664075493812561
992.4000000000001,0.7603831887245178
992.5000000000001,0.7714695334434509
992.6,0.7642626762390137
992.7,0.7744660973548889
992.8000000000001,0.7735352516174316
992.9000000000001,0.7734360694885254
993.0000000000001,0.7830070853233337
993.1,0.7825323939323425
993.2,0.789043664932251
993.3000000000001,0.7802668213844299
993.4000000000001,0.7776743173599243
993.5000000000001,0.793804943561554
993.6,0.7945055365562439
993.7,0.8003093600273132
993.8000000000001,0.7973924279212952
993.9000000000001,0.7856491208076477
994.0000000000001,0.8046973943710327
994.1,0.8110864162445068
994.2,0.8114811778068542
994.3000000000001,0.8060991168022156
994.4000000000001,0.8127334117889404
994.5000000000001,0.8141388893127441
994.6,0.8122038245201111
994.7,0.8036953806877136
994.8000000000001,0.8247692584991455
994.9000000000001,0.8107774257659912
995.0000000000001,0.8178802132606506
995.1,0.823590874671936
995.2,0.8168742060661316
995.3000000000001,0.8286734819412231
995.4000000000001,0.8175933361053467
995.5000000000001,0.8279231786727905
995.6,0.8170287013053894
995.7,0.8260898590087891
995.8000000000001,0.8290321230888367
995.9000000000001,0.8315331339836121
996.0000000000001,0.8286863565444946
996.1,0.8301494717597961
996.2,0.8343406915664673
996.3000000000001,0.814308762550354
996.4000000000001,0.8338703513145447
996.5000000000001,0.8267927169799805
996.6,0.8295379281044006
996.7,0.8267626166343689
996.8000000000001,0.8343185782432556
996.9000000000001,0.8330991864204407
997.0000000000001,0.8297015428543091
997.1,0.8374040722846985
997.2,0.8413050174713135
997.3000000000001,0.8415742516517639
997.4000000000001,0.8315573334693909
997.5000000000001,0.830618143081665
997.6,0.8296799659729004
997.7,0.8457565307617188
997.8000000000001,0.8265550136566162
997.9000000000001,0.8367771506309509
998.0000000000001,0.8303245306015015
998.1,0.8336310386657715
998.2,0.8372011184692383
998.3000000000001,0.8291280269622803
998.4000000000001,0.8246842622756958
998.5000000000001,0.8307628035545349
998.6,0.8167093396186829
998.7,0.8230010271072388
998.8000000000001,0.8287835121154785
998.9000000000001,0.8398845195770264
999.0000000000001,0.8268699049949646
999.1,0.8294110298156738
999.2,0.8113910555839539
999.3000000000001,0.7844133973121643
999.4000000000001,0.7863089442253113
999.5000000000001,0.777570903301239
999.6,0.7617278695106506
999.7,0.7644343376159668
999.8000000000001,0.7421784996986389
999.9000000000001,0.7474402189254761
1000.0000000000001,0.7444183230400085
1000.1,0.7330772876739502
1000.2,0.7269545793533325
1000.3000000000001,0.7241218686103821
1000.4000000000001,0.7295231223106384
1000.5000000000001,0.7207356691360474
1000.6,0.7063791155815125
1000.7,0.6869702935218811
1000.8000000000001,0.6631679534912109
1000.9000000000001,0.6676679253578186
1001.0000000000001,0.6555793881416321
1001.1,0.6459023952484131
1001.2,0.6334957480430603
1001.3000000000001,0.6168574690818787
1001.4000000000001,0.629646897315979
1001.5000000000001,0.6314892172813416
1001.6,0.6152174472808838
1001.7,0.6217809915542603
1001.8000000000001,0.6037135720252991
1001.9000000000001,0.5930586457252502
1002.0000000000001,0.5952844023704529
1002.1,0.5877590179443359
1002.2,0.5559899210929871
1002.3000000000001,0.5689854621887207
1002.4000000000001,0.5636507868766785
1002.5000000000001,0.5647771954536438
1002.6,0.5894148349761963
1002.7,0.5840685963630676
1002.8000000000001,0.5886802077293396
1002.9000000000001,0.5569353699684143
1003.0000000000001,0.5841377973556519
1003.1,0.5844181180000305
1003.2,0.5838847160339355
1003.3000000000001,0.6070672273635864
1003.4000000000001,0.5875583291053772
1003.5000000000001,0.6039575338363647
1003.6,0.5878029465675354
1003.7,0.6036261916160583
1003.8000000000001,0.5977038145065308
1003.9000000000001,0.5897660851478577
1004.0000000000001,0.5960054993629456
1004.1,0.5916986465454102
1004.2,0.6075581908226013
1004.3000000000001,0.6061477065086365
1004.4000000000001,0.5796533226966858
1004.5000000000001,0.579259991645813
1004.6,0.5774473547935486
1004.7,0.5941404104232788
1004.8000000000001,0.6166002154350281
1004.9000000000001,0.6425737738609314
1005.0000000000001,0.6503928303718567
1005.1,0.6390116214752197
1005.2,0.6288663744926453
1005.3000000000001,0.6175736784934998
1005.4000000000001,0.595153272151947
1005.5000000000001,0.5825315117835999
1005.6,0.578105628490448
1005.7,0.5622742176055908
1005.8000000000001,0.5421494841575623
1005.9000000000001,0.5354236960411072
1006.0000000000001,0.5234370231628418
1006.1,0.5200066566467285
1006.2,0.4827229678630829
1006.3000000000001,0.49103978276252747
1006.4000000000001,0.4585798978805542
1006.5000000000001,0.4316079914569855
1006.6,0.41546571254730225
1006.7,0.3844336271286011
1006.8000000000001,0.3506944179534912
1006.9000000000001,0.35105597972869873
1007.0000000000001,0.33310213685035706
1007.1,0.32131025195121765
1007.2,0.32196396589279175
1007.3000000000001,0.2987920343875885
1007.4000000000001,0.30401337146759033
1007.5000000000001,0.32094353437423706
1007.6,0.3090008795261383
1007.7,0.30665016174316406
1007.8000000000001,0.3086627125740051
1007.9000000000001,0.31128016114234924
1008.0000000000001,0.3027634918689728
1008.1,0.3091338872909546
1008.2,0.30914682149887085
1008.3000000000001,0.31949660181999207
1008.4000000000001,0.3117327392101288
1008.5000000000001,0.31302759051322937
1008.6,0.3072129189968109
1008.7,0.3141878843307495
1008.8000000000001,0.3124566078186035
1008.9000000000001,0.3091142475605011
1009.0000000000001,0.31240570545196533
1009.1,0.3079484701156616
1009.2,0.3015637993812561
1009.3000000000001,0.3156992495059967
1009.4000000000001,0.3118402063846588
1009.5000000000001,0.31303030252456665
1009.6,0.2901891767978668
1009.7,0.30183112621307373
1009.8000000000001,0.31298255920410156
1009.9000000000001,0.305023193359375
1010.0000000000001,0.31659889221191406
1010.1,0.29904958605766296
1010.2,0.3139931559562683
1010.3000000000001,0.30214983224868774
1010.4000000000001,0.31964582204818726
1010.5000000000001,0.313818097114563
1010.6,0.31296056509017944
1010.7,0.30533427000045776
1010.8000000000001,0.32368138432502747
1010.9000000000001,0.31122010946273804
1011.0000000000001,0.31649672985076904
1011.1,0.3074139356613159
1011.2,0.31191638112068176
1011.3000000000001,0.31615766882896423
1011.4000000000001,0.31491732597351074
1011.5000000000001,0.2973532974720001
1011.6,0.3120705187320709
1011.7,0.3044048845767975
1011.8000000000001,0.31866875290870667
1011.9000000000001,0.3219281733036041
1012.0000000000001,0.31541815400123596
1012.1,0.33414387702941895
1012.2,0.3353922367095947
1012.3000000000001,0.33472195267677307
1012.4000000000001,0.3440665304660797
1012.5000000000001,0.3466942608356476
1012.6,0.3589383363723755
1012.7,0.33559709787368774
1012.8000000000001,0.35673946142196655
1012.9000000000001,0.36069753766059875
1013.0000000000001,0.3512096107006073
1013.1,0.3470684289932251
1013.2,0.3588276505470276
1013.3000000000001,0.3577456474304199
1013.4000000000001,0.35788923501968384
1013.5000000000001,0.36100754141807556
1013.6,0.35906654596328735
1013.7,0.36510950326919556
1013.8000000000001,0.3624005615711212
1013.9000000000001,0.3588472306728363
1014.0000000000001,0.37428170442581177
1014.1,0.36104509234428406
1014.2,0.35713204741477966
1014.3000000000001,0.3669655919075012
1014.4000000000001,0.353827565908432
1014.5000000000001,0.359480082988739
1014.6,0.35768893361091614
1014.7,0.34050458669662476
1014.8000000000001,0.34662628173828125
1014.9000000000001,0.3431028723716736
1015.0000000000001,0.3325304090976715
1015.1,0.34500643610954285
1015.2,0.333485871553421
1015.3000000000001,0.3415840268135071
1015.4000000000001,0.3396779000759125
1015.5000000000001,0.32028433680534363
1015.6,0.338287889957428
1015.7,0.3324161171913147
1015.8000000000001,0.33234480023384094
1015.9000000000001,0.32797661423683167
1016.0000000000001,0.3350275158882141
1016.1,0.3341689109802246
1016.2,0.33137640357017517
1016.3000000000001,0.33908018469810486
1016.4000000000001,0.33686956763267517
1016.5000000000001,0.33976036310195923
1016.6,0.33869659900665283
1016.7,0.3379300832748413
1016.8000000000001,0.3322034776210785
1016.9000000000001,0.33603912591934204
1017.0000000000001,0.3451392948627472
1017.1,0.3417970836162567
1017.2,0.3442378342151642
1017.3000000000001,0.34030795097351074
1017.4000000000001,0.3325684368610382
1017.5000000000001,0.3345482051372528
1017.6,0.33304423093795776
1017.7,0.3451222777366638
1017.8000000000001,0.34055429697036743
1017.9000000000001,0.33839529752731323
1018.0000000000001,0.33480969071388245
1018.1,0.3423722982406616
1018.2,0.3355615437030792
1018.3000000000001,0.33290889859199524
1018.4000000000001,0.34061315655708313
1018.5000000000001,0.3416050374507904
1018.6,0.3390503227710724
1018.7,0.3308640420436859
1018.8000000000001,0.3252516984939575
1018.9000000000001,0.34052497148513794
1019.0000000000001,0.3286161720752716
1019.1,0.3368769586086273
1019.2,0.3410617709159851
1019.3000000000001,0.31732693314552307
1019.4000000000001,0.33630701899528503
1019.5000000000001,0.33673539757728577
1019.6,0.3210568130016327
1019.7,0.3355950713157654
1019.8000000000001,0.34704622626304626
1019.9000000000001,0.32986387610435486
1020.0000000000001,0.34522655606269836
1020.1,0.31842041015625
1020.2,0.34220507740974426
1020.3000000000001,0.33137622475624084
1020.4000000000001,0.3346608877182007
1020.5000000000001,0.3385910987854004
1020.6,0.3309619724750519
1020.7,0.3288346529006958
1020.8000000000001,0.3438667953014374
1020.9000000000001,0.3399457335472107
1021.0000000000001,0.32358598709106445
1021.1,0.32701021432876587
1021.2,0.34874820709228516
1021.3000000000001,0.3402582108974457
1021.4000000000001,0.34154972434043884
1021.5000000000001,0.34984323382377625
1021.6,0.328075110912323
1021.7,0.3390420079231262
1021.8000000000001,0.3389328122138977
1021.9000000000001,0.3357141315937042
1022.0000000000001,0.33849984407424927
1022.1,0.34431934356689453
1022.2,0.32727381587028503
1022.3000000000001,0.3368363082408905
1022.4000000000001,0.3227247893810272
1022.5000000000001,0.33640486001968384
1022.6,0.3269835114479065
1022.7,0.324506551027298
1022.8000000000001,0.33617353439331055
1022.9000000000001,0.3328194320201874
1023.0000000000001,0.3381039500236511
1023.1,0.3323192596435547
1023.2,0.34438303112983704
1023.3000000000001,0.3370433747768402
1023.4000000000001,0.3390135169029236
1023.5000000000001,0.33462923765182495
1023.6,0.33096179366111755
1023.7,0.3446386158466339
1023.8000000000001,0.3334770202636719
1023.9000000000001,0.31994175910949707
1024.0,0.3332454264163971
1024.1000000000001,0.3392693102359772
1024.2,0.3446076214313507
1024.3,0.350962370634079
1024.4,0.34046101570129395
1024.5,0.3305308222770691
1024.6000000000001,0.33693572878837585
1024.7,0.34044021368026733
1024.8,0.33005011081695557
1024.9,0.35064932703971863
1025.0,0.3344567120075226
1025.1000000000001,0.33531221747398376
1025.2,0.33893588185310364
1025.3,0.3469547927379608
1025.4,0.34195607900619507
1025.5,0.3330550193786621
1025.6000000000001,0.33628585934638977
1025.7,0.33440762758255005
1025.8,0.33912307024002075
1025.9,0.3360290229320526
1026.0,0.3298729360103607
1026.1000000000001,0.3369663655757904
1026.2,0.33324065804481506
1026.3,0.33956843614578247
1026.4,0.3332739472389221
1026.5,0.337209016084671
1026.6000000000001,0.3170677721500397
1026.7,0.34848856925964355
1026.8,0.3431004583835602
1026.9,0.33270183205604553
1027.0,0.3463917672634125
1027.1000000000001,0.3345593512058258
1027.2,0.3381592929363251
1027.3,0.3256341218948364
1027.4,0.34416553378105164
1027.5,0.3335197865962982
1027.6000000000001,0.33513927459716797
1027.7,0.33479735255241394
1027.8,0.34058403968811035
1027.9,0.3320247530937195
1028.0,0.33031606674194336
1028.1000000000001,0.3353118598461151
1028.2,0.3249073326587677
1028.3,0.3439937233924866
1028.4,0.3331849277019501
1028.5,0.32419553399086
1028.6000000000001,0.3325679302215576
1028.7,0.33359745144844055
1028.8,0.34079840779304504
1028.9,0.34140315651893616
1029.0,0.3344118595123291
1029.1000000000001,0.33540961146354675
1029.2,0.3408622145652771
1029.3,0.3359954059123993
1029.4,0.32789042592048645
1029.5,0.32349902391433716
1029.6000000000001,0.33631184697151184
1029.7,0.3379663825035095
1029.8,0.3228972256183624
1029.9,0.34081748127937317
1030.0,0.3374514579772949
1030.1000000000001,0.3343268632888794
1030.2,0.34205272793769836
1030.3,0.32752588391304016
1030.4,0.33253759145736694
1030.5,0.33269113302230835
1030.6000000000001,0.3328903913497925
1030.7,0.33134016394615173
1030.8,0.3362058103084564
1030.9,0.33621978759765625
1031.0,0.3376145362854004
1031.1000000000001,0.34083354473114014
1031.2,0.3382212221622467
1031.3,0.3355349004268646
1031.4,0.3352838456630707
1031.5,0.33625638484954834
1031.6000000000001,0.3305637836456299
1031.7,0.3376907706260681
1031.8,0.32886484265327454
1031.9,0.34389758110046387
1032.0,0.32721906900405884
1032.1000000000001,0.3245987296104431
1032.2,0.3548097014427185
1032.3,0.3312937021255493
1032.4,0.3349846303462982
1032.5,0.3357279300689697
1032.6000000000001,0.33613499999046326
1032.7,0.3400728106498718
1032.8,0.345897376537323
1032.9,0.3409971296787262
1033.0,0.33132243156433105
1033.1000000000001,0.32924965023994446
1033.2,0.33702728152275085
1033.3,0.32691246271133423
1033.4,0.33908089995384216
1033.5,0.33250221610069275
1033.6000000000001,0.34848615527153015
1033.7,0.32488712668418884
1033.8,0.3398027718067169
1033.9,0.34252211451530457
1034.0,0.3426152169704437
1034.1000000000001,0.3308682441711426
1034.2,0.3426600396633148
1034.3,0.3345220983028412
1034.4,0.3454788625240326
1034.5,0.3349827826023102
1034.6000000000001,0.3371719717979431
1034.7,0.3469340205192566
1034.8,0.3293920159339905
1034.9,0.32583361864089966
1035.0,0.3435884714126587
1035.1000000000001,0.33349210023880005
1035.2,0.3417378067970276
1035.3,0.3187885284423828
1035.4,0.3297819197177887
1035.5,0.34169700741767883
1035.6000000000001,0.3325127363204956
1035.7,0.3350396752357483
1035.8,0.32835790514945984
1035.9,0.3445236086845398
1036.0,0.33149683475494385
1036.1000000000001,0.3305533528327942
1036.2,0.32608237862586975
1036.3,0.33035871386528015
1036.4,0.3258439302444458
1036.5,0.32879382371902466
1036.6000000000001,0.3393037021160126
1036.7,0.33365198969841003
1036.8,0.3242686092853546
1036.9,0.33455967903137207
1037.0,0.3416064977645874
1037.1000000000001,0.34011754393577576
1037.2,0.334239661693573
1037.3,0.33685213327407837
1037.4,0.3299584686756134
1037.5,0.34251564741134644
1037.6000000000001,0.3312133252620697
1037.7,0.34173572063446045
1037.8,0.33577874302864075
1037.9,0.34031540155410767
1038.0,0.35260066390037537
1038.1000000000001,0.34400674700737
1038.2,0.33281734585762024
1038.3,0.33042600750923157
1038.4,0.32454589009284973
1038.5,0.341776967048645
1038.6000000000001,0.3298940658569336
1038.7,0.3229396939277649
1038.8,0.329342246055603
1038.9,0.3416726291179657
1039.0,0.33712536096572876
1039.1000000000001,0.33377182483673096
1039.2,0.3369959592819214
1039.3,0.33344703912734985
1039.4,0.3439370393753052
1039.5,0.3372386693954468
1039.6000000000001,0.33908170461654663
1039.7,0.33377665281295776
1039.8,0.34076908230781555
1039.9,0.3464987576007843
1040.0,0.3407393991947174
1040.1000000000001,0.3349892199039459
1040.2,0.34277066588401794
1040.3,0.33226609230041504
1040.4,0.3346732258796692
1040.5,0.3318478465080261
1040.6000000000001,0.34018072485923767
1040.7,0.3343183398246765
1040.8,0.33572328090667725
1040.9,0.34257474541664124
1041.0,0.3301006257534027
1041.1000000000001,0.33005595207214355
1041.2,0.343723863363266
1041.3,0.3375674784183502
1041.4,0.3259730041027069
1041.5,0.33274298906326294
1041.6000000000001,0.3285616636276245
1041.7,0.3330000638961792
1041.8,0.33941754698753357
1041.9,0.3389393091201782
1042.0,0.3302239179611206
1042.1000000000001,0.3376831114292145
1042.2,0.3422256112098694
1042.3,0.3435024619102478
1042.4,0.3308890759944916
1042.5,0.3367830812931061
1042.6000000000001,0.3394443392753601
1042.7,0.33346208930015564
1042.8,0.3431265652179718
1042.9,0.33488839864730835
1043.0,0.34609919786453247
1043.1000000000001,0.33751827478408813
1043.2,0.3367588520050049
1043.3,0.33067119121551514
1043.4,0.33760595321655273
1043.5,0.3279494345188141
1043.6000000000001,0.33296024799346924
1043.7,0.327554315328598
1043.8,0.33880114555358887
1043.9,0.3356678783893585
1044.0,0.3365538716316223
1044.1000000000001,0.33524370193481445
1044.2,0.33631420135498047
1044.3,0.33794233202934265
1044.4,0.341999888420105
1044.5,0.3378247022628784
1044.6000000000001,0.3343101739883423
1044.7,0.31935906410217285
1044.8,0.3147847354412079
1044.9,0.3365175127983093
1045.0,0.33876416087150574
1045.1000000000001,0.3287373185157776
1045.2,0.3380964994430542
1045.3,0.3382359445095062
1045.4,0.33172523975372314
1045.5,0.343388170003891
1045.6000000000001,0.33439120650291443
1045.7,0.34316566586494446
1045.8,0.3455433249473572
1045.9,0.33426642417907715
1046.0,0.335353285074234
1046.1000000000001,0.336975634098053
1046.2,0.33178821206092834
1046.3,0.3302019536495209
1046.4,0.3326297104358673
1046.5,0.3306818902492523
1046.6000000000001,0.3400188982486725
1046.7,0.3345034718513489
1046.8,0.3359864056110382
1046.9,0.3359977602958679
1047.0,0.33572646975517273
1047.1000000000001,0.33826538920402527
1047.2,0.3411138355731964
1047.3,0.3330707252025604
1047.4,0.3288443684577942
1047.5,0.32564443349838257
1047.6000000000001,0.34118154644966125
1047.7,0.3368046283721924
1047.8,0.33405983448028564
1047.9,0.33461418747901917
1048.0,0.32211005687713623
1048.1000000000001,0.3377867639064789
1048.2,0.3367391526699066
1048.3,0.33988678455352783
1048.4,0.3321116864681244
1048.5,0.3333849012851715
1048.6000000000001,0.32939255237579346
1048.7,0.34074750542640686
1048.8,0.3362050950527191
1048.9,0.33947280049324036
1049.0,0.3363018333911896
1049.1000000000001,0.33250322937965393
1049.2,0.336476594209671
1049.3,0.3269393742084503
1049.4,0.3274284601211548
1049.5,0.33658257126808167
1049.6000000000001,0.33190035820007324
1049.7,0.33533644676208496
1049.8,0.3394636809825897
1049.9,0.34143418073654175
1050.0,0.339063435792923
1050.1000000000001,0.33949533104896545
1050.2,0.33848288655281067
1050.3,0.34275779128074646
1050.4,0.34945374727249146
1050.5,0.3357967734336853
1050.6000000000001,0.3358139097690582
1050.7,0.3393687903881073
1050.8,0.33915022015571594
1050.9,0.3367629945278168
1051.0,0.3468942642211914
1051.1000000000001,0.3388473689556122
1051.2,0.3352513611316681
1051.3,0.33118966221809387
1051.4,0.32936540246009827
1051.5,0.3221365511417389
1051.6000000000001,0.338069349527359
1051.7,0.3267844021320343
1051.8,0.3375067114830017
1051.9,0.32970911264419556
1052.0,0.3401210904121399
1052.1000000000001,0.33900827169418335
1052.2,0.3455110192298889
1052.3,0.33850914239883423
1052.4,0.3334082067012787
1052.5,0.33368390798568726
1052.6000000000001,0.3198108673095703
1052.7,0.3348989486694336
1052.8,0.3428362011909485
1052.9,0.3247552514076233
1053.0,0.34428972005844116
1053.1000000000001,0.3355422914028168
1053.2,0.33825522661209106
1053.3,0.33807072043418884
1053.4,0.33826762437820435
1053.5,0.3403310179710388
1053.6000000000001,0.3255414366722107
1053.7,0.3265155553817749
1053.8,0.32977294921875
1053.9,0.3339344263076782
1054.0,0.3301298916339874
1054.1000000000001,0.3362131416797638
1054.2,0.32078948616981506
1054.3,0.3462156355381012
1054.4,0.3359537720680237
1054.5,0.3404787480831146
1054.6000000000001,0.33268338441848755
1054.7,0.33568137884140015
1054.8,0.3466503620147705
1054.9,0.33752554655075073
1055.0,0.33736249804496765
1055.1000000000001,0.3357918858528137
1055.2,0.33364513516426086
1055.3,0.32417166233062744
1055.4,0.33116379380226135
1055.5,0.3326971232891083
1055.6000000000001,0.33648446202278137
1055.7,0.32847774028778076
1055.8,0.3277369439601898
1055.9,0.3269520401954651
1056.0,0.33795589208602905
1056.1000000000001,0.33775654435157776
1056.2,0.31609925627708435
1056.3,0.33962398767471313
1056.4,0.3409046530723572
1056.5,0.33123883605003357
1056.6000000000001,0.32423293590545654
1056.7,0.35025694966316223
1056.8,0.3294033408164978
1056.9,0.3356773853302002
1057.0,0.33611974120140076
1057.1000000000001,0.34260568022727966
1057.2,0.3331974446773529
1057.3,0.32938653230667114
1057.4,0.3400890827178955
1057.5,0.3319782018661499
1057.6000000000001,0.3504297435283661
1057.7,0.3335585594177246
1057.8,0.3360625207424164
1057.9,0.3471386134624481
1058.0,0.34333303570747375
1058.1000000000001,0.33486059308052063
1058.2,0.33611994981765747
1058.3,0.3269082307815552
1058.4,0.3375334143638611
1058.5,0.32864153385162354
1058.6000000000001,0.32992130517959595
1058.7,0.3334161937236786
1058.8,0.336899995803833
1058.9,0.3428601026535034
1059.0,0.3441324830055237
1059.1000000000001,0.34140926599502563
1059.2,0.32916131615638733
1059.3,0.3276462256908417
1059.4,0.33058714866638184
1059.5,0.34002113342285156
1059.6000000000001,0.3355766832828522
1059.7,0.34150439500808716
1059.8,0.336244136095047
1059.9,0.3200170397758484
1060.0,0.3363756835460663
1060.1000000000001,0.33983686566352844
1060.2,0.33161425590515137
1060.3,0.3304619789123535
1060.4,0.3317176401615143
1060.5,0.3374229669570923
1060.6000000000001,0.3262202739715576
1060.7,0.33519646525382996
1060.8,0.34066054224967957
1060.9,0.32914695143699646
1061.0,0.33467793464660645
1061.1000000000001,0.33819901943206787
1061.2,0.33714383840560913
1061.3,0.3385910093784332
1061.4,0.33879995346069336
1061.5,0.32710808515548706
1061.6000000000001,0.33773553371429443
1061.7,0.3382076323032379
1061.8,0.3230733573436737
1061.9,0.3459499478340149
1062.0,0.33954039216041565
1062.1000000000001,0.3368671238422394
1062.2,0.3333400785923004
1062.3,0.34171611070632935
1062.4,0.3278454542160034
1062.5,0.339223712682724
1062.6000000000001,0.337699294090271
1062.7,0.3392000198364258
1062.8,0.33242473006248474
1062.9,0.3393164873123169
1063.0,0.33709701895713806
1063.1000000000001,0.33299773931503296
1063.2,0.33821743726730347
1063.3,0.33677759766578674
1063.4,0.3282144069671631
1063.5,0.3391593098640442
1063.6000000000001,0.3424958288669586
1063.7,0.335543155670166
1063.8,0.33946579694747925
1063.9,0.33470770716667175
1064.0,0.339986115694046
1064.1000000000001,0.3331829607486725
1064.2,0.33136487007141113
1064.3,0.33775144815444946
1064.4,0.33803245425224304
1064.5,0.32815080881118774
1064.6000000000001,0.3314981758594513
1064.7,0.33573880791664124
1064.8,0.33869898319244385
1064.9,0.340248703956604
1065.0,0.3277141749858856
1065.1000000000001,0.33067765831947327
1065.2,0.3377395272254944
1065.3,0.3253839612007141
1065.4,0.35017603635787964
1065.5,0.33471575379371643
1065.6000000000001,0.3365444540977478
1065.7,0.3286685049533844
1065.8,0.3275717496871948
1065.9,0.3301362693309784
1066.0,0.34514302015304565
1066.1000000000001,0.32993271946907043
1066.2,0.3409736752510071
1066.3,0.3369258940219879
1066.4,0.3361627161502838
1066.5,0.345333069562912
1066.6000000000001,0.338351309299469
1066.7,0.32941934466362
1066.8,0.33653390407562256
1066.9,0.3392941951751709
1067.0,0.3422066867351532
1067.1000000000001,0.341700941324234
1067.2,0.33919385075569153
1067.3,0.34127122163772583
1067.4,0.34522679448127747
1067.5,0.34521323442459106
1067.6000000000001,0.33031079173088074
1067.7,0.33884093165397644
1067.8,0.33581721782684326
1067.9,0.3333965837955475
1068.0,0.33432653546333313
1068.1000000000001,0.33570393919944763
1068.2,0.3195230960845947
1068.3,0.3371560573577881
1068.4,0.3361804187297821
1068.5,0.33446571230888367
1068.6000000000001,0.3436431884765625
1068.7,0.3322441577911377
1068.8,0.3275660276412964
1068.9,0.33894699811935425
1069.0,0.31670334935188293
1069.1000000000001,0.34068194031715393
1069.2,0.32632768154144287
1069.3,0.3356127142906189
1069.4,0.3390164077281952
1069.5,0.34335842728614807
1069.6000000000001,0.32237353920936584
1069.7,0.34417256712913513
1069.8,0.3248874843120575
1069.9,0.3355892598628998
1070.0,0.3411155641078949
1070.1000000000001,0.33049529790878296
1070.2,0.3459851145744324
1070.3,0.34093478322029114
1070.4,0.3355042040348053
1070.5,0.33066031336784363
1070.6000000000001,0.3326842188835144
1070.7,0.3391512334346771
1070.8,0.3390490710735321
1070.9,0.3295787274837494
1071.0,0.3378531336784363
1071.1000000000001,0.33648115396499634
1071.2,0.341530978679657
1071.3,0.3291219174861908
1071.4,0.34302833676338196
1071.5,0.3288252055644989
1071.6000000000001,0.3393690586090088
1071.7,0.34108614921569824
1071.8,0.3325815498828888
1071.9,0.33445486426353455
1072.0,0.3358179032802582
1072.1000000000001,0.3257678151130676
1072.2,0.3236211836338043
1072.3,0.3294498026371002
1072.4,0.33171355724334717
1072.5,0.3311721086502075
1072.6000000000001,0.3334982991218567
1072.7,0.33994579315185547
1072.8,0.33912399411201477
1072.9,0.34142956137657166
1073.0,0.3247343599796295
1073.1000000000001,0.3413189947605133
1073.2,0.34498870372772217
1073.3,0.33772069215774536
1073.4,0.3407406508922577
1073.5,0.331027626991272
1073.6000000000001,0.33818191289901733
1073.7,0.3384580612182617
1073.8,0.3317033350467682
1073.9,0.3323829472064972
1074.0,0.33622676134109497
1074.1000000000001,0.34317585825920105
1074.2,0.33937156200408936
1074.3,0.3421276807785034
1074.4,0.33117881417274475
1074.5,0.33696073293685913
1074.6000000000001,0.3250614106655121
1074.7,0.33468958735466003
1074.8,0.3315068185329437
1074.9,0.3404613137245178
1075.0,0.336894154548645
1075.1000000000001,0.33510926365852356
1075.2,0.34875497221946716
1075.3,0.33443987369537354
1075.4,0.3272978663444519
1075.5,0.32843467593193054
1075.6000000000001,0.33998510241508484
1075.7,0.3358634114265442
1075.8,0.3423486649990082
1075.9,0.3374444842338562
1076.0,0.3253585696220398
1076.1000000000001,0.32898417115211487
1076.2,0.3305583596229553
1076.3,0.33175408840179443
1076.4,0.34178972244262695
1076.5,0.3473506569862366
1076.6000000000001,0.32668018341064453
1076.7,0.33524346351623535
1076.8,0.32378941774368286
1076.9,0.3408074378967285
1077.0,0.3275538980960846
1077.1000000000001,0.3300844430923462
1077.2,0.3296400308609009
1077.3,0.3239198625087738
1077.4,0.3271569013595581
1077.5,0.31447771191596985
1077.7,0.32881712913513184
1077.7,0.32121211290359497
1077.8,0.3313291668891907
1077.9,0.34297099709510803
1078.0,0.34069302678108215
1078.1000000000001,0.32957273721694946
1078.2,0.3322281241416931
1078.3,0.33748844265937805
1078.4,0.33371835947036743
1078.5,0.3357258141040802
1078.6000000000001,0.3355846405029297
1078.7,0.34468165040016174
1078.8,0.34129881858825684
1078.9,0.33578750491142273
1079.0,0.33681583404541016
1079.1000000000001,0.3377641439437866
1079.2,0.3250715732574463
1079.3,0.3270051181316376
1079.4,0.3334750235080719
1079.5,0.33500492572784424
1079.6000000000001,0.3272118866443634
1079.7,0.3283208906650543
1079.8,0.3244580924510956
1079.9,0.33138298988342285
1080.0,0.3439750075340271
1080.1000000000001,0.3403455913066864
1080.2,0.3325316905975342
1080.3,0.338564932346344
1080.4,0.3418014943599701
1080.5,0.3326657712459564
1080.6000000000001,0.33895957469940186
1080.7,0.32927921414375305
1080.8,0.3194217383861542
1080.9,0.3435801565647125
1081.0,0.33650821447372437
1081.1000000000001,0.32637277245521545
1081.2,0.33870458602905273
1081.3,0.32866334915161133
1081.4,0.33366894721984863
1081.5,0.3415818214416504
1081.6000000000001,0.338833749294281
1081.7,0.33410048484802246
1081.8,0.3319949209690094
1081.9,0.3479577898979187
1082.0,0.33818304538726807
1082.2,0.3282219469547272
1082.2,0.3381016254425049
1082.3,0.33887630701065063
1082.4,0.3307203948497772
1082.5,0.33235669136047363
1082.6000000000001,0.34181633591651917
1082.7,0.33503663539886475
1082.8,0.33430320024490356
1082.9,0.33535364270210266
1083.0,0.3386690616607666
1083.1000000000001,0.33494895696640015
1083.2,0.3344510793685913
1083.3,0.32782530784606934
1083.4,0.3360072672367096
1083.5,0.3389148414134979
1083.6000000000001,0.3298224210739136
1083.7,0.3407665193080902
1083.8,0.32909542322158813
1083.9,0.3467698097229004
1084.0,0.3218177855014801
1084.1000000000001,0.3361642360687256
1084.2,0.34091007709503174
1084.3,0.33351579308509827
1084.4,0.33312204480171204
1084.5,0.3351367712020874
1084.6000000000001,0.3374439477920532
1084.7,0.3431338369846344
1084.8,0.3367168605327606
1084.9,0.3275599181652069
1085.0,0.33140769600868225
1085.1000000000001,0.33905813097953796
1085.2,0.3357340395450592
1085.3,0.33866044878959656
1085.4,0.3330918550491333
1085.5,0.33688855171203613
1085.6000000000001,0.336482435464859
1085.7,0.3399888873100281
1085.8,0.33374613523483276
1085.9,0.3336021602153778
1086.0,0.34124884009361267
1086.1000000000001,0.34099534153938293
1086.2,0.3406493067741394
1086.3,0.3349674642086029
1086.4,0.33871617913246155
1086.5,0.32788652181625366
1086.6000000000001,0.33758556842803955
1086.7,0.3412788212299347
1086.8,0.34255316853523254
1086.9,0.33311107754707336
1087.0,0.33620497584342957
1087.1000000000001,0.331266850233078
1087.2,0.33888062834739685
1087.3,0.3124276101589203
1087.4,0.3273782432079315
1087.5,0.341164767742157
1087.6000000000001,0.33550867438316345
1087.7,0.3257003724575043
1087.8,0.32983729243278503
1087.9,0.325472891330719
1088.0,0.3255348205566406
1088.1000000000001,0.34636953473091125
1088.2,0.3343331515789032
1088.3,0.33805879950523376
1088.4,0.3420396149158478
1088.5,0.3406769633293152
1088.6000000000001,0.3257341682910919
1088.7,0.331868439912796
1088.8,0.3344247043132782
1088.9,0.3391256034374237
1089.0,0.3385792076587677
1089.1000000000001,0.3317567706108093
1089.2,0.34603381156921387
1089.3,0.3363170623779297
1089.4,0.3383197486400604
1089.5,0.3436201810836792
1089.6000000000001,0.3334190547466278
1089.7,0.33522745966911316
1089.8,0.34717702865600586
1089.9,0.33734333515167236
1090.0,0.3399612307548523
1090.1000000000001,0.33142563700675964
1090.2,0.3325878381729126
1090.3,0.33430665731430054
1090.4,0.34143298864364624
1090.5,0.32518237829208374
1090.6000000000001,0.3347511887550354
1090.7,0.33355414867401123
1090.8,0.33531227707862854
1090.9,0.3371322751045227
1091.0,0.3434898555278778
1091.1000000000001,0.33430975675582886
1091.2,0.33597180247306824
1091.3,0.3382403254508972
1091.4,0.3418065309524536
1091.5,0.3395150601863861
1091.6000000000001,0.34407299757003784
1091.7,0.32232266664505005
1091.8,0.33531951904296875
1091.9,0.3319099247455597
1092.0,0.34051960706710815
1092.1000000000001,0.34102684259414673
1092.2,0.3395484387874603
1092.3,0.3382737934589386
1092.4,0.3375259339809418
1092.5,0.334585577249527
1092.6000000000001,0.3337158262729645
1092.7,0.33756259083747864
1092.8,0.33744245767593384
1092.9,0.33356142044067383
1093.0,0.33251646161079407
1093.1000000000001,0.3368377685546875
1093.2,0.34343579411506653
1093.3,0.3382430672645569
1093.4,0.3402397632598877
1093.5,0.3300721347332001
1093.6000000000001,0.32917875051498413
1093.7,0.3475990295410156
1093.8,0.3402875065803528
1093.9,0.340736448764801
1094.0,0.3318863809108734
1094.1000000000001,0.32751283049583435
1094.2,0.32810062170028687
1094.3,0.329716295003891
1094.4,0.34312358498573303
1094.5,0.3181423842906952
1094.6000000000001,0.3402556777000427
1094.7,0.33686500787734985
1094.8,0.3444250822067261
1094.9,0.34293073415756226
1095.0,0.3387608230113983
1095.1000000000001,0.3404741585254669
1095.2,0.3260917663574219
1095.3000000000002,0.34174883365631104
1095.4,0.3371831178665161
1095.5,0.3239280581474304
1095.6000000000001,0.3231011629104614
1095.7,0.3388465642929077
1095.8000000000002,0.3330247700214386
1095.9,0.3281722962856293
1096.0,0.34003809094429016
1096.1000000000001,0.34637048840522766
1096.2,0.33863601088523865
1096.3000000000002,0.3343357741832733
1096.4,0.33965012431144714
1096.5,0.3321816027164459
1096.6000000000001,0.3294776380062103
1096.7,0.3347873091697693
1096.8000000000002,0.3427465856075287
1096.9,0.3361598551273346
1097.0,0.3416360020637512
1097.1000000000001,0.34367644786834717
1097.2,0.3370780050754547
1097.3000000000002,0.3377484083175659
1097.4,0.345527708530426
1097.5,0.3336304724216461
1097.6000000000001,0.32769736647605896
1097.7,0.31753671169281006
1097.8000000000002,0.3210338056087494
1097.9,0.3375413715839386
1098.0,0.3396758735179901
1098.1000000000001,0.3395415246486664
1098.2,0.33161619305610657
1098.3000000000002,0.32932543754577637
1098.4,0.3262578248977661
1098.5,0.3425865173339844
1098.6000000000001,0.3365473449230194
1098.7,0.336041122674942
1098.8000000000002,0.33772799372673035
1098.9,0.34044066071510315
1099.0,0.3239249289035797
1099.1000000000001,0.3315911293029785
1099.2,0.3448845446109772
1099.3000000000002,0.3366564214229584
1099.4,0.3338196575641632
1099.5,0.34259140491485596
1099.6000000000001,0.3392784893512726
1099.7,0.3413175344467163
1099.8000000000002,0.3420220911502838
1099.9,0.3329627811908722
1100.0,0.3361937999725342
1100.1000000000001,0.33342522382736206
1100.2,0.3326433598995209
1100.3000000000002,0.3306286334991455
1100.4,0.3451392352581024
1100.5,0.33794331550598145
1100.6000000000001,0.3308884799480438
1100.7,0.3280525505542755
1100.8000000000002,0.3310774862766266
1100.9,0.3242446482181549
1101.0,0.33627375960350037
1101.1000000000001,0.3310932219028473
1101.2,0.3360118865966797
1101.3000000000002,0.3359062075614929
1101.4,0.33966952562332153
1101.5,0.33860689401626587
1101.6000000000001,0.3358282744884491
1101.7,0.3312169015407562
1101.8000000000002,0.34373119473457336
1101.9,0.34167787432670593
1102.0,0.3338330388069153
1102.1000000000001,0.33329880237579346
1102.2,0.3309744596481323
1102.3000000000002,0.33223795890808105
1102.4,0.3344426155090332
1102.5,0.340060830116272
1102.6000000000001,0.33984410762786865
1102.7,0.31800875067710876
1102.8000000000002,0.3387869894504547
1102.9,0.33476853370666504
1103.0,0.33325156569480896
1103.1000000000001,0.33969396352767944
1103.2,0.33102017641067505
1103.3000000000002,0.3439602851867676
1103.4,0.34446191787719727
1103.5,0.34289225935935974
1103.6000000000001,0.34362858533859253
1103.7,0.32675445079803467
1103.8000000000002,0.3371955156326294
1103.9,0.3297741711139679
1104.0,0.3241172432899475
1104.1000000000001,0.33246132731437683
1104.2,0.3262527585029602
1104.3000000000002,0.3389189839363098
1104.4,0.3372840881347656
1104.5,0.34018948674201965
1104.6000000000001,0.33733466267585754
1104.7,0.33233359456062317
1104.8000000000002,0.3440682590007782
1104.9,0.3326379656791687
1105.0,0.32683247327804565
1105.1000000000001,0.334011971950531
1105.2,0.33287903666496277
1105.3000000000002,0.3360426425933838
1105.4,0.3406316041946411
1105.5,0.3303278684616089
1105.6000000000001,0.3358750641345978
1105.7,0.3369068205356598
1105.8000000000002,0.3397974371910095
1105.9,0.34152835607528687
1106.0,0.3313094973564148
1106.1000000000001,0.33985087275505066
1106.2,0.33693134784698486
1106.3000000000002,0.33042004704475403
1106.4,0.328254371881485
1106.5,0.3351595103740692
1106.6000000000001,0.33051401376724243
1106.7,0.3401806354522705
1106.8000000000002,0.33687928318977356
1106.9,0.32931625843048096
1107.0,0.3367190361022949
1107.1000000000001,0.33611008524894714
1107.2,0.33106285333633423
1107.3000000000002,0.3337744176387787
1107.4,0.3240162432193756
1107.5,0.3342263698577881
1107.6000000000001,0.3312256336212158
1107.7,0.33116427063941956
1107.8000000000002,0.33264005184173584
1107.9,0.3395409882068634
1108.0,0.33917611837387085
1108.1000000000001,0.3404761850833893
1108.2,0.33952510356903076
1108.3000000000002,0.3392666280269623
1108.4,0.3462514877319336
1108.5,0.3330022990703583
1108.6000000000001,0.3347679376602173
1108.7,0.3365589380264282
1108.8000000000002,0.34137627482414246
1108.9,0.34049469232559204
1109.0,0.336297869682312
1109.1000000000001,0.33162519335746765
1109.2,0.3195856511592865
1109.3000000000002,0.3333258032798767
1109.4,0.34221211075782776
1109.5,0.3424156904220581
1109.6000000000001,0.33457428216934204
1109.7,0.33964481949806213
1109.8000000000002,0.34774866700172424
1109.9,0.33716094493865967
1110.0,0.33722445368766785
1110.1000000000001,0.3406938314437866
1110.2,0.34515878558158875
1110.3000000000002,0.3269343376159668
1110.4,0.3330273926258087
1110.5,0.3300715684890747
1110.6000000000001,0.3329903185367584
1110.7,0.33978506922721863
1110.8000000000002,0.33810266852378845
1110.9,0.3321126401424408
1111.0,0.34012576937675476
1111.1000000000001,0.32151558995246887
1111.2,0.3309305012226105
1111.3000000000002,0.3373848497867584
1111.4,0.33849865198135376
1111.5,0.3348507285118103
1111.6000000000001,0.33878564834594727
1111.7,0.3389069437980652
1111.8000000000002,0.34548115730285645
1111.9,0.32956379652023315
1112.0,0.3267354965209961
1112.1000000000001,0.32898977398872375
1112.2,0.3374391198158264
1112.3000000000002,0.3375295102596283
1112.4,0.3343041241168976
1112.5,0.3364570140838623
1112.6000000000001,0.33956798911094666
1112.7,0.33460500836372375
1112.8000000000002,0.3389994204044342
1112.9,0.3348745107650757
1113.0,0.3282262980937958
1113.1000000000001,0.3352290093898773
1113.2,0.3389520049095154
1113.3000000000002,0.3479953110218048
1113.4,0.33480390906333923
1113.5,0.3239419758319855
1113.6000000000001,0.32554852962493896
1113.7,0.32948005199432373
1113.8000000000002,0.32013604044914246
1113.9,0.34281063079833984
1114.0,0.3463176190853119
1114.1000000000001,0.34249961376190186
1114.2,0.3252907693386078
1114.3000000000002,0.3372441530227661
1114.4,0.3269031047821045
1114.5,0.3423738479614258
1114.6000000000001,0.3369589149951935
1114.7,0.3402249217033386
1114.8000000000002,0.32621848583221436
1114.9,0.3299245536327362
1115.0,0.3302536606788635
1115.1000000000001,0.3257351815700531
1115.2,0.33433571457862854
1115.3000000000002,0.33082064986228943
1115.4,0.3288242220878601
1115.5,0.3273433744907379
1115.6000000000001,0.3271971344947815
1115.7,0.32903051376342773
1115.8000000000002,0.32946109771728516
1115.9,0.3431174159049988
1116.0,0.3441953659057617
1116.1000000000001,0.3309067189693451
1116.2,0.33811527490615845
1116.3000000000002,0.3410419523715973
1116.4,0.34125879406929016
1116.5,0.33593255281448364
1116.6000000000001,0.3372581899166107
1116.7,0.33517900109291077
1116.8000000000002,0.3337019383907318
1116.9,0.33942756056785583
1117.0,0.3439941108226776
1117.1000000000001,0.34092050790786743
1117.2,0.33824270963668823
1117.3000000000002,0.3371800184249878
1117.4,0.3340694010257721
1117.5,0.33829328417778015
1117.6000000000001,0.33493226766586304
1117.7,0.3308952748775482
1117.8000000000002,0.33643805980682373
1117.9,0.33042243123054504
1118.0,0.3310348391532898
1118.1000000000001,0.3357968330383301
1118.2,0.34319883584976196
1118.3000000000002,0.33254683017730713
1118.4,0.3293466866016388
1118.5,0.33711662888526917
1118.6000000000001,0.3349531888961792
1118.7,0.33834725618362427
1118.8000000000002,0.33539465069770813
1118.9,0.33686989545822144
1119.0,0.3399346172809601
1119.1000000000001,0.32615405321121216
1119.2,0.3467763364315033
1119.3000000000002,0.33008474111557007
1119.4,0.32313233613967896
1119.5,0.3384062349796295
1119.6000000000001,0.3397398889064789
1119.7,0.3439957797527313
1119.8000000000002,0.3342030942440033
1119.9,0.329824298620224
1120.0,0.3230787217617035
1120.1000000000001,0.3388633131980896
1120.2,0.3405543267726898
1120.3000000000002,0.3381634056568146
1120.4,0.33983901143074036
1120.5,0.3349756598472595
1120.6000000000001,0.33313706517219543
1120.7,0.3370647132396698
1120.8000000000002,0.3386646807193756
1120.9,0.3340786099433899
1121.0,0.32920992374420166
1121.1000000000001,0.33252978324890137
1121.2,0.3357332646846771
1121.3000000000002,0.344964861869812
1121.4,0.334273099899292
1121.5,0.3341481387615204
1121.6000000000001,0.32282117009162903
1121.7,0.33465269207954407
1121.8000000000002,0.33568310737609863
1121.9,0.3378202021121979
1122.0,0.32123637199401855
1122.1000000000001,0.33201074600219727
1122.2,0.3381354808807373
1122.3000000000002,0.3420124351978302
1122.4,0.3329846262931824
1122.5,0.3450259864330292
1122.6000000000001,0.32524731755256653
1122.7,0.3286992907524109
1122.8000000000002,0.33428817987442017
1122.9,0.34615767002105713
1123.0,0.33853012323379517
1123.1000000000001,0.3301938474178314
1123.2,0.34231075644493103
1123.3000000000002,0.33654046058654785
1123.4,0.33125218749046326
1123.5,0.3392762541770935
1123.6000000000001,0.3300640881061554
1123.7,0.3423594534397125
1123.8000000000002,0.3376738131046295
1123.9,0.3414797782897949
1124.0,0.3428657650947571
1124.1000000000001,0.3410288989543915
1124.2,0.3410806655883789
1124.3000000000002,0.3392117917537689
1124.4,0.337676078081131
1124.5,0.3401340842247009
1124.6000000000001,0.3336561918258667
1124.7,0.334024041891098
1124.8000000000002,0.3317098319530487
1124.9,0.3437737822532654
1125.0,0.34216180443763733
1125.1000000000001,0.3364526331424713
1125.2,0.34332725405693054
1125.3000000000002,0.33533185720443726
1125.4,0.33644020557403564
1125.5,0.3208153545856476
1125.6000000000001,0.3354671895503998
1125.7,0.3361591100692749
1125.8000000000002,0.34245622158050537
1125.9,0.33879464864730835
1126.0,0.33200377225875854
1126.1000000000001,0.3381502330303192
1126.2,0.3446667492389679
1126.3000000000002,0.3245019316673279
1126.4,0.3271293342113495
1126.5,0.3248835802078247
1126.6000000000001,0.34018638730049133
1126.7,0.3395792543888092
1126.8000000000002,0.3336380124092102
1126.9,0.33863842487335205
1127.0,0.3431318402290344
1127.1000000000001,0.3345414996147156
1127.2,0.340085506439209
1127.3000000000002,0.32662612199783325
1127.4,0.33169126510620117
1127.5,0.33969220519065857
1127.6000000000001,0.3237028419971466
1127.7,0.3381883203983307
1127.8000000000002,0.3349215090274811
1127.9,0.3440837264060974
1128.0,0.31786513328552246
1128.1000000000001,0.3306320011615753
1128.2,0.3285895586013794
1128.3000000000002,0.3389965891838074
1128.4,0.3245086073875427
1128.5,0.3232446014881134
1128.6000000000001,0.34665447473526
1128.7,0.3353022336959839
1128.8000000000002,0.33750516176223755
1128.9,0.33560287952423096
1129.0,0.32713761925697327
1129.1000000000001,0.32863178849220276
1129.2,0.3286036550998688
1129.3000000000002,0.3436788022518158
1129.4,0.33005738258361816
1129.5,0.33433109521865845
1129.6000000000001,0.33355000615119934
1129.7,0.33710139989852905
1129.8000000000002,0.3515220284461975
1129.9,0.3357231020927429
1130.0,0.3462199866771698
1130.1000000000001,0.34099435806274414
1130.2,0.3275166153907776
1130.3000000000002,0.33579808473587036
1130.4,0.3394465148448944
1130.5,0.3394676446914673
1130.6000000000001,0.35047614574432373
1130.7,0.33489900827407837
1130.8000000000002,0.3211286962032318
1130.9,0.33350253105163574
1131.0,0.34045183658599854
1131.1000000000001,0.33540961146354675
1131.2,0.3417745530605316
1131.3000000000002,0.32477885484695435
1131.4,0.3287031054496765
1131.5,0.32843339443206787
1131.6000000000001,0.33913755416870117
1131.7,0.3331346809864044
1131.8000000000002,0.33541494607925415
1131.9,0.3354378938674927
1132.0,0.3377894163131714
1132.1000000000001,0.34601688385009766
1132.2,0.34755417704582214
1132.6000000000001,0.33372145891189575
1132.6000000000001,0.3309626877307892
1132.6000000000001,0.3353830873966217
1132.6000000000001,0.3247877061367035
1132.7,0.32387620210647583
1132.8000000000002,0.33285409212112427
1132.9,0.34496787190437317
1133.0,0.32623279094696045
1133.1000000000001,0.3509555459022522
1133.2,0.33349454402923584
1133.3000000000002,0.3311706483364105
1133.4,0.3358302414417267
1133.5,0.3352857828140259
1133.6000000000001,0.3437851369380951
1133.7,0.34409409761428833
1133.8000000000002,0.333156943321228
1133.9,0.351494163274765
1134.0,0.3418281674385071
1134.1000000000001,0.3452810049057007
1134.2,0.33582428097724915
1134.3000000000002,0.3424893021583557
1134.4,0.34709036350250244
1134.5,0.34537312388420105
1134.6000000000001,0.34311774373054504
1134.7,0.3348787724971771
1134.8000000000002,0.33773747086524963
1134.9,0.32332515716552734
1135.0,0.33714476227760315
1135.1000000000001,0.3426952064037323
1135.2,0.3443787395954132
1135.3000000000002,0.3462570905685425
1135.4,0.3475836515426636
1135.5,0.34336942434310913
1135.6000000000001,0.34331193566322327
1135.7,0.339070200920105
1135.8000000000002,0.33766889572143555
1135.9,0.3357383906841278
1136.0,0.3420218527317047
1136.1000000000001,0.33639729022979736
1136.2,0.34498628973960876
1136.3000000000002,0.3433195650577545
1136.4,0.3431118130683899
1136.5,0.34426864981651306
1136.6000000000001,0.348391592502594
1136.7,0.34660840034484863
1136.8000000000002,0.3513227701187134
1136.9,0.34075164794921875
1137.0,0.3370446562767029
1137.1000000000001,0.34793734550476074
1137.2,0.33391666412353516
1137.3000000000002,0.3496301770210266
1137.4,0.34876033663749695
1137.5,0.33564692735671997
1137.6000000000001,0.357262521982193
1137.7,0.33459678292274475
1137.8000000000002,0.35274389386177063
1137.9,0.35176312923431396
1138.0,0.3470565676689148
1138.1000000000001,0.35479673743247986
1138.2,0.34866657853126526
1138.3000000000002,0.3531092703342438
1138.4,0.3576808571815491
1138.5,0.3436889052391052
1138.6000000000001,0.35678932070732117
1138.7,0.351406067609787
1138.8000000000002,0.3398723900318146
1138.9,0.3487430810928345
1139.0,0.3514106869697571
1139.1000000000001,0.364178866147995
1139.2,0.3518272042274475
1139.3000000000002,0.351809561252594
1139.4,0.3600592613220215
1139.5,0.3445779085159302
1139.6000000000001,0.34085842967033386
1139.7,0.34753409028053284
1139.8000000000002,0.35864758491516113
1139.9,0.35632088780403137
1140.0,0.35571861267089844
1140.1000000000001,0.35934096574783325
1140.2,0.34741878509521484
1140.3000000000002,0.3614460229873657
1140.4,0.3437231183052063
1140.5,0.34739750623703003
1140.6000000000001,0.36322498321533203
1140.7,0.35275423526763916
1140.8000000000002,0.3507283926010132
1140.9,0.3538018763065338
1141.0,0.3561117351055145
1141.1000000000001,0.35061514377593994
1141.2,0.34961673617362976
1141.3000000000002,0.3564669191837311
1141.4,0.36265674233436584
1141.5,0.35832589864730835
1141.6000000000001,0.360832542181015
1141.7,0.3588763177394867
1141.8000000000002,0.36363986134529114
1141.9,0.35854673385620117
1142.0,0.3587307333946228
1142.1000000000001,0.3582410514354706
1142.2,0.36412695050239563
1142.3000000000002,0.3622773289680481
1142.4,0.36796337366104126
1142.5,0.36054113507270813
1142.6000000000001,0.3512152433395386
1142.7,0.3641137480735779
1142.8000000000002,0.35757729411125183
1142.9,0.3518352508544922
1143.0,0.36652299761772156
1143.1000000000001,0.36833518743515015
1143.2,0.3671054244041443
1143.3000000000002,0.3625814616680145
1143.4,0.3586811125278473
1143.5,0.3784743547439575
1143.6000000000001,0.37622106075286865
1143.7,0.3698102533817291
1143.8000000000002,0.36314430832862854
1143.9,0.3686371147632599
1144.0,0.3540882170200348
1144.1000000000001,0.3581371307373047
1144.2,0.36814045906066895
1144.3000000000002,0.3642024099826813
1144.4,0.36311718821525574
1144.5,0.36666035652160645
1144.6000000000001,0.37299057841300964
1144.7,0.3715497553348541
1144.8000000000002,0.37474608421325684
1144.9,0.3772974908351898
1145.0,0.3641897141933441
1145.1000000000001,0.36613237857818604
1145.2,0.3750097155570984
1145.3000000000002,0.3747710883617401
1145.4,0.3773009777069092
1145.5,0.37303316593170166
1145.6000000000001,0.37244561314582825
1145.7,0.36682870984077454
1145.8000000000002,0.3804267346858978
1145.9,0.3792968690395355
1146.0,0.37543630599975586
1146.1000000000001,0.3739375174045563
1146.2,0.3789694309234619
1146.3000000000002,0.3756377398967743
1146.4,0.37902799248695374
1146.5,0.372358113527298
1146.6000000000001,0.37014076113700867
1146.7,0.36673134565353394
1146.8000000000002,0.3789921700954437
1146.9,0.3664840757846832
1147.0,0.381820946931839
1147.1000000000001,0.3718867599964142
1147.2,0.3704189956188202
1147.3000000000002,0.378236323595047
1147.4,0.370998740196228
1147.5,0.37888962030410767
1147.6000000000001,0.38024628162384033
1147.7,0.35696643590927124
1147.8000000000002,0.37909436225891113
1147.9,0.36706048250198364
1148.0,0.37053894996643066
1148.1000000000001,0.38226038217544556
1148.2,0.3610347509384155
1148.3000000000002,0.37214070558547974
1148.4,0.3833533823490143
1148.5,0.3818588852882385
1148.6000000000001,0.3884280323982239
1148.7,0.38358262181282043
1148.8000000000002,0.38667625188827515
1148.9,0.38230931758880615
1149.0,0.38340210914611816
1149.1000000000001,0.39569514989852905
1149.2,0.3869114816188812
1149.3000000000002,0.3860272169113159
1149.4,0.3685437738895416
1149.5,0.3864445686340332
1149.6000000000001,0.3929353356361389
1149.7,0.3887937366962433
1149.8000000000002,0.38859865069389343
1149.9,0.3719295561313629
1150.0,0.39230877161026
1150.1000000000001,0.3873048722743988
1150.2,0.3907177448272705
1150.3000000000002,0.38560688495635986
1150.4,0.3963709771633148
1150.5,0.39230838418006897
1150.6000000000001,0.39551061391830444
1150.7,0.3862820565700531
1150.8000000000002,0.3861906826496124
1150.9,0.40221449732780457
1151.0,0.3931227922439575
1151.1000000000001,0.39927318692207336
1151.2,0.384033739566803
1151.3000000000002,0.39281225204467773
1151.4,0.3951573669910431
1151.5,0.3663864731788635
1151.6000000000001,0.39403554797172546
1151.7,0.3967624604701996
1151.8000000000002,0.39208027720451355
1151.9,0.4048158526420593
1152.0,0.40102773904800415
1152.1000000000001,0.39474380016326904
1152.2,0.40730881690979004
1152.3000000000002,0.4068652391433716
1152.4,0.3919658064842224
1152.5,0.39463290572166443
1152.6000000000001,0.40740811824798584
1152.7,0.3863280713558197
1152.8000000000002,0.39305877685546875
1152.9,0.40706107020378113
1153.0,0.3987281620502472
1153.1000000000001,0.411871075630188
1153.2,0.42000478506088257
1153.3000000000002,0.40834519267082214
1153.4,0.40390095114707947
1153.5,0.4038962423801422
1153.6000000000001,0.40346667170524597
1153.7,0.40003567934036255
1153.8000000000002,0.41461125016212463
1153.9,0.4043920040130615
1154.0,0.4065181016921997
1154.1000000000001,0.4070453941822052
1154.2,0.3999130427837372
1154.3000000000002,0.4152551293373108
1154.4,0.3941209614276886
1154.5,0.4050670862197876
1154.6000000000001,0.40720707178115845
1154.7,0.3979010581970215
1154.8000000000002,0.39586591720581055
1154.9,0.42078059911727905
1155.0,0.4086722731590271
1155.1000000000001,0.40396514534950256
1155.2,0.3913140594959259
1155.3000000000002,0.41313716769218445
1155.4,0.41165515780448914
1155.5,0.39230597019195557
1155.6000000000001,0.41432932019233704
1155.7,0.4208575487136841
1155.8000000000002,0.3914024531841278
1155.9,0.41078734397888184
1156.0,0.40647315979003906
1156.1000000000001,0.4244579076766968
1156.2,0.42044341564178467
1156.3000000000002,0.41806134581565857
1156.4,0.42354196310043335
1156.5,0.4140309989452362
1156.6000000000001,0.4213336706161499
1156.7,0.4070202708244324
1156.8000000000002,0.41221100091934204
1156.9,0.4135987162590027
1157.0,0.40591463446617126
1157.1000000000001,0.41925564408302307
1157.2,0.4209120273590088
1157.3000000000002,0.4215310215950012
1157.4,0.4149807095527649
1157.5,0.4259378910064697
1157.6000000000001,0.42990922927856445
1157.7,0.41672030091285706
1157.8000000000002,0.42360374331474304
1157.9,0.42693012952804565
1158.0,0.4224633276462555
1158.1000000000001,0.4198054373264313
1158.2,0.42223384976387024
1158.3000000000002,0.4333301782608032
1158.4,0.43182966113090515
1158.5,0.42413970828056335
1158.6000000000001,0.42630934715270996
1158.7,0.43141770362854004
1158.8000000000002,0.4153088331222534
1158.9,0.4376920759677887
1159.0,0.4403420090675354
1159.1000000000001,0.4326821267604828
1159.2,0.4432728886604309
1159.3000000000002,0.4331730008125305
1159.4,0.4183471202850342
1159.5,0.4303275942802429
1159.6000000000001,0.4380251169204712
1159.7,0.43409913778305054
1159.8000000000002,0.4384188950061798
1159.9,0.4172261953353882
1160.0,0.43278735876083374
1160.1000000000001,0.42394617199897766
1160.2,0.4379013180732727
1160.3000000000002,0.4322502613067627
1160.4,0.436617910861969
1160.5,0.4427872896194458
1160.6000000000001,0.43995290994644165
1160.7,0.4324299097061157
1160.8000000000002,0.44466134905815125
1160.9,0.4454643130302429
1161.0,0.4525063633918762
1161.1000000000001,0.4441168010234833
1161.2,0.4304046928882599
1161.3000000000002,0.43475428223609924
1161.4,0.4315388798713684
1161.5,0.44248464703559875
1161.6000000000001,0.4433899521827698
1161.7,0.4389260411262512
1161.8000000000002,0.4359009265899658
1161.9,0.44180184602737427
1162.0,0.4372118413448334
1162.1000000000001,0.4360818862915039
1162.2,0.4488508403301239
1162.3000000000002,0.4565560519695282
1162.4,0.44793641567230225
1162.5,0.4418519139289856
1162.6000000000001,0.4567660391330719
1162.7,0.4455087184906006
1162.8000000000002,0.44969457387924194
1162.9,0.4586150646209717
1163.0,0.44819048047065735
1163.1000000000001,0.4331375062465668
1163.2,0.44737696647644043
1163.3000000000002,0.45892030000686646
1163.4,0.44355905055999756
1163.5,0.4418371617794037
1163.6000000000001,0.4581986963748932
1163.7,0.44434982538223267
1163.8000000000002,0.45081499218940735
1163.9,0.44256243109703064
1164.0,0.44989249110221863
1164.1000000000001,0.4492975175380707
1164.2,0.45059773325920105
1164.3000000000002,0.45177173614501953
1164.4,0.4582807421684265
1164.5,0.45114952325820923
1164.6000000000001,0.4594310522079468
1164.7,0.4594285786151886
1164.8000000000002,0.4565999507904053
1164.9,0.44498178362846375
1165.0,0.4643764793872833
1165.1000000000001,0.45801636576652527
1165.2,0.4677504003047943
1165.3000000000002,0.4611194431781769
1165.4,0.4628130793571472
1165.5,0.46975141763687134
1165.6000000000001,0.4539124071598053
1165.7,0.4586136043071747
1165.8000000000002,0.4641575515270233
1165.9,0.466871440410614
1166.0,0.47387734055519104
1166.1000000000001,0.4572935998439789
1166.2,0.474455863237381
1166.3000000000002,0.46487197279930115
1166.4,0.4483829736709595
1166.5,0.4707680344581604
1166.6000000000001,0.47263842821121216
1166.7,0.47060683369636536
1166.8000000000002,0.47526633739471436
1166.9,0.4714380204677582
1167.0,0.46730685234069824
1167.1000000000001,0.47292736172676086
1167.2,0.4738207161426544
1167.3000000000002,0.48369067907333374
1167.4,0.47332778573036194
1167.5,0.463374525308609
1167.6000000000001,0.46910399198532104
1167.7,0.4727192223072052
1167.8000000000002,0.478425532579422
1167.9,0.45570018887519836
1168.0,0.4713453948497772
1168.1000000000001,0.4855138063430786
1168.2,0.4715433120727539
1168.3000000000002,0.485405832529068
1168.4,0.4854724705219269
1168.5,0.47785618901252747
1168.6000000000001,0.4833811819553375
1168.7,0.4803619086742401
1168.8000000000002,0.49356749653816223
1168.9,0.4703477919101715
1169.0,0.4772500693798065
1169.1000000000001,0.4889526069164276
1169.2,0.48550206422805786
1169.3000000000002,0.5006476044654846
1169.4,0.4939706325531006
1169.5,0.4993133246898651
1169.6000000000001,0.48740917444229126
1169.7,0.48219814896583557
1169.8000000000002,0.4898642599582672
1169.9,0.4882048964500427
1170.0,0.4996148645877838
1170.1000000000001,0.4835258722305298
1170.2,0.48667412996292114
1170.3000000000002,0.4874024987220764
1170.4,0.4652303457260132
1170.5,0.49232766032218933
1170.6000000000001,0.48724398016929626
1170.7,0.48004457354545593
1170.8000000000002,0.4858068823814392
1170.9,0.49661946296691895
1171.0,0.49705302715301514
1171.1000000000001,0.500117838382721
1171.2,0.48514455556869507
1171.3000000000002,0.49402672052383423
1171.4,0.49914273619651794
1171.5,0.49502888321876526
1171.6000000000001,0.501276433467865
1171.7,0.5007346868515015
1171.8000000000002,0.5033266544342041
1171.9,0.49051433801651
1172.0,0.48669174313545227
1172.1000000000001,0.5055915713310242
1172.2,0.5045972466468811
1172.3000000000002,0.49508440494537354
1172.4,0.49409300088882446
1172.5,0.5077590346336365
1172.6000000000001,0.4980146884918213
1172.7,0.5130822062492371
1172.8000000000002,0.5051489472389221
1172.9,0.50449138879776
1173.0,0.5002973079681396
1173.1000000000001,0.49704673886299133
1173.2,0.5142543315887451
1173.3000000000002,0.5009296536445618
1173.4,0.5072303414344788
1173.5,0.507081925868988
1173.6000000000001,0.5113341212272644
1173.7,0.4999433755874634
1173.8000000000002,0.5250762104988098
1173.9,0.5050753355026245
1174.0,0.5147840976715088
1174.1000000000001,0.5149192214012146
1174.2,0.5170702934265137
1174.3000000000002,0.5159834027290344
1174.4,0.5058819651603699
1174.5,0.5165991187095642
1174.6000000000001,0.5114840269088745
1174.7,0.5151064395904541
1174.8000000000002,0.5149110555648804
1174.9,0.5184397101402283
1175.0,0.5272204875946045
1175.1000000000001,0.5022847056388855
1175.2,0.516041100025177
1175.3000000000002,0.5111029744148254
1175.4,0.5192399024963379
1175.5,0.527719259262085
1175.6000000000001,0.49628499150276184
1175.7,0.511566698551178
1175.8000000000002,0.5276777148246765
1175.9,0.5305883884429932
1176.0,0.522911548614502
1176.1000000000001,0.5164633393287659
1176.2,0.5269756317138672
1176.3000000000002,0.5252349972724915
1176.4,0.5208013653755188
1176.5,0.5337166786193848
1176.6000000000001,0.5300062894821167
1176.7,0.5246336460113525
1176.8000000000002,0.5276093482971191
1176.9,0.5309612154960632
1177.0,0.5355215668678284
1177.1000000000001,0.5333107709884644
1177.2,0.5268490314483643
1177.3000000000002,0.5315665602684021
1177.4,0.5312275290489197
1177.5,0.5201932191848755
1177.6000000000001,0.5348319411277771
1177.7,0.5358721613883972
1177.8000000000002,0.535452127456665
1177.9,0.5264501571655273
1178.0,0.5246937870979309
1178.1000000000001,0.5361014008522034
1178.2,0.5334715843200684
1178.3000000000002,0.5425220727920532
1178.4,0.5410714745521545
1178.5,0.5285382866859436
1178.6000000000001,0.5557241439819336
1178.7,0.5266714692115784
1178.8000000000002,0.5236390829086304
1178.9,0.537340521812439
1179.0,0.5421717166900635
1179.1000000000001,0.5445765852928162
1179.2,0.5472182631492615
1179.3000000000002,0.5577702522277832
1179.4,0.5391798615455627
1179.5,0.5492196679115295
1179.6000000000001,0.5471755862236023
1179.7,0.5360836982727051
1179.8000000000002,0.5622682571411133
1179.9,0.5575743913650513
1180.0,0.5524284839630127
1180.1000000000001,0.5449755787849426
1180.2,0.5539159774780273
1180.3000000000002,0.553491473197937
1180.4,0.5507215857505798
1180.5,0.5532942414283752
1180.6000000000001,0.5582720041275024
1180.7,0.5474303364753723
1180.8000000000002,0.5469374656677246
1180.9,0.5386446118354797
1181.0,0.5620453953742981
1181.1000000000001,0.5377946496009827
1181.2,0.5473183989524841
1181.3000000000002,0.556484580039978
1181.4,0.5482704639434814
1181.5,0.5475932955741882
1181.6000000000001,0.5602174997329712
1181.7,0.5592495799064636
1181.8000000000002,0.5448994040489197
1181.9,0.5490721464157104
1182.0,0.5543689131736755
1182.1000000000001,0.5681949257850647
1182.2,0.5528393387794495
1182.3000000000002,0.5503446459770203
1182.4,0.5650655627250671
1182.5,0.5456516146659851
1182.6000000000001,0.5643073320388794
1182.7,0.5652244091033936
1182.8000000000002,0.5652678608894348
1182.9,0.5634602904319763
1183.0,0.5583911538124084
1183.1000000000001,0.5725454092025757
1183.2,0.5750973224639893
1183.3000000000002,0.5649406313896179
1183.4,0.5742141604423523
1183.5,0.5590779185295105
1183.6000000000001,0.572964072227478
1183.7,0.5758283138275146
1183.8000000000002,0.5689617991447449
1183.9,0.5611451268196106
1184.0,0.5822324752807617
1184.1000000000001,0.5805553793907166
1184.2,0.5692054629325867
1184.3000000000002,0.5684602856636047
1184.4,0.5811648964881897
1184.5,0.5726937055587769
1184.6000000000001,0.5880085229873657
1184.7,0.5746144652366638
1184.8000000000002,0.5855149626731873
1184.9,0.573829710483551
1185.0,0.5765069127082825
1185.1000000000001,0.5854489207267761
1185.2,0.5904294848442078
1185.3000000000002,0.5831889510154724
1185.4,0.5848320722579956
1185.5,0.5792971849441528
1185.6000000000001,0.5780869126319885
1185.7,0.5785085558891296
1185.8000000000002,0.5800758004188538
1185.9,0.5899825692176819
1186.0,0.5829789638519287
1186.1000000000001,0.5828180909156799
1186.2,0.5959824919700623
1186.3000000000002,0.5901597142219543
1186.4,0.593535840511322
1186.5,0.6046925783157349
1186.6000000000001,0.603830873966217
1186.7,0.5978618860244751
1186.8000000000002,0.5963000655174255
1186.9,0.5967956185340881
1187.0,0.5834967494010925
1187.1000000000001,0.5861929655075073
1187.2,0.6020134687423706
1187.3000000000002,0.6004517674446106
1187.4,0.5991708040237427
1187.5,0.5864453911781311
1187.6000000000001,0.6002770662307739
1187.7,0.6014490127563477
1187.8000000000002,0.6064214706420898
1187.9,0.5961424708366394
1188.0,0.5994561314582825
1188.1000000000001,0.5903844237327576
1188.2,0.6098896265029907
1188.3000000000002,0.6072817444801331
1188.4,0.6058793067932129
1188.5,0.591746985912323
1188.6000000000001,0.6056541204452515
1188.7,0.5989367961883545
1188.8000000000002,0.6025101542472839
1188.9,0.6104446649551392
1189.0,0.611577570438385
1189.1000000000001,0.6103472113609314
1189.2,0.6122846603393555
1189.3000000000002,0.6099065542221069
1189.4,0.6070043444633484
1189.5,0.613319993019104
1189.6000000000001,0.598422110080719
1189.7,0.5958146452903748
1189.8000000000002,0.6003343462944031
1189.9,0.6112045645713806
1190.0,0.6157640814781189
1190.1000000000001,0.615574836730957
1190.2,0.6071138381958008
1190.3000000000002,0.6043864488601685
1190.4,0.6098037958145142
1190.5,0.613431453704834
1190.6000000000001,0.6182234883308411
1190.7,0.6044287085533142
1190.8000000000002,0.624015212059021
1190.9,0.6107119917869568
1191.0,0.6056919693946838
1191.1000000000001,0.6277701258659363
1191.2,0.6227982640266418
1191.3000000000002,0.6009044051170349
1191.4,0.6077706813812256
1191.5,0.621605634689331
1191.6000000000001,0.6256476044654846
1191.7,0.6170226335525513
1191.8000000000002,0.6418882012367249
1191.9,0.623191237449646
1192.0,0.6158526539802551
1192.1000000000001,0.6238545775413513
1192.2,0.6238664984703064
1192.3000000000002,0.6287145614624023
1192.4,0.6386397480964661
1192.5,0.6406798362731934
1192.6000000000001,0.6211808919906616
1192.7,0.629746675491333
1192.8000000000002,0.6215832233428955
1192.9,0.6442649960517883
1193.0,0.6342583298683167
1193.1000000000001,0.6387355327606201
1193.2,0.6252704858779907
1193.3000000000002,0.6441611647605896
1193.4,0.6110629439353943
1193.5,0.6374204754829407
1193.6000000000001,0.6397955417633057
1193.7,0.6380612254142761
1193.8000000000002,0.617298424243927
1193.9,0.6516565680503845
1194.0,0.6500421166419983
1194.1000000000001,0.6480926871299744
1194.2,0.6323366165161133
1194.3000000000002,0.6444981098175049
1194.4,0.6443029642105103
1194.5,0.6423181295394897
1194.6000000000001,0.6419801115989685
1194.7,0.6453498005867004
1194.8000000000002,0.6504139304161072
1194.9,0.6499429941177368
1195.0,0.643798828125
1195.1000000000001,0.6455724835395813
1195.2,0.6539035439491272
1195.3000000000002,0.647900402545929
1195.4,0.6518420577049255
1195.5,0.6437519788742065
1195.6000000000001,0.6466896533966064
1195.7,0.6488306522369385
1195.8000000000002,0.6594228148460388
1195.9,0.6607217788696289
1196.0,0.6656364798545837
1196.1000000000001,0.6539550423622131
1196.2,0.6478667855262756
1196.3000000000002,0.6605076789855957
1196.4,0.6626406908035278
1196.5,0.6499526500701904
1196.6000000000001,0.6571236848831177
1196.7,0.6591744422912598
1196.8000000000002,0.6538093686103821
1196.9,0.6637457013130188
1197.0,0.6460717916488647
1197.1000000000001,0.6600801944732666
1197.2,0.6549617648124695
1197.3000000000002,0.6526248455047607
1197.4,0.653003454208374
1197.5,0.6728729605674744
1197.6000000000001,0.6585745811462402
1197.7,0.6720073819160461
1197.8000000000002,0.6608278751373291
1197.9,0.6617605090141296
1198.0,0.6568637490272522
1198.1000000000001,0.6785677075386047
1198.2,0.6592505574226379
1198.3000000000002,0.6654775738716125
1198.4,0.6585506200790405
1198.5,0.6636088490486145
1198.6000000000001,0.6734921336174011
1198.7,0.6816552877426147
1198.8000000000002,0.6665377616882324
1198.9,0.6672503352165222
1199.0,0.6782481074333191
1199.1000000000001,0.6767110824584961
1199.2,0.6665785908699036
1199.3000000000002,0.6501762270927429
1199.4,0.6785258054733276
1199.5,0.6683700680732727
1199.6000000000001,0.6811941266059875
1199.7,0.6727771162986755
1199.8000000000002,0.6762838363647461
1199.9,0.6767165064811707
1200.0,0.6616706848144531
1200.1000000000001,0.6824311017990112
1200.2,0.6842848062515259
1200.3000000000002,0.6811912059783936
1200.4,0.6794680953025818
1200.5,0.6773704290390015
1200.6000000000001,0.6795009970664978
1200.7,0.6707444787025452
1200.8000000000002,0.6781843304634094
1200.9,0.6883822083473206
1201.0,0.6910400986671448
1201.1000000000001,0.6867043972015381
1201.2,0.6729967594146729
1201.3000000000002,0.6855701804161072
1201.4,0.6902996897697449
1201.5,0.6999534368515015
1201.6000000000001,0.686221182346344
1201.7,0.6905495524406433
1201.8000000000002,0.6765749454498291
1201.9,0.6940852403640747
1202.0,0.692221999168396
1202.1000000000001,0.6915086507797241
1202.2,0.6910867094993591
1202.3000000000002,0.6929507255554199
1202.4,0.693884015083313
1202.5,0.6954424977302551
1202.6000000000001,0.6940849423408508
1202.7,0.7056878209114075
1202.8000000000002,0.6983462572097778
1202.9,0.7017762660980225
1203.0,0.6950462460517883
1203.1000000000001,0.6922241449356079
1203.2,0.698563814163208
1203.3000000000002,0.6978582739830017
1203.4,0.7061198353767395
1203.5,0.7037762403488159
1203.6000000000001,0.6969864964485168
1203.7,0.7192685604095459
1203.8000000000002,0.7134283781051636
1203.9,0.7076053619384766
1204.0,0.7077491879463196
1204.1000000000001,0.7095583081245422
1204.2,0.7062014937400818
1204.3000000000002,0.6981273293495178
1204.4,0.7112134695053101
1204.5,0.7214745283126831
1204.6000000000001,0.7102298140525818
1204.7,0.711220920085907
1204.8000000000002,0.7110101580619812
1204.9,0.7191699147224426
1205.0,0.7049744725227356
1205.1000000000001,0.7285296320915222
1205.2,0.7053894400596619
1205.3000000000002,0.7144914269447327
1205.4,0.7215403318405151
1205.5,0.7219269871711731
1205.6000000000001,0.7168424725532532
1205.7,0.70843106508255
1205.8000000000002,0.7191922068595886
1205.9,0.7298132181167603
1206.0,0.7245105504989624
1206.1000000000001,0.7217303514480591
1206.2,0.728043258190155
1206.3000000000002,0.7128491997718811
1206.4,0.7141107320785522
1206.5,0.7262750864028931
1206.6000000000001,0.7238380908966064
1206.7,0.7235084176063538
1206.8000000000002,0.7191744446754456
1206.9,0.7261403799057007
1207.0,0.7230896949768066
1207.1000000000001,0.7361863851547241
1207.2,0.7397840023040771
1207.3000000000002,0.7464069724082947
1207.4,0.7386029958724976
1207.5,0.7342058420181274
1207.6000000000001,0.7188308835029602
1207.7,0.7403490543365479
1207.8000000000002,0.7313604950904846
1207.9,0.7478557229042053
1208.0,0.737684965133667
1208.1000000000001,0.7421082854270935
1208.2,0.7472407221794128
1208.3000000000002,0.7409515976905823
1208.4,0.7477787137031555
1208.5,0.7309646606445312
1208.6000000000001,0.7359574437141418
1208.7,0.724737286567688
1208.8000000000002,0.7477072477340698
1208.9,0.7249656915664673
1209.0,0.7438833117485046
1209.1000000000001,0.7382476925849915
1209.2,0.7409801483154297
1209.3000000000002,0.7495023608207703
1209.4,0.7494577765464783
1209.5,0.7436903715133667
1209.6000000000001,0.7460142970085144
1209.7,0.7412093281745911
1209.8000000000002,0.7408953309059143
1209.9,0.7442240118980408
1210.0,0.7490488886833191
1210.1000000000001,0.7388277649879456
1210.2,0.7533301711082458
1210.3000000000002,0.7537567019462585
1210.4,0.7508917450904846
1210.5,0.7513301372528076
1210.6000000000001,0.7376946210861206
1210.7,0.7515727281570435
1210.8000000000002,0.7535169124603271
1210.9,0.7606325745582581
1211.0,0.7654309272766113
1211.1000000000001,0.7451053261756897
1211.2,0.755666196346283
1211.3000000000002,0.756772518157959
1211.4,0.764244019985199
1211.5,0.7581174373626709
1211.6000000000001,0.7592542767524719
1211.7,0.7639806866645813
1211.8000000000002,0.7565334439277649
1211.9,0.7695741653442383
1212.0,0.7672725915908813
1212.1000000000001,0.7636334300041199
1212.2,0.7715942859649658
1212.3000000000002,0.7634015679359436
1212.4,0.7669599056243896
1212.5,0.7738741636276245
1212.6000000000001,0.7655922770500183
1212.7,0.7617888450622559
1212.8000000000002,0.7709008455276489
1212.9,0.769826352596283
1213.0,0.768922746181488
1213.1000000000001,0.784661591053009
1213.2,0.7629676461219788
1213.3000000000002,0.7707668542861938
1213.4,0.7846246361732483
1213.5,0.7632319331169128
1213.6000000000001,0.7746212482452393
1213.7,0.7757713794708252
1213.8000000000002,0.7883154153823853
1213.9,0.7775068879127502
1214.0,0.7824729681015015
1214.1000000000001,0.7872427701950073
1214.2,0.7808203101158142
1214.3000000000002,0.7711586952209473
1214.4,0.7839617133140564
1214.5,0.7778276205062866
1214.6000000000001,0.7745877504348755
1214.7,0.7764401435852051
1214.8000000000002,0.7682763934135437
1214.9,0.7870442271232605
1215.0,0.7925498485565186
1215.1000000000001,0.786546528339386
1215.2,0.7857685685157776
1215.3000000000002,0.7884178161621094
1215.4,0.7785467505455017
1215.5,0.7830033898353577
1215.6000000000001,0.7738510966300964
1215.7,0.7781174182891846
1215.8000000000002,0.7963414788246155
1215.9,0.7968531847000122
1216.0,0.7956533432006836
1216.1000000000001,0.7965052723884583
1216.2,0.7931233644485474
1216.3000000000002,0.8036797046661377
1216.4,0.8019246459007263
1216.5,0.7955343723297119
1216.6000000000001,0.8021835088729858
1216.7,0.8004071116447449
1216.8000000000002,0.8072073459625244
1216.9,0.7956579327583313
1217.0,0.7957189679145813
1217.1000000000001,0.7966906428337097
1217.2,0.806003987789154
1217.3000000000002,0.7990300059318542
1217.4,0.801365077495575
1217.5,0.7745216488838196
1217.6000000000001,0.8003808856010437
1217.7,0.8043532371520996
1217.8000000000002,0.8023492097854614
1217.9,0.8072755336761475
1218.0,0.80024653673172
1218.1000000000001,0.8120340704917908
1218.2,0.7954638004302979
1218.3000000000002,0.808552622795105
1218.4,0.8128876686096191
1218.5,0.8076350092887878
1218.6000000000001,0.8107606768608093
1218.7,0.8056495189666748
1218.8000000000002,0.8114731311798096
1218.9,0.815168559551239
1219.0,0.817444920539856
1219.1000000000001,0.8091861605644226
1219.2,0.814007580280304
1219.3000000000002,0.8096787333488464
1219.4,0.8248999118804932
1219.5,0.8214135766029358
1219.6000000000001,0.8182462453842163
1219.7,0.8253907561302185
1219.8000000000002,0.8181205987930298
1219.9,0.8311628699302673
1220.0,0.8303877711296082
1220.1000000000001,0.8193331360816956
1220.2,0.8180991411209106
1220.3000000000002,0.8254825472831726
1220.4,0.8282588124275208
1220.5,0.8202831149101257
1220.6000000000001,0.8411920666694641
1220.7,0.820120632648468
1220.8000000000002,0.8246080875396729
1220.9,0.8363204598426819
1221.0,0.8323147892951965
1221.1000000000001,0.8287017345428467
1221.2,0.8369288444519043
1221.3000000000002,0.8411213159561157
1221.4,0.8283466696739197
1221.5,0.8361514806747437
1221.6000000000001,0.8246160745620728
1221.7,0.832586407661438
1221.8000000000002,0.8350914120674133
1221.9,0.8356126546859741
1222.0,0.8186951279640198
1222.1000000000001,0.8369248509407043
1222.2,0.8342019319534302
1222.3000000000002,0.8442214727401733
1222.4,0.8352940678596497
1222.5,0.8331180214881897
1222.6000000000001,0.8352276086807251
1222.7,0.8444793820381165
1222.8000000000002,0.839479923248291
1222.9,0.851801335811615
1223.0,0.8563129305839539
1223.1000000000001,0.8385618329048157
1223.2,0.844690203666687
1223.3000000000002,0.8511927723884583
1223.4,0.8566701412200928
1223.5,0.8465748429298401
1223.6000000000001,0.8417479395866394
1223.7,0.8551889657974243
1223.8000000000002,0.8445987105369568
1223.9,0.8474857211112976
1224.0,0.8530867099761963
1224.1000000000001,0.8563606142997742
1224.2,0.8440166711807251
1224.3000000000002,0.853020429611206
1224.4,0.8484504222869873
1224.5,0.8585641980171204
1224.6000000000001,0.8497663140296936
1224.7,0.8516607284545898
1224.8000000000002,0.8524282574653625
1224.9,0.8562948703765869
1225.0,0.8543689250946045
1225.1000000000001,0.857794463634491
1225.2,0.8628451824188232
1225.3000000000002,0.8643569946289062
1225.4,0.8627209067344666
1225.5,0.8558397889137268
1225.6000000000001,0.8452482223510742
1225.7,0.8451750874519348
1225.8000000000002,0.849162220954895
1225.9,0.8706218004226685
1226.0,0.8659228086471558
1226.1000000000001,0.860178530216217
1226.2,0.8706184029579163
1226.3000000000002,0.877027690410614
1226.4,0.8748762011528015
1226.5,0.8635827302932739
1226.6000000000001,0.8708975315093994
1226.7,0.8758953809738159
1226.8000000000002,0.8859103322029114
1226.9,0.8704002499580383
1227.0,0.8746440410614014
1227.1000000000001,0.8711285591125488
1227.2,0.8751813769340515
1227.3000000000002,0.8836080431938171
1227.4,0.8687266111373901
1227.5,0.8698954582214355
1227.6000000000001,0.8704633116722107
1227.7,0.8785465955734253
1227.8000000000002,0.8834775686264038
1227.9,0.87501060962677
1228.0,0.8842735886573792
1228.1000000000001,0.8854849934577942
1228.2,0.8779560923576355
1228.3000000000002,0.8823192715644836
1228.4,0.8806989789009094
1228.5,0.8713593482971191
1228.6000000000001,0.8792385458946228
1228.7,0.8809298276901245
1228.8000000000002,0.8695071339607239
1228.9,0.8810077905654907
1229.0,0.890559732913971
1229.1000000000001,0.8874766230583191
1229.2,0.8859444260597229
1229.3000000000002,0.89713054895401
1229.4,0.8960875272750854
1229.5,0.8966549038887024
1229.6000000000001,0.8992695808410645
1229.7,0.8849325180053711
1229.8000000000002,0.8810247182846069
1229.9,0.8704052567481995
1230.0,0.8947862982749939
1230.1000000000001,0.9045481085777283
1230.2,0.8904727697372437
1230.3000000000002,0.8970620632171631
1230.4,0.89031982421875
1230.5,0.8991193771362305
1230.6000000000001,0.9087315201759338
1230.7,0.9023110866546631
1230.8000000000002,0.8841735124588013
1230.9,0.9101476669311523
1231.0,0.8954519629478455
1231.1000000000001,0.9025170207023621
1231.2,0.9114958047866821
1231.3000000000002,0.8957172632217407
1231.4,0.8954837322235107
1231.5,0.9109951853752136
1231.6000000000001,0.9130382537841797
1231.7,0.9065691828727722
1231.8000000000002,0.9040085673332214
1231.9,0.9120428562164307
1232.0,0.9110448360443115
1232.1000000000001,0.9173494577407837
1232.2,0.9038586020469666
1232.3000000000002,0.9064905047416687
1232.4,0.9183465242385864
1232.5,0.8995547294616699
1232.6000000000001,0.9159575700759888
1232.7,0.9168674945831299
1232.8000000000002,0.8987332582473755
1232.9,0.9287617206573486
1233.0,0.9221698641777039
1233.1000000000001,0.9221627712249756
1233.2,0.9247700572013855
1233.3000000000002,0.9150606989860535
1233.4,0.9210631847381592
1233.5,0.913088858127594
1233.6000000000001,0.9243388772010803
1233.7,0.9223304986953735
1233.8000000000002,0.9139963984489441
1233.9,0.9220975041389465
1234.0,0.9240909218788147
1234.1000000000001,0.9174229502677917
1234.2,0.9211637377738953
1234.3000000000002,0.930446207523346
1234.4,0.921623945236206
1234.5,0.9244327545166016
1234.6000000000001,0.9425437450408936
1234.7,0.9208427667617798
1234.8000000000002,0.9346907138824463
1234.9,0.9338272213935852
1235.0,0.935904324054718
1235.1000000000001,0.9251490235328674
1235.2,0.934876024723053
1235.3000000000002,0.9205252528190613
1235.4,0.9273855686187744
1235.5,0.9448455572128296
1235.6000000000001,0.9272431135177612
1235.7,0.927452027797699
1235.8000000000002,0.9321445226669312
1235.9,0.9412017464637756
1236.0,0.9324336647987366
1236.1000000000001,0.9392077922821045
1236.2,0.9267346858978271
1236.3000000000002,0.939903974533081
1236.4,0.9407967925071716
1236.5,0.9491694569587708
1236.6000000000001,0.9379527568817139
1236.7,0.9556900262832642
1236.8000000000002,0.9420124292373657
1236.9,0.9578334093093872
1237.0,0.9536367654800415
1237.1000000000001,0.9371837377548218
1237.2,0.9491212368011475
1237.3000000000002,0.9574754238128662
1237.4,0.9483875632286072
1237.5,0.9454354643821716
1237.6000000000001,0.9484714269638062
1237.7,0.9563359022140503
1237.8000000000002,0.9541434645652771
1237.9,0.9384458065032959
1238.0,0.9542915225028992
1238.1000000000001,0.954355776309967
1238.2,0.9610742330551147
1238.3000000000002,0.9608473181724548
1238.4,0.9604618549346924
1238.5,0.9417073130607605
1238.6000000000001,0.9552140235900879
1238.7,0.9476481676101685
1238.8000000000002,0.9644356369972229
1238.9,0.9692332148551941
1239.0,0.9560778141021729
1239.1000000000001,0.9628133773803711
1239.2,0.9572807550430298
1239.3000000000002,0.9827972054481506
1239.4,0.9593884348869324
1239.5,0.9658268690109253
1239.6000000000001,0.9703904986381531
1239.7,0.9686920046806335
1239.8000000000002,0.9629707336425781
1239.9,0.9586175084114075
1240.0,0.9581580758094788
1240.1000000000001,0.9732653498649597
1240.2,0.9801977276802063
1240.3000000000002,0.9724395871162415
1240.4,0.9852530360221863
1240.5,0.9769352674484253
1240.6000000000001,0.9710357785224915
1240.7,0.9635313749313354
1240.8000000000002,0.9780896306037903
1240.9,0.9785990118980408
1241.0,0.9708306789398193
1241.1000000000001,0.9674016237258911
1241.2,0.9773821830749512
1241.3000000000002,0.9828343391418457
1241.4,0.9812628626823425
1241.5,0.9788022041320801
1241.6000000000001,0.9855702519416809
1241.7,0.9769750833511353
1241.8000000000002,0.9792280197143555
1241.9,0.9823701977729797
1242.0,0.9832379817962646
1242.1000000000001,0.9777775406837463
1242.2,0.988651692867279
1242.3000000000002,0.9771857857704163
1242.4,0.9817126989364624
1242.5,0.9974902868270874
1242.6000000000001,0.9940942525863647
1242.7,0.9962960481643677
1242.8000000000002,0.9869243502616882
1242.9,0.986100435256958
1243.0,0.9942818880081177
1243.1000000000001,0.9982585906982422
1243.2,0.986211895942688
1243.3000000000002,0.9940204620361328
1243.4,1.001170039176941
1243.5,1.0090564489364624
1243.6000000000001,0.9942241907119751
1243.7,0.9911600351333618
1243.8000000000002,0.9959466457366943
1243.9,0.9936008453369141
1244.0,0.9958467483520508
1244.1000000000001,0.9988100528717041
1244.2,1.0022811889648438
1244.3000000000002,1.0077966451644897
1244.4,0.9905186891555786
1244.5,1.0072096586227417
1244.6000000000001,1.005244255065918
1244.7,0.9978930354118347
1244.8000000000002,1.0084408521652222
1244.9,0.988650918006897
1245.0,1.0056428909301758
1245.1000000000001,0.9976528882980347
1245.2,0.9997366070747375
1245.3000000000002,1.0027743577957153
1245.4,1.0110957622528076
1245.5,1.0183868408203125
1245.6000000000001,1.00740385055542
1245.7,0.9972388744354248
1245.8000000000002,1.0275112390518188
1245.9,1.0119271278381348
1246.0,1.0058954954147339
1246.1000000000001,1.0188500881195068
1246.2,1.0117743015289307
1246.3000000000002,1.01486337184906
1246.4,1.00484037399292
1246.5,1.0230809450149536
1246.6000000000001,1.0058363676071167
1246.7,1.0085848569869995
1246.8000000000002,1.0155210494995117
1246.9,1.0255568027496338
1247.0,1.037279725074768
1247.1000000000001,1.031588077545166
1247.2,1.013201117515564
1247.3000000000002,1.0178345441818237
1247.4,1.0178413391113281
1247.5,1.0238986015319824
1247.6000000000001,1.0216292142868042
1247.7,1.025992512702942
1247.8000000000002,1.030818223953247
1247.9,1.0237078666687012
1248.0,1.0355687141418457
1248.1000000000001,1.027831792831421
1248.2,1.0315706729888916
1248.3000000000002,1.0366449356079102
1248.4,1.0294345617294312
1248.5,1.0351213216781616
1248.6000000000001,1.0250709056854248
1248.7,1.0293623208999634
1248.8000000000002,1.0327301025390625
1248.9,1.037583589553833
1249.0,1.050546407699585
1249.1000000000001,1.029766321182251
1249.2,1.0470863580703735
1249.3000000000002,1.0352110862731934
1249.4,1.0387544631958008
1249.5,1.0225611925125122
1249.6000000000001,1.030061960220337
1249.7,1.046644926071167
1249.8000000000002,1.0528135299682617
1249.9,1.037022590637207
1250.0,1.0444738864898682
1250.1000000000001,1.0375176668167114
1250.2,1.0427945852279663
1250.3000000000002,1.0419827699661255
1250.4,1.0425901412963867
1250.5,1.044380784034729
1250.6000000000001,1.0396710634231567
1250.7,1.0568573474884033
1250.8000000000002,1.0378553867340088
1250.9,1.0568026304244995
1251.0,1.04473876953125
1251.1000000000001,1.0542899370193481
1251.2,1.0508692264556885
1251.3000000000002,1.043017029762268
1251.4,1.0648856163024902
1251.5,1.03980553150177
1251.6000000000001,1.0592297315597534
1251.7,1.06780207157135
1251.8000000000002,1.048232913017273
1251.9,1.0650489330291748
1252.0,1.0542690753936768
1252.1000000000001,1.0603551864624023
1252.2,1.07294499874115
1252.3000000000002,1.047725796699524
1252.4,1.0661827325820923
1252.5,1.0550371408462524
1252.6000000000001,1.0718820095062256
1252.7,1.0701169967651367
1252.8000000000002,1.058282732963562
1252.9,1.0603885650634766
1253.0,1.0603277683258057
1253.1000000000001,1.068896770477295
1253.2,1.058931827545166
1253.3000000000002,1.0726318359375
1253.4,1.072155475616455
1253.5,1.0780110359191895
1253.6000000000001,1.0691673755645752
1253.7,1.0702426433563232
1253.8000000000002,1.0767847299575806
1253.9,1.0781160593032837
1254.0,1.0721842050552368
1254.1000000000001,1.0840445756912231
1254.2,1.059949278831482
1254.3000000000002,1.0783008337020874
1254.4,1.0716066360473633
1254.5,1.0784400701522827
1254.6000000000001,1.0703489780426025
1254.7,1.0752665996551514
1254.8000000000002,1.0786114931106567
1254.9,1.0898518562316895
1255.0,1.0848736763000488
1255.1000000000001,1.0652283430099487
1255.2,1.0754258632659912
1255.3000000000002,1.0725736618041992
1255.4,1.093251347541809
1255.5,1.0866509675979614
1255.6000000000001,1.0869063138961792
1255.7,1.0920389890670776
1255.8000000000002,1.086774468421936
1255.9,1.0869163274765015
1256.0,1.0865507125854492
1256.1000000000001,1.0926182270050049
1256.2,1.1000161170959473
1256.3000000000002,1.074758768081665
1256.4,1.0963586568832397
1256.5,1.0882952213287354
1256.6000000000001,1.0942344665527344
1256.7,1.0843108892440796
1256.8000000000002,1.0901072025299072
1256.9,1.1024571657180786
1257.0,1.0963674783706665
1257.1000000000001,1.0917009115219116
1257.2,1.0956684350967407
1257.3000000000002,1.101245403289795
1257.4,1.0968990325927734
1257.5,1.0850390195846558
1257.6000000000001,1.1146153211593628
1257.7,1.1069526672363281
1257.8000000000002,1.1089541912078857
1257.9,1.0930627584457397
1258.0,1.0967146158218384
1258.1000000000001,1.1027052402496338
1258.2,1.0987787246704102
1258.3000000000002,1.1030892133712769
1258.4,1.1077923774719238
1258.5,1.0929992198944092
1258.6000000000001,1.1091647148132324
1258.7,1.1149163246154785
1258.8000000000002,1.1079227924346924
1258.9,1.118184208869934
1259.0,1.0975176095962524
1259.1000000000001,1.110048770904541
1259.2,1.1305432319641113
1259.3000000000002,1.1044625043869019
1259.4,1.115878939628601
1259.5,1.1174818277359009
1259.6000000000001,1.1104212999343872
1259.7,1.1051297187805176
1259.8000000000002,1.115145206451416
1259.9,1.1223194599151611
1260.0,1.120030164718628
1260.1000000000001,1.1171175241470337
1260.2,1.1126028299331665
1260.3000000000002,1.117776870727539
1260.4,1.1147133111953735
1260.5,1.123875379562378
1260.6000000000001,1.1209558248519897
1260.7,1.1270734071731567
1260.8000000000002,1.1035724878311157
1260.9,1.1321488618850708
1261.0,1.127670168876648
1261.1000000000001,1.1354639530181885
1261.2,1.1276966333389282
1261.3000000000002,1.1309150457382202
1261.4,1.1304266452789307
1261.5,1.1381288766860962
1261.6000000000001,1.125481128692627
1261.7,1.1322731971740723
1261.8000000000002,1.1263694763183594
1261.9,1.1427814960479736
1262.0,1.1328966617584229
1262.1000000000001,1.1193957328796387
1262.2,1.1270831823349
1262.3000000000002,1.1392602920532227
1262.4,1.1315759420394897
1262.5,1.1356526613235474
1262.6000000000001,1.140520691871643
1262.7,1.1463810205459595
1262.8000000000002,1.1417039632797241
1262.9,1.1465764045715332
1263.0,1.142791986465454
1263.1000000000001,1.1386821269989014
1263.2,1.1434626579284668
1263.3000000000002,1.1323074102401733
1263.4,1.146860122680664
1263.5,1.136989951133728
1263.6000000000001,1.1561155319213867
1263.7,1.1453542709350586
1263.8000000000002,1.142898678779602
1263.9,1.155390739440918
1264.0,1.1366910934448242
1264.1000000000001,1.145807147026062
1264.2,1.1428043842315674
1264.3000000000002,1.1441291570663452
1264.4,1.1461249589920044
1264.5,1.145212173461914
1264.6000000000001,1.1572624444961548
1264.7,1.1470627784729004
1264.8000000000002,1.1507248878479004
1264.9,1.1560475826263428
1265.0,1.1532405614852905
1265.1000000000001,1.1483666896820068
1265.2,1.150633454322815
1265.3000000000002,1.1559861898422241
1265.4,1.154015302658081
1265.5,1.1441798210144043
1265.6000000000001,1.1629549264907837
1265.7,1.1668586730957031
1265.8000000000002,1.1583569049835205
1265.9,1.1588078737258911
1266.0,1.1654205322265625
1266.1000000000001,1.1489135026931763
1266.2,1.1604812145233154
1266.3000000000002,1.1537983417510986
1266.4,1.158011794090271
1266.5,1.1630266904830933
1266.6000000000001,1.163776159286499
1266.7,1.1651618480682373
1266.8000000000002,1.1661077737808228
1266.9,1.1642389297485352
1267.0,1.1689893007278442
1267.1000000000001,1.169106125831604
1267.2,1.181689739227295
1267.3000000000002,1.173461675643921
1267.4,1.1928012371063232
1267.5,1.1820613145828247
1267.6000000000001,1.1819987297058105
1267.7,1.1760064363479614
1267.8000000000002,1.1863926649093628
1267.9,1.187169075012207
1268.0,1.1744481325149536
1268.1000000000001,1.1638357639312744
1268.2,1.1883760690689087
1268.3000000000002,1.1858928203582764
1268.4,1.190324306488037
1268.5,1.1806440353393555
1268.6000000000001,1.1796475648880005
1268.7,1.1792163848876953
1268.8000000000002,1.19405198097229
1268.9,1.181086778640747
1269.0,1.187283992767334
1269.1000000000001,1.1880637407302856
1269.2,1.1880327463150024
1269.3000000000002,1.1916887760162354
1269.4,1.1928915977478027
1269.5,1.1768079996109009
1269.6000000000001,1.1808758974075317
1269.7,1.194156289100647
1269.8000000000002,1.195326566696167
1269.9,1.2002581357955933
1270.0,1.1942507028579712
1270.1000000000001,1.1960198879241943
1270.2,1.1909704208374023
1270.3000000000002,1.2075188159942627
1270.4,1.19826340675354
1270.5,1.2090502977371216
1270.6000000000001,1.2014784812927246
1270.7,1.200605869293213
1270.8000000000002,1.2066593170166016
1270.9,1.1930627822875977
1271.0,1.206132173538208
1271.1000000000001,1.2179956436157227
1271.2,1.2074800729751587
1271.3000000000002,1.2149075269699097
1271.4,1.2040023803710938
1271.5,1.2015087604522705
1271.6000000000001,1.212063193321228
1271.7,1.2131352424621582
1271.8000000000002,1.2166670560836792
1271.9,1.2128957509994507
1272.0,1.21470308303833
1272.1000000000001,1.2082250118255615
1272.2,1.2112752199172974
1272.3000000000002,1.2203166484832764
1272.4,1.2167751789093018
1272.5,1.2127618789672852
1272.6000000000001,1.2064931392669678
1272.7,1.2085515260696411
1272.8000000000002,1.2082228660583496
1272.9,1.2267810106277466
1273.0,1.2222172021865845
1273.1000000000001,1.2117807865142822
1273.2,1.2213573455810547
1273.3000000000002,1.2237069606781006
1273.4,1.2166659832000732
1273.5,1.2254256010055542
1273.6000000000001,1.215325117111206
1273.7,1.2210323810577393
1273.8000000000002,1.2147462368011475
1273.9,1.225125789642334
1274.0,1.2234872579574585
1274.1000000000001,1.2243205308914185
1274.2,1.231695532798767
1274.3000000000002,1.226065993309021
1274.4,1.2280057668685913
1274.5,1.2053418159484863
1274.6000000000001,1.2416584491729736
1274.7,1.2260979413986206
1274.8000000000002,1.228711724281311
1274.9,1.2360038757324219
1275.0,1.2272335290908813
1275.1000000000001,1.2352144718170166
1275.2,1.2322912216186523
1275.3000000000002,1.2367278337478638
1275.4,1.2350836992263794
1275.5,1.234911561012268
1275.6000000000001,1.2266747951507568
1275.7,1.2476648092269897
1275.8000000000002,1.2533940076828003
1275.9,1.231845736503601
1276.0,1.2335717678070068
1276.1000000000001,1.2370957136154175
1276.2,1.2401573657989502
1276.3000000000002,1.2406734228134155
1276.4,1.2496140003204346
1276.5,1.2334054708480835
1276.6000000000001,1.2555792331695557
1276.7,1.2486416101455688
1276.8000000000002,1.248932957649231
1276.9,1.2495832443237305
1277.0,1.2464317083358765
1277.1000000000001,1.2448418140411377
1277.2,1.2488058805465698
1277.3000000000002,1.236226201057434
1277.4,1.244661808013916
1277.5,1.2536566257476807
1277.6000000000001,1.2583760023117065
1277.7,1.2595653533935547
1277.8000000000002,1.255579948425293
1277.9,1.2544503211975098
1278.0,1.247625470161438
1278.1000000000001,1.2613410949707031
1278.2,1.265197515487671
1278.3000000000002,1.263750672340393
1278.4,1.258061170578003
1278.5,1.2620222568511963
1278.6000000000001,1.263992190361023
1278.7,1.2549495697021484
1278.8000000000002,1.264062762260437
1278.9,1.2527265548706055
1279.0,1.2619224786758423
1279.1000000000001,1.2695366144180298
1279.2,1.2764800786972046
1279.3000000000002,1.2733169794082642
1279.4,1.2601264715194702
1279.5,1.262231707572937
1279.6000000000001,1.2656644582748413
1279.7,1.2544702291488647
1279.8000000000002,1.2506130933761597
1279.9,1.2760741710662842
1280.0,1.2687625885009766
1280.1000000000001,1.2736999988555908
1280.2,1.2727326154708862
1280.3000000000002,1.275895357131958
1280.4,1.271883487701416
1280.5,1.2849665880203247
1280.6000000000001,1.2604104280471802
1280.7,1.2594224214553833
1280.8000000000002,1.2854877710342407
1280.9,1.2845168113708496
1281.0,1.277840256690979
1281.1000000000001,1.284299373626709
1281.2,1.2879903316497803
1281.3000000000002,1.2749241590499878
1281.4,1.292682409286499
1281.5,1.2887502908706665
1281.6000000000001,1.2864561080932617
1281.7,1.2751966714859009
1281.8000000000002,1.289726972579956
1281.9,1.277998924255371
1282.0,1.2954031229019165
1282.1000000000001,1.2937638759613037
1282.2,1.287258267402649
1282.3000000000002,1.2838950157165527
1282.4,1.303120732307434
1282.5,1.2871066331863403
1282.6000000000001,1.289703369140625
1282.7,1.3033829927444458
1282.8000000000002,1.278763771057129
1282.9,1.2893415689468384
1283.0,1.2976235151290894
1283.1000000000001,1.2829575538635254
1283.2,1.2938917875289917
1283.3000000000002,1.2950878143310547
1283.4,1.3022886514663696
1283.5,1.2904185056686401
1283.6000000000001,1.300755262374878
1283.7,1.3104870319366455
1283.8000000000002,1.3042359352111816
1283.9,1.299428939819336
1284.0,1.2848331928253174
1284.1000000000001,1.2990338802337646
1284.2,1.3028602600097656
1284.3000000000002,1.304316520690918
1284.4,1.3040958642959595
1284.5,1.303510308265686
1284.6000000000001,1.3153115510940552
1284.7,1.31429922580719
1284.8000000000002,1.3102980852127075
1284.9,1.2997466325759888
1285.0,1.3126182556152344
1285.1000000000001,1.3108394145965576
1285.2,1.310545563697815
1285.3000000000002,1.307611107826233
1285.4,1.3140389919281006
1285.5,1.2918304204940796
1285.6000000000001,1.308605432510376
1285.7,1.3234734535217285
1285.8000000000002,1.3191543817520142
1285.9,1.3155879974365234
1286.0,1.305945634841919
1286.1000000000001,1.3130958080291748
1286.2,1.3127424716949463
1286.3000000000002,1.3122758865356445
1286.4,1.3149235248565674
1286.5,1.313968300819397
1286.6000000000001,1.3237643241882324
1286.7,1.3174904584884644
1286.8000000000002,1.3120644092559814
1286.9,1.310126781463623
1287.0,1.3245537281036377
1287.1000000000001,1.330660343170166
1287.2,1.3184239864349365
1287.3000000000002,1.3225574493408203
1287.4,1.3195549249649048
1287.5,1.3293675184249878
1287.6000000000001,1.325048804283142
1287.7,1.3169468641281128
1287.8000000000002,1.3323925733566284
1287.9,1.3254830837249756
1288.0,1.327153205871582
1288.1000000000001,1.3207318782806396
1288.2,1.329926609992981
1288.3000000000002,1.3324179649353027
1288.4,1.3323436975479126
1288.5,1.3251770734786987
1288.6000000000001,1.3283970355987549
1288.7,1.3400899171829224
1288.8000000000002,1.3317337036132812
1288.9,1.3397152423858643
1289.0,1.3331414461135864
1289.1000000000001,1.342360258102417
1289.2,1.3370795249938965
1289.3000000000002,1.3391354084014893
1289.4,1.3402289152145386
1289.5,1.3553416728973389
1289.6000000000001,1.356302261352539
1289.7,1.3472979068756104
1289.8000000000002,1.3522707223892212
1289.9,1.3424253463745117
1290.0,1.3473856449127197
1290.1000000000001,1.3465241193771362
1290.2,1.3581167459487915
1290.3000000000002,1.3456443548202515
1290.4,1.3475844860076904
1290.5,1.3471369743347168
1290.6000000000001,1.352061152458191
1290.7,1.3522367477416992
1290.8000000000002,1.3627265691757202
1290.9,1.3619440793991089
1291.0,1.3469510078430176
1291.1000000000001,1.3484591245651245
1291.2,1.3581812381744385
1291.3000000000002,1.3482271432876587
1291.4,1.3516225814819336
1291.5,1.359226107597351
1291.6000000000001,1.367071509361267
1291.7,1.3573106527328491
1291.8000000000002,1.365374207496643
1291.9,1.3648449182510376
1292.0,1.3641406297683716
1292.1000000000001,1.3656301498413086
1292.2,1.3675035238265991
1292.3000000000002,1.3617802858352661
1292.4,1.362834095954895
1292.5,1.3603928089141846
1292.6000000000001,1.3693327903747559
1292.7,1.3676410913467407
1292.8000000000002,1.3572930097579956
1292.9,1.359887719154358
1293.0,1.3584896326065063
1293.1000000000001,1.352110505104065
1293.2,1.360677719116211
1293.3000000000002,1.349178671836853
1293.4,1.3582019805908203
1293.5,1.3539605140686035
1293.6000000000001,1.3544342517852783
1293.7,1.3550465106964111
1293.8000000000002,1.356502890586853
1293.9,1.354811191558838
1294.0,1.3499265909194946
1294.1000000000001,1.3513047695159912
1294.2,1.350666880607605
1294.3000000000002,1.339173436164856
1294.4,1.3540183305740356
1294.5,1.3446992635726929
1294.6000000000001,1.3365370035171509
1294.7,1.3477880954742432
1294.8000000000002,1.3487577438354492
1294.9,1.3451478481292725
1295.0,1.349589467048645
1295.1000000000001,1.343074917793274
1295.2,1.3388960361480713
1295.3000000000002,1.34182608127594
1295.4,1.3440014123916626
1295.5,1.3390833139419556
1295.6000000000001,1.3383020162582397
1295.7,1.3362840414047241
1295.8000000000002,1.3347712755203247
1295.9,1.3391339778900146
1296.0,1.3226646184921265
1296.1000000000001,1.3381752967834473
1296.2,1.3280435800552368
1296.3000000000002,1.3310613632202148
1296.4,1.3304226398468018
1296.5,1.3346771001815796
1296.6000000000001,1.3354158401489258
1296.7,1.3232989311218262
1296.8000000000002,1.3256844282150269
1296.9,1.3337312936782837
1297.0,1.3332804441452026
1297.1000000000001,1.3330820798873901
1297.2,1.327129602432251
1297.3000000000002,1.3250281810760498
1297.4,1.325337529182434
1297.5,1.3235104084014893
1297.6000000000001,1.3126485347747803
1297.7,1.3225229978561401
1297.8000000000002,1.3174618482589722
1297.9,1.3216214179992676
1298.0,1.3190829753875732
1298.1000000000001,1.3228307962417603
1298.2,1.306323766708374
1298.3000000000002,1.3159462213516235
1298.4,1.316330075263977
1298.5,1.320380687713623
1298.6000000000001,1.3239507675170898
1298.7,1.3150501251220703
1298.8000000000002,1.3187651634216309
1298.9,1.3108749389648438
1299.0,1.2999980449676514
1299.1000000000001,1.3101392984390259
1299.2,1.3201225996017456
1299.3000000000002,1.3093520402908325
1299.4,1.3009816408157349
1299.5,1.3050426244735718
1299.6000000000001,1.3083577156066895
1299.7,1.3103147745132446
1299.8000000000002,1.3087376356124878
1299.9,1.3111165761947632
1300.0,1.306478500366211
1300.1000000000001,1.3022265434265137
1300.2,1.3035475015640259
1300.3000000000002,1.2975132465362549
1300.4,1.2842384576797485
1300.5,1.2973052263259888
1300.6000000000001,1.2980304956436157
1300.7,1.2910128831863403
1300.8000000000002,1.2922157049179077
1300.9,1.3008975982666016
1301.0,1.2991156578063965
1301.1000000000001,1.2987421751022339
1301.2,1.2971484661102295
1301.3000000000002,1.2952601909637451
1301.4,1.3009053468704224
1301.5,1.3006051778793335
1301.6000000000001,1.2937368154525757
1301.7,1.2766088247299194
1301.8000000000002,1.2893003225326538
1301.9,1.2849493026733398
1302.0,1.2851464748382568
1302.1000000000001,1.2750413417816162
1302.2,1.2955421209335327
1302.3000000000002,1.2813079357147217
1302.4,1.2860599756240845
1302.5,1.2797900438308716
1302.6000000000001,1.2855664491653442
1302.7,1.270829439163208
1302.8000000000002,1.2845643758773804
1302.9,1.282547950744629
1303.0,1.2825051546096802
1303.1000000000001,1.2713218927383423
1303.2,1.2781554460525513
1303.3000000000002,1.2825350761413574
1303.4,1.2721985578536987
1303.5,1.2763879299163818
1303.6000000000001,1.2665740251541138
1303.7,1.2764482498168945
1303.8000000000002,1.2783900499343872
1303.9,1.2708353996276855
1304.0,1.2705446481704712
1304.1000000000001,1.267896294593811
1304.2,1.270918369293213
1304.3000000000002,1.2603795528411865
1304.4,1.270659327507019
1304.5,1.2678260803222656
1304.6000000000001,1.2593997716903687
1304.7,1.2777494192123413
1304.8000000000002,1.2578096389770508
1304.9,1.274535894393921
1305.0,1.257676601409912
1305.1000000000001,1.2683976888656616
1305.2,1.261744737625122
1305.3000000000002,1.2590258121490479
1305.4,1.2683157920837402
1305.5,1.2586169242858887
1305.6000000000001,1.2635607719421387
1305.7,1.2639782428741455
1305.8000000000002,1.2614434957504272
1305.9,1.2604128122329712
1306.0,1.2612342834472656
1306.1000000000001,1.255561351776123
1306.2,1.2624925374984741
1306.3000000000002,1.2558563947677612
1306.4,1.2475152015686035
1306.5,1.2554051876068115
1306.6000000000001,1.2526813745498657
1306.7,1.2495813369750977
1306.8000000000002,1.2388979196548462
1306.9,1.2508641481399536
1307.0,1.2570282220840454
1307.1000000000001,1.2516380548477173
1307.2,1.2520534992218018
1307.3000000000002,1.254292607307434
1307.4,1.2339340448379517
1307.5,1.2521144151687622
1307.6000000000001,1.2424453496932983
1307.7,1.2481657266616821
1307.8000000000002,1.2424813508987427
1307.9,1.2470773458480835
1308.0,1.2515748739242554
1308.1000000000001,1.247073769569397
1308.2,1.2393769025802612
1308.3000000000002,1.2416006326675415
1308.4,1.2378922700881958
1308.5,1.2418451309204102
1308.6000000000001,1.2362735271453857
1308.7,1.241999864578247
1308.8000000000002,1.2371891736984253
1308.9,1.232743263244629
1309.0,1.2365909814834595
1309.1000000000001,1.239047884941101
1309.2,1.2427642345428467
1309.3000000000002,1.2280704975128174
1309.4,1.2318998575210571
1309.5,1.2307769060134888
1309.6000000000001,1.2295734882354736
1309.7,1.2322239875793457
1309.8000000000002,1.2261478900909424
1309.9,1.2264032363891602
1310.0,1.2187775373458862
1310.1000000000001,1.2279915809631348
1310.2,1.2251025438308716
1310.3000000000002,1.2279504537582397
1310.4,1.2193049192428589
1310.5,1.2288999557495117
1310.6000000000001,1.2193578481674194
1310.7,1.2181087732315063
1310.8000000000002,1.2227864265441895
1310.9,1.2159825563430786
1311.0,1.2250220775604248
1311.1000000000001,1.215299129486084
1311.2,1.2067594528198242
1311.3000000000002,1.2200566530227661
1311.4,1.2118923664093018
1311.5,1.2174595594406128
1311.6000000000001,1.225938320159912
1311.7,1.2160108089447021
1311.8000000000002,1.2166227102279663
1311.9,1.2052608728408813
1312.0,1.2132923603057861
1312.1000000000001,1.220608115196228
1312.2,1.2159759998321533
1312.3000000000002,1.20476233959198
1312.4,1.2088992595672607
1312.5,1.205568552017212
1312.6000000000001,1.2101240158081055
1312.7,1.2090436220169067
1312.8000000000002,1.2080250978469849
1312.9,1.2039682865142822
1313.0,1.2013672590255737
1313.1000000000001,1.2009574174880981
1313.2,1.2001365423202515
1313.3000000000002,1.2003748416900635
1313.4,1.2027510404586792
1313.5,1.2042121887207031
1313.6000000000001,1.2018046379089355
1313.7,1.196497917175293
1313.8000000000002,1.1879218816757202
1313.9,1.194968581199646
1314.0,1.1864832639694214
1314.1000000000001,1.1907802820205688
1314.2,1.196781039237976
1314.3000000000002,1.2003388404846191
1314.4,1.188180923461914
1314.5,1.194420576095581
1314.6000000000001,1.1920437812805176
1314.7,1.189291000366211
1314.8000000000002,1.1847057342529297
1314.9,1.185576319694519
1315.0,1.1765280961990356
1315.1000000000001,1.1938087940216064
1315.2,1.1853411197662354
1315.3000000000002,1.192602276802063
1315.4,1.18071711063385
1315.5,1.1849857568740845
1315.6000000000001,1.1857110261917114
1315.7,1.1841801404953003
1315.8000000000002,1.1737632751464844
1315.9,1.1838208436965942
1316.0,1.1786706447601318
1316.1000000000001,1.1728026866912842
1316.2,1.1846258640289307
1316.3000000000002,1.1712733507156372
1316.4,1.1776502132415771
1316.5,1.1755640506744385
1316.6000000000001,1.1780215501785278
1316.7,1.1752232313156128
1316.8000000000002,1.1682876348495483
1316.9,1.1773144006729126
1317.0,1.170052409172058
1317.1000000000001,1.174472451210022
1317.2,1.181610345840454
1317.3000000000002,1.1729259490966797
1317.4,1.1678857803344727
1317.5,1.1739168167114258
1317.6000000000001,1.164495825767517
1317.7,1.170098066329956
1317.8000000000002,1.1596765518188477
1317.9,1.1593389511108398
1318.0,1.1652642488479614
1318.1000000000001,1.1599935293197632
1318.2,1.16721773147583
1318.3000000000002,1.1565642356872559
1318.4,1.1625404357910156
1318.5,1.1471643447875977
1318.6000000000001,1.1517877578735352
1318.7,1.1490530967712402
1318.8000000000002,1.1593823432922363
1318.9,1.1480190753936768
1319.0,1.1536225080490112
1319.1000000000001,1.1517201662063599
1319.2,1.1463297605514526
1319.3000000000002,1.1563700437545776
1319.4,1.1481589078903198
1319.5,1.1554670333862305
1319.6000000000001,1.1536892652511597
1319.7,1.1510322093963623
1319.8000000000002,1.1529484987258911
1319.9,1.1503043174743652
1320.0,1.1484946012496948
1320.1000000000001,1.1486974954605103
1320.2,1.1449898481369019
1320.3000000000002,1.1412802934646606
1320.4,1.14774751663208
1320.5,1.141286849975586
1320.6000000000001,1.1455979347229004
1320.7,1.1414284706115723
1320.8000000000002,1.145676612854004
1320.9,1.137083649635315
1321.0,1.147283911705017
1321.1000000000001,1.1315793991088867
1321.2,1.1440727710723877
1321.3000000000002,1.1423492431640625
1321.4,1.1435381174087524
1321.5,1.1190779209136963
1321.6000000000001,1.145885705947876
1321.7,1.1232293844223022
1321.8000000000002,1.128885269165039
1321.9,1.1206833124160767
1322.0,1.1412705183029175
1322.1000000000001,1.1318058967590332
1322.2,1.1350120306015015
1322.3000000000002,1.129063606262207
1322.4,1.1265168190002441
1322.5,1.135345697402954
1322.6000000000001,1.1282618045806885
1322.7,1.1281640529632568
1322.8000000000002,1.1194201707839966
1322.9,1.1177881956100464
1323.0,1.1116127967834473
1323.1000000000001,1.1193863153457642
1323.2,1.1229100227355957
1323.3000000000002,1.1085150241851807
1323.4,1.1208291053771973
1323.5,1.1088911294937134
1323.6000000000001,1.1252621412277222
1323.7,1.1229523420333862
1323.8000000000002,1.119739294052124
1323.9,1.1171292066574097
1324.0,1.1161624193191528
1324.1000000000001,1.1086944341659546
1324.2,1.10197913646698
1324.3000000000002,1.106297254562378
1324.4,1.121380090713501
1324.5,1.1195014715194702
1324.6000000000001,1.0997124910354614
1324.7,1.1128323078155518
1324.8000000000002,1.1043617725372314
1324.9,1.119354248046875
1325.0,1.1018363237380981
1325.1000000000001,1.1067510843276978
1325.2,1.1023191213607788
1325.3000000000002,1.1051503419876099
1325.4,1.102356195449829
1325.5,1.104588508605957
1325.6000000000001,1.098416805267334
1325.7,1.1001211404800415
1325.8000000000002,1.0922129154205322
1325.9,1.1104421615600586
1326.0,1.098116159439087
1326.1000000000001,1.0996038913726807
1326.2,1.1048365831375122
1326.3000000000002,1.1072087287902832
1326.4,1.099518060684204
1326.5,1.0908626317977905
1326.6000000000001,1.0910959243774414
1326.7,1.0976362228393555
1326.8000000000002,1.0879261493682861
1326.9,1.0981000661849976
1327.0,1.0842043161392212
1327.1000000000001,1.0926272869110107
1327.2,1.0804839134216309
1327.3000000000002,1.0929577350616455
1327.4,1.0822935104370117
1327.5,1.0899090766906738
1327.6000000000001,1.0900551080703735
1327.7,1.0903722047805786
1327.8000000000002,1.0837289094924927
1327.9,1.0829663276672363
1328.0,1.0946979522705078
1328.1000000000001,1.076735019683838
1328.2,1.0896025896072388
1328.3000000000002,1.0881189107894897
1328.4,1.0832146406173706
1328.5,1.0834999084472656
1328.6000000000001,1.0843925476074219
1328.7,1.0847079753875732
1328.8000000000002,1.0844674110412598
1328.9,1.0787025690078735
1329.0,1.0723756551742554
1329.1000000000001,1.0795868635177612
1329.2,1.0783110857009888
1329.3000000000002,1.0689547061920166
1329.4,1.076831340789795
1329.5,1.065719485282898
1329.6000000000001,1.0778729915618896
1329.7,1.0737180709838867
1329.8000000000002,1.074711799621582
1329.9,1.0620101690292358
1330.0,1.0808019638061523
1330.1000000000001,1.0698456764221191
1330.2,1.068916916847229
1330.3000000000002,1.063668966293335
1330.4,1.0638319253921509
1330.5,1.056823968887329
1330.6000000000001,1.0675081014633179
1330.7,1.060544729232788
1330.8000000000002,1.0659388303756714
1330.9,1.069790244102478
1331.0,1.0650118589401245
1331.1000000000001,1.052591323852539
1331.2,1.0581088066101074
1331.3000000000002,1.0582445859909058
1331.4,1.0566492080688477
1331.5,1.0584312677383423
1331.6000000000001,1.056313157081604
1331.7,1.0523790121078491
1331.8000000000002,1.0521883964538574
1331.9,1.063565969467163
1332.0,1.0537983179092407
1332.1000000000001,1.056350827217102
1332.2,1.0563039779663086
1332.3000000000002,1.0521589517593384
1332.4,1.0466463565826416
1332.5,1.0492068529129028
1332.6000000000001,1.0464305877685547
1332.7,1.0462925434112549
1332.8000000000002,1.044925570487976
1332.9,1.0451909303665161
1333.0,1.0477322340011597
1333.1000000000001,1.0493946075439453
1333.2,1.0385305881500244
1333.3000000000002,1.0461838245391846
1333.4,1.0423287153244019
1333.5,1.0519304275512695
1333.6000000000001,1.052422285079956
1333.7,1.0468965768814087
1333.8000000000002,1.0471445322036743
1333.9,1.028670072555542
1334.0,1.0359443426132202
1334.1000000000001,1.0301364660263062
1334.2,1.0296388864517212
1334.3000000000002,1.0318186283111572
1334.4,1.0395128726959229
1334.5,1.0355467796325684
1334.6000000000001,1.0432910919189453
1334.7,1.0375983715057373
1334.8000000000002,1.030967354774475
1334.9,1.033835768699646
1335.0,1.0233614444732666
1335.1000000000001,1.0249525308609009
1335.2,1.0183252096176147
1335.3000000000002,1.0188086032867432
1335.4,1.027617335319519
1335.5,1.0319026708602905
1335.6000000000001,1.0387327671051025
1335.7,1.011971116065979
1335.8000000000002,1.026624321937561
1335.9,1.0273633003234863
1336.0,1.0323032140731812
1336.1000000000001,1.0202410221099854
1336.2,1.0209497213363647
1336.3000000000002,1.0198099613189697
1336.4,1.0140413045883179
1336.5,1.0148990154266357
1336.6000000000001,1.0216712951660156
1336.7,1.024653673171997
1336.8000000000002,1.0165095329284668
1336.9,1.0187053680419922
1337.0,1.0205144882202148
1337.1000000000001,1.0150116682052612
1337.2,1.0124564170837402
1337.3000000000002,1.016688346862793
1337.4,1.0088000297546387
1337.5,1.015318751335144
1337.6000000000001,1.0080113410949707
1337.7,1.0175132751464844
1337.8000000000002,1.007474660873413
1337.9,1.0183502435684204
1338.0,1.0057255029678345
1338.1000000000001,1.0016030073165894
1338.2,1.0083696842193604
1338.3000000000002,1.0085803270339966
1338.4,1.005234718322754
1338.5,1.0042294263839722
1338.6000000000001,1.0085186958312988
1338.7,1.0006885528564453
1338.8000000000002,1.0003423690795898
1338.9,0.9985961318016052
1339.0,1.0037025213241577
1339.1000000000001,1.006072998046875
1339.2,0.997642457485199
1339.3000000000002,0.9968949556350708
1339.4,0.9976738691329956
1339.5,0.9926087856292725
1339.6000000000001,0.9749335646629333
1339.7,0.9884753227233887
1339.8000000000002,0.999139130115509
1339.9,0.9968221783638
1340.0,0.9906123876571655
1340.1000000000001,0.9900204539299011
1340.2,0.9975348711013794
1340.3000000000002,0.9984568357467651
1340.4,0.9939559698104858
1340.5,0.9901331067085266
1340.6000000000001,0.9858603477478027
1340.7,0.9849672913551331
1340.8000000000002,0.9827431440353394
1340.9,0.9849696159362793
1341.0,0.989771842956543
1341.1000000000001,0.9879839420318604
1341.2,0.9765917062759399
1341.3000000000002,0.9745473265647888
1341.4,0.9873857498168945
1341.5,0.979612410068512
1341.6000000000001,0.9773774147033691
1341.7,0.9795672297477722
1341.8000000000002,0.9763091802597046
1341.9,0.9830078482627869
1342.0,0.9738668203353882
1342.1000000000001,0.9787084460258484
1342.2,0.9807840585708618
1342.3000000000002,0.9680293798446655
1342.4,0.9681256413459778
1342.5,0.9698402881622314
1342.6000000000001,0.9527292251586914
1342.7,0.9762718081474304
1342.8000000000002,0.9742007255554199
1342.9,0.970328152179718
1343.0,0.969926655292511
1343.1000000000001,0.9663792848587036
1343.2,0.9642690420150757
1343.3000000000002,0.9705595374107361
1343.4,0.9631760716438293
1343.5,0.9687513113021851
1343.6000000000001,0.9600658416748047
1343.7,0.9690254330635071
1343.8000000000002,0.9626720547676086
1343.9,0.95099937915802
1344.0,0.9672806859016418
1344.1000000000001,0.9595602750778198
1344.2,0.9600213170051575
1344.3000000000002,0.956061065196991
1344.4,0.9587313532829285
1344.5,0.9599851965904236
1344.6000000000001,0.9596371054649353
1344.7,0.9557772874832153
1344.8000000000002,0.9459622502326965
1344.9,0.9499083161354065
1345.0,0.9579300284385681
1345.1000000000001,0.9370783567428589
1345.2,0.9494925737380981
1345.3000000000002,0.9473822116851807
1345.4,0.9487888813018799
1345.5,0.9549716711044312
1345.6000000000001,0.9536784291267395
1345.7,0.9438701272010803
1345.8000000000002,0.9491574764251709
1345.9,0.9484397768974304
1346.0,0.9475669264793396
1346.1000000000001,0.9487868547439575
1346.2,0.9460695385932922
1346.3000000000002,0.9307785630226135
1346.4,0.9350581765174866
1346.5,0.9472271203994751
1346.6000000000001,0.9280209541320801
1346.7,0.9405179619789124
1346.8000000000002,0.9298530220985413
1346.9,0.9480025768280029
1347.0,0.9358580708503723
1347.1000000000001,0.9374482035636902
1347.2,0.9362642168998718
1347.3000000000002,0.9369074702262878
1347.4,0.9355997443199158
1347.5,0.928692638874054
1347.6000000000001,0.9331316947937012
1347.7,0.9338428378105164
1347.8000000000002,0.9368218183517456
1347.9,0.9400025606155396
1348.0,0.9226294755935669
1348.1000000000001,0.9214751720428467
1348.2,0.9238315224647522
1348.3000000000002,0.9303563833236694
1348.4,0.9269035458564758
1348.5,0.9194189310073853
1348.6000000000001,0.9282981157302856
1348.7,0.9291976690292358
1348.8000000000002,0.9348055720329285
1348.9,0.9198293685913086
1349.0,0.9243325591087341
1349.1000000000001,0.9181486964225769
1349.2,0.9200365543365479
1349.3000000000002,0.9248146414756775
1349.4,0.9009532928466797
1349.5,0.9253706932067871
1349.6000000000001,0.916321873664856
1349.7,0.9094651341438293
1349.8000000000002,0.9125992059707642
1349.9,0.920909583568573
1350.0,0.9206516742706299
1350.1000000000001,0.9150046706199646
1350.2,0.9084486365318298
1350.3000000000002,0.9086006879806519
1350.4,0.9175727963447571
1350.5,0.9102107882499695
1350.6000000000001,0.9061311483383179
1350.7,0.9101881384849548
1350.8000000000002,0.9125763773918152
1350.9,0.9027330279350281
1351.0,0.911805272102356
1351.1000000000001,0.903687596321106
1351.2,0.9080764651298523
1351.3000000000002,0.9060997366905212
1351.4,0.906140148639679
1351.5,0.9087364077568054
1351.6000000000001,0.8988496661186218
1351.7,0.8974124193191528
1351.8000000000002,0.9033966660499573
1351.9,0.8994632363319397
1352.0,0.8979159593582153
1352.1000000000001,0.8959524631500244
1352.2,0.9029618501663208
1352.3000000000002,0.8973659873008728
1352.4,0.9004014134407043
1352.5,0.8980111479759216
1352.6000000000001,0.8939484357833862
1352.7,0.8833840489387512
1352.8000000000002,0.8954732418060303
1352.9,0.8852064609527588
1353.0,0.8931333422660828
1353.1000000000001,0.884962260723114
1353.2,0.8944736123085022
1353.3000000000002,0.8946728706359863
1353.4,0.8809749484062195
1353.5,0.887764573097229
1353.6000000000001,0.8897647261619568
1353.7,0.8825051188468933
1353.8000000000002,0.8833099007606506
1353.9,0.8874994516372681
1354.0,0.8784872889518738
1354.1000000000001,0.8856380581855774
1354.2,0.8725237250328064
1354.3000000000002,0.8723376989364624
1354.4,0.868895947933197
1354.5,0.876463770866394
1354.6000000000001,0.8775121569633484
1354.7,0.881625235080719
1354.8000000000002,0.8779276609420776
1354.9,0.8726102113723755
1355.0,0.8738829493522644
1355.1000000000001,0.8807637691497803
1355.2,0.8760773539543152
1355.3000000000002,0.8763319253921509
1355.4,0.8811157941818237
1355.5,0.869278609752655
1355.6000000000001,0.8681865930557251
1355.7,0.8653935790061951
1355.8000000000002,0.8708206415176392
1355.9,0.8595361709594727
1356.0,0.8645930290222168
1356.1000000000001,0.8620023131370544
1356.2,0.8658303022384644
1356.3000000000002,0.867891252040863
1356.4,0.8617540597915649
1356.5,0.8646690845489502
1356.6000000000001,0.8626670837402344
1356.7,0.8567646145820618
1356.8000000000002,0.8572858572006226
1356.9,0.8552854657173157
1357.0,0.8651865124702454
1357.1000000000001,0.8570464849472046
1357.2,0.8614110946655273
1357.3000000000002,0.8606966733932495
1357.4,0.8599424362182617
1357.5,0.8612006902694702
1357.6000000000001,0.8601735234260559
1357.7,0.8612450361251831
1357.8000000000002,0.8480306267738342
1357.9,0.856408953666687
1358.0,0.854180634021759
1358.1000000000001,0.8506263494491577
1358.2,0.8331135511398315
1358.3000000000002,0.8439041972160339
1358.4,0.8432589173316956
1358.5,0.8391711115837097
1358.6000000000001,0.8414694666862488
1358.7,0.8494819402694702
1358.8000000000002,0.8462735414505005
1358.9,0.8420401811599731
1359.0,0.8456618189811707
1359.1000000000001,0.8501474261283875
1359.2,0.8454449772834778
1359.3000000000002,0.8370292782783508
1359.4,0.840472400188446
1359.5,0.8376750946044922
1359.6000000000001,0.8326435685157776
1359.7,0.8397073149681091
1359.8000000000002,0.8460294008255005
1359.9,0.8347728848457336
1360.0,0.8387200832366943
1360.1000000000001,0.8410295844078064
1360.2,0.8382798433303833
1360.3000000000002,0.8279142379760742
1360.4,0.8358076214790344
1360.5,0.8383024334907532
1360.6000000000001,0.8267812728881836
1360.7,0.829775333404541
1360.8000000000002,0.8276883959770203
1360.9,0.8101911544799805
1361.0,0.8277500867843628
1361.1000000000001,0.8267207145690918
1361.2,0.8256520628929138
1361.3000000000002,0.818024218082428
1361.4,0.8271656036376953
1361.5,0.8341872096061707
1361.6000000000001,0.823596179485321
1361.7,0.8224256038665771
1361.8000000000002,0.8268350958824158
1361.9,0.8265020251274109
1362.0,0.8242858648300171
1362.1000000000001,0.8112235069274902
1362.2,0.8236010074615479
1362.3000000000002,0.8133139610290527
1362.4,0.807044267654419
1362.5,0.8095538020133972
1362.6000000000001,0.8208189010620117
1362.7,0.8144148588180542
1362.8000000000002,0.8169825077056885
1362.9,0.8088334202766418
1363.0,0.8117421865463257
1363.1000000000001,0.8074797987937927
1363.2,0.8085171580314636
1363.3000000000002,0.8151189684867859
1363.4,0.8110844492912292
1363.5,0.7967329025268555
1363.6000000000001,0.813518762588501
1363.7,0.8037371635437012
1363.8000000000002,0.8077748417854309
1363.9,0.798703134059906
1364.0,0.8059400320053101
1364.1000000000001,0.8089190125465393
1364.2,0.8053125739097595
1364.3000000000002,0.7966983914375305
1364.4,0.8065603375434875
1364.5,0.7981447577476501
1364.6000000000001,0.8059183955192566
1364.7,0.7971779108047485
1364.8000000000002,0.807590901851654
1364.9,0.8003510236740112
1365.0,0.8033973574638367
1365.1000000000001,0.7889792919158936
1365.2,0.7937605977058411
1365.3000000000002,0.7975393533706665
1365.4,0.7958127856254578
1365.5,0.7974177002906799
1365.6000000000001,0.7862246632575989
1365.7,0.7917660474777222
1365.8000000000002,0.7902522087097168
1365.9,0.7957779169082642
1366.0,0.7939137816429138
1366.1000000000001,0.7796046137809753
1366.2,0.7997101545333862
1366.3000000000002,0.7907981276512146
1366.4,0.78443843126297
1366.5,0.7890368103981018
1366.6000000000001,0.7888111472129822
1366.7,0.7842242121696472
1366.8000000000002,0.784478485584259
1366.9,0.7842455506324768
1367.0,0.7746235728263855
1367.1000000000001,0.781958281993866
1367.2,0.7779269218444824
1367.3000000000002,0.7826483845710754
1367.4,0.771888792514801
1367.5,0.7661184072494507
1367.6000000000001,0.7785198092460632
1367.7,0.7767137885093689
1367.8000000000002,0.7763792872428894
1367.9,0.7729641795158386
1368.0,0.7724433541297913
1368.1000000000001,0.7729817032814026
1368.2,0.7631485462188721
1368.3000000000002,0.7761483788490295
1368.4,0.7666809558868408
1368.5,0.7711791396141052
1368.6000000000001,0.7673003673553467
1368.7,0.7641529440879822
1368.8000000000002,0.764504075050354
1368.9,0.7617842555046082
1369.0,0.766150951385498
1369.1000000000001,0.7614331841468811
1369.2,0.76701819896698
1369.3000000000002,0.767927885055542
1369.4,0.7552313208580017
1369.5,0.7545018196105957
1369.6000000000001,0.762478232383728
1369.7,0.7515044808387756
1369.8000000000002,0.7635226845741272
1369.9,0.7564194202423096
1370.0,0.7635052800178528
1370.1000000000001,0.7594771385192871
1370.2,0.7508339881896973
1370.3000000000002,0.7540718913078308
1370.4,0.7459571957588196
1370.5,0.7445077896118164
1370.6000000000001,0.7535511255264282
1370.7,0.7532197833061218
1370.8000000000002,0.7591114044189453
1370.9,0.750293493270874
1371.0,0.7450762987136841
1371.1000000000001,0.749869167804718
1371.2,0.7471283078193665
1371.3000000000002,0.7454237341880798
1371.4,0.7451431155204773
1371.5,0.7479473948478699
1371.6000000000001,0.748820960521698
1371.7,0.7368741035461426
1371.8000000000002,0.7352595925331116
1371.9,0.7432523369789124
1372.0,0.7463890314102173
1372.1000000000001,0.7452302575111389
1372.2,0.7319502234458923
1372.3000000000002,0.7402453422546387
1372.4,0.7394313216209412
1372.5,0.7363702058792114
1372.6000000000001,0.74111407995224
1372.7,0.7442678213119507
1372.8000000000002,0.7374180555343628
1372.9,0.7343091368675232
1373.0,0.7394571900367737
1373.1000000000001,0.7331277132034302
1373.2,0.7303095459938049
1373.3000000000002,0.7310605645179749
1373.4,0.7231348156929016
1373.5,0.7339703440666199
1373.6000000000001,0.7297673225402832
1373.7,0.7382196187973022
1373.8000000000002,0.7295646667480469
1373.9,0.7249003648757935
1374.0,0.732754111289978
1374.1000000000001,0.7252025008201599
1374.2,0.7203848361968994
1374.3000000000002,0.7245956659317017
1374.4,0.7283116579055786
1374.5,0.7203117609024048
1374.6000000000001,0.7180432081222534
1374.7,0.7258430123329163
1374.8000000000002,0.7166385650634766
1374.9,0.7180190682411194
1375.0,0.7267045974731445
1375.1000000000001,0.7139168977737427
1375.2,0.7189235091209412
1375.3000000000002,0.7191855311393738
1375.4,0.7147387266159058
1375.5,0.7119151949882507
1375.6000000000001,0.7174172401428223
1375.7,0.7163522243499756
1375.8000000000002,0.7148545384407043
1375.9,0.7047068476676941
1376.0,0.7052247524261475
1376.1000000000001,0.7080402970314026
1376.2,0.7047017216682434
1376.3000000000002,0.7010849118232727
1376.4,0.7140679359436035
1376.5,0.7107390761375427
1376.6000000000001,0.6961599588394165
1376.7,0.7041158080101013
1376.8000000000002,0.692538857460022
1376.9,0.7034876346588135
1377.0,0.7093081474304199
1377.1000000000001,0.70361328125
1377.2,0.7028395533561707
1377.3000000000002,0.7006489634513855
1377.4,0.6973370909690857
1377.5,0.7042679786682129
1377.6000000000001,0.6993758678436279
1377.7,0.698606550693512
1377.8000000000002,0.6991049647331238
1377.9,0.6886593699455261
1378.0,0.7029376029968262
1378.1000000000001,0.6911119818687439
1378.2,0.6951732039451599
1378.3000000000002,0.6868833303451538
1378.4,0.6940733194351196
1378.5,0.6964061260223389
1378.6000000000001,0.6909211874008179
1378.7,0.6868387460708618
1378.8000000000002,0.6889479160308838
1378.9,0.6924893856048584
1379.0,0.6869155168533325
1379.1000000000001,0.6890191435813904
1379.2,0.6813945174217224
1379.3000000000002,0.68814617395401
1379.4,0.6768251061439514
1379.5,0.6929621696472168
1379.6000000000001,0.6912927627563477
1379.7,0.6763815879821777
1379.8000000000002,0.6805819272994995
1379.9,0.6746236085891724
1380.0,0.683005154132843
1380.1000000000001,0.6649044156074524
1380.2,0.6718358397483826
1380.3000000000002,0.6876896619796753
1380.4,0.6578420400619507
1380.5,0.6781498789787292
1380.6000000000001,0.6700624823570251
1380.7,0.679697573184967
1380.8000000000002,0.6807848215103149
1380.9,0.6826921701431274
1381.0,0.6787691116333008
1381.1000000000001,0.6719957590103149
1381.2,0.6797629594802856
1381.3000000000002,0.6646236777305603
1381.4,0.6693493723869324
1381.5,0.6712332367897034
1381.6000000000001,0.6693596243858337
1381.7,0.6665842533111572
1381.8000000000002,0.6684939861297607
1381.9,0.6711506247520447
1382.0,0.6701791286468506
1382.1000000000001,0.6667103171348572
1382.2,0.668211042881012
1382.3000000000002,0.661296546459198
1382.4,0.6545302271842957
1382.5,0.6555264592170715
1382.6000000000001,0.66395103931427
1382.7,0.6579619646072388
1382.8000000000002,0.6538722515106201
1382.9,0.6613600850105286
1383.0,0.6545999646186829
1383.1000000000001,0.6596088409423828
1383.2,0.6551541090011597
1383.3000000000002,0.6519445776939392
1383.4,0.6588535308837891
1383.5,0.6527204513549805
1383.6000000000001,0.6540115475654602
1383.7,0.6499439477920532
1383.8000000000002,0.6551851034164429
1383.9,0.6517193913459778
1384.0,0.6528847813606262
1384.1000000000001,0.6470301151275635
1384.2,0.6501774787902832
1384.3000000000002,0.6499147415161133
1384.4,0.6563562750816345
1384.5,0.6426474452018738
1384.6000000000001,0.6435796618461609
1384.7,0.645829975605011
1384.8000000000002,0.6337438821792603
1384.9,0.6388552188873291
1385.0,0.632752537727356
1385.1000000000001,0.6448330879211426
1385.2,0.6391805410385132
1385.3000000000002,0.6433419585227966
1385.4,0.643753707408905
1385.5,0.6368014812469482
1385.6000000000001,0.6442626714706421
1385.7,0.6425608396530151
1385.8000000000002,0.6284218430519104
1385.9,0.6371356844902039
1386.0,0.6450183987617493
1386.1000000000001,0.6383769512176514
1386.2,0.6267179250717163
1386.3000000000002,0.6276811361312866
1386.4,0.6234288811683655
1386.5,0.6287802457809448
1386.6000000000001,0.6401271224021912
1386.7,0.6251401305198669
1386.8000000000002,0.6297401785850525
1386.9,0.6239668130874634
1387.0,0.6255072355270386
1387.1000000000001,0.6359612941741943
1387.2,0.6197892427444458
1387.3000000000002,0.6258989572525024
1387.4,0.6227577924728394
1387.5,0.626964807510376
1387.6000000000001,0.6240676045417786
1387.7,0.6176412105560303
1387.8000000000002,0.6280451416969299
1387.9,0.623986542224884
1388.0,0.616081714630127
1388.1000000000001,0.6221104860305786
1388.2,0.623659610748291
1388.3000000000002,0.6196193099021912
1388.4,0.6194965839385986
1388.5,0.6105527877807617
1388.6000000000001,0.6111890077590942
1388.7,0.6146171689033508
1388.8000000000002,0.5992976427078247
1388.9,0.6112657189369202
1389.0,0.6085352897644043
1389.1000000000001,0.6193287968635559
1389.2,0.604264497756958
1389.3000000000002,0.6111813187599182
1389.4,0.6143513917922974
1389.5,0.6035139560699463
1389.6000000000001,0.6073699593544006
1389.7,0.590351939201355
1389.8000000000002,0.6042971611022949
1389.9,0.603734016418457
1390.0,0.6008838415145874
1390.1000000000001,0.6031618118286133
1390.2,0.6041697859764099
1390.3000000000002,0.6032484173774719
1390.4,0.6039692759513855
1390.5,0.6000904440879822
1390.6000000000001,0.5945807099342346
1390.7,0.599897563457489
1390.8000000000002,0.6024054288864136
1390.9,0.5933120846748352
1391.0,0.5973130464553833
1391.1000000000001,0.6019611358642578
1391.2,0.5890516042709351
1391.3000000000002,0.5832871198654175
1391.4,0.5963652729988098
1391.5,0.5902462601661682
1391.6000000000001,0.5934167504310608
1391.7,0.5978018045425415
1391.8000000000002,0.5898857712745667
1391.9,0.587177038192749
1392.0,0.580128014087677
1392.1000000000001,0.5802329778671265
1392.2,0.5888944268226624
1392.3000000000002,0.58348149061203
1392.4,0.582713782787323
1392.5,0.5857685804367065
1392.6000000000001,0.5779218673706055
1392.7,0.5839971899986267
1392.8000000000002,0.575069010257721
1392.9,0.5784125924110413
1393.0,0.57902991771698
1393.1000000000001,0.581437885761261
1393.2,0.5815733075141907
1393.3000000000002,0.579576313495636
1393.4,0.5711461305618286
1393.5,0.5793185234069824
1393.6000000000001,0.5840786695480347
1393.7,0.5727645754814148
1393.8000000000002,0.5768560171127319
1393.9,0.572666347026825
1394.0,0.5713422894477844
1394.1000000000001,0.5639259815216064
1394.2,0.5712945461273193
1394.3000000000002,0.5752961039543152
1394.4,0.5625623464584351
1394.5,0.5612448453903198
1394.6000000000001,0.5547768473625183
1394.7,0.5628364682197571
1394.8000000000002,0.5721651911735535
1394.9,0.5690576434135437
1395.0,0.5510905385017395
1395.1000000000001,0.5646133422851562
1395.2,0.5611012578010559
1395.3000000000002,0.5598023533821106
1395.4,0.5639305114746094
1395.5,0.5572009682655334
1395.6000000000001,0.5568560361862183
1395.7,0.5598185062408447
1395.8000000000002,0.5591384172439575
1395.9,0.5466294884681702
1396.0,0.5638132691383362
1396.1000000000001,0.5533607006072998
1396.2,0.5483086705207825
1396.3000000000002,0.5618959665298462
1396.4,0.5539572834968567
1396.5,0.5450053215026855
1396.6000000000001,0.548090934753418
1396.7,0.5389085412025452
1396.8000000000002,0.5499228835105896
1396.9,0.5410866737365723
1397.0,0.5414949059486389
1397.1000000000001,0.5443059802055359
1397.2,0.5538048148155212
1397.3000000000002,0.5478059649467468
1397.4,0.5403337478637695
1397.5,0.5402530431747437
1397.6000000000001,0.552282989025116
1397.7,0.5477288961410522
1397.8000000000002,0.5351622700691223
1397.9,0.544500470161438
1398.0,0.5383371710777283
1398.1000000000001,0.541846752166748
1398.2,0.5405551195144653
1398.3000000000002,0.5357345938682556
1398.4,0.5336887836456299
1398.5,0.5323846936225891
1398.6000000000001,0.5439856052398682
1398.7,0.5320481657981873
1398.8000000000002,0.5300453901290894
1398.9,0.5279929041862488
1399.0,0.5363180637359619
1399.1000000000001,0.5324693322181702
1399.2,0.534683883190155
1399.3000000000002,0.5359643697738647
1399.4,0.5312434434890747
1399.5,0.5289759635925293
1399.6000000000001,0.5350541472434998
1399.7,0.5282906293869019
1399.8000000000002,0.522377073764801
1399.9,0.5298101902008057
1400.0,0.5283339023590088
1400.1000000000001,0.5265405774116516
1400.2,0.5240195393562317
1400.3000000000002,0.5191101431846619
1400.4,0.5166977643966675
1400.5,0.513313353061676
1400.6000000000001,0.5223468542098999
1400.7,0.5156766772270203
1400.8000000000002,0.5135396718978882
1400.9,0.5156550407409668
1401.0,0.5199745297431946
1401.1000000000001,0.5188632011413574
1401.2,0.5168748497962952
1401.3000000000002,0.5179013609886169
1401.4,0.5172410607337952
1401.5,0.5084598660469055
1401.6000000000001,0.5162632465362549
1401.7,0.5103815197944641
1401.8000000000002,0.5144968032836914
1401.9,0.5138500928878784
1402.0,0.5060903429985046
1402.1000000000001,0.517051637172699
1402.2,0.5088568925857544
1402.3000000000002,0.5105804800987244
1402.4,0.4973444640636444
1402.5,0.5077621340751648
1402.6000000000001,0.5065327286720276
1402.7,0.5136769413948059
1402.8000000000002,0.5053713321685791
1402.9,0.49911922216415405
1403.0,0.5022667646408081
1403.1000000000001,0.5001052021980286
1403.2,0.5026732683181763
1403.3000000000002,0.49981483817100525
1403.4,0.49719318747520447
1403.5,0.4902811646461487
1403.6000000000001,0.4977667033672333
1403.7,0.5014703273773193
1403.8000000000002,0.48186400532722473
1403.9,0.49531102180480957
1404.0,0.4910677969455719
1404.1000000000001,0.4908486008644104
1404.2,0.4864707589149475
1404.3000000000002,0.4913780391216278
1404.4,0.4950358271598816
1404.5,0.48503682017326355
1404.6000000000001,0.4888046979904175
1404.7,0.47908642888069153
1404.8000000000002,0.492588609457016
1404.9,0.4971788823604584
1405.0,0.4890806972980499
1405.1000000000001,0.4885008633136749
1405.2,0.4922703802585602
1405.3000000000002,0.47944456338882446
1405.4,0.4732949733734131
1405.5,0.47409647703170776
1405.6000000000001,0.4753880500793457
1405.7,0.4904111623764038
1405.8000000000002,0.4798843264579773
1405.9,0.4683953821659088
1406.0,0.4756533205509186
1406.1000000000001,0.4734891951084137
1406.2,0.47306323051452637
1406.3000000000002,0.47500675916671753
1406.4,0.4716417193412781
1406.5,0.4649847149848938
1406.6000000000001,0.48189887404441833
1406.7,0.4699854254722595
1406.8000000000002,0.47833260893821716
1406.9,0.47851359844207764
1407.0,0.4762037694454193
1407.1000000000001,0.4631444215774536
1407.2,0.4699234664440155
1407.3000000000002,0.4734066128730774
1407.4,0.47593894600868225
1407.5,0.4703561067581177
1407.6000000000001,0.4692552089691162
1407.7,0.45690059661865234
1407.8000000000002,0.46625134348869324
1407.9,0.4704906642436981
1408.0,0.4695427715778351
1408.1000000000001,0.459332674741745
1408.2,0.4639422297477722
1408.3000000000002,0.46620893478393555
1408.4,0.4508940875530243
1408.5,0.45455506443977356
1408.6000000000001,0.45666879415512085
1408.7,0.46042969822883606
1408.8000000000002,0.45393896102905273
1408.9,0.45430395007133484
1409.0,0.4569638669490814
1409.1000000000001,0.4450570046901703
1409.2,0.45152756571769714
1409.3000000000002,0.4556315839290619
1409.4,0.45509201288223267
1409.5,0.440900593996048
1409.6000000000001,0.45592400431632996
1409.7,0.4499034285545349
1409.8000000000002,0.4483692944049835
1409.9,0.4539492130279541
1410.0,0.44735991954803467
1410.1000000000001,0.45399269461631775
1410.2,0.4408719837665558
1410.3000000000002,0.45113280415534973
1410.4,0.4483559727668762
1410.5,0.4426383376121521
1410.6000000000001,0.43942567706108093
1410.7,0.4428647458553314
1410.8000000000002,0.43751582503318787
1410.9,0.44836801290512085
1411.0,0.43679922819137573
1411.1000000000001,0.44022607803344727
1411.2,0.4359494149684906
1411.3000000000002,0.43696677684783936
1411.4,0.442182332277298
1411.5,0.4407060146331787
1411.6000000000001,0.4463701546192169
1411.7,0.4310065507888794
1411.8000000000002,0.43278953433036804
1411.9,0.4253520369529724
1412.0,0.4253636300563812
1412.1000000000001,0.4310168921947479
1412.2,0.43699783086776733
1412.3000000000002,0.4371209144592285
1412.4,0.426620751619339
1412.5,0.4357031583786011
1412.6000000000001,0.4270588457584381
1412.7,0.43184894323349
1412.8000000000002,0.42811352014541626
1412.9,0.4232940971851349
1413.0,0.42037373781204224
1413.1000000000001,0.4238550066947937
1413.2,0.4212116301059723
1413.3000000000002,0.4219045341014862
1413.4,0.41935381293296814
1413.5,0.4211127460002899
1413.6000000000001,0.42427384853363037
1413.7,0.4187331199645996
1413.8000000000002,0.4149993062019348
1413.9,0.41724392771720886
1414.0,0.4153520166873932
1414.1000000000001,0.4115726053714752
1414.2,0.4176497757434845
1414.3000000000002,0.41511261463165283
1414.4,0.4052186608314514
1414.5,0.4162900745868683
1414.6000000000001,0.41195109486579895
1414.7,0.417400598526001
1414.8000000000002,0.41150960326194763
1414.9,0.40640905499458313
1415.0,0.4022258222103119
1415.1000000000001,0.40604740381240845
1415.2,0.4036681056022644
1415.3000000000002,0.404101699590683
1415.4,0.4117948114871979
1415.5,0.408343106508255
1415.6000000000001,0.4124440550804138
1415.7,0.40569958090782166
1415.8000000000002,0.4032803177833557
1415.9,0.408389151096344
1416.0,0.39483627676963806
1416.1000000000001,0.40337035059928894
1416.2,0.40270209312438965
1416.3000000000002,0.3935249447822571
1416.4,0.3963926434516907
1416.5,0.40286967158317566
1416.6000000000001,0.402175635099411
1416.7,0.3955916464328766
1416.8000000000002,0.3907502293586731
1416.9,0.39274853467941284
1417.0,0.3925153613090515
1417.1000000000001,0.3852215111255646
1417.2,0.39473757147789
1417.3000000000002,0.39271607995033264
1417.4,0.39750128984451294
1417.5,0.3875415027141571
1417.6000000000001,0.38047146797180176
1417.7,0.39002862572669983
1417.8000000000002,0.3927353322505951
1417.9,0.37356507778167725
1418.0,0.39106956124305725
1418.1000000000001,0.3785995841026306
1418.2,0.3748604357242584
1418.3000000000002,0.38335147500038147
1418.4,0.37907713651657104
1418.5,0.371462345123291
1418.6000000000001,0.3838486671447754
1418.7,0.3778725266456604
1418.8000000000002,0.38396114110946655
1418.9,0.380832701921463
1419.0,0.38394275307655334
1419.1000000000001,0.37398484349250793
1419.2,0.38188526034355164
1419.3000000000002,0.3766995966434479
1419.4,0.3747594654560089
1419.5,0.37903788685798645
1419.6000000000001,0.3819604218006134
1419.7,0.3696572482585907
1419.8000000000002,0.36254680156707764
1419.9,0.37475109100341797
1420.0,0.373381108045578
1420.1000000000001,0.3663296103477478
1420.2,0.3726789057254791
1420.3000000000002,0.35362982749938965
1420.4,0.3750736713409424
1420.5,0.3706594407558441
1420.6000000000001,0.37063974142074585
1420.7,0.3720785975456238
1420.8000000000002,0.3713529706001282
1420.9,0.36698442697525024
1421.0,0.36520400643348694
1421.1000000000001,0.36113616824150085
1421.2,0.36592695116996765
1421.3000000000002,0.35666295886039734
1421.4,0.35698166489601135
1421.5,0.35371705889701843
1421.6000000000001,0.36018458008766174
1421.7,0.35731351375579834
1421.8000000000002,0.35472777485847473
1421.9,0.3471090793609619
1422.0,0.3627151548862457
1422.1000000000001,0.35665497183799744
1422.2,0.35990554094314575
1422.3000000000002,0.34320777654647827
1422.4,0.3541242480278015
1422.5,0.34605851769447327
1422.6000000000001,0.3498411774635315
1422.7,0.34898877143859863
1422.8000000000002,0.3558139503002167
1422.9,0.33998730778694153
1423.0,0.3537321090698242
1423.1000000000001,0.3459356427192688
1423.2,0.34992650151252747
1423.3000000000002,0.34477031230926514
1423.4,0.33761557936668396
1423.5,0.3447848856449127
1423.6000000000001,0.3399869203567505
1423.7,0.3341842591762543
1423.8000000000002,0.3453192412853241
1423.9,0.33366626501083374
1424.0,0.33316636085510254
1424.1000000000001,0.33988556265830994
1424.2,0.3274975121021271
1424.3000000000002,0.3378261923789978
1424.4,0.32902398705482483
1424.5,0.338567316532135
1424.6000000000001,0.3354681730270386
1424.7,0.3364075720310211
1424.8000000000002,0.3373914659023285
1424.9,0.32424792647361755
1425.0,0.3306804597377777
1425.1000000000001,0.330531507730484
1425.2,0.32127654552459717
1425.3000000000002,0.33583152294158936
1425.4,0.32181882858276367
1425.5,0.3292449116706848
1425.6000000000001,0.31577807664871216
1425.7,0.3255944550037384
1425.8000000000002,0.32661744952201843
1425.9,0.33202192187309265
1426.0,0.3315938413143158
1426.1000000000001,0.33171582221984863
1426.2,0.3177535831928253
1426.3000000000002,0.3298909068107605
1426.4,0.32491588592529297
1426.5,0.32724106311798096
1426.6000000000001,0.3260583281517029
1426.7,0.3173632025718689
1426.8000000000002,0.32462838292121887
1426.9,0.3282370865345001
1427.0,0.3241317570209503
1427.1000000000001,0.3313722610473633
1427.2,0.31288471817970276
1427.3000000000002,0.32052531838417053
1427.4,0.3238145709037781
1427.5,0.3304983079433441
1427.6000000000001,0.3163878321647644
1427.7,0.32568681240081787
1427.8000000000002,0.3257884085178375
1427.9,0.3222416043281555
1428.0,0.325618177652359
1428.1000000000001,0.3199314773082733
1428.2,0.3281089961528778
1428.3000000000002,0.3227490782737732
1428.4,0.32571983337402344
1428.5,0.32729074358940125
1428.6000000000001,0.32889339327812195
1428.7,0.3282499611377716
1428.8000000000002,0.31262823939323425
1428.9,0.3271077871322632
1429.0,0.3211992383003235
1429.1000000000001,0.32190027832984924
1429.2,0.32887861132621765
1429.3000000000002,0.32102394104003906
1429.4,0.31451061367988586
1429.5,0.31855180859565735
1429.6000000000001,0.3231334388256073
1429.7,0.32973581552505493
1429.8000000000002,0.3156653940677643
1429.9,0.32869774103164673
1430.0,0.3297520875930786
1430.1000000000001,0.32751134037971497
1430.2,0.32977813482284546
1430.3000000000002,0.32821163535118103
1430.4,0.3329930901527405
1430.5,0.32418093085289
1430.6000000000001,0.3242255747318268
1430.7,0.33173662424087524
1430.8000000000002,0.32546594738960266
1430.9,0.3286208510398865
1431.0,0.3302988111972809
1431.1000000000001,0.31948330998420715
1431.2,0.3135018050670624
1431.3000000000002,0.3236972987651825
1431.4,0.3257172107696533
1431.5,0.3269893527030945
1431.6000000000001,0.3320922553539276
1431.7,0.33312270045280457
1431.8000000000002,0.3332982361316681
1431.9,0.3246794641017914
1432.0,0.3284061849117279
1432.1000000000001,0.3298133909702301
1432.2,0.3325653672218323
1432.3000000000002,0.327590674161911
1432.4,0.31771576404571533
1432.5,0.3115389049053192
1432.6000000000001,0.33615583181381226
1432.7,0.3276048004627228
1432.8000000000002,0.31676778197288513
1432.9,0.330034077167511
1433.0,0.33390164375305176
1433.1000000000001,0.3365245759487152
1433.2,0.32194533944129944
1433.3000000000002,0.3251150846481323
1433.4,0.32387903332710266
1433.5,0.32444873452186584
1433.6000000000001,0.32430216670036316
1433.7,0.32662588357925415
1433.8000000000002,0.32989591360092163
1433.9,0.3295089304447174
1434.0,0.33265796303749084
1434.1000000000001,0.3308243155479431
1434.2,0.31533774733543396
1434.3000000000002,0.3280637860298157
1434.4,0.33065536618232727
1434.5,0.3255499005317688
1434.6000000000001,0.3155876398086548
1434.7,0.32477912306785583
1434.8000000000002,0.32811471819877625
1434.9,0.3267360031604767
1435.0,0.32378607988357544
1435.1000000000001,0.3250923454761505
1435.2,0.3306928277015686
1435.3000000000002,0.32793164253234863
1435.4,0.3225909471511841
1435.5,0.3311673104763031
1435.6000000000001,0.3250994086265564
1435.7,0.3236857056617737
1435.8000000000002,0.32968711853027344
1435.9,0.3326694071292877
1436.0,0.33068257570266724
1436.1000000000001,0.33461683988571167
1436.2,0.32222193479537964
1436.3000000000002,0.32918432354927063
1436.4,0.32491523027420044
1436.5,0.32280856370925903
1436.6000000000001,0.3293083906173706
1436.7,0.3290816843509674
1436.8000000000002,0.3134423494338989
1436.9,0.3365074396133423
1437.0,0.3263983428478241
1437.1000000000001,0.3311292231082916
1437.2,0.3237226605415344
1437.3000000000002,0.3248112201690674
1437.4,0.3278362452983856
1437.5,0.33341649174690247
1437.6000000000001,0.33070945739746094
1437.7,0.32576924562454224
1437.8000000000002,0.3306412696838379
1437.9,0.33154597878456116
1438.0,0.329803466796875
1438.1000000000001,0.3274800479412079
1438.2,0.3338119089603424
1438.3000000000002,0.32454097270965576
1438.4,0.3269977867603302
1438.5,0.33162134885787964
1438.6000000000001,0.32549992203712463
1438.7,0.32486578822135925
1438.8000000000002,0.3362996280193329
1438.9,0.3281046748161316
1439.0,0.32459622621536255
1439.1000000000001,0.32468944787979126
1439.2,0.3197745978832245
1439.3000000000002,0.3366343080997467
1439.4,0.3201266825199127
1439.5,0.3270144760608673
1439.6000000000001,0.3355425298213959
1439.7,0.3323112428188324
1439.8000000000002,0.33222439885139465
1439.9,0.32555800676345825
1440.0,0.3287489414215088
1440.1000000000001,0.3268372714519501
1440.2,0.32826337218284607
1440.3000000000002,0.33322423696517944
1440.4,0.33111199736595154
1440.5,0.3381676971912384
1440.6000000000001,0.3311822712421417
1440.7,0.3215671181678772
1440.8000000000002,0.3270709812641144
1440.9,0.33219051361083984
1441.0,0.33140361309051514
1441.1000000000001,0.32826322317123413
1441.2,0.32487809658050537
1441.3000000000002,0.32931506633758545
1441.4,0.33260658383369446
1441.5,0.3326301872730255
1441.6000000000001,0.32925671339035034
1441.7,0.3277072310447693
1441.8000000000002,0.3333335816860199
1441.9,0.34177547693252563
1442.0,0.33788228034973145
1442.1000000000001,0.3321351110935211
1442.2,0.32821810245513916
1442.3000000000002,0.33000871539115906
1442.4,0.3187342882156372
1442.5,0.3351273834705353
1442.6000000000001,0.3207387626171112
1442.7,0.3348304331302643
1442.8000000000002,0.32771414518356323
1442.9,0.33009058237075806
1443.0,0.32645949721336365
1443.1000000000001,0.32927724719047546
1443.2,0.3310006558895111
1443.3000000000002,0.32963550090789795
1443.4,0.3285028040409088
1443.5,0.33950886130332947
1443.6000000000001,0.3272060453891754
1443.7,0.3341582417488098
1443.8000000000002,0.335083931684494
1443.9,0.31507107615470886
1444.0,0.3325115740299225
1444.1000000000001,0.3314191997051239
1444.2,0.32385697960853577
1444.3000000000002,0.3318578004837036
1444.4,0.3258046805858612
1444.5,0.33671706914901733
1444.6000000000001,0.32646727561950684
1444.7,0.3303653299808502
1444.8000000000002,0.3303183317184448
1444.9,0.3315873444080353
1445.0,0.3325026035308838
1445.1000000000001,0.33332428336143494
1445.2,0.33479833602905273
1445.3000000000002,0.3347494304180145
1445.4,0.3346763849258423
1445.5,0.3333318829536438
1445.6000000000001,0.33828797936439514
1445.7,0.3293377161026001
1445.8000000000002,0.3351280987262726
1445.9,0.330943763256073
1446.0,0.33426016569137573
1446.1000000000001,0.3239040970802307
1446.2,0.3371603488922119
1446.3000000000002,0.337929368019104
1446.4,0.3334084451198578
1446.5,0.32413533329963684
1446.6000000000001,0.32981088757514954
1446.7,0.33356502652168274
1446.8000000000002,0.33018574118614197
1446.9,0.31601545214653015
1447.0,0.32422128319740295
1447.1000000000001,0.3309098482131958
1447.2,0.3325487971305847
1447.3000000000002,0.33452296257019043
1447.4,0.32543328404426575
1447.5,0.33418604731559753
1447.6000000000001,0.3315252959728241
1447.7,0.3292504847049713
1447.8000000000002,0.3427363932132721
1447.9,0.33052968978881836
1448.0,0.3376965820789337
1448.1000000000001,0.3330042064189911
1448.2,0.3367607891559601
1448.3000000000002,0.3309972286224365
1448.4,0.3348962068557739
1448.5,0.33289045095443726
1448.6000000000001,0.3348902761936188
1448.7,0.33588290214538574
1448.8000000000002,0.3336045444011688
1448.9,0.3418722152709961
1449.0,0.3353325426578522
1449.1000000000001,0.3348572552204132
1449.2,0.33440762758255005
1449.3000000000002,0.33488982915878296
1449.4,0.33231595158576965
1449.5,0.32778337597846985
1449.6000000000001,0.33664676547050476
1449.7,0.33631256222724915
1449.8000000000002,0.3287500739097595
1449.9,0.3323064148426056
1450.0,0.3343795835971832
1450.1000000000001,0.33537906408309937
1450.2,0.33164405822753906
1450.3000000000002,0.34027212858200073
1450.4,0.3388128876686096
1450.5,0.3371640741825104
1450.6000000000001,0.3320743441581726
1450.7,0.33503836393356323
1450.8000000000002,0.3401458263397217
1450.9,0.33689215779304504
1451.0,0.3352871835231781
1451.1000000000001,0.3307570517063141
1451.2,0.33258670568466187
1451.3000000000002,0.33957698941230774
1451.4,0.3376624286174774
1451.5,0.33765682578086853
1451.6000000000001,0.33683040738105774
1451.7,0.33677342534065247
1451.8000000000002,0.3319309651851654
1451.9,0.3358578383922577
1452.0,0.3327754735946655
1452.1000000000001,0.3303239345550537
1452.2,0.3303059935569763
1452.3000000000002,0.32163622975349426
1452.4,0.3281508684158325
1452.5,0.33551353216171265
1452.6000000000001,0.3232276737689972
1452.7,0.33121663331985474
1452.8000000000002,0.33870387077331543
1452.9,0.3411829173564911
1453.0,0.3392946124076843
1453.1000000000001,0.3284744322299957
1453.2,0.33550184965133667
1453.3000000000002,0.3381190299987793
1453.4,0.33265337347984314
1453.5,0.33649635314941406
1453.6000000000001,0.32786285877227783
1453.7,0.32951638102531433
1453.8000000000002,0.33324944972991943
1453.9,0.33490341901779175
1454.0,0.3371444642543793
1454.1000000000001,0.3365425169467926
1454.2,0.33535680174827576
1454.3000000000002,0.33527183532714844
1454.4,0.334391713142395
1454.5,0.3400326371192932
1454.6000000000001,0.3420088589191437
1454.7,0.33142921328544617
1454.8000000000002,0.34111306071281433
1454.9,0.338157057762146
1455.0,0.32935962080955505
1455.1000000000001,0.34748178720474243
1455.2,0.33860069513320923
1455.3000000000002,0.33480527997016907
1455.4,0.34211376309394836
1455.5,0.3274989426136017
1455.6000000000001,0.34535062313079834
1455.7,0.33569732308387756
1455.8000000000002,0.3279978036880493
1455.9,0.34525176882743835
1456.0,0.3339554965496063
1456.1000000000001,0.3260463774204254
1456.2,0.3405807316303253
1456.3000000000002,0.3410923480987549
1456.4,0.3322528600692749
1456.5,0.34251880645751953
1456.6000000000001,0.33757102489471436
1456.7,0.32926759123802185
1456.8000000000002,0.32968398928642273
1456.9,0.3347269594669342
1457.0,0.3391905725002289
1457.1000000000001,0.3418179750442505
1457.2,0.3375076353549957
1457.3000000000002,0.33659350872039795
1457.4,0.3459389805793762
1457.5,0.3328534960746765
1457.6000000000001,0.33683592081069946
1457.7,0.3393026292324066
1457.8000000000002,0.3366355001926422
1457.9,0.33142220973968506
1458.0,0.3348432779312134
1458.1000000000001,0.3435039222240448
1458.2,0.33974385261535645
1458.3000000000002,0.33168700337409973
1458.4,0.33580586314201355
1458.5,0.3395949900150299
1458.6000000000001,0.33511000871658325
1458.7,0.340039998292923
1458.8000000000002,0.3406968414783478
1458.9,0.34685584902763367
1459.0,0.33819472789764404
1459.1000000000001,0.33745673298835754
1459.2,0.337577223777771
1459.3000000000002,0.340927392244339
1459.4,0.33534327149391174
1459.5,0.3358915150165558
1459.6000000000001,0.33502086997032166
1459.7,0.33694085478782654
1459.8000000000002,0.3316080570220947
1459.9,0.332571804523468
1460.0,0.33119261264801025
1460.1000000000001,0.33339741826057434
1460.2,0.3406330943107605
1460.3000000000002,0.33061954379081726
1460.4,0.34015440940856934
1460.5,0.3352944850921631
1460.6000000000001,0.3305840790271759
1460.7,0.3409781754016876
1460.8000000000002,0.3440861105918884
1460.9,0.3309571444988251
1461.0,0.32656756043434143
1461.1000000000001,0.34866756200790405
1461.2,0.34399041533470154
1461.3000000000002,0.34569570422172546
1461.4,0.33518460392951965
1461.5,0.34296634793281555
1461.6000000000001,0.34126588702201843
1461.7,0.32598432898521423
1461.8000000000002,0.32954302430152893
1461.9,0.3469061851501465
1462.0,0.3435584008693695
1462.1000000000001,0.3438750207424164
1462.2,0.341728538274765
1462.3000000000002,0.3312583863735199
1462.4,0.3319438695907593
1462.5,0.33620619773864746
1462.6000000000001,0.33638784289360046
1462.7,0.3345206677913666
1462.8000000000002,0.3395536541938782
1462.9,0.3472667336463928
1463.0,0.33506518602371216
1463.1000000000001,0.33658933639526367
1463.2,0.33664557337760925
1463.3000000000002,0.33944061398506165
1463.4,0.343881756067276
1463.5,0.339754581451416
1463.6000000000001,0.3408370614051819
1463.7,0.3394559323787689
1463.8000000000002,0.3338787257671356
1463.9,0.3452070653438568
1464.0,0.3378094732761383
1464.1000000000001,0.3372310698032379
1464.2,0.3483971357345581
1464.3000000000002,0.34290799498558044
1464.4,0.34502750635147095
1464.5,0.3482555150985718
1464.6000000000001,0.3382939100265503
1464.7,0.34006422758102417
1464.8000000000002,0.3442107141017914
1464.9,0.3456425964832306
1465.0,0.34233757853507996
1465.1000000000001,0.3351542055606842
1465.2,0.34337615966796875
1465.3000000000002,0.3464813828468323
1465.4,0.34032267332077026
1465.5,0.34436872601509094
1465.6000000000001,0.3315195143222809
1465.7,0.337941437959671
1465.8000000000002,0.34598028659820557
1465.9,0.34285157918930054
1466.0,0.3444103002548218
1466.1000000000001,0.34460803866386414
1466.2,0.3420051634311676
1466.3000000000002,0.3343062996864319
1466.4,0.337514191865921
1466.5,0.3318919241428375
1466.6000000000001,0.3444036543369293
1466.7,0.3389541804790497
1466.7,0.3398221731185913
1466.9,0.34102290868759155
1467.0,0.34115156531333923
1467.1000000000001,0.34218281507492065
1467.2,0.34502875804901123
1467.3000000000002,0.32881197333335876
1467.4,0.3474382162094116
1467.5,0.34327632188796997
1467.6000000000001,0.33898019790649414
1467.7,0.3368055522441864
1467.8000000000002,0.3436877131462097
1467.9,0.33741188049316406
1468.0,0.3430876135826111
1468.1000000000001,0.33833956718444824
1468.2,0.3373540937900543
1468.3000000000002,0.34055763483047485
1468.4,0.3505595028400421
1468.5,0.3413422107696533
1468.6000000000001,0.32707342505455017
1468.7,0.34391385316848755
1468.8000000000002,0.34508058428764343
1468.9,0.3460034132003784
1469.0,0.33997610211372375
1469.1000000000001,0.3436366319656372
1469.2,0.3512313663959503
1469.3000000000002,0.3365475833415985
1469.4,0.33214685320854187
1469.5,0.3427128195762634
1469.6000000000001,0.3442765772342682
1469.7,0.339846670627594
1469.8000000000002,0.34679627418518066
1469.9,0.34288281202316284
1470.0,0.34621474146842957
1470.1000000000001,0.3354167938232422
1470.2,0.34339961409568787
1470.3000000000002,0.3436771333217621
1470.4,0.33410248160362244
1470.5,0.3358224630355835
1470.6000000000001,0.3406032621860504
1470.7,0.34575363993644714
1470.8000000000002,0.3299737274646759
1470.9,0.33429399132728577
1471.0,0.3357888162136078
1471.1000000000001,0.34353822469711304
1471.2,0.3407699763774872
1471.3000000000002,0.34167736768722534
1471.4,0.34035828709602356
1471.5,0.34487706422805786
1471.6000000000001,0.34021100401878357
1471.7,0.34917017817497253
1471.8000000000002,0.3519063889980316
1471.9,0.3445061445236206
1472.0,0.34143927693367004
1472.1000000000001,0.35119155049324036
1472.2,0.3484306335449219
1472.3000000000002,0.340989351272583
1472.4,0.3322014808654785
1472.5,0.3545893728733063
1472.6000000000001,0.3387771248817444
1472.7,0.32813435792922974
1472.8000000000002,0.34641411900520325
1472.9,0.3438870906829834
1473.0,0.34740763902664185
1473.1000000000001,0.3516845405101776
1473.2,0.3356483578681946
1473.3000000000002,0.34868499636650085
1473.4,0.34458857774734497
1473.5,0.34221839904785156
1473.6000000000001,0.3516331911087036
1473.7,0.33094483613967896
1473.8000000000002,0.3372988700866699
1473.9,0.3442423939704895
1474.0,0.347761869430542
1474.1000000000001,0.3376659154891968
1474.2,0.33967456221580505
1474.3000000000002,0.34568309783935547
1474.4,0.34488433599472046
1474.5,0.33930325508117676
1474.6000000000001,0.3450769782066345
1474.7,0.3485965132713318
1474.8000000000002,0.34563595056533813
1474.9,0.347509503364563
1475.0,0.3438081741333008
1475.1000000000001,0.3431984782218933
1475.2,0.34744998812675476
1475.3000000000002,0.3371671140193939
1475.4,0.349310040473938
1475.5,0.3440109193325043
1475.6000000000001,0.3514999449253082
1475.7,0.3524028956890106
1475.8000000000002,0.3453829288482666
1475.9,0.3476296663284302
1476.0,0.34999170899391174
1476.1000000000001,0.34665611386299133
1476.2,0.34690913558006287
1476.3000000000002,0.3495721220970154
1476.4,0.3518890142440796
1476.5,0.34814491868019104
1476.6000000000001,0.3543895483016968
1476.7,0.35169631242752075
1476.8000000000002,0.3420791029930115
1476.9,0.34160640835762024
1477.0,0.34154775738716125
1477.1000000000001,0.3459451496601105
1477.2,0.3387351632118225
1477.3000000000002,0.3388274013996124
1477.4,0.3457663059234619
1477.5,0.34482917189598083
1477.6000000000001,0.3446418344974518
1477.7,0.345954030752182
1477.8000000000002,0.3421763479709625
1477.9,0.3544464111328125
1478.0,0.3371347188949585
1478.1000000000001,0.34331390261650085
1478.2,0.35323581099510193
1478.3000000000002,0.35211536288261414
1478.4,0.3390676975250244
1478.5,0.3481472134590149
1478.6000000000001,0.3467775583267212
1478.7,0.34993329644203186
1478.8000000000002,0.33984705805778503
1478.9,0.3476144075393677
1479.0,0.353753000497818
1479.1000000000001,0.35233309864997864
1479.2,0.347569078207016
1479.3000000000002,0.3508438169956207
1479.4,0.34576573967933655
1479.5,0.3454704284667969
1479.6000000000001,0.3490944504737854
1479.7,0.3353743255138397
1479.8000000000002,0.3440263569355011
1479.9,0.35223016142845154
1480.0,0.33971068263053894
1480.1000000000001,0.3482174575328827
1480.2,0.35276666283607483
1480.3000000000002,0.3536580502986908
1480.4,0.3427499532699585
1480.5,0.3476642370223999
1480.6000000000001,0.3429105281829834
1480.7,0.34747156500816345
1480.8000000000002,0.35192346572875977
1480.9,0.35195326805114746
1481.0,0.347697377204895
1481.1000000000001,0.33817818760871887
1481.2,0.3426007330417633
1481.3000000000002,0.34317928552627563
1481.4,0.3445429503917694
1481.5,0.3510998487472534
1481.6000000000001,0.3487376272678375
1481.7,0.34899306297302246
1481.8000000000002,0.35003724694252014
1481.9,0.35023233294487
1482.0,0.35274994373321533
1482.1000000000001,0.33908364176750183
1482.2,0.33903637528419495
1482.3000000000002,0.3450005352497101
1482.4,0.3335144817829132
1482.5,0.34358739852905273
1482.6000000000001,0.3519725501537323
1482.7,0.3524489104747772
1482.8000000000002,0.3552521765232086
1482.9,0.34932875633239746
1483.0,0.3527110815048218
1483.1000000000001,0.3556250035762787
1483.2,0.3561490774154663
1483.3000000000002,0.35551220178604126
1483.4,0.3385913670063019
1483.5,0.3399592339992523
1483.6000000000001,0.35051289200782776
1483.7,0.3451330363750458
1483.8000000000002,0.3501623868942261
1483.9,0.34870919585227966
1484.0,0.3447464406490326
1484.1000000000001,0.3447704315185547
1484.2,0.3488692343235016
1484.3000000000002,0.34985294938087463
1484.4,0.3530687093734741
1484.5,0.34581074118614197
1484.6000000000001,0.35204070806503296
1484.7,0.34406742453575134
1484.8000000000002,0.35166773200035095
1484.9,0.35148105025291443
1485.0,0.35045015811920166
1485.1000000000001,0.3333994746208191
1485.2,0.3500964045524597
1485.3000000000002,0.35011929273605347
1485.4,0.3475963771343231
1485.5,0.35150450468063354
1485.6000000000001,0.33630016446113586
1485.7,0.34490150213241577
1485.8000000000002,0.34304818511009216
1485.9,0.3496410846710205
1486.0,0.35406625270843506
1486.1000000000001,0.3500714600086212
1486.2,0.34846436977386475
1486.3000000000002,0.34719136357307434
1486.4,0.3554707169532776
1486.5,0.34578412771224976
1486.6000000000001,0.34325680136680603
1486.7,0.34979763627052307
1486.8000000000002,0.3464421331882477
1486.9,0.3517764210700989
1487.0,0.34932294487953186
1487.1000000000001,0.3520302474498749
1487.2,0.35199105739593506
1487.3000000000002,0.3483406603336334
1487.4,0.3476260006427765
1487.5,0.3465847373008728
1487.6000000000001,0.34398186206817627
1487.7,0.3449226915836334
1487.8000000000002,0.3386436998844147
1487.9,0.35252904891967773
1488.0,0.3526444137096405
1488.1000000000001,0.3511221408843994
1488.2,0.34879371523857117
1488.3000000000002,0.348626047372818
1488.4,0.349059522151947
1488.5,0.3457854986190796
1488.6000000000001,0.3480598032474518
1488.7,0.3360680043697357
1488.8000000000002,0.34545910358428955
1488.9,0.33953389525413513
1489.0,0.3560534119606018
1489.1000000000001,0.34581491351127625
1489.6000000000001,0.3472631275653839
1489.6000000000001,0.3535659611225128
1489.6000000000001,0.35647404193878174
1489.6000000000001,0.35028308629989624
1489.6000000000001,0.3588278889656067
1489.7,0.3501405119895935
1489.8000000000002,0.3490599989891052
1489.9,0.3528521656990051
1490.0,0.34072211384773254
1490.1000000000001,0.3565264940261841
1490.2,0.3558711111545563
1490.3000000000002,0.34720492362976074
1490.4,0.3486759662628174
1490.5,0.3445705771446228
1490.6000000000001,0.3511001467704773
1490.7,0.34661436080932617
1490.8000000000002,0.35657015442848206
1490.9,0.34862056374549866
1491.0,0.35519081354141235
1491.1000000000001,0.35522767901420593
1491.2,0.34789782762527466
1491.3000000000002,0.3481694161891937
1491.4,0.3439813256263733
1491.5,0.35164496302604675
1491.6000000000001,0.34937113523483276
1491.7,0.35389530658721924
1491.8000000000002,0.3385092616081238
1491.9,0.34861740469932556
1492.0,0.3509550392627716
1492.1000000000001,0.3458423912525177
1492.2,0.3477046489715576
1492.3000000000002,0.34679529070854187
1492.4,0.3536387085914612
1492.5,0.3529314696788788
1492.6000000000001,0.3393212556838989
1492.7,0.35585817694664
1492.8000000000002,0.3518408536911011
1492.9,0.35162124037742615
1493.0,0.3551911413669586
1493.1000000000001,0.3499435484409332
1493.2,0.35205936431884766
1493.3000000000002,0.352499783039093
1493.4,0.35935699939727783
1493.5,0.359530508518219
1493.6000000000001,0.34974852204322815
1493.7,0.35066384077072144
1493.8000000000002,0.3504752516746521
1493.9,0.35028067231178284
1494.0,0.3613167107105255
1494.1000000000001,0.3533304035663605
1494.1000000000001,0.3478213846683502
1494.3000000000002,0.34709668159484863
1494.4,0.35151761770248413
1494.5,0.35182076692581177
1494.6000000000001,0.3556341826915741
1494.7,0.35589301586151123
1494.8000000000002,0.35312652587890625
1494.9,0.35214340686798096
1495.0,0.34671303629875183
1495.1000000000001,0.35780009627342224
1495.2,0.34866198897361755
1495.3000000000002,0.35472771525382996
1495.4,0.3482331931591034
1495.5,0.3446105122566223
1495.6000000000001,0.3608543872833252
1495.7,0.35849249362945557
1495.8000000000002,0.3595316708087921
1495.9,0.34780481457710266
1496.0,0.3465219736099243
1496.1000000000001,0.35512447357177734
1496.2,0.3345673382282257
1496.3000000000002,0.356417179107666
1496.4,0.34911590814590454
1496.5,0.35557809472084045
1496.6000000000001,0.35197246074676514
1496.7,0.3532939553260803
1496.8000000000002,0.3535737693309784
1496.9,0.358904093503952
1497.0,0.35085803270339966
1497.1000000000001,0.35299280285835266
1497.2,0.35305967926979065
1497.3000000000002,0.35591334104537964
1497.4,0.3581256568431854
1497.5,0.36346569657325745
1497.6000000000001,0.3495677709579468
1497.7,0.352195143699646
1497.8000000000002,0.34672993421554565
1497.9,0.34948503971099854
1498.0,0.34836357831954956
1498.1000000000001,0.3518744111061096
1498.2,0.3595438301563263
1498.3000000000002,0.3407183289527893
1498.4,0.34428831934928894
1498.5,0.3457642197608948
1498.6000000000001,0.3549017012119293
1498.7,0.3544338345527649
1498.8000000000002,0.3559810221195221
1498.9,0.3578372299671173
1499.0,0.34797534346580505
1499.1000000000001,0.34634438157081604
1499.2,0.3594929575920105
1499.3000000000002,0.35233011841773987
1499.4,0.3523216247558594
1499.5,0.3557697832584381
1499.6000000000001,0.359270840883255
1499.7,0.365312784910202
1499.8000000000002,0.3590732216835022
1499.9,0.3412489891052246
1500.0,0.34115976095199585
1500.1000000000001,0.35877078771591187
1500.2,0.35252246260643005
1500.3000000000002,0.3573419451713562
1500.4,0.3481307327747345
1500.5,0.3508358597755432
1500.6000000000001,0.36015141010284424
1500.7,0.35208478569984436
1500.8000000000002,0.36400458216667175
1500.9,0.3608402907848358
1501.0,0.3535410463809967
1501.1000000000001,0.3590987026691437
1501.2,0.3494957685470581
1501.3000000000002,0.3571803867816925
1501.3000000000002,0.34287405014038086
1501.5,0.3548147976398468
1501.6000000000001,0.3635944724082947
1501.7,0.35614001750946045
1501.8000000000002,0.3579137921333313
1501.9,0.35345470905303955
1502.0,0.3539577126502991
1502.1000000000001,0.3581311106681824
1502.2,0.35102546215057373
1502.3000000000002,0.36056792736053467
1502.4,0.35621559619903564
1502.4,0.3565411865711212
1502.6000000000001,0.35683509707450867
1502.7,0.35380834341049194
1502.8000000000002,0.35590285062789917
1502.9,0.3549498915672302
1503.0,0.3572993874549866
1503.1000000000001,0.3525067865848541
1503.2,0.3535408079624176
1503.3000000000002,0.3639566898345947
1503.4,0.35088473558425903
1503.5,0.36262473464012146
1503.6000000000001,0.3544090688228607
1503.7,0.34359318017959595
1503.8000000000002,0.34886279702186584
1503.9,0.35673975944519043
1504.0,0.35958337783813477
1504.1000000000001,0.36076149344444275
1504.2,0.3540888726711273
1504.3000000000002,0.362201064825058
1504.4,0.36510875821113586
1504.5,0.35912150144577026
1504.6000000000001,0.3597470819950104
1504.7,0.359781950712204
1504.8000000000002,0.3367106020450592
1504.9,0.3627791702747345
1505.0,0.351678729057312
1505.1000000000001,0.35676825046539307
1505.2,0.3583226203918457
1505.3000000000002,0.3636658787727356
1505.4,0.35115790367126465
1505.5,0.35194963216781616
1505.6000000000001,0.34403589367866516
1505.7,0.3554362654685974
1505.8000000000002,0.3640230596065521
1505.9,0.3634374141693115
1506.0,0.3578031659126282
1506.1000000000001,0.3574720621109009
1506.2,0.3494911789894104
1506.3000000000002,0.36056146025657654
1506.4,0.35730186104774475
1506.5,0.3534187078475952
1506.6000000000001,0.3662322163581848
1506.7,0.3582668602466583
1506.8000000000002,0.36192601919174194
1506.9,0.3616759181022644
1507.0,0.3625984489917755
1507.1000000000001,0.35308176279067993
1507.2,0.3616626560688019
1507.3000000000002,0.3546324670314789
1507.4,0.3481534719467163
1507.5,0.35355398058891296
1507.6000000000001,0.35443341732025146
1507.7,0.35462310910224915
1507.8000000000002,0.35533571243286133
1507.9,0.35099416971206665
1508.0,0.3592633903026581
1508.1000000000001,0.3608400523662567
1508.2,0.35840651392936707
1508.3000000000002,0.3632706105709076
1508.4,0.3613493740558624
1508.5,0.35349997878074646
1508.6000000000001,0.3605368435382843
1508.7,0.3567222058773041
1508.8000000000002,0.3609333634376526
1508.9,0.35608968138694763
1509.0,0.3589734137058258
1509.1000000000001,0.35351327061653137
1509.2,0.357638955116272
1509.3000000000002,0.3535172939300537
1509.4,0.3608642816543579
1509.5,0.3481030762195587
1509.6000000000001,0.3581044673919678
1509.7,0.3519882261753082
1509.8000000000002,0.35497960448265076
1509.9,0.356688916683197
1510.0,0.3656529486179352
1510.1000000000001,0.3471941649913788
1510.2,0.36369165778160095
1510.3000000000002,0.354632705450058
1510.4,0.36248019337654114
1510.5,0.362989604473114
1510.6000000000001,0.3597318232059479
1510.7,0.3613254725933075
1510.8000000000002,0.3639114201068878
1510.9,0.3603593111038208
1511.0,0.359342098236084
1511.1000000000001,0.35996875166893005
1511.2,0.3652806580066681
1511.3000000000002,0.35818713903427124
1511.4,0.363992303609848
1511.5,0.36353927850723267
1511.6000000000001,0.36407414078712463
1511.7,0.35675498843193054
1511.8000000000002,0.3552720248699188
1511.9,0.36172857880592346
1512.0,0.3688957393169403
1512.1000000000001,0.35431361198425293
1512.2,0.3630252182483673
1512.3000000000002,0.3532109260559082
1512.4,0.3566848039627075
1512.5,0.366127073764801
1512.6000000000001,0.35185617208480835
1512.7,0.3527955114841461
1512.8000000000002,0.3635963797569275
1512.9,0.3589199483394623
1513.0,0.36331430077552795
1513.1000000000001,0.36566415429115295
1513.2,0.36598628759384155
1513.3000000000002,0.35706010460853577
1513.4,0.3643679916858673
1513.5,0.3598017990589142
1513.6000000000001,0.3576609790325165
1513.7,0.36436641216278076
1513.8000000000002,0.3713740408420563
1513.9,0.35244688391685486
1514.0,0.3537559509277344
1514.1000000000001,0.3620639145374298
1514.2,0.3537275493144989
1514.3000000000002,0.37083813548088074
1514.4,0.35681822896003723
1514.5,0.3640422523021698
1514.6000000000001,0.3564091622829437
1514.7,0.35938015580177307
1514.8000000000002,0.36186107993125916
1514.9,0.3598755896091461
1515.0,0.3560764193534851
1515.1000000000001,0.3554728627204895
1515.2,0.36359703540802
1515.3000000000002,0.3587675094604492
1515.4,0.36086753010749817
1515.5,0.3599393665790558
1515.6000000000001,0.35719332098960876
1515.7,0.3632255494594574
1515.8000000000002,0.36631134152412415
1515.9,0.3629976212978363
1516.0,0.3613958954811096
1516.1000000000001,0.3522648513317108
1516.2,0.36072757840156555
1516.3000000000002,0.36327558755874634
1516.4,0.35347098112106323
1516.5,0.36727502942085266
1516.6000000000001,0.36831411719322205
1516.7,0.3631955087184906
1516.8000000000002,0.36775556206703186
1516.9,0.3687356412410736
1517.0,0.36328911781311035
1517.1000000000001,0.36917510628700256
1517.2,0.3619671165943146
1517.3000000000002,0.3501775562763214
1517.4,0.3635297119617462
1517.5,0.36168310046195984
1517.6000000000001,0.3597901165485382
1517.7,0.3689989745616913
1517.8000000000002,0.3670123815536499
1517.9,0.3608663082122803
1518.0,0.3660847842693329
1518.1000000000001,0.3536207675933838
1518.2,0.36070987582206726
1518.3000000000002,0.3620310425758362
1518.4,0.3531605303287506
1518.5,0.35980498790740967
1518.6000000000001,0.36720752716064453
1518.7,0.3635549247264862
1518.8000000000002,0.3604026734828949
1518.9,0.3602008521556854
1519.0,0.3589298129081726
1519.1000000000001,0.3607126772403717
1519.2,0.3574230670928955
1519.3000000000002,0.36074554920196533
1519.4,0.35924890637397766
1519.5,0.36689507961273193
1519.6000000000001,0.36349964141845703
1519.7,0.3690420985221863
1519.8000000000002,0.36340850591659546
1519.9,0.35445716977119446
1520.0,0.36105209589004517
1520.1000000000001,0.3654673099517822
1520.2,0.36650392413139343
1520.3000000000002,0.36376601457595825
1520.4,0.369221955537796
1520.5,0.3670736253261566
1520.6000000000001,0.3571164309978485
1520.7,0.3598479926586151
1520.8000000000002,0.3662830591201782
1520.9,0.3562568128108978
1521.0,0.364766925573349
1521.1000000000001,0.37219902873039246
1521.2,0.35994380712509155
1521.3000000000002,0.3574587404727936
1521.4,0.36309176683425903
1521.5,0.36429476737976074
1521.6000000000001,0.3603809177875519
1521.7,0.3691119849681854
1521.8000000000002,0.3647274076938629
1521.9,0.3606846034526825
1522.0,0.36605945229530334
1522.1000000000001,0.36580607295036316
1522.2,0.36099761724472046
1522.3000000000002,0.36538368463516235
1522.4,0.3585047423839569
1522.5,0.3690820336341858
1522.6000000000001,0.35618481040000916
1522.7,0.35742732882499695
1522.8000000000002,0.3612770140171051
1522.9,0.3539091646671295
1523.0,0.3581262528896332
1523.1000000000001,0.36688387393951416
1523.2,0.36573997139930725
1523.3000000000002,0.358109712600708
1523.4,0.3621695935726166
1523.5,0.3719111979007721
1523.6000000000001,0.36420387029647827
1523.7,0.3603881001472473
1523.8000000000002,0.3570064604282379
1523.9,0.37167423963546753
1524.0,0.3570854067802429
1524.1000000000001,0.3611016869544983
1524.2,0.36566615104675293
1524.3000000000002,0.3695523142814636
1524.4,0.3672552704811096
1524.5,0.36431363224983215
1524.6000000000001,0.3631128966808319
1524.7,0.36533454060554504
1524.8000000000002,0.3617299795150757
1524.9,0.3594473898410797
1525.0,0.37129104137420654
1525.1000000000001,0.36076125502586365
1525.2,0.36559563875198364
1525.3000000000002,0.36279168725013733
1525.4,0.3627912700176239
1525.5,0.3613146245479584
1525.6000000000001,0.36571192741394043
1525.7,0.3663584887981415
1525.8000000000002,0.37147900462150574
1525.9,0.3666929006576538
1526.0,0.36780738830566406
1526.1000000000001,0.3644855320453644
1526.2,0.36611708998680115
1526.3000000000002,0.3723970949649811
1526.4,0.3587799668312073
1526.5,0.3682415187358856
1526.6000000000001,0.36651110649108887
1526.7,0.362316757440567
1526.8000000000002,0.3710167407989502
1526.9,0.3574054539203644
1527.0,0.36399227380752563
1527.1000000000001,0.3637205958366394
1527.2,0.3657045364379883
1527.3000000000002,0.36242616176605225
1527.4,0.36774343252182007
1527.5,0.36473608016967773
1527.6000000000001,0.36410149931907654
1527.7,0.35665363073349
1527.8000000000002,0.35965976119041443
1527.9,0.3552691638469696
1528.0,0.3602050542831421
1528.1000000000001,0.36520934104919434
1528.2,0.3654530644416809
1528.3000000000002,0.36688390374183655
1528.4,0.3641866445541382
1528.5,0.3672070801258087
1528.6000000000001,0.36173591017723083
1528.7,0.3675574064254761
1528.8000000000002,0.3661457598209381
1528.9,0.36718565225601196
1529.0,0.3583521246910095
1529.1000000000001,0.35637199878692627
1529.2,0.3551347255706787
1529.3000000000002,0.3680110573768616
1529.4,0.3681749701499939
1529.5,0.3690650463104248
1529.6000000000001,0.36488717794418335
1529.7,0.3679030239582062
1529.8000000000002,0.36069416999816895
1529.9,0.3745521605014801
1530.0,0.3624304234981537
1530.1000000000001,0.36506330966949463
1530.2,0.3727976083755493
1530.3000000000002,0.364614337682724
1530.4,0.357786625623703
1530.5,0.36616724729537964
1530.6000000000001,0.3619175851345062
1530.7,0.3603581488132477
1530.8000000000002,0.3698100745677948
1530.9,0.36383217573165894
1531.0,0.3749683201313019
1531.1000000000001,0.3643307685852051
1531.2,0.36806222796440125
1531.3000000000002,0.37027809023857117
1531.4,0.3702224791049957
1531.5,0.37269020080566406
1531.6000000000001,0.3660311996936798
1531.7,0.3757827579975128
1531.8000000000002,0.3642381429672241
1531.9,0.3688626289367676
1532.0,0.3713400661945343
1532.1000000000001,0.3641316592693329
1532.2,0.3586067855358124
1532.3000000000002,0.36360758543014526
1532.4,0.37430188059806824
1532.5,0.3663291931152344
1532.6000000000001,0.3733655512332916
1532.7,0.3672633469104767
1532.8000000000002,0.3576819896697998
1532.9,0.3673040270805359
1533.0,0.3726118206977844
1533.1000000000001,0.37170863151550293
1533.2,0.3693159520626068
1533.3000000000002,0.37385228276252747
1533.4,0.37087732553482056
1533.5,0.37174779176712036
1533.6000000000001,0.3637758195400238
1533.7,0.3648673892021179
1533.8000000000002,0.3670485317707062
1533.9,0.3698261082172394
1534.0,0.3748055100440979
1534.1000000000001,0.37681010365486145
1534.2,0.35284504294395447
1534.3000000000002,0.36849257349967957
1534.4,0.36143022775650024
1534.5,0.3719989061355591
1534.6000000000001,0.3633253872394562
1534.7,0.3714607357978821
1534.8000000000002,0.3675318956375122
1534.9,0.36043551564216614
1535.0,0.36760663986206055
1535.1000000000001,0.36379608511924744
1535.2,0.36603254079818726
1535.3000000000002,0.36745375394821167
1535.4,0.3664989471435547
1535.5,0.37018200755119324
1535.6000000000001,0.37365493178367615
1535.7,0.36651715636253357
1535.8000000000002,0.3714115619659424
1535.9,0.36920398473739624
1536.0,0.36545228958129883
1536.1000000000001,0.3734024465084076
1536.2,0.3686264157295227
1536.3000000000002,0.36787891387939453
1536.4,0.355591744184494
1536.5,0.36580464243888855
1536.6000000000001,0.37324100732803345
1536.7,0.3682491183280945
1536.8000000000002,0.3641524612903595
1536.9,0.37204059958457947
1537.0,0.37724167108535767
1537.1000000000001,0.3712799549102783
1537.2,0.3747086822986603
1537.3000000000002,0.3612922430038452
1537.4,0.36389487981796265
1537.5,0.3647991418838501
1537.6000000000001,0.37091147899627686
1537.7,0.3722303509712219
1537.8000000000002,0.3776465654373169
1537.9,0.3613119423389435
1538.0,0.3732834458351135
1538.1000000000001,0.37061378359794617
1538.2,0.3770650327205658
1538.3000000000002,0.36184510588645935
1538.4,0.37053048610687256
1538.5,0.3666685223579407
1538.6000000000001,0.3695603013038635
1538.7,0.36801815032958984
1538.8000000000002,0.371843159198761
1538.9,0.36677905917167664
1539.0,0.3700842559337616
1539.1000000000001,0.36953073740005493
1539.2,0.37031859159469604
1539.3000000000002,0.3733694851398468
1539.4,0.357107549905777
1539.5,0.3600183427333832
1539.6000000000001,0.3763410449028015
1539.7,0.3696419596672058
1539.8000000000002,0.37025609612464905
1539.9,0.37311893701553345
1540.0,0.36844563484191895
1540.1000000000001,0.37589988112449646
1540.2,0.36811700463294983
1540.3000000000002,0.37697476148605347
1540.4,0.3685256242752075
1540.5,0.3678034245967865
1540.6000000000001,0.3725193440914154
1540.7,0.3689509630203247
1540.8000000000002,0.36847490072250366
1540.9,0.36943185329437256
1541.0,0.3748742640018463
1541.1000000000001,0.37857362627983093
1541.2,0.3712151348590851
1541.3000000000002,0.37711721658706665
1541.4,0.3672577440738678
1541.5,0.3705015480518341
1541.6000000000001,0.3787068724632263
1541.7,0.3716432452201843
1541.8000000000002,0.36779338121414185
1541.9,0.37683242559432983
1542.0,0.35175830125808716
1542.1000000000001,0.3677108585834503
1542.2,0.36664775013923645
1542.3000000000002,0.3727319836616516
1542.4,0.37522682547569275
1542.5,0.3658440113067627
1542.6000000000001,0.3746521770954132
1542.7,0.3685946464538574
1542.8000000000002,0.36615902185440063
1542.9,0.3663516640663147
1543.0,0.36918044090270996
1543.1000000000001,0.37389957904815674
1543.2,0.36175742745399475
1543.3000000000002,0.36437392234802246
1543.4,0.370321661233902
1543.5,0.3751686215400696
1543.6000000000001,0.3723047077655792
1543.7,0.353219598531723
1543.8000000000002,0.3545646071434021
1543.9,0.36654672026634216
1544.0,0.36217036843299866
1544.1000000000001,0.371006578207016
1544.2,0.3752964735031128
1544.3000000000002,0.37490910291671753
1544.4,0.37192201614379883
1544.5,0.36884576082229614
1544.6000000000001,0.3770763576030731
1544.7,0.3765204846858978
1544.8000000000002,0.3742317855358124
1544.9,0.368033230304718
1545.0,0.3726428747177124
1545.1000000000001,0.3587476313114166
1545.2,0.36619412899017334
1545.3000000000002,0.3689213991165161
1545.4,0.36707189679145813
1545.5,0.3688165247440338
1545.6000000000001,0.3690110743045807
1545.7,0.373730331659317
1545.8000000000002,0.37321335077285767
1545.9,0.3712434470653534
1546.0,0.37511348724365234
1546.1000000000001,0.37271547317504883
1546.2,0.37427353858947754
1546.3000000000002,0.36962220072746277
1546.4,0.36626166105270386
1546.5,0.3750578463077545
1546.6000000000001,0.37167564034461975
1546.7,0.37637385725975037
1546.8000000000002,0.36592626571655273
1546.9,0.37335774302482605
1547.0,0.37759292125701904
1547.1000000000001,0.3698805570602417
1547.2,0.36449238657951355
1547.3000000000002,0.37617582082748413
1547.4,0.37500232458114624
1547.5,0.37461334466934204
1547.6000000000001,0.3740139603614807
1547.7,0.3726098835468292
1547.8000000000002,0.36974814534187317
1547.9,0.36993974447250366
1548.0,0.36696702241897583
1548.1000000000001,0.3698227107524872
1548.2,0.3734189569950104
1548.3000000000002,0.38057300448417664
1548.4,0.37116625905036926
1548.5,0.3726014792919159
1548.6000000000001,0.3676667809486389
1548.7,0.3757529854774475
1548.8000000000002,0.37200337648391724
1548.9,0.3651233911514282
1549.0,0.3744628429412842
1549.1000000000001,0.37352320551872253
1549.2,0.3771915137767792
1549.3000000000002,0.3738989233970642
1549.4,0.3678765594959259
1549.5,0.37720245122909546
1549.6000000000001,0.37323394417762756
1549.7,0.3724910020828247
1549.8000000000002,0.3792361617088318
1549.9,0.3752489984035492
1550.0,0.36737436056137085
1550.1000000000001,0.3745167553424835
1550.2,0.3750762641429901
1550.3000000000002,0.38008832931518555
1550.4,0.3606052100658417
1550.5,0.3737756311893463
1550.6000000000001,0.3690181076526642
1550.7,0.3709840774536133
1550.8000000000002,0.3773978352546692
1550.9,0.3671252429485321
1551.0,0.3734104037284851
1551.1000000000001,0.3781213164329529
1551.2,0.3699548840522766
1551.3000000000002,0.36272478103637695
1551.4,0.3801824450492859
1551.5,0.36922866106033325
1551.6000000000001,0.3770909309387207
1551.7,0.37448763847351074
1551.8000000000002,0.3747484087944031
1551.9,0.3725675344467163
1552.0,0.36183449625968933
1552.1000000000001,0.37210503220558167
1552.2,0.3768632113933563
1552.3000000000002,0.3674444854259491
1552.4,0.37416478991508484
1552.5,0.3784749507904053
1552.6000000000001,0.3718467056751251
1552.7,0.37617626786231995
1552.8000000000002,0.37274011969566345
1552.9,0.3743576407432556
1553.0,0.3740977942943573
1553.1000000000001,0.3642059862613678
1553.2,0.37760865688323975
1553.3000000000002,0.37084347009658813
1553.4,0.37202924489974976
1553.5,0.3788025975227356
1553.6000000000001,0.37538737058639526
1553.7,0.37280452251434326
1553.8000000000002,0.37886160612106323
1553.9,0.37482792139053345
1554.0,0.36482739448547363
1554.1000000000001,0.3820192515850067
1554.2,0.3862347900867462
1554.3000000000002,0.3702647089958191
1554.4,0.3754437565803528
1554.5,0.3588281273841858
1554.6000000000001,0.3628917336463928
1554.7,0.3793298304080963
1554.8000000000002,0.37476685643196106
1554.9,0.3732009828090668
1555.0,0.3640407621860504
1555.1000000000001,0.3759705424308777
1555.2,0.37631848454475403
1555.3000000000002,0.37572458386421204
1555.4,0.37766528129577637
1555.5,0.3733013868331909
1555.6000000000001,0.37378421425819397
1555.7,0.3798144459724426
1555.8000000000002,0.37604737281799316
1555.9,0.3753293454647064
1556.0,0.36932843923568726
1556.1000000000001,0.3662099838256836
1556.2,0.3764580488204956
1556.3000000000002,0.3761816620826721
1556.4,0.37573421001434326
1556.5,0.3749758005142212
1556.6000000000001,0.3799844980239868
1556.7,0.37467941641807556
1556.8000000000002,0.3712511360645294
1556.9,0.3807944357395172
1557.0,0.3731826841831207
1557.1000000000001,0.3781270682811737
1557.2,0.37932759523391724
1557.3000000000002,0.37918245792388916
1557.4,0.38129761815071106
1557.5,0.3804510831832886
1557.6000000000001,0.3761957585811615
1557.7,0.3725612461566925
1557.8000000000002,0.373966246843338
1557.9,0.38571518659591675
1558.0,0.3761754631996155
1558.1000000000001,0.3714096248149872
1558.2,0.37857502698898315
1558.3000000000002,0.378998726606369
1558.4,0.37938210368156433
1558.5,0.36871421337127686
1558.6000000000001,0.3746384084224701
1558.7,0.37598100304603577
1558.8000000000002,0.3831397593021393
1558.9,0.3739752471446991
1559.0,0.3778216540813446
1559.1000000000001,0.3709385395050049
1559.2,0.35753899812698364
1559.3000000000002,0.36872509121894836
1559.4,0.3750907778739929
1559.5,0.37808388471603394
1559.6000000000001,0.3787313997745514
1559.7,0.3765534460544586
1559.8000000000002,0.3809618055820465
1559.9,0.3874957263469696
1560.0,0.3777243494987488
1560.1000000000001,0.3830643594264984
1560.2,0.3678654432296753
1560.3000000000002,0.3780669867992401
1560.4,0.3777771294116974
1560.5,0.369396448135376
1560.6000000000001,0.3726922571659088
1560.7,0.3727830946445465
1560.8000000000002,0.3734985291957855
1560.9,0.38055112957954407
1561.0,0.38133251667022705
1561.1000000000001,0.365984171628952
1561.2,0.3736422061920166
1561.3000000000002,0.3790648579597473
1561.4,0.37934547662734985
1561.5,0.37920117378234863
1561.6000000000001,0.37055954337120056
1561.7,0.37809136509895325
1561.8000000000002,0.3637678027153015
1561.9,0.3732950687408447
1562.0,0.37048622965812683
1562.1000000000001,0.3741198182106018
1562.2,0.3879459500312805
1562.3000000000002,0.38287553191185
1562.4,0.3656153380870819
1562.5,0.3731844425201416
1562.6000000000001,0.36782753467559814
1562.7,0.3693230152130127
1562.8000000000002,0.3781615197658539
1562.9,0.37824878096580505
1563.0,0.36400288343429565
1563.1000000000001,0.3753415048122406
1563.2,0.3821735382080078
1563.3000000000002,0.3766906261444092
1563.4,0.37549906969070435
1563.5,0.372965544462204
1563.6000000000001,0.37833771109580994
1563.7,0.38020116090774536
1563.8000000000002,0.3717566430568695
1563.9,0.3834051489830017
1564.0,0.3809981048107147
1564.1000000000001,0.3776589632034302
1564.2,0.3716593086719513
1564.3000000000002,0.3726857006549835
1564.4,0.3757925033569336
1564.5,0.3727405369281769
1564.6000000000001,0.3744615614414215
1564.7,0.3836914002895355
1564.8000000000002,0.37887153029441833
1564.9,0.374616801738739
1565.0,0.3714733421802521
1565.1000000000001,0.37835484743118286
1565.2,0.38387420773506165
1565.3000000000002,0.37952205538749695
1565.4,0.37402454018592834
1565.5,0.3745594024658203
1565.6000000000001,0.38101136684417725
1565.7,0.3838977515697479
1565.8000000000002,0.37351447343826294
1565.9,0.37587323784828186
1566.0,0.3808640241622925
1566.1000000000001,0.3811836540699005
1566.2,0.3867108225822449
1566.3000000000002,0.3767777681350708
1566.4,0.3795512914657593
1566.5,0.3692411184310913
1566.6000000000001,0.3765401244163513
1566.7,0.38179177045822144
1566.8000000000002,0.3760048747062683
1566.9,0.37422484159469604
1567.0,0.3833758533000946
1567.1000000000001,0.3777075707912445
1567.2,0.3770084083080292
1567.3000000000002,0.37750327587127686
1567.4,0.37436121702194214
1567.5,0.3798786699771881
1567.6000000000001,0.37924909591674805
1567.7,0.3784775733947754
1567.8000000000002,0.37796518206596375
1567.9,0.3783113360404968
1568.0,0.3791066110134125
1568.1000000000001,0.38504558801651
1568.2,0.38168877363204956
1568.3000000000002,0.3736373782157898
1568.4,0.37865644693374634
1568.5,0.3786115050315857
1568.6000000000001,0.3843200206756592
1568.7,0.3750666081905365
1568.8000000000002,0.3793487250804901
1568.9,0.3735126852989197
1569.0,0.3690968453884125
1569.1000000000001,0.378396213054657
1569.2,0.3775176405906677
1569.3000000000002,0.3727753460407257
1569.4,0.3830941617488861
1569.5,0.3719886541366577
1569.6000000000001,0.37853068113327026
1569.7,0.3749557435512543
1569.8000000000002,0.3776516616344452
1569.9,0.38430294394493103
1570.0,0.37782520055770874
1570.1000000000001,0.37109288573265076
1570.2,0.3649715781211853
1570.3000000000002,0.37748658657073975
1570.4,0.382697194814682
1570.5,0.38092976808547974
1570.6000000000001,0.3834790587425232
1570.7,0.3765845000743866
1570.8000000000002,0.37812867760658264
1570.9,0.38390615582466125
1571.0,0.3752641975879669
1571.1000000000001,0.3733520209789276
1571.2,0.37037283182144165
1571.3000000000002,0.38168302178382874
1571.4,0.3763706386089325
1571.5,0.37957659363746643
1571.6000000000001,0.38721829652786255
1571.7,0.38069257140159607
1571.8000000000002,0.3809109330177307
1571.9,0.36809295415878296
1572.0,0.37532198429107666
1572.1000000000001,0.37158864736557007
1572.2,0.38617420196533203
1572.3000000000002,0.37547218799591064
1572.4,0.37632066011428833
1572.5,0.37693294882774353
1572.6000000000001,0.37977299094200134
1572.7,0.38533130288124084
1572.8000000000002,0.3797573447227478
1572.9,0.38046228885650635
1573.0,0.373760461807251
1573.1000000000001,0.3715429902076721
1573.2,0.37909477949142456
1573.3000000000002,0.37814030051231384
1573.4,0.3774239718914032
1573.5,0.3792499601840973
1573.6000000000001,0.3685355484485626
1573.7,0.3803670406341553
1573.8000000000002,0.37782105803489685
1573.9,0.3821087181568146
1574.0,0.3847595751285553
1574.1000000000001,0.3790642321109772
1574.2,0.37191250920295715
1574.3000000000002,0.38915398716926575
1574.4,0.37911632657051086
1574.5,0.3878049850463867
1574.6000000000001,0.38201674818992615
1574.7,0.37016332149505615
1574.8000000000002,0.3844776451587677
1574.9,0.3812558948993683
1575.0,0.3819812834262848
1575.1000000000001,0.37049177289009094
1575.2,0.3747948408126831
1575.3000000000002,0.3898548483848572
1575.4,0.379738986492157
1575.5,0.37987494468688965
1575.6000000000001,0.3707934319972992
1575.7,0.3758470416069031
1575.8000000000002,0.3830800950527191
1575.9,0.3827821612358093
1576.0,0.37387382984161377
1576.1000000000001,0.3737317621707916
1576.2,0.38220906257629395
1576.3000000000002,0.3764783442020416
1576.4,0.3903094232082367
1576.5,0.38237902522087097
1576.6000000000001,0.387507826089859
1576.7,0.37074583768844604
1576.8000000000002,0.3784359097480774
1576.9,0.3763670027256012
1577.0,0.37437424063682556
1577.1000000000001,0.3764914572238922
1577.2,0.38190504908561707
1577.3000000000002,0.3686443567276001
1577.4,0.3822644352912903
1577.5,0.3852570652961731
1577.6000000000001,0.3716614842414856
1577.7,0.3799314498901367
1577.8000000000002,0.385012149810791
1577.9,0.375038743019104
1578.0,0.3765292167663574
1578.1000000000001,0.3753700852394104
1578.2,0.37963658571243286
1578.3000000000002,0.3816661536693573
1578.4,0.3722493052482605
1578.5,0.3873019516468048
1578.6000000000001,0.3763953447341919
1578.7,0.38339370489120483
1578.8000000000002,0.38235369324684143
1578.9,0.3787323832511902
1579.0,0.37518244981765747
1579.1000000000001,0.3764706254005432
1579.2,0.37005704641342163
1579.3000000000002,0.3875250220298767
1579.4,0.38459882140159607
1579.5,0.3820137083530426
1579.6000000000001,0.3699835538864136
1579.7,0.37412935495376587
1579.8000000000002,0.37772616744041443
1579.9,0.3721064031124115
1580.0,0.3724767565727234
1580.1000000000001,0.37078389525413513
1580.2,0.378253310918808
1580.3000000000002,0.38390177488327026
1580.4,0.3814786970615387
1580.5,0.38247159123420715
1580.6000000000001,0.38542336225509644
1580.7,0.3812445402145386
1580.8000000000002,0.38398751616477966
1580.9,0.39079535007476807
1581.0,0.3882054090499878
1581.1000000000001,0.38049736618995667
1581.2,0.3754373788833618
1581.3000000000002,0.3817525804042816
1581.4,0.3852401375770569
1581.5,0.39255502820014954
1581.6000000000001,0.38448503613471985
1581.7,0.3850547671318054
1581.8000000000002,0.386494904756546
1581.9,0.37939977645874023
1582.0,0.3886337876319885
1582.1000000000001,0.3833206295967102
1582.2,0.38389772176742554
1582.3000000000002,0.3810639977455139
1582.4,0.3789639472961426
1582.5,0.3857528269290924
1582.6000000000001,0.3763814866542816
1582.7,0.3881444036960602
1582.8000000000002,0.3818659782409668
1582.9,0.3746206760406494
1583.0,0.3716590702533722
1583.1000000000001,0.38850703835487366
1583.2,0.3842511475086212
1583.3000000000002,0.38246235251426697
1583.4,0.3869810104370117
1583.5,0.3842258155345917
1583.6000000000001,0.38647177815437317
1583.7,0.37532490491867065
1583.8000000000002,0.38437432050704956
1583.9,0.3739384710788727
1584.0,0.3815878629684448
1584.1000000000001,0.37711775302886963
1584.2,0.3840380609035492
1584.3000000000002,0.3784450888633728
1584.4,0.3760085701942444
1584.5,0.3828287124633789
1584.6000000000001,0.38095760345458984
1584.7,0.37441301345825195
1584.8000000000002,0.38589078187942505
1584.9,0.38646095991134644
1585.0,0.38900792598724365
1585.1000000000001,0.3834642767906189
1585.2,0.3808131217956543
1585.3000000000002,0.3798831105232239
1585.4,0.3863866627216339
1585.5,0.3825889229774475
1585.6000000000001,0.38807326555252075
1585.7,0.38087692856788635
1585.8000000000002,0.3852449059486389
1585.9,0.3812558054924011
1586.0,0.38566353917121887
1586.1000000000001,0.38197216391563416
1586.2,0.3720000386238098
1586.3000000000002,0.3871084451675415
1586.4,0.3897128105163574
1586.5,0.38290995359420776
1586.6000000000001,0.37705954909324646
1586.7,0.3822936713695526
1586.8000000000002,0.3747606873512268
1586.9,0.38338908553123474
1587.0,0.381757915019989
1587.1000000000001,0.384022057056427
1587.2,0.3825191259384155
1587.3000000000002,0.37953901290893555
1587.4,0.38822194933891296
1587.5,0.382814884185791
1587.6000000000001,0.38143348693847656
1587.7,0.3864136040210724
1587.8000000000002,0.38753649592399597
1587.9,0.387090802192688
1588.0,0.37543460726737976
1588.1000000000001,0.383066862821579
1588.2,0.3787681758403778
1588.3000000000002,0.385001540184021
1588.4,0.3835245370864868
1588.5,0.3818908631801605
1588.6000000000001,0.37964630126953125
1588.7,0.3837745487689972
1588.8000000000002,0.3904855251312256
1588.9,0.3911644518375397
1589.0,0.384816974401474
1589.1000000000001,0.38226109743118286
1589.2,0.39209693670272827
1589.3000000000002,0.3891754448413849
1589.4,0.38386011123657227
1589.5,0.3786380887031555
1589.6000000000001,0.3827137351036072
1589.7,0.3910767734050751
1589.8000000000002,0.3829287588596344
1589.9,0.381112664937973
1590.0,0.3845248818397522
1590.1000000000001,0.3777649700641632
1590.2,0.39191073179244995
1590.3000000000002,0.3860510289669037
1590.4,0.38807451725006104
1590.5,0.38596993684768677
1590.6000000000001,0.3881816267967224
1590.7,0.38662171363830566
1590.8000000000002,0.3766230642795563
1590.9,0.37929433584213257
1591.0,0.39081302285194397
1591.1000000000001,0.38146543502807617
1591.2,0.3829830586910248
1591.3000000000002,0.3805268406867981
1591.4,0.39183974266052246
1591.5,0.3741866946220398
1591.6000000000001,0.387124240398407
1591.7,0.3828384280204773
1591.8000000000002,0.3759298622608185
1591.9,0.37806203961372375
1592.0,0.38261157274246216
1592.1000000000001,0.3873894214630127
1592.2,0.38790249824523926
1592.3000000000002,0.38109099864959717
1592.4,0.38471078872680664
1592.5,0.3911072909832001
1592.6000000000001,0.3765818774700165
1592.7,0.37947505712509155
1592.8000000000002,0.37572744488716125
1592.9,0.38414251804351807
1593.0,0.3912734091281891
1593.1000000000001,0.38071948289871216
1593.2,0.38731756806373596
1593.3000000000002,0.37613922357559204
1593.4,0.38246187567710876
1593.5,0.38970330357551575
1593.6000000000001,0.3823811113834381
1593.7,0.3869258761405945
1593.8000000000002,0.37376537919044495
1593.9,0.38994818925857544
1594.0,0.3806144595146179
1594.1000000000001,0.3753077983856201
1594.2,0.3789345622062683
1594.3000000000002,0.3851214349269867
1594.4,0.38764289021492004
1594.5,0.37792733311653137
1594.6000000000001,0.38752877712249756
1594.7,0.3868645131587982
1594.8000000000002,0.3939959406852722
1594.9,0.38880541920661926
1595.0,0.3793761432170868
1595.1000000000001,0.3914436399936676
1595.2,0.3840582072734833
1595.3000000000002,0.3808896839618683
1595.4,0.38563093543052673
1595.5,0.3840128779411316
1595.6000000000001,0.382290780544281
1595.7,0.3898544907569885
1595.8000000000002,0.3896816670894623
1595.9,0.383962482213974
1596.0,0.3849773705005646
1596.1000000000001,0.38957083225250244
1596.2,0.3772541284561157
1596.3000000000002,0.38726794719696045
1596.4,0.3896690309047699
1596.5,0.37969210743904114
1596.6000000000001,0.383149653673172
1596.7,0.38944804668426514
1596.8000000000002,0.3845205307006836
1596.9,0.39052122831344604
1597.0,0.3806368112564087
1597.1000000000001,0.39077627658843994
1597.2,0.3871336877346039
1597.3000000000002,0.3845294713973999
1597.4,0.3721499741077423
1597.5,0.37705197930336
1597.6000000000001,0.3897518515586853
1597.7,0.386284202337265
1597.8000000000002,0.38336509466171265
1597.9,0.38928401470184326
1598.0,0.3853018581867218
1598.1000000000001,0.38469332456588745
1598.2,0.37555932998657227
1598.3000000000002,0.39415279030799866
1598.4,0.38461390137672424
1598.5,0.39121484756469727
1598.6000000000001,0.38688528537750244
1598.7,0.38980457186698914
1598.8000000000002,0.39058730006217957
1598.9,0.3857824504375458
1599.0,0.38464465737342834
1599.1000000000001,0.38468384742736816
1599.2,0.386613667011261
1599.3000000000002,0.38916251063346863
1599.4,0.3872053325176239
1599.5,0.3849465250968933
1599.6000000000001,0.3828761875629425
1599.7,0.39355093240737915
1599.8000000000002,0.386038213968277
1599.9,0.38406798243522644
1600.0,0.38152122497558594
1600.1000000000001,0.38342148065567017
1600.2,0.3828270733356476
1600.3000000000002,0.38315609097480774
1600.4,0.37785226106643677
1600.5,0.3914245367050171
1600.6000000000001,0.39287540316581726
1600.7,0.382910817861557
1600.8000000000002,0.389851838350296
1600.9,0.37912896275520325
1601.0,0.3772893249988556
1601.1000000000001,0.3891313970088959
1601.2,0.38798847794532776
1601.3000000000002,0.39368632435798645
1601.4,0.386464923620224
1601.5,0.3709295392036438
1601.6000000000001,0.3705076277256012
1601.7,0.3879227936267853
1601.8000000000002,0.38558322191238403
1601.9,0.38819023966789246
1602.0,0.3940872550010681
1602.1000000000001,0.38861292600631714
1602.2,0.3896231949329376
1602.3000000000002,0.39159637689590454
1602.4,0.38554462790489197
1602.5,0.3888634741306305
1602.6000000000001,0.39158710837364197
1602.7,0.37921223044395447
1602.8000000000002,0.38630881905555725
1602.9,0.38925617933273315
1603.0,0.3838764429092407
1603.1000000000001,0.3909080922603607
1603.2,0.38731205463409424
1603.3000000000002,0.36958351731300354
1603.4,0.3869228959083557
1603.5,0.3838639259338379
1603.6000000000001,0.3877642750740051
1603.7,0.38905954360961914
1603.8000000000002,0.3853555917739868
1603.9,0.37547656893730164
1604.0,0.38431355357170105
1604.1000000000001,0.3870867192745209
1604.2,0.37844476103782654
1604.3000000000002,0.3972291052341461
1604.4,0.3858262598514557
1604.5,0.39335834980010986
1604.6000000000001,0.3809729516506195
1604.7,0.3831159174442291
1604.8000000000002,0.3832201063632965
1604.9,0.383558452129364
1605.0,0.38895905017852783
1605.1000000000001,0.3843621611595154
1605.2,0.3870554566383362
1605.3000000000002,0.3884916305541992
1605.4,0.38636401295661926
1605.5,0.39364463090896606
1605.6000000000001,0.3814815282821655
1605.7,0.38279300928115845
1605.8000000000002,0.3818133473396301
1605.9,0.3896467983722687
1606.0,0.38612493872642517
1606.1000000000001,0.3918544352054596
1606.2,0.3841351568698883
1606.3000000000002,0.3798799216747284
1606.4,0.39228326082229614
1606.5,0.38648584485054016
1606.6000000000001,0.39085280895233154
1606.7,0.3892837166786194
1606.8000000000002,0.39580288529396057
1606.9,0.3829509913921356
1607.0,0.38995105028152466
1607.1000000000001,0.3848119378089905
1607.2,0.38474342226982117
1607.3000000000002,0.38127899169921875
1607.4,0.3790430426597595
1607.5,0.37938976287841797
1607.6000000000001,0.38801032304763794
1607.7,0.38190656900405884
1607.8000000000002,0.3853505253791809
1607.9,0.39255642890930176
1608.0,0.37976062297821045
1608.1000000000001,0.38278165459632874
1608.2,0.3898537755012512
1608.3000000000002,0.3914070129394531
1608.4,0.38936561346054077
1608.5,0.3773459494113922
1608.6000000000001,0.3923339247703552
1608.7,0.3889506161212921
1608.8000000000002,0.3752453029155731
1608.9,0.3830370306968689
1609.0,0.383464515209198
1609.1000000000001,0.38574084639549255
1609.2,0.3845764100551605
1609.3000000000002,0.38699111342430115
1609.4,0.3856715261936188
1609.5,0.39228206872940063
1609.6000000000001,0.3875156342983246
1609.7,0.38724446296691895
1609.8000000000002,0.38706597685813904
1609.9,0.37965649366378784
1610.0,0.39009079337120056
1610.1000000000001,0.384988009929657
1610.2,0.385265588760376
1610.3000000000002,0.38258054852485657
1610.4,0.3917679786682129
1610.5,0.3778962194919586
1610.6000000000001,0.39143234491348267
1610.7,0.3826215863227844
1610.8000000000002,0.3904591500759125
1610.9,0.3906543254852295
1611.0,0.3909394145011902
1611.1000000000001,0.3690721094608307
1611.2,0.3920619785785675
1611.3000000000002,0.38987040519714355
1611.4,0.3882715106010437
1611.5,0.38046109676361084
1611.6000000000001,0.38793501257896423
1611.7,0.3847833275794983
1611.8000000000002,0.3944118022918701
1611.9,0.38630011677742004
1612.0,0.3790875971317291
1612.1000000000001,0.3885168135166168
1612.2,0.3817606568336487
1612.3000000000002,0.38757577538490295
1612.4,0.3898872435092926
1612.5,0.3862909972667694
1612.6000000000001,0.389335960149765
1612.7,0.3879227042198181
1612.8000000000002,0.382808119058609
1612.9,0.3860018253326416
1613.0,0.3833763599395752
1613.1000000000001,0.37840941548347473
1613.2,0.39428555965423584
1613.3000000000002,0.38264763355255127
1613.4,0.3863222599029541
1613.5,0.3880002200603485
1613.6000000000001,0.3875329792499542
1613.7,0.3890387713909149
1613.8000000000002,0.38197240233421326
1613.9,0.3922192454338074
1614.0,0.37700387835502625
1614.1000000000001,0.386514276266098
1614.2,0.380533903837204
1614.3000000000002,0.37672799825668335
1614.4,0.3792816698551178
1614.5,0.3827652335166931
1614.6000000000001,0.39153915643692017
1614.7,0.38473111391067505
1614.8000000000002,0.3854826092720032
1614.9,0.3871135413646698
1615.0,0.38269728422164917
1615.1000000000001,0.3877706229686737
1615.2,0.39100995659828186
1615.3000000000002,0.39194607734680176
1615.4,0.3869032859802246
1615.5,0.39468398690223694
1615.6000000000001,0.3920195698738098
1615.7,0.38663449883461
1615.8000000000002,0.38917237520217896
1615.9,0.38558429479599
1616.0,0.3944453001022339
1616.1000000000001,0.392862468957901
1616.2,0.38401487469673157
1616.3000000000002,0.3878518342971802
1616.4,0.38830000162124634
1616.5,0.39245447516441345
1616.6000000000001,0.3815877139568329
1616.7,0.38985195755958557
1616.8000000000002,0.38884687423706055
1616.9,0.38192933797836304
1617.0,0.38809752464294434
1617.1000000000001,0.3802861273288727
1617.2,0.3779892325401306
1617.3000000000002,0.38243797421455383
1617.4,0.3820735216140747
1617.5,0.3747386336326599
1617.6000000000001,0.3868664801120758
1617.7,0.38104933500289917
1617.8000000000002,0.3852482736110687
1617.9,0.3910152018070221
1618.0,0.3848946988582611
1618.1000000000001,0.3848710060119629
1618.2,0.3796834349632263
1618.3000000000002,0.3719240128993988
1618.4,0.38562464714050293
1618.5,0.39122244715690613
1618.6000000000001,0.3812618851661682
1618.7,0.38602781295776367
1618.8000000000002,0.3951730728149414
1618.9,0.3849411904811859
1619.0,0.38287854194641113
1619.1000000000001,0.39188459515571594
1619.2,0.3843325078487396
1619.3000000000002,0.3839000165462494
1619.4,0.39026209712028503
1619.5,0.3752601444721222
1619.6000000000001,0.39092737436294556
1619.7,0.38075536489486694
1619.8000000000002,0.3870737552642822
1619.9,0.37835949659347534
1620.0,0.3878308832645416
1620.1000000000001,0.38638028502464294
1620.2,0.3827531635761261
1620.3000000000002,0.38978445529937744
1620.4,0.38500136137008667
1620.5,0.37850651144981384
1620.6000000000001,0.3847668468952179
1620.7,0.3816474974155426
1620.8000000000002,0.39174017310142517
1620.9,0.3809179663658142
1621.0,0.39189574122428894
1621.1000000000001,0.38566410541534424
1621.2,0.39097127318382263
1621.3000000000002,0.38498273491859436
1621.4,0.39391788840293884
1621.5,0.3864456117153168
1621.6000000000001,0.39951789379119873
1621.7,0.3863951861858368
1621.8000000000002,0.38500067591667175
1621.9,0.3770250380039215
1622.0,0.37282681465148926
1622.1000000000001,0.3793371915817261
1622.2,0.39629021286964417
1622.3000000000002,0.3765363097190857
1622.4,0.38919204473495483
1622.5,0.38881468772888184
1622.6000000000001,0.39191699028015137
1622.7,0.3920009136199951
1622.8000000000002,0.38688477873802185
1622.9,0.3915887773036957
1623.0,0.3883231282234192
1623.1000000000001,0.38874003291130066
1623.2,0.390219122171402
1623.3000000000002,0.3872397243976593
1623.4,0.37852901220321655
1623.5,0.38587382435798645
1623.6000000000001,0.3852163851261139
1623.7,0.38528406620025635
1623.8000000000002,0.3941724896430969
1623.9,0.3920709192752838
1624.0,0.38309842348098755
1624.1000000000001,0.3905320465564728
1624.2,0.39147770404815674
1624.3000000000002,0.3852470815181732
1624.4,0.3860107958316803
1624.5,0.39591243863105774
1624.6000000000001,0.38785380125045776
1624.7,0.38381871581077576
1624.8000000000002,0.3790428638458252
1624.9,0.39324015378952026
1625.0,0.3820887804031372
1625.1000000000001,0.3870868384838104
1625.2,0.39294755458831787
1625.3000000000002,0.37872639298439026
1625.4,0.38432759046554565
1625.5,0.39001861214637756
1625.6000000000001,0.37772858142852783
1625.7,0.3920721113681793
1625.8000000000002,0.38898715376853943
1625.9,0.39345791935920715
1626.0,0.39037492871284485
1626.1000000000001,0.3883832097053528
1626.2,0.3829745650291443
1626.3000000000002,0.3859805762767792
1626.4,0.3827655613422394
1626.5,0.3895546495914459
1626.6000000000001,0.38153350353240967
1626.7,0.38331273198127747
1626.8000000000002,0.3871981203556061
1626.9,0.38680708408355713
1627.0,0.38946405053138733
1627.1000000000001,0.388010174036026
1627.2,0.38577309250831604
1627.3000000000002,0.38293153047561646
1627.4,0.3801341950893402
1627.5,0.38894563913345337
1627.6000000000001,0.3867073953151703
1627.7,0.38528382778167725
1627.8000000000002,0.388478547334671
1627.9,0.3913472294807434
1628.0,0.39332515001296997
1628.1000000000001,0.38451245427131653
1628.2,0.3845812678337097
1628.3000000000002,0.3841748535633087
1628.4,0.3853786289691925
1628.5,0.37652090191841125
1628.6000000000001,0.3908739686012268
1628.7,0.3784758150577545
1628.8000000000002,0.3878956735134125
1628.9,0.3838076889514923
1629.0,0.389064222574234
1629.1000000000001,0.3787786364555359
1629.2,0.39320996403694153
1629.3000000000002,0.390735924243927
1629.4,0.38710665702819824
1629.5,0.3885829746723175
1629.6000000000001,0.39575642347335815
1629.7,0.3837575614452362
1629.8000000000002,0.385404109954834
1629.9,0.38500404357910156
1630.0,0.38786566257476807
1630.1000000000001,0.3834124207496643
1630.2,0.3804328739643097
1630.3000000000002,0.3844035565853119
1630.4,0.3789110481739044
1630.5,0.38547977805137634
1630.6000000000001,0.3839511275291443
1630.7,0.376983106136322
1630.8000000000002,0.38727912306785583
1630.9,0.38586103916168213
1631.0,0.37937554717063904
1631.1000000000001,0.3814338147640228
1631.2,0.3827570080757141
1631.3000000000002,0.3941638171672821
1631.4,0.3794882297515869
1631.5,0.3815838098526001
1631.6000000000001,0.3838401436805725
1631.7,0.3878360390663147
1631.8000000000002,0.3798513412475586
1631.9,0.3888207674026489
1632.0,0.3848871886730194
1632.1000000000001,0.38967180252075195
1632.2,0.3878462612628937
1632.3000000000002,0.38851866126060486
1632.4,0.383804053068161
1632.5,0.3724574148654938
1632.6000000000001,0.3761439323425293
1632.7,0.3802057206630707
1632.8000000000002,0.38538938760757446
1632.9,0.38351279497146606
1633.0,0.3861525356769562
1633.1000000000001,0.38419589400291443
1633.2,0.37157076597213745
1633.3000000000002,0.3864748179912567
1633.4,0.3831057846546173
1633.5,0.37829673290252686
1633.6000000000001,0.38866549730300903
1633.7,0.389752060174942
1633.8000000000002,0.38628730177879333
1633.9,0.38409289717674255
1634.0,0.38490021228790283
1634.1000000000001,0.38731181621551514
1634.2,0.3833746016025543
1634.3000000000002,0.3858416676521301
1634.4,0.3830813765525818
1634.5,0.3847670555114746
1634.6000000000001,0.38794198632240295
1634.7,0.38434305787086487
1634.8000000000002,0.39440542459487915
1634.9,0.3873148262500763
1635.0,0.3841540813446045
1635.1000000000001,0.3857305943965912
1635.2,0.38698750734329224
1635.3000000000002,0.3834167420864105
1635.4,0.3891235291957855
1635.5,0.38827815651893616
1635.6000000000001,0.3868746757507324
1635.7,0.385904997587204
1635.8000000000002,0.37851783633232117
1635.9,0.3879396617412567
1636.0,0.3773321211338043
1636.1000000000001,0.3793889582157135
1636.2,0.37487223744392395
1636.3000000000002,0.3910454213619232
1636.4,0.38648274540901184
1636.5,0.3866179883480072
1636.6000000000001,0.39094045758247375
1636.7,0.3905048966407776
1636.8000000000002,0.3718007504940033
1636.9,0.3812829256057739
1637.0,0.38210004568099976
1637.1000000000001,0.3936779797077179
1637.2,0.38619187474250793
1637.3000000000002,0.37242183089256287
1637.4,0.38337504863739014
1637.5,0.38001883029937744
1637.6000000000001,0.38878747820854187
1637.7,0.37346580624580383
1637.8000000000002,0.38313716650009155
1637.9,0.38212600350379944
1638.0,0.37655630707740784
1638.1000000000001,0.3796760141849518
1638.2,0.3811050355434418
1638.3000000000002,0.3819640576839447
1638.4,0.38427305221557617
1638.5,0.3869835436344147
1638.5,0.38078296184539795
1638.7,0.3799494802951813
1638.8000000000002,0.3880675435066223
1638.9,0.3855319619178772
1639.0,0.38793694972991943
1639.1000000000001,0.3898005485534668
1639.2,0.38226306438446045
1639.3000000000002,0.3686715364456177
1639.4,0.38858476281166077
1639.5,0.38327452540397644
1639.6000000000001,0.38313454389572144
1639.7,0.3832051753997803
1639.8000000000002,0.39123982191085815
1639.9,0.38633522391319275
1640.0,0.38779404759407043
1640.1000000000001,0.37789633870124817
1640.2,0.388410359621048
1640.3000000000002,0.39246758818626404
1640.4,0.3743189871311188
1640.5,0.3854900300502777
1640.6000000000001,0.3818168640136719
1640.7,0.3892480432987213
1640.8000000000002,0.38856592774391174
1640.9,0.38233238458633423
1641.0,0.37597134709358215
1641.1000000000001,0.3838801681995392
1641.2,0.3802313506603241
1641.3000000000002,0.3890154957771301
1641.4,0.38459399342536926
1641.5,0.37587958574295044
1641.6000000000001,0.3855820596218109
1641.7,0.3747765123844147
1641.8000000000002,0.38387390971183777
1641.9,0.3858879506587982
1642.0,0.37991780042648315
1642.1000000000001,0.38833585381507874
1642.2,0.3847581744194031
1642.3000000000002,0.3861508071422577
1642.4,0.3770575225353241
1642.5,0.3768094480037689
1642.6000000000001,0.3849482536315918
1642.7,0.38198229670524597
1642.8000000000002,0.37713462114334106
1642.9,0.3787875473499298
1643.0,0.3834564983844757
1643.1000000000001,0.38846325874328613
1643.2,0.3807886838912964
1643.3000000000002,0.38518470525741577
1643.4,0.3877413868904114
1643.5,0.37886837124824524
1643.6000000000001,0.3869183659553528
1643.7,0.38718023896217346
1643.8000000000002,0.3827771544456482
1643.9,0.38055434823036194
1644.0,0.39094504714012146
1644.1000000000001,0.38468438386917114
1644.2,0.3752279579639435
1644.3000000000002,0.38221439719200134
1644.4,0.386845201253891
1644.5,0.3911302089691162
1644.6000000000001,0.38206976652145386
1644.7,0.37826430797576904
1644.8000000000002,0.38975921273231506
1644.9,0.3899611830711365
1645.0,0.38487207889556885
1645.1000000000001,0.3812832236289978
1645.2,0.3833307921886444
1645.3000000000002,0.38303110003471375
1645.4,0.3781619668006897
1645.5,0.3812646269798279
1645.6000000000001,0.3829204738140106
1645.7,0.3829818665981293
1645.8000000000002,0.3856968581676483
1645.9,0.3905915915966034
1646.0,0.37740808725357056
1646.1000000000001,0.3903697729110718
1646.2,0.3795866370201111
1646.3000000000002,0.3854978680610657
1646.4,0.3881949484348297
1646.5,0.3901482820510864
1646.6000000000001,0.3857601583003998
1646.7,0.3845394253730774
1646.8000000000002,0.3829178214073181
1646.9,0.3799792230129242
1647.0,0.37549009919166565
1647.1000000000001,0.3742848336696625
1647.2,0.3888714015483856
1647.3000000000002,0.38420426845550537
1647.4,0.39178913831710815
1647.5,0.3795032799243927
1647.6000000000001,0.37738820910453796
1647.7,0.38403505086898804
1647.8000000000002,0.38236501812934875
1647.9,0.3824178874492645
1648.0,0.3840092420578003
1648.1000000000001,0.39147377014160156
1648.2,0.3750464916229248
1648.3000000000002,0.3820241391658783
1648.4,0.37466856837272644
1648.5,0.3813976049423218
1648.6000000000001,0.3730629086494446
1648.7,0.3825395405292511
1648.8000000000002,0.39199763536453247
1648.9,0.3823320269584656
1649.0,0.3792501389980316
1649.1000000000001,0.38495922088623047
1649.2,0.3852568566799164
1649.3000000000002,0.38276776671409607
1649.4,0.3741728663444519
1649.5,0.38570863008499146
1649.6000000000001,0.3850972354412079
1649.7,0.3881251811981201
1649.8000000000002,0.3791486620903015
1649.9,0.3851192593574524
1650.0,0.3815240263938904
1650.1000000000001,0.3839660882949829
1650.2,0.393121600151062
1650.3000000000002,0.39082789421081543
1650.4,0.38308271765708923
1650.5,0.38061466813087463
1650.6000000000001,0.3789803981781006
1650.7,0.3743099868297577
1650.8000000000002,0.37343576550483704
1650.9,0.3808140456676483
1651.0,0.3852494955062866
1651.1000000000001,0.3815361261367798
1651.2,0.3887340724468231
1651.3000000000002,0.3777758777141571
1651.4,0.37665536999702454
1651.5,0.3839053213596344
1651.6000000000001,0.3855869174003601
1651.7,0.38703304529190063
1651.8000000000002,0.38304534554481506
1651.9,0.3829849362373352
1652.0,0.3737279772758484
1652.1000000000001,0.381925493478775
1652.2,0.3719373345375061
1652.3000000000002,0.3877441883087158
1652.4,0.37249982357025146
1652.5,0.38396140933036804
1652.6000000000001,0.38446688652038574
1652.7,0.3857588768005371
1652.8000000000002,0.3804168105125427
1652.9,0.3810787796974182
1653.0,0.38195517659187317
1653.1000000000001,0.38868045806884766
1653.2,0.381071537733078
1653.3000000000002,0.3848518133163452
1653.4,0.37107568979263306
1653.5,0.38623541593551636
1653.6000000000001,0.3799807131290436
1653.7,0.3876258134841919
1653.8000000000002,0.3751569092273712
1653.9,0.38475656509399414
1654.0,0.3838026523590088
1654.1000000000001,0.37416377663612366
1654.2,0.3828318417072296
1654.3000000000002,0.38774538040161133
1654.4,0.3809082508087158
1654.5,0.36684826016426086
1654.6000000000001,0.3828788697719574
1654.7,0.38227900862693787
1654.8000000000002,0.38130125403404236
1654.9,0.38307124376296997
1655.0,0.3833064138889313
1655.1000000000001,0.37929823994636536
1655.2,0.37989571690559387
1655.3000000000002,0.378146231174469
1655.4,0.3803664445877075
1655.5,0.37995824217796326
1655.6000000000001,0.38683629035949707
1655.7,0.38484564423561096
1655.8000000000002,0.37181827425956726
1655.9,0.3803941011428833
1656.0,0.38485491275787354
1656.1000000000001,0.3746429681777954
1656.2,0.3840413987636566
1656.3000000000002,0.38250789046287537
1656.4,0.3618675470352173
1656.5,0.3878728151321411
1656.6000000000001,0.3815731406211853
1656.7,0.3755475580692291
1656.8000000000002,0.3742252588272095
1656.9,0.381732702255249
1657.0,0.3729342520236969
1657.1000000000001,0.3861992657184601
1657.2,0.3855678141117096
1657.3000000000002,0.37764573097229004
1657.4,0.37646862864494324
1657.5,0.37996119260787964
1657.6000000000001,0.38740429282188416
1657.7,0.3785887062549591
1657.8000000000002,0.3857976198196411
1657.9,0.38780447840690613
1658.0,0.37957122921943665
1658.1000000000001,0.3586340844631195
1658.2,0.3819400668144226
1658.3000000000002,0.3812577426433563
1658.4,0.38498297333717346
1658.5,0.3811993896961212
1658.6000000000001,0.3757938742637634
1658.7,0.3805873692035675
1658.8000000000002,0.3844330310821533
1658.9,0.379124253988266
1659.0,0.380311518907547
1659.1000000000001,0.3713633716106415
1659.2,0.3823188543319702
1659.3000000000002,0.3735804855823517
1659.4,0.3789774775505066
1659.5,0.38394561409950256
1659.6000000000001,0.36941710114479065
1659.7,0.3730109632015228
1659.8000000000002,0.3808133006095886
1659.9,0.38423964381217957
1660.0,0.3843638002872467
1660.1000000000001,0.3791040778160095
1660.2,0.37980887293815613
1660.3000000000002,0.3723713457584381
1660.4,0.3778548240661621
1660.5,0.37772321701049805
1660.6000000000001,0.3796756863594055
1660.7,0.37895265221595764
1660.8000000000002,0.37291058897972107
1660.9,0.38050124049186707
1661.0,0.37935811281204224
1661.1000000000001,0.3837534487247467
1661.2,0.37370720505714417
1661.3000000000002,0.3832601010799408
1661.4,0.38396069407463074
1661.5,0.3822483718395233
1661.6000000000001,0.38240671157836914
1661.7,0.3731729984283447
1661.8000000000002,0.37900546193122864
1661.9,0.3835195004940033
1662.0,0.3717583119869232
1662.1000000000001,0.3854370713233948
1662.2,0.38025423884391785
1662.3000000000002,0.37513068318367004
1662.4,0.38299310207366943
1662.5,0.37296828627586365
1662.6000000000001,0.3752923607826233
1662.7,0.37210774421691895
1662.8000000000002,0.37664321064949036
1662.9,0.3793102204799652
1663.0,0.38178205490112305
1663.1000000000001,0.37790122628211975
1663.2,0.37483540177345276
1663.3000000000002,0.3763154149055481
1663.4,0.38137900829315186
1663.5,0.3827704191207886
1663.6000000000001,0.38004788756370544
1663.7,0.37688615918159485
1663.8000000000002,0.37775763869285583
1663.9,0.3710538446903229
1664.0,0.37689009308815
1664.1000000000001,0.37984520196914673
1664.2,0.3824641704559326
1664.3000000000002,0.38175690174102783
1664.4,0.3824615478515625
1664.5,0.3804687559604645
1664.6000000000001,0.37920987606048584
1664.7,0.3774508535861969
1664.8000000000002,0.36711159348487854
1664.9,0.3699255883693695
1665.0,0.36791226267814636
1665.1000000000001,0.37017765641212463
1665.2,0.3757829964160919
1665.3000000000002,0.37414392828941345
1665.4,0.37698933482170105
1665.5,0.38409897685050964
1665.6000000000001,0.37228065729141235
1665.7,0.3843251168727875
1665.8000000000002,0.37366044521331787
1665.9,0.3822890520095825
1666.0,0.3792782127857208
1666.1000000000001,0.37885263562202454
1666.2,0.37518182396888733
1666.3000000000002,0.37868109345436096
1666.4,0.37949469685554504
1666.5,0.3820660412311554
1666.6000000000001,0.37685829401016235
1666.7,0.3575427532196045
1666.8000000000002,0.3783893585205078
1666.9,0.3812132179737091
1667.0,0.3743787407875061
1667.1000000000001,0.3671441078186035
1667.2,0.3801954388618469
1667.3000000000002,0.38397589325904846
1667.4,0.37695997953414917
1667.5,0.3807181119918823
1667.6000000000001,0.3784037232398987
1667.7,0.37898480892181396
1667.8000000000002,0.37690895795822144
1667.9,0.38275712728500366
1668.0,0.3822772800922394
1668.1000000000001,0.3843594491481781
1668.2,0.3697037696838379
1668.3000000000002,0.3819877803325653
1668.4,0.38301753997802734
1668.5,0.38097241520881653
1668.6000000000001,0.3697125315666199
1668.7,0.3698022663593292
1668.8000000000002,0.38253504037857056
1668.9,0.3732376992702484
1669.0,0.3675157129764557
1669.1000000000001,0.3735659122467041
1669.2,0.36272016167640686
1669.3000000000002,0.37363940477371216
1669.4,0.3688834607601166
1669.5,0.35831165313720703
1669.6000000000001,0.3816741406917572
1669.7,0.38112762570381165
1669.8000000000002,0.3710712194442749
1669.9,0.36719900369644165
1670.0,0.36478689312934875
1670.1000000000001,0.37634140253067017
1670.2,0.3752974271774292
1670.3000000000002,0.3715505301952362
1670.4,0.3654705882072449
1670.5,0.3748188018798828
1670.6000000000001,0.3631322383880615
1670.7,0.37827152013778687
1670.8000000000002,0.37597694993019104
1670.9,0.3710525333881378
1671.0,0.37502235174179077
1671.1000000000001,0.3730798661708832
1671.2,0.3747188448905945
1671.3000000000002,0.37306398153305054
1671.4,0.3695686161518097
1671.5,0.37328025698661804
1671.6000000000001,0.3775816559791565
1671.7,0.3666565716266632
1671.8000000000002,0.38051638007164
1671.9,0.37459343671798706
1672.0,0.37625670433044434
1672.1000000000001,0.3711569905281067
1672.2,0.37056297063827515
1672.3000000000002,0.37200218439102173
1672.4,0.3677412271499634
1672.5,0.3735707998275757
1672.6000000000001,0.3762308955192566
1672.7,0.369478315114975
1672.8000000000002,0.3770173192024231
1672.9,0.37731584906578064
1673.0,0.37728703022003174
1673.1000000000001,0.3673803210258484
1673.2,0.3667760491371155
1673.3000000000002,0.37719616293907166
1673.4,0.3700169324874878
1673.5,0.36953863501548767
1673.6000000000001,0.37624257802963257
1673.7,0.3604139983654022
1673.8000000000002,0.3809630870819092
1673.9,0.3802715837955475
1674.0,0.36186355352401733
1674.1000000000001,0.3771301209926605
1674.2,0.3709433674812317
1674.3000000000002,0.36801600456237793
1674.4,0.3764968812465668
1674.5,0.366132915019989
1674.6000000000001,0.36871999502182007
1674.7,0.3790852725505829
1674.8000000000002,0.3685145080089569
1674.9,0.36784064769744873
1675.0,0.372540146112442
1675.1000000000001,0.3751963675022125
1675.2,0.3735252916812897
1675.3000000000002,0.3649357557296753
1675.4,0.36939704418182373
1675.5,0.3726973831653595
1675.6000000000001,0.36430779099464417
1675.7,0.36765655875205994
1675.8000000000002,0.3691813349723816
1675.9,0.3688064515590668
1676.0,0.35215675830841064
1676.1000000000001,0.37401649355888367
1676.2,0.3785613775253296
1676.3000000000002,0.3742816746234894
1676.4,0.37280604243278503
1676.5,0.36158695816993713
1676.6000000000001,0.3695511817932129
1676.7,0.37271347641944885
1676.8000000000002,0.3734728693962097
1676.9,0.3652169704437256
1677.0,0.36859068274497986
1677.1000000000001,0.3741626441478729
1677.2,0.36917227506637573
1677.3000000000002,0.3682907819747925
1677.4,0.3743082582950592
1677.5,0.3750652074813843
1677.6000000000001,0.37007924914360046
1677.7,0.36832183599472046
1677.8000000000002,0.360319048166275
1677.9,0.36299213767051697
1678.0,0.3681131899356842
1678.1000000000001,0.36403998732566833
1678.2,0.3701212406158447
1678.3000000000002,0.3731986880302429
1678.4,0.36615681648254395
1678.5,0.37655624747276306
1678.6000000000001,0.37117525935173035
1678.7,0.3729252219200134
1678.8000000000002,0.36199092864990234
1678.9,0.3701137602329254
1679.0,0.3662813901901245
1679.1000000000001,0.35720646381378174
1679.2,0.3727610409259796
1679.3000000000002,0.3684837520122528
1679.4,0.35932445526123047
1679.5,0.3613772392272949
1679.6000000000001,0.3765886723995209
1679.7,0.3660034239292145
1679.8000000000002,0.3710038363933563
1679.9,0.36632809042930603
1680.0,0.36641204357147217
1680.1000000000001,0.36984583735466003
1680.2,0.3644241392612457
1680.3000000000002,0.3597625195980072
1680.4,0.36644431948661804
1680.5,0.3676954209804535
1680.6000000000001,0.3678312301635742
1680.7,0.36872750520706177
1680.8000000000002,0.3638657033443451
1680.9,0.37259697914123535
1681.0,0.37149402499198914
1681.1000000000001,0.3677249550819397
1681.2,0.3691360056400299
1681.3000000000002,0.37421151995658875
1681.4,0.3644348382949829
1681.5,0.37530943751335144
1681.6000000000001,0.364951491355896
1681.7,0.3733566403388977
1681.8000000000002,0.3656916916370392
1681.9,0.36313074827194214
1682.0,0.3598242402076721
1682.1000000000001,0.36851853132247925
1682.2,0.3701360523700714
1682.3000000000002,0.37056776881217957
1682.4,0.366349995136261
1682.5,0.37069520354270935
1682.6000000000001,0.3571142852306366
1682.7,0.3704754412174225
1682.8000000000002,0.3619104027748108
1682.9,0.37346234917640686
1683.0,0.35958418250083923
1683.1000000000001,0.3591909110546112
1683.2,0.3667691946029663
1683.3000000000002,0.3754066526889801
1683.4,0.37318190932273865
1683.5,0.3613694906234741
1683.6000000000001,0.3622981011867523
1683.7,0.36787211894989014
1683.8000000000002,0.36252984404563904
1683.9,0.3637847304344177
1684.0,0.366512268781662
1684.1000000000001,0.35840171575546265
1684.2,0.3633027970790863
1684.3000000000002,0.36423730850219727
1684.4,0.3654482364654541
1684.5,0.36270368099212646
1684.6000000000001,0.36311912536621094
1684.7,0.35499998927116394
1684.8000000000002,0.3496556580066681
1684.9,0.3592657446861267
1685.0,0.37287071347236633
1685.1000000000001,0.3651500642299652
1685.2,0.37047845125198364
1685.3000000000002,0.36563390493392944
1685.4,0.35557273030281067
1685.5,0.37648019194602966
1685.6000000000001,0.36354130506515503
1685.7,0.3673543930053711
1685.8000000000002,0.36617621779441833
1685.9,0.36633801460266113
1686.0,0.35243311524391174
1686.1000000000001,0.3642103970050812
1686.2,0.36386698484420776
1686.3000000000002,0.363383412361145
1686.4,0.36553898453712463
1686.5,0.36503514647483826
1686.6000000000001,0.36479875445365906
1686.7,0.36509981751441956
1686.8000000000002,0.3616274297237396
1686.9,0.359952837228775
1687.0,0.3583151400089264
1687.1000000000001,0.3614446520805359
1687.2,0.35016298294067383
1687.3000000000002,0.3614499568939209
1687.4,0.3686460554599762
1687.5,0.35771438479423523
1687.6000000000001,0.3773294985294342
1687.7,0.36440595984458923
1687.8000000000002,0.36408141255378723
1687.9,0.3644871711730957
1688.0,0.36178869009017944
1688.1000000000001,0.3654669523239136
1688.2,0.3580568730831146
1688.3000000000002,0.3670888841152191
1688.4,0.36459511518478394
1688.5,0.35820597410202026
1688.6000000000001,0.36178845167160034
1688.7,0.3611745536327362
1688.8000000000002,0.35956886410713196
1688.9,0.36988985538482666
1689.0,0.35179656744003296
1689.1000000000001,0.36106714606285095
1689.2,0.3613244295120239
1689.3000000000002,0.3623320758342743
1689.4,0.3436344265937805
1689.5,0.35880476236343384
1689.6000000000001,0.36412474513053894
1689.7,0.35426759719848633
1689.8000000000002,0.3580045998096466
1689.9,0.3657573461532593
1690.0,0.35979029536247253
1690.1000000000001,0.35771700739860535
1690.2,0.3494732677936554
1690.3000000000002,0.3563541769981384
1690.4,0.35541635751724243
1690.5,0.35082346200942993
1690.6000000000001,0.3645707368850708
1690.7,0.35959428548812866
1690.8000000000002,0.3630293011665344
1690.9,0.36316487193107605
1691.0,0.36027780175209045
1691.1000000000001,0.3590655028820038
1691.2,0.35927024483680725
1691.3000000000002,0.3538719713687897
1691.4,0.35604050755500793
1691.5,0.3549834191799164
1691.6000000000001,0.3674710988998413
1691.7,0.3658790588378906
1691.8000000000002,0.3583057224750519
1691.9,0.3505096137523651
1692.0,0.36055809259414673
1692.1000000000001,0.34836116433143616
1692.2,0.3630504012107849
1692.3000000000002,0.36711186170578003
1692.4,0.35893160104751587
1692.5,0.35997551679611206
1692.6000000000001,0.3630672097206116
1692.7,0.3541296422481537
1692.8000000000002,0.35608258843421936
1692.9,0.35859355330467224
1693.0,0.3600868880748749
1693.1000000000001,0.35290342569351196
1693.2,0.3585313856601715
1693.3000000000002,0.361884742975235
1693.4,0.3552406430244446
1693.5,0.3603186309337616
1693.6000000000001,0.3544057011604309
1693.7,0.3610798716545105
1693.8000000000002,0.3555225133895874
1693.9,0.3492293357849121
1694.0,0.3617773950099945
1694.1000000000001,0.35381609201431274
1694.2,0.36551451683044434
1694.3000000000002,0.36175209283828735
1694.4,0.35871198773384094
1694.5,0.35887375473976135
1694.6000000000001,0.36005279421806335
1694.7,0.35807591676712036
1694.8000000000002,0.35990095138549805
1694.9,0.35495176911354065
1695.0,0.357279509305954
1695.1000000000001,0.3485512435436249
1695.2,0.3561031222343445
1695.3000000000002,0.3497115969657898
1695.4,0.3593027591705322
1695.5,0.34747329354286194
1695.6000000000001,0.356376588344574
1695.7,0.34879279136657715
1695.8000000000002,0.35645875334739685
1695.9,0.3610844612121582
1696.0,0.35711172223091125
1696.1000000000001,0.35606876015663147
1696.2,0.36119526624679565
1696.3000000000002,0.3563692569732666
1696.4,0.3583468496799469
1696.5,0.3579561710357666
1696.6000000000001,0.3546036183834076
1696.7,0.3645692467689514
1696.8000000000002,0.3525305986404419
1696.9,0.34859833121299744
1697.0,0.3553045094013214
1697.1000000000001,0.3477226793766022
1697.2,0.34662413597106934
1697.3000000000002,0.36092326045036316
1697.4,0.35201770067214966
1697.5,0.3516555726528168
1697.6000000000001,0.34709295630455017
1697.7,0.350786030292511
1697.8000000000002,0.3550242781639099
1697.9,0.35172927379608154
1698.0,0.35530397295951843
1698.1000000000001,0.3538152873516083
1698.2,0.34607818722724915
1698.3000000000002,0.3627750873565674
1698.4,0.3556153178215027
1698.5,0.3505450487136841
1698.6000000000001,0.34834185242652893
1698.7,0.3540958762168884
1698.8000000000002,0.36425402760505676
1698.9,0.3469896912574768
1699.0,0.3526883125305176
1699.1000000000001,0.3509202301502228
1699.2,0.3589385747909546
1699.3000000000002,0.35456377267837524
1699.4,0.3580130636692047
1699.5,0.3529312014579773
1699.6000000000001,0.3572632670402527
1699.7,0.3519441783428192
1699.8000000000002,0.35284459590911865
1699.9,0.35891470313072205
1700.0,0.3558427393436432
1700.1000000000001,0.35446715354919434
1700.2,0.33996349573135376
1700.3000000000002,0.35607782006263733
1700.4,0.3499627411365509
1700.5,0.3530413806438446
1700.6000000000001,0.3476446270942688
1700.7,0.34045204520225525
1700.8000000000002,0.3428901433944702
1700.9,0.3451731204986572
1701.0,0.35072681307792664
1701.1000000000001,0.3475145399570465
1701.2,0.35496315360069275
1701.3000000000002,0.34917157888412476
1701.4,0.34034180641174316
1701.5,0.3450769782066345
1701.6000000000001,0.3453589081764221
1701.7,0.3483579754829407
1701.8000000000002,0.35123804211616516
1701.9,0.34678974747657776
1702.0,0.3476424217224121
1702.1000000000001,0.357583612203598
1702.2,0.3392876982688904
1702.3000000000002,0.346704363822937
1702.4,0.35091304779052734
1702.5,0.34437108039855957
1702.6000000000001,0.3489985764026642
1702.7,0.35705623030662537
1702.8000000000002,0.34346306324005127
1702.9,0.3494453430175781
1703.0,0.3440786600112915
1703.1000000000001,0.3513922095298767
1703.2,0.34858396649360657
1703.3000000000002,0.353349894285202
1703.4,0.35004693269729614
1703.5,0.3556138873100281
1703.6000000000001,0.3504217267036438
1703.7,0.35683202743530273
1703.8000000000002,0.34781011939048767
1703.9,0.35200047492980957
1704.0,0.35449329018592834
1704.1000000000001,0.3466651737689972
1704.2,0.3513301908969879
1704.3000000000002,0.3505541980266571
1704.4,0.3479771018028259
1704.5,0.34330570697784424
1704.6000000000001,0.3437391221523285
1704.7,0.33609235286712646
1704.8000000000002,0.34738919138908386
1704.9,0.3380191922187805
1705.0,0.3376656472682953
1705.1000000000001,0.3553004562854767
1705.2,0.3581220507621765
1705.3000000000002,0.3506247401237488
1705.4,0.35744568705558777
1705.5,0.34333622455596924
1705.6000000000001,0.3549692630767822
1705.7,0.3424108624458313
1705.8000000000002,0.3472197651863098
1705.9,0.3518753945827484
1706.0,0.3482908010482788
1706.1000000000001,0.338996022939682
1706.2,0.3429259955883026
1706.3000000000002,0.33727791905403137
1706.4,0.3374241292476654
1706.5,0.3486410975456238
1706.6000000000001,0.3472203016281128
1706.7,0.3469548225402832
1706.8000000000002,0.34088560938835144
1706.9,0.3414357006549835
1707.0,0.35105130076408386
1707.1000000000001,0.3376806080341339
1707.2,0.33687350153923035
1707.3000000000002,0.34579673409461975
1707.4,0.3413485586643219
1707.5,0.34778884053230286
1707.6000000000001,0.3359209895133972
1707.7,0.34863466024398804
1707.8000000000002,0.3385245203971863
1707.9,0.3403542637825012
1708.0,0.343156635761261
1708.1000000000001,0.34789347648620605
1708.2,0.3533000648021698
1708.3000000000002,0.34611767530441284
1708.4,0.34028682112693787
1708.5,0.3392811119556427
1708.6000000000001,0.3413827419281006
1708.7,0.3418266773223877
1708.8000000000002,0.3514496982097626
1708.9,0.3455091416835785
1709.0,0.34027528762817383
1709.1000000000001,0.3376000225543976
1709.2,0.349746972322464
1709.3000000000002,0.3402264714241028
1709.4,0.3403173089027405
1709.5,0.3452424108982086
1709.6000000000001,0.33924856781959534
1709.7,0.3481132686138153
1709.8000000000002,0.34524714946746826
1709.9,0.34507960081100464
1710.0,0.3452674150466919
1710.1000000000001,0.34902364015579224
1710.2,0.34383425116539
1710.3000000000002,0.33850544691085815
1710.4,0.3375650942325592
1710.5,0.34832948446273804
1710.6000000000001,0.35125789046287537
1710.7,0.3485742509365082
1710.8000000000002,0.34699296951293945
1710.9,0.33965685963630676
1711.0,0.34556087851524353
1711.1000000000001,0.3455366790294647
1711.2,0.3472205400466919
1711.3000000000002,0.340046763420105
1711.4,0.34133175015449524
1711.5,0.33657416701316833
1711.6000000000001,0.34081438183784485
1711.7,0.3364773392677307
1711.8000000000002,0.3363301157951355
1711.9,0.34895408153533936
1712.0,0.34302908182144165
1712.1000000000001,0.3357694745063782
1712.2,0.3470083475112915
1712.3000000000002,0.3277055025100708
1712.4,0.3384026288986206
1712.5,0.33882713317871094
1712.6000000000001,0.34544262290000916
1712.7,0.34339141845703125
1712.8000000000002,0.332766592502594
1712.9,0.3408981263637543
1713.0,0.3370222747325897
1713.1000000000001,0.33983415365219116
1713.2,0.3390728235244751
1713.3000000000002,0.3460865318775177
1713.4,0.3391517102718353
1713.5,0.34188616275787354
1713.6000000000001,0.3470797538757324
1713.7,0.34012115001678467
1713.8000000000002,0.3354152739048004
1713.9,0.34267470240592957
1714.0,0.34435874223709106
1714.1000000000001,0.33406370878219604
1714.2,0.32757940888404846
1714.3000000000002,0.33848991990089417
1714.4,0.3309022784233093
1714.5,0.33750754594802856
1714.6000000000001,0.3388155400753021
1714.7,0.342716783285141
1714.8000000000002,0.3244902491569519
1714.9,0.3346535563468933
1715.0,0.34523558616638184
1715.1000000000001,0.33451908826828003
1715.2,0.3427758812904358
1715.3000000000002,0.34618687629699707
1715.4,0.3382912278175354
1715.5,0.33449646830558777
1715.6000000000001,0.33232995867729187
1715.7,0.3413832485675812
1715.8000000000002,0.3418106436729431
1715.9,0.34463369846343994
1716.0,0.32455146312713623
1716.1000000000001,0.33991721272468567
1716.2,0.33700376749038696
1716.3000000000002,0.3392356038093567
1716.4,0.3366315960884094
1716.5,0.345592737197876
1716.6000000000001,0.3312496244907379
1716.7,0.3353273272514343
1716.8000000000002,0.33605867624282837
1716.9,0.3273663818836212
1717.0,0.3431411385536194
1717.1000000000001,0.33812835812568665
1717.2,0.34070849418640137
1717.3000000000002,0.3330730199813843
1717.4,0.3374340832233429
1717.5,0.34216874837875366
1717.6000000000001,0.33676889538764954
1717.7,0.33302295207977295
1717.8000000000002,0.3278391361236572
1717.9,0.34094494581222534
1718.0,0.3333568274974823
1718.1000000000001,0.3397699296474457
1718.2,0.3268495798110962
1718.3000000000002,0.3317408263683319
1718.4,0.3299098312854767
1718.5,0.33701592683792114
1718.6000000000001,0.3372625708580017
1718.7,0.33542272448539734
1718.8000000000002,0.32860317826271057
1718.9,0.32734018564224243
1719.0,0.33690282702445984
1719.1000000000001,0.33160290122032166
1719.2,0.335232675075531
1719.3000000000002,0.3330429792404175
1719.4,0.3326658308506012
1719.5,0.33171921968460083
1719.6000000000001,0.32588285207748413
1719.7,0.3289158344268799
1719.8000000000002,0.337939977645874
1719.9,0.3341798782348633
1720.0,0.33648842573165894
1720.1000000000001,0.3281174302101135
1720.2,0.3396122455596924
1720.3000000000002,0.33832764625549316
1720.4,0.3342547118663788
1720.5,0.33380579948425293
1720.6000000000001,0.3220234811306
1720.7,0.32524749636650085
1720.8000000000002,0.33650434017181396
1720.9,0.3342569172382355
1721.0,0.3347298800945282
1721.1000000000001,0.318483829498291
1721.2,0.3335726857185364
1721.3000000000002,0.3362833559513092
1721.4,0.3277932405471802
1721.5,0.3378578722476959
1721.6000000000001,0.3266245722770691
1721.7,0.3376859128475189
1721.8000000000002,0.3321997821331024
1721.9,0.33990582823753357
1722.0,0.3373452126979828
1722.1000000000001,0.3386794626712799
1722.2,0.33336523175239563
1722.3000000000002,0.3331540524959564
1722.4,0.32789531350135803
1722.5,0.33493557572364807
1722.6000000000001,0.3262843191623688
1722.7,0.32567012310028076
1722.8000000000002,0.339932382106781
1722.9,0.3295559287071228
1723.0,0.330779492855072
1723.1000000000001,0.33189165592193604
1723.2,0.3300166428089142
1723.3000000000002,0.339534729719162
1723.4,0.33338284492492676
1723.5,0.3307168185710907
1723.6000000000001,0.33862972259521484
1723.7,0.3268001675605774
1723.8000000000002,0.32720232009887695
1723.9,0.32778722047805786
1724.0,0.33116650581359863
1724.1000000000001,0.33739975094795227
1724.2,0.3353748321533203
1724.3000000000002,0.3370445668697357
1724.4,0.3285527229309082
1724.5,0.33698156476020813
1724.6000000000001,0.33447039127349854
1724.7,0.3314696252346039
1724.8000000000002,0.3247098922729492
1724.9,0.3282739222049713
1725.0,0.33251142501831055
1725.1000000000001,0.33484968543052673
1725.2,0.3386637270450592
1725.3000000000002,0.3341381549835205
1725.4,0.32871028780937195
1725.5,0.33433032035827637
1725.6000000000001,0.33614665269851685
1725.7,0.33871689438819885
1725.8000000000002,0.3255959153175354
1725.9,0.32399624586105347
1726.0,0.32593095302581787
1726.1000000000001,0.32413631677627563
1726.2,0.3376331329345703
1726.3000000000002,0.33237165212631226
1726.4,0.3358156979084015
1726.5,0.33228251338005066
1726.6000000000001,0.3212479054927826
1726.7,0.3255353271961212
1726.8000000000002,0.3253341019153595
1726.9,0.33048751950263977
1727.0,0.33432134985923767
1727.1000000000001,0.32741251587867737
1727.2,0.32837429642677307
1727.3000000000002,0.33044862747192383
1727.4,0.32217973470687866
1727.5,0.321515828371048
1727.6000000000001,0.32512059807777405
1727.7,0.3314698338508606
1727.8000000000002,0.33010250329971313
1727.9,0.33269357681274414
1728.0,0.3269561529159546
1728.1000000000001,0.33020928502082825
1728.2,0.3215957283973694
1728.3000000000002,0.3262374699115753
1728.4,0.32567742466926575
1728.5,0.326596200466156
1728.6000000000001,0.32731929421424866
1728.7,0.33370229601860046
1728.8000000000002,0.3267585039138794
1728.9,0.32333365082740784
1729.0,0.32459813356399536
1729.1000000000001,0.3233165144920349
1729.2,0.3257735073566437
1729.3000000000002,0.32275861501693726
1729.4,0.3297521471977234
1729.5,0.3266727924346924
1729.6000000000001,0.32013940811157227
1729.7,0.33070293068885803
1729.8000000000002,0.3240022361278534
1729.9,0.33334723114967346
1730.0,0.3302164375782013
1730.1000000000001,0.3177383840084076
1730.2,0.3354473114013672
1730.3000000000002,0.3347533643245697
1730.4,0.3255567252635956
1730.5,0.3230329751968384
1730.6000000000001,0.3248715102672577
1730.7,0.325283944606781
1730.8000000000002,0.3223586082458496
1730.9,0.3288334906101227
1731.0,0.3224923610687256
1731.1000000000001,0.3302430510520935
1731.2,0.3243013322353363
1731.3000000000002,0.32069799304008484
1731.4,0.331997811794281
1731.5,0.30900439620018005
1731.6000000000001,0.32621046900749207
1731.7,0.3224036693572998
1731.8000000000002,0.3247450590133667
1731.9,0.3281027674674988
1732.0,0.32225301861763
1732.1000000000001,0.3295261561870575
1732.2,0.31929510831832886
1732.3000000000002,0.316926509141922
1732.4,0.32801324129104614
1732.5,0.3208487629890442
1732.6000000000001,0.3246554732322693
1732.7,0.3285650312900543
1732.8000000000002,0.32659825682640076
1732.9,0.325620174407959
1733.0,0.31125134229660034
1733.1000000000001,0.3239698112010956
1733.2,0.3238878846168518
1733.3000000000002,0.31934359669685364
1733.4,0.3253813087940216
1733.5,0.3184394836425781
1733.6000000000001,0.32763373851776123
1733.7,0.3184678554534912
1733.8000000000002,0.3151485025882721
1733.9,0.3279946744441986
1734.0,0.32426467537879944
1734.1000000000001,0.3208004832267761
1734.2,0.3218532204627991
1734.3000000000002,0.31946951150894165
1734.4,0.3246305286884308
1734.5,0.3190794587135315
1734.6000000000001,0.32248950004577637
1734.7,0.32541725039482117
1734.8000000000002,0.324106901884079
1734.9,0.32123395800590515
1735.0,0.32280027866363525
1735.1000000000001,0.3207937777042389
1735.2,0.3223394453525543
1735.3000000000002,0.3174406886100769
1735.4,0.31617194414138794
1735.5,0.32231611013412476
1735.6000000000001,0.3237624764442444
1735.7,0.3172259032726288
1735.8000000000002,0.32702040672302246
1735.9,0.32523462176322937
1736.0,0.3230963945388794
1736.1000000000001,0.32889416813850403
1736.2,0.3158921003341675
1736.3000000000002,0.3270655870437622
1736.4,0.32503601908683777
1736.5,0.31987428665161133
1736.6000000000001,0.321820467710495
1736.7,0.3130335509777069
1736.8000000000002,0.3153240382671356
1736.9,0.31149569153785706
1737.0,0.31588998436927795
1737.1000000000001,0.32305097579956055
1737.2,0.32895833253860474
1737.3000000000002,0.3249817490577698
1737.4,0.3187136650085449
1737.5,0.3298138976097107
1737.6000000000001,0.32556864619255066
1737.7,0.31594276428222656
1737.8000000000002,0.31863975524902344
1737.9,0.3114768862724304
1738.0,0.3187928795814514
1738.1000000000001,0.3191177546977997
1738.2,0.3320848047733307
1738.3000000000002,0.32123544812202454
1738.4,0.30459389090538025
1738.5,0.3174104690551758
1738.6000000000001,0.3115817606449127
1738.7,0.3222527503967285
1738.8000000000002,0.31958913803100586
1738.9,0.316508948802948
1739.0,0.3169531226158142
1739.1000000000001,0.31361573934555054
1739.2,0.3192158341407776
1739.3000000000002,0.3184044361114502
1739.4,0.31438708305358887
1739.5,0.3217082619667053
1739.6000000000001,0.31352055072784424
1739.7,0.31892409920692444
1739.8000000000002,0.3263004720211029
1739.9,0.3230590522289276
1740.0,0.32525038719177246
1740.1000000000001,0.31792187690734863
1740.2,0.3178505599498749
1740.3000000000002,0.3168485462665558
1740.4,0.3208006024360657
1740.5,0.31881773471832275
1740.6000000000001,0.31561875343322754
1740.7,0.32445359230041504
1740.8000000000002,0.3199569582939148
1740.9,0.3177281618118286
1741.0,0.314402312040329
1741.1000000000001,0.32558754086494446
1741.2,0.3189789950847626
1741.3000000000002,0.3177577555179596
1741.4,0.31400203704833984
1741.5,0.3213593661785126
1741.6000000000001,0.31334149837493896
1741.7,0.3164902627468109
1741.8000000000002,0.3065205514431
1741.9,0.30152782797813416
1742.0,0.31949687004089355
1742.1000000000001,0.3088422417640686
1742.2,0.3180811405181885
1742.3000000000002,0.3202122449874878
1742.4,0.31960391998291016
1742.5,0.32120010256767273
1742.6000000000001,0.3121906518936157
1742.7,0.3249909579753876
1742.8000000000002,0.3208170533180237
1742.9,0.3197571337223053
1743.0,0.3267368674278259
1743.1000000000001,0.32435983419418335
1743.2,0.32287201285362244
1743.3000000000002,0.3166828155517578
1743.4,0.3145482540130615
1743.5,0.31536075472831726
1743.6000000000001,0.3148806393146515
1743.7,0.3098292946815491
1743.8000000000002,0.30617302656173706
1743.9,0.32399532198905945
1744.0,0.3012053966522217
1744.1000000000001,0.3203086853027344
1744.2,0.3174925744533539
1744.3000000000002,0.3151227533817291
1744.4,0.30347877740859985
1744.5,0.3141634166240692
1744.6000000000001,0.3158717751502991
1744.7,0.3190624713897705
1744.8000000000002,0.3232428729534149
1744.9,0.3256862163543701
1745.0,0.32192230224609375
1745.1000000000001,0.32063913345336914
1745.2,0.3137364387512207
1745.3000000000002,0.3248957395553589
1745.4,0.3140455186367035
1745.5,0.31421422958374023
1745.6000000000001,0.31308287382125854
1745.7,0.30878815054893494
1745.8000000000002,0.31994572281837463
1745.9,0.3198946416378021
1746.0,0.314677894115448
1746.1000000000001,0.3253934681415558
1746.2,0.3168286979198456
1746.3000000000002,0.3137374520301819
1746.4,0.3138507902622223
1746.5,0.31906741857528687
1746.6000000000001,0.31801837682724
1746.7,0.325379341840744
1746.8000000000002,0.3188258409500122
1746.9,0.3028762638568878
1747.0,0.3261493742465973
1747.1000000000001,0.31458526849746704
1747.2,0.32435524463653564
1747.3000000000002,0.3202821910381317
1747.4,0.316415399312973
1747.5,0.3195028007030487
1747.6000000000001,0.3067438006401062
1747.7,0.31537002325057983
1747.8000000000002,0.3228178024291992
1747.9,0.3131966292858124
1748.0,0.31709185242652893
1748.1000000000001,0.31005170941352844
1748.2,0.31104135513305664
1748.3000000000002,0.3203599452972412
1748.4,0.3092059791088104
1748.5,0.31517425179481506
1748.6000000000001,0.3076581358909607
1748.7,0.32195228338241577
1748.8000000000002,0.31707924604415894
1748.9,0.31385576725006104
1749.0,0.3104304373264313
1749.1000000000001,0.3196144700050354
1749.2,0.3203539550304413
1749.3000000000002,0.31464728713035583
1749.4,0.31685805320739746
1749.5,0.3133828938007355
1749.6000000000001,0.32131674885749817
1749.7,0.3137507438659668
1749.8000000000002,0.32167765498161316
1749.9,0.3204231262207031
1750.0,0.31491297483444214
1750.1000000000001,0.31700074672698975
1750.2,0.31806352734565735
1750.3000000000002,0.31698906421661377
1750.4,0.3062131702899933
1750.5,0.3212047815322876
1750.6000000000001,0.31209617853164673
1750.7,0.31386837363243103
1750.8000000000002,0.31926995515823364
1750.9,0.3123787045478821
1751.0,0.311093807220459
1751.1000000000001,0.3200699985027313
1751.2,0.29966220259666443
1751.3000000000002,0.31499040126800537
1751.4,0.3212818205356598
1751.5,0.31371814012527466
1751.6000000000001,0.31982430815696716
1751.7,0.3105519711971283
1751.8000000000002,0.3186856806278229
1751.9,0.3151104152202606
1752.0,0.3209705650806427
1752.1000000000001,0.316776305437088
1752.2,0.3212926983833313
1752.3000000000002,0.32028165459632874
1752.4,0.3140392303466797
1752.5,0.31885063648223877
1752.6000000000001,0.3158107399940491
1752.7,0.3012770712375641
1752.8000000000002,0.309440940618515
1752.9,0.31410831212997437
1753.0,0.31696242094039917
1753.1000000000001,0.3175128996372223
1753.2,0.3105500340461731
1753.3000000000002,0.31566157937049866
1753.4,0.3103026747703552
1753.5,0.30253979563713074
1753.6000000000001,0.3168581426143646
1753.7,0.3229231834411621
1753.8000000000002,0.31067922711372375
1753.9,0.31328749656677246
1754.0,0.3081618845462799
1754.1000000000001,0.3159105181694031
1754.2,0.3125736117362976
1754.3000000000002,0.3156544268131256
1754.4,0.31603363156318665
1754.5,0.31614527106285095
1754.6000000000001,0.30369964241981506
1754.7,0.31991297006607056
1754.8000000000002,0.3132738769054413
1754.9,0.32064834237098694
1755.0,0.31399258971214294
1755.1000000000001,0.3070865571498871
1755.2,0.3187248110771179
1755.3000000000002,0.3190334439277649
1755.4,0.3159192204475403
1755.5,0.32217469811439514
1755.6000000000001,0.3121595084667206
1755.7,0.3098224699497223
1755.8000000000002,0.3220090866088867
1755.9,0.3141443133354187
1756.0,0.3099178075790405
1756.1000000000001,0.317686527967453
1756.2,0.30637145042419434
1756.3000000000002,0.31551656126976013
1756.4,0.31975510716438293
1756.5,0.31110623478889465
1756.6000000000001,0.3195081651210785
1756.7,0.31042441725730896
1756.8000000000002,0.3092319071292877
1756.9,0.3044094145298004
1757.0,0.30515897274017334
1757.1000000000001,0.3222337067127228
1757.2,0.3136806786060333
1757.3000000000002,0.31506773829460144
1757.4,0.3185982406139374
1757.5,0.3036806881427765
1757.6000000000001,0.31925705075263977
1757.7,0.31276971101760864
1757.8000000000002,0.31586089730262756
1757.9,0.31939756870269775
1758.0,0.30002322793006897
1758.1000000000001,0.3171486556529999
1758.2,0.3181496560573578
1758.3000000000002,0.3135625422000885
1758.4,0.312501460313797
1758.5,0.31671351194381714
1758.6000000000001,0.31326884031295776
1758.7,0.31397944688796997
1758.8000000000002,0.3127673268318176
1758.9,0.31505855917930603
1759.0,0.32249486446380615
1759.1000000000001,0.30245348811149597
1759.2,0.3131742477416992
1759.3000000000002,0.3206213414669037
1759.4,0.31520289182662964
1759.5,0.31141775846481323
1759.6000000000001,0.320093035697937
1759.7,0.3101658523082733
1759.8000000000002,0.3079966902732849
1759.9,0.31937918066978455
1760.0,0.31454840302467346
1760.1000000000001,0.3114567697048187
1760.2,0.3144437372684479
1760.3000000000002,0.3002762496471405
1760.4,0.3135627210140228
1760.5,0.30902770161628723
1760.6000000000001,0.3103044629096985
1760.7,0.3133571445941925
1760.8000000000002,0.3219844400882721
1760.9,0.31532037258148193
1761.0,0.30520227551460266
1761.1000000000001,0.31268176436424255
1761.2,0.3110617995262146
1761.3000000000002,0.31489554047584534
1761.4,0.3192254304885864
1761.5,0.31949448585510254
1761.6000000000001,0.3103906810283661
1761.7,0.30838125944137573
1761.8000000000002,0.31304508447647095
1761.9,0.3146682381629944
1762.0,0.3087046146392822
1762.1000000000001,0.30570825934410095
1762.2,0.31557387113571167
1762.3000000000002,0.31770578026771545
1762.4,0.310348242521286
1762.5,0.31279078125953674
1762.6000000000001,0.3091484010219574
1762.7,0.31242260336875916
1762.8000000000002,0.31267452239990234
1762.9,0.31144821643829346
1763.0,0.3143516480922699
1763.1000000000001,0.31214237213134766
1763.2,0.30982986092567444
1763.3000000000002,0.3221171498298645
1763.4,0.30940595269203186
1763.5,0.3130749464035034
1763.6000000000001,0.31266650557518005
1763.7,0.29740601778030396
1763.8000000000002,0.3167038857936859
1763.9,0.31902527809143066
1764.0,0.3163036108016968
1764.1000000000001,0.31136688590049744
1764.2,0.30987638235092163
1764.3000000000002,0.3047173023223877
1764.4,0.31812018156051636
1764.5,0.3125229775905609
1764.6000000000001,0.3109225332736969
1764.7,0.3150140941143036
1764.8000000000002,0.3111589550971985
1764.9,0.311835378408432
1765.0,0.32030513882637024
1765.1000000000001,0.30805855989456177
1765.2,0.3116443157196045
1765.3000000000002,0.3154543340206146
1765.4,0.305193692445755
1765.5,0.30820393562316895
1765.6000000000001,0.3175922930240631
1765.7,0.3103236258029938
1765.8000000000002,0.316236287355423
1765.9,0.31920379400253296
1766.0,0.3184892237186432
1766.1000000000001,0.3139961063861847
1766.2,0.3193674683570862
1766.3000000000002,0.3093153238296509
1766.4,0.31924521923065186
1766.5,0.30466562509536743
1766.6000000000001,0.3120049238204956
1766.7,0.31520912051200867
1766.8000000000002,0.31853601336479187
1766.9,0.31408876180648804
1767.0,0.31331780552864075
1767.1000000000001,0.3086831271648407
1767.2,0.31664949655532837
1767.3000000000002,0.3143041729927063
1767.4,0.31315553188323975
1767.5,0.31312742829322815
1767.6000000000001,0.3056362569332123
1767.7,0.3049691319465637
1767.8000000000002,0.30461838841438293
1767.9,0.30852121114730835
1768.0,0.3159126043319702
1768.1000000000001,0.3117777407169342
1768.2,0.3028958737850189
1768.3000000000002,0.3150750398635864
1768.4,0.3170199692249298
1768.5,0.3021029829978943
1768.6000000000001,0.31868261098861694
1768.7,0.30469071865081787
1768.8000000000002,0.31845206022262573
1768.9,0.3088308274745941
1769.0,0.3117009699344635
1769.1000000000001,0.29871368408203125
1769.2,0.31484490633010864
1769.3000000000002,0.31833183765411377
1769.4,0.30937671661376953
1769.5,0.31193166971206665
1769.6000000000001,0.3058112859725952
1769.7,0.3150409460067749
1769.8000000000002,0.3112083375453949
1769.9,0.30055996775627136
1770.0,0.31665441393852234
1770.1000000000001,0.30401819944381714
1770.2,0.3131139278411865
1770.3000000000002,0.3161693513393402
1770.4,0.31803277134895325
1770.5,0.3115435540676117
1770.6000000000001,0.3142854869365692
1770.7,0.30997151136398315
1770.8000000000002,0.30454933643341064
1770.9,0.3066992163658142
1771.0,0.30809706449508667
1771.1000000000001,0.3130762577056885
1771.2,0.30440405011177063
1771.3000000000002,0.3144210875034332
1771.4,0.31616613268852234
1771.5,0.31407681107521057
1771.6000000000001,0.30261877179145813
1771.7,0.30883169174194336
1771.8000000000002,0.3083321452140808
1771.9,0.3184357285499573
1772.0,0.29589346051216125
1772.1000000000001,0.31021806597709656
1772.2,0.30714258551597595
1772.3000000000002,0.3107147216796875
1772.4,0.31724274158477783
1772.5,0.3091127574443817
1772.6000000000001,0.31705474853515625
1772.7,0.3162805438041687
1772.8000000000002,0.30163678526878357
1772.9,0.31495538353919983
1773.0,0.30231958627700806
1773.1000000000001,0.31695055961608887
1773.2,0.30834582448005676
1773.3000000000002,0.3111051321029663
1773.4,0.317961186170578
1773.5,0.3109304904937744
1773.6000000000001,0.310828298330307
1773.7,0.31131207942962646
1773.8000000000002,0.3148002028465271
1773.9,0.31082725524902344
1774.0,0.3103606104850769
1774.1000000000001,0.3018342852592468
1774.2,0.31569725275039673
1774.3000000000002,0.3074871599674225
1774.4,0.30951082706451416
1774.5,0.31085360050201416
1774.6000000000001,0.3084677457809448
1774.7,0.3100440800189972
1774.8000000000002,0.31430816650390625
1774.9,0.3085791766643524
1775.0,0.313997358083725
1775.1000000000001,0.30634480714797974
1775.2,0.3053687512874603
1775.3000000000002,0.3093010485172272
1775.4,0.3101385235786438
1775.5,0.31650060415267944
1775.6000000000001,0.3128829896450043
1775.7,0.31034645438194275
1775.8000000000002,0.31579574942588806
1775.9,0.31068795919418335
1776.0,0.31808677315711975
1776.1000000000001,0.31369760632514954
1776.2,0.31964030861854553
1776.3000000000002,0.30082592368125916
1776.4,0.3153899610042572
1776.5,0.316778302192688
1776.6000000000001,0.3044731020927429
1776.7,0.3111470639705658
1776.8000000000002,0.3045390546321869
1776.9,0.31058958172798157
1777.0,0.31656351685523987
1777.1000000000001,0.31039777398109436
1777.2,0.30998215079307556
1777.3000000000002,0.3088442087173462
1777.4,0.3150343894958496
1777.5,0.3020437955856323
1777.6000000000001,0.3088858723640442
1777.7,0.31626781821250916
1777.8000000000002,0.31819286942481995
1777.9,0.3174839913845062
1778.0,0.3047173023223877
1778.1000000000001,0.31489235162734985
1778.2,0.3091084659099579
1778.3000000000002,0.3203688859939575
1778.4,0.31881362199783325
1778.5,0.31010621786117554
1778.6000000000001,0.31850677728652954
1778.7,0.3186831474304199
1778.8000000000002,0.30879026651382446
1778.9,0.31404349207878113
1779.0,0.31810861825942993
1779.1000000000001,0.3123493790626526
1779.2,0.3079827129840851
1779.3000000000002,0.316398024559021
1779.4,0.3176625370979309
1779.5,0.3170962333679199
1779.6000000000001,0.3048154413700104
1779.7,0.3107016384601593
1779.8000000000002,0.3121460974216461
1779.9,0.31334948539733887
1780.0,0.30899369716644287
1780.1000000000001,0.31033480167388916
1780.2,0.310956746339798
1780.3000000000002,0.30744442343711853
1780.4,0.3073091506958008
1780.5,0.3092042803764343
1780.6000000000001,0.3064364790916443
1780.7,0.29923343658447266
1780.8000000000002,0.3038938641548157
1780.9,0.28933849930763245
1781.0,0.3071209788322449
1781.1000000000001,0.30413416028022766
1781.2,0.3104248344898224
1781.3000000000002,0.3130771219730377
1781.4,0.2986072301864624
1781.5,0.30689290165901184
1781.6000000000001,0.3159410357475281
1781.7,0.31581488251686096
1781.8000000000002,0.31243661046028137
1781.9,0.3116178512573242
1782.0,0.3101172149181366
1782.1000000000001,0.31853652000427246
1782.2,0.3034028708934784
1782.3000000000002,0.31142184138298035
1782.4,0.31201520562171936
1782.5,0.3069283962249756
1782.6000000000001,0.30737659335136414
1782.7,0.3116079568862915
1782.8000000000002,0.30037161707878113
1782.9,0.3150315284729004
1783.0,0.3075237572193146
1783.1000000000001,0.3128097951412201
1783.2,0.30291250348091125
1783.3000000000002,0.3138118088245392
1783.4,0.30638110637664795
1783.5,0.31586647033691406
1783.6000000000001,0.31780555844306946
1783.7,0.31181496381759644
1783.8000000000002,0.3180200457572937
1783.9,0.315375417470932
1784.0,0.3109840750694275
1784.1000000000001,0.3056209683418274
1784.2,0.31274300813674927
1784.3000000000002,0.3129515051841736
1784.4,0.3004441559314728
1784.5,0.31377649307250977
1784.6000000000001,0.3047753572463989
1784.7,0.315482497215271
1784.8000000000002,0.3079729974269867
1784.9,0.310581237077713
1785.0,0.3131237030029297
1785.1000000000001,0.3162876069545746
1785.2,0.31517189741134644
1785.3000000000002,0.30543869733810425
1785.4,0.31303533911705017
1785.5,0.3131769001483917
1785.6000000000001,0.30939483642578125
1785.7,0.3120858371257782
1785.8000000000002,0.3117842376232147
1785.9,0.30783888697624207
1786.0,0.31602534651756287
1786.1000000000001,0.3165082037448883
1786.2,0.3079083561897278
1786.3000000000002,0.3138909339904785
1786.4,0.30516818165779114
1786.5,0.30682605504989624
1786.6000000000001,0.3106430470943451
1786.7,0.3199748694896698
1786.8000000000002,0.31609347462654114
1786.9,0.31120097637176514
1787.0,0.2992995083332062
1787.1000000000001,0.3163940906524658
1787.2,0.31223806738853455
1787.3000000000002,0.32106316089630127
1787.4,0.3094560205936432
1787.5,0.3114413917064667
1787.6000000000001,0.3143644630908966
1787.7,0.3190097212791443
1787.8000000000002,0.3119690418243408
1787.9,0.31090161204338074
1788.0,0.31019091606140137
1788.1000000000001,0.3131925165653229
1788.2,0.3117915093898773
1788.3000000000002,0.3189021348953247
1788.4,0.3108140230178833
1788.5,0.30697232484817505
1788.6000000000001,0.3087196946144104
1788.7,0.3113516867160797
1788.8000000000002,0.31265267729759216
1788.9,0.3022734820842743
1789.0,0.32059934735298157
1789.1000000000001,0.3097904324531555
1789.2,0.3104671537876129
1789.3000000000002,0.3075205385684967
1789.4,0.3050590753555298
1789.5,0.311827689409256
1789.6000000000001,0.3155655264854431
1789.7,0.3052205443382263
1789.8000000000002,0.3026066720485687
1789.9,0.3140064477920532
1790.0,0.3164006769657135
1790.1000000000001,0.3078608512878418
1790.2,0.3202950656414032
1790.3000000000002,0.3160644769668579
1790.4,0.2932407557964325
1790.5,0.30883198976516724
1790.6000000000001,0.30961844325065613
1790.7,0.3190980851650238
1790.8000000000002,0.3051343858242035
1790.9,0.29762816429138184
1791.0,0.31917890906333923
1791.1000000000001,0.314767062664032
1791.2,0.3129103481769562
1791.3000000000002,0.3109836280345917
1791.4,0.3137485086917877
1791.5,0.30970466136932373
1791.6000000000001,0.3104096055030823
1791.7,0.3155519962310791
1791.8000000000002,0.3181772530078888
1791.9,0.3188512325286865
1792.0,0.3117426633834839
1792.1000000000001,0.30542686581611633
1792.2,0.29485535621643066
1792.3000000000002,0.3154265880584717
1792.4,0.3090302348136902
1792.5,0.3121345341205597
1792.6000000000001,0.287629097700119
1792.7,0.30367279052734375
1792.8000000000002,0.30848923325538635
1792.9,0.3159239590167999
1793.0,0.3102733790874481
1793.1000000000001,0.3072391748428345
1793.2,0.3101399838924408
1793.3000000000002,0.31853702664375305
1793.4,0.3183818757534027
1793.5,0.313329815864563
1793.6000000000001,0.3155049681663513
1793.7,0.2995515465736389
1793.8000000000002,0.31429529190063477
1793.9,0.31046944856643677
1794.0,0.311410129070282
1794.1000000000001,0.31608179211616516
1794.2,0.30827581882476807
1794.3000000000002,0.3160666525363922
1794.4,0.3092496693134308
1794.5,0.3115232288837433
1794.6000000000001,0.30552196502685547
1794.7,0.30889496207237244
1794.8000000000002,0.30954599380493164
1794.9,0.3043125569820404
1795.0,0.3118472695350647
1795.1000000000001,0.3158731162548065
1795.2,0.3021884858608246
1795.3000000000002,0.3131354749202728
1795.4,0.31582221388816833
1795.5,0.31335192918777466
1795.6000000000001,0.3129134774208069
1795.7,0.3130772113800049
1795.8000000000002,0.3089280426502228
1795.9,0.31259816884994507
1796.0,0.3113660514354706
1796.1000000000001,0.3055081367492676
1796.2,0.30986350774765015
1796.3000000000002,0.3067936897277832
1796.4,0.303136944770813
1796.5,0.3135979473590851
1796.6000000000001,0.3168615698814392
1796.7,0.30293747782707214
1796.8000000000002,0.3068026900291443
1796.9,0.31493884325027466
1797.0,0.3072551488876343
1797.1000000000001,0.3134460151195526
1797.2,0.3163890540599823
1797.3000000000002,0.30538395047187805
1797.4,0.31010934710502625
1797.5,0.2989964485168457
1797.6000000000001,0.31029012799263
1797.7,0.3125331699848175
1797.8000000000002,0.3024686872959137
1797.9,0.30229419469833374
1798.0,0.3187881112098694
1798.1000000000001,0.3112812638282776
1798.2,0.30920249223709106
1798.3000000000002,0.3030717372894287
1798.4,0.31147006154060364
1798.5,0.3100224733352661
1798.6000000000001,0.31561169028282166
1798.7,0.3149908483028412
1798.8000000000002,0.304792195558548
1798.9,0.31263744831085205
1799.0,0.30830448865890503
1799.1000000000001,0.3007742762565613
1799.2,0.3131391108036041
1799.3000000000002,0.31827354431152344
1799.4,0.3078323006629944
1799.5,0.31341826915740967
1799.6000000000001,0.3056544065475464
1799.7,0.30869176983833313
1799.8000000000002,0.3088526129722595
1799.9,0.32075706124305725
1800.0,0.3052177429199219
1800.1000000000001,0.3176119029521942
1800.2,0.3099021911621094
1800.3000000000002,0.3119621276855469
1800.4,0.3137475550174713
1800.5,0.3047298789024353
1800.6000000000001,0.30336254835128784
1800.7,0.30969110131263733
1800.8000000000002,0.312061071395874
1800.9,0.30595606565475464
1801.0,0.3045543432235718
1801.1000000000001,0.3158622682094574
1801.2,0.3108578324317932
1801.3000000000002,0.3094443380832672
1801.4,0.31563103199005127
1801.5,0.3081740140914917
1801.6000000000001,0.3166349530220032
1801.7,0.3074796199798584
1801.8000000000002,0.30735793709754944
1801.9,0.310413122177124
1802.0,0.3099917769432068
1802.1000000000001,0.31600433588027954
1802.2,0.31405219435691833
1802.3000000000002,0.316789448261261
1802.4,0.31480100750923157
1802.5,0.3083743453025818
1802.6000000000001,0.31285765767097473
1802.7,0.30483901500701904
1802.8000000000002,0.3172677159309387
1802.9,0.30737045407295227
1803.0,0.31218478083610535
1803.1000000000001,0.30720746517181396
1803.2,0.31639599800109863
1803.3000000000002,0.31143757700920105
1803.4,0.3110346496105194
1803.5,0.31005460023880005
1803.6000000000001,0.3111321032047272
1803.7,0.31013429164886475
1803.8000000000002,0.3143022954463959
1803.9,0.31292712688446045
1804.0,0.31238487362861633
1804.1000000000001,0.3106985092163086
1804.2,0.31220993399620056
1804.3000000000002,0.31916356086730957
1804.4,0.3113102614879608
1804.5,0.3123888075351715
1804.6000000000001,0.3128833770751953
1804.7,0.3108574450016022
1804.8000000000002,0.307696133852005
1804.9,0.3138209283351898
1805.0,0.31970351934432983
1805.1000000000001,0.3137565553188324
1805.2,0.3024929463863373
1805.3000000000002,0.31522130966186523
1805.4,0.312649667263031
1805.5,0.31080010533332825
1805.6000000000001,0.3064267039299011
1805.7,0.3155697286128998
1805.8000000000002,0.3122515380382538
1805.9,0.31905505061149597
1806.0,0.3099829852581024
1806.1000000000001,0.3125486373901367
1806.2,0.3133571445941925
1806.3000000000002,0.30498093366622925
1806.4,0.3073897957801819
1806.5,0.3155132234096527
1806.6000000000001,0.30879825353622437
1806.7,0.31145718693733215
1806.8000000000002,0.31430062651634216
1806.9,0.3123249113559723
1807.0,0.3148179054260254
1807.1000000000001,0.3162700831890106
1807.2,0.30875033140182495
1807.3000000000002,0.30900466442108154
1807.4,0.30937469005584717
1807.5,0.3142247498035431
1807.6000000000001,0.3104681968688965
1807.7,0.3160308599472046
1807.8000000000002,0.31276458501815796
1807.9,0.31788691878318787
1808.0,0.31653523445129395
1808.1000000000001,0.3173968195915222
1808.2,0.3110148310661316
1808.3000000000002,0.31125888228416443
1808.4,0.30968236923217773
1808.5,0.31162649393081665
1808.6000000000001,0.3193984627723694
1808.7,0.3097914457321167
1808.8000000000002,0.31182560324668884
1808.9,0.312522292137146
1809.0,0.3115975260734558
1809.1000000000001,0.3075340986251831
1809.2,0.3053741455078125
1809.3000000000002,0.31014367938041687
1809.4,0.310295432806015
1809.5,0.31117361783981323
1809.6000000000001,0.31385135650634766
1809.7,0.3137621581554413
1809.8000000000002,0.31765612959861755
1809.9,0.3156355023384094
1810.0,0.31113138794898987
1810.1000000000001,0.3044431507587433
1810.2,0.30871307849884033
1810.3000000000002,0.3122361898422241
1810.4,0.30931994318962097
1810.5,0.3202475905418396
1810.6000000000001,0.31124889850616455
1810.7,0.31872883439064026
1810.8000000000002,0.31304457783699036
1810.9,0.3067651391029358
1811.0,0.30822429060935974
1811.1000000000001,0.32206961512565613
1811.2,0.31142371892929077
1811.3000000000002,0.3103933036327362
1811.4,0.3089056611061096
1811.5,0.3143032491207123
1811.6000000000001,0.30735501646995544
1811.7,0.3120098412036896
1811.8000000000002,0.31449204683303833
1811.9,0.30814751982688904
1812.0,0.31469255685806274
1812.1000000000001,0.3038358688354492
1812.2,0.31238028407096863
1812.3000000000002,0.317682683467865
1812.4,0.3114759027957916
1812.5,0.31490910053253174
1812.6000000000001,0.3080056607723236
1812.7,0.306443989276886
1812.8000000000002,0.3114452660083771
1812.9,0.31813210248947144
1813.0,0.31412434577941895
1813.1000000000001,0.30230072140693665
1813.2,0.3110329508781433
1813.3000000000002,0.30287182331085205
1813.4,0.30869680643081665
1813.5,0.3181089460849762
1813.6000000000001,0.31591230630874634
1813.7,0.3073522448539734
1813.8000000000002,0.31136009097099304
1813.9,0.30080166459083557
1814.0,0.3098110854625702
1814.1000000000001,0.31152933835983276
1814.2,0.3165692687034607
1814.3000000000002,0.30311423540115356
1814.4,0.31492751836776733
1814.5,0.3156258165836334
1814.6000000000001,0.31637564301490784
1814.7,0.3054046034812927
1814.8000000000002,0.30714747309684753
1814.9,0.3092309236526489
1815.0,0.3069976568222046
1815.1000000000001,0.30336639285087585
1815.2,0.30357104539871216
1815.3000000000002,0.3062748908996582
1815.4,0.31641680002212524
1815.5,0.31271040439605713
1815.6000000000001,0.321818083524704
1815.7,0.311818927526474
1815.8000000000002,0.305684894323349
1815.9,0.3066948354244232
1816.0,0.30726438760757446
1816.1000000000001,0.3061240315437317
1816.2,0.31189167499542236
1816.3000000000002,0.3052600920200348
1816.4,0.3021966814994812
1816.5,0.31218716502189636
1816.6000000000001,0.2975946366786957
1816.7,0.31506964564323425
1816.8000000000002,0.30474820733070374
1816.9,0.30640295147895813
1817.0,0.31085923314094543
1817.1000000000001,0.306589275598526
1817.2,0.3051134943962097
1817.3000000000002,0.31318965554237366
1817.4,0.30477651953697205
1817.5,0.31198328733444214
1817.6000000000001,0.3088158965110779
1817.7,0.3119441866874695
1817.8000000000002,0.3121849596500397
1817.9,0.3129119575023651
1818.0,0.3147301971912384
1818.1000000000001,0.31512442231178284
1818.2,0.30536845326423645
1818.3000000000002,0.31509220600128174
1818.4,0.30959033966064453
1818.5,0.30273115634918213
1818.6000000000001,0.3067716360092163
1818.7,0.30507007241249084
1818.8000000000002,0.3122393786907196
1818.9,0.3142016530036926
1819.0,0.3109610080718994
1819.1000000000001,0.3167545795440674
1819.2,0.30748268961906433
1819.3000000000002,0.3142821788787842
1819.4,0.3106163740158081
1819.5,0.3114595413208008
1819.6000000000001,0.3147168457508087
1819.7,0.30418503284454346
1819.8000000000002,0.30921393632888794
1819.9,0.3120061457157135
1820.0,0.3155900835990906
1820.1000000000001,0.30638760328292847
1820.2,0.3195970952510834
1820.3000000000002,0.3122219145298004
1820.4,0.31286782026290894
1820.5,0.3040953576564789
1820.6000000000001,0.3117170035839081
1820.7,0.3145211637020111
1820.8000000000002,0.30619171261787415
1820.9,0.3047904670238495
1821.0,0.31413769721984863
1821.1000000000001,0.30544909834861755
1821.2,0.3139899671077728
1821.3000000000002,0.3061939477920532
1821.4,0.32009056210517883
1821.5,0.32524293661117554
1821.6000000000001,0.3178419768810272
1821.7,0.31993037462234497
1821.8000000000002,0.3145431876182556
1821.9,0.3074641227722168
1822.0,0.3102245330810547
1822.1000000000001,0.2995881736278534
1822.2,0.3132021725177765
1822.3000000000002,0.3123069703578949
1822.4,0.30031347274780273
1822.5,0.30364343523979187
1822.6000000000001,0.3139891028404236
1822.7,0.31697094440460205
1822.8000000000002,0.30682146549224854
1822.9,0.3150394558906555
1823.0,0.3094474971294403
1823.1000000000001,0.31433191895484924
1823.2,0.31639519333839417
1823.3000000000002,0.31642046570777893
1823.4,0.31327328085899353
1823.5,0.3113768994808197
1823.6000000000001,0.3166142702102661
1823.7,0.3047288656234741
1823.8000000000002,0.31314390897750854
1823.9,0.3086112439632416
1824.0,0.31582707166671753
1824.1000000000001,0.31050437688827515
1824.2,0.3141782581806183
1824.3000000000002,0.3112940788269043
1824.4,0.3070383071899414
1824.5,0.30355769395828247
1824.6000000000001,0.3152468800544739
1824.7,0.3000146746635437
1824.8000000000002,0.3167373836040497
1824.9,0.31603682041168213
1825.0,0.31176188588142395
1825.1000000000001,0.3100753128528595
1825.2,0.31682083010673523
1825.3000000000002,0.3188624978065491
1825.4,0.31008750200271606
1825.5000000000002,0.3126780688762665
1825.6000000000001,0.31288257241249084
1825.7,0.30384135246276855
1825.8000000000002,0.3066411018371582
1825.9,0.3146340548992157
1826.0000000000002,0.3088533878326416
1826.1000000000001,0.3114507794380188
1826.2,0.31431031227111816
1826.3000000000002,0.3157026171684265
1826.4,0.3118920922279358
1826.5000000000002,0.3135043978691101
1826.6000000000001,0.2961830198764801
1826.7,0.31560561060905457
1826.8000000000002,0.3171673119068146
1826.9,0.3127824068069458
1827.0000000000002,0.3091486394405365
1827.1000000000001,0.3071182370185852
1827.2,0.3142227530479431
1827.3000000000002,0.3073755204677582
1827.4,0.3022981286048889
1827.5000000000002,0.3097972273826599
1827.6000000000001,0.29512208700180054
1827.7,0.31647348403930664
1827.8000000000002,0.3111304044723511
1827.9,0.31176918745040894
1828.0000000000002,0.3075868785381317
1828.1000000000001,0.31001365184783936
1828.2,0.3055369555950165
1828.3000000000002,0.3037012815475464
1828.4,0.31547996401786804
1828.5000000000002,0.3116307258605957
1828.6000000000001,0.31340131163597107
1828.7,0.3065502345561981
1828.8000000000002,0.30951443314552307
1828.9,0.30549901723861694
1829.0000000000002,0.3111850917339325
1829.1000000000001,0.3175204396247864
1829.2,0.31274285912513733
1829.3000000000002,0.304066002368927
1829.4,0.3058292865753174
1829.5000000000002,0.3126702904701233
1829.6000000000001,0.3181420862674713
1829.7,0.31103476881980896
1829.8000000000002,0.30447590351104736
1829.9,0.29806482791900635
1830.0000000000002,0.3104335367679596
1830.1000000000001,0.31376639008522034
1830.2,0.30338162183761597
1830.3000000000002,0.30812758207321167
1830.4,0.314376562833786
1830.5000000000002,0.305742472410202
1830.6000000000001,0.3161180019378662
1830.7,0.31268155574798584
1830.8000000000002,0.30933064222335815
1830.9,0.3035082221031189
1831.0000000000002,0.31103771924972534
1831.1000000000001,0.30627837777137756
1831.2,0.3127032518386841
1831.3000000000002,0.3044084906578064
1831.4,0.3148420751094818
1831.5000000000002,0.30943161249160767
1831.6000000000001,0.31196752190589905
1831.7,0.3119617700576782
1831.8000000000002,0.3133205473423004
1831.9,0.3075932562351227
1832.0000000000002,0.3003382980823517
1832.1000000000001,0.3115135729312897
1832.2,0.3062514662742615
1832.3000000000002,0.30424535274505615
1832.4,0.311233252286911
1832.5000000000002,0.3033830225467682
1832.6000000000001,0.3128855228424072
1832.7,0.31224218010902405
1832.8000000000002,0.3166976571083069
1832.9,0.3132825791835785
1833.0000000000002,0.3083912432193756
1833.1000000000001,0.3168901205062866
1833.2,0.31102022528648376
1833.3000000000002,0.31231164932250977
1833.4,0.3175394535064697
1833.5000000000002,0.3212292194366455
1833.6000000000001,0.3127344846725464
1833.7,0.3169877827167511
1833.8000000000002,0.3128594160079956
1833.9,0.31464889645576477
1834.0000000000002,0.3155190050601959
1834.1000000000001,0.31161585450172424
1834.2,0.3124069273471832
1834.3000000000002,0.3184370994567871
1834.4,0.3128132224082947
1834.5000000000002,0.310549259185791
1834.6000000000001,0.30146777629852295
1834.7,0.30652233958244324
1834.8000000000002,0.31465256214141846
1834.9,0.3080955743789673
1835.0000000000002,0.3129217326641083
1835.1000000000001,0.3152613043785095
1835.2,0.3095981478691101
1835.3000000000002,0.3071886897087097
1835.4,0.3112872838973999
1835.5000000000002,0.3190823495388031
1835.6000000000001,0.30866342782974243
1835.7,0.30795997381210327
1835.8000000000002,0.3081471025943756
1835.9,0.2997717559337616
1836.0000000000002,0.30759719014167786
1836.1000000000001,0.31142693758010864
1836.2,0.30909740924835205
1836.3000000000002,0.30608662962913513
1836.4,0.31080469489097595
1836.5000000000002,0.29952865839004517
1836.7,0.30874189734458923
1836.7,0.31502217054367065
1836.8000000000002,0.3171485662460327
1836.9,0.31619787216186523
1837.0000000000002,0.3089315593242645
1837.1000000000001,0.3182268440723419
1837.2,0.3194637596607208
1837.3000000000002,0.3128993511199951
1837.4,0.3107209801673889
1837.5000000000002,0.30960002541542053
1837.6000000000001,0.3095736801624298
1837.7,0.30948755145072937
1837.8000000000002,0.30383622646331787
1837.9,0.31909269094467163
1838.0000000000002,0.3129746615886688
1838.1000000000001,0.3149959444999695
1838.2,0.30150672793388367
1838.3000000000002,0.3191002607345581
1838.4,0.3088359236717224
1838.5000000000002,0.3092946410179138
1838.6000000000001,0.3140980005264282
1838.7,0.3061820864677429
1838.8000000000002,0.30712834000587463
1838.9,0.31312331557273865
1839.0000000000002,0.316744863986969
1839.1000000000001,0.3063117265701294
1839.2,0.314117968082428
1839.3000000000002,0.31549975275993347
1839.4,0.3150859773159027
1839.5000000000002,0.3088398575782776
1839.6000000000001,0.3053363859653473
1839.7,0.3015894591808319
1839.8000000000002,0.31353068351745605
1839.9,0.3120150566101074
1840.0000000000002,0.3148680329322815
1840.1000000000001,0.3037015497684479
1840.2,0.31689420342445374
1840.3000000000002,0.3043983280658722
1840.4,0.3150812089443207
1840.5000000000002,0.3175438642501831
1840.6000000000001,0.30586960911750793
1840.7,0.32109174132347107
1840.8000000000002,0.31569626927375793
1840.9,0.3100323975086212
1841.0000000000002,0.30998119711875916
1841.1000000000001,0.3155384063720703
1841.2,0.3174273371696472
1841.3000000000002,0.3132018446922302
1841.4,0.30339136719703674
1841.5000000000002,0.30317962169647217
1841.6000000000001,0.3051450550556183
1841.7,0.31224387884140015
1841.8000000000002,0.30730581283569336
1841.9,0.3102264106273651
1842.0000000000002,0.3148724138736725
1842.1000000000001,0.3120674788951874
1842.2,0.31732669472694397
1842.3000000000002,0.31644949316978455
1842.4,0.31624168157577515
1842.5000000000002,0.31426480412483215
1842.6000000000001,0.31078824400901794
1842.7,0.3086298406124115
1842.8000000000002,0.31757020950317383
1842.9,0.3038133382797241
1843.0000000000002,0.3127782642841339
1843.1000000000001,0.3168514668941498
1843.2,0.3113824725151062
1843.3000000000002,0.3119502067565918
1843.4,0.31778445839881897
1843.5000000000002,0.3130874037742615
1843.6000000000001,0.3118493854999542
1843.7,0.3148600459098816
1843.8000000000002,0.31127285957336426
1843.9,0.3108452260494232
1843.9,0.3092730641365051
1844.1000000000001,0.314221054315567
1844.2,0.31581881642341614
1844.3000000000002,0.3193727731704712
1844.4,0.3134717345237732
1844.5000000000002,0.30625802278518677
1844.6000000000001,0.3108265995979309
1844.7,0.3126218318939209
1844.8000000000002,0.311501681804657
1844.9,0.3021179139614105
1845.0000000000002,0.3210179805755615
1845.1000000000001,0.32010191679000854
1845.2,0.31179213523864746
1845.3000000000002,0.3105134069919586
1845.4,0.3165311813354492
1845.5000000000002,0.30584654211997986
1845.6000000000001,0.3080129027366638
1845.7,0.3053412437438965
1845.8000000000002,0.3065893054008484
1845.9,0.31310635805130005
1846.0000000000002,0.31266647577285767
1846.1000000000001,0.3139437139034271
1846.2,0.3081551492214203
1846.3000000000002,0.30904197692871094
1846.4,0.3151129186153412
1846.5000000000002,0.3179369270801544
1846.6000000000001,0.3139984607696533
1846.7,0.31229323148727417
1846.8000000000002,0.3058951497077942
1846.9,0.3043643534183502
1847.0000000000002,0.31210586428642273
1847.1000000000001,0.30673110485076904
1847.2,0.30441567301750183
1847.3000000000002,0.3152943551540375
1847.4,0.3129247725009918
1847.5000000000002,0.3134933412075043
1847.6000000000001,0.3123285472393036
1847.7,0.30961427092552185
1847.8000000000002,0.30610406398773193
1847.9,0.3020252585411072
1848.0000000000002,0.31301936507225037
1848.1000000000001,0.3168489634990692
1848.2,0.3111877143383026
1848.3000000000002,0.31080663204193115
1848.4,0.30675262212753296
1848.5000000000002,0.31519895792007446
1848.6000000000001,0.30844616889953613
1848.7,0.3079608678817749
1848.8000000000002,0.31590425968170166
1848.9,0.3119085729122162
1849.0000000000002,0.3072788417339325
1849.1000000000001,0.31396520137786865
1849.2,0.3130931556224823
1849.3000000000002,0.29886195063591003
1849.4,0.3087199926376343
1849.5000000000002,0.3132641315460205
1849.6000000000001,0.3125298023223877
1849.7,0.3136443793773651
1849.8000000000002,0.31438151001930237
1849.9,0.3120204210281372
1850.0000000000002,0.316372811794281
1850.1000000000001,0.31007301807403564
1850.2,0.3057049810886383
1850.3000000000002,0.3122662603855133
1850.4,0.3159063458442688
1850.5000000000002,0.3125303387641907
1850.6000000000001,0.3075457811355591
1850.7,0.30365872383117676
1850.8000000000002,0.31464874744415283
1850.9,0.30652716755867004
1851.0000000000002,0.3148723840713501
1851.1000000000001,0.3131987154483795
1851.2,0.31165236234664917
1851.3000000000002,0.3075147867202759
1851.4,0.3140980899333954
1851.5000000000002,0.3093373477458954
1851.6000000000001,0.3133428692817688
1851.7,0.3023676872253418
1851.8000000000002,0.30962687730789185
1851.9,0.3055988848209381
1852.0000000000002,0.31310412287712097
1852.1000000000001,0.3172941505908966
1852.2,0.3173370659351349
1852.3000000000002,0.31601426005363464
1852.4,0.3073093891143799
1852.5000000000002,0.3101199269294739
1852.6000000000001,0.30320993065834045
1852.7,0.31289908289909363
1852.8000000000002,0.31836915016174316
1852.9,0.30287083983421326
1853.0000000000002,0.31629279255867004
1853.1000000000001,0.3003523051738739
1853.2,0.3222845196723938
1853.3000000000002,0.31559234857559204
1853.4,0.30495205521583557
1853.5000000000002,0.3125847280025482
1853.6000000000001,0.3127594292163849
1853.7,0.3123587369918823
1853.8000000000002,0.31716662645339966
1853.9,0.3125836253166199
1854.0000000000002,0.3105087876319885
1854.1000000000001,0.3134816586971283
1854.2,0.31962472200393677
1854.3000000000002,0.3140113949775696
1854.4,0.3120686113834381
1854.5000000000002,0.3087966740131378
1854.6000000000001,0.3078179359436035
1854.7,0.31365206837654114
1854.8000000000002,0.31617510318756104
1854.9,0.3139279782772064
1855.0000000000002,0.30986109375953674
1855.1000000000001,0.31151190400123596
1855.2,0.3188962936401367
1855.3000000000002,0.31531521677970886
1855.4,0.30529576539993286
1855.5000000000002,0.3077479600906372
1855.6000000000001,0.31214916706085205
1855.7,0.3099960684776306
1855.8000000000002,0.31740498542785645
1855.9,0.31374162435531616
1856.0000000000002,0.31587332487106323
1856.1000000000001,0.3152223229408264
1856.2,0.3070051074028015
1856.3000000000002,0.3194824159145355
1856.4,0.31540271639823914
1856.5000000000002,0.31180721521377563
1856.6000000000001,0.30674242973327637
1856.7,0.30877819657325745
1856.8000000000002,0.31023842096328735
1856.9,0.31200742721557617
1857.0000000000002,0.30844148993492126
1857.1000000000001,0.3121037781238556
1857.2,0.31235045194625854
1857.3000000000002,0.30294373631477356
1857.4,0.30669835209846497
1857.5000000000002,0.31591352820396423
1857.6000000000001,0.3109084367752075
1857.7,0.31535157561302185
1857.8000000000002,0.3131667971611023
1857.9,0.3103538155555725
1858.0000000000002,0.31368494033813477
1858.1000000000001,0.30763646960258484
1858.2,0.31703421473503113
1858.3000000000002,0.3120456635951996
1858.4,0.310577929019928
1858.5000000000002,0.3137662410736084
1858.6000000000001,0.30941450595855713
1858.7,0.315920352935791
1858.8000000000002,0.30540332198143005
1858.9,0.3086668848991394
1859.0000000000002,0.31208282709121704
1859.1000000000001,0.30859220027923584
1859.2,0.30718788504600525
1859.3000000000002,0.31890392303466797
1859.4,0.3070002496242523
1859.5000000000002,0.30147573351860046
1859.6000000000001,0.31482449173927307
1859.7,0.30153700709342957
1859.8000000000002,0.3137724995613098
1859.9,0.3145880699157715
1860.0000000000002,0.3157961964607239
1860.1000000000001,0.31673020124435425
1860.2,0.3102920949459076
1860.3000000000002,0.31773823499679565
1860.4,0.3005911111831665
1860.5000000000002,0.3178391754627228
1860.6000000000001,0.3178282380104065
1860.7,0.31293147802352905
1860.8000000000002,0.3089212477207184
1860.9,0.3104034662246704
1861.0000000000002,0.30568361282348633
1861.1000000000001,0.30411553382873535
1861.2,0.3146863281726837
1861.3000000000002,0.3023114502429962
1861.4,0.30116453766822815
1861.5000000000002,0.31583371758461
1861.6000000000001,0.311916321516037
1861.7,0.3085575997829437
1861.8000000000002,0.3185027241706848
1861.9,0.31018194556236267
1862.0000000000002,0.30962514877319336
1862.1000000000001,0.3006981909275055
1862.2,0.316699355840683
1862.3000000000002,0.3045244812965393
1862.4,0.30693519115448
1862.5000000000002,0.31235620379447937
1862.6000000000001,0.31559064984321594
1862.7,0.30903562903404236
1862.8000000000002,0.3055518865585327
1862.9,0.3077336549758911
1863.0000000000002,0.30593085289001465
1863.1000000000001,0.3058181703090668
1863.2,0.31189361214637756
1863.3000000000002,0.30381256341934204
1863.4,0.31002023816108704
1863.5000000000002,0.3126752972602844
1863.6000000000001,0.31557410955429077
1863.7,0.31335875391960144
1863.8000000000002,0.31035536527633667
1863.9,0.29795128107070923
1864.0000000000002,0.3077866733074188
1864.1000000000001,0.31422141194343567
1864.2,0.31617259979248047
1864.3000000000002,0.30593815445899963
1864.4,0.30845287442207336
1864.5000000000002,0.3123556971549988
1864.6000000000001,0.30698859691619873
1864.7,0.31241050362586975
1864.8000000000002,0.31015458703041077
1864.9,0.3090693950653076
1865.0000000000002,0.3158623278141022
1865.1000000000001,0.3141665458679199
1865.2,0.31137093901634216
1865.3000000000002,0.31443339586257935
1865.4,0.3095496892929077
1865.5000000000002,0.31526535749435425
1865.6000000000001,0.30811476707458496
1865.7,0.30213025212287903
1865.8000000000002,0.30878955125808716
1865.9,0.3174825608730316
1866.0000000000002,0.31029635667800903
1866.1000000000001,0.3132350444793701
1866.2,0.3169790506362915
1866.3000000000002,0.3081616461277008
1866.4,0.302503377199173
1866.5000000000002,0.31763026118278503
1866.6000000000001,0.31181153655052185
1866.7,0.3141748607158661
1866.8000000000002,0.3084295988082886
1866.9,0.307730495929718
1867.0000000000002,0.30783265829086304
1867.1000000000001,0.31319206953048706
1867.2,0.30635032057762146
1867.3000000000002,0.31962043046951294
1867.4,0.32092881202697754
1867.5000000000002,0.3126913905143738
1867.6000000000001,0.3092115819454193
1867.7,0.3082423806190491
1867.8000000000002,0.313713014125824
1867.9,0.3133220374584198
1868.0000000000002,0.3004181683063507
1868.1000000000001,0.3180612325668335
1868.2,0.31757211685180664
1868.3000000000002,0.3106384575366974
1868.4,0.31136929988861084
1868.5000000000002,0.316627562046051
1868.6000000000001,0.3069826662540436
1868.7,0.31921207904815674
1868.8000000000002,0.31821560859680176
1868.9,0.30454835295677185
1869.0000000000002,0.3189254105091095
1869.1000000000001,0.30825111269950867
1869.2,0.3192552328109741
1869.3000000000002,0.3145289719104767
1869.4,0.3124227523803711
1869.5000000000002,0.3132481873035431
1869.6000000000001,0.30706799030303955
1869.7,0.3107249438762665
1869.8000000000002,0.30397915840148926
1869.9,0.29876992106437683
1870.0000000000002,0.31530997157096863
1870.1000000000001,0.3151792585849762
1870.2,0.3046315610408783
1870.3000000000002,0.3172685205936432
1870.4,0.31339597702026367
1870.5000000000002,0.3164753019809723
1870.6000000000001,0.3210495412349701
1870.7,0.3072991669178009
1870.8000000000002,0.31663820147514343
1870.9,0.31896352767944336
1871.0000000000002,0.3156551122665405
1871.1000000000001,0.3202194273471832
1871.2,0.31323471665382385
1871.3000000000002,0.30634036660194397
1871.4,0.3149605393409729
1871.5000000000002,0.30412524938583374
1871.6000000000001,0.31376177072525024
1871.7,0.3069249391555786
1871.8000000000002,0.2920742630958557
1871.9,0.3110339045524597
1872.0000000000002,0.30829617381095886
1872.1000000000001,0.30802229046821594
1872.2,0.3073723316192627
1872.3000000000002,0.3070290982723236
1872.4,0.3072713613510132
1872.5000000000002,0.30383187532424927
1872.6000000000001,0.3068501055240631
1872.7,0.3076854944229126
1872.8000000000002,0.3103279769420624
1872.9,0.31475138664245605
1873.0000000000002,0.3117407262325287
1873.1000000000001,0.30905473232269287
1873.2,0.30919626355171204
1873.3000000000002,0.31885042786598206
1873.4,0.31105777621269226
1873.5000000000002,0.3037317395210266
1873.6000000000001,0.3123745024204254
1873.7,0.30776628851890564
1873.8000000000002,0.3122707009315491
1873.9,0.3055638074874878
1874.0000000000002,0.3092938959598541
1874.1000000000001,0.31561219692230225
1874.2,0.31056761741638184
1874.3000000000002,0.3130966126918793
1874.4,0.3104897141456604
1874.5000000000002,0.30508196353912354
1874.6000000000001,0.30904337763786316
1874.7,0.3168834149837494
1874.8000000000002,0.31050845980644226
1874.9,0.3014764189720154
1875.0000000000002,0.3151908218860626
1875.1000000000001,0.310698539018631
1875.2,0.30137741565704346
1875.3000000000002,0.3184145987033844
1875.4,0.31290319561958313
1875.5000000000002,0.3204338550567627
1875.6000000000001,0.3057212829589844
1875.7,0.31671345233917236
1875.8000000000002,0.31157755851745605
1875.9,0.31802529096603394
1876.0000000000002,0.31769800186157227
1876.1000000000001,0.3113526701927185
1876.2,0.31311506032943726
1876.3000000000002,0.31551942229270935
1876.4,0.3143675923347473
1876.5000000000002,0.3131330907344818
1876.6000000000001,0.3118228018283844
1876.7,0.31496867537498474
1876.8000000000002,0.3014827072620392
1876.9,0.3109791576862335
1877.0000000000002,0.30043306946754456
1877.1000000000001,0.3146063983440399
1877.2,0.31146934628486633
1877.3000000000002,0.31301888823509216
1877.4,0.3194575607776642
1877.5000000000002,0.30721768736839294
1877.6000000000001,0.3177952468395233
1877.7,0.30887505412101746
1877.8000000000002,0.313801109790802
1877.9,0.31477847695350647
1878.0000000000002,0.3167600929737091
1878.1000000000001,0.2979879379272461
1878.2,0.3144581615924835
1878.3000000000002,0.3116650879383087
1878.4,0.30953726172447205
1878.5000000000002,0.30959728360176086
1878.6000000000001,0.313079297542572
1878.7,0.3159734606742859
1878.8000000000002,0.31440067291259766
1878.9,0.3077126443386078
1879.0000000000002,0.30434221029281616
1879.1000000000001,0.3064287304878235
1879.2,0.31631460785865784
1879.3000000000002,0.31166723370552063
1879.4,0.3146851360797882
1879.5000000000002,0.31220802664756775
1879.6000000000001,0.3115380108356476
1879.7,0.3128827214241028
1879.8000000000002,0.30966755747795105
1879.9,0.3132876455783844
1880.0000000000002,0.31868281960487366
1880.1000000000001,0.3133363127708435
1880.2,0.3002238869667053
1880.3000000000002,0.31044474244117737
1880.4,0.31159552931785583
1880.5000000000002,0.32115980982780457
1880.6000000000001,0.3156875669956207
1880.7,0.3081894814968109
1880.8000000000002,0.317788302898407
1880.9,0.31188997626304626
1881.0000000000002,0.317082941532135
1881.1000000000001,0.31202635169029236
1881.2,0.3173465132713318
1881.3000000000002,0.3144557774066925
1881.4,0.31223252415657043
1881.5000000000002,0.3070647716522217
1881.6000000000001,0.31680813431739807
1881.7,0.3081504702568054
1881.8000000000002,0.30658265948295593
1881.9,0.3140243887901306
1882.0000000000002,0.3171752989292145
1882.1000000000001,0.3121151328086853
1882.2,0.3052133321762085
1882.3000000000002,0.3056081235408783
1882.4,0.31404125690460205
1882.5000000000002,0.30616268515586853
1882.6000000000001,0.31138932704925537
1882.7,0.30627554655075073
1882.8000000000002,0.3094910979270935
1882.9,0.3152596354484558
1883.0000000000002,0.31988921761512756
1883.1000000000001,0.3156155049800873
1883.2,0.30734923481941223
1883.3000000000002,0.3107105493545532
1883.4,0.30766385793685913
1883.5000000000002,0.3053002953529358
1883.6000000000001,0.3118779957294464
1883.7,0.3086574971675873
1883.8000000000002,0.29536357522010803
1883.9,0.305736243724823
1884.0000000000002,0.3069332242012024
1884.1000000000001,0.30807816982269287
1884.2,0.3078629672527313
1884.3000000000002,0.3019673824310303
1884.4,0.3121824264526367
1884.5000000000002,0.30867260694503784
1884.6000000000001,0.3061389625072479
1884.7,0.310563325881958
1884.8000000000002,0.31570568680763245
1884.9,0.3115070164203644
1885.0000000000002,0.30543196201324463
1885.1000000000001,0.3114739954471588
1885.2,0.31908732652664185
1885.3000000000002,0.31526899337768555
1885.4,0.30105096101760864
1885.5000000000002,0.30818283557891846
1885.6000000000001,0.3176863193511963
1885.7,0.31176048517227173
1885.8000000000002,0.3117923438549042
1885.9,0.312777578830719
1886.0000000000002,0.30801451206207275
1886.1000000000001,0.3052506744861603
1886.2,0.31569617986679077
1886.3000000000002,0.3064982295036316
1886.4,0.31369468569755554
1886.5000000000002,0.30845609307289124
1886.6000000000001,0.31139451265335083
1886.7,0.3112848997116089
1886.8000000000002,0.30803579092025757
1886.9,0.31139805912971497
1887.0000000000002,0.3169668912887573
1887.1000000000001,0.303994357585907
1887.2,0.317410945892334
1887.3000000000002,0.30877047777175903
1887.4,0.3164643347263336
1887.5000000000002,0.31734541058540344
1887.6000000000001,0.3149307668209076
1887.7,0.31289443373680115
1887.8000000000002,0.3171834349632263
1887.9,0.31390753388404846
1888.0000000000002,0.3134586811065674
1888.1000000000001,0.31417351961135864
1888.2,0.3058624863624573
1888.3000000000002,0.31163865327835083
1888.4,0.306683748960495
1888.5000000000002,0.3016178011894226
1888.6000000000001,0.31246909499168396
1888.7,0.3067658841609955
1888.8000000000002,0.3026030361652374
1888.9,0.3161654472351074
1889.0000000000002,0.31069743633270264
1889.1000000000001,0.30746933817863464
1889.2,0.3113008439540863
1889.3000000000002,0.3101060092449188
1889.4,0.3225305676460266
1889.5000000000002,0.31537964940071106
1889.6000000000001,0.31550076603889465
1889.7,0.3031429648399353
1889.8000000000002,0.3200626075267792
1889.9,0.3185536563396454
1890.0000000000002,0.30883073806762695
1890.1000000000001,0.31706956028938293
1890.2,0.30621954798698425
1890.3000000000002,0.3160393536090851
1890.4,0.3148699402809143
1890.5000000000002,0.31066593527793884
1890.6000000000001,0.3084810972213745
1890.7,0.3118686378002167
1890.8000000000002,0.3082049489021301
1890.9,0.31014204025268555
1891.0000000000002,0.3032433092594147
1891.1000000000001,0.3142344057559967
1891.2,0.3115006685256958
1891.3000000000002,0.3063090145587921
1891.4,0.3051110804080963
1891.5000000000002,0.3079430162906647
1891.6000000000001,0.3173621594905853
1891.7,0.2967747747898102
1891.8000000000002,0.31309059262275696
1891.9,0.31139668822288513
1892.0000000000002,0.31100067496299744
1892.1000000000001,0.3084787428379059
1892.2,0.31300100684165955
1892.3000000000002,0.2990706264972687
1892.4,0.3134153187274933
1892.5000000000002,0.31594374775886536
1892.6000000000001,0.31546643376350403
1892.7,0.3059197664260864
1892.8000000000002,0.31123843789100647
1892.9,0.3168865442276001
1893.0000000000002,0.29311037063598633
1893.1000000000001,0.3130006790161133
1893.2,0.30219361186027527
1893.3000000000002,0.3076373040676117
1893.4,0.3108355402946472
1893.5000000000002,0.3191717565059662
1893.6000000000001,0.31227248907089233
1893.7,0.30854523181915283
1893.8000000000002,0.29999423027038574
1893.9,0.3070504367351532
1894.0000000000002,0.3093094229698181
1894.1000000000001,0.3176480233669281
1894.2,0.30904099345207214
1894.3000000000002,0.3087713122367859
1894.4,0.30652183294296265
1894.5000000000002,0.3090521991252899
1894.6000000000001,0.3117094933986664
1894.7,0.31253960728645325
1894.8000000000002,0.31287023425102234
1894.9,0.3085281252861023
1895.0000000000002,0.3141466975212097
1895.1000000000001,0.3088214695453644
1895.2,0.31346628069877625
1895.3000000000002,0.3119224011898041
1895.4,0.30796658992767334
1895.5000000000002,0.31385132670402527
1895.6000000000001,0.31386488676071167
1895.7,0.306785523891449
1895.8000000000002,0.3143661618232727
1895.9,0.3121561110019684
1896.0000000000002,0.3138980269432068
1896.1000000000001,0.31035417318344116
1896.2,0.31274065375328064
1896.3000000000002,0.31021448969841003
1896.4,0.3092799484729767
1896.5000000000002,0.31445634365081787
1896.6000000000001,0.3023178279399872
1896.7,0.3099927306175232
1896.8000000000002,0.31510430574417114
1896.9,0.3033573031425476
1897.0000000000002,0.31797364354133606
1897.1000000000001,0.3065442740917206
1897.2,0.30880340933799744
1897.3000000000002,0.3214700520038605
1897.4,0.3142186999320984
1897.5000000000002,0.31352752447128296
1897.6000000000001,0.30990269780158997
1897.7,0.3126147389411926
1897.8000000000002,0.30267035961151123
1897.9,0.3041645288467407
1898.0000000000002,0.315152645111084
1898.1000000000001,0.3093283772468567
1898.2,0.30886295437812805
1898.3000000000002,0.31710103154182434
1898.4,0.30893799662590027
1898.5000000000002,0.303768515586853
1898.6000000000001,0.3097718060016632
1898.7,0.3050875663757324
1898.8000000000002,0.30718719959259033
1898.9,0.3101203739643097
1899.0000000000002,0.3175796568393707
1899.1000000000001,0.3049505352973938
1899.2,0.3100999891757965
1899.3000000000002,0.3140491247177124
1899.4,0.3166320025920868
1899.5000000000002,0.31128278374671936
1899.6000000000001,0.31430745124816895
1899.7,0.309808611869812
1899.8000000000002,0.30860641598701477
1899.9,0.3060795068740845
1900.0000000000002,0.3089664876461029
1900.1000000000001,0.3064122200012207
1900.2,0.3111937344074249
1900.3000000000002,0.31798917055130005
1900.4,0.30548739433288574
1900.5000000000002,0.315848708152771
1900.6000000000001,0.3187369108200073
1900.7,0.31466707587242126
1900.8000000000002,0.3071868419647217
1900.9,0.3084257245063782
1901.0000000000002,0.31284815073013306
1901.1000000000001,0.30673062801361084
1901.2,0.3132660686969757
1901.3000000000002,0.30366167426109314
1901.4,0.3069077134132385
1901.5000000000002,0.30651792883872986
1901.6000000000001,0.31561172008514404
1901.7,0.3127865195274353
1901.8000000000002,0.313085675239563
1901.9,0.3170389235019684
1902.0000000000002,0.3096520006656647
1902.1000000000001,0.3150627613067627
1902.2,0.30708518624305725
1902.3000000000002,0.3125712275505066
1902.4,0.3186413049697876
1902.5000000000002,0.3104672133922577
1902.6000000000001,0.3150409460067749
1902.7,0.31079649925231934
1902.8000000000002,0.3129911422729492
1902.9,0.31770437955856323
1903.0000000000002,0.3071926236152649
1903.1000000000001,0.3058319389820099
1903.2,0.31631675362586975
1903.3000000000002,0.31642091274261475
1903.4,0.3040574789047241
1903.5000000000002,0.3139456510543823
1903.6000000000001,0.31428003311157227
1903.7,0.31871750950813293
1903.8000000000002,0.3062039613723755
1903.9,0.3154600262641907
1904.0000000000002,0.3065665066242218
1904.1000000000001,0.30372440814971924
1904.2,0.3198263347148895
1904.3000000000002,0.3156900107860565
1904.4,0.29971063137054443
1904.5000000000002,0.3114244043827057
1904.6000000000001,0.31312060356140137
1904.7,0.3007345497608185
1904.8000000000002,0.29676783084869385
1904.9,0.3125024139881134
1905.0000000000002,0.31209394335746765
1905.1000000000001,0.3180750012397766
1905.2,0.3096023499965668
1905.3000000000002,0.3052451014518738
1905.4,0.31799718737602234
1905.5000000000002,0.3116964101791382
1905.6000000000001,0.3074065148830414
1905.7,0.3118166923522949
1905.8000000000002,0.31213557720184326
1905.9,0.31098565459251404
1906.0000000000002,0.3141024708747864
1906.1000000000001,0.30568796396255493
1906.2,0.3132235109806061
1906.3000000000002,0.30399370193481445
1906.4,0.30946800112724304
1906.5000000000002,0.312867671251297
1906.6000000000001,0.3163987100124359
1906.7,0.31312796473503113
1906.8000000000002,0.31208205223083496
1906.9,0.3179311156272888
1907.0000000000002,0.3089076280593872
1907.1000000000001,0.3006516695022583
1907.2,0.30042019486427307
1907.3000000000002,0.31464141607284546
1907.4,0.3122901916503906
1907.5000000000002,0.3187634348869324
1907.6000000000001,0.3223247528076172
1907.7,0.31038230657577515
1907.8000000000002,0.30336034297943115
1907.9,0.3170727789402008
1908.0000000000002,0.31339648365974426
1908.1000000000001,0.31510376930236816
1908.2,0.311913400888443
1908.3000000000002,0.3155277967453003
1908.4,0.3060995638370514
1908.5000000000002,0.3158071041107178
1908.6000000000001,0.30911123752593994
1908.7,0.3108084201812744
1908.8000000000002,0.3067595362663269
1908.9,0.3097888231277466
1909.0000000000002,0.3146255314350128
1909.1000000000001,0.3021981716156006
1909.2,0.3148151636123657
1909.3000000000002,0.3101734220981598
1909.4,0.3086812496185303
1909.5000000000002,0.3121604025363922
1909.6000000000001,0.3147437572479248
1909.7,0.30878496170043945
1909.8000000000002,0.3144727051258087
1909.9,0.3044939637184143
1910.0000000000002,0.3040516674518585
1910.1000000000001,0.31500443816185
1910.2,0.3176267445087433
1910.3000000000002,0.3155122697353363
1910.4,0.31159260869026184
1910.5000000000002,0.3152727484703064
1910.6000000000001,0.309652715921402
1910.7,0.3109535276889801
1910.8000000000002,0.3136600852012634
1910.9,0.2951826751232147
1911.0000000000002,0.30760225653648376
1911.1000000000001,0.30932098627090454
1911.2,0.2903718948364258
1911.3000000000002,0.30234766006469727
1911.4,0.30688783526420593
1911.5000000000002,0.30986469984054565
1911.6000000000001,0.3124154508113861
1911.7,0.31269434094429016
1911.8000000000002,0.31283968687057495
1911.9,0.3088260591030121
1912.0000000000002,0.31197506189346313
1912.1000000000001,0.3158472776412964
1912.2,0.308774471282959
1912.3000000000002,0.3084679841995239
1912.4,0.3151368498802185
1912.5000000000002,0.3004125952720642
1912.6000000000001,0.3107948303222656
1912.7,0.30526989698410034
1912.8000000000002,0.31829410791397095
1912.9,0.3135765492916107
1913.0000000000002,0.31793448328971863
1913.1000000000001,0.31040656566619873
1913.2,0.316982626914978
1913.3000000000002,0.30771076679229736
1913.4,0.31323114037513733
1913.5000000000002,0.30550846457481384
1913.6000000000001,0.30557873845100403
1913.7,0.30736351013183594
1913.8000000000002,0.3110264241695404
1913.9,0.310152143239975
1914.0000000000002,0.31332001090049744
1914.1000000000001,0.3147261440753937
1914.2,0.30717405676841736
1914.3000000000002,0.3189034163951874
1914.4,0.30800536274909973
1914.5000000000002,0.317884236574173
1914.6000000000001,0.312262624502182
1914.7,0.3078291118144989
1914.8000000000002,0.32381170988082886
1914.9,0.3138730227947235
1915.0000000000002,0.31084853410720825
1915.1000000000001,0.31399399042129517
1915.2,0.31485483050346375
1915.3000000000002,0.3159356713294983
1915.4,0.30887892842292786
1915.5000000000002,0.3095845580101013
1915.6000000000001,0.3150290250778198
1915.7,0.315951943397522
1915.8000000000002,0.31285929679870605
1915.9,0.3092571198940277
1916.0000000000002,0.32039475440979004
1916.1000000000001,0.31298545002937317
1916.2,0.3104061186313629
1916.3000000000002,0.3057458698749542
1916.4,0.31141379475593567
1916.5000000000002,0.31486064195632935
1916.6000000000001,0.3167676031589508
1916.7,0.313292533159256
1916.8000000000002,0.3182849884033203
1916.9,0.3159606158733368
1917.0000000000002,0.30428972840309143
1917.1000000000001,0.30142202973365784
1917.2,0.3099217116832733
1917.3000000000002,0.3173421621322632
1917.4,0.3177463114261627
1917.5000000000002,0.314873605966568
1917.6000000000001,0.3028974235057831
1917.7,0.3175930976867676
1917.8000000000002,0.31275102496147156
1917.9,0.3179444372653961
1918.0000000000002,0.3113185465335846
1918.1000000000001,0.3061694800853729
1918.2,0.31281429529190063
1918.3000000000002,0.305011123418808
1918.4,0.300508975982666
1918.5000000000002,0.3047317862510681
1918.6000000000001,0.30203038454055786
1918.7,0.3135400116443634
1918.8000000000002,0.31384310126304626
1918.9,0.3126707077026367
1919.0000000000002,0.315023273229599
1919.1000000000001,0.28717491030693054
1919.2,0.3120456337928772
1919.3000000000002,0.3099687695503235
1919.4,0.3091152012348175
1919.5000000000002,0.3132343292236328
1919.6000000000001,0.3099924921989441
1919.7,0.3151859641075134
1919.8000000000002,0.3101281225681305
1919.9,0.30416086316108704
1920.0000000000002,0.3093239963054657
1920.1000000000001,0.2997095584869385
1920.2,0.30808719992637634
1920.3000000000002,0.307297021150589
1920.4,0.31705719232559204
1920.5000000000002,0.3109372854232788
1920.6000000000001,0.3084724247455597
1920.7,0.31011462211608887
1920.8000000000002,0.32171866297721863
1920.9,0.299056738615036
1921.0000000000002,0.31606361269950867
1921.1000000000001,0.30608728528022766
1921.2,0.31812432408332825
1921.3000000000002,0.29472970962524414
1921.4,0.31155699491500854
1921.5000000000002,0.316593736410141
1921.6000000000001,0.29639407992362976
1921.7,0.31111910939216614
1921.8000000000002,0.31028398871421814
1921.9,0.3176029622554779
1922.0000000000002,0.31828007102012634
1922.1000000000001,0.30975160002708435
1922.2,0.31133246421813965
1922.3000000000002,0.31570544838905334
1922.4,0.3129195272922516
1922.5000000000002,0.3150472939014435
1922.6000000000001,0.31080156564712524
1922.7,0.31484776735305786
1922.8000000000002,0.31546148657798767
1922.9,0.3159148395061493
1923.0000000000002,0.30576270818710327
1923.1000000000001,0.3025008738040924
1923.2,0.31374654173851013
1923.3000000000002,0.31060490012168884
1923.4,0.3180208206176758
1923.5000000000002,0.3008410334587097
1923.6000000000001,0.3111136257648468
1923.7,0.31572815775871277
1923.8000000000002,0.3107374906539917
1923.9,0.3099523186683655
1924.0000000000002,0.3068067133426666
1924.1000000000001,0.3150353729724884
1924.2,0.31516391038894653
1924.3000000000002,0.31123340129852295
1924.4,0.3147065043449402
1924.5000000000002,0.3090294897556305
1924.6000000000001,0.31443849205970764
1924.7,0.318757563829422
1924.8000000000002,0.3162337839603424
1924.9,0.310378760099411
1925.0000000000002,0.30268487334251404
1925.1000000000001,0.31497126817703247
1925.2,0.31224438548088074
1925.3000000000002,0.301257461309433
1925.4,0.31094977259635925
1925.5000000000002,0.3071504831314087
1925.6000000000001,0.3120448887348175
1925.7,0.31213825941085815
1925.8000000000002,0.3165322244167328
1925.9,0.31783393025398254
1926.0000000000002,0.3174481689929962
1926.1000000000001,0.3147311210632324
1926.2,0.31503424048423767
1926.3000000000002,0.31426718831062317
1926.4,0.31407445669174194
1926.5000000000002,0.31318262219429016
1926.6000000000001,0.3105628192424774
1926.7,0.30661898851394653
1926.8000000000002,0.3158392906188965
1926.9,0.3083003759384155
1927.0000000000002,0.317803293466568
1927.1000000000001,0.31364792585372925
1927.2,0.3030785620212555
1927.3000000000002,0.31371673941612244
1927.4,0.3169128894805908
1927.6000000000001,0.3056599795818329
1927.6000000000001,0.3197973370552063
1927.7,0.31309616565704346
1927.8000000000002,0.3198443651199341
1927.9,0.30973732471466064
1928.0000000000002,0.3145275413990021
1928.1000000000001,0.31100010871887207
1928.2,0.3084859549999237
1928.3000000000002,0.3162038028240204
1928.4,0.30625787377357483
1928.5000000000002,0.31377899646759033
1928.6000000000001,0.305201917886734
1928.7,0.31698936223983765
1928.8000000000002,0.3112960755825043
1928.9,0.3130756616592407
1929.0000000000002,0.31175315380096436
1929.1000000000001,0.30984431505203247
1929.2,0.31543615460395813
1929.3000000000002,0.31440144777297974
1929.4,0.3094700872898102
1929.5000000000002,0.30393844842910767
1929.6000000000001,0.31516361236572266
1929.7,0.30477896332740784
1929.8000000000002,0.31266412138938904
1929.9,0.30354586243629456
1930.0000000000002,0.30251824855804443
1930.1000000000001,0.32031798362731934
1930.2,0.31409943103790283
1930.3000000000002,0.3114451766014099
1930.4,0.31825435161590576
1930.5000000000002,0.3177354633808136
1930.6000000000001,0.29883477091789246
1930.7,0.3014690577983856
1930.8000000000002,0.31474435329437256
1930.9,0.3135520815849304
1931.0000000000002,0.3088032603263855
1931.1000000000001,0.30355650186538696
1931.2,0.31119537353515625
1931.3000000000002,0.3107554614543915
1931.4,0.3093816339969635
1931.5000000000002,0.31251123547554016
1931.6000000000001,0.3058905303478241
1931.7,0.3079700171947479
1931.8000000000002,0.3149975538253784
1931.9,0.3168174922466278
1932.0000000000002,0.30713117122650146
1932.1000000000001,0.3130057156085968
1932.2,0.3146792948246002
1932.3000000000002,0.3114261329174042
1932.4,0.31445029377937317
1932.5000000000002,0.30247482657432556
1932.6000000000001,0.30662280321121216
1932.7,0.310884028673172
1932.8000000000002,0.30809271335601807
1932.9,0.3117912709712982
1933.0000000000002,0.3131362795829773
1933.1000000000001,0.31144991517066956
1933.2,0.31145593523979187
1933.3000000000002,0.3097141981124878
1933.4,0.3141007423400879
1933.5000000000002,0.3044406473636627
1933.6000000000001,0.31541207432746887
1933.7,0.3096398413181305
1933.8000000000002,0.30713674426078796
1933.9,0.3018943965435028
1934.0000000000002,0.3132632076740265
1934.1000000000001,0.3077601492404938
1934.2,0.31066033244132996
1934.3000000000002,0.30978888273239136
1934.4,0.3143768906593323
1934.5000000000002,0.30983632802963257
1934.6000000000001,0.2963975667953491
1934.7,0.30745530128479004
1934.8000000000002,0.31741204857826233
1934.9,0.3160606920719147
1935.0000000000002,0.3062331974506378
1935.1000000000001,0.3071058690547943
1935.2,0.31479403376579285
1935.3000000000002,0.31159132719039917
1935.4,0.3131992220878601
1935.5000000000002,0.3054501712322235
1935.6000000000001,0.3038446605205536
1935.7,0.31141769886016846
1935.8000000000002,0.3171691298484802
1935.9,0.3133419454097748
1936.0000000000002,0.3164661228656769
1936.1000000000001,0.3144395649433136
1936.2,0.3130609393119812
1936.3000000000002,0.3157629072666168
1936.4,0.30802273750305176
1936.5000000000002,0.30732667446136475
1936.6000000000001,0.31556060910224915
1936.7,0.3128036558628082
1936.8000000000002,0.3072473704814911
1936.9,0.30697566270828247
1937.0000000000002,0.3120358884334564
1937.1000000000001,0.31675663590431213
1937.2,0.30915170907974243
1937.3000000000002,0.3080478310585022
1937.4,0.30867284536361694
1937.5000000000002,0.3161984980106354
1937.6000000000001,0.3179410398006439
1937.7,0.3068748116493225
1937.8000000000002,0.31750449538230896
1937.9,0.31207358837127686
1938.0000000000002,0.3119606673717499
1938.1000000000001,0.31663721799850464
1938.2,0.318904310464859
1938.3000000000002,0.3080662786960602
1938.4,0.31193575263023376
1938.5000000000002,0.30838924646377563
1938.6000000000001,0.3182583749294281
1938.7,0.3106759190559387
1938.8000000000002,0.31661510467529297
1938.9,0.3097116947174072
1939.0000000000002,0.3148939907550812
1939.1000000000001,0.31199967861175537
1939.2,0.3114590048789978
1939.3000000000002,0.3060448467731476
1939.4,0.311521977186203
1939.5000000000002,0.3039025366306305
1939.6000000000001,0.31273123621940613
1939.7,0.31461167335510254
1939.8000000000002,0.31390097737312317
1939.9,0.311588317155838
1940.0000000000002,0.31424328684806824
1940.1000000000001,0.31594520807266235
1940.2,0.31715238094329834
1940.3000000000002,0.31144148111343384
1940.4,0.3102263808250427
1940.5000000000002,0.31973984837532043
1940.6000000000001,0.3139432966709137
1940.7,0.30416691303253174
1940.8000000000002,0.3131040930747986
1940.9,0.3056860864162445
1941.0000000000002,0.3132456839084625
1941.1000000000001,0.32170456647872925
1941.2,0.30618271231651306
1941.3000000000002,0.31236445903778076
1941.4,0.3197720944881439
1941.5000000000002,0.3133494555950165
1941.6000000000001,0.3052558898925781
1941.7,0.3091830611228943
1941.8000000000002,0.31147459149360657
1941.9,0.30717551708221436
1942.0000000000002,0.3105342984199524
1942.1000000000001,0.3025665283203125
1942.2,0.3198557496070862
1942.3000000000002,0.31136104464530945
1942.4,0.3144592344760895
1942.5000000000002,0.3202725052833557
1942.6000000000001,0.3213672935962677
1942.7,0.3123561441898346
1942.8000000000002,0.3088795244693756
1942.9,0.31408295035362244
1943.0000000000002,0.31414616107940674
1943.1000000000001,0.3117297887802124
1943.2,0.30429357290267944
1943.3000000000002,0.3073652386665344
1943.4,0.3138190507888794
1943.5000000000002,0.30769824981689453
1943.6000000000001,0.3085867762565613
1943.7,0.3081018626689911
1943.8000000000002,0.3083195388317108
1943.9,0.31686386466026306
1944.0000000000002,0.30935898423194885
1944.1000000000001,0.31567177176475525
1944.2,0.3096027076244354
1944.3000000000002,0.30475205183029175
1944.4,0.30451810359954834
1944.5000000000002,0.3156048357486725
1944.6000000000001,0.3124792277812958
1944.7,0.30002015829086304
1944.8000000000002,0.3026061952114105
1944.9,0.31734541058540344
1945.0000000000002,0.31172823905944824
1945.1000000000001,0.31299394369125366
1945.2,0.3192365765571594
1945.3000000000002,0.3078252673149109
1945.4,0.30639663338661194
1945.5000000000002,0.31175655126571655
1945.6000000000001,0.31004923582077026
1945.7,0.3122061491012573
1945.8000000000002,0.3177632987499237
1945.9,0.30580970644950867
1946.0000000000002,0.31197065114974976
1946.1000000000001,0.3117113709449768
1946.2,0.3116438388824463
1946.3000000000002,0.3125041425228119
1946.4,0.31419309973716736
1946.5000000000002,0.307988703250885
1946.6000000000001,0.30975139141082764
1946.7,0.31444448232650757
1946.8000000000002,0.3167433738708496
1946.9,0.3114033341407776
1947.0000000000002,0.3040883243083954
1947.1000000000001,0.30246299505233765
1947.2,0.31360718607902527
1947.3000000000002,0.3156656324863434
1947.4,0.3072086274623871
1947.5000000000002,0.31971216201782227
1947.6000000000001,0.3199016749858856
1947.7,0.31286299228668213
1947.8000000000002,0.3054388761520386
1947.9,0.31108012795448303
1948.0000000000002,0.30148157477378845
1948.1000000000001,0.30226990580558777
1948.2,0.310287743806839
1948.3000000000002,0.30437204241752625
1948.4,0.31333717703819275
1948.5000000000002,0.3099268674850464
1948.6000000000001,0.3085837960243225
1948.7,0.3231407403945923
1948.8000000000002,0.3084868788719177
1948.9,0.3093178868293762
1949.0000000000002,0.3075595796108246
1949.1000000000001,0.31319913268089294
1949.2,0.30585622787475586
1949.3000000000002,0.30124175548553467
1949.4,0.3157063126564026
1949.5000000000002,0.31597912311553955
1949.6000000000001,0.3050691485404968
1949.7,0.2994748055934906
1949.8000000000002,0.3192262649536133
1949.9,0.31801915168762207
1950.0000000000002,0.31679341197013855
1950.1000000000001,0.31167900562286377
1950.2,0.31623730063438416
1950.3000000000002,0.3034900724887848
1950.4,0.3122618794441223
1950.5000000000002,0.3072779178619385
1950.6000000000001,0.3134497106075287
1950.7,0.30535784363746643
1950.8000000000002,0.30742934346199036
1950.9,0.30840960144996643
1951.0000000000002,0.3153982162475586
1951.1000000000001,0.313687264919281
1951.2,0.3069208562374115
1951.3000000000002,0.30172356963157654
1951.4,0.3106609582901001
1951.5000000000002,0.31372737884521484
1951.6000000000001,0.3125718832015991
1951.7,0.3085029721260071
1951.8000000000002,0.3112768828868866
1951.9,0.3070176839828491
1952.0000000000002,0.31167396903038025
1952.1000000000001,0.32180508971214294
1952.2,0.31360316276550293
1952.3000000000002,0.3082508146762848
1952.4,0.31212565302848816
1952.5000000000002,0.3126015067100525
1952.6000000000001,0.31597229838371277
1952.7,0.31957173347473145
1952.8000000000002,0.32102665305137634
1952.9,0.3068656623363495
1953.0000000000002,0.30901777744293213
1953.1000000000001,0.30611661076545715
1953.2,0.3141845166683197
1953.3000000000002,0.31853049993515015
1953.4,0.31494882702827454
1953.5000000000002,0.31632933020591736
1953.6000000000001,0.3052159547805786
1953.7,0.3079313635826111
1953.8000000000002,0.3171953856945038
1953.9,0.3096787631511688
1954.0000000000002,0.31278520822525024
1954.1000000000001,0.31593817472457886
1954.2,0.30760934948921204
1954.3000000000002,0.3098636865615845
1954.4,0.31209298968315125
1954.5000000000002,0.3096662759780884
1954.6000000000001,0.30052661895751953
1954.7,0.3105824887752533
1954.8000000000002,0.3182360827922821
1954.9,0.3130475580692291
1955.0000000000002,0.3072003126144409
1955.1000000000001,0.3116986155509949
1955.2,0.3146342635154724
1955.3000000000002,0.3168397843837738
1955.4,0.3192475140094757
1955.5000000000002,0.31614935398101807
1955.6000000000001,0.3047352135181427
1955.7,0.3023134469985962
1955.8000000000002,0.30952566862106323
1955.9,0.3182189464569092
1956.0000000000002,0.31243062019348145
1956.1000000000001,0.31170254945755005
1956.2,0.3102574050426483
1956.3000000000002,0.2987184226512909
1956.4,0.30881407856941223
1956.5000000000002,0.3111341595649719
1956.6000000000001,0.30973362922668457
1956.7,0.30970174074172974
1956.8000000000002,0.3117682933807373
1956.9,0.30646541714668274
1957.0000000000002,0.3135090172290802
1957.1000000000001,0.3139118254184723
1957.2,0.30578678846359253
1957.3000000000002,0.31391581892967224
1957.4,0.30845820903778076
1957.5000000000002,0.3075422942638397
1957.6000000000001,0.31786078214645386
1957.7,0.31195998191833496
1957.8000000000002,0.3109745383262634
1957.9,0.3136030435562134
1958.0000000000002,0.30823805928230286
1958.1000000000001,0.3183237612247467
1958.2,0.304137647151947
1958.3000000000002,0.3137241005897522
1958.4,0.31638669967651367
1958.5000000000002,0.3107675015926361
1958.6000000000001,0.31317970156669617
1958.7,0.3166638910770416
1958.8000000000002,0.3051285743713379
1958.9,0.30432432889938354
1959.0000000000002,0.30868828296661377
1959.1000000000001,0.3152080178260803
1959.2,0.3163270056247711
1959.3000000000002,0.31715771555900574
1959.4,0.31337791681289673
1959.5000000000002,0.31997987627983093
1959.6000000000001,0.3045775890350342
1959.7,0.30373871326446533
1959.8000000000002,0.31535810232162476
1959.9,0.31526005268096924
1960.0000000000002,0.3068792223930359
1960.1000000000001,0.30557969212532043
1960.2,0.3121471107006073
1960.3000000000002,0.3106052577495575
1960.4,0.3053029775619507
1960.5000000000002,0.3107685148715973
1960.6000000000001,0.3117220401763916
1960.7,0.31149905920028687
1960.8000000000002,0.3040105700492859
1960.9,0.31396299600601196
1961.0000000000002,0.3083222806453705
1961.1000000000001,0.3203694224357605
1961.2,0.2999388575553894
1961.3000000000002,0.310912162065506
1961.4,0.31126466393470764
1961.5000000000002,0.3166176378726959
1961.6000000000001,0.31647804379463196
1961.7,0.3116564452648163
1961.8000000000002,0.318337082862854
1961.9,0.3173125684261322
1962.0000000000002,0.3117791712284088
1962.1000000000001,0.3150483965873718
1962.2,0.30482444167137146
1962.3000000000002,0.2974646985530853
1962.4,0.30831748247146606
1962.5000000000002,0.31320369243621826
1962.6000000000001,0.31995755434036255
1962.7,0.31219297647476196
1962.8000000000002,0.31838467717170715
1962.9,0.31229662895202637
1963.0000000000002,0.314262717962265
1963.1000000000001,0.3117455840110779
1963.2,0.31398171186447144
1963.3000000000002,0.3117240071296692
1963.4,0.30761611461639404
1963.5000000000002,0.314439058303833
1963.6000000000001,0.30582231283187866
1963.7,0.3152884840965271
1963.8000000000002,0.291080504655838
1963.9,0.319815456867218
1964.0000000000002,0.3182234466075897
1964.1000000000001,0.309012770652771
1964.2,0.31288307905197144
1964.3000000000002,0.31348469853401184
1964.4,0.31083738803863525
1964.5000000000002,0.3132958710193634
1964.6000000000001,0.3201747238636017
1964.7,0.3125167787075043
1964.8000000000002,0.3026757538318634
1964.9,0.315582811832428
1965.0000000000002,0.3150070607662201
1965.1000000000001,0.2994006276130676
1965.2,0.3113597631454468
1965.3000000000002,0.3100888431072235
1965.4,0.31848984956741333
1965.5000000000002,0.3156921863555908
1965.6000000000001,0.30675992369651794
1965.7,0.3087424337863922
1965.8000000000002,0.3139732778072357
1965.9,0.3125613033771515
1966.0000000000002,0.3101308047771454
1966.1000000000001,0.3123075067996979
1966.2,0.30720075964927673
1966.3000000000002,0.3175203800201416
1966.4,0.3141304552555084
1966.5000000000002,0.3073769807815552
1966.6000000000001,0.3096005618572235
1966.7,0.31701424717903137
1966.8000000000002,0.3168100416660309
1966.9,0.3063369691371918
1967.0000000000002,0.30769625306129456
1967.1000000000001,0.3130902051925659
1967.2,0.31551021337509155
1967.3000000000002,0.31529027223587036
1967.4,0.31872254610061646
1967.5000000000002,0.3172893226146698
1967.6000000000001,0.31231454014778137
1967.7,0.3150450885295868
1967.8000000000002,0.3148094415664673
1967.9,0.31342774629592896
1968.0000000000002,0.31157219409942627
1968.1000000000001,0.32018476724624634
1968.2,0.31993234157562256
1968.3000000000002,0.30647340416908264
1968.4,0.30597808957099915
1968.5000000000002,0.31528469920158386
1968.6000000000001,0.3142727315425873
1968.7,0.3156786859035492
1968.8000000000002,0.3024645745754242
1968.9,0.3102402687072754
1969.0000000000002,0.3139922320842743
1969.1000000000001,0.3198721706867218
1969.2,0.3121516704559326
1969.3000000000002,0.3129304349422455
1969.4,0.3122037351131439
1969.5000000000002,0.31040865182876587
1969.6000000000001,0.31391575932502747
1969.7,0.3120150566101074
1969.8000000000002,0.3035401999950409
1969.9,0.31450536847114563
1970.0000000000002,0.31663280725479126
1970.1000000000001,0.31154051423072815
1970.2,0.3151077330112457
1970.3000000000002,0.3098355233669281
1970.4,0.311000794172287
1970.5000000000002,0.3118728697299957
1970.6000000000001,0.30952146649360657
1970.7,0.3108369708061218
1970.8000000000002,0.3154739737510681
1970.9,0.3156478703022003
1971.0000000000002,0.3094812035560608
1971.1000000000001,0.312209814786911
1971.2,0.31509512662887573
1971.3000000000002,0.31656935811042786
1971.4,0.3154118061065674
1971.5000000000002,0.31411072611808777
1971.6000000000001,0.3152775168418884
1971.7,0.30990689992904663
1971.8000000000002,0.30956360697746277
1971.9,0.3080916404724121
1972.0000000000002,0.30894720554351807
1972.1000000000001,0.3053358793258667
1972.2,0.31073495745658875
1972.3000000000002,0.3163697421550751
1972.4,0.3050418496131897
1972.5000000000002,0.31188344955444336
1972.6000000000001,0.3113442063331604
1972.7,0.3164120614528656
1972.8000000000002,0.316811740398407
1972.9,0.31100574135780334
1973.0000000000002,0.3028201162815094
1973.1000000000001,0.3108178675174713
1973.2,0.30718693137168884
1973.3000000000002,0.3066672384738922
1973.4,0.31099802255630493
1973.5000000000002,0.31165561079978943
1973.6000000000001,0.31438112258911133
1973.7,0.30904215574264526
1973.8000000000002,0.31102433800697327
1973.9,0.3053390085697174
1974.0000000000002,0.30789583921432495
1974.1000000000001,0.3130307197570801
1974.2,0.3151097297668457
1974.3000000000002,0.310675710439682
1974.4,0.3084491491317749
1974.5000000000002,0.31185436248779297
1974.6000000000001,0.309740275144577
1974.7,0.31861045956611633
1974.8000000000002,0.3102171719074249
1974.9,0.30767935514450073
1975.0000000000002,0.3080962002277374
1975.1000000000001,0.3111051321029663
1975.2,0.31726911664009094
1975.3000000000002,0.3084610104560852
1975.4,0.31651172041893005
1975.5000000000002,0.3111601173877716
1975.6000000000001,0.31891757249832153
1975.7,0.3081330358982086
1975.8000000000002,0.3210134506225586
1975.9,0.30951622128486633
1976.0000000000002,0.3102385401725769
1976.1000000000001,0.3077724575996399
1976.2,0.316219687461853
1976.3000000000002,0.31161898374557495
1976.4,0.31250640749931335
1976.5000000000002,0.3039056658744812
1976.6000000000001,0.31280308961868286
1976.7,0.3140321969985962
1976.8000000000002,0.3112124502658844
1976.9,0.314704954624176
1977.0000000000002,0.307753324508667
1977.1000000000001,0.31341326236724854
1977.2,0.31260114908218384
1977.3000000000002,0.3037439286708832
1977.4,0.30933573842048645
1977.5000000000002,0.31440845131874084
1977.6000000000001,0.30849987268447876
1977.7,0.31317567825317383
1977.8000000000002,0.2973923981189728
1977.9,0.31481319665908813
1978.0000000000002,0.30660757422447205
1978.1000000000001,0.30520373582839966
1978.2,0.30991941690444946
1978.3000000000002,0.3110960125923157
1978.4,0.32073020935058594
1978.5000000000002,0.3152441382408142
1978.6000000000001,0.3109380006790161
1978.7,0.31374141573905945
1978.8000000000002,0.3122774064540863
1978.9,0.3097323477268219
1979.0000000000002,0.3122061491012573
1979.1000000000001,0.3184017241001129
1979.2,0.3024994432926178
1979.3000000000002,0.30540138483047485
1979.4,0.29735156893730164
1979.5000000000002,0.3161088526248932
1979.6000000000001,0.3142194151878357
1979.7,0.31303492188453674
1979.8000000000002,0.3136124312877655
1979.9,0.310918927192688
1980.0000000000002,0.30746716260910034
1980.1000000000001,0.3106246590614319
1980.2,0.3153962790966034
1980.3000000000002,0.30749794840812683
1980.4,0.3137331008911133
1980.5000000000002,0.3018866181373596
1980.6000000000001,0.31956419348716736
1980.7,0.3233974277973175
1980.8000000000002,0.30719029903411865
1980.9,0.31417104601860046
1981.0000000000002,0.31112563610076904
1981.1000000000001,0.3147369623184204
1981.2,0.31717649102211
1981.3000000000002,0.3148292899131775
1981.4,0.3146519660949707
1981.5000000000002,0.2999260127544403
1981.6000000000001,0.31948232650756836
1981.7,0.3133126497268677
1981.8000000000002,0.3061847984790802
1981.9,0.31006553769111633
1982.0000000000002,0.31209757924079895
1982.1000000000001,0.3144291937351227
1982.2,0.29998889565467834
1982.3000000000002,0.315070241689682
1982.4,0.3129531443119049
1982.5000000000002,0.3116704225540161
1982.6000000000001,0.31702500581741333
1982.7,0.31382831931114197
1982.8000000000002,0.3101159632205963
1982.9,0.3130394220352173
1983.0000000000002,0.3177468776702881
1983.1000000000001,0.3135644793510437
1983.2,0.3162975311279297
1983.3000000000002,0.3047177791595459
1983.4,0.31300944089889526
1983.5000000000002,0.31558510661125183
1983.6000000000001,0.3193582594394684
1983.7,0.3069649040699005
1983.8000000000002,0.30834031105041504
1983.9,0.31113845109939575
1984.0000000000002,0.2953242063522339
1984.1000000000001,0.31207075715065
1984.2,0.3073940873146057
1984.3000000000002,0.311264306306839
1984.4,0.316908597946167
1984.5000000000002,0.30847296118736267
1984.6000000000001,0.3160586655139923
1984.7,0.3086211085319519
1984.8000000000002,0.31345075368881226
1984.9,0.31741052865982056
1985.0000000000002,0.3181792199611664
1985.1000000000001,0.30912187695503235
1985.2,0.3104735016822815
1985.3000000000002,0.30710843205451965
1985.4,0.3175819516181946
1985.5000000000002,0.30296969413757324
1985.6000000000001,0.3120623528957367
1985.7,0.3109095096588135
1985.8000000000002,0.30586615204811096
1985.9,0.31201207637786865
1986.0000000000002,0.3153263032436371
1986.1000000000001,0.31729984283447266
1986.2,0.31265684962272644
1986.3000000000002,0.3187866806983948
1986.4,0.3058120608329773
1986.5000000000002,0.3128252625465393
1986.6000000000001,0.31240731477737427
1986.7,0.31203562021255493
1986.8000000000002,0.30997011065483093
1986.9,0.3044676184654236
1987.0000000000002,0.30680444836616516
1987.1000000000001,0.30900177359580994
1987.2,0.3019644320011139
1987.3000000000002,0.300068199634552
1987.4,0.31519487500190735
1987.5000000000002,0.30844101309776306
1987.6000000000001,0.3144285976886749
1987.7,0.3009999990463257
1987.8000000000002,0.31611359119415283
1987.9,0.3120757043361664
1988.0000000000002,0.30935704708099365
1988.1000000000001,0.31162700057029724
1988.2,0.3088838756084442
1988.3000000000002,0.3075856864452362
1988.4,0.31217843294143677
1988.5000000000002,0.31043606996536255
1988.6000000000001,0.31601274013519287
1988.7,0.31495368480682373
1988.8000000000002,0.3213357925415039
1988.9,0.31351667642593384
1989.0000000000002,0.3106094002723694
1989.1000000000001,0.318439781665802
1989.2,0.30487656593322754
1989.3000000000002,0.29342347383499146
1989.4,0.3123956620693207
1989.5000000000002,0.31239020824432373
1989.6000000000001,0.31545302271842957
1989.7,0.3155514895915985
1989.8000000000002,0.30927976965904236
1989.9,0.30041438341140747
1990.0000000000002,0.31219956278800964
1990.1000000000001,0.3092423975467682
1990.2,0.3188821077346802
1990.3000000000002,0.3199235796928406
1990.4,0.3125208020210266
1990.5000000000002,0.30898281931877136
1990.6000000000001,0.31450945138931274
1990.7,0.3120242655277252
1990.8000000000002,0.3056759834289551
1990.9,0.3134920299053192
1991.0000000000002,0.31808510422706604
1991.1000000000001,0.29927197098731995
1991.2,0.316173791885376
1991.3000000000002,0.31282004714012146
1991.4,0.3169180750846863
1991.5000000000002,0.3080533444881439
1991.6000000000001,0.3051397502422333
1991.7,0.313272088766098
1991.8000000000002,0.30508437752723694
1991.9,0.31858962774276733
1992.0000000000002,0.3113906979560852
1992.1000000000001,0.31576961278915405
1992.2,0.3122635781764984
1992.3000000000002,0.31037867069244385
1992.4,0.30339592695236206
1992.5000000000002,0.31785184144973755
1992.6000000000001,0.3117561936378479
1992.7,0.3131323456764221
1992.8000000000002,0.308950275182724
1992.9,0.3019436299800873
1993.0000000000002,0.31545311212539673
1993.1000000000001,0.30574360489845276
1993.2,0.30596107244491577
1993.3000000000002,0.3035145699977875
1993.4,0.3115317225456238
1993.5000000000002,0.31401926279067993
1993.6000000000001,0.31577542424201965
1993.7,0.3135001063346863
1993.8000000000002,0.3101871907711029
1993.9,0.31218722462654114
1994.0000000000002,0.31355059146881104
1994.1000000000001,0.3151473104953766
1994.2,0.30673664808273315
1994.3000000000002,0.31194183230400085
1994.4,0.3136797845363617
1994.5000000000002,0.3077014982700348
1994.6000000000001,0.3097781240940094
1994.7,0.313102662563324
1994.8000000000002,0.31242284178733826
1994.9,0.3165404796600342
1995.0000000000002,0.31299400329589844
1995.1000000000001,0.31913691759109497
1995.2,0.3097161650657654
1995.3000000000002,0.31104281544685364
1995.4,0.31178852915763855
1995.5000000000002,0.31598368287086487
1995.6000000000001,0.31536009907722473
1995.7,0.295227587223053
1995.8000000000002,0.31543704867362976
1995.9,0.30720260739326477
1996.0000000000002,0.31373903155326843
1996.1000000000001,0.30442437529563904
1996.2,0.32240065932273865
1996.3000000000002,0.3084636926651001
1996.4,0.30417579412460327
1996.5000000000002,0.31779465079307556
1996.6000000000001,0.3106560707092285
1996.7,0.3126834034919739
1996.8000000000002,0.316494882106781
1996.9,0.3119930028915405
1997.0000000000002,0.31336209177970886
1997.1000000000001,0.3153914213180542
1997.2,0.31758540868759155
1997.3000000000002,0.30622828006744385
1997.4,0.3070108890533447
1997.5000000000002,0.3124249577522278
1997.6000000000001,0.31610307097435
1997.7,0.30208146572113037
1997.8000000000002,0.30338913202285767
1997.9,0.3061067461967468
1998.0000000000002,0.31308653950691223
1998.1000000000001,0.318808376789093
1998.2,0.3169586658477783
1998.3000000000002,0.310062050819397
1998.4,0.30376842617988586
1998.5000000000002,0.3188095986843109
1998.6000000000001,0.31656545400619507
1998.7,0.31548377871513367
1998.8000000000002,0.31037378311157227
1998.9,0.3058698773384094
1999.0000000000002,0.30898165702819824
1999.1000000000001,0.3182162642478943
1999.2,0.3105717599391937
1999.3000000000002,0.3100324273109436
1999.4,0.3055008053779602
1999.5000000000002,0.3003680109977722
1999.6000000000001,0.3109681308269501
1999.7,0.3021242022514343
1999.8000000000002,0.2978805601596832
1999.9,0.31345105171203613
2000.0000000000002,0.31309813261032104
2000.1000000000001,0.3057224154472351
2000.2,0.31012406945228577
2000.3000000000002,0.307203471660614
2000.4,0.311617374420166
2000.5000000000002,0.3104349374771118
2000.6000000000001,0.3105553388595581
2000.7,0.3088568449020386
2000.8000000000002,0.3176696002483368
2000.9,0.3108348548412323
2001.0000000000002,0.30974888801574707
2001.1000000000001,0.3081349730491638
2001.2,0.3191893398761749
2001.3000000000002,0.30815476179122925
2001.4,0.31341686844825745
2001.5000000000002,0.30464914441108704
2001.6000000000001,0.31653454899787903
2001.7,0.31327182054519653
2001.8000000000002,0.31280723214149475
2001.9,0.30885493755340576
2002.0000000000002,0.31674304604530334
2002.1000000000001,0.30214032530784607
2002.2,0.30470213294029236
2002.3000000000002,0.3155842125415802
2002.4,0.31576254963874817
2002.5000000000002,0.3136521279811859
2002.6000000000001,0.3152257204055786
2002.7,0.31693699955940247
2002.8000000000002,0.3081424832344055
2002.9,0.3096856474876404
2003.0000000000002,0.2951878607273102
2003.1000000000001,0.3134048581123352
2003.2,0.31260019540786743
2003.3000000000002,0.3195555508136749
2003.4,0.30207347869873047
2003.5000000000002,0.31366991996765137
2003.6000000000001,0.3068602979183197
2003.7,0.3081451952457428
2003.8000000000002,0.30055010318756104
2003.9,0.3214184641838074
2004.0000000000002,0.31342554092407227
2004.1000000000001,0.31248921155929565
2004.2,0.31167709827423096
2004.3000000000002,0.3115394115447998
2004.4,0.3119528591632843
2004.5000000000002,0.31347331404685974
2004.6000000000001,0.3156321942806244
2004.7,0.2992401123046875
2004.8000000000002,0.3107701539993286
2004.9,0.3038327991962433
2005.0000000000002,0.3008420467376709
2005.1000000000001,0.310392290353775
2005.2,0.31000620126724243
2005.3000000000002,0.3076280951499939
2005.4,0.31148743629455566
2005.5000000000002,0.30945441126823425
2005.6000000000001,0.3172904849052429
2005.7,0.31228765845298767
2005.8000000000002,0.307291179895401
2005.9,0.3055263161659241
2006.0000000000002,0.31240347027778625
2006.1000000000001,0.3191573917865753
2006.2,0.3101799190044403
2006.3000000000002,0.2993287146091461
2006.4,0.3067828416824341
2006.5000000000002,0.3052107095718384
2006.6000000000001,0.3125433623790741
2006.7,0.3166421353816986
2006.8000000000002,0.3108597993850708
2006.9,0.31344684958457947
2007.0000000000002,0.3093607425689697
2007.1000000000001,0.31431829929351807
2007.2,0.3127104938030243
2007.3000000000002,0.3095375895500183
2007.4,0.3093760311603546
2007.5000000000002,0.30799561738967896
2007.6000000000001,0.31767538189888
2007.7,0.31785255670547485
2007.8000000000002,0.3175777196884155
2007.9,0.3084574341773987
2008.0000000000002,0.3003583252429962
2008.1000000000001,0.30806422233581543
2008.2,0.3034280240535736
2008.3000000000002,0.31545692682266235
2008.4,0.3191632330417633
2008.5000000000002,0.30386680364608765
2008.6000000000001,0.3134557008743286
2008.7,0.31136050820350647
2008.8000000000002,0.3103327751159668
2008.9,0.30896419286727905
2009.0000000000002,0.3062877058982849
2009.1000000000001,0.31604066491127014
2009.2,0.30044859647750854
2009.3000000000002,0.31033965945243835
2009.4,0.30429771542549133
2009.5000000000002,0.31523558497428894
2009.6000000000001,0.31760066747665405
2009.7,0.3181653320789337
2009.8000000000002,0.30870330333709717
2009.9,0.31711435317993164
2010.0000000000002,0.315002977848053
2010.1000000000001,0.3031364977359772
2010.2,0.31620484590530396
2010.3000000000002,0.30676501989364624
2010.4,0.3100862205028534
2010.5000000000002,0.3109189569950104
2010.6000000000001,0.3120521008968353
2010.7,0.3023882806301117
2010.8000000000002,0.31627824902534485
2010.9,0.30682387948036194
2011.0000000000002,0.3105378746986389
2011.1000000000001,0.31047141551971436
2011.2,0.3121434152126312
2011.3000000000002,0.31277817487716675
2011.4,0.3105151057243347
2011.5000000000002,0.3142019510269165
2011.6000000000001,0.30300405621528625
2011.7,0.30134594440460205
2011.8000000000002,0.31370824575424194
2011.9,0.320392906665802
2012.0000000000002,0.3077104985713959
2012.1000000000001,0.3095496594905853
2012.2,0.3062918484210968
2012.3000000000002,0.30364224314689636
2012.4,0.31949061155319214
2012.5000000000002,0.3027831017971039
2012.6000000000001,0.311484158039093
2012.7,0.30886155366897583
2012.8000000000002,0.30842679738998413
2012.9,0.31124380230903625
2013.0000000000002,0.31671634316444397
2013.1000000000001,0.30459776520729065
2013.2,0.3155527114868164
2013.3000000000002,0.31502729654312134
2013.4,0.3074430227279663
2013.5000000000002,0.315451055765152
2013.6000000000001,0.31205257773399353
2013.7,0.3158721923828125
2013.8000000000002,0.31717029213905334
2013.9,0.30173608660697937
2014.0000000000002,0.3121951222419739
2014.1000000000001,0.3045831322669983
2014.2,0.31178972125053406
2014.3000000000002,0.31344249844551086
2014.4,0.3084147274494171
2014.5000000000002,0.31661349534988403
2014.6000000000001,0.30675655603408813
2014.7,0.30645254254341125
2014.8000000000002,0.30971381068229675
2014.9,0.3106164336204529
2015.0000000000002,0.31266534328460693
2015.1000000000001,0.30709847807884216
2015.2,0.3144571781158447
2015.3000000000002,0.3156529664993286
2015.4,0.3041633367538452
2015.5000000000002,0.30817222595214844
2015.6000000000001,0.31636297702789307
2015.7,0.312148779630661
2015.8000000000002,0.31535211205482483
2015.9,0.30005601048469543
2016.0000000000002,0.303199827671051
2016.1000000000001,0.3105252981185913
2016.2,0.31183382868766785
2016.3000000000002,0.3006855547428131
2016.4,0.3158019483089447
2016.5000000000002,0.30480435490608215
2016.6000000000001,0.3055480718612671
2016.7,0.31304261088371277
2016.8000000000002,0.3083347976207733
2016.9,0.3027898669242859
2017.0000000000002,0.3058299422264099
2017.1000000000001,0.30572259426116943
2017.2,0.29567334055900574
2017.3000000000002,0.31342726945877075
2017.4,0.31181013584136963
2017.5000000000002,0.30703791975975037
2017.6000000000001,0.31095245480537415
2017.7,0.31111767888069153
2017.8000000000002,0.31246399879455566
2017.9,0.3025072515010834
2018.0000000000002,0.30800071358680725
2018.1000000000001,0.3127962350845337
2018.2,0.31904324889183044
2018.3000000000002,0.3170420229434967
2018.4,0.31112051010131836
2018.5000000000002,0.31080010533332825
2018.6000000000001,0.31118157505989075
2018.7,0.30981478095054626
2018.8000000000002,0.31939515471458435
2018.9,0.31895536184310913
2019.0000000000002,0.3093559741973877
2019.1000000000001,0.3075219988822937
2019.2,0.2993248999118805
2019.3000000000002,0.31901800632476807
2019.4,0.30834758281707764
2019.5000000000002,0.31624478101730347
2019.6000000000001,0.31749823689460754
2019.7,0.3076834976673126
2019.8000000000002,0.3104570508003235
2019.9,0.3082033693790436
2020.0000000000002,0.3135985732078552
2020.1000000000001,0.31328490376472473
2020.2,0.3080405592918396
2020.3000000000002,0.318305104970932
2020.4,0.31375423073768616
2020.5000000000002,0.3103131353855133
2020.6000000000001,0.3120670020580292
2020.7,0.30759111046791077
2020.8000000000002,0.31054842472076416
2020.9,0.31293949484825134
2021.0000000000002,0.31214046478271484
2021.1000000000001,0.3167286217212677
2021.2,0.31810519099235535
2021.3000000000002,0.3119937479496002
2021.4,0.31460505723953247
2021.5000000000002,0.3092423379421234
2021.6000000000001,0.2961238920688629
2021.7,0.31135132908821106
2021.8000000000002,0.31650111079216003
2021.9,0.3122832775115967
2022.0000000000002,0.3086947798728943
2022.1000000000001,0.3056884706020355
2022.2,0.30770018696784973
2022.3000000000002,0.3112976551055908
2022.4,0.31482720375061035
2022.5000000000002,0.2972077429294586
2022.6000000000001,0.305762380361557
2022.7,0.305676132440567
2022.8000000000002,0.3137473165988922
2022.9,0.31214967370033264
2023.0000000000002,0.3152705132961273
2023.1000000000001,0.31295135617256165
2023.2,0.31703299283981323
2023.3000000000002,0.3117530345916748
2023.4,0.31752893328666687
2023.5000000000002,0.31252583861351013
2023.6000000000001,0.3074289560317993
2023.7,0.31278127431869507
2023.8000000000002,0.31105056405067444
2023.9,0.3099038302898407
2024.0000000000002,0.3068475127220154
2024.1000000000001,0.314405620098114
2024.2,0.3146516680717468
2024.3000000000002,0.315761923789978
2024.4,0.304157555103302
2024.5000000000002,0.31543251872062683
2024.6000000000001,0.3124326467514038
2024.7,0.3119070827960968
2024.8000000000002,0.3123764991760254
2024.9,0.3095816969871521
2025.0000000000002,0.3169088661670685
2025.1000000000001,0.310101181268692
2025.2,0.31286436319351196
2025.3000000000002,0.30735069513320923
2025.4,0.3144705593585968
2025.5000000000002,0.31552720069885254
2025.6000000000001,0.31189069151878357
2025.7,0.311322420835495
2025.8000000000002,0.3086015582084656
2025.9,0.3030722737312317
2026.0000000000002,0.31574058532714844
2026.1000000000001,0.30458447337150574
2026.2,0.31589630246162415
2026.3000000000002,0.31129470467567444
2026.4,0.31024667620658875
2026.5000000000002,0.30594515800476074
2026.6000000000001,0.31243690848350525
2026.7,0.3144960403442383
2026.8000000000002,0.31172803044319153
2026.9,0.31150001287460327
2027.0000000000002,0.31670835614204407
2027.1000000000001,0.31259703636169434
2027.2,0.3113253712654114
2027.3000000000002,0.3136897683143616
2027.4,0.30804216861724854
2027.5000000000002,0.3106342554092407
2027.6000000000001,0.3214544355869293
2027.7,0.30877748131752014
2027.8000000000002,0.3183203339576721
2027.9,0.3132709264755249
2028.0000000000002,0.3091992139816284
2028.1000000000001,0.3067488670349121
2028.2,0.3094389736652374
2028.3000000000002,0.3103456497192383
2028.4,0.31309178471565247
2028.5000000000002,0.30939045548439026
2028.6000000000001,0.30486854910850525
2028.7,0.3126741051673889
2028.8000000000002,0.31165963411331177
2028.9,0.31547367572784424
2029.0000000000002,0.3160448968410492
2029.1000000000001,0.3044327199459076
2029.2,0.31878840923309326
2029.3000000000002,0.3149556517601013
2029.4,0.31833139061927795
2029.5000000000002,0.29789355397224426
2029.6000000000001,0.3212256133556366
2029.7,0.31045377254486084
2029.8000000000002,0.31126970052719116
2029.9,0.31435298919677734
2030.0000000000002,0.31074824929237366
2030.1000000000001,0.3072788715362549
2030.2,0.3105674088001251
2030.3000000000002,0.30677738785743713
2030.4,0.31332239508628845
2030.5000000000002,0.30957719683647156
2030.6000000000001,0.3115060329437256
2030.7,0.3166118264198303
2030.8000000000002,0.30962449312210083
2030.9,0.3122243881225586
2031.0000000000002,0.3132946491241455
2031.1000000000001,0.30995404720306396
2031.2,0.30175572633743286
2031.3000000000002,0.31497126817703247
2031.4,0.31138119101524353
2031.5000000000002,0.3126457631587982
2031.6000000000001,0.3113131821155548
2031.7,0.310184508562088
2031.8000000000002,0.3149360120296478
2031.9,0.30951806902885437
2032.0000000000002,0.31000980734825134
2032.1000000000001,0.31121113896369934
2032.2,0.30858075618743896
2032.3000000000002,0.3005812466144562
2032.4,0.31453341245651245
2032.5000000000002,0.3175305724143982
2032.6000000000001,0.31547117233276367
2032.7,0.31040236353874207
2032.8000000000002,0.3120896816253662
2032.9,0.30561894178390503
2033.0000000000002,0.3037659227848053
2033.1000000000001,0.31331178545951843
2033.2,0.3078767955303192
2033.3000000000002,0.30422911047935486
2033.4,0.3138931393623352
2033.5000000000002,0.31305059790611267
2033.6000000000001,0.3158656656742096
2033.7,0.29481828212738037
2033.8000000000002,0.3212634325027466
2033.9,0.31483086943626404
2034.0000000000002,0.3050714135169983
2034.1000000000001,0.31820350885391235
2034.2,0.29862460494041443
2034.3000000000002,0.30087822675704956
2034.4,0.3079656958580017
2034.5000000000002,0.31028425693511963
2034.6000000000001,0.3129813075065613
2034.7,0.3143625259399414
2034.8000000000002,0.3165113627910614
2034.9,0.3141724765300751
2035.0000000000002,0.3112178146839142
2035.1000000000001,0.3040691316127777
2035.2,0.31216639280319214
2035.3000000000002,0.3110616207122803
2035.4,0.3142852783203125
2035.5000000000002,0.31447529792785645
2035.6000000000001,0.3093496859073639
2035.7,0.30986636877059937
2035.8000000000002,0.31366080045700073
2035.9,0.30729079246520996
2036.0000000000002,0.30978190898895264
2036.1000000000001,0.31538426876068115
2036.2,0.3104490339756012
2036.3000000000002,0.30744341015815735
2036.4,0.30717793107032776
2036.5000000000002,0.30665865540504456
2036.6000000000001,0.3075079321861267
2036.7,0.31196704506874084
2036.8000000000002,0.30930662155151367
2036.9,0.3093462586402893
2037.0000000000002,0.3141014575958252
2037.1000000000001,0.3151077926158905
2037.2,0.30562660098075867
2037.3000000000002,0.30692058801651
2037.4,0.3164197504520416
2037.5000000000002,0.3153086304664612
2037.6000000000001,0.3199021816253662
2037.7,0.31804874539375305
2037.8000000000002,0.3111230731010437
2037.9,0.3099139630794525
2038.0000000000002,0.3164021074771881
2038.1000000000001,0.31660541892051697
2038.2,0.3132803440093994
2038.3000000000002,0.3120764493942261
2038.4,0.3109157979488373
2038.5000000000002,0.30709168314933777
2038.6000000000001,0.3111593425273895
2038.7,0.307572603225708
2038.8000000000002,0.3149297535419464
2038.9,0.31100594997406006
2039.0000000000002,0.3142845630645752
2039.1000000000001,0.3114563524723053
2039.2,0.3170095980167389
2039.3000000000002,0.30833375453948975
2039.4,0.31618475914001465
2039.5000000000002,0.3131106495857239
2039.6000000000001,0.3121020197868347
2039.7,0.3117912709712982
2039.7,0.3022761940956116
2039.9,0.3127194941043854
2040.0000000000002,0.30737581849098206
2040.1000000000001,0.31488320231437683
2040.2,0.30681493878364563
2040.3000000000002,0.31165972352027893
2040.4,0.308484822511673
2040.5000000000002,0.3162820637226105
2040.6000000000001,0.31123778223991394
2040.7,0.30564919114112854
2040.8000000000002,0.3126775026321411
2040.9,0.31817498803138733
2041.0000000000002,0.3148840367794037
2041.1000000000001,0.31708961725234985
2041.2,0.3101613521575928
2041.3000000000002,0.31705206632614136
2041.4,0.3152492344379425
2041.5000000000002,0.3034476935863495
2041.6000000000001,0.31600937247276306
2041.7,0.3099960386753082
2041.8000000000002,0.3093951344490051
2041.9,0.32083573937416077
2042.0000000000002,0.3214728832244873
2042.1000000000001,0.30995306372642517
2042.2,0.3088855445384979
2042.3000000000002,0.31252238154411316
2042.4,0.3103688359260559
2042.5000000000002,0.30166885256767273
2042.6000000000001,0.31166550517082214
2042.7,0.31492698192596436
2042.8000000000002,0.3120490610599518
2042.9,0.3110814094543457
2043.0000000000002,0.31550735235214233
2043.1000000000001,0.3126773238182068
2043.2,0.31741422414779663
2043.3000000000002,0.321548193693161
2043.4,0.3178786337375641
2043.5000000000002,0.31347718834877014
2043.5000000000002,0.310865193605423
2043.7,0.3181111514568329
2043.8000000000002,0.3114839792251587
2043.9,0.3162423074245453
2044.0000000000002,0.3051220178604126
2044.1000000000001,0.31315839290618896
2044.2,0.31079530715942383
2044.3000000000002,0.3126816153526306
2044.4,0.3068563640117645
2044.5000000000002,0.3150191605091095
2044.6000000000001,0.30948272347450256
2044.7,0.30093255639076233
2044.8000000000002,0.32066258788108826
2044.9,0.3104611933231354
2045.0000000000002,0.3087887763977051
2045.1000000000001,0.3160734474658966
2045.2,0.3065471053123474
2045.3000000000002,0.3155394494533539
2045.4,0.30741357803344727
2045.5000000000002,0.3107137978076935
2045.6000000000001,0.3167848289012909
2045.7,0.3094756305217743
2045.8000000000002,0.3114233911037445
2045.9,0.3151860535144806
2046.0000000000002,0.3095197081565857
2046.1000000000001,0.32139846682548523
2046.2,0.30971136689186096
2046.3000000000002,0.3192911148071289
2046.4,0.31376829743385315
2046.5000000000002,0.3037174344062805
2046.6000000000001,0.3185093402862549
2046.7,0.31717178225517273
2046.8000000000002,0.308983713388443
2046.9,0.3087930381298065
2047.0000000000002,0.30632123351097107
2047.1000000000001,0.29641711711883545
2047.2,0.3156523108482361
2047.3000000000002,0.30915340781211853
2047.4,0.31108811497688293
2047.5000000000002,0.31662771105766296
2047.6000000000001,0.30954739451408386
2047.7,0.30349263548851013
2047.8000000000002,0.3049188256263733
2047.9,0.314863920211792
2048.0,0.31392577290534973
2048.1,0.3068406879901886
2048.2000000000003,0.3144778311252594
2048.3,0.30485570430755615
2048.4,0.3146298825740814
2048.5,0.3128338158130646
2048.6,0.3086181879043579
2048.7000000000003,0.3163296580314636
2048.8,0.31376519799232483
2048.9,0.30971649289131165
2049.0,0.3079644441604614
2049.1,0.3076713979244232
2049.2000000000003,0.3025669455528259
2049.3,0.30917075276374817
2049.4,0.3065245449542999
2049.5,0.3127404749393463
2049.6,0.31086787581443787
2049.7000000000003,0.31184008717536926
2049.8,0.3123689591884613
2049.9,0.31466037034988403
2050.0,0.3048189580440521
2050.1,0.31171914935112
2050.2000000000003,0.31006336212158203
2050.3,0.3147876262664795
2050.4,0.3126167953014374
2050.5,0.31353920698165894
2050.6,0.3137584626674652
2050.7000000000003,0.31222161650657654
2050.8,0.31426024436950684
2050.9,0.31194886565208435
2051.0,0.3215917646884918
2051.1,0.31120723485946655
2051.2000000000003,0.31066998839378357
2051.3,0.3068303167819977
2051.4,0.30513617396354675
2051.5,0.30284926295280457
2051.6,0.30815815925598145
2051.7000000000003,0.3059949278831482
2051.8,0.308663934469223
2051.9,0.30982258915901184
2052.0,0.3013976812362671
2052.1,0.31112679839134216
2052.2000000000003,0.3134293258190155
2052.3,0.30074557662010193
2052.4,0.31788405776023865
2052.5,0.3021625578403473
2052.6,0.31027060747146606
2052.7000000000003,0.3144858777523041
2052.8,0.308713436126709
2052.9,0.31703364849090576
2053.0,0.30935004353523254
2053.1,0.3060433864593506
2053.2000000000003,0.2994326651096344
2053.3,0.3030620217323303
2053.4,0.3127528727054596
2053.5,0.3127157986164093
2053.6,0.3112618625164032
2053.7000000000003,0.3142196834087372
2053.8,0.3043173849582672
2053.9,0.2986760437488556
2054.0,0.30938658118247986
2054.1,0.3125323951244354
2054.2000000000003,0.30443575978279114
2054.3,0.31700029969215393
2054.4,0.31602585315704346
2054.5,0.31800588965415955
2054.6,0.31126025319099426
2054.7000000000003,0.3188174366950989
2054.8,0.311771959066391
2054.9,0.31105801463127136
2055.0,0.30437397956848145
2055.1,0.3125733733177185
2055.2000000000003,0.31491661071777344
2055.3,0.30768921971321106
2055.4,0.3104443848133087
2055.5,0.31483274698257446
2055.6,0.3157769441604614
2055.7000000000003,0.30579662322998047
2055.8,0.3049055337905884
2055.9,0.304642915725708
2056.0,0.3162243068218231
2056.1,0.31113341450691223
2056.2000000000003,0.31310898065567017
2056.3,0.3082420527935028
2056.4,0.31594160199165344
2056.5,0.3066125512123108
2056.6,0.30836790800094604
2056.7000000000003,0.3153383731842041
2056.8,0.30618590116500854
2056.9,0.3163979947566986
2057.0,0.31151410937309265
2057.1,0.3139588534832001
2057.2000000000003,0.30378711223602295
2057.3,0.3172819912433624
2057.4,0.3150921165943146
2057.5,0.31029605865478516
2057.6,0.30579501390457153
2057.7000000000003,0.3121439218521118
2057.8,0.311140775680542
2057.9,0.31156057119369507
2058.0,0.31602516770362854
2058.1,0.3143727779388428
2058.2000000000003,0.311626136302948
2058.3,0.3127698004245758
2058.4,0.3107527792453766
2058.5,0.314328134059906
2058.6,0.31165817379951477
2058.7000000000003,0.3083665370941162
2058.8,0.3104877173900604
2058.9,0.3082970082759857
2059.0,0.31398308277130127
2059.1,0.31106534600257874
2059.2000000000003,0.31958478689193726
2059.3,0.30767714977264404
2059.4,0.30811142921447754
2059.5,0.31402909755706787
2059.6,0.30997583270072937
2059.7000000000003,0.2991972863674164
2059.8,0.30818289518356323
2059.9,0.31180843710899353
2060.0,0.3095207214355469
2060.1,0.29802677035331726
2060.2000000000003,0.3121287524700165
2060.3,0.30797305703163147
2060.4,0.31880518794059753
2060.5,0.315107136964798
2060.6,0.31232309341430664
2060.7000000000003,0.31064268946647644
2060.8,0.31016045808792114
2060.9,0.3116256594657898
2061.0,0.31197378039360046
2061.1,0.3072108328342438
2061.2000000000003,0.31086888909339905
2061.3,0.3124399483203888
2061.4,0.3170067369937897
2061.5,0.31751641631126404
2061.6,0.30853742361068726
2061.7000000000003,0.3134763836860657
2061.8,0.30474838614463806
2061.9,0.306305468082428
2062.0,0.32113996148109436
2062.1,0.3105452060699463
2062.2000000000003,0.31521227955818176
2062.3,0.3019964098930359
2062.4,0.3137861490249634
2062.5,0.3113986551761627
2062.6,0.3076278567314148
2062.7000000000003,0.307573139667511
2062.8,0.30663374066352844
2062.9,0.3147508502006531
2063.0,0.31408676505088806
2063.1,0.31208300590515137
2063.2000000000003,0.3084369897842407
2063.3,0.3162291944026947
2063.4,0.31808826327323914
2063.5,0.3228135108947754
2063.6,0.30852338671684265
2063.7000000000003,0.3097410500049591
2063.8,0.31603333353996277
2063.9,0.31214672327041626
2064.0,0.31662049889564514
2064.1,0.30927905440330505
2064.2000000000003,0.3228856325149536
2064.3,0.3117322027683258
2064.4,0.314583420753479
2064.5,0.3175206482410431
2064.6,0.31832560896873474
2064.7000000000003,0.30993008613586426
2064.8,0.3104889690876007
2064.9,0.3229837715625763
2065.0,0.3245158791542053
2065.1,0.3099362552165985
2065.2000000000003,0.31470561027526855
2065.3,0.3036024868488312
2065.4,0.3172578811645508
2065.5,0.307557612657547
2065.6,0.30914953351020813
2065.7000000000003,0.3134145438671112
2065.8,0.3119121789932251
2065.9,0.3118569254875183
2066.0,0.31334298849105835
2066.1,0.31901276111602783
2066.2000000000003,0.3188031315803528
2066.3,0.30363374948501587
2066.4,0.3181554675102234
2066.5,0.31913840770721436
2066.6,0.3135145604610443
2066.7000000000003,0.3137803077697754
2066.8,0.31789857149124146
2066.9,0.3151642978191376
2067.0,0.31753936409950256
2067.1,0.31371310353279114
2067.2000000000003,0.3058445453643799
2067.3,0.30497196316719055
2067.4,0.31155475974082947
2067.5,0.3122353255748749
2067.6,0.31298455595970154
2067.7000000000003,0.3187342882156372
2067.8,0.2985081970691681
2067.9,0.31442517042160034
2068.0,0.31362608075141907
2068.1,0.3153904378414154
2068.2000000000003,0.3142794370651245
2068.3,0.31952935457229614
2068.4,0.31520482897758484
2068.5,0.30000895261764526
2068.6,0.31454259157180786
2068.7000000000003,0.3035522401332855
2068.8,0.3153250515460968
2068.9,0.3120816648006439
2069.0,0.310632586479187
2069.1,0.3138562738895416
2069.2000000000003,0.29935580492019653
2069.3,0.30742520093917847
2069.4,0.3076992332935333
2069.5,0.3143676519393921
2069.6,0.3123328685760498
2069.7000000000003,0.3075031042098999
2069.8,0.314328134059906
2069.9,0.31560978293418884
2070.0,0.31724831461906433
2070.1,0.3125830292701721
2070.2000000000003,0.30838292837142944
2070.3,0.3018362522125244
2070.4,0.3160786032676697
2070.5,0.31393274664878845
2070.6,0.31745997071266174
2070.7000000000003,0.3026125431060791
2070.8,0.3127540946006775
2070.9,0.3124290406703949
2071.0,0.3023587465286255
2071.1,0.3160758912563324
2071.2000000000003,0.31073296070098877
2071.3,0.30280202627182007
2071.4,0.3118412494659424
2071.5,0.3052144944667816
2071.6,0.3155847191810608
2071.7000000000003,0.3150579631328583
2071.8,0.3150327205657959
2071.9,0.32048144936561584
2072.0,0.31068652868270874
2072.1,0.3126155138015747
2072.2000000000003,0.316692590713501
2072.3,0.31616610288619995
2072.4,0.3130649924278259
2072.5,0.3096010088920593
2072.6,0.314253568649292
2072.7000000000003,0.3170080780982971
2072.8,0.30865567922592163
2072.9,0.31294628977775574
2073.0,0.31600889563560486
2073.1,0.315748006105423
2073.2000000000003,0.31463730335235596
2073.3,0.30987825989723206
2073.4,0.31861457228660583
2073.5,0.30534783005714417
2073.6,0.3047831654548645
2073.7000000000003,0.3162927031517029
2073.8,0.3106043040752411
2073.9,0.298556387424469
2074.0,0.312543123960495
2074.1,0.2994105815887451
2074.2000000000003,0.3119763135910034
2074.3,0.31213295459747314
2074.4,0.3107609152793884
2074.5,0.3126327395439148
2074.6,0.3034107983112335
2074.7000000000003,0.31067928671836853
2074.8,0.31380507349967957
2074.9,0.3095015585422516
2075.0,0.31299474835395813
2075.1,0.3128431439399719
2075.2000000000003,0.3114224374294281
2075.3,0.30905458331108093
2075.4,0.317501425743103
2075.5,0.3055639863014221
2075.6,0.31304457783699036
2075.7000000000003,0.30702993273735046
2075.8,0.3117668628692627
2075.9,0.31359121203422546
2076.0,0.3007133901119232
2076.1,0.31358370184898376
2076.2000000000003,0.3178764879703522
2076.3,0.3030856251716614
2076.4,0.29913198947906494
2076.5,0.3212113678455353
2076.6,0.29930880665779114
2076.7000000000003,0.3109484612941742
2076.8,0.3143722414970398
2076.9,0.3128812909126282
2077.0,0.3116381764411926
2077.1,0.3122316896915436
2077.2000000000003,0.3200470209121704
2077.3,0.30721545219421387
2077.4,0.3118777275085449
2077.5,0.3186391294002533
2077.6,0.31118035316467285
2077.7000000000003,0.3055509924888611
2077.8,0.31595754623413086
2077.9,0.298103392124176
2078.0,0.30805718898773193
2078.1,0.3101349174976349
2078.2000000000003,0.30167534947395325
2078.3,0.31251510977745056
2078.4,0.31611257791519165
2078.5,0.32161879539489746
2078.6,0.312431275844574
2078.7000000000003,0.3112231492996216
2078.8,0.31309786438941956
2078.9,0.30527234077453613
2079.0,0.3110745847225189
2079.1,0.31670859456062317
2079.2000000000003,0.31558337807655334
2079.3,0.31649550795555115
2079.4,0.3120463490486145
2079.5,0.3159882426261902
2079.6,0.32036903500556946
2079.7000000000003,0.3118419349193573
2079.8,0.3236496150493622
2079.9,0.30595141649246216
2080.0,0.3223000764846802
2080.1,0.3068423569202423
2080.2000000000003,0.3065735101699829
2080.3,0.3118029534816742
2080.4,0.316006600856781
2080.5,0.31375280022621155
2080.6,0.3093128800392151
2080.7000000000003,0.3076508045196533
2080.8,0.30920571088790894
2080.9,0.31419363617897034
2081.0,0.3106978237628937
2081.1,0.2999964952468872
2081.2000000000003,0.3131469190120697
2081.3,0.3078438639640808
2081.4,0.3201960027217865
2081.5,0.30813032388687134
2081.6,0.3020222783088684
2081.7000000000003,0.3131316602230072
2081.8,0.317055881023407
2081.9,0.3165418207645416
2082.0,0.31035804748535156
2082.1,0.3161293566226959
2082.2000000000003,0.30889666080474854
2082.3,0.3068142533302307
2082.4,0.30993330478668213
2082.5,0.31774526834487915
2082.6,0.3103752136230469
2082.7000000000003,0.32259124517440796
2082.8,0.30235666036605835
2082.9,0.3189493715763092
2083.0,0.32170581817626953
2083.1,0.30759480595588684
2083.2000000000003,0.3139721155166626
2083.3,0.3105732798576355
2083.4,0.3116956055164337
2083.5,0.3081449270248413
2083.6,0.30195263028144836
2083.7000000000003,0.30644309520721436
2083.8,0.3079003095626831
2083.9,0.31710073351860046
2084.0,0.3029730021953583
2084.1,0.3112351894378662
2084.2000000000003,0.31747251749038696
2084.3,0.3130034804344177
2084.4,0.31671789288520813
2084.5,0.3098413348197937
2084.6,0.2990662753582001
2084.7000000000003,0.30987244844436646
2084.8,0.3077343702316284
2084.9,0.3072134256362915
2085.0,0.3092399537563324
2085.1,0.31763097643852234
2085.2000000000003,0.3106023967266083
2085.3,0.31984931230545044
2085.4,0.3092389702796936
2085.5,0.3179122507572174
2085.6,0.3110620081424713
2085.7000000000003,0.31354036927223206
2085.8,0.31780847907066345
2085.9,0.30892154574394226
2086.0,0.31493106484413147
2086.1,0.30958643555641174
2086.2000000000003,0.3113287687301636
2086.3,0.30751240253448486
2086.4,0.31187495589256287
2086.5,0.3129179775714874
2086.6,0.31430718302726746
2086.7000000000003,0.3148091435432434
2086.8,0.31008580327033997
2086.9,0.31474554538726807
2087.0,0.3136160969734192
2087.1,0.30310681462287903
2087.2000000000003,0.30727529525756836
2087.3,0.3145446479320526
2087.4,0.3133954703807831
2087.5,0.3045826554298401
2087.6,0.3137620687484741
2087.7000000000003,0.31426483392715454
2087.8,0.30911821126937866
2087.9,0.3171643614768982
2088.0,0.31556054949760437
2088.1,0.31880274415016174
2088.2000000000003,0.2976420819759369
2088.3,0.3175835907459259
2088.4,0.31398847699165344
2088.5,0.31399834156036377
2088.6,0.3156313896179199
2088.7000000000003,0.3155249357223511
2088.8,0.3173769414424896
2088.9,0.3150710463523865
2089.0,0.3040037751197815
2089.1,0.3077879846096039
2089.2000000000003,0.3171808421611786
2089.3,0.3197323977947235
2089.4,0.3148030638694763
2089.5,0.29531171917915344
2089.6,0.31412312388420105
2089.7000000000003,0.30491986870765686
2089.8,0.3108668923377991
2089.9,0.311318963766098
2090.0,0.3140358030796051
2090.1,0.31620538234710693
2090.2000000000003,0.31711092591285706
2090.3,0.3031661808490753
2090.4,0.3110834062099457
2090.5,0.31593042612075806
2090.6,0.30338960886001587
2090.7000000000003,0.3114786148071289
2090.8,0.3152347207069397
2090.9,0.3085918724536896
2091.0,0.31538066267967224
2091.1,0.31303730607032776
2091.2000000000003,0.3111364543437958
2091.3,0.31515103578567505
2091.4,0.3106382191181183
2091.5,0.2993219196796417
2091.6,0.3085618317127228
2091.7000000000003,0.3087475895881653
2091.8,0.3181888461112976
2091.9,0.3073866367340088
2092.0,0.30668237805366516
2092.1,0.3075732886791229
2092.2000000000003,0.3200017809867859
2092.3,0.31485164165496826
2092.4,0.3181939423084259
2092.5,0.3128618001937866
2092.6,0.30606183409690857
2092.7000000000003,0.30470719933509827
2092.8,0.3118359446525574
2092.9,0.30526718497276306
2093.0,0.311090886592865
2093.1,0.31348174810409546
2093.2000000000003,0.3116161525249481
2093.3,0.3046778738498688
2093.4,0.3088357448577881
2093.5,0.31116315722465515
2093.6,0.3079019784927368
2093.7000000000003,0.3100624978542328
2093.8,0.3141164183616638
2093.9,0.3114140033721924
2094.0,0.30775776505470276
2094.1,0.3164442777633667
2094.2000000000003,0.3159625828266144
2094.3,0.3105824291706085
2094.4,0.3132691979408264
2094.5,0.31310969591140747
2094.6,0.31269165873527527
2094.7000000000003,0.3139256536960602
2094.8,0.3049262464046478
2094.9,0.3167426288127899
2095.0,0.3157026767730713
2095.1,0.3185120224952698
2095.2000000000003,0.3053963780403137
2095.3,0.3015216886997223
2095.4,0.3102893829345703
2095.5,0.30496707558631897
2095.6,0.31387901306152344
2095.7000000000003,0.31596463918685913
2095.8,0.3195112943649292
2095.9,0.3061732351779938
2096.0,0.314182847738266
2096.1,0.3127762973308563
2096.2000000000003,0.30689728260040283
2096.3,0.3126944601535797
2096.4,0.3159366548061371
2096.5,0.3147938549518585
2096.6,0.29113346338272095
2096.7000000000003,0.3109705448150635
2096.8,0.31650975346565247
2096.9,0.3083221912384033
2097.0,0.3078303933143616
2097.1,0.3064388632774353
2097.2000000000003,0.31121066212654114
2097.3,0.3105527460575104
2097.4,0.30076172947883606
2097.5,0.3118595480918884
2097.6,0.31598517298698425
2097.7000000000003,0.31104111671447754
2097.8,0.3168718218803406
2097.9,0.313092440366745
2098.0,0.3046978712081909
2098.1,0.308573454618454
2098.2000000000003,0.31604599952697754
2098.3,0.31962981820106506
2098.4,0.3054272532463074
2098.5,0.3086165487766266
2098.6,0.3078003227710724
2098.7000000000003,0.3162088394165039
2098.8,0.31715166568756104
2098.9,0.31919780373573303
2099.0,0.3139757513999939
2099.1,0.31450751423835754
2099.2000000000003,0.31732839345932007
2099.3,0.3164774477481842
2099.4,0.30994218587875366
2099.5,0.3031672239303589
2099.6,0.3096623718738556
2099.7000000000003,0.3114321529865265
2099.8,0.3157857656478882
2099.9,0.30835390090942383
2100.0,0.3086822032928467
2100.1,0.3148002624511719
2100.2000000000003,0.31527817249298096
2100.3,0.29921573400497437
2100.4,0.3087409734725952
2100.5,0.3029782772064209
2100.6,0.3171692192554474
2100.7000000000003,0.3159073293209076
2100.8,0.31211134791374207
2100.9,0.314934641122818
2101.0,0.31967419385910034
2101.1,0.31573402881622314
2101.2000000000003,0.3106040358543396
2101.3,0.3135739862918854
2101.4,0.30795347690582275
2101.5,0.3122825622558594
2101.6,0.3093186616897583
2101.7000000000003,0.3146626353263855
2101.8,0.314494788646698
2101.9,0.30182257294654846
2102.0,0.3150487244129181
2102.1,0.3044368326663971
2102.2000000000003,0.31866639852523804
2102.3,0.3214350938796997
2102.4,0.3144422471523285
2102.5,0.3048493564128876
2102.6,0.31183433532714844
2102.7000000000003,0.31217294931411743
2102.8,0.31656786799430847
2102.9,0.3079712986946106
2103.0,0.31138888001441956
2103.1,0.2991870641708374
2103.2000000000003,0.3134039342403412
2103.3,0.31808027625083923
2103.4,0.3088805079460144
2103.5,0.3129945993423462
2103.6,0.3117923438549042
2103.7000000000003,0.3162318468093872
2103.8,0.30699214339256287
2103.9,0.3038446009159088
2104.0,0.30251795053482056
2104.1,0.31399112939834595
2104.2000000000003,0.3081945776939392
2104.3,0.31422361731529236
2104.4,0.30997949838638306
2104.5,0.31424546241760254
2104.6,0.2934388220310211
2104.7000000000003,0.31342804431915283
2104.8,0.31662794947624207
2104.9,0.30058160424232483
2105.0,0.31880271434783936
2105.1,0.31280648708343506
2105.2000000000003,0.30884405970573425
2105.3,0.31652575731277466
2105.4,0.30926182866096497
2105.5,0.30498412251472473
2105.6,0.3096233606338501
2105.7000000000003,0.30847597122192383
2105.8,0.3078611195087433
2105.9,0.31208536028862
2106.0,0.31720277667045593
2106.1,0.3135838806629181
2106.2000000000003,0.31251636147499084
2106.3,0.30938196182250977
2106.4,0.3091490864753723
2106.5,0.3132496178150177
2106.6,0.3211323618888855
2106.7000000000003,0.305657297372818
2106.8,0.3123716413974762
2106.9,0.313303142786026
2107.0,0.3055347800254822
2107.1,0.3115468919277191
2107.2000000000003,0.3006535768508911
2107.3,0.3115729093551636
2107.4,0.31793978810310364
2107.5,0.30461540818214417
2107.6,0.3058657646179199
2107.7000000000003,0.3164217472076416
2107.8,0.3134411871433258
2107.9,0.3186471462249756
2108.0,0.31337642669677734
2108.1,0.30495887994766235
2108.2000000000003,0.30987370014190674
2108.3,0.30195242166519165
2108.4,0.31076139211654663
2108.5,0.307113379240036
2108.6,0.3160642087459564
2108.7000000000003,0.30753055214881897
2108.8,0.3171714246273041
2108.9,0.30633899569511414
2109.0,0.30624672770500183
2109.1,0.31560736894607544
2109.2000000000003,0.31306856870651245
2109.3,0.30016735196113586
2109.4,0.31434914469718933
2109.5,0.297597736120224
2109.6,0.30529528856277466
2109.7000000000003,0.3102397620677948
2109.8,0.30976980924606323
2109.9,0.31065094470977783
2110.0,0.3083292245864868
2110.1,0.31662362813949585
2110.2000000000003,0.31462329626083374
2110.3,0.313852995634079
2110.4,0.31105557084083557
2110.5,0.3009970188140869
2110.6,0.3042640686035156
2110.7000000000003,0.30987444519996643
2110.8,0.3116585314273834
2110.9,0.31655821204185486
2111.0,0.3100277781486511
2111.1,0.3129701316356659
2111.2000000000003,0.3189237117767334
2111.3,0.31388333439826965
2111.4,0.3129841983318329
2111.5,0.3083460330963135
2111.6,0.30522316694259644
2111.7000000000003,0.31029006838798523
2111.8,0.31300628185272217
2111.9,0.3091598451137543
2112.0,0.31040436029434204
2112.1,0.32018038630485535
2112.2000000000003,0.2993779480457306
2112.3,0.31899628043174744
2112.4,0.3132176101207733
2112.5,0.31389763951301575
2112.6,0.3131859004497528
2112.7000000000003,0.3110227584838867
2112.8,0.3053421676158905
2112.9,0.31375017762184143
2113.0,0.31229230761528015
2113.1,0.3112630248069763
2113.2000000000003,0.31040894985198975
2113.3,0.3120993971824646
2113.4,0.30109933018684387
2113.5,0.31780752539634705
2113.6,0.31819626688957214
2113.7000000000003,0.2999589443206787
2113.8,0.31347930431365967
2113.9,0.31277111172676086
2114.0,0.31548139452934265
2114.1,0.29930105805397034
2114.2000000000003,0.3124847710132599
2114.3,0.30862411856651306
2114.4,0.3016687333583832
2114.5,0.31372687220573425
2114.6,0.30776190757751465
2114.7000000000003,0.3025498390197754
2114.8,0.3180951476097107
2114.9,0.31071847677230835
2115.0,0.308307021856308
2115.1,0.31354275345802307
2115.2000000000003,0.29899218678474426
2115.3,0.3176738917827606
2115.4,0.3120419979095459
2115.5,0.311372309923172
2115.6,0.3172166347503662
2115.7000000000003,0.3122129738330841
2115.8,0.31440624594688416
2115.9,0.31996041536331177
2116.0,0.3078994154930115
2116.1,0.3087654113769531
2116.2000000000003,0.3201574981212616
2116.3,0.31414806842803955
2116.4,0.3171819746494293
2116.5,0.3154606521129608
2116.6,0.31312015652656555
2116.7000000000003,0.31059959530830383
2116.8,0.3131119906902313
2116.9,0.3108949363231659
2117.0,0.3169083595275879
2117.1,0.3053361773490906
2117.2000000000003,0.3145265281200409
2117.3,0.3095076382160187
2117.4,0.30936306715011597
2117.5,0.31207284331321716
2117.6,0.3101588487625122
2117.7000000000003,0.2955755889415741
2117.8,0.31478041410446167
2117.9,0.31575721502304077
2118.0,0.31047573685646057
2118.1,0.3107694387435913
2118.2000000000003,0.3117377758026123
2118.3,0.31125232577323914
2118.4,0.3127785623073578
2118.5,0.31115975975990295
2118.6,0.30872875452041626
2118.7000000000003,0.3135759234428406
2118.8,0.3127017617225647
2118.9,0.31584370136260986
2119.0,0.31282225251197815
2119.1,0.31393319368362427
2119.2000000000003,0.30642732977867126
2119.3,0.31061846017837524
2119.4,0.30578526854515076
2119.5,0.31084296107292175
2119.6,0.3110428750514984
2119.7000000000003,0.3111070394515991
2119.8,0.3150424361228943
2119.9,0.30499202013015747
2120.0,0.30253952741622925
2120.1,0.3074530065059662
2120.2000000000003,0.3163544237613678
2120.3,0.3110550343990326
2120.4,0.3061341345310211
2120.5,0.3149857521057129
2120.6,0.31234392523765564
2120.7000000000003,0.3101820647716522
2120.8,0.31010574102401733
2120.9,0.3018253743648529
2121.0,0.31582337617874146
2121.1,0.31314781308174133
2121.2000000000003,0.3104434013366699
2121.3,0.308741956949234
2121.4,0.3137899935245514
2121.5,0.3085821270942688
2121.6,0.3160029947757721
2121.7000000000003,0.31481045484542847
2121.8,0.3081808388233185
2121.9,0.30252179503440857
2122.0,0.31933164596557617
2122.1,0.31565067172050476
2122.2000000000003,0.2947067618370056
2122.3,0.3171919584274292
2122.4,0.3125665783882141
2122.5,0.30741405487060547
2122.6,0.30918312072753906
2122.7000000000003,0.308754563331604
2122.8,0.31741154193878174
2122.9,0.316118448972702
2123.0,0.31221699714660645
2123.1,0.3185892403125763
2123.2000000000003,0.32098817825317383
2123.3,0.310903936624527
2123.4,0.3079729378223419
2123.5,0.3047028183937073
2123.6,0.3135233223438263
2123.7000000000003,0.3081253468990326
2123.8,0.3097662627696991
2123.9,0.31680548191070557
2124.0,0.30611011385917664
2124.1,0.31340426206588745
2124.2000000000003,0.3126184046268463
2124.3,0.3147338330745697
2124.4,0.3062405288219452
2124.5,0.30679354071617126
2124.6,0.3134552240371704
2124.7000000000003,0.31314367055892944
2124.8,0.30504345893859863
2124.9,0.3088889718055725
2125.0,0.3072679340839386
2125.1,0.31701451539993286
2125.2000000000003,0.31590136885643005
2125.3,0.3065434694290161
2125.4,0.3172905147075653
2125.5,0.3139623999595642
2125.6,0.3112078607082367
2125.7000000000003,0.3078952729701996
2125.8,0.3193962275981903
2125.9,0.3134826421737671
2126.0,0.3019942045211792
2126.1,0.3004176914691925
2126.2000000000003,0.30481237173080444
2126.3,0.3165402114391327
2126.4,0.31021082401275635
2126.5,0.3114786744117737
2126.6,0.29977092146873474
2126.7000000000003,0.3147616386413574
2126.8,0.31957459449768066
2126.9,0.30405813455581665
2127.0,0.31318703293800354
2127.1,0.30720120668411255
2127.2000000000003,0.3084861934185028
2127.3,0.302935391664505
2127.4,0.30727654695510864
2127.5,0.31296560168266296
2127.6,0.312041312456131
2127.7000000000003,0.3049526512622833
2127.8,0.31674686074256897
2127.9,0.3184063732624054
2128.0,0.31522125005722046
2128.1,0.2953076958656311
2128.2000000000003,0.3117688000202179
2128.3,0.3119988441467285
2128.4,0.30756253004074097
2128.5,0.3100348114967346
2128.6,0.3138359487056732
2128.7000000000003,0.31183528900146484
2128.8,0.30561280250549316
2128.9,0.3163577914237976
2129.0,0.3127753436565399
2129.1,0.31923264265060425
2129.2000000000003,0.3131486475467682
2129.3,0.30837786197662354
2129.4,0.30967435240745544
2129.5,0.2946300804615021
2129.6,0.30662205815315247
2129.7000000000003,0.3111264407634735
2129.8,0.31299731135368347
2129.9,0.31660014390945435
2130.0,0.30304399132728577
2130.1,0.3092082738876343
2130.2000000000003,0.30424371361732483
2130.3,0.3116932511329651
2130.4,0.31447508931159973
2130.5,0.3084510862827301
2130.6,0.3021014630794525
2130.7000000000003,0.3131699860095978
2130.8,0.31222349405288696
2130.9,0.3125741481781006
2131.0,0.3060027062892914
2131.1,0.30804556608200073
2131.2000000000003,0.30349746346473694
2131.3,0.30830517411231995
2131.4,0.3057631552219391
2131.5,0.3121396601200104
2131.6,0.3133414387702942
2131.7000000000003,0.31079035997390747
2131.8,0.30996188521385193
2131.9,0.31211164593696594
2132.0,0.31173354387283325
2132.1,0.30699092149734497
2132.2000000000003,0.3120010197162628
2132.3,0.3058398365974426
2132.4,0.3190062940120697
2132.5,0.30287548899650574
2132.6,0.3132321238517761
2132.7000000000003,0.31375348567962646
2132.8,0.30416879057884216
2132.9,0.30931705236434937
2133.0,0.3144753873348236
2133.1,0.31794285774230957
2133.2000000000003,0.3080991506576538
2133.3,0.3142584562301636
2133.4,0.304465651512146
2133.5,0.3136255443096161
2133.6,0.3074541389942169
2133.7000000000003,0.31146979331970215
2133.8,0.31718534231185913
2133.9,0.3159468472003937
2134.0,0.3108682632446289
2134.1,0.32025349140167236
2134.2000000000003,0.31586337089538574
2134.3,0.3185634911060333
2134.4,0.3185214400291443
2134.5,0.31420212984085083
2134.6,0.3146694004535675
2134.7000000000003,0.30843448638916016
2134.8,0.31312841176986694
2134.9,0.3163822293281555
2135.0,0.3084467053413391
2135.1,0.3117186427116394
2135.2000000000003,0.31394803524017334
2135.3,0.3092398941516876
2135.4,0.313923180103302
2135.5,0.31457674503326416
2135.6,0.3119012415409088
2135.7000000000003,0.30696192383766174
2135.8,0.31415855884552
2135.9,0.3114590048789978
2136.0,0.29752352833747864
2136.1,0.31584787368774414
2136.2000000000003,0.3082467019557953
2136.3,0.31307464838027954
2136.4,0.3152606189250946
2136.5,0.31654277443885803
2136.6,0.30990275740623474
2136.7000000000003,0.2999866008758545
2136.8,0.3155772387981415
2136.9,0.31643208861351013
2137.0,0.29832783341407776
2137.1,0.3036119341850281
2137.2000000000003,0.30649417638778687
2137.3,0.319288432598114
2137.4,0.31402087211608887
2137.5,0.3109181821346283
2137.6,0.3069280683994293
2137.7000000000003,0.30807605385780334
2137.8,0.31108954548835754
2137.9,0.3065144419670105
2138.0,0.3031877279281616
2138.1,0.30868563055992126
2138.2000000000003,0.30982524156570435
2138.3,0.31071969866752625
2138.4,0.3117007315158844
2138.5,0.30881989002227783
2138.6,0.31231003999710083
2138.7000000000003,0.3074679374694824
2138.8,0.3190755844116211
2139.1,0.3118906617164612
2139.1,0.3136659264564514
2139.1,0.3072914183139801
2139.2000000000003,0.31285160779953003
2139.3,0.3061560392379761
2139.4,0.3144727945327759
2139.5,0.3117679953575134
2139.6,0.30623185634613037
2139.7000000000003,0.3094794452190399
2139.8,0.31830066442489624
2139.9,0.3074476420879364
2140.0,0.3047761619091034
2140.1,0.3053808808326721
2140.2000000000003,0.3122696578502655
2140.3,0.3106148838996887
2140.4,0.3183721899986267
2140.5,0.3083956241607666
2140.6,0.31021079421043396
2140.7000000000003,0.3075637221336365
2140.8,0.3006274998188019
2140.9,0.3104409873485565
2141.0,0.3171002268791199
2141.1,0.3171333074569702
2141.2000000000003,0.30782946944236755
2141.3,0.3025176525115967
2141.4,0.31083178520202637
2141.5,0.30196335911750793
2141.6,0.3121243715286255
2141.7000000000003,0.3182176649570465
2141.8,0.30726897716522217
2141.9,0.31124162673950195
2142.0,0.3175440728664398
2142.1,0.3162800967693329
2142.2000000000003,0.3125424385070801
2142.3,0.3119209110736847
2142.4,0.3058657944202423
2142.5,0.3016243875026703
2142.6,0.3145962953567505
2142.7000000000003,0.3193957805633545
2142.8,0.31393876671791077
2142.9,0.31305983662605286
2143.0,0.3075864911079407
2143.1,0.30820199847221375
2143.2000000000003,0.31905779242515564
2143.3,0.32159873843193054
2143.4,0.31786036491394043
2143.5,0.3053775727748871
2143.6,0.31036752462387085
2143.7000000000003,0.3111061751842499
2143.8,0.30961859226226807
2143.9,0.3195975422859192
2144.0,0.31254178285598755
2144.1,0.3134247958660126
2144.2000000000003,0.309283047914505
2144.3,0.3132696747779846
2144.4,0.3189866244792938
2144.5,0.30802226066589355
2144.6,0.3183535933494568
2144.7000000000003,0.3099093437194824
2144.8,0.3163899779319763
2144.9,0.3104550540447235
2145.0,0.31569749116897583
2145.1,0.31222522258758545
2145.2000000000003,0.30775490403175354
2145.3,0.3023475110530853
2145.4,0.3000807762145996
2145.5,0.3140111267566681
2145.6,0.3052053153514862
2145.7000000000003,0.31337010860443115
2145.8,0.31472471356391907
2145.9,0.30048441886901855
2146.0,0.3166787922382355
2146.1,0.30350399017333984
2146.2000000000003,0.3128650188446045
2146.3,0.3017725944519043
2146.4,0.3104623556137085
2146.5,0.31328263878822327
2146.6,0.31119048595428467
2146.7000000000003,0.3032040297985077
2146.8,0.3162586987018585
2146.9,0.3178899586200714
2147.0,0.3081682026386261
2147.1,0.3175436556339264
2147.2000000000003,0.3028418719768524
2147.3,0.3114335238933563
2147.4,0.31469210982322693
2147.5,0.31358852982521057
2147.6,0.31327924132347107
2147.7000000000003,0.3136911392211914
2147.8,0.30941495299339294
2147.9,0.31819072365760803
2148.0,0.31685906648635864
2148.1,0.31470075249671936
2148.2000000000003,0.3080707788467407
2148.3,0.31109490990638733
2148.4,0.31505537033081055
2148.5,0.3083054721355438
2148.6,0.313501238822937
2148.7000000000003,0.31470784544944763
2148.8,0.3140469491481781
2148.9,0.30430272221565247
2149.0,0.3033219575881958
2149.1,0.320125937461853
2149.2000000000003,0.3148888349533081
2149.3,0.31216996908187866
2149.4,0.313204288482666
2149.5,0.31158629059791565
2149.6,0.31204327940940857
2149.7000000000003,0.3093361556529999
2149.8,0.3100786805152893
2149.9,0.31464749574661255
2150.0,0.3042082190513611
2150.1,0.3193037211894989
2150.2000000000003,0.3144412934780121
2150.3,0.30762332677841187
2150.4,0.3048038184642792
2150.5,0.3119852542877197
2150.6,0.30820542573928833
2150.7000000000003,0.31283047795295715
2150.8,0.3113539218902588
2150.9,0.31367790699005127
2151.0,0.30365070700645447
2151.1,0.3126277029514313
2151.2000000000003,0.305786669254303
2151.3,0.31012162566185
2151.4,0.31249159574508667
2151.5,0.3068602383136749
2151.6,0.30799931287765503
2151.7000000000003,0.3154217302799225
2151.8,0.3113904297351837
2151.9,0.30942514538764954
2152.0,0.3224237561225891
2152.1,0.31297996640205383
2152.2000000000003,0.30781739950180054
2152.3,0.32014310359954834
2152.4,0.306547611951828
2152.5,0.3128313422203064
2152.6,0.31145191192626953
2152.7000000000003,0.307052344083786
2152.8,0.3041270673274994
2152.9,0.31406453251838684
2153.0,0.3122752010822296
2153.1,0.30921027064323425
2153.2000000000003,0.3135647475719452
2153.3,0.31799328327178955
2153.4,0.3125936686992645
2153.5,0.31322965025901794
2153.6,0.3147565722465515
2153.7000000000003,0.31262674927711487
2153.8,0.3118291199207306
2153.9,0.3132249414920807
2154.0,0.31649231910705566
2154.1,0.3062487244606018
2154.2000000000003,0.3144158124923706
2154.3,0.30935487151145935
2154.4,0.301620751619339
2154.5,0.30914488434791565
2154.6,0.3172716498374939
2154.7000000000003,0.3137854337692261
2154.8,0.3120291233062744
2154.9,0.3143632113933563
2155.0,0.3166311979293823
2155.1,0.30864083766937256
2155.2000000000003,0.31494295597076416
2155.3,0.312132328748703
2155.4,0.31507498025894165
2155.5,0.31150883436203003
2155.6,0.3166810870170593
2155.7000000000003,0.31885838508605957
2155.8,0.3086278438568115
2155.9,0.3196384012699127
2156.0,0.3125135600566864
2156.1,0.3122215270996094
2156.2000000000003,0.3113689720630646
2156.3,0.31597527861595154
2156.4,0.3151492178440094
2156.5,0.30285441875457764
2156.6,0.30351129174232483
2156.7000000000003,0.3069485127925873
2156.8,0.30218490958213806
2156.9,0.3137109875679016
2157.0,0.31688687205314636
2157.1,0.3102729618549347
2157.2000000000003,0.3135736584663391
2157.3,0.3114910423755646
2157.4,0.31227102875709534
2157.5,0.3169160485267639
2157.6,0.3034890592098236
2157.7000000000003,0.3141741454601288
2157.8,0.29324105381965637
2157.9,0.3123199939727783
2158.0,0.31717148423194885
2158.1,0.30857139825820923
2158.2000000000003,0.30768120288848877
2158.3,0.32202452421188354
2158.4,0.3095133602619171
2158.5,0.3151450753211975
2158.6,0.3178723454475403
2158.7000000000003,0.30412009358406067
2158.8,0.3159586787223816
2158.9,0.3129137456417084
2159.0,0.3175394535064697
2159.1,0.30551669001579285
2159.2000000000003,0.31262269616127014
2159.3,0.3120478689670563
2159.4,0.3163234293460846
2159.5,0.3109683394432068
2159.6,0.3080047369003296
2159.7000000000003,0.3162290155887604
2159.8,0.3011302053928375
2159.9,0.3114463984966278
2160.0,0.313356876373291
2160.1,0.30984073877334595
2160.2000000000003,0.3134726881980896
2160.3,0.3128284513950348
2160.4,0.3102664649486542
2160.5,0.31441742181777954
2160.6,0.30342480540275574
2160.7000000000003,0.3179386854171753
2160.8,0.3076726198196411
2160.9,0.3132724165916443
2161.0,0.31027600169181824
2161.1,0.3133545219898224
2161.2000000000003,0.31247827410697937
2161.3,0.3107273578643799
2161.4,0.3165566921234131
2161.5,0.3067573606967926
2161.6,0.3168756663799286
2161.7000000000003,0.3162950575351715
2161.8,0.31233659386634827
2161.9,0.32105857133865356
2162.0,0.3119341731071472
2162.1,0.31172624230384827
2162.2000000000003,0.31698623299598694
2162.3,0.2996363937854767
2162.4,0.31126171350479126
2162.5,0.3126067817211151
2162.6,0.30263638496398926
2162.7000000000003,0.31583815813064575
2162.8,0.30462467670440674
2162.9,0.3199023902416229
2163.0,0.31665757298469543
2163.1,0.3105696737766266
2163.2000000000003,0.3084738850593567
2163.3,0.3167371451854706
2163.4,0.30058467388153076
2163.5,0.3073815703392029
2163.6,0.315603643655777
2163.7000000000003,0.31675806641578674
2163.8,0.31287768483161926
2163.9,0.31164100766181946
2164.0,0.31105566024780273
2164.1,0.31360986828804016
2164.2000000000003,0.3142445683479309
2164.3,0.31523042917251587
2164.4,0.316124826669693
2164.5,0.3045194447040558
2164.6,0.303742378950119
2164.7000000000003,0.3093947470188141
2164.8,0.3138733208179474
2164.9,0.3067261278629303
2165.0,0.31329506635665894
2165.1,0.31037428975105286
2165.2000000000003,0.30804720520973206
2165.3,0.32170259952545166
2165.4,0.31039559841156006
2165.5,0.31197890639305115
2165.6,0.3195110559463501
2165.7000000000003,0.31407591700553894
2165.8,0.3271392285823822
2165.9,0.3081750273704529
2166.0,0.31004011631011963
2166.1,0.3038376569747925
2166.2000000000003,0.31989815831184387
2166.3,0.31568676233291626
2166.4,0.30767446756362915
2166.5,0.3139497935771942
2166.6,0.31200748682022095
2166.7000000000003,0.31339800357818604
2166.8,0.3140142560005188
2166.9,0.3138980567455292
2167.0,0.31396156549453735
2167.1,0.3079872131347656
2167.2000000000003,0.3097194731235504
2167.3,0.31137141585350037
2167.4,0.3164080083370209
2167.5,0.31669890880584717
2167.6,0.3141632676124573
2167.7000000000003,0.29921844601631165
2167.8,0.3143768906593323
2167.9,0.3161565363407135
2168.0,0.3057786524295807
2168.1,0.3066127598285675
2168.2000000000003,0.312198281288147
2168.3,0.30562418699264526
2168.4,0.31306034326553345
2168.5,0.3099903166294098
2168.6,0.303500235080719
2168.7000000000003,0.31596314907073975
2168.8,0.30616897344589233
2168.9,0.31535497307777405
2169.0,0.31183719635009766
2169.1,0.3088981509208679
2169.2000000000003,0.3118740916252136
2169.3,0.3156799376010895
2169.4,0.3003436326980591
2169.5,0.30707502365112305
2169.6,0.31220120191574097
2169.7000000000003,0.3113939166069031
2169.8,0.30876249074935913
2169.9,0.3173893094062805
2170.0,0.31770840287208557
2170.1,0.30924612283706665
2170.2000000000003,0.3200203776359558
2170.3,0.31353330612182617
2170.4,0.3124193251132965
2170.5,0.3137773275375366
2170.6,0.30947554111480713
2170.7000000000003,0.3086731433868408
2170.8,0.3131338655948639
2170.9,0.31742027401924133
2171.0,0.3063972592353821
2171.1,0.3061779737472534
2171.2000000000003,0.31917017698287964
2171.3,0.31439194083213806
2171.4,0.31430914998054504
2171.5,0.3118761479854584
2171.6,0.31312280893325806
2171.7000000000003,0.3146986961364746
2171.8,0.3129233121871948
2171.9,0.3149915039539337
2172.0,0.3096354305744171
2172.1,0.3146587312221527
2172.2000000000003,0.314161092042923
2172.3,0.30139490962028503
2172.4,0.30933675169944763
2172.5,0.3111974895000458
2172.6,0.30882561206817627
2172.7000000000003,0.3140026032924652
2172.8,0.3122885823249817
2172.9,0.3121689558029175
2173.0,0.3097814619541168
2173.1,0.31813085079193115
2173.2000000000003,0.30355387926101685
2173.3,0.31281885504722595
2173.4,0.31464967131614685
2173.5,0.31362396478652954
2173.6,0.307239294052124
2173.7000000000003,0.309507817029953
2173.8,0.3077814280986786
2173.9,0.31173354387283325
2174.0,0.31251245737075806
2174.1,0.30102774500846863
2174.2000000000003,0.3013021647930145
2174.3,0.30471542477607727
2174.4,0.3102799952030182
2174.5,0.30132126808166504
2174.6,0.31058788299560547
2174.7000000000003,0.3159668445587158
2174.8,0.30345192551612854
2174.9,0.30258598923683167
2175.0,0.3079194128513336
2175.1,0.3072088360786438
2175.2000000000003,0.3127728998661041
2175.3,0.30739539861679077
2175.4,0.3093195855617523
2175.5,0.3099677562713623
2175.6,0.3198545277118683
2175.7000000000003,0.3141867518424988
2175.8,0.30169710516929626
2175.9,0.31594714522361755
2176.0,0.3085847795009613
2176.1,0.3151642382144928
2176.2000000000003,0.311179518699646
2176.3,0.30533990263938904
2176.4,0.3117563724517822
2176.5,0.31591248512268066
2176.6,0.3060765266418457
2176.7000000000003,0.30664628744125366
2176.8,0.313518226146698
2176.9,0.3141627013683319
2177.0,0.3045291304588318
2177.1,0.31006956100463867
2177.2000000000003,0.3148953318595886
2177.3,0.31067368388175964
2177.4,0.30819573998451233
2177.5,0.3155418932437897
2177.6,0.30760127305984497
2177.7000000000003,0.3138401210308075
2177.8,0.30096691846847534
2177.9,0.3168821632862091
2178.0,0.31370314955711365
2178.1,0.3132956326007843
2178.2000000000003,0.30504077672958374
2178.3,0.3087570071220398
2178.4,0.3065226972103119
2178.5,0.3134058713912964
2178.6,0.3096548020839691
2178.7000000000003,0.31270280480384827
2178.8,0.3078005313873291
2178.9,0.3076592981815338
2179.0,0.3138810098171234
2179.1,0.3066377341747284
2179.2000000000003,0.3145512640476227
2179.3,0.31840938329696655
2179.4,0.31885942816734314
2179.5,0.313429057598114
2179.6,0.3146526515483856
2179.7000000000003,0.3167297840118408
2179.8,0.30220332741737366
2179.9,0.31618431210517883
2180.0,0.31128978729248047
2180.1,0.2934829592704773
2180.2000000000003,0.31227776408195496
2180.3,0.3105611503124237
2180.4,0.31222230195999146
2180.5,0.3144834637641907
2180.6,0.31198254227638245
2180.7000000000003,0.3133503794670105
2180.8,0.31328529119491577
2180.9,0.31294330954551697
2181.0,0.3155108690261841
2181.1,0.31334444880485535
2181.2000000000003,0.3088424503803253
2181.3,0.3070746064186096
2181.4,0.31080856919288635
2181.5,0.31246402859687805
2181.6,0.3131532073020935
2181.7000000000003,0.31365954875946045
2181.8,0.30830028653144836
2181.9,0.3044845461845398
2182.0,0.3100496232509613
2182.1,0.31061574816703796
2182.2000000000003,0.3061251938343048
2182.3,0.31049221754074097
2182.4,0.3221864104270935
2182.5,0.30811959505081177
2182.6,0.314851313829422
2182.7000000000003,0.30928048491477966
2182.8,0.3107386529445648
2182.9,0.30222439765930176
2183.0,0.31368935108184814
2183.1,0.31660157442092896
2183.2000000000003,0.31189537048339844
2183.3,0.3091809153556824
2183.4,0.3103916049003601
2183.5,0.31497177481651306
2183.6,0.3085646331310272
2183.7000000000003,0.31583625078201294
2183.8,0.31971701979637146
2183.9,0.2990201413631439
2184.0,0.3143159747123718
2184.1,0.3120954930782318
2184.2000000000003,0.3124479353427887
2184.3,0.3244394361972809
2184.4,0.3079695701599121
2184.5,0.3168797791004181
2184.6,0.3058054447174072
2184.7000000000003,0.31494733691215515
2184.8,0.31143099069595337
2184.9,0.3099459409713745
2185.0,0.29912424087524414
2185.1,0.3097394108772278
2185.2000000000003,0.31360211968421936
2185.3,0.31416070461273193
2185.4,0.31485220789909363
2185.5,0.30455392599105835
2185.6,0.312272310256958
2185.7000000000003,0.31801286339759827
2185.8,0.31898289918899536
2185.9,0.30684608221054077
2186.0,0.31257903575897217
2186.1,0.30589228868484497
2186.2000000000003,0.31336265802383423
2186.3,0.3056434988975525
2186.4,0.30709177255630493
2186.5,0.31439363956451416
2186.6,0.31712788343429565
2186.7000000000003,0.3111095428466797
2186.8,0.31176379323005676
2186.9,0.30494919419288635
2187.0,0.308525949716568
2187.1,0.31176742911338806
2187.2000000000003,0.3180113136768341
2187.3,0.31395235657691956
2187.4,0.31860968470573425
2187.5,0.30830058455467224
2187.6,0.31036415696144104
2187.7000000000003,0.31381070613861084
2187.8,0.3137523829936981
2187.9,0.31267842650413513
2188.0,0.30914488434791565
2188.1,0.3108641505241394
2188.2000000000003,0.3105382025241852
2188.3,0.3081672191619873
2188.4,0.31338146328926086
2188.5,0.3132302463054657
2188.6,0.31095537543296814
2188.7000000000003,0.30966871976852417
2188.8,0.3093746304512024
2188.9,0.31621891260147095
2189.0,0.3127675950527191
2189.1,0.3138805329799652
2189.2000000000003,0.31469178199768066
2189.3,0.31752216815948486
2189.4,0.31588414311408997
2189.5,0.30966779589653015
2189.6,0.3110634982585907
2189.7000000000003,0.29978036880493164
2189.8,0.31622105836868286
2189.9,0.31082966923713684
2190.0,0.31302350759506226
2190.1,0.3170509934425354
2190.2000000000003,0.30555403232574463
2190.3,0.30462148785591125
2190.4,0.3118988573551178
2190.5,0.3146836459636688
2190.6000000000004,0.3099771738052368
2190.7000000000003,0.31099891662597656
2190.8,0.30947211384773254
2190.9,0.31509166955947876
2191.0,0.3090474605560303
2191.1000000000004,0.29860126972198486
2191.2000000000003,0.3123384714126587
2191.3,0.3093993365764618
2191.4,0.31254842877388
2191.5,0.31529951095581055
2191.6000000000004,0.30908045172691345
2191.7000000000003,0.3058306574821472
2191.8,0.3149280250072479
2191.9,0.30900853872299194
2192.0,0.31155532598495483
2192.1000000000004,0.3131861388683319
2192.2000000000003,0.31976738572120667
2192.3,0.3064521551132202
2192.4,0.30087989568710327
2192.5,0.30991941690444946
2192.6000000000004,0.3169119358062744
2192.7000000000003,0.31555095314979553
2192.8,0.3122653067111969
2192.9,0.30602526664733887
2193.0,0.3066985607147217
2193.1000000000004,0.3081599771976471
2193.2000000000003,0.3102804720401764
2193.3,0.32224979996681213
2193.4,0.3100149631500244
2193.5,0.31024375557899475
2193.6000000000004,0.3138931095600128
2193.7000000000003,0.3125862181186676
2193.8,0.3121400773525238
2193.9,0.31302735209465027
2194.0,0.317400723695755
2194.1000000000004,0.3165392577648163
2194.2000000000003,0.308782696723938
2194.3,0.3086364269256592
2194.4,0.3010672628879547
2194.5,0.3158915638923645
2194.6000000000004,0.3038950264453888
2194.7000000000003,0.31240054965019226
2194.8,0.30824416875839233
2194.9,0.30291515588760376
2195.0,0.306354820728302
2195.1000000000004,0.3170682191848755
2195.2000000000003,0.3065645694732666
2195.3,0.3100367486476898
2195.4,0.3092096745967865
2195.5,0.31734469532966614
2195.6000000000004,0.30743324756622314
2195.7000000000003,0.304019957780838
2195.8,0.30012133717536926
2195.9,0.30846545100212097
2196.0,0.3136444687843323
2196.1000000000004,0.2995525300502777
2196.2000000000003,0.31406712532043457
2196.3,0.30654168128967285
2196.4,0.3205440044403076
2196.5,0.3134762644767761
2196.6000000000004,0.3086512088775635
2196.7000000000003,0.3064108192920685
2196.8,0.3181542456150055
2196.9,0.3045700788497925
2197.0,0.3067764639854431
2197.1000000000004,0.310006707906723
2197.2000000000003,0.3082929849624634
2197.3,0.31566861271858215
2197.4,0.3097488284111023
2197.5,0.31404241919517517
2197.6000000000004,0.3091106116771698
2197.7000000000003,0.3125816881656647
2197.8,0.31418946385383606
2197.9,0.317795068025589
2198.0,0.30645060539245605
2198.1000000000004,0.30947503447532654
2198.2000000000003,0.31122052669525146
2198.3,0.3102838397026062
2198.4,0.3122435212135315
2198.5,0.31664401292800903
2198.6000000000004,0.31073957681655884
2198.7000000000003,0.30540189146995544
2198.8,0.30347272753715515
2198.9,0.3094538152217865
2199.0,0.3114258050918579
2199.1000000000004,0.31911543011665344
2199.2000000000003,0.31704074144363403
2199.3,0.3052048087120056
2199.4,0.30297282338142395
2199.5,0.31994590163230896
2199.6000000000004,0.3043045699596405
2199.7000000000003,0.3124310374259949
2199.8,0.3145081400871277
2199.9,0.3156767785549164
2200.0,0.3041425943374634
2200.1000000000004,0.31752461194992065
2200.2000000000003,0.3132424056529999
2200.3,0.30689874291419983
2200.4,0.30560386180877686
2200.5,0.3083948493003845
2200.6000000000004,0.31299611926078796
2200.7000000000003,0.30650243163108826
2200.8,0.3182733356952667
2200.9,0.3187483847141266
2201.0,0.30799809098243713
2201.1000000000004,0.30984240770339966
2201.2000000000003,0.30774322152137756
2201.3,0.3060134947299957
2201.4,0.3120136260986328
2201.5,0.31736382842063904
2201.6000000000004,0.3053659498691559
2201.7000000000003,0.3087036907672882
2201.8,0.3121557831764221
2201.9,0.3141108751296997
2202.0,0.3024527132511139
2202.1000000000004,0.3024565875530243
2202.2000000000003,0.3121007978916168
2202.3,0.3129790723323822
2202.4,0.3115285038948059
2202.5,0.31437620520591736
2202.6000000000004,0.3066006302833557
2202.7000000000003,0.30628731846809387
2202.8,0.31587785482406616
2202.9,0.31061649322509766
2203.0,0.31578129529953003
2203.1000000000004,0.3107932209968567
2203.2000000000003,0.3130261301994324
2203.3,0.3092541992664337
2203.4,0.3146324157714844
2203.5,0.3080563247203827
2203.6000000000004,0.3022329807281494
2203.7000000000003,0.3149997293949127
2203.8,0.3133234977722168
2203.9,0.3132803440093994
2204.0,0.31213679909706116
2204.1000000000004,0.29939109086990356
2204.2000000000003,0.30396392941474915
2204.3,0.30721741914749146
2204.4,0.31358543038368225
2204.5,0.30744701623916626
2204.6000000000004,0.3182825446128845
2204.7000000000003,0.3172200918197632
2204.8,0.31419503688812256
2204.9,0.31083840131759644
2205.0,0.3145648241043091
2205.1000000000004,0.3098353147506714
2205.2000000000003,0.3139169216156006
2205.3,0.3120434582233429
2205.4,0.315805047750473
2205.5,0.31399065256118774
2205.6000000000004,0.31529295444488525
2205.7000000000003,0.3092432916164398
2205.8,0.3105710744857788
2205.9,0.3063269555568695
2206.0,0.31109824776649475
2206.1000000000004,0.31614282727241516
2206.2000000000003,0.3080157935619354
2206.3,0.30527782440185547
2206.4,0.31563296914100647
2206.5,0.30812954902648926
2206.6000000000004,0.3130984306335449
2206.7000000000003,0.3142905533313751
2206.8,0.31076696515083313
2206.9,0.31114527583122253
2207.0,0.31037142872810364
2207.1000000000004,0.30775824189186096
2207.2000000000003,0.2937341630458832
2207.3,0.2970341742038727
2207.4,0.31415262818336487
2207.5,0.3131391704082489
2207.6000000000004,0.30181315541267395
2207.7000000000003,0.3093918561935425
2207.8,0.31316596269607544
2207.9,0.31140467524528503
2208.0,0.30828210711479187
2208.1000000000004,0.3063274025917053
2208.2000000000003,0.30778998136520386
2208.3,0.3062168061733246
2208.4,0.3082209527492523
2208.5,0.31526651978492737
2208.6000000000004,0.31306636333465576
2208.7000000000003,0.31352680921554565
2208.8,0.3035587966442108
2208.9,0.30735209584236145
2209.0,0.3137616813182831
2209.1000000000004,0.3124908208847046
2209.2000000000003,0.3113242983818054
2209.3,0.31598687171936035
2209.4,0.3147435486316681
2209.5,0.306606262922287
2209.6000000000004,0.3184695839881897
2209.7000000000003,0.3175559639930725
2209.8,0.288360059261322
2209.9,0.30482131242752075
2210.0,0.30580639839172363
2210.1000000000004,0.3033598065376282
2210.2000000000003,0.3182738721370697
2210.3,0.3114195764064789
2210.4,0.3143036365509033
2210.5,0.3140498995780945
2210.6000000000004,0.3164236545562744
2210.7000000000003,0.31082582473754883
2210.8,0.3086777329444885
2210.9,0.31495755910873413
2211.0,0.3136182725429535
2211.1000000000004,0.30831149220466614
2211.2000000000003,0.3099891245365143
2211.3,0.31039172410964966
2211.4,0.31589794158935547
2211.5,0.30857038497924805
2211.6000000000004,0.30676499009132385
2211.7000000000003,0.3158741295337677
2211.8,0.3109380900859833
2211.9,0.31345170736312866
2212.0,0.3127731680870056
2212.1000000000004,0.31597837805747986
2212.2000000000003,0.30910003185272217
2212.3,0.3125923275947571
2212.4,0.31547823548316956
2212.5,0.30268019437789917
2212.6000000000004,0.3104621469974518
2212.7000000000003,0.30362075567245483
2212.8,0.3126852512359619
2212.9,0.31231921911239624
2213.0,0.30126336216926575
2213.1000000000004,0.307595819234848
2213.2000000000003,0.3142384886741638
2213.3,0.3096237778663635
2213.4,0.3175579607486725
2213.5,0.3163122236728668
2213.6000000000004,0.3058442175388336
2213.7000000000003,0.31731414794921875
2213.8,0.31909504532814026
2213.9,0.3082996904850006
2214.0,0.3102041780948639
2214.1000000000004,0.3031136989593506
2214.2000000000003,0.30273666977882385
2214.3,0.31402191519737244
2214.4,0.3160579204559326
2214.5,0.3153914213180542
2214.6000000000004,0.3068009614944458
2214.7000000000003,0.3183594346046448
2214.8,0.30946269631385803
2214.9,0.3169768750667572
2215.0,0.31620997190475464
2215.1000000000004,0.3069145083427429
2215.2000000000003,0.3115953803062439
2215.3,0.3103477358818054
2215.4,0.30902138352394104
2215.5,0.31127581000328064
2215.6000000000004,0.3180423974990845
2215.7000000000003,0.31757310032844543
2215.8,0.31622326374053955
2215.9,0.29288408160209656
2216.0,0.31333285570144653
2216.1000000000004,0.30836889147758484
2216.2000000000003,0.30270612239837646
2216.3,0.3157133162021637
2216.4,0.31922194361686707
2216.5,0.3028141260147095
2216.6000000000004,0.31591761112213135
2216.7000000000003,0.30489271879196167
2216.8,0.30228641629219055
2216.9,0.3155832886695862
2217.0,0.30958592891693115
2217.1000000000004,0.3148522675037384
2217.2000000000003,0.3145751357078552
2217.3,0.3164101541042328
2217.4,0.3108524680137634
2217.5,0.3088211417198181
2217.6000000000004,0.30613842606544495
2217.7000000000003,0.31190037727355957
2217.8,0.3116135001182556
2217.9,0.3128455877304077
2218.0,0.3143027722835541
2218.1000000000004,0.3139442801475525
2218.2000000000003,0.315964937210083
2218.3,0.3131556212902069
2218.4,0.316135436296463
2218.5,0.3096155822277069
2218.6000000000004,0.31285953521728516
2218.7000000000003,0.31740060448646545
2218.8,0.3100734353065491
2218.9,0.30453354120254517
2219.0,0.3144756555557251
2219.1000000000004,0.3067251741886139
2219.2000000000003,0.304414838552475
2219.3,0.31496909260749817
2219.4,0.31659531593322754
2219.5,0.31052500009536743
2219.6000000000004,0.31173479557037354
2219.7000000000003,0.31934309005737305
2219.8,0.31349271535873413
2219.9,0.3113144636154175
2220.0,0.3081009089946747
2220.1000000000004,0.3010748624801636
2220.2000000000003,0.3162206709384918
2220.3,0.3118366301059723
2220.4,0.3104027509689331
2220.5,0.30874311923980713
2220.6000000000004,0.3168438673019409
2220.7000000000003,0.3131619989871979
2220.8,0.29951488971710205
2220.9,0.30847880244255066
2221.0,0.31184038519859314
2221.1000000000004,0.308294415473938
2221.2000000000003,0.3081958591938019
2221.3,0.30666476488113403
2221.4,0.3118648827075958
2221.5,0.3122715950012207
2221.6000000000004,0.30524110794067383
2221.7000000000003,0.30247098207473755
2221.8,0.3172234892845154
2221.9,0.3149743676185608
2222.0,0.3120054602622986
2222.1000000000004,0.313352108001709
2222.2000000000003,0.3126171827316284
2222.3,0.3081357777118683
2222.4,0.3195894658565521
2222.5,0.31211021542549133
2222.6000000000004,0.31369680166244507
2222.7000000000003,0.3102380931377411
2222.8,0.31848180294036865
2222.9,0.3151398003101349
2223.0,0.315130352973938
2223.1000000000004,0.3117178976535797
2223.2000000000003,0.2995748817920685
2223.3,0.3179031312465668
2223.4,0.31024715304374695
2223.5,0.31395524740219116
2223.6000000000004,0.31367623805999756
2223.7000000000003,0.3005659282207489
2223.8,0.31137412786483765
2223.9,0.31034308671951294
2224.0,0.3050074279308319
2224.1000000000004,0.31296151876449585
2224.2000000000003,0.3095608949661255
2224.3,0.3071330785751343
2224.4,0.3092469274997711
2224.5,0.30548912286758423
2224.6000000000004,0.31330257654190063
2224.7000000000003,0.31035980582237244
2224.8,0.3076156973838806
2224.9,0.307226300239563
2225.0,0.3059226870536804
2225.1000000000004,0.30209121108055115
2225.2000000000003,0.3178298771381378
2225.3,0.32132694125175476
2225.4,0.3118517994880676
2225.5,0.3101039528846741
2225.6000000000004,0.30837127566337585
2225.7000000000003,0.3059958219528198
2225.8,0.31247881054878235
2225.9,0.30763402581214905
2226.0,0.31113186478614807
2226.1000000000004,0.31488996744155884
2226.2000000000003,0.29979926347732544
2226.3,0.30693116784095764
2226.4,0.3033149242401123
2226.5,0.30946817994117737
2226.6000000000004,0.3088764548301697
2226.7000000000003,0.30704164505004883
2226.8,0.32003623247146606
2226.9,0.3159632682800293
2227.0,0.31195032596588135
2227.1000000000004,0.3130917549133301
2227.2000000000003,0.31562507152557373
2227.3,0.30363985896110535
2227.4,0.3116372525691986
2227.5,0.3219742476940155
2227.6000000000004,0.311387836933136
2227.7000000000003,0.3118448257446289
2227.8,0.31152355670928955
2227.9,0.3087249994277954
2228.0,0.3081170320510864
2228.1000000000004,0.31559956073760986
2228.2000000000003,0.31795188784599304
2228.3,0.30819687247276306
2228.4,0.3034723401069641
2228.5,0.3130236864089966
2228.6000000000004,0.3117748200893402
2228.7000000000003,0.3127021789550781
2228.8,0.31762218475341797
2228.9,0.3066500425338745
2229.0,0.3113613426685333
2229.1000000000004,0.3174610435962677
2229.2000000000003,0.31276705861091614
2229.3,0.3151555359363556
2229.4,0.3190639019012451
2229.5,0.30892214179039
2229.6000000000004,0.3024783432483673
2229.7000000000003,0.29978713393211365
2229.8,0.3110712766647339
2229.9,0.310055673122406
2230.0,0.3118889331817627
2230.1000000000004,0.3083042800426483
2230.2000000000003,0.2980996370315552
2230.3,0.3138861060142517
2230.4,0.314079612493515
2230.5,0.3149641454219818
2230.6000000000004,0.31522229313850403
2230.7000000000003,0.3224000036716461
2230.8,0.315645694732666
2230.9,0.3157261610031128
2231.0,0.30786171555519104
2231.1000000000004,0.30879807472229004
2231.2000000000003,0.31756392121315
2231.3,0.3102199137210846
2231.4,0.30980321764945984
2231.5,0.30943596363067627
2231.6000000000004,0.3156200349330902
2231.7000000000003,0.3046065866947174
2231.8,0.31939324736595154
2231.9,0.32041263580322266
2232.0,0.3096197247505188
2232.1000000000004,0.30708950757980347
2232.2000000000003,0.31416967511177063
2232.3,0.31230053305625916
2232.4,0.32530227303504944
2232.5,0.3119760751724243
2232.6000000000004,0.3128228485584259
2232.7000000000003,0.31078988313674927
2232.8,0.3105698823928833
2232.9,0.31303638219833374
2233.0,0.3091353476047516
2233.1000000000004,0.3174937069416046
2233.2000000000003,0.3149780333042145
2233.3,0.31371206045150757
2233.4,0.3139059543609619
2233.5,0.3134249448776245
2233.6000000000004,0.3177376091480255
2233.7000000000003,0.310624897480011
2233.8,0.3103935420513153
2233.9,0.30953606963157654
2234.0,0.30713579058647156
2234.1000000000004,0.31175410747528076
2234.2000000000003,0.31191328167915344
2234.3,0.3052045404911041
2234.4,0.2958594560623169
2234.5,0.30749064683914185
2234.6000000000004,0.30963459610939026
2234.7000000000003,0.3134048581123352
2234.8,0.3131541311740875
2234.9,0.30362752079963684
2235.0,0.2957420349121094
2235.1000000000004,0.3162180781364441
2235.2000000000003,0.3072338104248047
2235.3,0.316896915435791
2235.4,0.3125385642051697
2235.5,0.3139420449733734
2235.6000000000004,0.3095943033695221
2235.7000000000003,0.3168683350086212
2235.8,0.3095576763153076
2235.9,0.32121992111206055
2236.0,0.3159148693084717
2236.1000000000004,0.29785194993019104
2236.2000000000003,0.32020244002342224
2236.3,0.3059684932231903
2236.4,0.3121870458126068
2236.5,0.31565698981285095
2236.6000000000004,0.31501397490501404
2236.7000000000003,0.3111157715320587
2236.8,0.3102710247039795
2236.9,0.3093290328979492
2237.0,0.3082234263420105
2237.1000000000004,0.3098669648170471
2237.2000000000003,0.30630120635032654
2237.3,0.30197468400001526
2237.4,0.31220242381095886
2237.5,0.31299763917922974
2237.6000000000004,0.30860909819602966
2237.7000000000003,0.3147004544734955
2237.8,0.3120817542076111
2237.9,0.32053279876708984
2238.0,0.3132186233997345
2238.1000000000004,0.3091898262500763
2238.2000000000003,0.30972039699554443
2238.3,0.29835832118988037
2238.4,0.3123489320278168
2238.5,0.3091334402561188
2238.6000000000004,0.31373053789138794
2238.7000000000003,0.3065052032470703
2238.8,0.31601279973983765
2238.9,0.3091525733470917
2239.0,0.3184025287628174
2239.1000000000004,0.3172965943813324
2239.2000000000003,0.30479466915130615
2239.3,0.3175540268421173
2239.4,0.3187088966369629
2239.5,0.32032474875450134
2239.6000000000004,0.3171118199825287
2239.7000000000003,0.31278184056282043
2239.8,0.3054795563220978
2239.9,0.30849242210388184
2240.0,0.3014098107814789
2240.1000000000004,0.3155691921710968
2240.2000000000003,0.30358248949050903
2240.3,0.3097175657749176
2240.4,0.306262731552124
2240.5,0.3066745102405548
2240.6000000000004,0.31628912687301636
2240.7000000000003,0.30889976024627686
2240.8,0.3142925500869751
2240.9,0.31680431962013245
2241.0,0.3032831847667694
2241.1000000000004,0.31851834058761597
2241.2000000000003,0.3051247298717499
2241.3,0.31629469990730286
2241.4,0.3124776780605316
2241.5,0.3195410668849945
2241.6000000000004,0.3154990077018738
2241.7000000000003,0.3101406991481781
2241.8,0.3080395460128784
2241.9,0.31063956022262573
2242.0,0.3145483434200287
2242.1000000000004,0.3085384666919708
2242.2000000000003,0.316051721572876
2242.3,0.3160225749015808
2242.4,0.31285884976387024
2242.5,0.3163462281227112
2242.6000000000004,0.3179343044757843
2242.7000000000003,0.3157676160335541
2242.8,0.31082096695899963
2242.9,0.31678444147109985
2243.0,0.3142114281654358
2243.1000000000004,0.31245720386505127
2243.2000000000003,0.30271145701408386
2243.3,0.3111887276172638
2243.4,0.3106869161128998
2243.5,0.30895909667015076
2243.6000000000004,0.3112275004386902
2243.7000000000003,0.31715741753578186
2243.8,0.3121113181114197
2243.9,0.3151574432849884
2244.0,0.3127572536468506
2244.1000000000004,0.3168652057647705
2244.2000000000003,0.31331026554107666
2244.3,0.3094922602176666
2244.4,0.3139182925224304
2244.5,0.3118313252925873
2244.6000000000004,0.3118753433227539
2244.7000000000003,0.3102410137653351
2244.8,0.3105206787586212
2244.9,0.3101936876773834
2245.0,0.30789852142333984
2245.1000000000004,0.30561888217926025
2245.2000000000003,0.3067791759967804
2245.3,0.3147228956222534
2245.4,0.31544557213783264
2245.5,0.31430745124816895
2245.6000000000004,0.30976682901382446
2245.7000000000003,0.3107665479183197
2245.8,0.3073178827762604
2245.9,0.312267929315567
2246.0,0.316210001707077
2246.1000000000004,0.3105083703994751
2246.2000000000003,0.31659653782844543
2246.3,0.305329829454422
2246.4,0.3080088496208191
2246.5,0.3047805726528168
2246.6000000000004,0.31485074758529663
2246.7000000000003,0.30986103415489197
2246.8,0.3017822206020355
2246.9,0.3122919499874115
2247.0,0.312046080827713
2247.1000000000004,0.3155030608177185
2247.2000000000003,0.3149087131023407
2247.3,0.30971357226371765
2247.4,0.3180382251739502
2247.5,0.31830117106437683
2247.6000000000004,0.28970345854759216
2247.7000000000003,0.31016772985458374
2247.8,0.3112618327140808
2247.9,0.30635908246040344
2248.0,0.3048311173915863
2248.1000000000004,0.3071429133415222
2248.2000000000003,0.30600351095199585
2248.3,0.3188384473323822
2248.4,0.31655263900756836
2248.5,0.3143696188926697
2248.6000000000004,0.3097846210002899
2248.7000000000003,0.31482693552970886
2248.8,0.30474263429641724
2248.9,0.31078359484672546
2249.0,0.3053044378757477
2249.1000000000004,0.30648618936538696
2249.2000000000003,0.3121590316295624
2249.3,0.31237587332725525
2249.4,0.3160966634750366
2249.5,0.31342634558677673
2249.6000000000004,0.3078960180282593
2249.7000000000003,0.3150596022605896
2249.8,0.3138923943042755
2249.9,0.3126477599143982
2250.0,0.31519147753715515
2250.1000000000004,0.31269946694374084
2250.2000000000003,0.31377872824668884
2250.3,0.31437548995018005
2250.4,0.3112110197544098
2250.5,0.3103483021259308
2250.6000000000004,0.311962366104126
2250.7000000000003,0.29751306772232056
2250.8,0.3154449462890625
2250.9,0.2986491322517395
2251.0,0.31747135519981384
2251.1000000000004,0.3032394349575043
2251.2000000000003,0.3141988515853882
2251.3,0.31517910957336426
2251.4,0.3074752390384674
2251.5,0.30909499526023865
2251.6000000000004,0.3162849545478821
2251.7000000000003,0.30954793095588684
2251.8,0.3078804910182953
2251.9,0.30737438797950745
2252.0,0.3126327693462372
2252.1000000000004,0.2990718185901642
2252.2000000000003,0.3093765676021576
2252.3,0.31868475675582886
2252.4,0.30295661091804504
2252.5,0.31816545128822327
2252.6000000000004,0.3122495710849762
2252.7000000000003,0.3039133548736572
2252.8,0.3127226233482361
2252.9,0.317658007144928
2253.0,0.3138580024242401
2253.1000000000004,0.3147207796573639
2253.2000000000003,0.3122832477092743
2253.3,0.3110791742801666
2253.4,0.3126799762248993
2253.5,0.3116745352745056
2253.6000000000004,0.3174867331981659
2253.7000000000003,0.31629911065101624
2253.8,0.31279733777046204
2253.9,0.3128475248813629
2254.0,0.3162899911403656
2254.1000000000004,0.3079957365989685
2254.2000000000003,0.30954834818840027
2254.3,0.31105032563209534
2254.4,0.30011191964149475
2254.5,0.3118307888507843
2254.6000000000004,0.3043130934238434
2254.7000000000003,0.31525471806526184
2254.8,0.30460941791534424
2254.9,0.31209951639175415
2255.0,0.31420010328292847
2255.1000000000004,0.3005226254463196
2255.2000000000003,0.31431734561920166
2255.3,0.317696213722229
2255.4,0.3064022362232208
2255.5,0.30568546056747437
2255.6000000000004,0.30572107434272766
2255.7000000000003,0.30717241764068604
2255.8,0.3193621337413788
2255.9,0.31421029567718506
2256.0,0.3188270628452301
2256.1000000000004,0.31674957275390625
2256.2000000000003,0.3108507990837097
2256.3,0.30542007088661194
2256.4,0.3083352744579315
2256.5,0.3115449547767639
2256.6000000000004,0.312930703163147
2256.7000000000003,0.3059142231941223
2256.8,0.3103727698326111
2256.9,0.3148154020309448
2257.0,0.31402668356895447
2257.1000000000004,0.3043372929096222
2257.2000000000003,0.307121604681015
2257.3,0.3047480881214142
2257.4,0.31430158019065857
2257.5,0.3227654695510864
2257.6000000000004,0.3042032718658447
2257.7000000000003,0.31602898240089417
2257.8,0.3106556236743927
2257.9,0.3123147487640381
2258.0,0.3150600790977478
2258.1000000000004,0.31875765323638916
2258.2000000000003,0.31671592593193054
2258.3,0.31146177649497986
2258.4,0.3000592589378357
2258.5,0.32152971625328064
2258.6000000000004,0.3157925605773926
2258.7000000000003,0.30588653683662415
2258.8,0.30940645933151245
2258.9,0.3026060163974762
2259.0,0.3123420774936676
2259.1000000000004,0.31404635310173035
2259.2000000000003,0.31144046783447266
2259.3,0.29663047194480896
2259.4,0.3139180839061737
2259.5,0.31102254986763
2259.6000000000004,0.3103945255279541
2259.7000000000003,0.3117787539958954
2259.8,0.30205464363098145
2259.9,0.31085604429244995
2260.0,0.3173854351043701
2260.1000000000004,0.3098931312561035
2260.2000000000003,0.3130866587162018
2260.3,0.31043681502342224
2260.4,0.29659873247146606
2260.5,0.303010493516922
2260.6000000000004,0.310169517993927
2260.7000000000003,0.31827226281166077
2260.8,0.31410327553749084
2260.9,0.3015342354774475
2261.0,0.3054504990577698
2261.1000000000004,0.30765458941459656
2261.2000000000003,0.31230878829956055
2261.3,0.3075030744075775
2261.4,0.3033919632434845
2261.5,0.31149956583976746
2261.6000000000004,0.3077520430088043
2261.7000000000003,0.3061259686946869
2261.8,0.3065146505832672
2261.9,0.312673419713974
2262.0,0.3081814646720886
2262.1000000000004,0.31401392817497253
2262.2000000000003,0.3120185136795044
2262.3,0.3030925691127777
2262.4,0.31156080961227417
2262.5,0.3052525818347931
2262.6000000000004,0.30835896730422974
2262.7000000000003,0.3138529658317566
2262.8,0.312745600938797
2262.9,0.3111107647418976
2263.0,0.30413609743118286
2263.1000000000004,0.31216028332710266
2263.2000000000003,0.3143948018550873
2263.3,0.30542653799057007
2263.4,0.3078020513057709
2263.5,0.3112974762916565
2263.6000000000004,0.3130837678909302
2263.7000000000003,0.311919242143631
2263.8,0.3164742588996887
2263.9,0.3209174573421478
2264.0,0.3088674247264862
2264.1000000000004,0.3033229112625122
2264.2000000000003,0.3125096559524536
2264.3,0.3138236701488495
2264.4,0.31526315212249756
2264.5,0.30921849608421326
2264.6000000000004,0.30002596974372864
2264.7000000000003,0.3048355281352997
2264.8,0.3117815852165222
2264.9,0.3052394688129425
2265.0,0.3068440854549408
2265.1000000000004,0.3090597987174988
2265.2000000000003,0.3128337860107422
2265.3,0.3131057322025299
2265.4,0.3087199926376343
2265.5,0.3107888996601105
2265.6000000000004,0.31000468134880066
2265.7000000000003,0.30716565251350403
2265.8,0.31070294976234436
2265.9,0.31890973448753357
2266.0,0.3088119924068451
2266.1000000000004,0.3102758824825287
2266.2000000000003,0.30596068501472473
2266.3,0.3100525438785553
2266.4,0.3183284401893616
2266.5,0.31260424852371216
2266.6000000000004,0.31148800253868103
2266.7000000000003,0.3128608167171478
2266.8,0.3096097707748413
2266.9,0.3159494400024414
2267.0,0.312458872795105
2267.1000000000004,0.3139442205429077
2267.2000000000003,0.3066854774951935
2267.3,0.32584550976753235
2267.4,0.2985723614692688
2267.5,0.31689146161079407
2267.6000000000004,0.31159844994544983
2267.7000000000003,0.30296581983566284
2267.8,0.3115163743495941
2267.9,0.31803587079048157
2268.0,0.31361791491508484
2268.1000000000004,0.29832565784454346
2268.2000000000003,0.3122432231903076
2268.3,0.3006596863269806
2268.4,0.3172113597393036
2268.5,0.32296445965766907
2268.6000000000004,0.31764569878578186
2268.7000000000003,0.30144771933555603
2268.8,0.30707505345344543
2268.9,0.31467390060424805
2269.0,0.3153812885284424
2269.1000000000004,0.3097802996635437
2269.2000000000003,0.3051328659057617
2269.3,0.3008592128753662
2269.4,0.31562817096710205
2269.5,0.3156405985355377
2269.6000000000004,0.31340599060058594
2269.7000000000003,0.3141091465950012
2269.8,0.30332621932029724
2269.9,0.30413705110549927
2270.0,0.3097577393054962
2270.1000000000004,0.3125119209289551
2270.2000000000003,0.30563706159591675
2270.3,0.3134912848472595
2270.4,0.3101392984390259
2270.5,0.31758543848991394
2270.6000000000004,0.3073939383029938
2270.7000000000003,0.30564653873443604
2270.8,0.31657955050468445
2270.9,0.30658015608787537
2271.0,0.3169189989566803
2271.1000000000004,0.31663984060287476
2271.2000000000003,0.3182604908943176
2271.3,0.3079790771007538
2271.4,0.31788867712020874
2271.5,0.3058796525001526
2271.6000000000004,0.31121382117271423
2271.7000000000003,0.3129638135433197
2271.8,0.30355387926101685
2271.9,0.3093007802963257
2272.0,0.31647780537605286
2272.1000000000004,0.30571654438972473
2272.2000000000003,0.3018966019153595
2272.3,0.3016416132450104
2272.4,0.3145304322242737
2272.5,0.307891309261322
2272.6000000000004,0.31399840116500854
2272.7000000000003,0.3188712000846863
2272.8,0.3147065043449402
2272.9,0.311496376991272
2273.0,0.31366950273513794
2273.1000000000004,0.3133907914161682
2273.2000000000003,0.31236785650253296
2273.3,0.30611518025398254
2273.4,0.31277796626091003
2273.5,0.31701645255088806
2273.6000000000004,0.31350332498550415
2273.7000000000003,0.3114435076713562
2273.8,0.3182215690612793
2273.9,0.3140091598033905
2274.0,0.3174271285533905
2274.1000000000004,0.31446516513824463
2274.2000000000003,0.31115370988845825
2274.3,0.31141653656959534
2274.4,0.3192022740840912
2274.5,0.3084198236465454
2274.6000000000004,0.3109199106693268
2274.7000000000003,0.30624479055404663
2274.8,0.31017887592315674
2274.9,0.3108218312263489
2275.0,0.3193158209323883
2275.1000000000004,0.3129526972770691
2275.2000000000003,0.3141053318977356
2275.3,0.31280189752578735
2275.4,0.3131159543991089
2275.5,0.30639755725860596
2275.6000000000004,0.3132378160953522
2275.7000000000003,0.3146340847015381
2275.8,0.3085060119628906
2275.9,0.3083518147468567
2276.0,0.301296204328537
2276.1000000000004,0.31282880902290344
2276.2000000000003,0.3113158941268921
2276.3,0.3202906548976898
2276.4,0.3177793025970459
2276.5,0.3147892653942108
2276.6000000000004,0.3050042390823364
2276.7000000000003,0.3150475025177002
2276.8,0.3046252429485321
2276.9,0.31264635920524597
2277.0,0.3077341616153717
2277.1000000000004,0.3131082355976105
2277.2000000000003,0.31762662529945374
2277.3,0.29803797602653503
2277.4,0.30593937635421753
2277.5,0.309137761592865
2277.6000000000004,0.2992008924484253
2277.7000000000003,0.31457528471946716
2277.8,0.31274402141571045
2277.9,0.3166577219963074
2278.0,0.31233593821525574
2278.1000000000004,0.31049805879592896
2278.2000000000003,0.31347155570983887
2278.3,0.3095601201057434
2278.4,0.3093073070049286
2278.5,0.3140791356563568
2278.6000000000004,0.3181130588054657
2278.7000000000003,0.3128858506679535
2278.8,0.308230996131897
2278.9,0.30684658885002136
2279.0,0.3127862513065338
2279.1000000000004,0.3147466778755188
2279.2000000000003,0.3050190210342407
2279.3,0.3164377510547638
2279.4,0.3062419891357422
2279.5,0.301228791475296
2279.6000000000004,0.3109719753265381
2279.7000000000003,0.30715712904930115
2279.8,0.3094483017921448
2279.9,0.31242021918296814
2280.0,0.310005247592926
2280.1000000000004,0.30196064710617065
2280.2000000000003,0.3139081299304962
2280.3,0.30602750182151794
2280.4,0.31600576639175415
2280.5,0.3036256432533264
2280.6000000000004,0.3157546818256378
2280.7000000000003,0.30371904373168945
2280.8,0.317190557718277
2280.9,0.3109007775783539
2281.0,0.31250372529029846
2281.1000000000004,0.3034975826740265
2281.2000000000003,0.32081282138824463
2281.3,0.3094424307346344
2281.4,0.31618741154670715
2281.5,0.3164922595024109
2281.6000000000004,0.31589987874031067
2281.7000000000003,0.3095456063747406
2281.8,0.31460505723953247
2281.9,0.3164606988430023
2282.0,0.31824347376823425
2282.1000000000004,0.3086889386177063
2282.2000000000003,0.31254637241363525
2282.3,0.3164307475090027
2282.4,0.3155326247215271
2282.5,0.30404743552207947
2282.6000000000004,0.315117746591568
2282.7000000000003,0.3174941837787628
2282.8,0.303169310092926
2282.9,0.30543071031570435
2283.0,0.30774158239364624
2283.1000000000004,0.31102409958839417
2283.2000000000003,0.31734326481819153
2283.3,0.31253698468208313
2283.4,0.30495190620422363
2283.5,0.3015921115875244
2283.6000000000004,0.3113727271556854
2283.7000000000003,0.31108707189559937
2283.8,0.3177098333835602
2283.9,0.31610971689224243
2284.0,0.31977853178977966
2284.1000000000004,0.3106013536453247
2284.2000000000003,0.30473995208740234
2284.3,0.3169178068637848
2284.4,0.3044232130050659
2284.5,0.30555665493011475
2284.6000000000004,0.31152957677841187
2284.7000000000003,0.308138906955719
2284.8,0.3088099956512451
2284.9,0.3104923963546753
2285.0,0.31228306889533997
2285.1000000000004,0.3087671995162964
2285.2000000000003,0.3172793686389923
2285.3,0.31033846735954285
2285.4,0.31030353903770447
2285.5,0.2998077869415283
2285.6000000000004,0.30662035942077637
2285.7000000000003,0.31216663122177124
2285.8,0.313353955745697
2285.9,0.3117925226688385
2286.0,0.2996375858783722
2286.1000000000004,0.31304699182510376
2286.2000000000003,0.317068874835968
2286.3,0.3062764108181
2286.4,0.3087114691734314
2286.5,0.30466601252555847
2286.6000000000004,0.30878376960754395
2286.7000000000003,0.30797454714775085
2286.8,0.3202816843986511
2286.9,0.311373233795166
2287.0,0.306816428899765
2287.1000000000004,0.30712422728538513
2287.2000000000003,0.31515002250671387
2287.3,0.3070940673351288
2287.4,0.3146166205406189
2287.5,0.3073829114437103
2287.6000000000004,0.3115961253643036
2287.7000000000003,0.303180456161499
2287.8,0.3109404444694519
2287.9,0.30780404806137085
2288.0,0.3145942986011505
2288.1000000000004,0.3158649802207947
2288.2000000000003,0.3100372552871704
2288.3,0.30340853333473206
2288.4,0.31885379552841187
2288.5,0.3157511353492737
2288.6000000000004,0.3146638572216034
2288.7000000000003,0.3124825358390808
2288.8,0.31599336862564087
2288.9,0.3141161799430847
2289.0,0.29766857624053955
2289.1000000000004,0.3103342652320862
2289.2000000000003,0.30605125427246094
2289.3,0.3143106997013092
2289.4,0.3079468309879303
2289.5,0.31651848554611206
2289.6000000000004,0.31075355410575867
2289.7000000000003,0.3098089396953583
2289.8,0.3157399892807007
2289.9,0.3137355148792267
2290.0,0.31086739897727966
2290.1000000000004,0.31673726439476013
2290.2000000000003,0.3208584487438202
2290.3,0.3167162239551544
2290.4,0.3180268108844757
2290.5,0.3071235716342926
2290.6000000000004,0.31116944551467896
2290.7000000000003,0.3229140043258667
2290.8,0.3174275755882263
2290.9,0.30825281143188477
2291.0,0.3059929609298706
2291.1000000000004,0.30310481786727905
2291.2000000000003,0.3079025149345398
2291.3,0.3112686276435852
2291.4,0.3093065023422241
2291.5,0.3122915029525757
2291.6000000000004,0.320034384727478
2291.7000000000003,0.30964231491088867
2291.8,0.29508984088897705
2291.9,0.3131347894668579
2292.0,0.308316707611084
2292.1000000000004,0.31285560131073
2292.2000000000003,0.3047552704811096
2292.3,0.29774540662765503
2292.4,0.3148990869522095
2292.5,0.31205064058303833
2292.6000000000004,0.3123120963573456
2292.7000000000003,0.3116084337234497
2292.8,0.3019367456436157
2292.9,0.3169529139995575
2293.0,0.31358611583709717
2293.1000000000004,0.30716997385025024
2293.2000000000003,0.31611165404319763
2293.3,0.318856805562973
2293.4,0.3144037127494812
2293.5,0.31818777322769165
2293.6000000000004,0.31179842352867126
2293.7000000000003,0.3048224151134491
2293.8,0.31317755579948425
2293.9,0.31206271052360535
2294.0,0.31234925985336304
2294.1000000000004,0.3097558319568634
2294.2000000000003,0.3164111077785492
2294.3,0.3039058446884155
2294.4,0.31289583444595337
2294.5,0.3174026906490326
2294.6000000000004,0.3065958619117737
2294.7000000000003,0.3110709488391876
2294.8,0.3099830746650696
2294.9,0.31268686056137085
2295.0,0.3163430392742157
2295.1000000000004,0.31253206729888916
2295.2000000000003,0.3088085353374481
2295.3,0.318602979183197
2295.4,0.31156668066978455
2295.5,0.3050903081893921
2295.6000000000004,0.3162326514720917
2295.7000000000003,0.3060733377933502
2295.8,0.3100190758705139
2295.9,0.2994653582572937
2296.0,0.30039575695991516
2296.1000000000004,0.3134206533432007
2296.2000000000003,0.31850945949554443
2296.3,0.3086583912372589
2296.4,0.31483784317970276
2296.5,0.3116549551486969
2296.6000000000004,0.3035213351249695
2296.7000000000003,0.30731400847435
2296.8,0.304418683052063
2296.9,0.31453177332878113
2297.0,0.3156689703464508
2297.1000000000004,0.3141579031944275
2297.2000000000003,0.31646355986595154
2297.3,0.305204302072525
2297.4,0.31485050916671753
2297.5,0.311903715133667
2297.6000000000004,0.3094724118709564
2297.7000000000003,0.3062669038772583
2297.8,0.2982674539089203
2297.9,0.3040899932384491
2298.0,0.31729528307914734
2298.1000000000004,0.3114825189113617
2298.2000000000003,0.312655508518219
2298.3,0.30880028009414673
2298.4,0.30447784066200256
2298.5,0.3080441355705261
2298.6000000000004,0.32067635655403137
2298.7000000000003,0.30752402544021606
2298.8,0.31502774357795715
2298.9,0.3043665587902069
2299.0,0.30943745374679565
2299.1000000000004,0.3019613027572632
2299.2000000000003,0.313348650932312
2299.3,0.307359904050827
2299.4,0.31535646319389343
2299.5,0.31787651777267456
2299.6000000000004,0.31785720586776733
2299.7000000000003,0.3068571388721466
2299.8,0.30929309129714966
2299.9,0.3134566843509674
2300.0,0.31297728419303894
2300.1000000000004,0.3044624626636505
2300.2000000000003,0.30393320322036743
2300.3,0.310482382774353
2300.4,0.30378976464271545
2300.5,0.31135866045951843
2300.6000000000004,0.3177310824394226
2300.7000000000003,0.3097102642059326
2300.8,0.310367226600647
2300.9,0.30951136350631714
2301.0,0.3146885633468628
2301.1000000000004,0.3202226459980011
2301.2000000000003,0.3164258599281311
2301.3,0.3136161267757416
2301.4,0.30706489086151123
2301.5,0.29733479022979736
2301.6000000000004,0.3064705729484558
2301.7000000000003,0.3153725266456604
2301.8,0.3216317594051361
2301.9,0.30856117606163025
2302.0,0.3068786561489105
2302.1000000000004,0.3088299334049225
2302.2000000000003,0.3076658844947815
2302.3,0.3104819059371948
2302.4,0.3138921856880188
2302.5,0.31081128120422363
2302.6000000000004,0.30311113595962524
2302.7000000000003,0.30820876359939575
2302.8,0.31804633140563965
2302.9,0.3072703778743744
2303.0,0.31259530782699585
2303.1000000000004,0.3142245411872864
2303.2000000000003,0.3103485405445099
2303.3,0.30513760447502136
2303.4,0.31406262516975403
2303.5,0.30694904923439026
2303.6000000000004,0.31330645084381104
2303.7000000000003,0.3074512779712677
2303.8,0.3112318813800812
2303.9,0.3095618784427643
2304.0,0.31751057505607605
2304.1000000000004,0.3163793981075287
2304.2000000000003,0.3116734027862549
2304.3,0.3090086281299591
2304.4,0.3096899092197418
2304.5,0.30543413758277893
2304.6000000000004,0.3110603094100952
2304.7000000000003,0.3057389259338379
2304.8,0.3124755024909973
2304.9,0.313925176858902
2305.0,0.29809924960136414
2305.1000000000004,0.3036763370037079
2305.2000000000003,0.31253722310066223
2305.3,0.30666041374206543
2305.4,0.31181538105010986
2305.5,0.31459105014801025
2305.6000000000004,0.3115178048610687
2305.7000000000003,0.3119189739227295
2305.8,0.3147713541984558
2305.9,0.31568536162376404
2306.0,0.3102872371673584
2306.1000000000004,0.318195104598999
2306.2000000000003,0.3078669607639313
2306.3,0.306080162525177
2306.4,0.315457284450531
2306.5,0.3043097257614136
2306.6000000000004,0.3107013702392578
2306.7000000000003,0.3095305860042572
2306.8,0.3079042434692383
2306.9,0.3145061135292053
2307.0,0.3097931742668152
2307.1000000000004,0.3169448673725128
2307.2000000000003,0.30707183480262756
2307.3,0.3171664774417877
2307.4,0.3164787292480469
2307.5,0.30619558691978455
2307.6000000000004,0.3112095296382904
2307.7000000000003,0.3155040740966797
2307.8,0.3132663369178772
2307.9,0.3053034842014313
2308.0,0.29973697662353516
2308.1000000000004,0.31813058257102966
2308.2000000000003,0.31445443630218506
2308.3,0.3141188323497772
2308.4,0.31481924653053284
2308.5,0.3130456805229187
2308.6000000000004,0.3202057480812073
2308.7000000000003,0.3119032680988312
2308.8,0.30967268347740173
2308.9,0.30577701330184937
2309.0,0.31398889422416687
2309.1000000000004,0.3157136142253876
2309.2000000000003,0.3058871924877167
2309.3,0.31308773159980774
2309.4,0.3095719516277313
2309.5,0.3104892075061798
2309.6000000000004,0.31724849343299866
2309.7000000000003,0.3027593195438385
2309.8,0.30896592140197754
2309.9,0.3033694326877594
2310.0,0.31019365787506104
2310.1000000000004,0.3072325587272644
2310.2000000000003,0.3080393970012665
2310.3,0.3203585147857666
2310.4,0.3100024461746216
2310.5,0.30594688653945923
2310.6000000000004,0.3090731203556061
2310.7000000000003,0.3082275390625
2310.8,0.308767169713974
2310.9,0.30520346760749817
2311.0,0.3121872842311859
2311.1000000000004,0.2978988587856293
2311.2000000000003,0.3160325288772583
2311.3,0.3187231123447418
2311.4,0.31391045451164246
2311.5,0.3050817847251892
2311.6000000000004,0.31212738156318665
2311.7000000000003,0.3095490038394928
2311.8,0.31357282400131226
2311.9,0.3038257360458374
2312.0,0.3155690133571625
2312.1000000000004,0.31380969285964966
2312.2000000000003,0.3125351071357727
2312.3,0.3120177388191223
2312.4,0.3110741078853607
2312.5,0.3060581386089325
2312.6000000000004,0.3135383427143097
2312.7000000000003,0.30421674251556396
2312.8,0.3165939152240753
2312.9,0.30462267994880676
2313.0,0.3170318901538849
2313.1000000000004,0.3107444941997528
2313.2000000000003,0.31063392758369446
2313.3,0.31626051664352417
2313.4,0.3131962716579437
2313.5,0.31226399540901184
2313.6000000000004,0.3078083395957947
2313.7000000000003,0.31792235374450684
2313.8,0.30732619762420654
2313.9,0.3122616112232208
2314.0,0.31041383743286133
2314.1000000000004,0.3168989419937134
2314.2000000000003,0.3180323541164398
2314.3,0.3070130944252014
2314.4,0.30758199095726013
2314.5,0.30718934535980225
2314.6000000000004,0.31574568152427673
2314.7000000000003,0.31172311305999756
2314.8,0.31495100259780884
2314.9,0.31422337889671326
2315.0,0.3090927302837372
2315.1000000000004,0.2977324426174164
2315.2000000000003,0.3149612545967102
2315.3,0.3077987730503082
2315.4,0.305635929107666
2315.5,0.31718146800994873
2315.6000000000004,0.3161885142326355
2315.7000000000003,0.31371548771858215
2315.8,0.3069971203804016
2315.9,0.31275662779808044
2316.0,0.30455049872398376
2316.1000000000004,0.3142503499984741
2316.2000000000003,0.308903306722641
2316.3,0.307411253452301
2316.4,0.3156392574310303
2316.5,0.3184080123901367
2316.6000000000004,0.31367647647857666
2316.7000000000003,0.3110930919647217
2316.8,0.3198910653591156
2316.9,0.30729374289512634
2317.0,0.31484755873680115
2317.1000000000004,0.3085823357105255
2317.2000000000003,0.3143954575061798
2317.3,0.31637871265411377
2317.4,0.3130578100681305
2317.5,0.3158750832080841
2317.6000000000004,0.3147643506526947
2317.7000000000003,0.3139824867248535
2317.8,0.29952940344810486
2317.9,0.3113965690135956
2318.0,0.31833532452583313
2318.1000000000004,0.3115745484828949
2318.2000000000003,0.2990667521953583
2318.3,0.3138372302055359
2318.4,0.31476327776908875
2318.5,0.3146604299545288
2318.6000000000004,0.31917405128479004
2318.7000000000003,0.3125512897968292
2318.8,0.3212365210056305
2318.9,0.3158009350299835
2319.0,0.31166520714759827
2319.1000000000004,0.305805504322052
2319.2000000000003,0.30926743149757385
2319.3,0.31193628907203674
2319.4,0.30596157908439636
2319.5,0.31732887029647827
2319.6000000000004,0.3096323609352112
2319.7000000000003,0.3144337832927704
2319.8,0.30195751786231995
2319.9,0.30795547366142273
2320.0,0.3066573739051819
2320.1000000000004,0.3119261562824249
2320.2000000000003,0.31075572967529297
2320.3,0.3134824335575104
2320.4,0.3110947906970978
2320.5,0.3105579912662506
2320.6000000000004,0.31697121262550354
2320.7000000000003,0.31341060996055603
2320.8,0.3091993033885956
2320.9,0.31536707282066345
2321.0,0.3119654655456543
2321.1000000000004,0.30391183495521545
2321.2000000000003,0.31535887718200684
2321.3,0.30695265531539917
2321.4,0.31179672479629517
2321.5,0.30089521408081055
2321.6000000000004,0.31431373953819275
2321.7000000000003,0.3177226781845093
2321.8,0.3099187910556793
2321.9,0.3109252452850342
2322.0,0.3084932565689087
2322.1000000000004,0.3112833797931671
2322.2000000000003,0.3175518214702606
2322.3,0.3171391785144806
2322.4,0.3095613718032837
2322.5,0.30510222911834717
2322.6000000000004,0.3129637837409973
2322.7000000000003,0.30237892270088196
2322.8,0.3050423562526703
2322.9,0.30589234828948975
2323.0,0.3083953559398651
2323.1000000000004,0.3081171214580536
2323.2000000000003,0.30349189043045044
2323.3,0.32438480854034424
2323.4,0.31743931770324707
2323.5,0.3004209101200104
2323.6000000000004,0.3071567118167877
2323.7000000000003,0.3111215829849243
2323.8,0.3122042715549469
2323.9,0.3077387809753418
2324.0,0.3203853964805603
2324.1000000000004,0.3124754726886749
2324.2000000000003,0.31292712688446045
2324.3,0.31072211265563965
2324.4,0.316358745098114
2324.5,0.31397396326065063
2324.6000000000004,0.3149815797805786
2324.7000000000003,0.3112925887107849
2324.8,0.3186171352863312
2324.9,0.31520622968673706
2325.0,0.31117159128189087
2325.1000000000004,0.30858907103538513
2325.2000000000003,0.3000190556049347
2325.3,0.3162110447883606
2325.4,0.30680015683174133
2325.5,0.30768391489982605
2325.6000000000004,0.3125284016132355
2325.7000000000003,0.31822705268859863
2325.8,0.31554725766181946
2325.9,0.3180600702762604
2326.0,0.32051122188568115
2326.1000000000004,0.30481648445129395
2326.2000000000003,0.3080310523509979
2326.3,0.3084481954574585
2326.4,0.3137173652648926
2326.5,0.3179704546928406
2326.6000000000004,0.30286842584609985
2326.7000000000003,0.3097222149372101
2326.8,0.3124767541885376
2326.9,0.3107635974884033
2327.0,0.3096364438533783
2327.1000000000004,0.31674620509147644
2327.2000000000003,0.30316492915153503
2327.3,0.3035966455936432
2327.4,0.31077104806900024
2327.5,0.30929189920425415
2327.6000000000004,0.30361565947532654
2327.7000000000003,0.31949344277381897
2327.8,0.31220006942749023
2327.9,0.311326265335083
2328.0,0.3077196478843689
2328.1000000000004,0.3124597668647766
2328.2000000000003,0.31538450717926025
2328.3,0.3173770308494568
2328.4,0.31322047114372253
2328.5,0.3087589740753174
2328.6000000000004,0.30949637293815613
2328.7000000000003,0.31434789299964905
2328.8,0.3104255795478821
2328.9,0.32066503167152405
2329.0,0.3149206042289734
2329.1000000000004,0.3145851492881775
2329.2000000000003,0.31176602840423584
2329.3,0.31709417700767517
2329.4,0.3143324553966522
2329.5,0.31775474548339844
2329.6000000000004,0.3070462644100189
2329.7000000000003,0.3183363974094391
2329.8,0.31118351221084595
2329.9,0.3130473494529724
2330.0,0.311312735080719
2330.1000000000004,0.3124249279499054
2330.2000000000003,0.3164321184158325
2330.3,0.31896770000457764
2330.4,0.3164936602115631
2330.5,0.3082806169986725
2330.6000000000004,0.311357319355011
2330.7000000000003,0.30485936999320984
2330.8,0.3153594136238098
2330.9,0.3044225573539734
2331.0,0.3148307204246521
2331.1000000000004,0.311220645904541
2331.2000000000003,0.31694626808166504
2331.3,0.3131389021873474
2331.4,0.3066049814224243
2331.5,0.3038536608219147
2331.6000000000004,0.31603676080703735
2331.7000000000003,0.31129345297813416
2331.8,0.3081381618976593
2331.9,0.3097708523273468
2332.0,0.30447182059288025
2332.1000000000004,0.3031282424926758
2332.2000000000003,0.3168353736400604
2332.3,0.3159596621990204
2332.4,0.3041277527809143
2332.5,0.3118227422237396
2332.6000000000004,0.31284064054489136
2332.7000000000003,0.31608346104621887
2332.8,0.3121090531349182
2332.9,0.30989372730255127
2333.0,0.3162689805030823
2333.1000000000004,0.3085653781890869
2333.2000000000003,0.3054787516593933
2333.3,0.31339648365974426
2333.4,0.310587078332901
2333.5,0.308801531791687
2333.6000000000004,0.3106868267059326
2333.7000000000003,0.31655722856521606
2333.8,0.3060082495212555
2333.9,0.3140060007572174
2334.0,0.31491222977638245
2334.1000000000004,0.3120152950286865
2334.2000000000003,0.31565776467323303
2334.3,0.31602030992507935
2334.4,0.31291642785072327
2334.5,0.31656965613365173
2334.6000000000004,0.30318889021873474
2334.7000000000003,0.30980464816093445
2334.8,0.31100451946258545
2334.9,0.3174658417701721
2335.0,0.3075965940952301
2335.1000000000004,0.3100234568119049
2335.2000000000003,0.31381574273109436
2335.3,0.3129081428050995
2335.4,0.30957919359207153
2335.5,0.31972283124923706
2335.6000000000004,0.3112536370754242
2335.7000000000003,0.3017863929271698
2335.8,0.31745776534080505
2335.9,0.3105136454105377
2336.0,0.3088203966617584
2336.1000000000004,0.3180084228515625
2336.2000000000003,0.30939775705337524
2336.3,0.31121623516082764
2336.4,0.316110223531723
2336.5,0.3143083155155182
2336.6000000000004,0.3050130605697632
2336.7000000000003,0.31024637818336487
2336.8,0.32027819752693176
2336.9,0.3127773106098175
2337.0,0.3117683231830597
2337.1000000000004,0.30678829550743103
2337.2000000000003,0.3228289484977722
2337.3,0.3173476457595825
2337.4,0.3010939359664917
2337.5,0.31319165229797363
2337.6000000000004,0.3103460669517517
2337.7000000000003,0.309965044260025
2337.8,0.32004401087760925
2337.9,0.3178252875804901
2338.0,0.31686732172966003
2338.1000000000004,0.3148893117904663
2338.2000000000003,0.3051703870296478
2338.3,0.3109798729419708
2338.4,0.31233641505241394
2338.5,0.3071778118610382
2338.6000000000004,0.31410983204841614
2338.7000000000003,0.3183214068412781
2338.8,0.31643247604370117
2338.9,0.3136608600616455
2339.0,0.31006553769111633
2339.1000000000004,0.31073400378227234
2339.2000000000003,0.3143036663532257
2339.3,0.3138677775859833
2339.4,0.30964627861976624
2339.5,0.3166918158531189
2339.6000000000004,0.306359201669693
2339.7000000000003,0.3141334652900696
2339.8,0.31629806756973267
2339.9,0.3136150538921356
2340.0,0.31589117646217346
2340.1000000000004,0.31345194578170776
2340.2000000000003,0.31087249517440796
2340.3,0.3105325698852539
2340.4,0.30471327900886536
2340.5,0.3133702874183655
2340.6000000000004,0.31611040234565735
2340.7000000000003,0.3002082109451294
2340.8,0.3098357319831848
2340.9,0.3040424883365631
2341.0,0.3090325593948364
2341.1000000000004,0.2996763586997986
2341.2000000000003,0.30586427450180054
2341.3,0.3123566806316376
2341.4,0.31247490644454956
2341.5,0.3150005638599396
2341.6000000000004,0.30752789974212646
2341.7000000000003,0.3070354759693146
2341.8,0.3051019012928009
2341.9,0.31516507267951965
2342.0,0.3133343458175659
2342.1000000000004,0.316160649061203
2342.2000000000003,0.3194420635700226
2342.3,0.31651487946510315
2342.4,0.31217092275619507
2342.5,0.31220415234565735
2342.6000000000004,0.31540271639823914
2342.7000000000003,0.3098794221878052
2342.8,0.3107391893863678
2342.9,0.30602043867111206
2343.0,0.3153287172317505
2343.1000000000004,0.298396497964859
2343.2000000000003,0.3014245331287384
2343.3,0.3135923147201538
2343.4,0.3129095733165741
2343.5,0.31306758522987366
2343.6000000000004,0.30788224935531616
2343.7000000000003,0.3221307396888733
2343.8,0.31023451685905457
2343.9,0.3022812306880951
2344.0,0.3102622628211975
2344.1000000000004,0.3099648952484131
2344.2000000000003,0.30834925174713135
2344.3,0.3074938952922821
2344.4,0.31627634167671204
2344.5,0.3150719404220581
2344.6000000000004,0.31238996982574463
2344.7000000000003,0.3090687394142151
2344.8,0.3153424859046936
2344.9,0.31498605012893677
2345.0,0.31990012526512146
2345.1000000000004,0.30669036507606506
2345.2000000000003,0.30464431643486023
2345.3,0.31250399351119995
2345.4,0.31256303191185
2345.5,0.30889344215393066
2345.6000000000004,0.3015024960041046
2345.7000000000003,0.30965664982795715
2345.8,0.30490759015083313
2345.9,0.3140270709991455
2346.0,0.31431105732917786
2346.1000000000004,0.3036477565765381
2346.2000000000003,0.31168055534362793
2346.3,0.3131360411643982
2346.4,0.3139073848724365
2346.5,0.31519854068756104
2346.6000000000004,0.3037036955356598
2346.7000000000003,0.30801859498023987
2346.8,0.3059152066707611
2346.9,0.3118689954280853
2347.0,0.30744919180870056
2347.1000000000004,0.3084120452404022
2347.2000000000003,0.3164479434490204
2347.3,0.3076571226119995
2347.4,0.310844361782074
2347.5,0.3083120584487915
2347.6000000000004,0.3140784502029419
2347.7000000000003,0.3111781179904938
2347.8,0.30226579308509827
2347.9,0.30964282155036926
2348.0,0.3138945400714874
2348.1000000000004,0.31002694368362427
2348.2000000000003,0.3006816804409027
2348.3,0.30832046270370483
2348.4,0.31112685799598694
2348.5,0.3132866322994232
2348.6000000000004,0.3152431547641754
2348.7000000000003,0.3076072931289673
2348.8,0.3132021129131317
2348.9,0.3103381097316742
2349.0,0.3050099015235901
2349.1000000000004,0.31596657633781433
2349.2000000000003,0.3107684254646301
2349.3,0.31607866287231445
2349.4,0.30685070157051086
2349.5,0.31249216198921204
2349.6000000000004,0.3118802607059479
2349.7000000000003,0.3102733790874481
2349.8,0.3112846612930298
2349.9,0.31306368112564087
2350.0,0.3132461905479431
2350.1000000000004,0.3102653920650482
2350.2000000000003,0.298721581697464
2350.3,0.31551459431648254
2350.4,0.3183078169822693
2350.5,0.30838871002197266
2350.6000000000004,0.30711033940315247
2350.7000000000003,0.3126007616519928
2350.8,0.30812859535217285
2350.9,0.31875988841056824
2351.0,0.31178000569343567
2351.1000000000004,0.30621081590652466
2351.2000000000003,0.3097563683986664
2351.3,0.3093720078468323
2351.4,0.31366702914237976
2351.5,0.31121450662612915
2351.6000000000004,0.30958521366119385
2351.7000000000003,0.310793936252594
2351.8,0.31628385186195374
2351.9,0.30880939960479736
2352.0,0.29943740367889404
2352.1000000000004,0.31723397970199585
2352.2000000000003,0.3101893365383148
2352.3,0.31607022881507874
2352.4,0.3113372325897217
2352.5,0.3046896159648895
2352.6000000000004,0.3083714544773102
2352.7000000000003,0.3073815703392029
2352.8,0.31007927656173706
2352.9,0.3079870939254761
2353.0,0.3122047781944275
2353.1000000000004,0.3089415729045868
2353.2000000000003,0.30965757369995117
2353.3,0.3098577558994293
2353.4,0.3038623631000519
2353.5,0.30822035670280457
2353.6000000000004,0.308574378490448
2353.7000000000003,0.3073214292526245
2353.8,0.3103606700897217
2353.9,0.31135404109954834
2354.0,0.3133161962032318
2354.1000000000004,0.29918399453163147
2354.2000000000003,0.3173428475856781
2354.3,0.3063427209854126
2354.4,0.31100526452064514
2354.5,0.3132539689540863
2354.6000000000004,0.3064856231212616
2354.7000000000003,0.3045000731945038
2354.8,0.3167964816093445
2354.9,0.3178054988384247
2355.0,0.3101120591163635
2355.1000000000004,0.3125772774219513
2355.2000000000003,0.30833712220191956
2355.3,0.3094767928123474
2355.4,0.3136364817619324
2355.5,0.30868294835090637
2355.6000000000004,0.3155284523963928
2355.7000000000003,0.3148854970932007
2355.8,0.30222830176353455
2355.9,0.31414565443992615
2356.0,0.3168339133262634
2356.1000000000004,0.31206628680229187
2356.2000000000003,0.3151390552520752
2356.3,0.3172248303890228
2356.4,0.3117082715034485
2356.5,0.31999072432518005
2356.6000000000004,0.32193759083747864
2356.7000000000003,0.30896154046058655
2356.8,0.3145504295825958
2356.9,0.3052781820297241
2357.0,0.31139931082725525
2357.1000000000004,0.3213697671890259
2357.2000000000003,0.3144461214542389
2357.3,0.3165397346019745
2357.4,0.31446585059165955
2357.5,0.30862611532211304
2357.6000000000004,0.3175537586212158
2357.7000000000003,0.3144288659095764
2357.8,0.30980393290519714
2357.9,0.3171100914478302
2358.0,0.2897895574569702
2358.1000000000004,0.31258541345596313
2358.2000000000003,0.3145507276058197
2358.3,0.308123379945755
2358.4,0.3057803809642792
2358.5,0.31281840801239014
2358.6000000000004,0.31083256006240845
2358.7000000000003,0.31215110421180725
2358.8,0.2986825108528137
2358.9,0.31695476174354553
2359.0,0.31414011120796204
2359.1000000000004,0.31077682971954346
2359.2000000000003,0.3164980113506317
2359.3,0.30905768275260925
2359.4,0.306333065032959
2359.5,0.31218332052230835
2359.6000000000004,0.3132060468196869
2359.7000000000003,0.30751147866249084
2359.8,0.3186723589897156
2359.9,0.29600033164024353
2360.0,0.3154495358467102
2360.1000000000004,0.3188721537590027
2360.2000000000003,0.31351494789123535
2360.3,0.3177221417427063
2360.4,0.31266191601753235
2360.5,0.3135630786418915
2360.6000000000004,0.31703153252601624
2360.7000000000003,0.31451866030693054
2360.8,0.3174157738685608
2360.9,0.31049349904060364
2361.0,0.3098025619983673
2361.1000000000004,0.3143022358417511
2361.2000000000003,0.30796247720718384
2361.3,0.3115503191947937
2361.4,0.3086411952972412
2361.5,0.30857372283935547
2361.6000000000004,0.3041583299636841
2361.7000000000003,0.31104379892349243
2361.8,0.305584192276001
2361.9,0.319017618894577
2362.0,0.31342947483062744
2362.1000000000004,0.3160223364830017
2362.2000000000003,0.3136986494064331
2362.3,0.3121950030326843
2362.4,0.3213174641132355
2362.5,0.30916398763656616
2362.6000000000004,0.3172975480556488
2362.7000000000003,0.3130705654621124
2362.8,0.3103335499763489
2362.9,0.3083098232746124
2363.0,0.3176228106021881
2363.1000000000004,0.3200218677520752
2363.2000000000003,0.31856223940849304
2363.3,0.31030523777008057
2363.4,0.3122117221355438
2363.5,0.31472229957580566
2363.6000000000004,0.3163984715938568
2363.7000000000003,0.31896355748176575
2363.8,0.31718289852142334
2363.9,0.30352815985679626
2364.0,0.3203584551811218
2364.1000000000004,0.3067784011363983
2364.2000000000003,0.3137332499027252
2364.3,0.3123929500579834
2364.4,0.32039570808410645
2364.5,0.3131631016731262
2364.6000000000004,0.3106406629085541
2364.7000000000003,0.3130994439125061
2364.8,0.31323087215423584
2364.9,0.31747645139694214
2365.0,0.31086266040802
2365.1000000000004,0.3114812970161438
2365.2000000000003,0.3126785457134247
2365.3,0.3062443733215332
2365.4,0.29777079820632935
2365.5,0.3090294897556305
2365.6000000000004,0.3052894175052643
2365.7000000000003,0.31253233551979065
2365.8,0.3133169412612915
2365.9,0.3155415952205658
2366.0,0.3133716285228729
2366.1000000000004,0.315777987241745
2366.2000000000003,0.3184658885002136
2366.3,0.30953747034072876
2366.4,0.31709998846054077
2366.5,0.31163209676742554
2366.6000000000004,0.31302616000175476
2366.7000000000003,0.3168351650238037
2366.8,0.30918413400650024
2366.9,0.3073727786540985
2367.0,0.3171815872192383
2367.1000000000004,0.3134010136127472
2367.2000000000003,0.31561192870140076
2367.3,0.30886000394821167
2367.4,0.3136633634567261
2367.5,0.31258854269981384
2367.6000000000004,0.31926408410072327
2367.7000000000003,0.3035166561603546
2367.8,0.3169579803943634
2367.9,0.3062191307544708
2368.0,0.30572953820228577
2368.1000000000004,0.312274307012558
2368.2000000000003,0.31446927785873413
2368.3,0.3079030513763428
2368.4,0.3051636517047882
2368.5,0.3125251829624176
2368.6000000000004,0.31163278222084045
2368.7000000000003,0.3104962110519409
2368.8,0.31683048605918884
2368.9,0.311856210231781
2369.0,0.3179119825363159
2369.1000000000004,0.30631202459335327
2369.2000000000003,0.3169577121734619
2369.3,0.30522599816322327
2369.4,0.3042614758014679
2369.5,0.31905388832092285
2369.6000000000004,0.3085654079914093
2369.7000000000003,0.3201352059841156
2369.8,0.3066326379776001
2369.9,0.3053783178329468
2370.0,0.32050007581710815
2370.1000000000004,0.3082413375377655
2370.2000000000003,0.30851319432258606
2370.3,0.3046448230743408
2370.4,0.30878251791000366
2370.5,0.3162590563297272
2370.6000000000004,0.3082212805747986
2370.7000000000003,0.31035465002059937
2370.8,0.3078805208206177
2370.9,0.3092719316482544
2371.0,0.3122898042201996
2371.1000000000004,0.32188600301742554
2371.2000000000003,0.31057170033454895
2371.3,0.3028917610645294
2371.4,0.31419000029563904
2371.5,0.30937373638153076
2371.6000000000004,0.3105328381061554
2371.7000000000003,0.3038579523563385
2371.8,0.3128933012485504
2371.9,0.30184367299079895
2372.0,0.31282031536102295
2372.1000000000004,0.31070706248283386
2372.2000000000003,0.3164061903953552
2372.3,0.3174118399620056
2372.4,0.3070867955684662
2372.5,0.32088330388069153
2372.6000000000004,0.3066314458847046
2372.7000000000003,0.31649819016456604
2372.8,0.31129753589630127
2372.9,0.31068098545074463
2373.0,0.3142237961292267
2373.1000000000004,0.3158968389034271
2373.2000000000003,0.3165259063243866
2373.3,0.3129861354827881
2373.4,0.3080187737941742
2373.5,0.314619243144989
2373.6000000000004,0.31764546036720276
2373.7000000000003,0.31539756059646606
2373.8,0.3116649091243744
2373.9,0.31594017148017883
2374.0,0.31563234329223633
2374.1000000000004,0.31281664967536926
2374.2000000000003,0.3117203116416931
2374.3,0.3050234913825989
2374.4,0.3118959963321686
2374.5,0.3097929358482361
2374.6000000000004,0.30821236968040466
2374.7000000000003,0.30776387453079224
2374.8,0.31359049677848816
2374.9,0.3078978657722473
2375.0,0.3175830841064453
2375.1000000000004,0.31294330954551697
2375.2000000000003,0.30846327543258667
2375.3,0.3163762092590332
2375.4,0.3137681186199188
2375.5,0.31159502267837524
2375.6000000000004,0.31302809715270996
2375.7000000000003,0.3149203062057495
2375.8,0.3180702328681946
2375.9,0.31263110041618347
2376.0,0.30736419558525085
2376.1000000000004,0.3077550530433655
2376.2000000000003,0.3134232759475708
2376.3,0.3157174289226532
2376.4,0.30428072810173035
2376.5,0.30881622433662415
2376.6000000000004,0.30234530568122864
2376.7000000000003,0.30460086464881897
2376.8,0.300673246383667
2376.9,0.31927692890167236
2377.0,0.29704099893569946
2377.1000000000004,0.31275078654289246
2377.2000000000003,0.3069297969341278
2377.3,0.3169648349285126
2377.4,0.3143541216850281
2377.5,0.31239423155784607
2377.6000000000004,0.3146526515483856
2377.7000000000003,0.30983152985572815
2377.8,0.30273619294166565
2377.9,0.301209032535553
2378.0,0.3026871979236603
2378.1000000000004,0.3116396963596344
2378.2000000000003,0.3151538670063019
2378.3,0.3124498426914215
2378.4,0.3104774057865143
2378.5,0.3160691559314728
2378.6000000000004,0.3130069971084595
2378.7000000000003,0.3055749833583832
2378.8,0.3153287172317505
2378.9,0.3088519871234894
2379.0,0.3137510120868683
2379.1000000000004,0.3092882037162781
2379.2000000000003,0.3152264952659607
2379.3,0.31301435828208923
2379.4,0.3174807131290436
2379.5,0.2991279065608978
2379.6000000000004,0.2990746796131134
2379.7000000000003,0.3134908378124237
2379.8,0.31968721747398376
2379.9,0.3075294494628906
2380.0,0.31081467866897583
2380.1000000000004,0.31957367062568665
2380.2000000000003,0.30957525968551636
2380.3,0.3126261532306671
2380.4,0.3112049996852875
2380.5,0.3162902891635895
2380.6000000000004,0.3065224885940552
2380.7000000000003,0.3165680766105652
2380.8,0.31000229716300964
2380.9,0.30402833223342896
2381.0,0.3027646541595459
2381.1000000000004,0.3140310049057007
2381.2000000000003,0.3078705072402954
2381.3,0.3084478974342346
2381.4,0.3069045841693878
2381.5,0.3151833415031433
2381.6000000000004,0.30758559703826904
2381.7000000000003,0.3176136910915375
2381.8,0.3031502068042755
2381.9,0.303867369890213
2382.0,0.3155081868171692
2382.1000000000004,0.3118838965892792
2382.2000000000003,0.3129621744155884
2382.3,0.30861037969589233
2382.4,0.31313109397888184
2382.5,0.3128308355808258
2382.6000000000004,0.3060513734817505
2382.7000000000003,0.31396713852882385
2382.8,0.31554117798805237
2382.9,0.31611016392707825
2383.0,0.3034006357192993
2383.1000000000004,0.3051609694957733
2383.2000000000003,0.30882975459098816
2383.3,0.31593751907348633
2383.4,0.31194597482681274
2383.5,0.3176858425140381
2383.6000000000004,0.32017993927001953
2383.7000000000003,0.3204193115234375
2383.8,0.31426283717155457
2383.9,0.3077642023563385
2384.0,0.3149529993534088
2384.1000000000004,0.30175626277923584
2384.2000000000003,0.30570316314697266
2384.3,0.3091336488723755
2384.4,0.3164970278739929
2384.5,0.32012486457824707
2384.6000000000004,0.31939926743507385
2384.7000000000003,0.2997986078262329
2384.8,0.31243693828582764
2384.9,0.3111457824707031
2385.0,0.30050304532051086
2385.1000000000004,0.30879053473472595
2385.2000000000003,0.3174021244049072
2385.3,0.31674936413764954
2385.4,0.31317999958992004
2385.5,0.31662729382514954
2385.6000000000004,0.3151267170906067
2385.7000000000003,0.315347284078598
2385.8,0.3058818578720093
2385.9,0.3090239465236664
2386.0,0.3062065839767456
2386.1000000000004,0.2992638647556305
2386.2000000000003,0.3138607144355774
2386.3,0.30170175433158875
2386.4,0.31536558270454407
2386.5,0.31432023644447327
2386.6000000000004,0.31312501430511475
2386.7000000000003,0.3082566559314728
2386.8,0.3090307414531708
2386.9,0.3098248839378357
2387.0,0.3093468248844147
2387.1000000000004,0.30884885787963867
2387.2000000000003,0.3179347813129425
2387.3,0.3109966814517975
2387.4,0.3146783113479614
2387.5,0.3057652413845062
2387.6000000000004,0.3141428530216217
2387.7000000000003,0.3101842403411865
2387.8,0.3158513307571411
2387.9,0.30210164189338684
2388.0,0.3092454671859741
2388.1000000000004,0.3090466558933258
2388.2000000000003,0.3213641047477722
2388.3,0.31420713663101196
2388.4,0.3094414472579956
2388.5,0.30658748745918274
2388.6000000000004,0.312691867351532
2388.7000000000003,0.3190605938434601
2388.8,0.31457239389419556
2388.9,0.3059026002883911
2389.0,0.3223119080066681
2389.1000000000004,0.310303270816803
2389.2000000000003,0.31148651242256165
2389.3,0.31402313709259033
2389.4,0.3025003671646118
2389.5,0.30754178762435913
2389.6000000000004,0.320401132106781
2389.7000000000003,0.3177464008331299
2389.8,0.3103214502334595
2389.9,0.3098088502883911
2390.0,0.3009612560272217
2390.1000000000004,0.317507266998291
2390.2000000000003,0.31346431374549866
2390.3,0.30953794717788696
2390.4,0.3117024600505829
2390.5,0.3168071508407593
2390.6000000000004,0.28783687949180603
2390.7000000000003,0.32114988565444946
2390.8,0.31156235933303833
2390.9,0.3106408715248108
2391.0,0.3085083067417145
2391.1000000000004,0.30741479992866516
2391.2000000000003,0.31182798743247986
2391.3,0.3151598572731018
2391.4,0.3149602711200714
2391.5,0.31369563937187195
2391.6000000000004,0.3121997117996216
2391.7000000000003,0.3104061484336853
2391.8,0.31663015484809875
2391.9,0.312750905752182
2392.0,0.3134625554084778
2392.1000000000004,0.3069952428340912
2392.2000000000003,0.31780561804771423
2392.3,0.3010762631893158
2392.4,0.30733028054237366
2392.5,0.3073938488960266
2392.6000000000004,0.30829349160194397
2392.7000000000003,0.31472963094711304
2392.8,0.3130418658256531
2392.9,0.3161434829235077
2393.0,0.31515058875083923
2393.1000000000004,0.31482622027397156
2393.2000000000003,0.3092302083969116
2393.3,0.2983849048614502
2393.4,0.31454581022262573
2393.5,0.30123353004455566
2393.6000000000004,0.3120158910751343
2393.7000000000003,0.31814122200012207
2393.8,0.31473657488822937
2393.9,0.30719655752182007
2394.0,0.30532681941986084
2394.1000000000004,0.3216298222541809
2394.2000000000003,0.303549200296402
2394.3,0.3149860203266144
2394.4,0.309630423784256
2394.5,0.3177321255207062
2394.6000000000004,0.31788691878318787
2394.7000000000003,0.3108055591583252
2394.8,0.31740495562553406
2394.9,0.30251267552375793
2395.0,0.31521308422088623
2395.1000000000004,0.31052127480506897
2395.2000000000003,0.31009018421173096
2395.3,0.3139055371284485
2395.4,0.31530046463012695
2395.5,0.31973981857299805
2395.6000000000004,0.31604573130607605
2395.7000000000003,0.30722880363464355
2395.8,0.31665733456611633
2395.9,0.3122912645339966
2396.0,0.31817004084587097
2396.1000000000004,0.31957393884658813
2396.2000000000003,0.3144625723361969
2396.3,0.3073076903820038
2396.4,0.31230974197387695
2396.5,0.3091745674610138
2396.6000000000004,0.3104749917984009
2396.7000000000003,0.3187171220779419
2396.8,0.3150278925895691
2396.9,0.3112962245941162
2397.0,0.3146280348300934
2397.1000000000004,0.2994326055049896
2397.2000000000003,0.3054252862930298
2397.3,0.3198058307170868
2397.4,0.3152081072330475
2397.5,0.31825903058052063
2397.6000000000004,0.30565252900123596
2397.7000000000003,0.3068554699420929
2397.8,0.3144577741622925
2397.9,0.3098006844520569
2398.0,0.314720094203949
2398.1000000000004,0.31328797340393066
2398.2000000000003,0.3140915334224701
2398.3,0.30269643664360046
2398.4,0.3127369284629822
2398.5,0.31113871932029724
2398.6000000000004,0.30414149165153503
2398.7000000000003,0.3133525252342224
2398.8,0.3096961975097656
2398.9,0.30579710006713867
2399.0,0.3190656900405884
2399.1000000000004,0.31174302101135254
2399.2000000000003,0.3026725649833679
2399.3,0.30439111590385437
2399.4,0.2973272204399109
2399.5,0.3035251796245575
2399.6000000000004,0.30510374903678894
2399.7000000000003,0.30866357684135437
2399.8,0.3162824213504791
2399.9,0.31132569909095764
2400.0,0.3100355863571167
2400.1000000000004,0.3137255012989044
2400.2000000000003,0.3144511878490448
2400.3,0.3094812333583832
2400.4,0.3102903366088867
2400.5,0.30951085686683655
2400.6000000000004,0.3159886598587036
2400.7000000000003,0.3054026961326599
2400.8,0.31465816497802734
2400.9,0.31585580110549927
2401.0,0.3101598620414734
2401.1000000000004,0.3192675709724426
2401.2000000000003,0.3034288287162781
2401.3,0.31661197543144226
2401.4,0.3202344477176666
2401.5,0.3086521327495575
2401.6000000000004,0.30763792991638184
2401.7000000000003,0.30775725841522217
2401.8,0.3080911934375763
2401.9,0.3153074383735657
2402.0,0.31545114517211914
2402.1000000000004,0.30891507863998413
2402.2000000000003,0.31584495306015015
2402.3,0.3020103871822357
2402.4,0.30864450335502625
2402.5,0.31013980507850647
2402.6000000000004,0.3118375837802887
2402.7000000000003,0.31210628151893616
2402.8,0.3054153025150299
2402.9,0.313737154006958
2403.0,0.3153219521045685
2403.1000000000004,0.3161613643169403
2403.2000000000003,0.30598628520965576
2403.3,0.31859081983566284
2403.4,0.3085274398326874
2403.5,0.31630706787109375
2403.6000000000004,0.3108193874359131
2403.7000000000003,0.2994380295276642
2403.8,0.3181556165218353
2403.9,0.3128277659416199
2404.0,0.32006990909576416
2404.1000000000004,0.3225303292274475
2404.2000000000003,0.3070189952850342
2404.3,0.3098997175693512
2404.4,0.3161839246749878
2404.5,0.3116687834262848
2404.6000000000004,0.3155994713306427
2404.7000000000003,0.3145345151424408
2404.8,0.31374111771583557
2404.9,0.3094387948513031
2405.0,0.31275179982185364
2405.1000000000004,0.3189167380332947
2405.2000000000003,0.3082785904407501
2405.3,0.29969629645347595
2405.4,0.30265146493911743
2405.5,0.30002933740615845
2405.6000000000004,0.30277708172798157
2405.7000000000003,0.31833451986312866
2405.8,0.3144129514694214
2405.9,0.3108399212360382
2406.0,0.3143252432346344
2406.1000000000004,0.30689921975135803
2406.2000000000003,0.31604287028312683
2406.3,0.31361448764801025
2406.4,0.310851126909256
2406.5,0.31304308772087097
2406.6000000000004,0.3133448660373688
2406.7000000000003,0.3073989152908325
2406.8,0.31207865476608276
2406.9,0.30364978313446045
2407.0,0.3144204616546631
2407.1000000000004,0.31559839844703674
2407.2000000000003,0.30636560916900635
2407.3,0.3088790476322174
2407.4,0.31290203332901
2407.5,0.31209754943847656
2407.6000000000004,0.31627124547958374
2407.7000000000003,0.31376367807388306
2407.8,0.2982819378376007
2407.9,0.3120882213115692
2408.0,0.3134462535381317
2408.1000000000004,0.31116983294487
2408.2000000000003,0.30923014879226685
2408.3,0.3068227767944336
2408.4,0.305764764547348
2408.5,0.3039609491825104
2408.6000000000004,0.31427305936813354
2408.7000000000003,0.30872705578804016
2408.8,0.3166954517364502
2408.9,0.30854472517967224
2409.0,0.3190322518348694
2409.1000000000004,0.31968146562576294
2409.2000000000003,0.31253087520599365
2409.3,0.30862221121788025
2409.4,0.30874547362327576
2409.5,0.31057870388031006
2409.6000000000004,0.3111515939235687
2409.7000000000003,0.3116579055786133
2409.8,0.3028903603553772
2409.9,0.31406083703041077
2410.0,0.3150564730167389
2410.1000000000004,0.3061557114124298
2410.2000000000003,0.30931413173675537
2410.3,0.3150322139263153
2410.6000000000004,0.30960407853126526
2410.6000000000004,0.30382463335990906
2410.6000000000004,0.31341761350631714
2410.7000000000003,0.3200956881046295
2410.8,0.31580299139022827
2410.9,0.3145650625228882
2411.0,0.3147314190864563
2411.1000000000004,0.3157068192958832
2411.2000000000003,0.30783358216285706
2411.3,0.3068256378173828
2411.4,0.3159236013889313
2411.5,0.30292031168937683
2411.6000000000004,0.31588366627693176
2411.7000000000003,0.31727373600006104
2411.8,0.31360721588134766
2411.9,0.2980596423149109
2412.0,0.31537696719169617
2412.1000000000004,0.3156827390193939
2412.2000000000003,0.3056878447532654
2412.3,0.30340659618377686
2412.4,0.31901565194129944
2412.5,0.321248322725296
2412.6000000000004,0.3139936625957489
2412.7000000000003,0.31767669320106506
2412.8,0.3113022446632385
2412.9,0.30989325046539307
2413.0,0.3098136782646179
2413.1000000000004,0.3037395477294922
2413.2000000000003,0.32132166624069214
2413.3,0.30858156085014343
2413.4,0.3103266954421997
2413.5,0.3086770474910736
2413.6000000000004,0.3140815198421478
2413.7000000000003,0.3108575940132141
2413.8,0.3140115737915039
2413.9,0.30647745728492737
2414.0,0.30809101462364197
2414.1000000000004,0.30955690145492554
2414.2000000000003,0.30400288105010986
2414.3,0.30524468421936035
2414.4,0.3007534444332123
2414.5,0.2983610928058624
2414.6000000000004,0.308366060256958
2414.7000000000003,0.30836543440818787
2414.8,0.3111828863620758
2414.9,0.3140900731086731
2415.0,0.30852290987968445
2415.1000000000004,0.31143373250961304
2415.2000000000003,0.31043171882629395
2415.3,0.3062182664871216
2415.4,0.3100883364677429
2415.5,0.30946576595306396
2415.6000000000004,0.305824339389801
2415.7000000000003,0.31389936804771423
2415.8,0.30858927965164185
2415.9,0.31141865253448486
2416.0,0.30801478028297424
2416.1000000000004,0.3088929057121277
2416.2000000000003,0.31190311908721924
2416.3,0.3185975253582001
2416.4,0.3106366693973541
2416.5,0.31263259053230286
2416.6000000000004,0.3158385753631592
2416.7000000000003,0.3063228726387024
2416.8,0.31358101963996887
2416.9,0.31754007935523987
2417.0,0.3095402121543884
2417.1000000000004,0.3147948980331421
2417.2000000000003,0.30947041511535645
2417.3,0.3020462989807129
2417.4,0.307779997587204
2417.5,0.3113901615142822
2417.6000000000004,0.30102595686912537
2417.7000000000003,0.2963113486766815
2417.8,0.31352439522743225
2417.9,0.3170416057109833
2418.0,0.31458061933517456
2418.1000000000004,0.3162299692630768
2418.2000000000003,0.31329068541526794
2418.3,0.30307015776634216
2418.4,0.30554112792015076
2418.5,0.3085111081600189
2418.6000000000004,0.3126165270805359
2418.7000000000003,0.31699803471565247
2418.8,0.30901432037353516
2418.9,0.31320494413375854
2419.0,0.3158056437969208
2419.1000000000004,0.3059859871864319
2419.2000000000003,0.3133750557899475
2419.3,0.306036114692688
2419.4,0.3064453899860382
2419.5,0.30939269065856934
2419.6000000000004,0.3115394413471222
2419.7000000000003,0.317390501499176
2419.8,0.3096921443939209
2419.9,0.3054365813732147
2420.0,0.3115650415420532
2420.1000000000004,0.3122859597206116
2420.2000000000003,0.31731709837913513
2420.3,0.31002581119537354
2420.4,0.31032150983810425
2420.5,0.30259832739830017
2420.6000000000004,0.3069659173488617
2420.7000000000003,0.3159900903701782
2420.8,0.31383228302001953
2420.9,0.3135594427585602
2421.0,0.30350494384765625
2421.1000000000004,0.3150511085987091
2421.2000000000003,0.3132278025150299
2421.3,0.3135437071323395
2421.4,0.3189951777458191
2421.5,0.3177545666694641
2421.6000000000004,0.30589818954467773
2421.7000000000003,0.29320278763771057
2421.8,0.3191440999507904
2421.9,0.3112577199935913
2422.0,0.2906201183795929
2422.1000000000004,0.31044259667396545
2422.2000000000003,0.3096195161342621
2422.3,0.30011287331581116
2422.4,0.319812536239624
2422.5,0.3003740906715393
2422.6000000000004,0.3124532699584961
2422.7000000000003,0.3121669590473175
2422.8,0.308898389339447
2422.9,0.31280216574668884
2423.0,0.3046862781047821
2423.1000000000004,0.31620466709136963
2423.2000000000003,0.31179168820381165
2423.3,0.31106114387512207
2423.4,0.3142143785953522
2423.5,0.30975842475891113
2423.6000000000004,0.31350839138031006
2423.7000000000003,0.2942914068698883
2423.8,0.31213751435279846
2423.9,0.306517630815506
2424.0,0.3124110698699951
2424.1000000000004,0.3119133412837982
2424.2000000000003,0.3080839514732361
2424.3,0.3095379173755646
2424.4,0.30988603830337524
2424.5,0.31339702010154724
2424.6000000000004,0.3204481601715088
2424.7000000000003,0.31002840399742126
2424.8,0.29152509570121765
2424.9,0.31448692083358765
2425.0,0.3120325803756714
2425.1000000000004,0.3168950080871582
2425.2000000000003,0.3087213635444641
2425.3,0.31284192204475403
2425.4,0.3182084560394287
2425.5,0.3132404088973999
2425.6000000000004,0.3077351450920105
2425.7000000000003,0.3067218065261841
2425.8,0.31470322608947754
2425.9,0.3003656566143036
2426.0,0.30995380878448486
2426.1000000000004,0.3092169165611267
2426.2000000000003,0.3152634799480438
2426.3,0.3116587698459625
2426.4,0.31579306721687317
2426.5,0.31427112221717834
2426.6000000000004,0.2951601445674896
2426.7000000000003,0.299102246761322
2426.8,0.3161121904850006
2426.9,0.31281349062919617
2427.0,0.3128672242164612
2427.1000000000004,0.30821484327316284
2427.2000000000003,0.31498047709465027
2427.3,0.31339791417121887
2427.4,0.30718913674354553
2427.5,0.313198983669281
2427.6000000000004,0.311292439699173
2427.7000000000003,0.31775984168052673
2427.8,0.3147678077220917
2427.9,0.31868860125541687
2428.0,0.3139842450618744
2428.1000000000004,0.3070663809776306
2428.2000000000003,0.30695873498916626
2428.3,0.3057985305786133
2428.4,0.314278244972229
2428.5,0.31303778290748596
2428.6000000000004,0.3134709596633911
2428.7000000000003,0.3147028088569641
2428.8,0.30709871649742126
2428.9,0.31291869282722473
