t,min_range
28.1,2.380715847015381
28.200000000000003,2.3740882873535156
28.3,2.3540198802948
28.400000000000002,2.368518590927124
28.5,2.3656857013702393
28.6,2.368119239807129
28.700000000000003,2.3567709922790527
28.8,2.361511468887329
28.900000000000002,2.3677988052368164
29.000000000000004,2.3708348274230957
29.1,2.3633322715759277
29.200000000000003,2.373258352279663
29.3,2.372448205947876
29.400000000000002,2.3656227588653564
29.500000000000004,2.3736019134521484
29.6,2.3639655113220215
29.700000000000003,2.357435941696167
29.8,2.366877555847168
29.900000000000002,2.367417335510254
30.000000000000004,2.3688089847564697
30.1,2.373856782913208
30.200000000000003,2.3688063621520996
30.3,2.3627662658691406
30.400000000000002,2.370182991027832
30.500000000000004,2.36604642868042
30.6,2.3555188179016113
30.700000000000003,2.3565053939819336
30.8,2.369192600250244
30.900000000000002,2.3658618927001953
31.000000000000004,2.3624300956726074
31.1,2.378495216369629
31.200000000000003,2.3750998973846436
31.3,2.367056369781494
31.400000000000002,2.3757548332214355
31.500000000000004,2.363323926925659
31.6,2.366021156311035
31.700000000000003,2.369680404663086
31.8,2.371561288833618
31.900000000000002,2.3597605228424072
32.0,2.369086742401123
32.1,2.3460347652435303
32.2,2.3636460304260254
32.300000000000004,2.3679356575012207
32.4,2.3666763305664062
32.5,2.3586087226867676
32.6,2.3714444637298584
32.7,2.362471103668213
32.800000000000004,2.3697941303253174
32.9,2.354837417602539
33.0,2.351274251937866
33.1,2.345914363861084
33.2,2.3759539127349854
33.300000000000004,2.3529164791107178
33.4,2.363577127456665
33.5,2.371561288833618
33.6,2.3628182411193848
33.7,2.360764503479004
33.800000000000004,2.3509395122528076
33.9,2.366074800491333
34.0,2.3584184646606445
34.1,2.3656582832336426
34.2,2.357678174972534
34.300000000000004,2.370786666870117
34.400000000000006,2.352370023727417
34.5,2.3606700897216797
34.6,2.3517937660217285
34.7,2.355807065963745
34.800000000000004,2.349513292312622
34.900000000000006,2.3681998252868652
35.0,2.3454296588897705
35.1,2.3676631450653076
35.2,2.352938652038574
35.300000000000004,2.3521268367767334
35.400000000000006,2.357611894607544
35.5,2.357757329940796
35.6,2.3601512908935547
35.7,2.3631203174591064
35.800000000000004,2.3584377765655518
35.900000000000006,2.359110116958618
36.0,2.3611655235290527
36.1,2.35520601272583
36.2,2.3594741821289062
36.300000000000004,2.359349250793457
36.400000000000006,2.3557095527648926
36.5,2.3581855297088623
36.6,2.355224132537842
36.7,2.3578298091888428
36.800000000000004,2.355729103088379
36.900000000000006,2.3464903831481934
37.0,2.3558714389801025
37.1,2.3465757369995117
37.2,2.3528895378112793
37.300000000000004,2.359593391418457
37.400000000000006,2.3567862510681152
37.5,2.3436086177825928
37.6,2.359818696975708
37.7,2.3523972034454346
37.800000000000004,2.348022937774658
37.900000000000006,2.356229305267334
38.0,2.34604811668396
38.1,2.352639675140381
38.2,2.3586831092834473
38.300000000000004,2.3555917739868164
38.400000000000006,2.3465898036956787
38.5,2.349011182785034
38.6,2.344146251678467
38.7,2.3431801795959473
38.800000000000004,2.3533406257629395
38.900000000000006,2.3491151332855225
39.0,2.341904878616333
39.1,2.359147787094116
39.2,2.3414249420166016
39.300000000000004,2.338984489440918
39.400000000000006,2.337217330932617
39.5,2.3487038612365723
39.6,2.3579094409942627
39.7,2.331770181655884
39.800000000000004,2.340066432952881
39.900000000000006,2.3398749828338623
40.0,2.345733165740967
40.1,2.3504316806793213
40.2,2.3419415950775146
40.300000000000004,2.347074031829834
40.400000000000006,2.3522987365722656
40.5,2.3265678882598877
40.6,2.341139078140259
40.7,2.3387980461120605
40.800000000000004,2.3463146686553955
40.900000000000006,2.3394153118133545
41.0,2.349747657775879
41.1,2.3402326107025146
41.2,2.346947193145752
41.300000000000004,2.3455893993377686
41.400000000000006,2.348529577255249
41.5,2.3469152450561523
41.6,2.3448190689086914
41.7,2.3303184509277344
41.800000000000004,2.328834295272827
41.900000000000006,2.338823080062866
42.0,2.3476173877716064
42.1,2.337305784225464
42.2,2.340541362762451
42.300000000000004,2.3500537872314453
42.400000000000006,2.3331551551818848
42.5,2.3330202102661133
42.6,2.341984272003174
42.7,2.33609676361084
42.800000000000004,2.3287696838378906
42.900000000000006,2.337379217147827
43.0,2.326442003250122
43.1,2.341754913330078
43.2,2.3352982997894287
43.300000000000004,2.346482038497925
43.400000000000006,2.329246997833252
43.5,2.3366129398345947
43.6,2.334906816482544
43.7,2.338195562362671
43.800000000000004,2.3330464363098145
43.900000000000006,2.332390069961548
44.0,2.322516918182373
44.1,2.345285654067993
44.2,2.331822633743286
44.300000000000004,2.341783285140991
44.400000000000006,2.3389225006103516
44.5,2.3284034729003906
44.6,2.3416831493377686
44.7,2.3441827297210693
44.800000000000004,2.340503215789795
44.900000000000006,2.3374791145324707
45.0,2.3442225456237793
45.1,2.342695474624634
45.2,2.3381195068359375
45.300000000000004,2.343747138977051
45.400000000000006,2.3247458934783936
45.5,2.3321969509124756
45.6,2.335542917251587
45.7,2.3325963020324707
45.800000000000004,2.321049213409424
45.900000000000006,2.325071096420288
46.0,2.3374602794647217
46.1,2.3316383361816406
46.2,2.336876630783081
46.300000000000004,2.3312716484069824
46.400000000000006,2.335200786590576
46.5,2.3305931091308594
46.6,2.3309428691864014
46.7,2.325654983520508
46.800000000000004,2.3233978748321533
46.900000000000006,2.330080986022949
47.0,2.3289849758148193
47.1,2.3247575759887695
47.2,2.3205952644348145
47.300000000000004,2.3384222984313965
47.400000000000006,2.3328983783721924
47.5,2.3176422119140625
47.6,2.324091911315918
47.7,2.3312227725982666
47.800000000000004,2.316141128540039
47.900000000000006,2.3336904048919678
48.0,2.3300931453704834
48.1,2.3292081356048584
48.2,2.327641248703003
48.300000000000004,2.31864595413208
48.400000000000006,2.324033260345459
48.5,2.325875759124756
48.6,2.318981170654297
48.7,2.3199892044067383
48.800000000000004,2.3317294120788574
48.900000000000006,2.3344242572784424
49.0,2.3206539154052734
49.1,2.3255457878112793
49.2,2.3273751735687256
49.300000000000004,2.320711374282837
49.400000000000006,2.334407329559326
49.5,2.3172624111175537
49.6,2.332848072052002
49.7,2.33404803276062
49.800000000000004,2.3192169666290283
49.900000000000006,2.3174257278442383
50.0,2.3207156658172607
50.1,2.3209428787231445
50.2,2.3296945095062256
50.300000000000004,2.3244516849517822
50.400000000000006,2.333242654800415
50.5,2.324337959289551
50.6,2.3235442638397217
50.7,2.325291395187378
50.800000000000004,2.328350067138672
50.900000000000006,2.326104164123535
51.0,2.3232131004333496
51.1,2.316370725631714
51.2,2.323719024658203
51.300000000000004,2.3112175464630127
51.400000000000006,2.314541816711426
51.5,2.3113863468170166
51.6,2.323671340942383
51.7,2.3265557289123535
51.800000000000004,2.3234708309173584
51.900000000000006,2.3276784420013428
52.0,2.3093554973602295
52.1,2.319697141647339
52.2,2.325835704803467
52.300000000000004,2.3228135108947754
52.400000000000006,2.3272969722747803
52.5,2.320939302444458
52.6,2.3278539180755615
52.7,2.3177804946899414
52.800000000000004,2.3164422512054443
52.900000000000006,2.311789035797119
53.0,2.3144145011901855
53.1,2.331423282623291
53.2,2.3073441982269287
53.300000000000004,2.3250961303710938
53.400000000000006,2.3108582496643066
53.5,2.3170840740203857
53.6,2.323624849319458
53.7,2.3226232528686523
53.800000000000004,2.3131494522094727
53.900000000000006,2.3257224559783936
54.0,2.3136508464813232
54.1,2.320847988128662
54.2,2.319598436355591
54.300000000000004,2.306636095046997
54.400000000000006,2.305016040802002
54.5,2.311974287033081
54.6,2.3207998275756836
54.7,2.315541982650757
54.800000000000004,2.3151185512542725
54.900000000000006,2.317223072052002
55.0,2.305638074874878
55.1,2.3162288665771484
55.2,2.3130695819854736
55.300000000000004,2.312206506729126
55.400000000000006,2.3136775493621826
55.5,2.3201234340667725
55.6,2.3026065826416016
55.7,2.31868314743042
55.800000000000004,2.3246209621429443
55.900000000000006,2.306581974029541
56.0,2.313211679458618
56.1,2.3121731281280518
56.2,2.308605432510376
56.300000000000004,2.312251329421997
56.400000000000006,2.3057191371917725
56.5,2.321453809738159
56.6,2.3145694732666016
56.7,2.3073530197143555
56.800000000000004,2.3077266216278076
56.900000000000006,2.308162212371826
57.0,2.3154962062835693
57.1,2.3194713592529297
57.2,2.3035759925842285
57.300000000000004,2.309575319290161
57.400000000000006,2.3135852813720703
57.50000000000001,2.2934987545013428
57.6,2.3108255863189697
57.7,2.313124418258667
57.800000000000004,2.3078653812408447
57.900000000000006,2.300098180770874
58.00000000000001,2.3051247596740723
58.1,2.3127851486206055
58.2,2.3077211380004883
58.300000000000004,2.300980567932129
58.400000000000006,2.2956700325012207
58.50000000000001,2.3202977180480957
58.6,2.2928667068481445
58.7,2.300900936126709
58.800000000000004,2.3058066368103027
58.900000000000006,2.308093786239624
59.00000000000001,2.305049180984497
59.1,2.3068134784698486
59.2,2.2979533672332764
59.300000000000004,2.289252758026123
59.400000000000006,2.2966136932373047
59.50000000000001,2.312044858932495
59.6,2.2988157272338867
59.7,2.2997682094573975
59.800000000000004,2.309502124786377
59.900000000000006,2.3077409267425537
60.00000000000001,2.285006523132324
60.1,2.2823874950408936
60.2,2.294435739517212
60.300000000000004,2.3007681369781494
60.400000000000006,2.3115670680999756
60.50000000000001,2.2825851440429688
60.6,2.3034310340881348
60.7,2.2868077754974365
60.800000000000004,2.3110053539276123
60.900000000000006,2.284108877182007
61.00000000000001,2.2981536388397217
61.1,2.3118085861206055
61.2,2.2966082096099854
61.300000000000004,2.3080663681030273
61.400000000000006,2.311119318008423
61.50000000000001,2.2983362674713135
61.6,2.2985002994537354
61.7,2.3025074005126953
61.800000000000004,2.302919864654541
61.900000000000006,2.3036463260650635
62.00000000000001,2.2942023277282715
62.1,2.2979278564453125
62.2,2.2933809757232666
62.300000000000004,2.291456937789917
62.400000000000006,2.29927921295166
62.50000000000001,2.2829227447509766
62.6,2.308176279067993
62.7,2.273592948913574
62.800000000000004,2.293825387954712
62.900000000000006,2.2992022037506104
63.00000000000001,2.294975996017456
63.1,2.3017377853393555
63.2,2.3023908138275146
63.300000000000004,2.2967636585235596
63.400000000000006,2.2920591831207275
63.50000000000001,2.2851879596710205
63.6,2.303537607192993
63.7,2.273669958114624
63.800000000000004,2.3071234226226807
63.900000000000006,2.297004222869873
64.0,2.2896995544433594
64.10000000000001,2.287731409072876
64.2,2.2904417514801025
64.3,2.2978882789611816
64.4,2.28144907951355
64.5,2.289703130722046
64.60000000000001,2.283771514892578
64.7,2.284566640853882
64.8,2.2994041442871094
64.9,2.295229196548462
65.0,2.2950797080993652
65.10000000000001,2.2918646335601807
65.2,2.2988474369049072
65.3,2.2870190143585205
65.4,2.2993619441986084
65.5,2.2857205867767334
65.60000000000001,2.2964940071105957
65.7,2.2919280529022217
65.8,2.290302038192749
65.9,2.2860939502716064
66.0,2.278820276260376
66.10000000000001,2.283975124359131
66.2,2.2817928791046143
66.3,2.2964882850646973
66.4,2.283811330795288
66.5,2.280560255050659
66.60000000000001,2.289574384689331
66.7,2.2912440299987793
66.8,2.289947748184204
66.9,2.285684585571289
67.0,2.2814743518829346
67.10000000000001,2.2945120334625244
67.2,2.2840116024017334
67.3,2.2849202156066895
67.4,2.2935023307800293
67.5,2.2986226081848145
67.60000000000001,2.2891292572021484
67.7,2.2790000438690186
67.8,2.280686140060425
67.9,2.2970669269561768
68.0,2.281794309616089
68.10000000000001,2.2931158542633057
68.2,2.296851396560669
68.3,2.289860486984253
68.4,2.2817447185516357
68.5,2.278686285018921
68.60000000000001,2.2834081649780273
68.7,2.27693772315979
68.80000000000001,2.284511089324951
68.9,2.2854321002960205
69.0,2.27884840965271
69.10000000000001,2.2674319744110107
69.2,2.2811882495880127
69.30000000000001,2.2932913303375244
69.4,2.27424955368042
69.5,2.2935848236083984
69.60000000000001,2.273709535598755
69.7,2.2733709812164307
69.80000000000001,2.289971113204956
69.9,2.2632739543914795
70.0,2.283369779586792
70.10000000000001,2.2806131839752197
70.2,2.2846486568450928
70.30000000000001,2.2855186462402344
70.4,2.281709909439087
70.5,2.2651631832122803
70.60000000000001,2.2675652503967285
70.7,2.275712490081787
70.80000000000001,2.2726638317108154
70.9,2.2742717266082764
71.0,2.2780344486236572
71.10000000000001,2.2876393795013428
71.2,2.28037691116333
71.30000000000001,2.2733402252197266
71.4,2.277663230895996
71.5,2.274125814437866
71.60000000000001,2.2758569717407227
71.7,2.2800259590148926
71.80000000000001,2.2808828353881836
71.9,2.2783827781677246
72.0,2.2731847763061523
72.10000000000001,2.2752292156219482
72.2,2.2761549949645996
72.30000000000001,2.2662954330444336
72.4,2.279059648513794
72.5,2.265099048614502
72.60000000000001,2.261197805404663
72.7,2.2743911743164062
72.80000000000001,2.2748918533325195
72.9,2.2806029319763184
73.0,2.2612133026123047
73.10000000000001,2.285560369491577
73.2,2.2783281803131104
73.30000000000001,2.273862361907959
73.4,2.2660202980041504
73.5,2.2673802375793457
73.60000000000001,2.260194778442383
73.7,2.2781500816345215
73.80000000000001,2.2633140087127686
73.9,2.2622628211975098
74.0,2.2764956951141357
74.10000000000001,2.2658751010894775
74.2,2.2731711864471436
74.30000000000001,2.267071485519409
74.4,2.264219284057617
74.5,2.267580032348633
74.60000000000001,2.2711925506591797
74.7,2.2786290645599365
74.80000000000001,2.262698173522949
74.9,2.2715845108032227
75.0,2.268925189971924
75.10000000000001,2.2597734928131104
75.2,2.260079860687256
75.30000000000001,2.273057460784912
75.4,2.2669801712036133
75.5,2.2624926567077637
75.60000000000001,2.2427098751068115
75.7,2.268423557281494
75.80000000000001,2.2664053440093994
75.9,2.271237373352051
76.0,2.275224447250366
76.10000000000001,2.2670366764068604
76.2,2.2694919109344482
76.30000000000001,2.268556833267212
76.4,2.260728120803833
76.5,2.2687578201293945
76.60000000000001,2.2736294269561768
76.7,2.2676167488098145
76.80000000000001,2.255100965499878
76.9,2.257192611694336
77.0,2.269951581954956
77.10000000000001,2.263307809829712
77.2,2.258716344833374
77.30000000000001,2.2660913467407227
77.4,2.264631748199463
77.5,2.2692694664001465
77.60000000000001,2.2720534801483154
77.7,2.251742362976074
77.80000000000001,2.270207166671753
77.9,2.2388343811035156
78.0,2.2545406818389893
78.10000000000001,2.2548444271087646
78.2,2.2537803649902344
78.30000000000001,2.2433221340179443
78.4,2.266205072402954
78.5,2.2612199783325195
78.60000000000001,2.262772560119629
78.7,2.2622056007385254
78.80000000000001,2.264566659927368
78.9,2.2494144439697266
79.0,2.255075454711914
79.10000000000001,2.2668747901916504
79.2,2.252004623413086
79.30000000000001,2.2565860748291016
79.4,2.263704299926758
79.5,2.264195442199707
79.60000000000001,2.262598752975464
79.7,2.265122652053833
79.80000000000001,2.257511615753174
79.9,2.258235216140747
80.0,2.2533483505249023
80.10000000000001,2.259272336959839
80.2,2.2592999935150146
80.30000000000001,2.261204481124878
80.4,2.2560980319976807
80.5,2.2636446952819824
80.60000000000001,2.2303292751312256
80.7,2.2611236572265625
80.80000000000001,2.268664598464966
80.9,2.253042221069336
81.0,2.2618167400360107
81.10000000000001,2.2455809116363525
81.2,2.257037401199341
81.30000000000001,2.2515392303466797
81.4,2.2582452297210693
81.5,2.2516651153564453
81.60000000000001,2.256495237350464
81.7,2.2673354148864746
81.80000000000001,2.246095895767212
81.9,2.258803129196167
82.0,2.256692409515381
82.10000000000001,2.2622897624969482
82.2,2.263727903366089
82.30000000000001,2.2464330196380615
82.4,2.2543091773986816
82.5,2.247284412384033
82.60000000000001,2.265920400619507
82.7,2.2465803623199463
82.80000000000001,2.243929862976074
82.9,2.2448556423187256
83.0,2.2463324069976807
83.10000000000001,2.2607038021087646
83.2,2.2399051189422607
83.30000000000001,2.252645254135132
83.4,2.251180648803711
83.5,2.250847816467285
83.60000000000001,2.248262643814087
83.7,2.2545876502990723
83.80000000000001,2.246173620223999
83.9,2.2423763275146484
84.0,2.25213360786438
84.10000000000001,2.251413345336914
84.2,2.2415506839752197
84.30000000000001,2.247316837310791
84.4,2.2478396892547607
84.5,2.2522873878479004
84.60000000000001,2.2420802116394043
84.7,2.2522459030151367
84.80000000000001,2.2534682750701904
84.9,2.2494828701019287
85.0,2.243983745574951
85.10000000000001,2.2475593090057373
85.2,2.246382713317871
85.30000000000001,2.2467305660247803
85.4,2.238985538482666
85.5,2.2381017208099365
85.60000000000001,2.2400262355804443
85.7,2.24782657623291
85.80000000000001,2.246901273727417
85.9,2.242083787918091
86.0,2.2475128173828125
86.10000000000001,2.2502787113189697
86.2,2.237089157104492
86.30000000000001,2.2598390579223633
86.4,2.243198871612549
86.5,2.2254347801208496
86.60000000000001,2.2393345832824707
86.7,2.233799695968628
86.80000000000001,2.230173349380493
86.9,2.244229793548584
87.0,2.2399868965148926
87.10000000000001,2.240565299987793
87.2,2.23628306388855
87.30000000000001,2.2464215755462646
87.4,2.2354300022125244
87.5,2.2408320903778076
87.60000000000001,2.2391295433044434
87.7,2.243741273880005
87.80000000000001,2.2304446697235107
87.9,2.240435838699341
88.0,2.242777109146118
88.10000000000001,2.244905710220337
88.2,2.2282445430755615
88.30000000000001,2.242021083831787
88.4,2.241511344909668
88.5,2.237313747406006
88.60000000000001,2.2445387840270996
88.7,2.2405104637145996
88.80000000000001,2.250126838684082
88.9,2.245173692703247
89.0,2.2524139881134033
89.10000000000001,2.224179267883301
89.2,2.2311317920684814
89.30000000000001,2.2339043617248535
89.4,2.2441415786743164
89.5,2.2351460456848145
89.60000000000001,2.219515323638916
89.7,2.2321970462799072
89.80000000000001,2.2342748641967773
89.9,2.2377164363861084
90.0,2.23738694190979
90.10000000000001,2.2290291786193848
90.2,2.253777027130127
90.30000000000001,2.2355263233184814
90.4,2.2474629878997803
90.5,2.229210138320923
90.60000000000001,2.238682985305786
90.7,2.2311699390411377
90.80000000000001,2.224736452102661
90.9,2.234959125518799
91.0,2.2416326999664307
91.10000000000001,2.231783628463745
91.2,2.2393951416015625
91.30000000000001,2.2280526161193848
91.4,2.2324419021606445
91.5,2.2275781631469727
91.60000000000001,2.2308695316314697
91.7,2.237604856491089
91.80000000000001,2.2290687561035156
91.9,2.2269623279571533
92.0,2.217404365539551
92.10000000000001,2.216813325881958
92.2,2.2241790294647217
92.30000000000001,2.2362332344055176
92.4,2.232668399810791
92.5,2.236083984375
92.60000000000001,2.2243905067443848
92.7,2.22778582572937
92.80000000000001,2.2142720222473145
92.9,2.220564842224121
93.0,2.22290301322937
93.10000000000001,2.229024648666382
93.2,2.2346994876861572
93.30000000000001,2.224822521209717
93.4,2.2295081615448
93.5,2.2362334728240967
93.60000000000001,2.2375271320343018
93.7,2.2315735816955566
93.80000000000001,2.229067325592041
93.9,2.216508388519287
94.0,2.2249081134796143
94.10000000000001,2.225900173187256
94.2,2.2406370639801025
94.30000000000001,2.2294728755950928
94.4,2.222341537475586
94.5,2.2250587940216064
94.60000000000001,2.2241039276123047
94.7,2.2210259437561035
94.80000000000001,2.22725248336792
94.9,2.230065107345581
95.0,2.2229368686676025
95.10000000000001,2.2222676277160645
95.2,2.200648784637451
95.30000000000001,2.225287914276123
95.4,2.2286195755004883
95.5,2.2206106185913086
95.60000000000001,2.2318949699401855
95.7,2.2165110111236572
95.80000000000001,2.2246458530426025
95.9,2.209916830062866
96.0,2.2145891189575195
96.10000000000001,2.2177836894989014
96.2,2.2251229286193848
96.30000000000001,2.218487501144409
96.4,2.2150068283081055
96.5,2.2252213954925537
96.60000000000001,2.220435619354248
96.7,2.221734046936035
96.80000000000001,2.223424196243286
96.9,2.216623306274414
97.0,2.222459316253662
97.10000000000001,2.2182576656341553
97.2,2.207159996032715
97.30000000000001,2.203362226486206
97.4,2.2217133045196533
97.5,2.2208025455474854
97.60000000000001,2.223396062850952
97.7,2.2186167240142822
97.80000000000001,2.2142627239227295
97.9,2.224473476409912
98.0,2.212275266647339
98.10000000000001,2.2153589725494385
98.2,2.2168052196502686
98.30000000000001,2.216856002807617
98.4,2.226915121078491
98.5,2.210148572921753
98.60000000000001,2.21724534034729
98.7,2.220641851425171
98.80000000000001,2.2094664573669434
98.9,2.2144415378570557
99.0,2.214642286300659
99.10000000000001,2.217528820037842
99.2,2.222118616104126
99.30000000000001,2.217552900314331
99.4,2.2242186069488525
99.5,2.20656418800354
99.60000000000001,2.214290142059326
99.7,2.2080471515655518
99.80000000000001,2.2107441425323486
99.9,2.2032558917999268
100.0,2.2152411937713623
100.10000000000001,2.210444927215576
100.2,2.222808599472046
100.30000000000001,2.209111213684082
100.4,2.2120752334594727
100.5,2.208678960800171
100.60000000000001,2.2154464721679688
100.7,2.207834243774414
100.80000000000001,2.212644100189209
100.9,2.2123141288757324
101.0,2.2146475315093994
101.10000000000001,2.2099568843841553
101.2,2.214357376098633
101.30000000000001,2.2035458087921143
101.4,2.22033429145813
101.5,2.2120821475982666
101.60000000000001,2.2109925746917725
101.7,2.2231931686401367
101.80000000000001,2.2124991416931152
101.9,2.206517457962036
102.0,2.200998544692993
102.10000000000001,2.2214009761810303
102.2,2.1979575157165527
102.30000000000001,2.1962058544158936
102.4,2.2119297981262207
102.5,2.2120437622070312
102.60000000000001,2.215790033340454
102.7,2.201681137084961
102.80000000000001,2.197988271713257
102.9,2.2039151191711426
103.0,2.205038547515869
103.10000000000001,2.194328784942627
103.2,2.2105331420898438
103.30000000000001,2.211756706237793
103.4,2.21334171295166
103.5,2.206845760345459
103.60000000000001,2.2155869007110596
103.7,2.199890613555908
103.80000000000001,2.210865020751953
103.9,2.2093729972839355
104.0,2.207953453063965
104.10000000000001,2.2025389671325684
104.2,2.206617593765259
104.30000000000001,2.2025070190429688
104.4,2.213088274002075
104.5,2.203822135925293
104.60000000000001,2.198826551437378
104.7,2.198542356491089
104.80000000000001,2.202188014984131
104.9,2.199983835220337
105.0,2.2108426094055176
105.10000000000001,2.1965725421905518
105.2,2.204542398452759
105.30000000000001,2.1990761756896973
105.4,2.206210136413574
105.5,2.2080111503601074
105.60000000000001,2.2173991203308105
105.7,2.2012693881988525
105.80000000000001,2.206387519836426
105.9,2.1981711387634277
106.0,2.188178539276123
106.10000000000001,2.192530393600464
106.2,2.1935720443725586
106.30000000000001,2.1957192420959473
106.4,2.1926488876342773
106.5,2.2062017917633057
106.60000000000001,2.190805196762085
106.7,2.198570728302002
106.80000000000001,2.192164182662964
106.9,2.1951611042022705
107.0,2.1988186836242676
107.10000000000001,2.1891961097717285
107.2,2.194310188293457
107.30000000000001,2.1961851119995117
107.4,2.1911733150482178
107.5,2.1997568607330322
107.60000000000001,2.1987216472625732
107.7,2.1863410472869873
107.80000000000001,2.1802308559417725
107.9,2.1936914920806885
108.0,2.200303077697754
108.10000000000001,2.186570882797241
108.2,2.1980316638946533
108.30000000000001,2.195434331893921
108.4,2.194891929626465
108.5,2.1940512657165527
108.60000000000001,2.193624258041382
108.7,2.1930577754974365
108.80000000000001,2.1877825260162354
108.9,2.1877706050872803
109.0,2.192760705947876
109.10000000000001,2.18668270111084
109.2,2.1780507564544678
109.30000000000001,2.191301107406616
109.4,2.1831917762756348
109.5,2.198637008666992
109.60000000000001,2.182488441467285
109.7,2.1948459148406982
109.80000000000001,2.164255380630493
109.9,2.1756629943847656
110.0,2.189734697341919
110.10000000000001,2.1932952404022217
110.2,2.201798439025879
110.30000000000001,2.185499668121338
110.4,2.1910367012023926
110.5,2.1867430210113525
110.60000000000001,2.18574857711792
110.7,2.193544626235962
110.80000000000001,2.179079294204712
110.9,2.189016103744507
111.0,2.1845569610595703
111.10000000000001,2.178849458694458
111.2,2.179321050643921
111.30000000000001,2.193030834197998
111.4,2.1948347091674805
111.5,2.203730344772339
111.60000000000001,2.1912779808044434
111.7,2.1951651573181152
111.80000000000001,2.1852355003356934
111.9,2.171962022781372
112.0,2.187582015991211
112.10000000000001,2.1807167530059814
112.2,2.1812446117401123
112.30000000000001,2.1880433559417725
112.4,2.179163694381714
112.5,2.18784761428833
112.60000000000001,2.177893877029419
112.7,2.1934802532196045
112.80000000000001,2.179758071899414
112.9,2.181636095046997
113.0,2.177851915359497
113.10000000000001,2.1852164268493652
113.2,2.1878623962402344
113.30000000000001,2.19545578956604
113.4,2.1703152656555176
113.5,2.180905818939209
113.60000000000001,2.183762550354004
113.7,2.1873464584350586
113.80000000000001,2.1825079917907715
113.9,2.1800460815429688
114.0,2.18395733833313
114.10000000000001,2.1841092109680176
114.2,2.189136505126953
114.30000000000001,2.1888296604156494
114.4,2.18125319480896
114.50000000000001,2.1829564571380615
114.60000000000001,2.1722147464752197
114.7,2.189301013946533
114.80000000000001,2.178102493286133
114.9,2.1702661514282227
115.00000000000001,2.188850164413452
115.10000000000001,2.173178195953369
115.2,2.1801741123199463
115.30000000000001,2.189434289932251
115.4,2.1757001876831055
115.50000000000001,2.1770689487457275
115.60000000000001,2.168327569961548
115.7,2.165191411972046
115.80000000000001,2.1896603107452393
115.9,2.170764923095703
116.00000000000001,2.1838929653167725
116.10000000000001,2.1786272525787354
116.2,2.1731154918670654
116.30000000000001,2.1606645584106445
116.4,2.170217990875244
116.50000000000001,2.1785480976104736
116.60000000000001,2.1777803897857666
116.7,2.165546178817749
116.80000000000001,2.179173469543457
116.9,2.177255153656006
117.00000000000001,2.1744868755340576
117.10000000000001,2.1797688007354736
117.2,2.1697206497192383
117.30000000000001,2.1773364543914795
117.4,2.1701321601867676
117.50000000000001,2.1795895099639893
117.60000000000001,2.1809232234954834
117.7,2.1736669540405273
117.80000000000001,2.152245283126831
117.9,2.1699111461639404
118.00000000000001,2.1745734214782715
118.10000000000001,2.171609401702881
118.2,2.1585588455200195
118.30000000000001,2.1715247631073
118.4,2.1725447177886963
118.50000000000001,2.155287504196167
118.60000000000001,2.173677444458008
118.7,2.172607183456421
118.80000000000001,2.1726667881011963
118.9,2.166966199874878
119.00000000000001,2.1653268337249756
119.10000000000001,2.161318063735962
119.2,2.1596622467041016
119.30000000000001,2.163132429122925
119.4,2.1756720542907715
119.50000000000001,2.1742546558380127
119.60000000000001,2.167569160461426
119.7,2.170581340789795
119.80000000000001,2.15859317779541
119.9,2.164588451385498
120.00000000000001,2.1686384677886963
120.10000000000001,2.1667232513427734
120.2,2.173736095428467
120.30000000000001,2.157528877258301
120.4,2.1689188480377197
120.50000000000001,2.165127754211426
120.60000000000001,2.1572463512420654
120.7,2.1638102531433105
120.80000000000001,2.1594467163085938
120.9,2.172997236251831
121.00000000000001,2.161747694015503
121.10000000000001,2.176072835922241
121.2,2.162720203399658
121.30000000000001,2.161090850830078
121.4,2.1631827354431152
121.50000000000001,2.171215534210205
121.60000000000001,2.159702777862549
121.7,2.1598289012908936
121.80000000000001,2.165344476699829
121.9,2.1672239303588867
122.00000000000001,2.1749300956726074
122.10000000000001,2.1619889736175537
122.2,2.158925771713257
122.30000000000001,2.161196708679199
122.4,2.1607420444488525
122.50000000000001,2.168013572692871
122.60000000000001,2.173977851867676
122.7,2.160355806350708
122.80000000000001,2.162444591522217
122.9,2.1538429260253906
123.00000000000001,2.152022361755371
123.10000000000001,2.1592838764190674
123.2,2.162811279296875
123.30000000000001,2.161931276321411
123.4,2.1577093601226807
123.50000000000001,2.1571099758148193
123.60000000000001,2.15099835395813
123.7,2.168074369430542
123.80000000000001,2.151648998260498
123.9,2.151237726211548
124.00000000000001,2.158508777618408
124.10000000000001,2.166579246520996
124.2,2.164109468460083
124.30000000000001,2.1546213626861572
124.4,2.1596295833587646
124.50000000000001,2.1586968898773193
124.60000000000001,2.1463325023651123
124.7,2.1662025451660156
124.80000000000001,2.1503865718841553
124.9,2.1592397689819336
125.00000000000001,2.159738302230835
125.10000000000001,2.152566909790039
125.2,2.1638729572296143
125.30000000000001,2.1636359691619873
125.4,2.1654582023620605
125.50000000000001,2.160770893096924
125.60000000000001,2.1593730449676514
125.7,2.1613688468933105
125.80000000000001,2.1407384872436523
125.9,2.160341501235962
126.00000000000001,2.1655397415161133
126.10000000000001,2.1647984981536865
126.2,2.1644699573516846
126.30000000000001,2.14443302154541
126.4,2.1439368724823
126.50000000000001,2.1605687141418457
126.60000000000001,2.1550707817077637
126.7,2.141667127609253
126.80000000000001,2.1599204540252686
126.9,2.1552698612213135
127.00000000000001,2.1549508571624756
127.10000000000001,2.1481382846832275
127.2,2.151148796081543
127.30000000000001,2.154728889465332
127.4,2.1428678035736084
127.50000000000001,2.1502833366394043
127.60000000000001,2.161166191101074
127.7,2.1430130004882812
127.80000000000001,2.1559576988220215
127.9,2.158472776412964
128.0,2.1551382541656494
128.1,2.136383533477783
128.20000000000002,2.1480793952941895
128.3,2.1491174697875977
128.4,2.1375279426574707
128.5,2.1518032550811768
128.6,2.1500654220581055
128.70000000000002,2.145742177963257
128.8,2.147608757019043
128.9,2.1416637897491455
129.0,2.1539039611816406
129.1,2.143616199493408
129.20000000000002,2.1485540866851807
129.3,2.1571292877197266
129.4,2.150996208190918
129.5,2.1453237533569336
129.6,2.14707612991333
129.70000000000002,2.1491854190826416
129.8,2.1421163082122803
129.9,2.1256630420684814
130.0,2.1416454315185547
130.1,2.140833616256714
130.20000000000002,2.146437644958496
130.3,2.1371796131134033
130.4,2.149970769882202
130.5,2.128901243209839
130.6,2.1368982791900635
130.70000000000002,2.1252191066741943
130.8,2.1509270668029785
130.9,2.1462082862854004
131.0,2.1464593410491943
131.1,2.1463735103607178
131.20000000000002,2.144697904586792
131.3,2.145184278488159
131.4,2.1517364978790283
131.5,2.144237518310547
131.6,2.1283702850341797
131.70000000000002,2.146981954574585
131.8,2.134643316268921
131.9,2.1439175605773926
132.0,2.148157835006714
132.1,2.147397041320801
132.20000000000002,2.149876117706299
132.3,2.134287118911743
132.4,2.1271512508392334
132.5,2.1454379558563232
132.6,2.133538007736206
132.70000000000002,2.134336233139038
132.8,2.1431679725646973
132.9,2.1261215209960938
133.0,2.1299796104431152
133.1,2.130249500274658
133.20000000000002,2.1336658000946045
133.3,2.1330435276031494
133.4,2.133246898651123
133.5,2.1345064640045166
133.6,2.1430859565734863
133.70000000000002,2.144376516342163
133.8,2.1460769176483154
133.9,2.1300182342529297
134.0,2.127330780029297
134.1,2.149308443069458
134.20000000000002,2.120537519454956
134.3,2.13718581199646
134.4,2.1394152641296387
134.5,2.136091470718384
134.6,2.136826992034912
134.70000000000002,2.1423113346099854
134.8,2.135089635848999
134.9,2.1393632888793945
135.0,2.129539966583252
135.1,2.1306896209716797
135.20000000000002,2.1371047496795654
135.3,2.131206512451172
135.4,2.126797676086426
135.5,2.1227378845214844
135.6,2.1174886226654053
135.70000000000002,2.1367833614349365
135.8,2.135077476501465
135.9,2.1209523677825928
136.0,2.1280062198638916
136.1,2.1343648433685303
136.20000000000002,2.1186912059783936
136.3,2.1283817291259766
136.4,2.1242454051971436
136.5,2.1368215084075928
136.6,2.1298141479492188
136.70000000000002,2.136397123336792
136.8,2.115323781967163
136.9,2.1343297958374023
137.0,2.140780448913574
137.10000000000002,2.138014793395996
137.20000000000002,2.1284306049346924
137.3,2.126832962036133
137.4,2.1196370124816895
137.5,2.1198627948760986
137.60000000000002,2.128710985183716
137.70000000000002,2.1244089603424072
137.8,2.1250035762786865
137.9,2.1315245628356934
138.0,2.1347570419311523
138.10000000000002,2.127105712890625
138.20000000000002,2.122276544570923
138.3,2.122220993041992
138.4,2.1203980445861816
138.5,2.1364715099334717
138.60000000000002,2.1244723796844482
138.70000000000002,2.1305222511291504
138.8,2.13218355178833
138.9,2.1207172870635986
139.0,2.1221671104431152
139.10000000000002,2.1347267627716064
139.20000000000002,2.1272149085998535
139.3,2.1216421127319336
139.4,2.1228034496307373
139.5,2.1250247955322266
139.60000000000002,2.1202943325042725
139.70000000000002,2.1226308345794678
139.8,2.1226649284362793
139.9,2.117891311645508
140.0,2.1208722591400146
140.10000000000002,2.1120686531066895
140.20000000000002,2.1190943717956543
140.3,2.1180098056793213
140.4,2.124098062515259
140.5,2.1127517223358154
140.60000000000002,2.117661237716675
140.70000000000002,2.136000156402588
140.8,2.123647689819336
140.9,2.124666213989258
141.0,2.1149487495422363
141.10000000000002,2.1106114387512207
141.20000000000002,2.1304473876953125
141.3,2.1215620040893555
141.4,2.130871534347534
141.5,2.124338388442993
141.60000000000002,2.1274919509887695
141.70000000000002,2.12528920173645
141.8,2.1270058155059814
141.9,2.1253931522369385
142.0,2.1292829513549805
142.10000000000002,2.102940082550049
142.20000000000002,2.1156091690063477
142.3,2.1268720626831055
142.4,2.126065969467163
142.5,2.113607168197632
142.60000000000002,2.11907958984375
142.70000000000002,2.123819351196289
142.8,2.1078221797943115
142.9,2.106477975845337
143.0,2.111971139907837
143.10000000000002,2.108250141143799
143.20000000000002,2.118588447570801
143.3,2.116805076599121
143.4,2.110159158706665
143.5,2.115035057067871
143.60000000000002,2.1151418685913086
143.70000000000002,2.1020283699035645
143.8,2.109384536743164
143.9,2.1170666217803955
144.0,2.1018130779266357
144.10000000000002,2.1070847511291504
144.20000000000002,2.106200695037842
144.3,2.113069534301758
144.4,2.1138439178466797
144.5,2.111297607421875
144.60000000000002,2.1151914596557617
144.70000000000002,2.117429256439209
144.8,2.110565185546875
144.9,2.109434127807617
145.0,2.1025826930999756
145.10000000000002,2.1003193855285645
145.20000000000002,2.0922627449035645
145.3,2.1113970279693604
145.4,2.117743968963623
145.5,2.1010260581970215
145.60000000000002,2.1122312545776367
145.70000000000002,2.1135945320129395
145.8,2.113783121109009
145.9,2.1039159297943115
146.0,2.1023004055023193
146.10000000000002,2.1130261421203613
146.20000000000002,2.112159013748169
146.3,2.096132278442383
146.4,2.1126046180725098
146.5,2.110391855239868
146.60000000000002,2.102756977081299
146.70000000000002,2.107947826385498
146.8,2.102787494659424
146.9,2.1028459072113037
147.0,2.1042346954345703
147.10000000000002,2.1106696128845215
147.20000000000002,2.105834722518921
147.3,2.1163737773895264
147.4,2.0775516033172607
147.5,2.093859910964966
147.60000000000002,2.115619659423828
147.70000000000002,2.103332757949829
147.8,2.100127696990967
147.9,2.0921411514282227
148.0,2.100449800491333
148.10000000000002,2.1101768016815186
148.20000000000002,2.093984842300415
148.3,2.10341739654541
148.4,2.09429669380188
148.5,2.1108486652374268
148.60000000000002,2.0998992919921875
148.70000000000002,2.112952947616577
148.8,2.0996272563934326
148.9,2.1055493354797363
149.0,2.0897669792175293
149.10000000000002,2.109492540359497
149.20000000000002,2.1004979610443115
149.3,2.090198516845703
149.4,2.1015968322753906
149.5,2.101353645324707
149.60000000000002,2.1038246154785156
149.70000000000002,2.11086106300354
149.8,2.0970425605773926
149.9,2.1011829376220703
150.0,2.093207359313965
150.10000000000002,2.0993804931640625
150.20000000000002,2.09393310546875
150.3,2.0927398204803467
150.4,2.0962040424346924
150.5,2.1058101654052734
150.60000000000002,2.1040594577789307
150.70000000000002,2.1062986850738525
150.8,2.1006181240081787
150.9,2.106581449508667
151.0,2.0979838371276855
151.10000000000002,2.105635166168213
151.20000000000002,2.092538356781006
151.3,2.102962017059326
151.4,2.0915403366088867
151.5,2.0994315147399902
151.60000000000002,2.087470531463623
151.70000000000002,2.099252462387085
151.8,2.095435857772827
151.9,2.0880286693573
152.0,2.097121477127075
152.10000000000002,2.1039364337921143
152.20000000000002,2.1036148071289062
152.3,2.0855376720428467
152.4,2.094773292541504
152.5,2.105175733566284
152.60000000000002,2.091064929962158
152.70000000000002,2.085587739944458
152.8,2.093190908432007
152.9,2.091992139816284
153.0,2.0849826335906982
153.10000000000002,2.0995612144470215
153.20000000000002,2.091634511947632
153.3,2.0907180309295654
153.4,2.0752921104431152
153.5,2.096204996109009
153.60000000000002,2.0819005966186523
153.70000000000002,2.0869810581207275
153.8,2.091644763946533
153.9,2.088566541671753
154.0,2.0860021114349365
154.10000000000002,2.086453914642334
154.20000000000002,2.0874264240264893
154.3,2.0893895626068115
154.4,2.080216407775879
154.5,2.086249828338623
154.60000000000002,2.082973003387451
154.70000000000002,2.086473226547241
154.8,2.082383632659912
154.9,2.0950474739074707
155.0,2.0940282344818115
155.10000000000002,2.093106508255005
155.20000000000002,2.0863282680511475
155.3,2.0899786949157715
155.4,2.0803325176239014
155.5,2.0882222652435303
155.60000000000002,2.0838205814361572
155.70000000000002,2.0868029594421387
155.8,2.092886209487915
155.9,2.0929431915283203
156.0,2.089224100112915
156.10000000000002,2.0861549377441406
156.20000000000002,2.072085380554199
156.3,2.0896291732788086
156.4,2.083533525466919
156.5,2.092957019805908
156.60000000000002,2.07639217376709
156.70000000000002,2.0894742012023926
156.8,2.083226203918457
156.9,2.089052677154541
157.0,2.076019048690796
157.10000000000002,2.0896003246307373
157.20000000000002,2.0885612964630127
157.3,2.0813565254211426
157.4,2.0824244022369385
157.5,2.0723459720611572
157.60000000000002,2.0915658473968506
157.70000000000002,2.0832741260528564
157.8,2.0889463424682617
157.9,2.0771734714508057
158.0,2.0727057456970215
158.10000000000002,2.082876682281494
158.20000000000002,2.086916208267212
158.3,2.0748581886291504
158.4,2.0862479209899902
158.5,2.083285331726074
158.60000000000002,2.0784642696380615
158.70000000000002,2.084031343460083
158.8,2.0780413150787354
158.9,2.079906463623047
159.0,2.068507194519043
159.10000000000002,2.074730396270752
159.20000000000002,2.08298659324646
159.3,2.077298641204834
159.4,2.0828118324279785
159.5,2.087587594985962
159.60000000000002,2.0738372802734375
159.70000000000002,2.0729525089263916
159.8,2.083325147628784
159.9,2.062727451324463
160.0,2.0788469314575195
160.10000000000002,2.07682204246521
160.20000000000002,2.0718142986297607
160.3,2.0716915130615234
160.4,2.078674554824829
160.5,2.0691027641296387
160.60000000000002,2.0660057067871094
160.70000000000002,2.0735883712768555
160.8,2.0808229446411133
160.9,2.080775260925293
161.0,2.0672669410705566
161.10000000000002,2.0745151042938232
161.20000000000002,2.079373598098755
161.3,2.079770565032959
161.4,2.077289581298828
161.5,2.0627565383911133
161.60000000000002,2.0754411220550537
161.70000000000002,2.0650475025177
161.8,2.075496196746826
161.9,2.079895257949829
162.0,2.0782999992370605
162.10000000000002,2.0817577838897705
162.20000000000002,2.067978620529175
162.3,2.0679266452789307
162.4,2.0653769969940186
162.5,2.0579049587249756
162.60000000000002,2.07720685005188
162.70000000000002,2.0738043785095215
162.8,2.0725553035736084
162.9,2.0750555992126465
163.0,2.0682053565979004
163.10000000000002,2.0639185905456543
163.20000000000002,2.063913345336914
163.3,2.067631959915161
163.4,2.060323476791382
163.5,2.065528631210327
163.60000000000002,2.070861339569092
163.70000000000002,2.071190357208252
163.8,2.0604615211486816
163.9,2.0590367317199707
164.0,2.0682671070098877
164.10000000000002,2.0691373348236084
164.20000000000002,2.0534725189208984
164.3,2.0663371086120605
164.4,2.0701069831848145
164.5,2.070281505584717
164.60000000000002,2.0504603385925293
164.70000000000002,2.0664591789245605
164.8,2.0664966106414795
164.9,2.049220561981201
165.0,2.0712151527404785
165.10000000000002,2.0662965774536133
165.20000000000002,2.057992458343506
165.3,2.0556814670562744
165.4,2.0662121772766113
165.5,2.0665829181671143
165.60000000000002,2.061831474304199
165.70000000000002,2.0662882328033447
165.8,2.0611774921417236
165.9,2.049173355102539
166.0,2.06042742729187
166.10000000000002,2.0667858123779297
166.20000000000002,2.073739767074585
166.3,2.074110269546509
166.4,2.064682960510254
166.5,2.055032730102539
166.60000000000002,2.0486795902252197
166.70000000000002,2.0519518852233887
166.8,2.0643043518066406
166.9,2.064697742462158
167.0,2.0569722652435303
167.10000000000002,2.061459541320801
167.20000000000002,2.063885450363159
167.3,2.0607166290283203
167.4,2.065349817276001
167.5,2.0630595684051514
167.60000000000002,2.056321144104004
167.70000000000002,2.0540401935577393
167.8,2.05947208404541
167.9,2.0542359352111816
168.0,2.0616085529327393
168.10000000000002,2.0603652000427246
168.20000000000002,2.0619728565216064
168.3,2.043571710586548
168.4,2.0360991954803467
168.5,2.0543882846832275
168.60000000000002,2.0482702255249023
168.70000000000002,2.0457377433776855
168.8,2.0583863258361816
168.9,2.042797088623047
169.0,2.059058904647827
169.10000000000002,2.048588275909424
169.20000000000002,2.055421829223633
169.3,2.0578548908233643
169.4,2.0693728923797607
169.5,2.0572073459625244
169.60000000000002,2.04595685005188
169.70000000000002,2.0512657165527344
169.8,2.053145170211792
169.9,2.055359363555908
170.0,2.0538156032562256
170.10000000000002,2.057032346725464
170.20000000000002,2.0520575046539307
170.3,2.0570409297943115
170.4,2.0550990104675293
170.5,2.0561275482177734
170.60000000000002,2.0418853759765625
170.70000000000002,2.0533204078674316
170.8,2.0593714714050293
170.9,2.0583696365356445
171.0,2.0411245822906494
171.10000000000002,2.0581917762756348
171.20000000000002,2.0243124961853027
171.3,2.0480334758758545
171.4,2.0517218112945557
171.5,2.0410351753234863
171.60000000000002,2.0314974784851074
171.70000000000002,2.0517756938934326
171.8,2.0515828132629395
171.9,2.050107002258301
172.0,2.0579094886779785
172.10000000000002,2.044360399246216
172.20000000000002,2.052565813064575
172.3,2.047987937927246
172.4,2.0479538440704346
172.5,2.0421009063720703
172.60000000000002,2.035897731781006
172.70000000000002,2.0502848625183105
172.8,2.0496790409088135
172.9,2.040254831314087
173.0,2.0404958724975586
173.10000000000002,2.050616979598999
173.20000000000002,2.037449836730957
173.3,2.0385122299194336
173.4,2.0537519454956055
173.5,2.0446972846984863
173.60000000000002,2.039302110671997
173.70000000000002,2.0421032905578613
173.8,2.046553373336792
173.9,2.0381534099578857
174.0,2.034904956817627
174.10000000000002,2.0504870414733887
174.20000000000002,2.047325611114502
174.3,2.048837661743164
174.4,2.052377700805664
174.5,2.038815975189209
174.60000000000002,2.0554912090301514
174.70000000000002,2.047839641571045
174.8,2.0408990383148193
174.9,2.0307137966156006
175.0,2.041360378265381
175.10000000000002,2.040404796600342
175.20000000000002,2.0489070415496826
175.3,2.0469470024108887
175.4,2.0412490367889404
175.5,2.048283576965332
175.60000000000002,2.0411536693573
175.70000000000002,2.0391881465911865
175.8,2.044093608856201
175.9,2.0339198112487793
176.0,2.0257811546325684
176.10000000000002,2.0262622833251953
176.20000000000002,2.039301633834839
176.3,2.035885810852051
176.4,2.037842035293579
176.5,2.0361530780792236
176.60000000000002,2.0327324867248535
176.70000000000002,2.038191080093384
176.8,2.0495283603668213
176.9,2.0286688804626465
177.0,2.029191732406616
177.10000000000002,2.025460720062256
177.20000000000002,2.038860321044922
177.3,2.0416481494903564
177.4,2.0274484157562256
177.5,2.0248119831085205
177.60000000000002,2.035851001739502
177.70000000000002,2.0204412937164307
177.8,2.0457162857055664
177.9,2.0316543579101562
178.0,2.0256552696228027
178.10000000000002,2.043074131011963
178.20000000000002,2.027799129486084
178.3,2.0348169803619385
178.4,2.0333540439605713
178.5,2.041346311569214
178.60000000000002,2.0320537090301514
178.70000000000002,2.0295917987823486
178.8,2.0353622436523438
178.9,2.045687437057495
179.0,2.0327038764953613
179.10000000000002,2.03352427482605
179.20000000000002,2.0410420894622803
179.3,2.0324103832244873
179.4,2.033907890319824
179.5,2.024933099746704
179.60000000000002,2.029197931289673
179.70000000000002,2.041053056716919
179.8,2.031712055206299
179.9,2.0285706520080566
180.0,2.0309605598449707
180.10000000000002,2.029839277267456
180.20000000000002,2.036876916885376
180.3,2.0199975967407227
180.4,2.014620065689087
180.5,2.019780397415161
180.60000000000002,2.0362861156463623
180.70000000000002,2.0231051445007324
180.8,2.023361921310425
180.9,2.0314416885375977
181.0,2.0165598392486572
181.10000000000002,2.036346912384033
181.20000000000002,2.0376479625701904
181.3,2.024810314178467
181.4,2.0326309204101562
181.5,2.0315439701080322
181.60000000000002,2.035001277923584
181.70000000000002,2.0270845890045166
181.8,2.0164785385131836
181.9,2.0240142345428467
182.0,2.024266004562378
182.10000000000002,2.0305187702178955
182.20000000000002,2.0284433364868164
182.3,2.0207583904266357
182.4,2.029510974884033
182.5,2.0330164432525635
182.60000000000002,2.0235965251922607
182.70000000000002,2.0253074169158936
182.8,2.0214149951934814
182.9,2.024076223373413
183.0,2.0242624282836914
183.10000000000002,2.0267271995544434
183.20000000000002,2.0232608318328857
183.3,2.03214693069458
183.4,2.023275136947632
183.5,2.0177531242370605
183.60000000000002,2.0256614685058594
183.70000000000002,2.0375399589538574
183.8,2.0210533142089844
183.9,2.0135040283203125
184.0,2.0186522006988525
184.10000000000002,2.0168776512145996
184.20000000000002,2.022378444671631
184.3,2.0145492553710938
184.4,2.0233278274536133
184.5,2.012457847595215
184.60000000000002,2.0112926959991455
184.70000000000002,2.0143280029296875
184.8,2.0156397819519043
184.9,2.027881622314453
185.0,2.0079245567321777
185.10000000000002,2.013059616088867
185.20000000000002,2.0258285999298096
185.3,2.0180695056915283
185.4,2.014660596847534
185.5,2.0165963172912598
185.60000000000002,2.0073182582855225
185.70000000000002,2.0187811851501465
185.8,2.021071195602417
185.9,2.020947217941284
186.0,2.009887933731079
186.10000000000002,2.022820234298706
186.20000000000002,2.02000093460083
186.3,2.014167308807373
186.4,2.018810272216797
186.5,2.018407106399536
186.60000000000002,2.0153119564056396
186.70000000000002,2.0201282501220703
186.8,2.011752128601074
186.9,2.0166056156158447
187.0,2.0003855228424072
187.10000000000002,2.0175769329071045
187.20000000000002,2.0105254650115967
187.3,2.0174996852874756
187.4,2.0128889083862305
187.5,2.017927408218384
187.60000000000002,2.0027382373809814
187.70000000000002,2.0108554363250732
187.8,2.008378505706787
187.9,2.009596586227417
188.0,2.007051944732666
188.10000000000002,2.009418249130249
188.20000000000002,2.014383316040039
188.3,2.0166890621185303
188.4,2.004931926727295
188.5,2.0033302307128906
188.60000000000002,2.016754627227783
188.70000000000002,2.010345458984375
188.8,2.0172646045684814
188.9,2.006596088409424
189.0,2.010247230529785
189.10000000000002,2.005972385406494
189.20000000000002,2.0055582523345947
189.3,2.0090346336364746
189.4,2.0127391815185547
189.5,2.009042263031006
189.60000000000002,2.0089855194091797
189.70000000000002,2.0173826217651367
189.8,2.0029349327087402
189.9,2.012845039367676
190.0,2.0076992511749268
190.10000000000002,2.0102596282958984
190.20000000000002,2.0086817741394043
190.3,2.015115976333618
190.4,1.996654987335205
190.5,2.0096049308776855
190.60000000000002,2.012758255004883
190.70000000000002,1.995700478553772
190.8,2.0014851093292236
190.9,1.9930881261825562
191.0,2.004682779312134
191.10000000000002,2.0009260177612305
191.20000000000002,2.0089995861053467
191.3,2.0121710300445557
191.4,2.0055136680603027
191.5,1.9966487884521484
191.60000000000002,2.004603624343872
191.70000000000002,2.0004894733428955
191.8,2.0047826766967773
191.9,2.0086395740509033
192.0,1.998413324356079
192.10000000000002,1.990946888923645
192.20000000000002,1.999295949935913
192.3,1.986885905265808
192.4,2.0061841011047363
192.5,1.9998793601989746
192.60000000000002,1.9977965354919434
192.70000000000002,1.991390347480774
192.8,2.006986379623413
192.9,2.0028977394104004
193.0,1.9993947744369507
193.10000000000002,2.0012664794921875
193.20000000000002,2.002540349960327
193.3,2.008852243423462
193.4,1.9939814805984497
193.5,1.9948527812957764
193.60000000000002,2.000027894973755
193.70000000000002,1.996752142906189
193.8,1.9985212087631226
193.9,1.9983659982681274
194.0,1.991209864616394
194.10000000000002,1.9900330305099487
194.20000000000002,2.002934217453003
194.3,1.99227774143219
194.4,1.9841991662979126
194.5,1.986940622329712
194.60000000000002,1.986404538154602
194.70000000000002,1.9876163005828857
194.8,1.9861352443695068
194.9,1.9895188808441162
195.0,1.9953134059906006
195.10000000000002,1.9857269525527954
195.20000000000002,1.9961055517196655
195.3,1.992281198501587
195.4,1.983608365058899
195.5,1.9943848848342896
195.60000000000002,1.990774154663086
195.70000000000002,2.0000743865966797
195.8,1.9981755018234253
195.9,1.9958035945892334
196.0,1.9898172616958618
196.10000000000002,1.9824219942092896
196.20000000000002,1.9956612586975098
196.3,2.0002899169921875
196.4,2.005765438079834
196.5,1.984894871711731
196.60000000000002,1.9913889169692993
196.70000000000002,1.9879992008209229
196.8,1.9963370561599731
196.9,1.983139991760254
197.0,1.9922677278518677
197.10000000000002,1.970605731010437
197.20000000000002,1.9845942258834839
197.3,1.9922891855239868
197.4,1.989330530166626
197.5,1.9911131858825684
197.60000000000002,1.9881958961486816
197.70000000000002,1.982311487197876
197.8,1.989455223083496
197.9,1.9929159879684448
198.0,1.9876840114593506
198.10000000000002,1.9801030158996582
198.20000000000002,1.9813238382339478
198.3,1.993299961090088
198.4,1.9734485149383545
198.5,1.9939180612564087
198.60000000000002,1.9789053201675415
198.70000000000002,1.980916976928711
198.8,1.9986084699630737
198.9,1.9777355194091797
199.0,1.9875444173812866
199.10000000000002,1.9846351146697998
199.20000000000002,1.9882992506027222
199.3,1.9946377277374268
199.4,1.9649665355682373
199.5,1.9730777740478516
199.60000000000002,1.9892338514328003
199.70000000000002,1.9717472791671753
199.8,1.9827218055725098
199.9,1.9756606817245483
200.0,1.9806960821151733
200.10000000000002,1.9941166639328003
200.20000000000002,1.9744126796722412
200.3,1.9811559915542603
200.4,1.9852322340011597
200.5,1.988304853439331
200.60000000000002,1.9766254425048828
200.70000000000002,1.9823271036148071
200.8,1.987403392791748
200.9,1.9789844751358032
201.0,1.9805504083633423
201.10000000000002,1.9847098588943481
201.20000000000002,1.9782425165176392
201.3,1.9856277704238892
201.4,1.9826724529266357
201.5,1.9825111627578735
201.60000000000002,1.9750632047653198
201.70000000000002,1.9775763750076294
201.8,1.974078893661499
201.9,1.9615168571472168
202.0,1.9757139682769775
202.10000000000002,1.979544758796692
202.20000000000002,1.984546184539795
202.3,1.9766075611114502
202.4,1.9774385690689087
202.5,1.974357008934021
202.60000000000002,1.9795427322387695
202.70000000000002,1.972617506980896
202.8,1.9611432552337646
202.9,1.981307029724121
203.0,1.9704082012176514
203.10000000000002,1.9790064096450806
203.20000000000002,1.9869672060012817
203.3,1.981895923614502
203.4,1.980239748954773
203.5,1.9659440517425537
203.60000000000002,1.9659816026687622
203.70000000000002,1.980555772781372
203.8,1.96759831905365
203.9,1.974609136581421
204.0,1.975394368171692
204.10000000000002,1.9685395956039429
204.20000000000002,1.9722399711608887
204.3,1.978561282157898
204.4,1.96469247341156
204.5,1.9686414003372192
204.60000000000002,1.968283772468567
204.70000000000002,1.970490574836731
204.8,1.9755816459655762
204.9,1.9732829332351685
205.0,1.9776408672332764
205.10000000000002,1.9650648832321167
205.20000000000002,1.9606804847717285
205.3,1.9695974588394165
205.4,1.9713934659957886
205.5,1.968610167503357
205.60000000000002,1.9643588066101074
205.70000000000002,1.9671159982681274
205.8,1.965700626373291
205.9,1.974570393562317
206.0,1.9659761190414429
206.10000000000002,1.9763247966766357
206.20000000000002,1.9719290733337402
206.3,1.9730545282363892
206.4,1.9679434299468994
206.5,1.9692336320877075
206.60000000000002,1.9686208963394165
206.70000000000002,1.9584962129592896
206.8,1.9639166593551636
206.9,1.958641529083252
207.0,1.9527359008789062
207.10000000000002,1.9595882892608643
207.20000000000002,1.9700429439544678
207.3,1.9716461896896362
207.4,1.973832130432129
207.5,1.9715348482131958
207.60000000000002,1.9737521409988403
207.70000000000002,1.9733670949935913
207.8,1.9690619707107544
207.9,1.9682645797729492
208.0,1.9626797437667847
208.10000000000002,1.9572471380233765
208.20000000000002,1.9661694765090942
208.3,1.964245080947876
208.4,1.9717869758605957
208.5,1.969592809677124
208.60000000000002,1.9653860330581665
208.70000000000002,1.960337519645691
208.8,1.9638139009475708
208.9,1.9637123346328735
209.0,1.9503216743469238
209.10000000000002,1.9604599475860596
209.20000000000002,1.9586303234100342
209.3,1.9462798833847046
209.4,1.9590388536453247
209.5,1.970886468887329
209.60000000000002,1.9724146127700806
209.70000000000002,1.949881911277771
209.8,1.9614484310150146
209.9,1.9605332612991333
210.0,1.9508439302444458
210.10000000000002,1.9499298334121704
210.20000000000002,1.9559624195098877
210.3,1.9534889459609985
210.4,1.9540016651153564
210.5,1.960060477256775
210.60000000000002,1.9684998989105225
210.70000000000002,1.9700225591659546
210.8,1.9539750814437866
210.9,1.9569798707962036
211.0,1.9567105770111084
211.10000000000002,1.9586756229400635
211.20000000000002,1.9637371301651
211.3,1.9485713243484497
211.4,1.962111234664917
211.5,1.9567874670028687
211.60000000000002,1.9604837894439697
211.70000000000002,1.9557830095291138
211.8,1.9552630186080933
211.9,1.9460889101028442
212.0,1.9610053300857544
212.10000000000002,1.9390205144882202
212.20000000000002,1.9444572925567627
212.3,1.9611846208572388
212.4,1.9372867345809937
212.5,1.948037028312683
212.60000000000002,1.955470085144043
212.70000000000002,1.9480302333831787
212.8,1.9429576396942139
212.9,1.9503549337387085
213.0,1.9522902965545654
213.10000000000002,1.9501228332519531
213.20000000000002,1.9475041627883911
213.3,1.9483426809310913
213.4,1.9456812143325806
213.5,1.9438300132751465
213.60000000000002,1.944300651550293
213.70000000000002,1.9474912881851196
213.8,1.9515794515609741
213.9,1.941349983215332
214.0,1.9421242475509644
214.10000000000002,1.9514559507369995
214.20000000000002,1.9453085660934448
214.3,1.9381492137908936
214.4,1.9381178617477417
214.5,1.945291519165039
214.60000000000002,1.945531964302063
214.70000000000002,1.9581146240234375
214.8,1.9529635906219482
214.9,1.9379379749298096
215.0,1.9428865909576416
215.10000000000002,1.9439722299575806
215.20000000000002,1.9364780187606812
215.3,1.9433144330978394
215.4,1.9476563930511475
215.5,1.9434349536895752
215.60000000000002,1.945935606956482
215.70000000000002,1.9478579759597778
215.8,1.9210560321807861
215.9,1.939665675163269
216.0,1.9547260999679565
216.10000000000002,1.933275580406189
216.20000000000002,1.943209171295166
216.3,1.9358370304107666
216.4,1.9500117301940918
216.5,1.9391849040985107
216.60000000000002,1.944521188735962
216.70000000000002,1.9439505338668823
216.8,1.936662197113037
216.9,1.9484728574752808
217.0,1.9475353956222534
217.10000000000002,1.9422962665557861
217.20000000000002,1.9375450611114502
217.3,1.9468975067138672
217.4,1.9398682117462158
217.5,1.9468002319335938
217.60000000000002,1.944400429725647
217.70000000000002,1.943915843963623
217.8,1.942298412322998
217.9,1.9398645162582397
218.0,1.9446661472320557
218.10000000000002,1.9227206707000732
218.20000000000002,1.9412086009979248
218.3,1.9324309825897217
218.4,1.9377386569976807
218.5,1.9453705549240112
218.60000000000002,1.9408900737762451
218.70000000000002,1.9411358833312988
218.8,1.935668706893921
218.9,1.9364267587661743
219.0,1.9269309043884277
219.10000000000002,1.9315797090530396
219.20000000000002,1.9418911933898926
219.3,1.9379537105560303
219.4,1.9328196048736572
219.5,1.9374597072601318
219.60000000000002,1.9360613822937012
219.70000000000002,1.9343976974487305
219.8,1.9467697143554688
219.9,1.941839575767517
220.0,1.9444289207458496
220.10000000000002,1.9379678964614868
220.20000000000002,1.941981554031372
220.3,1.9255952835083008
220.4,1.9405707120895386
220.5,1.9318147897720337
220.60000000000002,1.9407554864883423
220.70000000000002,1.9265817403793335
220.8,1.9337269067764282
220.9,1.9333122968673706
221.0,1.9187700748443604
221.10000000000002,1.9321086406707764
221.20000000000002,1.936905026435852
221.3,1.9315779209136963
221.4,1.9233136177062988
221.5,1.925423502922058
221.60000000000002,1.9335219860076904
221.70000000000002,1.9292529821395874
221.8,1.9184889793395996
221.9,1.9241483211517334
222.0,1.9361953735351562
222.10000000000002,1.9378776550292969
222.20000000000002,1.9323598146438599
222.3,1.913280963897705
222.4,1.9375134706497192
222.5,1.9227930307388306
222.60000000000002,1.936833381652832
222.70000000000002,1.9400261640548706
222.8,1.9303336143493652
222.9,1.9366216659545898
223.0,1.934429407119751
223.10000000000002,1.9245728254318237
223.20000000000002,1.9275870323181152
223.3,1.9245924949645996
223.4,1.9281505346298218
223.5,1.9156702756881714
223.60000000000002,1.9271260499954224
223.70000000000002,1.929892659187317
223.8,1.9239600896835327
223.9,1.9303497076034546
224.0,1.9319924116134644
224.10000000000002,1.9308431148529053
224.20000000000002,1.9233423471450806
224.3,1.9271847009658813
224.4,1.9204967021942139
224.5,1.9091143608093262
224.60000000000002,1.9080543518066406
224.70000000000002,1.9227221012115479
224.8,1.9278846979141235
224.9,1.9220834970474243
225.0,1.9176853895187378
225.10000000000002,1.9249628782272339
225.20000000000002,1.9272805452346802
225.3,1.9135291576385498
225.4,1.9220558404922485
225.5,1.9153245687484741
225.60000000000002,1.9057700634002686
225.70000000000002,1.9221572875976562
225.8,1.9251959323883057
225.9,1.9235745668411255
226.0,1.9196453094482422
226.10000000000002,1.9138400554656982
226.20000000000002,1.9051122665405273
226.3,1.9234977960586548
226.4,1.9241266250610352
226.5,1.919769525527954
226.60000000000002,1.9268847703933716
226.70000000000002,1.9155254364013672
226.8,1.926748514175415
226.9,1.912782073020935
227.0,1.9306374788284302
227.10000000000002,1.9171702861785889
227.20000000000002,1.910045862197876
227.3,1.9273948669433594
227.4,1.9208327531814575
227.5,1.9143593311309814
227.60000000000002,1.9173572063446045
227.70000000000002,1.9049936532974243
227.8,1.9272525310516357
227.9,1.9121522903442383
228.0,1.9199773073196411
228.10000000000002,1.9192038774490356
228.20000000000002,1.9041298627853394
228.3,1.9153519868850708
228.4,1.9131593704223633
228.50000000000003,1.919395089149475
228.60000000000002,1.9190897941589355
228.70000000000002,1.9161523580551147
228.8,1.9224705696105957
228.9,1.917039394378662
229.00000000000003,1.910082459449768
229.10000000000002,1.8942129611968994
229.20000000000002,1.9053987264633179
229.3,1.9110360145568848
229.4,1.9257527589797974
229.50000000000003,1.9145671129226685
229.60000000000002,1.9068105220794678
229.70000000000002,1.9067343473434448
229.8,1.9166513681411743
229.9,1.9093339443206787
230.00000000000003,1.9098442792892456
230.10000000000002,1.9033385515213013
230.20000000000002,1.919759750366211
230.3,1.9105943441390991
230.4,1.9149703979492188
230.50000000000003,1.912116289138794
230.60000000000002,1.9020907878875732
230.70000000000002,1.9048162698745728
230.8,1.9048054218292236
230.9,1.9090068340301514
231.00000000000003,1.9185078144073486
231.10000000000002,1.9153015613555908
231.20000000000002,1.9056172370910645
231.3,1.914664626121521
231.4,1.9013645648956299
231.50000000000003,1.9065808057785034
231.60000000000002,1.901651382446289
231.70000000000002,1.8914207220077515
231.8,1.905993103981018
231.9,1.900739073753357
232.00000000000003,1.899621605873108
232.10000000000002,1.898851990699768
232.20000000000002,1.902403473854065
232.3,1.9071396589279175
232.4,1.916243076324463
232.50000000000003,1.902083158493042
232.60000000000002,1.9086142778396606
232.70000000000002,1.9026508331298828
232.8,1.9057379961013794
232.9,1.9050394296646118
233.00000000000003,1.896332859992981
233.10000000000002,1.895495057106018
233.20000000000002,1.8911348581314087
233.3,1.9050320386886597
233.4,1.9077410697937012
233.50000000000003,1.8793771266937256
233.60000000000002,1.9076709747314453
233.70000000000002,1.904401183128357
233.8,1.8984721899032593
233.9,1.8828234672546387
234.00000000000003,1.9086132049560547
234.10000000000002,1.9109001159667969
234.20000000000002,1.8985722064971924
234.3,1.9006221294403076
234.4,1.9058364629745483
234.50000000000003,1.904454231262207
234.60000000000002,1.899234414100647
234.70000000000002,1.8990941047668457
234.8,1.8955504894256592
234.9,1.8851042985916138
235.00000000000003,1.8851726055145264
235.10000000000002,1.909584879875183
235.20000000000002,1.8977937698364258
235.3,1.9005823135375977
235.4,1.8960281610488892
235.50000000000003,1.8962502479553223
235.60000000000002,1.8952418565750122
235.70000000000002,1.896873950958252
235.8,1.8931015729904175
235.9,1.894051194190979
236.00000000000003,1.9025081396102905
236.10000000000002,1.8994871377944946
236.20000000000002,1.9016807079315186
236.3,1.8899502754211426
236.4,1.9038759469985962
236.50000000000003,1.8964437246322632
236.60000000000002,1.9005533456802368
236.70000000000002,1.8914636373519897
236.8,1.8946400880813599
236.9,1.8967463970184326
237.00000000000003,1.8869483470916748
237.10000000000002,1.8964146375656128
237.20000000000002,1.892005443572998
237.3,1.8839640617370605
237.4,1.886988878250122
237.50000000000003,1.8912900686264038
237.60000000000002,1.8836387395858765
237.70000000000002,1.8772234916687012
237.8,1.8751423358917236
237.9,1.8905658721923828
238.00000000000003,1.8910086154937744
238.10000000000002,1.8940236568450928
238.20000000000002,1.9024999141693115
238.3,1.872496247291565
238.4,1.8905725479125977
238.50000000000003,1.8856617212295532
238.60000000000002,1.8876932859420776
238.70000000000002,1.8875864744186401
238.8,1.8931584358215332
238.9,1.899478554725647
239.00000000000003,1.88621187210083
239.10000000000002,1.8734732866287231
239.20000000000002,1.8840264081954956
239.3,1.8823679685592651
239.4,1.8941739797592163
239.50000000000003,1.885334849357605
239.60000000000002,1.8891624212265015
239.70000000000002,1.8899376392364502
239.8,1.8827003240585327
239.9,1.8751710653305054
240.00000000000003,1.8794394731521606
240.10000000000002,1.8859211206436157
240.20000000000002,1.8790924549102783
240.3,1.8882043361663818
240.4,1.8862963914871216
240.50000000000003,1.8867131471633911
240.60000000000002,1.8831491470336914
240.70000000000002,1.8852531909942627
240.8,1.8800692558288574
240.9,1.8740705251693726
241.00000000000003,1.8845984935760498
241.10000000000002,1.8927668333053589
241.20000000000002,1.8832476139068604
241.3,1.8841378688812256
241.4,1.8924630880355835
241.50000000000003,1.8827118873596191
241.60000000000002,1.8834463357925415
241.70000000000002,1.8823477029800415
241.8,1.8898557424545288
241.9,1.8853120803833008
242.00000000000003,1.8739672899246216
242.10000000000002,1.8751691579818726
242.20000000000002,1.8809795379638672
242.3,1.8835147619247437
242.4,1.8844975233078003
242.50000000000003,1.878778338432312
242.60000000000002,1.8848514556884766
242.70000000000002,1.8778917789459229
242.8,1.871399164199829
242.9,1.8820582628250122
243.00000000000003,1.8851001262664795
243.10000000000002,1.8662885427474976
243.20000000000002,1.8726805448532104
243.3,1.8716768026351929
243.4,1.8770867586135864
243.50000000000003,1.8713874816894531
243.60000000000002,1.8713297843933105
243.70000000000002,1.887707233428955
243.8,1.862788200378418
243.9,1.8753924369812012
244.00000000000003,1.8794734477996826
244.10000000000002,1.8694143295288086
244.20000000000002,1.8753650188446045
244.3,1.8684560060501099
244.4,1.8749539852142334
244.50000000000003,1.8695363998413086
244.60000000000002,1.883654236793518
244.70000000000002,1.8822613954544067
244.8,1.8725438117980957
244.9,1.8846126794815063
245.00000000000003,1.875651240348816
245.10000000000002,1.8731154203414917
245.20000000000002,1.886120319366455
245.3,1.8757342100143433
245.4,1.8709384202957153
245.50000000000003,1.8704768419265747
245.60000000000002,1.8759933710098267
245.70000000000002,1.8725051879882812
245.8,1.8773795366287231
245.9,1.8780405521392822
246.00000000000003,1.881839632987976
246.10000000000002,1.872360110282898
246.20000000000002,1.877720832824707
246.3,1.8752975463867188
246.4,1.87446129322052
246.50000000000003,1.8648813962936401
246.60000000000002,1.862552285194397
246.70000000000002,1.8733091354370117
246.8,1.8708325624465942
246.9,1.8738116025924683
247.00000000000003,1.870125651359558
247.10000000000002,1.8675413131713867
247.20000000000002,1.8850895166397095
247.3,1.8757113218307495
247.4,1.8582253456115723
247.50000000000003,1.8740302324295044
247.60000000000002,1.8715070486068726
247.70000000000002,1.8719356060028076
247.8,1.8633081912994385
247.9,1.8597038984298706
248.00000000000003,1.8711196184158325
248.10000000000002,1.8693784475326538
248.20000000000002,1.8617010116577148
248.3,1.8721497058868408
248.4,1.862684726715088
248.50000000000003,1.8486276865005493
248.60000000000002,1.8563652038574219
248.70000000000002,1.863380789756775
248.8,1.8776291608810425
248.9,1.8604698181152344
249.00000000000003,1.8681155443191528
249.10000000000002,1.8660513162612915
249.20000000000002,1.8651816844940186
249.3,1.8720710277557373
249.4,1.8625305891036987
249.50000000000003,1.8731493949890137
249.60000000000002,1.8685927391052246
249.70000000000002,1.861472725868225
249.8,1.864385962486267
249.9,1.8618497848510742
250.00000000000003,1.8541359901428223
250.10000000000002,1.8620206117630005
250.20000000000002,1.868372917175293
250.3,1.8552086353302002
250.4,1.8638626337051392
250.50000000000003,1.86101233959198
250.60000000000002,1.8550055027008057
250.70000000000002,1.8560131788253784
250.8,1.865601658821106
250.9,1.8547124862670898
251.00000000000003,1.865162968635559
251.10000000000002,1.8634995222091675
251.20000000000002,1.8638972043991089
251.3,1.8553787469863892
251.4,1.851331353187561
251.50000000000003,1.8538272380828857
251.60000000000002,1.8588417768478394
251.70000000000002,1.8647295236587524
251.8,1.8674758672714233
251.9,1.8666449785232544
252.00000000000003,1.860373854637146
252.10000000000002,1.858704686164856
252.20000000000002,1.866761326789856
252.3,1.8483493328094482
252.4,1.8420393466949463
252.50000000000003,1.8627300262451172
252.60000000000002,1.862513780593872
252.70000000000002,1.8615816831588745
252.8,1.8436439037322998
252.9,1.8635808229446411
253.00000000000003,1.8532453775405884
253.10000000000002,1.8499031066894531
253.20000000000002,1.8491244316101074
253.3,1.857450246810913
253.4,1.8415404558181763
253.50000000000003,1.8391757011413574
253.60000000000002,1.8548967838287354
253.70000000000002,1.8521809577941895
253.8,1.8497434854507446
253.9,1.8581162691116333
254.00000000000003,1.8433728218078613
254.10000000000002,1.8531192541122437
254.20000000000002,1.8481365442276
254.3,1.8492320775985718
254.4,1.8515993356704712
254.50000000000003,1.8595749139785767
254.60000000000002,1.8491407632827759
254.70000000000002,1.8641610145568848
254.8,1.861021876335144
254.9,1.8500319719314575
255.00000000000003,1.8392953872680664
255.10000000000002,1.8582051992416382
255.20000000000002,1.8402684926986694
255.3,1.8503724336624146
255.4,1.8520097732543945
255.50000000000003,1.8579710721969604
255.60000000000002,1.84336519241333
255.70000000000002,1.857232689857483
255.8,1.8468278646469116
255.9,1.8578085899353027
256.0,1.8505529165267944
256.1,1.8496356010437012
256.2,1.859782338142395
256.3,1.8528176546096802
256.40000000000003,1.8506468534469604
256.5,1.8464670181274414
256.6,1.8480983972549438
256.7,1.8443238735198975
256.8,1.8462873697280884
256.90000000000003,1.8440133333206177
257.0,1.8306020498275757
257.1,1.8423166275024414
257.2,1.83864164352417
257.3,1.8474860191345215
257.40000000000003,1.8496201038360596
257.5,1.8546979427337646
257.6,1.8539608716964722
257.7,1.8522628545761108
257.8,1.8452317714691162
257.90000000000003,1.8505114316940308
258.0,1.8463059663772583
258.1,1.8413403034210205
258.2,1.8457930088043213
258.3,1.826033115386963
258.40000000000003,1.836247444152832
258.5,1.8464282751083374
258.6,1.850451946258545
258.7,1.8422915935516357
258.8,1.8422812223434448
258.90000000000003,1.8496023416519165
259.0,1.8442775011062622
259.1,1.8307355642318726
259.2,1.822666049003601
259.3,1.8354144096374512
259.40000000000003,1.8441451787948608
259.5,1.8322354555130005
259.6,1.8304373025894165
259.7,1.8457884788513184
259.8,1.8363128900527954
259.90000000000003,1.8445372581481934
260.0,1.8422904014587402
260.1,1.841283917427063
260.2,1.8302571773529053
260.3,1.8375240564346313
260.40000000000003,1.8390895128250122
260.5,1.8339232206344604
260.6,1.838739275932312
260.7,1.8276004791259766
260.8,1.8421571254730225
260.90000000000003,1.8266905546188354
261.0,1.8393055200576782
261.1,1.8391685485839844
261.2,1.8436424732208252
261.3,1.8355070352554321
261.40000000000003,1.841970682144165
261.5,1.8394153118133545
261.6,1.8317241668701172
261.7,1.8388123512268066
261.8,1.8331435918807983
261.90000000000003,1.8233882188796997
262.0,1.8376402854919434
262.1,1.8361306190490723
262.2,1.8305128812789917
262.3,1.8326659202575684
262.40000000000003,1.8299509286880493
262.5,1.834454894065857
262.6,1.8373970985412598
262.7,1.826117992401123
262.8,1.8231011629104614
262.90000000000003,1.8304777145385742
263.0,1.833459496498108
263.1,1.8356870412826538
263.2,1.8251303434371948
263.3,1.8348000049591064
263.40000000000003,1.8253767490386963
263.5,1.8259323835372925
263.6,1.8114732503890991
263.7,1.8268333673477173
263.8,1.8263895511627197
263.90000000000003,1.8363085985183716
264.0,1.8376381397247314
264.1,1.8331412076950073
264.2,1.8308322429656982
264.3,1.8361064195632935
264.40000000000003,1.8207013607025146
264.5,1.8317010402679443
264.6,1.8261291980743408
264.7,1.8238859176635742
264.8,1.820242166519165
264.90000000000003,1.8251245021820068
265.0,1.8154724836349487
265.1,1.822145700454712
265.2,1.826084017753601
265.3,1.824112057685852
265.40000000000003,1.831621766090393
265.5,1.8246486186981201
265.6,1.8235493898391724
265.7,1.8274575471878052
265.8,1.823129415512085
265.90000000000003,1.811014175415039
266.0,1.8363910913467407
266.1,1.8212438821792603
266.2,1.8113116025924683
266.3,1.8330492973327637
266.40000000000003,1.8192980289459229
266.5,1.8223774433135986
266.6,1.8195675611495972
266.7,1.8288803100585938
266.8,1.8125770092010498
266.90000000000003,1.8291250467300415
267.0,1.8156371116638184
267.1,1.8134464025497437
267.2,1.812710165977478
267.3,1.823542594909668
267.40000000000003,1.8176414966583252
267.5,1.8239855766296387
267.6,1.8198434114456177
267.7,1.8142982721328735
267.8,1.8066036701202393
267.90000000000003,1.8269764184951782
268.0,1.8079216480255127
268.1,1.8280787467956543
268.2,1.8138881921768188
268.3,1.819381833076477
268.40000000000003,1.8225595951080322
268.5,1.8214824199676514
268.6,1.8126987218856812
268.7,1.815726637840271
268.8,1.8060799837112427
268.90000000000003,1.8202317953109741
269.0,1.815168857574463
269.1,1.8088297843933105
269.2,1.8097014427185059
269.3,1.8156758546829224
269.40000000000003,1.8038941621780396
269.5,1.8156578540802002
269.6,1.8186229467391968
269.7,1.7956819534301758
269.8,1.8240694999694824
269.90000000000003,1.8219119310379028
270.0,1.8098241090774536
270.1,1.809984803199768
270.2,1.7998486757278442
270.3,1.812451720237732
270.40000000000003,1.8107366561889648
270.5,1.8117473125457764
270.6,1.8171478509902954
270.7,1.8165011405944824
270.8,1.8116892576217651
270.90000000000003,1.8178755044937134
271.0,1.8162672519683838
271.1,1.8076090812683105
271.2,1.815771460533142
271.3,1.8062547445297241
271.40000000000003,1.8129433393478394
271.5,1.8104101419448853
271.6,1.8139846324920654
271.7,1.7948710918426514
271.8,1.7959147691726685
271.90000000000003,1.8163155317306519
272.0,1.7988775968551636
272.1,1.8060635328292847
272.2,1.8101656436920166
272.3,1.8138282299041748
272.40000000000003,1.8135178089141846
272.5,1.8035926818847656
272.6,1.805708885192871
272.7,1.8109359741210938
272.8,1.8085925579071045
272.90000000000003,1.7964916229248047
273.0,1.7976064682006836
273.1,1.8067153692245483
273.2,1.8066827058792114
273.3,1.7997267246246338
273.40000000000003,1.8032454252243042
273.5,1.814168930053711
273.6,1.809780478477478
273.7,1.7968417406082153
273.8,1.806721568107605
273.90000000000003,1.8110800981521606
274.0,1.8049722909927368
274.1,1.812729001045227
274.20000000000005,1.7998883724212646
274.3,1.8098688125610352
274.40000000000003,1.7985119819641113
274.5,1.8067870140075684
274.6,1.806304931640625
274.70000000000005,1.7915006875991821
274.8,1.7973586320877075
274.90000000000003,1.8083715438842773
275.0,1.8100714683532715
275.1,1.7925493717193604
275.20000000000005,1.7927062511444092
275.3,1.801867127418518
275.40000000000003,1.8084716796875
275.5,1.7994006872177124
275.6,1.8028007745742798
275.70000000000005,1.7930485010147095
275.8,1.809705376625061
275.90000000000003,1.8058109283447266
276.0,1.7857089042663574
276.1,1.790921688079834
276.20000000000005,1.8006080389022827
276.3,1.7846711874008179
276.40000000000003,1.795859694480896
276.5,1.8044012784957886
276.6,1.8055140972137451
276.70000000000005,1.7961304187774658
276.8,1.7962515354156494
276.90000000000003,1.7921065092086792
277.0,1.799501895904541
277.1,1.8036468029022217
277.20000000000005,1.7890101671218872
277.3,1.792792797088623
277.40000000000003,1.796630620956421
277.5,1.7948979139328003
277.6,1.7956308126449585
277.70000000000005,1.7941009998321533
277.8,1.7942793369293213
277.90000000000003,1.7903008460998535
278.0,1.7933459281921387
278.1,1.78972589969635
278.20000000000005,1.798982858657837
278.3,1.797001600265503
278.40000000000003,1.7933003902435303
278.5,1.7989866733551025
278.6,1.7956047058105469
278.70000000000005,1.7936251163482666
278.8,1.7936397790908813
278.90000000000003,1.7931344509124756
279.0,1.7902659177780151
279.1,1.8041753768920898
279.20000000000005,1.793934941291809
279.3,1.773485779762268
279.40000000000003,1.800452709197998
279.5,1.782609462738037
279.6,1.792371153831482
279.70000000000005,1.7860618829727173
279.8,1.7864766120910645
279.90000000000003,1.7931889295578003
280.0,1.7916393280029297
280.1,1.7998093366622925
280.20000000000005,1.801636815071106
280.3,1.7892402410507202
280.40000000000003,1.7925364971160889
280.5,1.7865310907363892
280.6,1.7916502952575684
280.70000000000005,1.7844151258468628
280.8,1.7930971384048462
280.90000000000003,1.7826824188232422
281.0,1.791953682899475
281.1,1.7791640758514404
281.20000000000005,1.7867814302444458
281.3,1.7801008224487305
281.40000000000003,1.7900564670562744
281.5,1.7860298156738281
281.6,1.7799957990646362
281.70000000000005,1.7901350259780884
281.8,1.7883408069610596
281.90000000000003,1.7803115844726562
282.0,1.7878667116165161
282.1,1.780734896659851
282.20000000000005,1.7819299697875977
282.3,1.7781058549880981
282.40000000000003,1.7856638431549072
282.5,1.786709189414978
282.6,1.767212152481079
282.70000000000005,1.7862483263015747
282.8,1.7814539670944214
282.90000000000003,1.778457760810852
283.0,1.779884696006775
283.1,1.7800103425979614
283.20000000000005,1.7910932302474976
283.3,1.7794164419174194
283.40000000000003,1.7825886011123657
283.5,1.775268316268921
283.6,1.7697888612747192
283.70000000000005,1.7746893167495728
283.8,1.773147463798523
283.90000000000003,1.781092643737793
284.0,1.772870421409607
284.1,1.7733280658721924
284.20000000000005,1.7760756015777588
284.3,1.7713043689727783
284.40000000000003,1.7786297798156738
284.5,1.7874140739440918
284.6,1.7832388877868652
284.70000000000005,1.7724210023880005
284.8,1.7657567262649536
284.90000000000003,1.779358148574829
285.0,1.7875336408615112
285.1,1.7773150205612183
285.20000000000005,1.7893234491348267
285.3,1.7699228525161743
285.40000000000003,1.7854491472244263
285.5,1.7687370777130127
285.6,1.7711647748947144
285.70000000000005,1.7893298864364624
285.8,1.7797054052352905
285.90000000000003,1.769670009613037
286.0,1.769844889640808
286.1,1.7840704917907715
286.20000000000005,1.760482907295227
286.3,1.7715208530426025
286.40000000000003,1.7774864435195923
286.5,1.7804797887802124
286.6,1.7820779085159302
286.70000000000005,1.7582881450653076
286.8,1.7650617361068726
286.90000000000003,1.7650539875030518
287.0,1.7817542552947998
287.1,1.7525993585586548
287.20000000000005,1.7819249629974365
287.3,1.78139328956604
287.40000000000003,1.7738665342330933
287.5,1.767844319343567
287.6,1.7773520946502686
287.70000000000005,1.7717797756195068
287.8,1.7682855129241943
287.90000000000003,1.7711645364761353
288.0,1.7725578546524048
288.1,1.7663168907165527
288.20000000000005,1.7712204456329346
288.3,1.7677510976791382
288.40000000000003,1.770811676979065
288.5,1.7705837488174438
288.6,1.7743059396743774
288.70000000000005,1.7706769704818726
288.8,1.7598083019256592
288.90000000000003,1.7563681602478027
289.0,1.7747389078140259
289.1,1.7555586099624634
289.20000000000005,1.7711412906646729
289.3,1.7570652961730957
289.40000000000003,1.7655726671218872
289.5,1.7668795585632324
289.6,1.7605700492858887
289.70000000000005,1.7558876276016235
289.8,1.7618587017059326
289.90000000000003,1.766467809677124
290.0,1.763940691947937
290.1,1.7524298429489136
290.20000000000005,1.7637138366699219
290.3,1.758760690689087
290.40000000000003,1.7507957220077515
290.5,1.7635117769241333
290.6,1.7436878681182861
290.70000000000005,1.7479321956634521
290.8,1.762603998184204
290.90000000000003,1.756318211555481
291.0,1.764835238456726
291.1,1.7645668983459473
291.20000000000005,1.7626997232437134
291.3,1.7706252336502075
291.40000000000003,1.7592095136642456
291.5,1.7715009450912476
291.6,1.7687480449676514
291.70000000000005,1.7707774639129639
291.8,1.7579892873764038
291.90000000000003,1.7631891965866089
292.0,1.7529041767120361
292.1,1.7545008659362793
292.20000000000005,1.7589582204818726
292.3,1.7644397020339966
292.40000000000003,1.7531317472457886
292.5,1.758653998374939
292.6,1.7545605897903442
292.70000000000005,1.7594636678695679
292.8,1.7612205743789673
292.90000000000003,1.7435106039047241
293.0,1.7643414735794067
293.1,1.768481731414795
293.20000000000005,1.7668393850326538
293.3,1.757867455482483
293.40000000000003,1.759846806526184
293.5,1.7512999773025513
293.6,1.76227605342865
293.70000000000005,1.761145830154419
293.8,1.7502673864364624
293.90000000000003,1.755005121231079
294.0,1.7526808977127075
294.1,1.7542638778686523
294.20000000000005,1.7396408319473267
294.3,1.7529547214508057
294.40000000000003,1.7487424612045288
294.5,1.735575795173645
294.6,1.74332857131958
294.70000000000005,1.746535062789917
294.8,1.7670525312423706
294.90000000000003,1.7508918046951294
295.0,1.753569483757019
295.1,1.7430750131607056
295.20000000000005,1.7430065870285034
295.3,1.74712336063385
295.40000000000003,1.7437599897384644
295.5,1.741776466369629
295.6,1.745178461074829
295.70000000000005,1.7563376426696777
295.8,1.7506253719329834
295.90000000000003,1.7493606805801392
296.0,1.743921160697937
296.1,1.7479580640792847
296.20000000000005,1.755718469619751
296.3,1.7525309324264526
296.40000000000003,1.751330018043518
296.5,1.759156584739685
296.6,1.7537959814071655
296.70000000000005,1.741032361984253
296.8,1.7487610578536987
296.90000000000003,1.7507344484329224
297.0,1.7440561056137085
297.1,1.745191216468811
297.20000000000005,1.7527803182601929
297.3,1.7482329607009888
297.40000000000003,1.7369261980056763
297.5,1.7554316520690918
297.6,1.7308943271636963
297.70000000000005,1.7491682767868042
297.8,1.7475279569625854
297.90000000000003,1.7536307573318481
298.0,1.7485706806182861
298.1,1.7508341073989868
298.20000000000005,1.7497944831848145
298.3,1.737762451171875
298.40000000000003,1.7415404319763184
298.5,1.7475826740264893
298.6,1.7470836639404297
298.70000000000005,1.7399877309799194
298.8,1.7419013977050781
298.90000000000003,1.7348227500915527
299.0,1.7456648349761963
299.1,1.7439382076263428
299.20000000000005,1.7383887767791748
299.3,1.7327836751937866
299.40000000000003,1.7374705076217651
299.5,1.744346261024475
299.6,1.7377240657806396
299.70000000000005,1.7509255409240723
299.8,1.7351175546646118
299.90000000000003,1.7327840328216553
300.0,1.7399893999099731
300.1,1.7412960529327393
300.20000000000005,1.7225000858306885
300.3,1.7466853857040405
300.40000000000003,1.7396947145462036
300.5,1.7302998304367065
300.6,1.735430121421814
300.70000000000005,1.7321441173553467
300.8,1.7368894815444946
300.90000000000003,1.7310922145843506
301.0,1.7372219562530518
301.1,1.738801121711731
301.20000000000005,1.729458212852478
301.3,1.7361794710159302
301.40000000000003,1.737159013748169
301.5,1.739670991897583
301.6,1.730953574180603
301.70000000000005,1.7248784303665161
301.8,1.7240407466888428
301.90000000000003,1.7346190214157104
302.0,1.7306591272354126
302.1,1.7296051979064941
302.20000000000005,1.7345314025878906
302.3,1.732221245765686
302.40000000000003,1.7397738695144653
302.5,1.7322733402252197
302.6,1.742223858833313
302.70000000000005,1.7319269180297852
302.8,1.7315174341201782
302.90000000000003,1.7255276441574097
303.0,1.7349261045455933
303.1,1.721848487854004
303.20000000000005,1.7283986806869507
303.3,1.7223870754241943
303.40000000000003,1.737278938293457
303.5,1.7360198497772217
303.6,1.7367368936538696
303.70000000000005,1.7278765439987183
303.8,1.7301164865493774
303.90000000000003,1.731410264968872
304.0,1.721760630607605
304.1,1.7203564643859863
304.20000000000005,1.7265489101409912
304.3,1.7301799058914185
304.40000000000003,1.7344253063201904
304.5,1.7233459949493408
304.6,1.716038703918457
304.70000000000005,1.72412109375
304.8,1.7385386228561401
304.90000000000003,1.731555461883545
305.0,1.7277624607086182
305.1,1.7351171970367432
305.20000000000005,1.7233957052230835
305.3,1.71620512008667
305.40000000000003,1.7185336351394653
305.5,1.7209131717681885
305.6,1.7271209955215454
305.70000000000005,1.7254482507705688
305.8,1.718831181526184
305.90000000000003,1.718258261680603
306.0,1.7233986854553223
306.1,1.7236223220825195
306.20000000000005,1.7291339635849
306.3,1.7067326307296753
306.40000000000003,1.7277888059616089
306.5,1.729577660560608
306.6,1.7246779203414917
306.70000000000005,1.722311019897461
306.8,1.7236393690109253
306.90000000000003,1.7283785343170166
307.0,1.7294374704360962
307.1,1.7308365106582642
307.20000000000005,1.729274868965149
307.3,1.717470407485962
307.40000000000003,1.7158710956573486
307.5,1.7260593175888062
307.6,1.7260897159576416
307.70000000000005,1.7286992073059082
307.8,1.7201333045959473
307.90000000000003,1.7211817502975464
308.0,1.7059155702590942
308.1,1.7254607677459717
308.20000000000005,1.7059216499328613
308.3,1.7152947187423706
308.40000000000003,1.7251479625701904
308.5,1.7100030183792114
308.6,1.7231006622314453
308.70000000000005,1.7224770784378052
308.8,1.7159161567687988
308.90000000000003,1.7224887609481812
309.0,1.7163071632385254
309.1,1.7263010740280151
309.20000000000005,1.7259913682937622
309.3,1.7236442565917969
309.40000000000003,1.7258155345916748
309.5,1.7066009044647217
309.6,1.7100882530212402
309.70000000000005,1.7182071208953857
309.8,1.7220455408096313
309.90000000000003,1.7216672897338867
310.0,1.7090493440628052
310.1,1.7133293151855469
310.20000000000005,1.7094115018844604
310.3,1.7121468782424927
310.40000000000003,1.7149438858032227
310.5,1.7150887250900269
310.6,1.7103348970413208
310.70000000000005,1.701806664466858
310.8,1.7016761302947998
310.90000000000003,1.7162556648254395
311.0,1.698185920715332
311.1,1.7081794738769531
311.20000000000005,1.7112603187561035
311.3,1.7088614702224731
311.40000000000003,1.7133857011795044
311.5,1.7112300395965576
311.6,1.7066272497177124
311.70000000000005,1.7065304517745972
311.8,1.7202050685882568
311.90000000000003,1.712660551071167
312.0,1.7120109796524048
312.1,1.6955429315567017
312.20000000000005,1.7123255729675293
312.3,1.7155925035476685
312.40000000000003,1.706800103187561
312.5,1.7061058282852173
312.6,1.7120195627212524
312.70000000000005,1.7040735483169556
312.8,1.707266092300415
312.90000000000003,1.7197813987731934
313.0,1.6926429271697998
313.1,1.7185537815093994
313.20000000000005,1.7093015909194946
313.3,1.710677981376648
313.40000000000003,1.7059009075164795
313.5,1.697957992553711
313.6,1.7103599309921265
313.70000000000005,1.717624545097351
313.8,1.7113860845565796
313.90000000000003,1.710426688194275
314.0,1.7172907590866089
314.1,1.7151496410369873
314.20000000000005,1.694533109664917
314.3,1.701255440711975
314.40000000000003,1.7031586170196533
314.5,1.705668330192566
314.6,1.7073696851730347
314.70000000000005,1.69822359085083
314.8,1.7030730247497559
314.90000000000003,1.699422001838684
315.0,1.7081202268600464
315.1,1.7096909284591675
315.20000000000005,1.6945687532424927
315.3,1.7057479619979858
315.40000000000003,1.6979272365570068
315.5,1.695693850517273
315.6,1.6960934400558472
315.70000000000005,1.7070362567901611
315.8,1.6830151081085205
315.90000000000003,1.6958825588226318
316.0,1.6855562925338745
316.1,1.6921604871749878
316.20000000000005,1.6860783100128174
316.3,1.696878433227539
316.40000000000003,1.6892439126968384
316.5,1.70168137550354
316.6,1.7034212350845337
316.70000000000005,1.6923332214355469
316.8,1.7026160955429077
316.90000000000003,1.7040339708328247
317.0,1.6942787170410156
317.1,1.6896593570709229
317.20000000000005,1.6869852542877197
317.3,1.6940946578979492
317.40000000000003,1.6916247606277466
317.5,1.6835078001022339
317.6,1.7001909017562866
317.70000000000005,1.6955221891403198
317.8,1.6782106161117554
317.90000000000003,1.693786859512329
318.0,1.6981245279312134
318.1,1.6872920989990234
318.20000000000005,1.6859662532806396
318.3,1.7027908563613892
318.40000000000003,1.6947580575942993
318.5,1.6899174451828003
318.6,1.690733790397644
318.70000000000005,1.6891677379608154
318.8,1.680720329284668
318.90000000000003,1.6850769519805908
319.0,1.6900068521499634
319.1,1.6857205629348755
319.20000000000005,1.6990456581115723
319.3,1.6900391578674316
319.40000000000003,1.6809686422348022
319.5,1.6984926462173462
319.6,1.6967869997024536
319.70000000000005,1.6905299425125122
319.8,1.6930652856826782
319.90000000000003,1.6990872621536255
320.0,1.6939040422439575
320.1,1.6833268404006958
320.20000000000005,1.6982316970825195
320.3,1.6914513111114502
320.40000000000003,1.6732125282287598
320.5,1.6914904117584229
320.6,1.7030984163284302
320.70000000000005,1.682776927947998
320.8,1.696812629699707
320.90000000000003,1.6722253561019897
321.0,1.6905834674835205
321.1,1.6914790868759155
321.20000000000005,1.6709908246994019
321.3,1.6878795623779297
321.40000000000003,1.6887205839157104
321.5,1.6902729272842407
321.6,1.6794474124908447
321.70000000000005,1.6901172399520874
321.8,1.691004753112793
321.90000000000003,1.6685922145843506
322.0,1.6865352392196655
322.1,1.6845508813858032
322.20000000000005,1.6812384128570557
322.3,1.683443546295166
322.40000000000003,1.683759331703186
322.5,1.6788113117218018
322.6,1.6783024072647095
322.70000000000005,1.6699305772781372
322.8,1.6823010444641113
322.90000000000003,1.680701732635498
323.0,1.6732958555221558
323.1,1.6773432493209839
323.20000000000005,1.6762776374816895
323.3,1.6764229536056519
323.40000000000003,1.6893494129180908
323.5,1.6844874620437622
323.6,1.678953766822815
323.70000000000005,1.6806902885437012
323.8,1.6820944547653198
323.90000000000003,1.6837799549102783
324.0,1.678470492362976
324.1,1.6915591955184937
324.20000000000005,1.6866470575332642
324.3,1.684935212135315
324.40000000000003,1.6755092144012451
324.5,1.675342321395874
324.6,1.68201744556427
324.70000000000005,1.6935125589370728
324.8,1.6796538829803467
324.90000000000003,1.6691886186599731
325.0,1.6815847158432007
325.1,1.6763666868209839
325.20000000000005,1.6732738018035889
325.3,1.6815744638442993
325.40000000000003,1.6826421022415161
325.5,1.6694741249084473
325.6,1.6701936721801758
325.70000000000005,1.6802886724472046
325.8,1.6719340085983276
325.90000000000003,1.6834025382995605
326.0,1.669739842414856
326.1,1.6685919761657715
326.20000000000005,1.6697578430175781
326.3,1.6754990816116333
326.40000000000003,1.6668670177459717
326.5,1.6679400205612183
326.6,1.6824557781219482
326.70000000000005,1.6727018356323242
326.8,1.6828243732452393
326.90000000000003,1.676090121269226
327.0,1.6618993282318115
327.1,1.6783491373062134
327.20000000000005,1.6649736166000366
327.3,1.6706560850143433
327.40000000000003,1.6536668539047241
327.5,1.6669734716415405
327.6,1.669536828994751
327.70000000000005,1.661252498626709
327.8,1.6745680570602417
327.90000000000003,1.664881706237793
328.0,1.6639347076416016
328.1,1.6703904867172241
328.20000000000005,1.666689157485962
328.3,1.6583068370819092
328.40000000000003,1.6806631088256836
328.5,1.6692277193069458
328.6,1.6642357110977173
328.70000000000005,1.6613988876342773
328.8,1.6672697067260742
328.90000000000003,1.6573935747146606
329.0,1.6690149307250977
329.1,1.6734685897827148
329.20000000000005,1.6559468507766724
329.3,1.6501805782318115
329.40000000000003,1.6632968187332153
329.5,1.666596531867981
329.6,1.6636645793914795
329.70000000000005,1.673043131828308
329.8,1.6617045402526855
329.90000000000003,1.650460958480835
330.0,1.6563606262207031
330.1,1.6714273691177368
330.20000000000005,1.6648858785629272
330.3,1.6580848693847656
330.40000000000003,1.667022705078125
330.5,1.6637635231018066
330.6,1.6648675203323364
330.70000000000005,1.6569477319717407
330.8,1.6620653867721558
330.90000000000003,1.6652607917785645
331.0,1.6515628099441528
331.1,1.6527235507965088
331.20000000000005,1.6672401428222656
331.3,1.6658960580825806
331.40000000000003,1.6714653968811035
331.5,1.6600732803344727
331.6,1.6632095575332642
331.70000000000005,1.6417330503463745
331.8,1.6641101837158203
331.90000000000003,1.654242753982544
332.0,1.665940284729004
332.1,1.6574146747589111
332.20000000000005,1.6663740873336792
332.3,1.6679980754852295
332.40000000000003,1.6606886386871338
332.5,1.6652159690856934
332.6,1.6625639200210571
332.70000000000005,1.6568093299865723
332.8,1.6637210845947266
332.90000000000003,1.6618882417678833
333.0,1.6515768766403198
333.1,1.66519033908844
333.20000000000005,1.6591053009033203
333.3,1.651273488998413
333.40000000000003,1.6580718755722046
333.5,1.6643462181091309
333.6,1.659043788909912
333.70000000000005,1.6541928052902222
333.8,1.6594935655593872
333.90000000000003,1.6487886905670166
334.0,1.6321159601211548
334.1,1.6618953943252563
334.20000000000005,1.660429835319519
334.3,1.6498743295669556
334.40000000000003,1.655076265335083
334.5,1.6495132446289062
334.6,1.6511706113815308
334.70000000000005,1.6505533456802368
334.8,1.6512248516082764
334.90000000000003,1.652191162109375
335.0,1.640243411064148
335.1,1.6523648500442505
335.20000000000005,1.657109260559082
335.3,1.6532474756240845
335.40000000000003,1.6499006748199463
335.5,1.645159125328064
335.6,1.6576424837112427
335.70000000000005,1.6563665866851807
335.8,1.6532148122787476
335.90000000000003,1.651620864868164
336.0,1.6386547088623047
336.1,1.6465635299682617
336.20000000000005,1.6592137813568115
336.3,1.651843547821045
336.40000000000003,1.6404708623886108
336.5,1.643479585647583
336.6,1.6497801542282104
336.70000000000005,1.6362913846969604
336.8,1.655026912689209
336.90000000000003,1.6468547582626343
337.0,1.6376451253890991
337.1,1.6555225849151611
337.20000000000005,1.6377562284469604
337.3,1.648627758026123
337.40000000000003,1.6471658945083618
337.5,1.650429368019104
337.6,1.6455658674240112
337.70000000000005,1.643018126487732
337.8,1.6522173881530762
337.90000000000003,1.6407727003097534
338.0,1.6461690664291382
338.1,1.6427503824234009
338.20000000000005,1.6374053955078125
338.3,1.6465046405792236
338.40000000000003,1.6429234743118286
338.5,1.6364588737487793
338.6,1.6422364711761475
338.70000000000005,1.6447017192840576
338.8,1.6380695104599
338.90000000000003,1.631217360496521
339.0,1.6499123573303223
339.1,1.636340856552124
339.20000000000005,1.6520109176635742
339.3,1.6406563520431519
339.40000000000003,1.642698049545288
339.5,1.6296089887619019
339.6,1.6351226568222046
339.70000000000005,1.639182448387146
339.8,1.6255054473876953
339.90000000000003,1.6440402269363403
340.0,1.640701413154602
340.1,1.6453227996826172
340.20000000000005,1.6453372240066528
340.3,1.64305579662323
340.40000000000003,1.646822452545166
340.5,1.6292837858200073
340.6,1.6401492357254028
340.70000000000005,1.6418479681015015
340.8,1.634595274925232
340.90000000000003,1.6450947523117065
341.0,1.6185657978057861
341.1,1.6493678092956543
341.20000000000005,1.6226065158843994
341.3,1.6199418306350708
341.40000000000003,1.6344575881958008
341.5,1.6321638822555542
341.6,1.6318315267562866
341.70000000000005,1.6253126859664917
341.8,1.6395593881607056
341.90000000000003,1.628449559211731
342.0,1.6375479698181152
342.1,1.6384100914001465
342.20000000000005,1.6236680746078491
342.3,1.6314043998718262
342.40000000000003,1.623782753944397
342.5,1.6357215642929077
342.6,1.6338787078857422
342.70000000000005,1.6442694664001465
342.8,1.633741021156311
342.90000000000003,1.6407852172851562
343.0,1.62801194190979
343.1,1.6322031021118164
343.20000000000005,1.6280090808868408
343.3,1.6348963975906372
343.40000000000003,1.6163170337677002
343.5,1.6412080526351929
343.6,1.6318193674087524
343.70000000000005,1.6326076984405518
343.8,1.634548544883728
343.90000000000003,1.620984435081482
344.0,1.6336405277252197
344.1,1.6266580820083618
344.20000000000005,1.619533658027649
344.3,1.6310288906097412
344.40000000000003,1.6218934059143066
344.5,1.6213332414627075
344.6,1.6299246549606323
344.70000000000005,1.6278648376464844
344.8,1.62273108959198
344.90000000000003,1.6228445768356323
345.0,1.6255296468734741
345.1,1.6468993425369263
345.20000000000005,1.6134202480316162
345.3,1.6292170286178589
345.40000000000003,1.6284849643707275
345.5,1.635623812675476
345.6,1.6200896501541138
345.70000000000005,1.6221575736999512
345.8,1.6287140846252441
345.90000000000003,1.625662922859192
346.0,1.6198889017105103
346.1,1.6246352195739746
346.20000000000005,1.623164415359497
346.3,1.6330703496932983
346.40000000000003,1.6203080415725708
346.5,1.6292665004730225
346.6,1.6205707788467407
346.70000000000005,1.6164308786392212
346.8,1.6190229654312134
346.90000000000003,1.6090656518936157
347.0,1.6250896453857422
347.1,1.6222553253173828
347.20000000000005,1.6160808801651
347.3,1.609915018081665
347.40000000000003,1.6299961805343628
347.5,1.6221513748168945
347.6,1.6264755725860596
347.70000000000005,1.6270805597305298
347.8,1.6111093759536743
347.90000000000003,1.6261411905288696
348.0,1.6215722560882568
348.1,1.6150909662246704
348.20000000000005,1.6293631792068481
348.3,1.6164569854736328
348.40000000000003,1.6158905029296875
348.5,1.6148402690887451
348.6,1.620441198348999
348.70000000000005,1.6259981393814087
348.8,1.5999507904052734
348.90000000000003,1.6231863498687744
349.0,1.6063836812973022
349.1,1.6117489337921143
349.20000000000005,1.6179109811782837
349.3,1.6126811504364014
349.40000000000003,1.62221097946167
349.5,1.603529453277588
349.6,1.6132115125656128
349.70000000000005,1.613010287284851
349.8,1.6196746826171875
349.90000000000003,1.6141915321350098
350.0,1.6026328802108765
350.1,1.6151504516601562
350.20000000000005,1.625556468963623
350.3,1.6084805727005005
350.40000000000003,1.6056071519851685
350.5,1.6186652183532715
350.6,1.6117587089538574
350.70000000000005,1.6024560928344727
350.8,1.6078084707260132
350.90000000000003,1.6136584281921387
351.0,1.6150692701339722
351.1,1.5903431177139282
351.20000000000005,1.60097074508667
351.3,1.6133307218551636
351.40000000000003,1.6122819185256958
351.5,1.6043297052383423
351.6,1.6088829040527344
351.70000000000005,1.601973295211792
351.8,1.6104809045791626
351.90000000000003,1.6120688915252686
352.0,1.6116628646850586
352.1,1.5957614183425903
352.20000000000005,1.6096241474151611
352.3,1.6058828830718994
352.40000000000003,1.5971096754074097
352.5,1.6015419960021973
352.6,1.6103302240371704
352.70000000000005,1.6037710905075073
352.8,1.6078665256500244
352.90000000000003,1.6128839254379272
353.0,1.607674241065979
353.1,1.61325204372406
353.20000000000005,1.5956774950027466
353.3,1.6115437746047974
353.40000000000003,1.6185894012451172
353.5,1.6028190851211548
353.6,1.6068066358566284
353.70000000000005,1.6155270338058472
353.8,1.6056928634643555
353.90000000000003,1.6038177013397217
354.0,1.6019632816314697
354.1,1.5981775522232056
354.20000000000005,1.598774790763855
354.3,1.6051900386810303
354.40000000000003,1.6091089248657227
354.5,1.5896762609481812
354.6,1.604306936264038
354.70000000000005,1.5999139547348022
354.8,1.608291745185852
354.90000000000003,1.5884850025177002
355.0,1.5978670120239258
355.1,1.6040891408920288
355.20000000000005,1.6099761724472046
355.3,1.6009598970413208
355.40000000000003,1.5929120779037476
355.5,1.5913217067718506
355.6,1.583646297454834
355.70000000000005,1.6018280982971191
355.8,1.5979822874069214
355.90000000000003,1.5960639715194702
356.0,1.6079777479171753
356.1,1.6022517681121826
356.20000000000005,1.6032217741012573
356.3,1.6008427143096924
356.40000000000003,1.6048017740249634
356.5,1.5856776237487793
356.6,1.592159390449524
356.70000000000005,1.596595287322998
356.8,1.5965656042099
356.90000000000003,1.6015989780426025
357.0,1.6050602197647095
357.1,1.5796668529510498
357.20000000000005,1.5964488983154297
357.3,1.597780466079712
357.40000000000003,1.5946366786956787
357.5,1.6024727821350098
357.6,1.5974417924880981
357.70000000000005,1.6038252115249634
357.8,1.6001883745193481
357.90000000000003,1.5936163663864136
358.0,1.5892452001571655
358.1,1.580243706703186
358.20000000000005,1.5968436002731323
358.3,1.5886681079864502
358.40000000000003,1.5919462442398071
358.5,1.6008248329162598
358.6,1.6058926582336426
358.70000000000005,1.6014810800552368
358.8,1.5777966976165771
358.90000000000003,1.584917426109314
359.0,1.5893081426620483
359.1,1.5932321548461914
359.20000000000005,1.5871175527572632
359.3,1.602643370628357
359.40000000000003,1.599244236946106
359.5,1.5922926664352417
359.6,1.5892815589904785
359.70000000000005,1.5956735610961914
359.8,1.584373950958252
359.90000000000003,1.5768394470214844
360.0,1.5785534381866455
360.1,1.5962952375411987
360.20000000000005,1.600399374961853
360.3,1.5945439338684082
360.40000000000003,1.5818276405334473
360.5,1.5860792398452759
360.6,1.5911861658096313
360.70000000000005,1.5804799795150757
360.8,1.5779401063919067
360.90000000000003,1.5954500436782837
361.0,1.5877326726913452
361.1,1.5819096565246582
361.20000000000005,1.5883560180664062
361.3,1.5913957357406616
361.40000000000003,1.5848156213760376
361.5,1.575469732284546
361.6,1.5721867084503174
361.70000000000005,1.5857442617416382
361.8,1.5870752334594727
361.90000000000003,1.5850961208343506
362.0,1.5898258686065674
362.1,1.5726029872894287
362.20000000000005,1.5902643203735352
362.3,1.5808418989181519
362.40000000000003,1.5861790180206299
362.5,1.5801671743392944
362.6,1.5862160921096802
362.70000000000005,1.5647451877593994
362.8,1.5769087076187134
362.90000000000003,1.5804588794708252
363.0,1.5836230516433716
363.1,1.5824675559997559
363.20000000000005,1.576904058456421
363.3,1.5795724391937256
363.40000000000003,1.577031135559082
363.5,1.5746382474899292
363.6,1.5830549001693726
363.70000000000005,1.5862360000610352
363.8,1.5840849876403809
363.90000000000003,1.5922878980636597
364.0,1.5751078128814697
364.1,1.5702252388000488
364.20000000000005,1.5718132257461548
364.3,1.5821219682693481
364.40000000000003,1.5899709463119507
364.5,1.5711158514022827
364.6,1.5770670175552368
364.70000000000005,1.5734033584594727
364.8,1.5882279872894287
364.90000000000003,1.5776461362838745
365.0,1.5715705156326294
365.1,1.5772634744644165
365.20000000000005,1.589668869972229
365.3,1.5662192106246948
365.40000000000003,1.57698392868042
365.5,1.5809847116470337
365.6,1.5567657947540283
365.70000000000005,1.5703864097595215
365.8,1.5801408290863037
365.90000000000003,1.5737135410308838
366.0,1.568419337272644
366.1,1.5818440914154053
366.20000000000005,1.5666664838790894
366.3,1.5869702100753784
366.40000000000003,1.574859380722046
366.5,1.5797290802001953
366.6,1.569775938987732
366.70000000000005,1.572502613067627
366.8,1.5630738735198975
366.90000000000003,1.5657706260681152
367.0,1.5712734460830688
367.1,1.5755412578582764
367.20000000000005,1.5795598030090332
367.3,1.56389319896698
367.40000000000003,1.5766284465789795
367.5,1.5460009574890137
367.6,1.5704642534255981
367.70000000000005,1.5746642351150513
367.8,1.5670291185379028
367.90000000000003,1.5663989782333374
368.0,1.5627036094665527
368.1,1.564117193222046
368.20000000000005,1.5657579898834229
368.3,1.5588185787200928
368.40000000000003,1.5723458528518677
368.5,1.5739645957946777
368.6,1.5665827989578247
368.70000000000005,1.5627319812774658
368.8,1.5694626569747925
368.90000000000003,1.5633026361465454
369.0,1.568353295326233
369.1,1.5669612884521484
369.20000000000005,1.5634883642196655
369.3,1.570589303970337
369.40000000000003,1.5634793043136597
369.5,1.559108018875122
369.6,1.5510773658752441
369.70000000000005,1.5637248754501343
369.8,1.5703080892562866
369.90000000000003,1.566149115562439
370.0,1.5617589950561523
370.1,1.566343903541565
370.20000000000005,1.5608255863189697
370.3,1.5582126379013062
370.40000000000003,1.5512579679489136
370.5,1.558146595954895
370.6,1.557199239730835
370.70000000000005,1.5678461790084839
370.8,1.5610804557800293
370.90000000000003,1.5608311891555786
371.0,1.566008448600769
371.1,1.5593277215957642
371.20000000000005,1.5621241331100464
371.3,1.5654277801513672
371.40000000000003,1.5638445615768433
371.5,1.5658376216888428
371.6,1.5567286014556885
371.70000000000005,1.5374839305877686
371.8,1.555471420288086
371.90000000000003,1.5581333637237549
372.0,1.5549885034561157
372.1,1.5580129623413086
372.20000000000005,1.5640548467636108
372.3,1.563138723373413
372.40000000000003,1.5573272705078125
372.5,1.5394009351730347
372.6,1.5545010566711426
372.70000000000005,1.5566935539245605
372.8,1.5570182800292969
372.90000000000003,1.5672096014022827
373.0,1.5568363666534424
373.1,1.5509387254714966
373.20000000000005,1.5545213222503662
373.3,1.536759376525879
373.40000000000003,1.5543181896209717
373.5,1.5580865144729614
373.6,1.5574145317077637
373.70000000000005,1.5517865419387817
373.8,1.555415391921997
373.90000000000003,1.5554243326187134
374.0,1.5528234243392944
374.1,1.5511192083358765
374.20000000000005,1.5613104104995728
374.3,1.5452221632003784
374.40000000000003,1.5520374774932861
374.5,1.5653797388076782
374.6,1.545721411705017
374.70000000000005,1.568570852279663
374.8,1.5499955415725708
374.90000000000003,1.5469592809677124
375.0,1.537564992904663
375.1,1.5510597229003906
375.20000000000005,1.5514216423034668
375.3,1.5505293607711792
375.40000000000003,1.553135871887207
375.5,1.5423222780227661
375.6,1.5443165302276611
375.70000000000005,1.548628807067871
375.8,1.5507732629776
375.90000000000003,1.552815556526184
376.0,1.556134819984436
376.1,1.5408061742782593
376.20000000000005,1.5484286546707153
376.3,1.5524976253509521
376.40000000000003,1.5498759746551514
376.5,1.551748514175415
376.6,1.5491684675216675
376.70000000000005,1.5378386974334717
376.8,1.5358011722564697
376.90000000000003,1.5414750576019287
377.0,1.547041416168213
377.1,1.5450576543807983
377.20000000000005,1.538682222366333
377.3,1.5427910089492798
377.40000000000003,1.535571813583374
377.5,1.5417574644088745
377.6,1.5421754121780396
377.70000000000005,1.5385743379592896
377.8,1.5439810752868652
377.90000000000003,1.525476336479187
378.0,1.5368443727493286
378.1,1.549676537513733
378.20000000000005,1.5548416376113892
378.3,1.543745756149292
378.40000000000003,1.5432416200637817
378.5,1.5397658348083496
378.6,1.5430054664611816
378.70000000000005,1.522810459136963
378.8,1.544812798500061
378.90000000000003,1.5459803342819214
379.0,1.5410367250442505
379.1,1.5431307554244995
379.20000000000005,1.5488156080245972
379.3,1.5429682731628418
379.40000000000003,1.5436891317367554
379.5,1.5372363328933716
379.6,1.544721007347107
379.70000000000005,1.5363713502883911
379.8,1.548142433166504
379.90000000000003,1.540944218635559
380.0,1.5368645191192627
380.1,1.5399436950683594
380.20000000000005,1.5456550121307373
380.3,1.5388082265853882
380.40000000000003,1.5305366516113281
380.5,1.5317646265029907
380.6,1.536460518836975
380.70000000000005,1.5350931882858276
380.8,1.5349247455596924
380.90000000000003,1.5328558683395386
381.0,1.541434407234192
381.1,1.521624207496643
381.20000000000005,1.542499303817749
381.3,1.5297518968582153
381.40000000000003,1.5500266551971436
381.5,1.536792278289795
381.6,1.5359835624694824
381.70000000000005,1.541925072669983
381.8,1.519927740097046
381.90000000000003,1.533809781074524
382.0,1.538541316986084
382.1,1.532653570175171
382.20000000000005,1.5304844379425049
382.3,1.5281678438186646
382.40000000000003,1.5370182991027832
382.5,1.5374191999435425
382.6,1.5258373022079468
382.70000000000005,1.533826470375061
382.8,1.5366178750991821
382.90000000000003,1.522133708000183
383.0,1.5438116788864136
383.1,1.5346415042877197
383.20000000000005,1.5317130088806152
383.3,1.5211094617843628
383.40000000000003,1.5294177532196045
383.5,1.530327558517456
383.6,1.5224521160125732
383.70000000000005,1.5317444801330566
383.8,1.5221574306488037
383.90000000000003,1.5169272422790527
384.0,1.5321301221847534
384.1,1.5329389572143555
384.20000000000005,1.5307254791259766
384.3,1.5246021747589111
384.40000000000003,1.5209771394729614
384.5,1.5286906957626343
384.6,1.519187331199646
384.70000000000005,1.5243632793426514
384.8,1.5068106651306152
384.90000000000003,1.51632821559906
385.0,1.5337281227111816
385.1,1.5210293531417847
385.20000000000005,1.5251764059066772
385.3,1.5306015014648438
385.40000000000003,1.521201729774475
385.5,1.520644187927246
385.6,1.5222363471984863
385.70000000000005,1.5347226858139038
385.8,1.526518702507019
385.90000000000003,1.5278278589248657
386.0,1.5324153900146484
386.1,1.517873764038086
386.20000000000005,1.5198431015014648
386.3,1.5276241302490234
386.40000000000003,1.5252197980880737
386.5,1.533203363418579
386.6,1.5224777460098267
386.70000000000005,1.5251256227493286
386.8,1.5186166763305664
386.90000000000003,1.5211900472640991
387.0,1.5188708305358887
387.1,1.5166758298873901
387.20000000000005,1.522822618484497
387.3,1.5147881507873535
387.40000000000003,1.5241771936416626
387.5,1.5209770202636719
387.6,1.5152734518051147
387.70000000000005,1.5173803567886353
387.8,1.5213154554367065
387.90000000000003,1.5048164129257202
388.0,1.5143171548843384
388.1,1.5085877180099487
388.20000000000005,1.5163265466690063
388.3,1.513697624206543
388.40000000000003,1.5176388025283813
388.5,1.5114469528198242
388.6,1.5119203329086304
388.70000000000005,1.5127358436584473
388.8,1.5134751796722412
388.90000000000003,1.5209022760391235
389.0,1.5101433992385864
389.1,1.5102481842041016
389.20000000000005,1.5042847394943237
389.3,1.5043158531188965
389.40000000000003,1.5055590867996216
389.5,1.5180894136428833
389.6,1.5016781091690063
389.70000000000005,1.5155302286148071
389.8,1.5028539896011353
389.90000000000003,1.504906177520752
390.0,1.510444164276123
390.1,1.5113863945007324
390.20000000000005,1.5190733671188354
390.3,1.508042573928833
390.40000000000003,1.5100306272506714
390.5,1.5172368288040161
390.6,1.5102776288986206
390.70000000000005,1.5105334520339966
390.8,1.5168156623840332
390.90000000000003,1.4917844533920288
391.0,1.5062609910964966
391.1,1.4942996501922607
391.20000000000005,1.5092004537582397
391.3,1.5133033990859985
391.40000000000003,1.4998140335083008
391.5,1.5016541481018066
391.6,1.5064218044281006
391.70000000000005,1.511089563369751
391.8,1.5137940645217896
391.90000000000003,1.5087350606918335
392.0,1.507198691368103
392.1,1.5119218826293945
392.20000000000005,1.5077069997787476
392.3,1.509804368019104
392.40000000000003,1.506284236907959
392.5,1.509445309638977
392.6,1.502518892288208
392.70000000000005,1.4930787086486816
392.8,1.5065584182739258
392.90000000000003,1.4998974800109863
393.0,1.4979761838912964
393.1,1.5044628381729126
393.20000000000005,1.5002549886703491
393.3,1.4891884326934814
393.40000000000003,1.51010262966156
393.5,1.4922387599945068
393.6,1.504822015762329
393.70000000000005,1.4921737909317017
393.8,1.5118685960769653
393.90000000000003,1.5009490251541138
394.0,1.5053125619888306
394.1,1.5047564506530762
394.20000000000005,1.507047176361084
394.3,1.4891170263290405
394.40000000000003,1.4885772466659546
394.5,1.495840072631836
394.6,1.4852267503738403
394.70000000000005,1.4907281398773193
394.8,1.5091172456741333
394.90000000000003,1.5003527402877808
395.0,1.4920780658721924
395.1,1.5005943775177002
395.20000000000005,1.4871306419372559
395.3,1.5062199831008911
395.40000000000003,1.496792197227478
395.5,1.4964836835861206
395.6,1.5015231370925903
395.70000000000005,1.4822262525558472
395.8,1.4983826875686646
395.90000000000003,1.5090878009796143
396.0,1.4837042093276978
396.1,1.4954617023468018
396.20000000000005,1.494046688079834
396.3,1.4821717739105225
396.40000000000003,1.4897806644439697
396.5,1.4958622455596924
396.6,1.4822722673416138
396.70000000000005,1.4965299367904663
396.8,1.4913791418075562
396.90000000000003,1.500648021697998
397.0,1.498866081237793
397.1,1.4925354719161987
397.20000000000005,1.5039178133010864
397.3,1.4975500106811523
397.40000000000003,1.499290108680725
397.5,1.4970661401748657
397.6,1.479001760482788
397.70000000000005,1.490384817123413
397.8,1.4917914867401123
397.90000000000003,1.4892141819000244
398.0,1.501659631729126
398.1,1.494270920753479
398.20000000000005,1.50306236743927
398.3,1.4819824695587158
398.40000000000003,1.4862245321273804
398.5,1.4950127601623535
398.6,1.481465458869934
398.70000000000005,1.4956327676773071
398.8,1.4884394407272339
398.90000000000003,1.481710433959961
399.0,1.4922056198120117
399.1,1.4878475666046143
399.20000000000005,1.4954928159713745
399.3,1.4790021181106567
399.40000000000003,1.4927490949630737
399.5,1.4842393398284912
399.6,1.4988341331481934
399.70000000000005,1.490283489227295
399.8,1.484369158744812
399.90000000000003,1.4871087074279785
400.0,1.4890302419662476
400.1,1.492975115776062
400.20000000000005,1.4817814826965332
400.3,1.4888317584991455
400.40000000000003,1.476930856704712
400.5,1.478937029838562
400.6,1.4855003356933594
400.70000000000005,1.4845161437988281
400.8,1.4789713621139526
400.90000000000003,1.458640456199646
401.0,1.4881097078323364
401.1,1.4816689491271973
401.20000000000005,1.483433485031128
401.3,1.4877840280532837
401.40000000000003,1.4896559715270996
401.5,1.4880081415176392
401.6,1.4784959554672241
401.70000000000005,1.4832452535629272
401.8,1.4948837757110596
401.90000000000003,1.4826147556304932
402.0,1.4777135848999023
402.1,1.4888203144073486
402.20000000000005,1.4847142696380615
402.3,1.4711878299713135
402.40000000000003,1.4697176218032837
402.5,1.4798290729522705
402.6,1.481900930404663
402.70000000000005,1.4865343570709229
402.8,1.4727649688720703
402.90000000000003,1.4805809259414673
403.0,1.4791340827941895
403.1,1.4896169900894165
403.20000000000005,1.4701950550079346
403.3,1.474910855293274
403.40000000000003,1.4595383405685425
403.5,1.4785610437393188
403.6,1.4713201522827148
403.70000000000005,1.479561448097229
403.8,1.4860343933105469
403.90000000000003,1.4629663228988647
404.0,1.4760273694992065
404.1,1.4602806568145752
404.20000000000005,1.4747283458709717
404.3,1.4824371337890625
404.40000000000003,1.464260458946228
404.5,1.4764814376831055
404.6,1.4768182039260864
404.70000000000005,1.463381052017212
404.8,1.465118408203125
404.90000000000003,1.4745469093322754
405.0,1.4648571014404297
405.1,1.462103009223938
405.20000000000005,1.4763977527618408
405.3,1.477258324623108
405.40000000000003,1.4499958753585815
405.5,1.4753168821334839
405.6,1.4626702070236206
405.70000000000005,1.477435827255249
405.8,1.4698542356491089
405.90000000000003,1.4653936624526978
406.0,1.4665006399154663
406.1,1.4697418212890625
406.20000000000005,1.4771350622177124
406.3,1.4573698043823242
406.40000000000003,1.4654330015182495
406.5,1.4676942825317383
406.6,1.4635168313980103
406.70000000000005,1.4662959575653076
406.8,1.4644876718521118
406.90000000000003,1.448686957359314
407.0,1.4733625650405884
407.1,1.4649183750152588
407.20000000000005,1.460063099861145
407.3,1.4695205688476562
407.40000000000003,1.4742839336395264
407.5,1.4663716554641724
407.6,1.483019232749939
407.70000000000005,1.4686346054077148
407.8,1.4689329862594604
407.90000000000003,1.4670783281326294
408.0,1.4692559242248535
408.1,1.4696571826934814
408.20000000000005,1.4650782346725464
408.3,1.4644100666046143
408.40000000000003,1.467179298400879
408.5,1.459398627281189
408.6,1.4619944095611572
408.70000000000005,1.4717538356781006
408.8,1.466058611869812
408.90000000000003,1.4636083841323853
409.0,1.4678704738616943
409.1,1.4675761461257935
409.20000000000005,1.4604178667068481
409.3,1.4690660238265991
409.40000000000003,1.463761329650879
409.5,1.4609473943710327
409.6,1.461630940437317
409.70000000000005,1.464052438735962
409.8,1.4645168781280518
409.90000000000003,1.46182119846344
410.0,1.4579602479934692
410.1,1.4624584913253784
410.20000000000005,1.4626349210739136
410.3,1.4665157794952393
410.40000000000003,1.4549587965011597
410.5,1.4569720029830933
410.6,1.4559422731399536
410.70000000000005,1.4630928039550781
410.8,1.456485390663147
410.90000000000003,1.4590049982070923
411.0,1.4484832286834717
411.1,1.4651432037353516
411.20000000000005,1.4587078094482422
411.3,1.4616217613220215
411.40000000000003,1.4633188247680664
411.5,1.4480947256088257
411.6,1.4499377012252808
411.70000000000005,1.451581597328186
411.8,1.4517649412155151
411.90000000000003,1.4579342603683472
412.0,1.4617600440979004
412.1,1.4598193168640137
412.20000000000005,1.4564400911331177
412.3,1.4603549242019653
412.40000000000003,1.4466484785079956
412.5,1.4575663805007935
412.6,1.4475312232971191
412.70000000000005,1.458808422088623
412.8,1.457417368888855
412.90000000000003,1.4524563550949097
413.0,1.4530383348464966
413.1,1.447859525680542
413.20000000000005,1.4427568912506104
413.3,1.4553136825561523
413.40000000000003,1.4520494937896729
413.5,1.4496253728866577
413.6,1.4521214962005615
413.70000000000005,1.4586316347122192
413.8,1.4454416036605835
413.90000000000003,1.4467312097549438
414.0,1.4484963417053223
414.1,1.4532532691955566
414.20000000000005,1.436197280883789
414.3,1.4424307346343994
414.40000000000003,1.4555928707122803
414.5,1.4433234930038452
414.6,1.4543375968933105
414.70000000000005,1.4510846138000488
414.8,1.4376083612442017
414.90000000000003,1.4270199537277222
415.0,1.452489972114563
415.1,1.4405776262283325
415.20000000000005,1.4374394416809082
415.3,1.4501230716705322
415.40000000000003,1.4410943984985352
415.5,1.449202060699463
415.6,1.4502978324890137
415.70000000000005,1.4370012283325195
415.8,1.4427764415740967
415.90000000000003,1.443674921989441
416.0,1.451314091682434
416.1,1.4452738761901855
416.20000000000005,1.43839693069458
416.3,1.4360443353652954
416.40000000000003,1.4489465951919556
416.5,1.4529062509536743
416.6,1.439140796661377
416.70000000000005,1.4357688426971436
416.8,1.4490854740142822
416.90000000000003,1.4449164867401123
417.0,1.4502440690994263
417.1,1.4327507019042969
417.20000000000005,1.439013123512268
417.3,1.4472227096557617
417.40000000000003,1.431220531463623
417.5,1.436416506767273
417.6,1.4473670721054077
417.70000000000005,1.442685604095459
417.8,1.4241725206375122
417.90000000000003,1.4381216764450073
418.0,1.4289170503616333
418.1,1.4356327056884766
418.20000000000005,1.4288067817687988
418.3,1.4437532424926758
418.40000000000003,1.4409537315368652
418.5,1.4384958744049072
418.6,1.437900424003601
418.70000000000005,1.4352482557296753
418.8,1.4307048320770264
418.90000000000003,1.4432260990142822
419.0,1.4270861148834229
419.1,1.4437698125839233
419.20000000000005,1.4326493740081787
419.3,1.4370474815368652
419.40000000000003,1.4273499250411987
419.5,1.4247982501983643
419.6,1.4331111907958984
419.70000000000005,1.4373944997787476
419.8,1.4282435178756714
419.90000000000003,1.4335705041885376
420.0,1.431575894355774
420.1,1.431196928024292
420.20000000000005,1.4250595569610596
420.3,1.4234215021133423
420.40000000000003,1.4371830224990845
420.5,1.434585452079773
420.6,1.4203681945800781
420.70000000000005,1.427391529083252
420.8,1.4330121278762817
420.90000000000003,1.4321825504302979
421.0,1.440483570098877
421.1,1.4274672269821167
421.20000000000005,1.4376569986343384
421.3,1.4320964813232422
421.40000000000003,1.429728388786316
421.5,1.4301037788391113
421.6,1.4369741678237915
421.70000000000005,1.4166162014007568
421.8,1.4256807565689087
421.90000000000003,1.4325766563415527
422.0,1.420083999633789
422.1,1.4416694641113281
422.20000000000005,1.4285392761230469
422.3,1.4304397106170654
422.40000000000003,1.4291417598724365
422.5,1.4286136627197266
422.6,1.4282037019729614
422.70000000000005,1.433962106704712
422.8,1.4279992580413818
422.90000000000003,1.4303830862045288
423.0,1.4319019317626953
423.1,1.4185806512832642
423.20000000000005,1.4344842433929443
423.3,1.4110743999481201
423.40000000000003,1.4189094305038452
423.5,1.4276764392852783
423.6,1.4239990711212158
423.70000000000005,1.4190592765808105
423.8,1.4115604162216187
423.90000000000003,1.4204579591751099
424.0,1.4215534925460815
424.1,1.4290874004364014
424.20000000000005,1.4294445514678955
424.3,1.412826418876648
424.40000000000003,1.4301302433013916
424.5,1.4220887422561646
424.6,1.4262030124664307
424.70000000000005,1.4244214296340942
424.8,1.42750883102417
424.90000000000003,1.417387843132019
425.0,1.4113249778747559
425.1,1.417185664176941
425.20000000000005,1.416831135749817
425.3,1.4220424890518188
425.40000000000003,1.4207919836044312
425.5,1.4272760152816772
425.6,1.421041488647461
425.70000000000005,1.4239192008972168
425.8,1.4214509725570679
425.90000000000003,1.4243083000183105
426.0,1.4249427318572998
426.1,1.4166852235794067
426.20000000000005,1.4164663553237915
426.3,1.4098154306411743
426.40000000000003,1.4191747903823853
426.5,1.4182884693145752
426.6,1.405029296875
426.70000000000005,1.4055343866348267
426.8,1.4203758239746094
426.90000000000003,1.413439393043518
427.0,1.4185560941696167
427.1,1.4240124225616455
427.20000000000005,1.4122861623764038
427.3,1.4049947261810303
427.40000000000003,1.4187755584716797
427.5,1.4191584587097168
427.6,1.4074814319610596
427.70000000000005,1.408872365951538
427.8,1.416216254234314
427.90000000000003,1.426613450050354
428.0,1.405853509902954
428.1,1.402248740196228
428.20000000000005,1.4141122102737427
428.3,1.4132665395736694
428.40000000000003,1.4105619192123413
428.5,1.4103471040725708
428.6,1.4087992906570435
428.70000000000005,1.41672945022583
428.8,1.4050183296203613
428.90000000000003,1.4062738418579102
429.0,1.4146788120269775
429.1,1.4201576709747314
429.20000000000005,1.400383472442627
429.3,1.410510540008545
429.40000000000003,1.406053066253662
429.5,1.4030747413635254
429.6,1.4086873531341553
429.70000000000005,1.4136265516281128
429.8,1.4136948585510254
429.90000000000003,1.4137036800384521
430.0,1.4001047611236572
430.1,1.4095779657363892
430.20000000000005,1.4179414510726929
430.3,1.406646490097046
430.40000000000003,1.410865068435669
430.5,1.4113035202026367
430.6,1.4149349927902222
430.70000000000005,1.4187008142471313
430.8,1.405510663986206
430.90000000000003,1.3992838859558105
431.0,1.4080513715744019
431.1,1.4032690525054932
431.20000000000005,1.4022315740585327
431.3,1.4052038192749023
431.40000000000003,1.4150495529174805
431.5,1.412879228591919
431.6,1.4033514261245728
431.70000000000005,1.38502836227417
431.8,1.4151029586791992
431.90000000000003,1.4068701267242432
432.0,1.4043415784835815
432.1,1.4068516492843628
432.20000000000005,1.4081454277038574
432.3,1.398055911064148
432.40000000000003,1.4011996984481812
432.5,1.4029790163040161
432.6,1.3989704847335815
432.70000000000005,1.406752109527588
432.8,1.4068437814712524
432.90000000000003,1.3961873054504395
433.0,1.3966302871704102
433.1,1.3964794874191284
433.20000000000005,1.4009267091751099
433.3,1.3951541185379028
433.40000000000003,1.3997586965560913
433.5,1.3884249925613403
433.6,1.4006479978561401
433.70000000000005,1.3971035480499268
433.8,1.386165738105774
433.90000000000003,1.3880428075790405
434.0,1.3916233777999878
434.1,1.3861891031265259
434.20000000000005,1.4019993543624878
434.3,1.4039350748062134
434.40000000000003,1.3907437324523926
434.5,1.4002132415771484
434.6,1.3942593336105347
434.70000000000005,1.3988330364227295
434.8,1.3875837326049805
434.90000000000003,1.405690312385559
435.0,1.3969327211380005
435.1,1.38886559009552
435.20000000000005,1.4059988260269165
435.3,1.3918436765670776
435.40000000000003,1.3969080448150635
435.5,1.386721134185791
435.6,1.3951747417449951
435.70000000000005,1.3910337686538696
435.8,1.3975141048431396
435.90000000000003,1.3874644041061401
436.0,1.3937058448791504
436.1,1.391211986541748
436.20000000000005,1.3910173177719116
436.3,1.3920530080795288
436.40000000000003,1.3937736749649048
436.5,1.3913617134094238
436.6,1.3923442363739014
436.70000000000005,1.3835288286209106
436.8,1.3968878984451294
436.90000000000003,1.3939810991287231
437.0,1.3941758871078491
437.1,1.386168122291565
437.20000000000005,1.3859474658966064
437.3,1.395301103591919
437.40000000000003,1.3788679838180542
437.5,1.3939571380615234
437.6,1.3918564319610596
437.70000000000005,1.3805394172668457
437.8,1.3892345428466797
437.90000000000003,1.3893214464187622
438.0,1.3865258693695068
438.1,1.3901808261871338
438.20000000000005,1.3938125371932983
438.3,1.388287901878357
438.40000000000003,1.3869179487228394
438.5,1.3944194316864014
438.6,1.3811203241348267
438.70000000000005,1.387156367301941
438.8,1.384701132774353
438.90000000000003,1.3882393836975098
439.0,1.3794409036636353
439.1,1.3852087259292603
439.20000000000005,1.3817803859710693
439.3,1.3871475458145142
439.40000000000003,1.3855810165405273
439.5,1.3826791048049927
439.6,1.3869614601135254
439.70000000000005,1.3804423809051514
439.8,1.3946279287338257
439.90000000000003,1.3682503700256348
440.0,1.3697370290756226
440.1,1.3817249536514282
440.20000000000005,1.3848670721054077
440.3,1.372158169746399
440.40000000000003,1.3788909912109375
440.5,1.3704653978347778
440.6,1.361369013786316
440.70000000000005,1.3827446699142456
440.8,1.3833343982696533
440.90000000000003,1.3775455951690674
441.0,1.3806506395339966
441.1,1.3825840950012207
441.20000000000005,1.3637559413909912
441.3,1.3832228183746338
441.40000000000003,1.3738062381744385
441.5,1.3756136894226074
441.6,1.3648192882537842
441.70000000000005,1.3846044540405273
441.8,1.370218276977539
441.90000000000003,1.3814243078231812
442.0,1.3781813383102417
442.1,1.3769844770431519
442.20000000000005,1.3707925081253052
442.3,1.3842411041259766
442.40000000000003,1.3747440576553345
442.5,1.3718314170837402
442.6,1.3611575365066528
442.70000000000005,1.355457067489624
442.8,1.3809397220611572
442.90000000000003,1.3766429424285889
443.0,1.3702956438064575
443.1,1.3770959377288818
443.20000000000005,1.3747433423995972
443.3,1.373461127281189
443.40000000000003,1.3689073324203491
443.5,1.3698838949203491
443.6,1.377402901649475
443.70000000000005,1.3739643096923828
443.8,1.3635131120681763
443.90000000000003,1.3711655139923096
444.0,1.355907917022705
444.1,1.3606163263320923
444.20000000000005,1.3648732900619507
444.3,1.3644267320632935
444.40000000000003,1.3740313053131104
444.5,1.3683242797851562
444.6,1.3678609132766724
444.70000000000005,1.3811501264572144
444.8,1.3725181818008423
444.90000000000003,1.366938829421997
445.0,1.3673173189163208
445.1,1.3706309795379639
445.20000000000005,1.36502206325531
445.3,1.366554617881775
445.40000000000003,1.3646833896636963
445.5,1.3524531126022339
445.6,1.3564506769180298
445.70000000000005,1.3693770170211792
445.8,1.361409306526184
445.90000000000003,1.3631733655929565
446.0,1.3765757083892822
446.1,1.3718703985214233
446.20000000000005,1.3619425296783447
446.3,1.3592453002929688
446.40000000000003,1.36029052734375
446.5,1.3592230081558228
446.6,1.3678561449050903
446.70000000000005,1.3690710067749023
446.8,1.3545554876327515
446.90000000000003,1.3673044443130493
447.0,1.3573925495147705
447.1,1.3501967191696167
447.20000000000005,1.3596160411834717
447.3,1.3552688360214233
447.40000000000003,1.3567006587982178
447.5,1.3504525423049927
447.6,1.3581595420837402
447.70000000000005,1.36349356174469
447.8,1.3663781881332397
447.90000000000003,1.358433485031128
448.0,1.3462566137313843
448.1,1.3666914701461792
448.20000000000005,1.349719524383545
448.3,1.349134922027588
448.40000000000003,1.361244797706604
448.5,1.3587555885314941
448.6,1.3654357194900513
448.70000000000005,1.349741816520691
448.8,1.3596996068954468
448.90000000000003,1.3505522012710571
449.0,1.3539600372314453
449.1,1.3481974601745605
449.20000000000005,1.3603681325912476
449.3,1.35478937625885
449.40000000000003,1.3653074502944946
449.5,1.3471546173095703
449.6,1.3493343591690063
449.70000000000005,1.3669638633728027
449.8,1.351309061050415
449.90000000000003,1.3618327379226685
450.0,1.3449145555496216
450.1,1.3516764640808105
450.20000000000005,1.35213303565979
450.3,1.3626405000686646
450.40000000000003,1.3496536016464233
450.5,1.3453192710876465
450.6,1.338699221611023
450.70000000000005,1.342529296875
450.8,1.3548036813735962
450.90000000000003,1.3547759056091309
451.0,1.33837890625
451.1,1.34739089012146
451.20000000000005,1.3454447984695435
451.3,1.3524632453918457
451.40000000000003,1.3453317880630493
451.5,1.3509197235107422
451.6,1.3440666198730469
451.70000000000005,1.3513774871826172
451.8,1.3386149406433105
451.90000000000003,1.3495949506759644
452.0,1.363487720489502
452.1,1.3522120714187622
452.20000000000005,1.3534188270568848
452.3,1.3550286293029785
452.40000000000003,1.3475253582000732
452.5,1.3522878885269165
452.6,1.3585691452026367
452.70000000000005,1.344879388809204
452.8,1.3532496690750122
452.90000000000003,1.3482633829116821
453.0,1.3458070755004883
453.1,1.3464539051055908
453.20000000000005,1.343599796295166
453.3,1.3424508571624756
453.40000000000003,1.3505669832229614
453.5,1.3414506912231445
453.6,1.3435068130493164
453.70000000000005,1.3556272983551025
453.8,1.339493751525879
453.90000000000003,1.346092700958252
454.0,1.3333185911178589
454.1,1.3435790538787842
454.20000000000005,1.3426589965820312
454.3,1.343408465385437
454.40000000000003,1.3347456455230713
454.5,1.3483532667160034
454.6,1.3474938869476318
454.70000000000005,1.3409287929534912
454.8,1.3453383445739746
454.90000000000003,1.3426308631896973
455.0,1.3386430740356445
455.1,1.3499314785003662
455.20000000000005,1.3287652730941772
455.3,1.3424092531204224
455.40000000000003,1.3407994508743286
455.5,1.334072470664978
455.6,1.3304131031036377
455.70000000000005,1.3394333124160767
455.8,1.340159296989441
455.90000000000003,1.3433233499526978
456.0,1.3330985307693481
456.1,1.328829050064087
456.20000000000005,1.3429648876190186
456.3,1.3377734422683716
456.40000000000003,1.3374927043914795
456.50000000000006,1.3396023511886597
456.6,1.3404326438903809
456.70000000000005,1.3430228233337402
456.8,1.336881399154663
456.90000000000003,1.3325871229171753
457.00000000000006,1.3361142873764038
457.1,1.3385670185089111
457.20000000000005,1.3446179628372192
457.3,1.330735683441162
457.40000000000003,1.3394665718078613
457.50000000000006,1.339961290359497
457.6,1.3395512104034424
457.70000000000005,1.3289436101913452
457.8,1.340538501739502
457.90000000000003,1.3353087902069092
458.00000000000006,1.3272041082382202
458.1,1.3309320211410522
458.20000000000005,1.3281925916671753
458.3,1.322309136390686
458.40000000000003,1.332090139389038
458.50000000000006,1.3306561708450317
458.6,1.321503758430481
458.70000000000005,1.333604335784912
458.8,1.3279587030410767
458.90000000000003,1.3286681175231934
459.00000000000006,1.3390642404556274
459.1,1.3244553804397583
459.20000000000005,1.3314449787139893
459.3,1.3272764682769775
459.40000000000003,1.339095115661621
459.50000000000006,1.3117740154266357
459.6,1.3315348625183105
459.70000000000005,1.3377922773361206
459.8,1.325490117073059
459.90000000000003,1.3338500261306763
460.00000000000006,1.3280713558197021
460.1,1.3228665590286255
460.20000000000005,1.3422192335128784
460.3,1.3158161640167236
460.40000000000003,1.3246246576309204
460.50000000000006,1.333219051361084
460.6,1.3326208591461182
460.70000000000005,1.3221980333328247
460.8,1.3274846076965332
460.90000000000003,1.323684811592102
461.00000000000006,1.325873613357544
461.1,1.328845739364624
461.20000000000005,1.3099479675292969
461.3,1.3295904397964478
461.40000000000003,1.315476417541504
461.50000000000006,1.31633460521698
461.6,1.3333879709243774
461.70000000000005,1.3256525993347168
461.8,1.3199695348739624
461.90000000000003,1.3162431716918945
462.00000000000006,1.3210240602493286
462.1,1.3219889402389526
462.20000000000005,1.323401689529419
462.3,1.324923038482666
462.40000000000003,1.3110120296478271
462.50000000000006,1.3170864582061768
462.6,1.3199665546417236
462.70000000000005,1.3227218389511108
462.8,1.3234872817993164
462.90000000000003,1.324122667312622
463.00000000000006,1.3186085224151611
463.1,1.3223644495010376
463.20000000000005,1.316041350364685
463.3,1.3121787309646606
463.40000000000003,1.3213530778884888
463.50000000000006,1.334283709526062
463.6,1.3162834644317627
463.70000000000005,1.3171387910842896
463.8,1.3218637704849243
463.90000000000003,1.3095407485961914
464.00000000000006,1.3171659708023071
464.1,1.321327805519104
464.20000000000005,1.3068825006484985
464.3,1.3048088550567627
464.40000000000003,1.3120614290237427
464.50000000000006,1.3136717081069946
464.6,1.3243640661239624
464.70000000000005,1.3151204586029053
464.8,1.3125838041305542
464.90000000000003,1.3279110193252563
465.00000000000006,1.308650016784668
465.1,1.3175898790359497
465.20000000000005,1.3124172687530518
465.3,1.3261198997497559
465.40000000000003,1.3172353506088257
465.50000000000006,1.3169894218444824
465.6,1.3179559707641602
465.70000000000005,1.309165120124817
465.8,1.3124330043792725
465.90000000000003,1.3089652061462402
466.00000000000006,1.3215941190719604
466.1,1.3154501914978027
466.20000000000005,1.3165186643600464
466.3,1.3163975477218628
466.40000000000003,1.314101219177246
466.50000000000006,1.316174030303955
466.6,1.3127151727676392
466.70000000000005,1.299129605293274
466.8,1.3183053731918335
466.90000000000003,1.3082361221313477
467.00000000000006,1.2971256971359253
467.1,1.3109203577041626
467.20000000000005,1.3042457103729248
467.3,1.3081438541412354
467.40000000000003,1.300287127494812
467.50000000000006,1.313934564590454
467.6,1.3084383010864258
467.70000000000005,1.3033714294433594
467.8,1.3083138465881348
467.90000000000003,1.3054425716400146
468.00000000000006,1.3121473789215088
468.1,1.3119819164276123
468.20000000000005,1.2992793321609497
468.3,1.2981849908828735
468.40000000000003,1.3112900257110596
468.50000000000006,1.3088165521621704
468.6,1.3031593561172485
468.70000000000005,1.3035593032836914
468.8,1.3052750825881958
468.90000000000003,1.3070074319839478
469.00000000000006,1.3052161931991577
469.1,1.3096176385879517
469.20000000000005,1.2988853454589844
469.3,1.3099441528320312
469.40000000000003,1.2959303855895996
469.50000000000006,1.3076364994049072
469.6,1.3036892414093018
469.70000000000005,1.309381365776062
469.8,1.2975856065750122
469.90000000000003,1.3009114265441895
470.00000000000006,1.303308129310608
470.1,1.3078835010528564
470.20000000000005,1.3079949617385864
470.3,1.3089611530303955
470.40000000000003,1.2984668016433716
470.50000000000006,1.296830654144287
470.6,1.3005568981170654
470.70000000000005,1.2980743646621704
470.8,1.2939001321792603
470.90000000000003,1.3072783946990967
471.00000000000006,1.3023301362991333
471.1,1.2999367713928223
471.20000000000005,1.306249737739563
471.3,1.3086535930633545
471.40000000000003,1.3023897409439087
471.50000000000006,1.2975788116455078
471.6,1.2952547073364258
471.70000000000005,1.2932695150375366
471.8,1.3028095960617065
471.90000000000003,1.2974706888198853
472.00000000000006,1.2981057167053223
472.1,1.3080767393112183
472.20000000000005,1.2895801067352295
472.3,1.3062583208084106
472.40000000000003,1.2911642789840698
472.50000000000006,1.3016647100448608
472.6,1.2915836572647095
472.70000000000005,1.2855353355407715
472.8,1.282735824584961
472.90000000000003,1.302811861038208
473.00000000000006,1.2895653247833252
473.1,1.2902003526687622
473.20000000000005,1.3013465404510498
473.3,1.285054087638855
473.40000000000003,1.3003300428390503
473.50000000000006,1.2979899644851685
473.6,1.3012675046920776
473.70000000000005,1.3002439737319946
473.8,1.2874096632003784
473.90000000000003,1.2828017473220825
474.00000000000006,1.2917571067810059
474.1,1.2816208600997925
474.20000000000005,1.2884540557861328
474.3,1.2973641157150269
474.40000000000003,1.2919875383377075
474.50000000000006,1.2914754152297974
474.6,1.2888449430465698
474.70000000000005,1.2865502834320068
474.8,1.2829006910324097
474.90000000000003,1.294727087020874
475.00000000000006,1.2987703084945679
475.1,1.2965031862258911
475.20000000000005,1.2773067951202393
475.3,1.2773711681365967
475.40000000000003,1.2916380167007446
475.50000000000006,1.2973337173461914
475.6,1.280595302581787
475.70000000000005,1.293845295906067
475.8,1.2936351299285889
475.90000000000003,1.289375901222229
476.00000000000006,1.2871841192245483
476.1,1.2809971570968628
476.20000000000005,1.2811022996902466
476.3,1.2878109216690063
476.40000000000003,1.286560297012329
476.50000000000006,1.2763633728027344
476.6,1.2805107831954956
476.70000000000005,1.2902599573135376
476.8,1.2948979139328003
476.90000000000003,1.2862204313278198
477.00000000000006,1.2962700128555298
477.1,1.276085376739502
477.20000000000005,1.2837995290756226
477.3,1.2860496044158936
477.40000000000003,1.2883877754211426
477.50000000000006,1.2886091470718384
477.6,1.275084376335144
477.70000000000005,1.2751758098602295
477.8,1.2820830345153809
477.90000000000003,1.2727177143096924
478.00000000000006,1.283510446548462
478.1,1.2855873107910156
478.20000000000005,1.2810851335525513
478.3,1.2697199583053589
478.40000000000003,1.270285725593567
478.50000000000006,1.2756518125534058
478.6,1.2788790464401245
478.70000000000005,1.2944597005844116
478.8,1.2882494926452637
478.90000000000003,1.2742698192596436
479.00000000000006,1.2799880504608154
479.1,1.2815977334976196
479.20000000000005,1.282826542854309
479.3,1.2800873517990112
479.40000000000003,1.2712770700454712
479.50000000000006,1.2731600999832153
479.6,1.2745424509048462
479.70000000000005,1.2800405025482178
479.8,1.2621902227401733
479.90000000000003,1.2669237852096558
480.00000000000006,1.2794973850250244
480.1,1.281670331954956
480.20000000000005,1.2774258852005005
480.3,1.273293137550354
480.40000000000003,1.2839828729629517
480.50000000000006,1.2670756578445435
480.6,1.277729868888855
480.70000000000005,1.289278268814087
480.8,1.2773172855377197
480.90000000000003,1.2704005241394043
481.00000000000006,1.2711881399154663
481.1,1.2692872285842896
481.20000000000005,1.270799994468689
481.3,1.27049720287323
481.40000000000003,1.2668207883834839
481.50000000000006,1.266204833984375
481.6,1.285347580909729
481.70000000000005,1.2681982517242432
481.8,1.2806223630905151
481.90000000000003,1.2724803686141968
482.00000000000006,1.2750622034072876
482.1,1.2595102787017822
482.20000000000005,1.2673563957214355
482.3,1.2817414999008179
482.40000000000003,1.2726091146469116
482.50000000000006,1.2593848705291748
482.6,1.270967721939087
482.70000000000005,1.2652844190597534
482.8,1.2697803974151611
482.90000000000003,1.2620841264724731
483.00000000000006,1.2699977159500122
483.1,1.2666093111038208
483.20000000000005,1.2655118703842163
483.3,1.2715078592300415
483.40000000000003,1.273797869682312
483.50000000000006,1.2721027135849
483.6,1.2655985355377197
483.70000000000005,1.2609202861785889
483.8,1.2657954692840576
483.90000000000003,1.269499659538269
484.00000000000006,1.2715476751327515
484.1,1.2549899816513062
484.20000000000005,1.265499472618103
484.3,1.2705504894256592
484.40000000000003,1.2643831968307495
484.50000000000006,1.2604281902313232
484.6,1.2579532861709595
484.70000000000005,1.27241051197052
484.8,1.268999695777893
484.90000000000003,1.25883150100708
485.00000000000006,1.2617781162261963
485.1,1.2623926401138306
485.20000000000005,1.266739845275879
485.3,1.2585697174072266
485.40000000000003,1.2625521421432495
485.50000000000006,1.2644248008728027
485.6,1.2687585353851318
485.70000000000005,1.263118863105774
485.8,1.2550431489944458
485.90000000000003,1.258649230003357
486.00000000000006,1.2513436079025269
486.1,1.2554017305374146
486.20000000000005,1.26383376121521
486.3,1.2582809925079346
486.40000000000003,1.261418104171753
486.50000000000006,1.2589815855026245
486.6,1.254951000213623
486.70000000000005,1.2511712312698364
486.8,1.262396216392517
486.90000000000003,1.2575063705444336
487.00000000000006,1.2673306465148926
487.1,1.239164113998413
487.20000000000005,1.2599555253982544
487.3,1.2547705173492432
487.40000000000003,1.247572422027588
487.50000000000006,1.2547204494476318
487.6,1.2579580545425415
487.70000000000005,1.261345386505127
487.8,1.2526227235794067
487.90000000000003,1.2606679201126099
488.00000000000006,1.26152765750885
488.1,1.251511812210083
488.20000000000005,1.2446613311767578
488.3,1.2484163045883179
488.40000000000003,1.252364158630371
488.50000000000006,1.2519091367721558
488.6,1.2572762966156006
488.70000000000005,1.2600618600845337
488.8,1.2463473081588745
488.90000000000003,1.2432888746261597
489.00000000000006,1.260197639465332
489.1,1.2522814273834229
489.20000000000005,1.254720687866211
489.3,1.2543506622314453
489.40000000000003,1.2472014427185059
489.50000000000006,1.2453444004058838
489.6,1.245461106300354
489.70000000000005,1.252995252609253
489.8,1.2364678382873535
489.90000000000003,1.2499334812164307
490.00000000000006,1.2457911968231201
490.1,1.2498466968536377
490.20000000000005,1.2422270774841309
490.3,1.248656153678894
490.40000000000003,1.245245099067688
490.50000000000006,1.2462139129638672
490.6,1.2427078485488892
490.70000000000005,1.2545042037963867
490.8,1.2380023002624512
490.90000000000003,1.2425918579101562
491.00000000000006,1.247442603111267
491.1,1.2410227060317993
491.20000000000005,1.2530256509780884
491.3,1.241297721862793
491.40000000000003,1.245614767074585
491.50000000000006,1.2320481538772583
491.6,1.2428685426712036
491.70000000000005,1.2414324283599854
491.8,1.2462589740753174
491.90000000000003,1.243559718132019
492.00000000000006,1.244112491607666
492.1,1.247465968132019
492.20000000000005,1.2362594604492188
492.3,1.2383153438568115
492.40000000000003,1.2317264080047607
492.50000000000006,1.2363160848617554
492.6,1.2500052452087402
492.70000000000005,1.2472071647644043
492.8,1.2431989908218384
492.90000000000003,1.2467378377914429
493.00000000000006,1.2436720132827759
493.1,1.2445995807647705
493.20000000000005,1.238479733467102
493.3,1.2474335432052612
493.40000000000003,1.2265961170196533
493.50000000000006,1.2467122077941895
493.6,1.239113688468933
493.70000000000005,1.2345818281173706
493.8,1.233323097229004
493.90000000000003,1.2441357374191284
494.00000000000006,1.235417366027832
494.1,1.2455207109451294
494.20000000000005,1.243526577949524
494.3,1.2410838603973389
494.40000000000003,1.2397719621658325
494.50000000000006,1.2395890951156616
494.6,1.2527822256088257
494.70000000000005,1.2365262508392334
494.8,1.2355417013168335
494.90000000000003,1.2266817092895508
495.00000000000006,1.2429730892181396
495.1,1.2324599027633667
495.20000000000005,1.2285563945770264
495.3,1.2353869676589966
495.40000000000003,1.2393604516983032
495.50000000000006,1.236737608909607
495.6,1.2393786907196045
495.70000000000005,1.2331396341323853
495.8,1.2272298336029053
495.90000000000003,1.222891926765442
496.00000000000006,1.231541633605957
496.1,1.2369476556777954
496.20000000000005,1.23187255859375
496.3,1.2268743515014648
496.40000000000003,1.241406798362732
496.50000000000006,1.2377893924713135
496.6,1.2281371355056763
496.70000000000005,1.230729579925537
496.8,1.2286242246627808
496.90000000000003,1.2218753099441528
497.00000000000006,1.2304680347442627
497.1,1.2246367931365967
497.20000000000005,1.2267260551452637
497.3,1.227155089378357
497.40000000000003,1.2277787923812866
497.50000000000006,1.2393649816513062
497.6,1.2271476984024048
497.70000000000005,1.217781901359558
497.8,1.230668067932129
497.90000000000003,1.2240716218948364
498.00000000000006,1.2293752431869507
498.1,1.2271010875701904
498.20000000000005,1.2138714790344238
498.3,1.207378625869751
498.40000000000003,1.228327751159668
498.50000000000006,1.236789584159851
498.6,1.226801872253418
498.70000000000005,1.2383732795715332
498.8,1.2196422815322876
498.90000000000003,1.2199093103408813
499.00000000000006,1.2290828227996826
499.1,1.21686589717865
499.20000000000005,1.227123498916626
499.3,1.2217656373977661
499.40000000000003,1.215400218963623
499.50000000000006,1.230224370956421
499.6,1.2278462648391724
499.70000000000005,1.225636601448059
499.8,1.2241154909133911
499.90000000000003,1.2207980155944824
500.00000000000006,1.2195017337799072
500.1,1.2129802703857422
500.20000000000005,1.223456859588623
500.3,1.229465126991272
500.40000000000003,1.222081184387207
500.50000000000006,1.2145007848739624
500.6,1.2153841257095337
500.70000000000005,1.2296150922775269
500.8,1.2187634706497192
500.90000000000003,1.228898286819458
501.00000000000006,1.216064691543579
501.1,1.2182191610336304
501.20000000000005,1.212563395500183
501.3,1.215706467628479
501.40000000000003,1.2204837799072266
501.50000000000006,1.2197998762130737
501.6,1.2187505960464478
501.70000000000005,1.2137987613677979
501.8,1.218920350074768
501.90000000000003,1.2161740064620972
502.00000000000006,1.2186992168426514
502.1,1.2295825481414795
502.20000000000005,1.219211220741272
502.3,1.2119812965393066
502.40000000000003,1.203433632850647
502.50000000000006,1.203600287437439
502.6,1.2167038917541504
502.70000000000005,1.2243422269821167
502.8,1.2088475227355957
502.90000000000003,1.2052178382873535
503.00000000000006,1.2160463333129883
503.1,1.213744878768921
503.20000000000005,1.2038809061050415
503.3,1.2124156951904297
503.40000000000003,1.2247366905212402
503.50000000000006,1.205664873123169
503.6,1.2095599174499512
503.70000000000005,1.2103980779647827
503.8,1.2081375122070312
503.90000000000003,1.1963448524475098
504.00000000000006,1.2096174955368042
504.1,1.2143340110778809
504.20000000000005,1.2001999616622925
504.3,1.2035397291183472
504.40000000000003,1.2037105560302734
504.50000000000006,1.2138358354568481
504.6,1.2101298570632935
504.70000000000005,1.20991849899292
504.8,1.2075653076171875
504.90000000000003,1.2015104293823242
505.00000000000006,1.2157588005065918
505.1,1.2062788009643555
505.20000000000005,1.2064601182937622
505.3,1.2077327966690063
505.40000000000003,1.206261157989502
505.50000000000006,1.209048867225647
505.6,1.2016615867614746
505.70000000000005,1.2052677869796753
505.8,1.2051804065704346
505.90000000000003,1.2075250148773193
506.00000000000006,1.1947375535964966
506.1,1.2103586196899414
506.20000000000005,1.2050894498825073
506.3,1.1974153518676758
506.40000000000003,1.2028875350952148
506.50000000000006,1.2095937728881836
506.6,1.1913683414459229
506.70000000000005,1.2041360139846802
506.8,1.2114737033843994
506.90000000000003,1.2073121070861816
507.00000000000006,1.206329345703125
507.1,1.2019445896148682
507.20000000000005,1.2048430442810059
507.3,1.1781128644943237
507.40000000000003,1.1994398832321167
507.50000000000006,1.1993016004562378
507.6,1.205094337463379
507.70000000000005,1.2028007507324219
507.8,1.1922155618667603
507.90000000000003,1.2013282775878906
508.00000000000006,1.2005046606063843
508.1,1.1908684968948364
508.20000000000005,1.2040154933929443
508.3,1.1999480724334717
508.40000000000003,1.1994743347167969
508.50000000000006,1.1992433071136475
508.6,1.1923234462738037
508.70000000000005,1.2006559371948242
508.8,1.1942273378372192
508.90000000000003,1.2043778896331787
509.00000000000006,1.199979305267334
509.1,1.1871882677078247
509.20000000000005,1.2022573947906494
509.3,1.1967912912368774
509.40000000000003,1.2047581672668457
509.50000000000006,1.191650629043579
509.6,1.186365008354187
509.70000000000005,1.1959223747253418
509.8,1.1938574314117432
509.90000000000003,1.1995075941085815
510.00000000000006,1.1982775926589966
510.1,1.184682011604309
510.20000000000005,1.2010443210601807
510.3,1.1919456720352173
510.40000000000003,1.2016855478286743
510.50000000000006,1.1849682331085205
510.6,1.1929792165756226
510.70000000000005,1.1903190612792969
510.8,1.1833479404449463
510.90000000000003,1.1885521411895752
511.00000000000006,1.19113028049469
511.1,1.1910014152526855
511.20000000000005,1.1970034837722778
511.3,1.2029104232788086
511.40000000000003,1.181348204612732
511.50000000000006,1.1862049102783203
511.6,1.1882822513580322
511.70000000000005,1.1777948141098022
511.8,1.1902192831039429
511.90000000000003,1.1932430267333984
512.0,1.1897263526916504
512.1,1.1873300075531006
512.2,1.1874535083770752
512.3000000000001,1.1884580850601196
512.4,1.1894152164459229
512.5,1.1897399425506592
512.6,1.192063808441162
512.7,1.185106635093689
512.8000000000001,1.190749168395996
512.9,1.1910018920898438
513.0,1.1797677278518677
513.1,1.1773401498794556
513.2,1.184470295906067
513.3000000000001,1.1928290128707886
513.4,1.1904489994049072
513.5,1.1815327405929565
513.6,1.1756285429000854
513.7,1.1872221231460571
513.8000000000001,1.1693235635757446
513.9,1.1747773885726929
514.0,1.1837670803070068
514.1,1.186257243156433
514.2,1.174309492111206
514.3000000000001,1.1846343278884888
514.4,1.1701050996780396
514.5,1.1920279264450073
514.6,1.184016227722168
514.7,1.1889530420303345
514.8000000000001,1.1795071363449097
514.9,1.177470326423645
515.0,1.1878353357315063
515.1,1.1678208112716675
515.2,1.1889749765396118
515.3000000000001,1.1912636756896973
515.4,1.179985761642456
515.5,1.1838411092758179
515.6,1.169697642326355
515.7,1.173325777053833
515.8000000000001,1.1851279735565186
515.9,1.1718196868896484
516.0,1.1777575016021729
516.1,1.1822446584701538
516.2,1.1749598979949951
516.3000000000001,1.1856530904769897
516.4,1.1772723197937012
516.5,1.179324984550476
516.6,1.1817561388015747
516.7,1.1851640939712524
516.8000000000001,1.1764625310897827
516.9,1.1791309118270874
517.0,1.1772211790084839
517.1,1.1854623556137085
517.2,1.1689187288284302
517.3000000000001,1.1765273809432983
517.4,1.1738178730010986
517.5,1.1740707159042358
517.6,1.174496054649353
517.7,1.1658505201339722
517.8000000000001,1.164502501487732
517.9,1.1691861152648926
518.0,1.1685335636138916
518.1,1.1657805442810059
518.2,1.1769709587097168
518.3000000000001,1.1636465787887573
518.4,1.1629877090454102
518.5,1.1682887077331543
518.6,1.167944312095642
518.7,1.1735512018203735
518.8000000000001,1.1739879846572876
518.9,1.1761808395385742
519.0,1.1707566976547241
519.1,1.1648006439208984
519.2,1.1637747287750244
519.3000000000001,1.165297508239746
519.4,1.1653467416763306
519.5,1.1679826974868774
519.6,1.164062261581421
519.7,1.1644625663757324
519.8000000000001,1.1585869789123535
519.9,1.1648471355438232
520.0,1.1610935926437378
520.1,1.1719741821289062
520.2,1.1730678081512451
520.3000000000001,1.1752620935440063
520.4,1.1553387641906738
520.5,1.1563308238983154
520.6,1.1650439500808716
520.7,1.1642807722091675
520.8000000000001,1.1687091588974
520.9,1.1640615463256836
521.0,1.168466567993164
521.1,1.1673829555511475
521.2,1.1676924228668213
521.3000000000001,1.1716959476470947
521.4,1.1690868139266968
521.5,1.1684638261795044
521.6,1.1632059812545776
521.7,1.161986231803894
521.8000000000001,1.165368676185608
521.9,1.1601195335388184
522.0,1.1547541618347168
522.1,1.167424201965332
522.2,1.1534548997879028
522.3000000000001,1.164038062095642
522.4,1.1709719896316528
522.5,1.1575124263763428
522.6,1.1593819856643677
522.7,1.1705822944641113
522.8000000000001,1.157528042793274
522.9,1.1591376066207886
523.0,1.1688530445098877
523.1,1.159088134765625
523.2,1.1563469171524048
523.3000000000001,1.1524765491485596
523.4,1.1579607725143433
523.5,1.1603314876556396
523.6,1.1578274965286255
523.7,1.1586400270462036
523.8000000000001,1.1518279314041138
523.9,1.1499077081680298
524.0,1.1611272096633911
524.1,1.1509965658187866
524.2,1.1567076444625854
524.3000000000001,1.157594084739685
524.4,1.1484471559524536
524.5,1.1582571268081665
524.6,1.1443076133728027
524.7,1.1471142768859863
524.8000000000001,1.1647454500198364
524.9,1.157225489616394
525.0,1.1612013578414917
525.1,1.1488350629806519
525.2,1.1596307754516602
525.3000000000001,1.1434842348098755
525.4,1.1544303894042969
525.5,1.1577019691467285
525.6,1.1448408365249634
525.7,1.1519181728363037
525.8000000000001,1.15538489818573
525.9,1.148152232170105
526.0,1.1485307216644287
526.1,1.1540263891220093
526.2,1.1496171951293945
526.3000000000001,1.1438509225845337
526.4,1.142822027206421
526.5,1.1509850025177002
526.6,1.1538411378860474
526.7,1.1532188653945923
526.8000000000001,1.1410108804702759
526.9,1.140379548072815
527.0,1.1502974033355713
527.1,1.1467349529266357
527.2,1.1561332941055298
527.3000000000001,1.1512166261672974
527.4,1.1498128175735474
527.5,1.148983120918274
527.6,1.1399279832839966
527.7,1.1497055292129517
527.8000000000001,1.1545034646987915
527.9,1.14165198802948
528.0,1.151920199394226
528.1,1.1528825759887695
528.2,1.157104253768921
528.3000000000001,1.1412235498428345
528.4,1.1443628072738647
528.5,1.1387931108474731
528.6,1.1266210079193115
528.7,1.1420564651489258
528.8000000000001,1.1379154920578003
528.9,1.1208794116973877
529.0,1.1425658464431763
529.1,1.1299247741699219
529.2,1.1443240642547607
529.3000000000001,1.1350488662719727
529.4,1.1527538299560547
529.5,1.1396645307540894
529.6,1.1396305561065674
529.7,1.1311718225479126
529.8000000000001,1.1485340595245361
529.9,1.1387548446655273
530.0,1.1415477991104126
530.1,1.142991304397583
530.2,1.1362923383712769
530.3000000000001,1.1435784101486206
530.4,1.1266109943389893
530.5,1.136925458908081
530.6,1.140202522277832
530.7,1.1343110799789429
530.8000000000001,1.144485354423523
530.9,1.1251720190048218
531.0,1.139504075050354
531.1,1.134455680847168
531.2,1.1362099647521973
531.3000000000001,1.144048810005188
531.4,1.1407431364059448
531.5,1.139327049255371
531.6,1.1289005279541016
531.7,1.1415951251983643
531.8000000000001,1.1287267208099365
531.9,1.1404839754104614
532.0,1.1416784524917603
532.1,1.1181708574295044
532.2,1.140421748161316
532.3000000000001,1.138990044593811
532.4,1.130202054977417
532.5,1.1310440301895142
532.6,1.1443902254104614
532.7,1.1242913007736206
532.8000000000001,1.1104084253311157
532.9,1.1334240436553955
533.0,1.143685221672058
533.1,1.1314023733139038
533.2,1.1292870044708252
533.3000000000001,1.139971137046814
533.4,1.141790509223938
533.5,1.1314090490341187
533.6,1.1224207878112793
533.7,1.1331592798233032
533.8000000000001,1.1315120458602905
533.9,1.1381909847259521
534.0,1.1400102376937866
534.1,1.1272408962249756
534.2,1.120099425315857
534.3000000000001,1.1204137802124023
534.4,1.1282775402069092
534.5,1.1193448305130005
534.6,1.129209041595459
534.7,1.1284371614456177
534.8000000000001,1.124101161956787
534.9,1.1230449676513672
535.0,1.1262719631195068
535.1,1.11575448513031
535.2,1.1283133029937744
535.3000000000001,1.131771206855774
535.4,1.1192526817321777
535.5,1.134347915649414
535.6,1.1332260370254517
535.7,1.125315546989441
535.8000000000001,1.1228035688400269
535.9,1.1250123977661133
536.0,1.1229780912399292
536.1,1.1226162910461426
536.2,1.127769947052002
536.3000000000001,1.1170300245285034
536.4,1.126455307006836
536.5,1.1250998973846436
536.6,1.1229345798492432
536.7,1.1261074542999268
536.8000000000001,1.1213616132736206
536.9,1.1196895837783813
537.0,1.118024468421936
537.1,1.112619400024414
537.2,1.124137282371521
537.3000000000001,1.1263377666473389
537.4,1.1110637187957764
537.5,1.1177259683609009
537.6,1.125075340270996
537.7,1.1222163438796997
537.8000000000001,1.1163594722747803
537.9,1.1254802942276
538.0,1.1201107501983643
538.1,1.1196717023849487
538.2,1.1194968223571777
538.3000000000001,1.1143028736114502
538.4,1.1152745485305786
538.5,1.1174571514129639
538.6,1.1206861734390259
538.7,1.1279776096343994
538.8000000000001,1.106157660484314
538.9,1.100206971168518
539.0,1.1140949726104736
539.1,1.1177314519882202
539.2,1.116183876991272
539.3000000000001,1.1235839128494263
539.4,1.1267473697662354
539.5,1.1171841621398926
539.6,1.1122181415557861
539.7,1.122395396232605
539.8000000000001,1.1089555025100708
539.9,1.1090232133865356
540.0,1.1173970699310303
540.1,1.1160593032836914
540.2,1.1098263263702393
540.3000000000001,1.1198474168777466
540.4,1.1235036849975586
540.5,1.1052957773208618
540.6,1.1048462390899658
540.7,1.10641610622406
540.8000000000001,1.110085129737854
540.9,1.1082881689071655
541.0,1.1090420484542847
541.1,1.1108434200286865
541.2,1.11057448387146
541.3000000000001,1.1104952096939087
541.4,1.1180912256240845
541.5,1.1071805953979492
541.6,1.1050397157669067
541.7,1.1068954467773438
541.8000000000001,1.1120532751083374
541.9,1.1074748039245605
542.0,1.1024184226989746
542.1,1.1087408065795898
542.2,1.1049861907958984
542.3000000000001,1.101040005683899
542.4,1.1071178913116455
542.5,1.1134613752365112
542.6,1.1065844297409058
542.7,1.1073604822158813
542.8000000000001,1.107832431793213
542.9,1.1054052114486694
543.0,1.098495364189148
543.1,1.1067646741867065
543.2,1.1054694652557373
543.3000000000001,1.105226755142212
543.4,1.0978107452392578
543.5,1.1067816019058228
543.6,1.116668462753296
543.7,1.0999184846878052
543.8000000000001,1.1005029678344727
543.9,1.1034702062606812
544.0,1.1005468368530273
544.1,1.1111665964126587
544.2,1.1076171398162842
544.3000000000001,1.0974622964859009
544.4,1.1012589931488037
544.5,1.1013518571853638
544.6,1.098613977432251
544.7,1.1102774143218994
544.8000000000001,1.1029763221740723
544.9,1.1068700551986694
545.0,1.1013946533203125
545.1,1.1031062602996826
545.2,1.097053050994873
545.3000000000001,1.0989811420440674
545.4,1.1028566360473633
545.5,1.0949194431304932
545.6,1.0984710454940796
545.7,1.1028245687484741
545.8000000000001,1.0986193418502808
545.9,1.0981169939041138
546.0,1.09658944606781
546.1,1.098059058189392
546.2,1.0945278406143188
546.3000000000001,1.0956183671951294
546.4,1.1134822368621826
546.5,1.0885512828826904
546.6,1.1033731698989868
546.7,1.0865097045898438
546.8000000000001,1.0871449708938599
546.9,1.0930224657058716
547.0,1.101943850517273
547.1,1.0943201780319214
547.2,1.09135901927948
547.3000000000001,1.0809521675109863
547.4,1.096575140953064
547.5,1.0954827070236206
547.6,1.0898751020431519
547.7,1.0835219621658325
547.8000000000001,1.0867375135421753
547.9000000000001,1.096789836883545
548.0,1.0935890674591064
548.1,1.0982106924057007
548.2,1.0893837213516235
548.3000000000001,1.0963152647018433
548.4000000000001,1.0840157270431519
548.5,1.0943717956542969
548.6,1.0843391418457031
548.7,1.0888689756393433
548.8000000000001,1.095462441444397
548.9000000000001,1.0944541692733765
549.0,1.0992127656936646
549.1,1.0788692235946655
549.2,1.088157057762146
549.3000000000001,1.0839225053787231
549.4000000000001,1.0973728895187378
549.5,1.0977106094360352
549.6,1.0910017490386963
549.7,1.0885250568389893
549.8000000000001,1.0896029472351074
549.9000000000001,1.0866118669509888
550.0,1.0877519845962524
550.1,1.0840798616409302
550.2,1.0855103731155396
550.3000000000001,1.0884344577789307
550.4000000000001,1.0891735553741455
550.5,1.0811655521392822
550.6,1.0912116765975952
550.7,1.0788791179656982
550.8000000000001,1.0794914960861206
550.9000000000001,1.086899995803833
551.0,1.0838967561721802
551.1,1.0769709348678589
551.2,1.0965461730957031
551.3000000000001,1.086925983428955
551.4000000000001,1.0791046619415283
551.5,1.0801005363464355
551.6,1.074549674987793
551.7,1.0822025537490845
551.8000000000001,1.0754777193069458
551.9000000000001,1.0865132808685303
552.0,1.0786895751953125
552.1,1.087564468383789
552.2,1.0734977722167969
552.3000000000001,1.0936812162399292
552.4000000000001,1.0714696645736694
552.5,1.0832583904266357
552.6,1.0777345895767212
552.7,1.082482099533081
552.8000000000001,1.0817183256149292
552.9000000000001,1.0893595218658447
553.0,1.0728052854537964
553.1,1.0726937055587769
553.2,1.0744365453720093
553.3000000000001,1.0699248313903809
553.4000000000001,1.0638129711151123
553.5,1.0838290452957153
553.6,1.0746402740478516
553.7,1.0743598937988281
553.8000000000001,1.0766257047653198
553.9000000000001,1.0784658193588257
554.0,1.0749473571777344
554.1,1.0596842765808105
554.2,1.078911542892456
554.3000000000001,1.0688766241073608
554.4000000000001,1.070878505706787
554.5,1.0708460807800293
554.6,1.0841584205627441
554.7,1.0817381143569946
554.8000000000001,1.0769519805908203
554.9000000000001,1.0722343921661377
555.0,1.0728061199188232
555.1,1.08066725730896
555.2,1.075337529182434
555.3000000000001,1.081717610359192
555.4000000000001,1.07683265209198
555.5,1.0761510133743286
555.6,1.0821360349655151
555.7,1.0710099935531616
555.8000000000001,1.0741182565689087
555.9000000000001,1.0746562480926514
556.0,1.0744649171829224
556.1,1.0659735202789307
556.2,1.072568416595459
556.3000000000001,1.0731247663497925
556.4000000000001,1.0724390745162964
556.5,1.0581036806106567
556.6,1.06812584400177
556.7,1.063524842262268
556.8000000000001,1.0620744228363037
556.9000000000001,1.0706185102462769
557.0,1.0634487867355347
557.1,1.0720778703689575
557.2,1.0509434938430786
557.3000000000001,1.060776948928833
557.4000000000001,1.0663570165634155
557.5,1.0639026165008545
557.6,1.061370611190796
557.7,1.0643291473388672
557.8000000000001,1.0678720474243164
557.9000000000001,1.0662076473236084
558.0,1.0726613998413086
558.1,1.0684250593185425
558.2,1.0556033849716187
558.3000000000001,1.0597635507583618
558.4000000000001,1.0658116340637207
558.5,1.069612979888916
558.6,1.0563970804214478
558.7,1.0710856914520264
558.8000000000001,1.052733302116394
558.9000000000001,1.0776935815811157
559.0,1.0523916482925415
559.1,1.061977505683899
559.2,1.0580649375915527
559.3000000000001,1.0487630367279053
559.4000000000001,1.0638699531555176
559.5,1.0491352081298828
559.6,1.048965573310852
559.7,1.0594372749328613
559.8000000000001,1.0557212829589844
559.9000000000001,1.0639406442642212
560.0,1.048397421836853
560.1,1.0575441122055054
560.2,1.0620715618133545
560.3000000000001,1.0561771392822266
560.4000000000001,1.0590146780014038
560.5,1.0599324703216553
560.6,1.057608723640442
560.7,1.055873155593872
560.8000000000001,1.045186996459961
560.9000000000001,1.0598652362823486
561.0,1.056300163269043
561.1,1.0553392171859741
561.2,1.0516880750656128
561.3000000000001,1.0635086297988892
561.4000000000001,1.0574777126312256
561.5,1.0570803880691528
561.6,1.0484349727630615
561.7,1.0576061010360718
561.8000000000001,1.0539222955703735
561.9000000000001,1.0476068258285522
562.0,1.0522525310516357
562.1,1.0520797967910767
562.2,1.0395017862319946
562.3000000000001,1.0492154359817505
562.4000000000001,1.053000569343567
562.5,1.0558198690414429
562.6,1.0596979856491089
562.7,1.0437406301498413
562.8000000000001,1.0525671243667603
562.9000000000001,1.0459446907043457
563.0,1.054937481880188
563.1,1.0609341859817505
563.2,1.0424175262451172
563.3000000000001,1.044938325881958
563.4000000000001,1.052586317062378
563.5,1.045593500137329
563.6,1.0421249866485596
563.7,1.0465052127838135
563.8000000000001,1.0500779151916504
563.9000000000001,1.0407778024673462
564.0,1.0401889085769653
564.1,1.052409291267395
564.2,1.0550026893615723
564.3000000000001,1.0523474216461182
564.4000000000001,1.0433988571166992
564.5,1.049545407295227
564.6,1.0406421422958374
564.7,1.0447404384613037
564.8000000000001,1.039943814277649
564.9000000000001,1.040130615234375
565.0,1.0346771478652954
565.1,1.0501950979232788
565.2,1.048746109008789
565.3000000000001,1.0398091077804565
565.4000000000001,1.0460453033447266
565.5,1.0319774150848389
565.6,1.0478978157043457
565.7,1.0543646812438965
565.8000000000001,1.0428518056869507
565.9000000000001,1.0452244281768799
566.0,1.0462327003479004
566.1,1.0467183589935303
566.2,1.0516455173492432
566.3000000000001,1.0361950397491455
566.4000000000001,1.0439825057983398
566.5,1.0370712280273438
566.6,1.032729983329773
566.7,1.0338290929794312
566.8000000000001,1.0440267324447632
566.9000000000001,1.0394681692123413
567.0,1.0495221614837646
567.1,1.0321747064590454
567.2,1.0376896858215332
567.3000000000001,1.045259714126587
567.4000000000001,1.02947998046875
567.5,1.0442129373550415
567.6,1.0215617418289185
567.7,1.0271116495132446
567.8000000000001,1.0326581001281738
567.9000000000001,1.0356839895248413
568.0,1.0271284580230713
568.1,1.033183217048645
568.2,1.039988398551941
568.3000000000001,1.040112018585205
568.4000000000001,1.0312055349349976
568.5,1.0438199043273926
568.6,1.0396140813827515
568.7,1.0430971384048462
568.8000000000001,1.033388614654541
568.9000000000001,1.0282622575759888
569.0,1.0396130084991455
569.1,1.0348511934280396
569.2,1.0431114435195923
569.3000000000001,1.0425868034362793
569.4000000000001,1.0355815887451172
569.5,1.0228981971740723
569.6,1.0287845134735107
569.7,1.0382707118988037
569.8000000000001,1.031999111175537
569.9000000000001,1.032591462135315
570.0,1.0397528409957886
570.1,1.030868649482727
570.2,1.027455449104309
570.3000000000001,1.0334012508392334
570.4000000000001,1.0273264646530151
570.5,1.0210859775543213
570.6,1.0280624628067017
570.7,1.0283586978912354
570.8000000000001,1.0312923192977905
570.9000000000001,1.0361583232879639
571.0,1.0269372463226318
571.1,1.0293089151382446
571.2,1.029475212097168
571.3000000000001,1.0310869216918945
571.4000000000001,1.0308064222335815
571.5,1.030849814414978
571.6,1.0232564210891724
571.7,1.0250331163406372
571.8000000000001,1.0295675992965698
571.9000000000001,1.02101731300354
572.0,1.0332924127578735
572.1,1.0259701013565063
572.2,1.0254065990447998
572.3000000000001,1.0285605192184448
572.4000000000001,1.0293693542480469
572.5,1.0336992740631104
572.6,1.0276238918304443
572.7,1.009413480758667
572.8000000000001,1.0276693105697632
572.9000000000001,1.0358699560165405
573.0,1.02519690990448
573.1,1.021756887435913
573.2,1.0265244245529175
573.3000000000001,1.0268231630325317
573.4000000000001,1.0162612199783325
573.5,1.0249199867248535
573.6,1.01784348487854
573.7,1.0262733697891235
573.8000000000001,1.021431803703308
573.9000000000001,1.0158889293670654
574.0,1.033433198928833
574.1,1.0167466402053833
574.2,1.0273222923278809
574.3000000000001,1.0197277069091797
574.4000000000001,1.0164828300476074
574.5,1.0277942419052124
574.6,1.018364667892456
574.7,1.014808177947998
574.8000000000001,1.0146853923797607
574.9000000000001,1.0185140371322632
575.0,1.0188593864440918
575.1,1.0235615968704224
575.2,1.0116207599639893
575.3000000000001,1.0104740858078003
575.4000000000001,1.021823763847351
575.5,1.0202629566192627
575.6,1.0204874277114868
575.7,1.017372727394104
575.8000000000001,1.0141162872314453
575.9000000000001,1.0141586065292358
576.0,1.0092265605926514
576.1,1.0160481929779053
576.2,1.012313961982727
576.3000000000001,1.0206857919692993
576.4000000000001,1.0091173648834229
576.5,1.0041446685791016
576.6,1.0193341970443726
576.7,1.0061265230178833
576.8000000000001,1.0136739015579224
576.9000000000001,1.0179039239883423
577.0,1.0149034261703491
577.1,1.006293535232544
577.2,1.0020650625228882
577.3000000000001,1.0176873207092285
577.4000000000001,1.0049622058868408
577.5,1.0045377016067505
577.6,1.0042800903320312
577.7,1.0082849264144897
577.8000000000001,1.0035831928253174
577.9000000000001,0.9967899322509766
578.0,1.0043811798095703
578.1,1.0139633417129517
578.2,1.0106900930404663
578.3000000000001,1.0186470746994019
578.4000000000001,0.9985219240188599
578.5,1.013378620147705
578.6,1.0005285739898682
578.7,1.0043988227844238
578.8000000000001,1.0083286762237549
578.9000000000001,1.00682532787323
579.0,1.0044233798980713
579.1,1.0145875215530396
579.2,1.0037516355514526
579.3000000000001,1.0151112079620361
579.4000000000001,1.0028786659240723
579.5,1.0077335834503174
579.6,0.991434633731842
579.7,1.0098414421081543
579.8000000000001,1.0087333917617798
579.9000000000001,0.9996946454048157
580.0,1.0035169124603271
580.1,0.9983999729156494
580.2,0.99812251329422
580.3000000000001,1.0020487308502197
580.4000000000001,1.0079985857009888
580.5,1.0076264142990112
580.6,1.0002310276031494
580.7,0.9986766576766968
580.8000000000001,1.006801724433899
580.9000000000001,0.9956105351448059
581.0,0.9894429445266724
581.1,1.0043394565582275
581.2,1.0007224082946777
581.3000000000001,1.0028624534606934
581.4000000000001,1.0117124319076538
581.5,0.9965943694114685
581.6,1.0054750442504883
581.7,1.003324270248413
581.8000000000001,0.9926734566688538
581.9000000000001,0.993799090385437
582.0,1.0055615901947021
582.1,1.0023348331451416
582.2,0.997371256351471
582.3000000000001,0.9974937438964844
582.4000000000001,0.997376024723053
582.5,1.0004428625106812
582.6,0.9994762539863586
582.7,0.998386800289154
582.8000000000001,1.0045982599258423
582.9000000000001,0.9967391490936279
583.0,0.9905177354812622
583.1,0.9894446134567261
583.2,0.9832144379615784
583.3000000000001,0.985642671585083
583.4000000000001,0.9949687123298645
583.5,0.994515597820282
583.6,0.9966220855712891
583.7,0.9820665121078491
583.8000000000001,0.9935109615325928
583.9000000000001,0.9813951253890991
584.0,0.9799009561538696
584.1,1.0003961324691772
584.2,0.9878523945808411
584.3000000000001,1.0003124475479126
584.4000000000001,1.0029237270355225
584.5,0.9896144270896912
584.6,0.9901394248008728
584.7,0.9865093231201172
584.8000000000001,0.9879925847053528
584.9000000000001,0.9877461194992065
585.0,0.989830732345581
585.1,0.990196168422699
585.2,0.9882641434669495
585.3000000000001,0.9958978295326233
585.4000000000001,0.9827377200126648
585.5,0.985150933265686
585.6,0.9963648915290833
585.7,0.9954819679260254
585.8000000000001,0.9807150959968567
585.9000000000001,0.9928634762763977
586.0,0.9863725900650024
586.1,0.9856328368186951
586.2,0.9901344180107117
586.3000000000001,0.9873381853103638
586.4000000000001,0.9944606423377991
586.5,0.979928195476532
586.6,0.9958463311195374
586.7,0.9937400817871094
586.8000000000001,0.987248420715332
586.9000000000001,0.9919513463973999
587.0,0.9867705702781677
587.1,0.9852203726768494
587.2,0.9869622588157654
587.3000000000001,0.9966878294944763
587.4000000000001,0.977814793586731
587.5,0.9817835688591003
587.6,0.9838559627532959
587.7,0.9774659276008606
587.8000000000001,0.9790812134742737
587.9000000000001,0.9748800992965698
588.0,0.9729729294776917
588.1,0.9766460657119751
588.2,0.9718148708343506
588.3000000000001,0.9833564758300781
588.4000000000001,0.9685308337211609
588.5,0.9811679720878601
588.6,0.9797984957695007
588.7,0.9833856821060181
588.8000000000001,0.9892532229423523
588.9000000000001,0.9820191860198975
589.0,0.9886216521263123
589.1,0.984912633895874
589.2,0.9758955836296082
589.3000000000001,0.9889580011367798
589.4000000000001,0.9884434342384338
589.5,0.9678053259849548
589.6,0.9647008776664734
589.7,0.9762914180755615
589.8000000000001,0.9744322896003723
589.9000000000001,0.9707964062690735
590.0,0.9716760516166687
590.1,0.9823558926582336
590.2,0.9674312472343445
590.3000000000001,0.9663823843002319
590.4000000000001,0.9649159908294678
590.5,0.9801082611083984
590.6,0.9645883440971375
590.7,0.9656404256820679
590.8000000000001,0.9751861691474915
590.9000000000001,0.9810582995414734
591.0,0.975673496723175
591.1,0.9569720029830933
591.2,0.9626407623291016
591.3000000000001,0.97934490442276
591.4000000000001,0.9659507870674133
591.5,0.9792909026145935
591.6,0.9706945419311523
591.7,0.9742962718009949
591.8000000000001,0.9690057039260864
591.9000000000001,0.9640328288078308
592.0,0.9726167917251587
592.1,0.9651534557342529
592.2,0.9787014126777649
592.3000000000001,0.9705078601837158
592.4000000000001,0.9675925970077515
592.5,0.9636270999908447
592.6,0.9676900506019592
592.7,0.9521641731262207
592.8000000000001,0.9630064368247986
592.9000000000001,0.9702262282371521
593.0,0.9663175344467163
593.1,0.9741984009742737
593.2,0.9668733477592468
593.3000000000001,0.9738170504570007
593.4000000000001,0.9655365347862244
593.5,0.9626002907752991
593.6,0.9693694114685059
593.7,0.9584367275238037
593.8000000000001,0.9662017226219177
593.9000000000001,0.9559383988380432
594.0,0.9675338268280029
594.1,0.9602559208869934
594.2,0.9510059356689453
594.3000000000001,0.9738940596580505
594.4000000000001,0.9692732095718384
594.5,0.9618249535560608
594.6,0.9617750644683838
594.7,0.9653211832046509
594.8000000000001,0.9640746116638184
594.9000000000001,0.9703066349029541
595.0,0.9487981796264648
595.1,0.9573622941970825
595.2,0.9646205902099609
595.3000000000001,0.9705081582069397
595.4000000000001,0.9704903960227966
595.5,0.9715955853462219
595.6,0.9682381749153137
595.7,0.9569344520568848
595.8000000000001,0.9624307155609131
595.9000000000001,0.9621658325195312
596.0,0.963209867477417
596.1,0.9697397351264954
596.2,0.9541320204734802
596.3000000000001,0.9570184946060181
596.4000000000001,0.9428508281707764
596.5,0.9695279002189636
596.6,0.9614682793617249
596.7,0.9546598792076111
596.8000000000001,0.9598127007484436
596.9000000000001,0.9693416953086853
597.0,0.9628596305847168
597.1,0.9640774130821228
597.2,0.9533668756484985
597.3000000000001,0.9543948173522949
597.4000000000001,0.9463273286819458
597.5,0.9633185863494873
597.6,0.9567080736160278
597.7,0.9488181471824646
597.8000000000001,0.9473894834518433
597.9000000000001,0.9530168175697327
598.0,0.9568424224853516
598.1,0.953481137752533
598.2,0.9540136456489563
598.3000000000001,0.9501419067382812
598.4000000000001,0.9552670121192932
598.5,0.9608833193778992
598.6,0.9531003832817078
598.7,0.9602002501487732
598.8000000000001,0.956640362739563
598.9000000000001,0.9535325169563293
599.0,0.9578300714492798
599.1,0.9424595236778259
599.2,0.9517989754676819
599.3000000000001,0.9447829127311707
599.4000000000001,0.9500720500946045
599.5,0.9514732956886292
599.6,0.9468287229537964
599.7,0.9412170052528381
599.8000000000001,0.9453539252281189
599.9000000000001,0.9535547494888306
600.0,0.9591785669326782
600.1,0.9540982246398926
600.2,0.9502941370010376
600.3000000000001,0.9545758366584778
600.4000000000001,0.9495384097099304
600.5,0.9483951330184937
600.6,0.9435374140739441
600.7,0.9432709217071533
600.8000000000001,0.9429119825363159
600.9000000000001,0.9466133117675781
601.0,0.9453091025352478
601.1,0.9442090392112732
601.2,0.9395128488540649
601.3000000000001,0.9379583597183228
601.4000000000001,0.9554741382598877
601.5,0.9393718838691711
601.6,0.9345618486404419
601.7,0.9402236938476562
601.8000000000001,0.9520924091339111
601.9000000000001,0.9459206461906433
602.0,0.9361010193824768
602.1,0.9466134905815125
602.2,0.9309412837028503
602.3000000000001,0.9345780611038208
602.4000000000001,0.9456784129142761
602.5,0.9421534538269043
602.6,0.9469668865203857
602.7,0.942541241645813
602.8000000000001,0.942001223564148
602.9000000000001,0.9472239017486572
603.0,0.9358744621276855
603.1,0.9531809687614441
603.2,0.9476080536842346
603.3000000000001,0.9450387954711914
603.4000000000001,0.9447504878044128
603.5,0.9455125331878662
603.6,0.9421529769897461
603.7,0.9352701902389526
603.8000000000001,0.9282739758491516
603.9000000000001,0.930794358253479
604.0,0.9426875710487366
604.1,0.9365202784538269
604.2,0.9444855451583862
604.3000000000001,0.9395418763160706
604.4000000000001,0.944783091545105
604.5,0.9337249398231506
604.6,0.9402667284011841
604.7,0.9462162256240845
604.8000000000001,0.9430044293403625
604.9000000000001,0.9369704127311707
605.0,0.9434531331062317
605.1,0.9343767166137695
605.2,0.9372478723526001
605.3000000000001,0.9352713823318481
605.4000000000001,0.9345142245292664
605.5,0.9387223124504089
605.6,0.9325916767120361
605.7,0.9442939758300781
605.8000000000001,0.9344878792762756
605.9000000000001,0.927176833152771
606.0,0.924830973148346
606.1,0.9293608069419861
606.2,0.9238675236701965
606.3000000000001,0.9282328486442566
606.4000000000001,0.9365171194076538
606.5,0.9337457418441772
606.6,0.9286908507347107
606.7,0.933134913444519
606.8000000000001,0.9318842887878418
606.9000000000001,0.9353114366531372
607.0,0.9210619926452637
607.1,0.9293419122695923
607.2,0.9384723901748657
607.3000000000001,0.9226067066192627
607.4000000000001,0.9282516241073608
607.5,0.9228489995002747
607.6,0.9389190673828125
607.7,0.9310086369514465
607.8000000000001,0.9276789426803589
607.9000000000001,0.9269944429397583
608.0,0.9261478781700134
608.1,0.9257690906524658
608.2,0.9145721793174744
608.3000000000001,0.916026771068573
608.4000000000001,0.9275750517845154
608.5,0.921431303024292
608.6,0.9279527068138123
608.7,0.9329164624214172
608.8000000000001,0.9262344241142273
608.9000000000001,0.9276177287101746
609.0,0.9205049276351929
609.1,0.929008424282074
609.2,0.9216524958610535
609.3000000000001,0.915307343006134
609.4000000000001,0.9219469428062439
609.5,0.9163660407066345
609.6,0.9189890027046204
609.7,0.9118657112121582
609.8000000000001,0.9182658195495605
609.9000000000001,0.9268648028373718
610.0,0.9285644292831421
610.1,0.9194485545158386
610.2,0.9218868017196655
610.3000000000001,0.9240875244140625
610.4000000000001,0.9308301210403442
610.5,0.9196463823318481
610.6,0.9307270646095276
610.7,0.9192385077476501
610.8000000000001,0.9253587126731873
610.9000000000001,0.9204765558242798
611.0,0.9251481890678406
611.1,0.9279407858848572
611.2,0.9247447848320007
611.3000000000001,0.9244182705879211
611.4000000000001,0.9236714243888855
611.5,0.9047808647155762
611.6,0.9185067415237427
611.7,0.919866681098938
611.8000000000001,0.9266486763954163
611.9000000000001,0.918695330619812
612.0,0.908356249332428
612.1,0.9191673398017883
612.2,0.9107669591903687
612.3000000000001,0.9047858715057373
612.4000000000001,0.9130175113677979
612.5,0.9198173880577087
612.6,0.920586109161377
612.7,0.9201450347900391
612.8000000000001,0.9206806421279907
612.9000000000001,0.9089875817298889
613.0,0.9066478610038757
613.1,0.9081553816795349
613.2,0.9122803807258606
613.3000000000001,0.9133192896842957
613.4000000000001,0.9192491769790649
613.5,0.9072840213775635
613.6,0.9177843928337097
613.7,0.9124521613121033
613.8000000000001,0.9123262763023376
613.9000000000001,0.9009974002838135
614.0,0.9156602025032043
614.1,0.9069441556930542
614.2,0.9060989022254944
614.3000000000001,0.9119356274604797
614.4000000000001,0.9122589230537415
614.5,0.9087674021720886
614.6,0.9104825854301453
614.7,0.9110003113746643
614.8000000000001,0.914208173751831
614.9000000000001,0.9129790663719177
615.0,0.923669159412384
615.1,0.905888020992279
615.2,0.9061457514762878
615.3000000000001,0.9023014307022095
615.4000000000001,0.9035421013832092
615.5,0.9048615097999573
615.6,0.9165393114089966
615.7,0.916538655757904
615.8000000000001,0.9024986028671265
615.9000000000001,0.9028168320655823
616.0,0.9106857776641846
616.1,0.9034526944160461
616.2,0.913475751876831
616.3000000000001,0.9035952687263489
616.4000000000001,0.9070945978164673
616.5,0.8951268196105957
616.6,0.9002490043640137
616.7,0.9060428142547607
616.8000000000001,0.9077203869819641
616.9000000000001,0.8966760039329529
617.0,0.9018478989601135
617.1,0.9032531976699829
617.2,0.8986132740974426
617.3000000000001,0.894719660282135
617.4000000000001,0.9021551012992859
617.5,0.9071441292762756
617.6,0.9031544923782349
617.7,0.8970267176628113
617.8000000000001,0.8933001160621643
617.9000000000001,0.905521035194397
618.0,0.9009661674499512
618.1,0.9050744771957397
618.2,0.8976151943206787
618.3000000000001,0.8936301469802856
618.4000000000001,0.8959539532661438
618.5,0.8923047780990601
618.6,0.9022326469421387
618.7,0.8986074328422546
618.8000000000001,0.8919872641563416
618.9000000000001,0.9004232287406921
619.0,0.9008827805519104
619.1,0.8930429220199585
619.2,0.8909403085708618
619.3000000000001,0.8957183957099915
619.4000000000001,0.9047636389732361
619.5,0.8991215825080872
619.6,0.8976556062698364
619.7,0.8916306495666504
619.8000000000001,0.8993057012557983
619.9000000000001,0.900102436542511
620.0,0.8961353898048401
620.1,0.8976885080337524
620.2,0.894242525100708
620.3000000000001,0.8931972980499268
620.4000000000001,0.8815049529075623
620.5,0.8924822211265564
620.6,0.8919292092323303
620.7,0.8868313431739807
620.8000000000001,0.9011675715446472
620.9000000000001,0.8886333107948303
621.0,0.8836202025413513
621.1,0.8913992047309875
621.2,0.889940083026886
621.3000000000001,0.8923917412757874
621.4000000000001,0.8951475024223328
621.5,0.8839578032493591
621.6,0.8813777565956116
621.7,0.8899113535881042
621.8000000000001,0.892174243927002
621.9000000000001,0.8854358196258545
622.0,0.8989167213439941
622.1,0.8801134824752808
622.2,0.8899775743484497
622.3000000000001,0.892880916595459
622.4000000000001,0.8931453227996826
622.5,0.8942088484764099
622.6,0.8893136382102966
622.7,0.8838472962379456
622.8000000000001,0.8910084366798401
622.9000000000001,0.8797922134399414
623.0,0.884905219078064
623.1,0.8888913989067078
623.2,0.889973521232605
623.3000000000001,0.8869345188140869
623.4000000000001,0.8914504051208496
623.5,0.8823868632316589
623.6,0.8821033835411072
623.7,0.8754886984825134
623.8000000000001,0.8809282183647156
623.9000000000001,0.8852380514144897
624.0,0.8876142501831055
624.1,0.8789909482002258
624.2,0.8838841915130615
624.3000000000001,0.8865964412689209
624.4000000000001,0.8758564591407776
624.5,0.8830378651618958
624.6,0.8854560256004333
624.7,0.8835482001304626
624.8000000000001,0.8865143060684204
624.9000000000001,0.8814120292663574
625.0,0.8775506019592285
625.1,0.8751980066299438
625.2,0.8867489099502563
625.3000000000001,0.8891142010688782
625.4000000000001,0.8704403638839722
625.5,0.8701724410057068
625.6,0.874896764755249
625.7,0.8834894895553589
625.8000000000001,0.8772194385528564
625.9000000000001,0.8802799582481384
626.0,0.8795097470283508
626.1,0.8922632336616516
626.2,0.8816708326339722
626.3000000000001,0.8778772354125977
626.4000000000001,0.8790009617805481
626.5,0.8830388188362122
626.6,0.8772480487823486
626.7,0.8813702464103699
626.8000000000001,0.8813673257827759
626.9000000000001,0.8759198188781738
627.0,0.880014955997467
627.1,0.8764757513999939
627.2,0.866510272026062
627.3000000000001,0.8708387017250061
627.4000000000001,0.8785111904144287
627.5,0.8782233595848083
627.6,0.8681696057319641
627.7,0.8763818144798279
627.8000000000001,0.8843823075294495
627.9000000000001,0.8724085688591003
628.0,0.8737341165542603
628.1,0.8747069239616394
628.2,0.8709191083908081
628.3000000000001,0.8660363554954529
628.4000000000001,0.8743504285812378
628.5,0.868678629398346
628.6,0.8716610074043274
628.7,0.876375138759613
628.8000000000001,0.8755366206169128
628.9000000000001,0.868157684803009
629.0,0.8726530075073242
629.1,0.8652408123016357
629.2,0.8703929781913757
629.3000000000001,0.8717581629753113
629.4000000000001,0.8548197150230408
629.5,0.8732303380966187
629.6,0.8641879558563232
629.7,0.8658360838890076
629.8000000000001,0.8638396263122559
629.9000000000001,0.874450147151947
630.0,0.862308919429779
630.1,0.8553848266601562
630.2,0.8586810231208801
630.3000000000001,0.8732430338859558
630.4000000000001,0.867075502872467
630.5,0.8636501431465149
630.6,0.8689124584197998
630.7,0.8679652810096741
630.8000000000001,0.8651173114776611
630.9000000000001,0.8632304668426514
631.0,0.8602177500724792
631.1,0.8649332523345947
631.2,0.849337100982666
631.3000000000001,0.8575505614280701
631.4000000000001,0.8707278966903687
631.5,0.8665841221809387
631.6,0.860883355140686
631.7,0.8650946617126465
631.8000000000001,0.8647015690803528
631.9000000000001,0.8686131834983826
632.0,0.863722026348114
632.1,0.8597463965415955
632.2,0.8617368936538696
632.3000000000001,0.8681536316871643
632.4000000000001,0.8549115657806396
632.5,0.854366660118103
632.6,0.8624676465988159
632.7,0.8580572605133057
632.8000000000001,0.8553518652915955
632.9000000000001,0.8497248888015747
633.0,0.8566202521324158
633.1,0.8586766123771667
633.2,0.8645981550216675
633.3000000000001,0.8508279323577881
633.4000000000001,0.8622583746910095
633.5,0.8572316765785217
633.6,0.8588318824768066
633.7,0.8483774065971375
633.8000000000001,0.8405061364173889
633.9000000000001,0.8631299734115601
634.0,0.8440693020820618
634.1,0.8523238897323608
634.2,0.8513239622116089
634.3000000000001,0.8559198975563049
634.4000000000001,0.864312469959259
634.5,0.864773690700531
634.6,0.858539342880249
634.7,0.8529267311096191
634.8000000000001,0.8463266491889954
634.9000000000001,0.8397350311279297
635.0,0.8485326766967773
635.1,0.8547540307044983
635.2,0.8453616499900818
635.3000000000001,0.854767382144928
635.4000000000001,0.8581175804138184
635.5,0.8506061434745789
635.6,0.8524432182312012
635.7,0.8508052825927734
635.8000000000001,0.8532828688621521
635.9000000000001,0.8612745404243469
636.0,0.8504101037979126
636.1,0.8389714956283569
636.2,0.8546600937843323
636.3000000000001,0.8487316966056824
636.4000000000001,0.8548559546470642
636.5,0.846084475517273
636.6,0.8471160531044006
636.7,0.8469379544258118
636.8000000000001,0.842617928981781
636.9000000000001,0.852352499961853
637.0,0.8463770747184753
637.1,0.8520757555961609
637.2,0.8441833257675171
637.3000000000001,0.8513959646224976
637.4000000000001,0.8389326333999634
637.5,0.8541595339775085
637.6,0.8616375923156738
637.7,0.8456968069076538
637.8000000000001,0.847460150718689
637.9000000000001,0.8297430276870728
638.0,0.8460448980331421
638.1,0.843641459941864
638.2,0.8494516611099243
638.3000000000001,0.8506652116775513
638.4000000000001,0.8395015597343445
638.5,0.8400813341140747
638.6,0.8514088988304138
638.7,0.8420757055282593
638.8000000000001,0.8504133820533752
638.9000000000001,0.8445664644241333
639.0,0.8474977612495422
639.1,0.8415576815605164
639.2,0.8458658456802368
639.3000000000001,0.842243492603302
639.4000000000001,0.8435381650924683
639.5,0.841977059841156
639.6,0.8370363712310791
639.7,0.8367193341255188
639.8000000000001,0.841685950756073
639.9000000000001,0.8379594683647156
640.0,0.8479783535003662
640.1,0.8381961584091187
640.2,0.8266964554786682
640.3000000000001,0.8378623127937317
640.4000000000001,0.8346046209335327
640.5,0.8424864411354065
640.6,0.8356419801712036
640.7,0.8329848647117615
640.8000000000001,0.8356391787528992
640.9000000000001,0.8450852036476135
641.0,0.8408138155937195
641.1,0.8403236865997314
641.2,0.8418901562690735
641.3000000000001,0.839396059513092
641.4000000000001,0.842133641242981
641.5,0.8310614228248596
641.6,0.8391681909561157
641.7,0.8362330198287964
641.8000000000001,0.8383855223655701
641.9000000000001,0.8374834656715393
642.0,0.8256737589836121
642.1,0.8331815004348755
642.2,0.8373501300811768
642.3000000000001,0.8370924592018127
642.4000000000001,0.8389116525650024
642.5,0.8268668055534363
642.6,0.8309158682823181
642.7,0.8310014605522156
642.8000000000001,0.8366676568984985
642.9000000000001,0.832969605922699
643.0,0.8277526497840881
643.1,0.8218609690666199
643.2,0.8281521201133728
643.3000000000001,0.8332326412200928
643.4000000000001,0.8340383768081665
643.5,0.8243131041526794
643.6,0.8274223208427429
643.7,0.8250705003738403
643.8000000000001,0.8288951516151428
643.9000000000001,0.8364010453224182
644.0,0.8304107189178467
644.1,0.8222112059593201
644.2,0.8275071978569031
644.3000000000001,0.8305320739746094
644.4000000000001,0.8288143277168274
644.5,0.8221799731254578
644.6,0.8223261833190918
644.7,0.8264312744140625
644.8000000000001,0.828446090221405
644.9000000000001,0.8229168653488159
645.0,0.8293343186378479
645.1,0.8244897127151489
645.2,0.83262038230896
645.3000000000001,0.8289057612419128
645.4000000000001,0.8291010856628418
645.5,0.82459557056427
645.6,0.8213358521461487
645.7,0.8256589770317078
645.8000000000001,0.8254226446151733
645.9000000000001,0.8143721222877502
646.0,0.8239145278930664
646.1,0.822102427482605
646.2,0.8136906027793884
646.3000000000001,0.8191446661949158
646.4000000000001,0.826563835144043
646.5,0.8304456472396851
646.6,0.8142080307006836
646.7,0.8136643171310425
646.8000000000001,0.830546498298645
646.9000000000001,0.809360146522522
647.0,0.8246831893920898
647.1,0.8233639597892761
647.2,0.8257152438163757
647.3000000000001,0.8205854296684265
647.4000000000001,0.8205448985099792
647.5,0.8127173185348511
647.6,0.8163018226623535
647.7,0.8190121054649353
647.8000000000001,0.8206428289413452
647.9000000000001,0.8156777024269104
648.0,0.808784008026123
648.1,0.8128403425216675
648.2,0.8180304169654846
648.3000000000001,0.8156352639198303
648.4000000000001,0.8235146999359131
648.5,0.8184626698493958
648.6,0.8137028813362122
648.7,0.8150144219398499
648.8000000000001,0.8160450458526611
648.9000000000001,0.815870463848114
649.0,0.8149029612541199
649.1,0.8215636610984802
649.2,0.8188666701316833
649.3000000000001,0.8083362579345703
649.4000000000001,0.8122649788856506
649.5,0.8028393983840942
649.6,0.8101208209991455
649.7,0.8126911520957947
649.8000000000001,0.8147727251052856
649.9000000000001,0.8136577010154724
650.0,0.8002970218658447
650.1,0.8103549480438232
650.2,0.8182518482208252
650.3000000000001,0.8022705316543579
650.4000000000001,0.8060653805732727
650.5,0.8134908080101013
650.6,0.8019745349884033
650.7,0.8137577772140503
650.8000000000001,0.8064972758293152
650.9000000000001,0.8145235180854797
651.0,0.8055844902992249
651.1,0.7889743447303772
651.2,0.8018666505813599
651.3000000000001,0.7939736843109131
651.4000000000001,0.8202898502349854
651.5,0.8158635497093201
651.6,0.8006553053855896
651.7,0.8136522769927979
651.8000000000001,0.8139725923538208
651.9000000000001,0.8053678274154663
652.0,0.8041735291481018
652.1,0.8096492290496826
652.2,0.8090707063674927
652.3000000000001,0.7993056774139404
652.4000000000001,0.8064687848091125
652.5,0.800722062587738
652.6,0.795889675617218
652.7,0.8047901391983032
652.8000000000001,0.8030644655227661
652.9000000000001,0.7996469736099243
653.0,0.8100366592407227
653.1,0.8076645135879517
653.2,0.7994679808616638
653.3000000000001,0.8150519728660583
653.4000000000001,0.7874277234077454
653.5,0.801164448261261
653.6,0.8065900802612305
653.7,0.801554262638092
653.8000000000001,0.805088996887207
653.9000000000001,0.801501989364624
654.0,0.797553300857544
654.1,0.7993720173835754
654.2,0.795211136341095
654.3000000000001,0.7913345694541931
654.4000000000001,0.8045452237129211
654.5,0.7951245903968811
654.6,0.8014348745346069
654.7,0.8070600628852844
654.8000000000001,0.8048778176307678
654.9000000000001,0.801976203918457
655.0,0.7934081554412842
655.1,0.796054482460022
655.2,0.7964385151863098
655.3000000000001,0.7932005524635315
655.4000000000001,0.8048978447914124
655.5,0.7926350831985474
655.6,0.7887961864471436
655.7,0.8076047897338867
655.8000000000001,0.8014184236526489
655.9000000000001,0.7960036396980286
656.0,0.7873551845550537
656.1,0.7968869209289551
656.2,0.7894350290298462
656.3000000000001,0.7940555214881897
656.4000000000001,0.7912431955337524
656.5,0.788155734539032
656.6,0.797196626663208
656.7,0.796226978302002
656.8000000000001,0.7878161072731018
656.9000000000001,0.7923938632011414
657.0,0.7864526510238647
657.1,0.7895639538764954
657.2,0.7925221920013428
657.3000000000001,0.7879002690315247
657.4000000000001,0.7904939651489258
657.5,0.8007541298866272
657.6,0.791326642036438
657.7,0.7864053249359131
657.8000000000001,0.7933319211006165
657.9000000000001,0.7841622233390808
658.0,0.7837327122688293
658.1,0.7845988869667053
658.2,0.7846497297286987
658.3000000000001,0.7988728880882263
658.4000000000001,0.7846953272819519
658.5,0.7913803458213806
658.6,0.7824773788452148
658.7,0.7887712121009827
658.8000000000001,0.7890555262565613
658.9000000000001,0.792698323726654
659.0,0.7898539304733276
659.1,0.7860078811645508
659.2,0.7809616923332214
659.3000000000001,0.7820947170257568
659.4000000000001,0.7879969477653503
659.5,0.7855570316314697
659.6,0.7855032682418823
659.7,0.7909048795700073
659.8000000000001,0.7834171652793884
659.9000000000001,0.7889618277549744
660.0,0.7634559273719788
660.1,0.7796489596366882
660.2,0.7777664661407471
660.3000000000001,0.7799086570739746
660.4000000000001,0.7832251787185669
660.5,0.7688316106796265
660.6,0.7865822315216064
660.7,0.7883350849151611
660.8000000000001,0.7798375487327576
660.9000000000001,0.7824972867965698
661.0,0.7828187346458435
661.1,0.7796640992164612
661.2,0.7827591300010681
661.3000000000001,0.7798116207122803
661.4000000000001,0.7820684313774109
661.5,0.7898690700531006
661.6,0.7839460372924805
661.7,0.7834027409553528
661.8000000000001,0.794068455696106
661.9000000000001,0.7674017548561096
662.0,0.7795378565788269
662.1,0.780879557132721
662.2,0.7539352774620056
662.3000000000001,0.7747424244880676
662.4000000000001,0.7816019058227539
662.5,0.7796388864517212
662.6,0.7804678082466125
662.7,0.773057222366333
662.8000000000001,0.7884325981140137
662.9000000000001,0.7699463963508606
663.0,0.7868584394454956
663.1,0.765330970287323
663.2,0.7726919054985046
663.3000000000001,0.7703313231468201
663.4000000000001,0.7794196009635925
663.5,0.776003897190094
663.6,0.7746375203132629
663.7,0.7748665809631348
663.8000000000001,0.7828332185745239
663.9000000000001,0.7811189293861389
664.0,0.768092155456543
664.1,0.7739790678024292
664.2,0.7762063145637512
664.3000000000001,0.7663803100585938
664.4000000000001,0.7612990736961365
664.5,0.7747980356216431
664.6,0.7767075300216675
664.7,0.7600486278533936
664.8000000000001,0.7835940718650818
664.9000000000001,0.7588452100753784
665.0,0.7683655619621277
665.1,0.7855938673019409
665.2,0.7722816467285156
665.3000000000001,0.7710514068603516
665.4000000000001,0.7668886780738831
665.5,0.7794544100761414
665.6,0.7715811729431152
665.7,0.7683175206184387
665.8000000000001,0.7650499939918518
665.9000000000001,0.7683988213539124
666.0,0.7675076723098755
666.1,0.7689405679702759
666.2,0.7656720280647278
666.3000000000001,0.7649258971214294
666.4000000000001,0.7695165872573853
666.5,0.7651796340942383
666.6,0.7715023159980774
666.7,0.7669955492019653
666.8000000000001,0.7619414925575256
666.9000000000001,0.7726374268531799
667.0,0.7750725150108337
667.1,0.7628082633018494
667.2,0.7676562070846558
667.3000000000001,0.7591028809547424
667.4000000000001,0.7627874612808228
667.5,0.7597351670265198
667.6,0.7718712687492371
667.7,0.767156720161438
667.8000000000001,0.7620246410369873
667.9000000000001,0.7560292482376099
668.0,0.7607370018959045
668.1,0.7648609280586243
668.2,0.7681348323822021
668.3000000000001,0.7672697901725769
668.4000000000001,0.757602870464325
668.5,0.7575384974479675
668.6,0.7567275166511536
668.7,0.7545172572135925
668.8000000000001,0.7687597870826721
668.9000000000001,0.7572087645530701
669.0,0.7675822973251343
669.1,0.7640901207923889
669.2,0.761749267578125
669.3000000000001,0.7489771246910095
669.4000000000001,0.7678943872451782
669.5,0.7663072347640991
669.6,0.7608458995819092
669.7,0.7574990391731262
669.8000000000001,0.7514634132385254
669.9000000000001,0.7575110197067261
670.0,0.7512204647064209
670.1,0.757084310054779
670.2,0.7508227229118347
670.3000000000001,0.7589535117149353
670.4000000000001,0.7643252015113831
670.5,0.7611565589904785
670.6,0.7545265555381775
670.7,0.7547581195831299
670.8000000000001,0.7578221559524536
670.9000000000001,0.7452780604362488
671.0,0.7642521858215332
671.1,0.7553312182426453
671.2,0.7618464827537537
671.3000000000001,0.7526350021362305
671.4000000000001,0.7591410279273987
671.5,0.7539687156677246
671.6,0.7384610176086426
671.7,0.745187520980835
671.8000000000001,0.7585655450820923
671.9000000000001,0.7494142651557922
672.0,0.7548801302909851
672.1,0.7567521929740906
672.2,0.7547107934951782
672.3000000000001,0.7539703249931335
672.4000000000001,0.7518481016159058
672.5,0.748717725276947
672.6,0.7466515898704529
672.7,0.7534797787666321
672.8000000000001,0.7518892288208008
672.9000000000001,0.7607240676879883
673.0,0.7560487389564514
673.1,0.7490996718406677
673.2,0.7478746771812439
673.3000000000001,0.7391337752342224
673.4000000000001,0.7416252493858337
673.5,0.74955815076828
673.6,0.7554534077644348
673.7,0.7450941205024719
673.8000000000001,0.7440078258514404
673.9000000000001,0.7447108030319214
674.0,0.7468496561050415
674.1,0.7567328810691833
674.2,0.744120180606842
674.3000000000001,0.7542986273765564
674.4000000000001,0.738857090473175
674.5,0.7421982288360596
674.6,0.7413671612739563
674.7,0.741139829158783
674.8000000000001,0.7486016750335693
674.9000000000001,0.743537425994873
675.0,0.7414846420288086
675.1,0.7454380989074707
675.2,0.7302064895629883
675.3000000000001,0.735554575920105
675.4000000000001,0.7498571276664734
675.5,0.7285259366035461
675.6,0.7334169149398804
675.7,0.7486359477043152
675.8000000000001,0.7258422374725342
675.9000000000001,0.7389444708824158
676.0,0.7292439341545105
676.1,0.737968385219574
676.2,0.7362746596336365
676.3000000000001,0.7395626306533813
676.4000000000001,0.7375219464302063
676.5,0.7445136904716492
676.6,0.7462994456291199
676.7,0.7472191452980042
676.8000000000001,0.7428719997406006
676.9000000000001,0.7381256222724915
677.0,0.733384907245636
677.1,0.7393082976341248
677.2,0.7313624620437622
677.3000000000001,0.7369511127471924
677.4000000000001,0.7445041537284851
677.5,0.7336173057556152
677.6,0.7336547374725342
677.7,0.7396335005760193
677.8000000000001,0.7332212328910828
677.9000000000001,0.7412857413291931
678.0,0.7330332398414612
678.1,0.7221100330352783
678.2,0.7336776852607727
678.3000000000001,0.7379549741744995
678.4000000000001,0.7393419742584229
678.5,0.7344366908073425
678.6,0.7329814434051514
678.7,0.7362097501754761
678.8000000000001,0.7279676198959351
678.9000000000001,0.724927544593811
679.0,0.7237809896469116
679.1,0.7284765839576721
679.2,0.735084593296051
679.3000000000001,0.7323912978172302
679.4000000000001,0.7311018109321594
679.5,0.7330500483512878
679.6,0.7340371608734131
679.7,0.73384690284729
679.8000000000001,0.7152976989746094
679.9000000000001,0.7145980596542358
680.0,0.7293054461479187
680.1,0.7292040586471558
680.2,0.7281292676925659
680.3000000000001,0.7294132709503174
680.4000000000001,0.7331675291061401
680.5,0.731459379196167
680.6,0.7270715832710266
680.7,0.7222195863723755
680.8000000000001,0.7290688753128052
680.9000000000001,0.7296481132507324
681.0,0.7278481125831604
681.1,0.7179980278015137
681.2,0.7326518893241882
681.3000000000001,0.7306249737739563
681.4000000000001,0.7254513502120972
681.5,0.732039213180542
681.6,0.7338089942932129
681.7,0.723554253578186
681.8000000000001,0.7252193689346313
681.9000000000001,0.7238739728927612
682.0,0.7207384705543518
682.1,0.7282099723815918
682.2,0.720528781414032
682.3000000000001,0.7302114963531494
682.4000000000001,0.714184045791626
682.5,0.7267497777938843
682.6,0.7168971300125122
682.7,0.7145377993583679
682.8000000000001,0.7281632423400879
682.9000000000001,0.7127975225448608
683.0,0.7383973598480225
683.1,0.7197599411010742
683.2,0.7241959571838379
683.3000000000001,0.7183730602264404
683.4000000000001,0.7224329710006714
683.5,0.7057405710220337
683.6,0.7136576175689697
683.7,0.7253782749176025
683.8000000000001,0.7152923345565796
683.9000000000001,0.7132881283760071
684.0,0.7207713723182678
684.1,0.7203049659729004
684.2,0.7199135422706604
684.3000000000001,0.7263500094413757
684.4000000000001,0.7124586701393127
684.5,0.7106556296348572
684.6,0.7114400267601013
684.7,0.7169089317321777
684.8000000000001,0.7232940196990967
684.9000000000001,0.7150484919548035
685.0,0.708808183670044
685.1,0.7155325412750244
685.2,0.714608907699585
685.3000000000001,0.7155320644378662
685.4000000000001,0.7124640345573425
685.5,0.7198001742362976
685.6,0.7166781425476074
685.7,0.7116920351982117
685.8000000000001,0.7008305788040161
685.9000000000001,0.7034536600112915
686.0,0.7022555470466614
686.1,0.7158702611923218
686.2,0.7020706534385681
686.3000000000001,0.7120106220245361
686.4000000000001,0.7078565955162048
686.5,0.7135877013206482
686.6,0.7093903422355652
686.7,0.7145836353302002
686.8000000000001,0.7024989128112793
686.9000000000001,0.7180261015892029
687.0,0.7075397372245789
687.1,0.7158696055412292
687.2,0.7061583399772644
687.3000000000001,0.7112655639648438
687.4000000000001,0.7195441126823425
687.5,0.7164897322654724
687.6,0.7124120593070984
687.7,0.7082701325416565
687.8000000000001,0.7092643976211548
687.9000000000001,0.7084742188453674
688.0,0.6980264186859131
688.1,0.7012292146682739
688.2,0.7059071660041809
688.3000000000001,0.7131341695785522
688.4000000000001,0.7091482877731323
688.5,0.7102364897727966
688.6,0.7039151787757874
688.7,0.7137419581413269
688.8000000000001,0.7091552019119263
688.9000000000001,0.7005690336227417
689.0,0.7031757831573486
689.1,0.7080037593841553
689.2,0.7082839608192444
689.3000000000001,0.7130837440490723
689.4000000000001,0.7046851515769958
689.5,0.7061807513237
689.6,0.6959822773933411
689.7,0.7075220942497253
689.8000000000001,0.697747528553009
689.9000000000001,0.700035810470581
690.0,0.6871391534805298
690.1,0.7114596962928772
690.2,0.6945083141326904
690.3000000000001,0.7057311534881592
690.4000000000001,0.7024076581001282
690.5,0.7017329335212708
690.6,0.698732852935791
690.7,0.6988203525543213
690.8000000000001,0.698835551738739
690.9000000000001,0.6965952515602112
691.0,0.6991620063781738
691.1,0.6992773413658142
691.2,0.6956366896629333
691.3000000000001,0.6924054622650146
691.4000000000001,0.69291752576828
691.5,0.6921321749687195
691.6,0.6969007253646851
691.7,0.7047733068466187
691.8000000000001,0.6970860958099365
691.9000000000001,0.6941290497779846
692.0,0.7005684971809387
692.1,0.7034632563591003
692.2,0.6993556022644043
692.3000000000001,0.6886377334594727
692.4000000000001,0.6874073147773743
692.5,0.6925608515739441
692.6,0.6958409547805786
692.7,0.6866908073425293
692.8000000000001,0.6958520412445068
692.9000000000001,0.6920455098152161
693.0,0.6854364275932312
693.1,0.6921590566635132
693.2,0.7064785957336426
693.3000000000001,0.6944267153739929
693.4000000000001,0.694540798664093
693.5,0.702125072479248
693.6,0.6910748481750488
693.7,0.6910040378570557
693.8000000000001,0.6852821111679077
693.9000000000001,0.692055344581604
694.0,0.6968622803688049
694.1,0.6884839534759521
694.2,0.6932987570762634
694.3000000000001,0.6870762705802917
694.4000000000001,0.6945903897285461
694.5,0.6870958209037781
694.6,0.6941474676132202
694.7,0.689497172832489
694.8000000000001,0.6898082494735718
694.9000000000001,0.6881501078605652
695.0,0.6874185800552368
695.1,0.6870269775390625
695.2,0.6873918175697327
695.3000000000001,0.6863211393356323
695.4000000000001,0.6798272728919983
695.5,0.69203782081604
695.6,0.6937633156776428
695.7,0.7001953125
695.8000000000001,0.6905856728553772
695.9000000000001,0.6911065578460693
696.0,0.6911612153053284
696.1,0.6835588216781616
696.2,0.7021140456199646
696.3000000000001,0.6861262917518616
696.4000000000001,0.6876150965690613
696.5,0.6905097365379333
696.6,0.685753583908081
696.7,0.6867170333862305
696.8000000000001,0.6823038458824158
696.9000000000001,0.6773672699928284
697.0,0.6620401740074158
697.1,0.682083249092102
697.2,0.6884940266609192
697.3000000000001,0.6857885718345642
697.4000000000001,0.6859351396560669
697.5,0.6904685497283936
697.6,0.6721968650817871
697.7,0.6908242106437683
697.8000000000001,0.6792808175086975
697.9000000000001,0.6641464829444885
698.0,0.6813452243804932
698.1,0.6800975203514099
698.2,0.6860479712486267
698.3000000000001,0.6766369938850403
698.4000000000001,0.6698212027549744
698.5,0.6735867261886597
698.6,0.674945592880249
698.7,0.677315354347229
698.8000000000001,0.6802268028259277
698.9000000000001,0.6762802004814148
699.0,0.6828488111495972
699.1,0.665918231010437
699.2,0.675438404083252
699.3000000000001,0.6743996739387512
699.4000000000001,0.6805883049964905
699.5,0.668606162071228
699.6,0.6790306568145752
699.7,0.6785418391227722
699.8000000000001,0.6809436678886414
699.9000000000001,0.6690332293510437
700.0,0.65726238489151
700.1,0.6784120798110962
700.2,0.6752609014511108
700.3000000000001,0.6785093545913696
700.4000000000001,0.6698415875434875
700.5,0.6711880564689636
700.6,0.6712952256202698
700.7,0.6768090724945068
700.8000000000001,0.6656110882759094
700.9000000000001,0.6828331351280212
701.0,0.6735581159591675
701.1,0.679778516292572
701.2,0.6519572138786316
701.3000000000001,0.6709957718849182
701.4000000000001,0.6632840037345886
701.5,0.6604790687561035
701.6,0.6734508872032166
701.7,0.6689741611480713
701.8000000000001,0.6632705926895142
701.9000000000001,0.6734679937362671
702.0,0.6552810072898865
702.1,0.6655096411705017
702.2,0.6741467714309692
702.3000000000001,0.6681807637214661
702.4000000000001,0.6576624512672424
702.5,0.6722184419631958
702.6,0.6774546504020691
702.7,0.6669823527336121
702.8000000000001,0.6644918322563171
702.9000000000001,0.6552157402038574
703.0,0.6700676679611206
703.1,0.6694542169570923
703.2,0.6684051752090454
703.3000000000001,0.6736158728599548
703.4000000000001,0.6652919054031372
703.5,0.6511999368667603
703.6,0.6697892546653748
703.7,0.664957582950592
703.8000000000001,0.6686959862709045
703.9000000000001,0.660122275352478
704.0,0.6640120148658752
704.1,0.6594435572624207
704.2,0.6655421853065491
704.3000000000001,0.6720378398895264
704.4000000000001,0.6689110398292542
704.5,0.6598685383796692
704.6,0.6669232845306396
704.7,0.6629266738891602
704.8000000000001,0.6630799174308777
704.9000000000001,0.6576579213142395
705.0,0.6592299342155457
705.1,0.6543919444084167
705.2,0.6547942757606506
705.3000000000001,0.6546576619148254
705.4000000000001,0.6638441681861877
705.5,0.6653765439987183
705.6,0.6667789816856384
705.7,0.6542239189147949
705.8000000000001,0.655761182308197
705.9000000000001,0.6620972752571106
706.0,0.6592621207237244
706.1,0.6574341058731079
706.2,0.6557011604309082
706.3000000000001,0.6661714315414429
706.4000000000001,0.6630893349647522
706.5,0.6535623073577881
706.6,0.6412791013717651
706.7,0.6643441319465637
706.8000000000001,0.6535220146179199
706.9000000000001,0.6652112007141113
707.0,0.655590295791626
707.1,0.6454614996910095
707.2,0.6597527265548706
707.3000000000001,0.6554999351501465
707.4000000000001,0.6432284116744995
707.5,0.6473639011383057
707.6,0.6370776295661926
707.7,0.6447414755821228
707.8000000000001,0.6564981937408447
707.9000000000001,0.652339518070221
708.0,0.665612518787384
708.1,0.6476853489875793
708.2,0.6498177647590637
708.3000000000001,0.6588196754455566
708.4000000000001,0.6419016718864441
708.5,0.6501230597496033
708.6,0.6591932773590088
708.7,0.6593782305717468
708.8000000000001,0.658069372177124
708.9000000000001,0.6510006189346313
709.0,0.6457154750823975
709.1,0.6480254530906677
709.2,0.6582262516021729
709.3000000000001,0.6524534225463867
709.4000000000001,0.6481103897094727
709.5,0.6522343158721924
709.6,0.6508926153182983
709.7,0.6555629968643188
709.8000000000001,0.645260751247406
709.9000000000001,0.6452680826187134
710.0,0.6467909216880798
710.1,0.6573227047920227
710.2,0.6469691395759583
710.3000000000001,0.640209972858429
710.4000000000001,0.6505934000015259
710.5,0.645312488079071
710.6,0.64364093542099
710.7,0.6511761546134949
710.8000000000001,0.644550085067749
710.9000000000001,0.6334905624389648
711.0,0.6517760157585144
711.1,0.6437003016471863
711.2,0.6557889580726624
711.3000000000001,0.6459918022155762
711.4000000000001,0.6457116007804871
711.5,0.6452268362045288
711.6,0.6380434632301331
711.7,0.6412107348442078
711.8000000000001,0.6491296291351318
711.9000000000001,0.6488956212997437
712.0,0.6324759125709534
712.1,0.6433911919593811
712.2,0.6445873379707336
712.3000000000001,0.6488167643547058
712.4000000000001,0.6353319883346558
712.5,0.6279736161231995
712.6,0.6467013955116272
712.7,0.6500315070152283
712.8000000000001,0.6437119245529175
712.9000000000001,0.6361855864524841
713.0,0.6330341696739197
713.1,0.637047529220581
713.2,0.6375773549079895
713.3000000000001,0.6407178044319153
713.4000000000001,0.6411858201026917
713.5,0.6397901177406311
713.6,0.6384481191635132
713.7,0.6391180157661438
713.8000000000001,0.6367860436439514
713.9000000000001,0.6414666771888733
714.0,0.6424587368965149
714.1,0.6231003999710083
714.2,0.6393973231315613
714.3000000000001,0.6331769824028015
714.4000000000001,0.6337639689445496
714.5,0.6428994536399841
714.6,0.6385135650634766
714.7,0.6389603614807129
714.8000000000001,0.618312418460846
714.9000000000001,0.6465484499931335
715.0,0.6344842910766602
715.1,0.6421005129814148
715.2,0.644526481628418
715.3000000000001,0.6379231810569763
715.4000000000001,0.635043740272522
715.5,0.6367610692977905
715.6,0.6373509168624878
715.7,0.6382552981376648
715.8000000000001,0.6304342150688171
715.9000000000001,0.623508095741272
716.0,0.6282471418380737
716.1,0.6340188980102539
716.2,0.6278388500213623
716.3000000000001,0.6335631012916565
716.4000000000001,0.6158286929130554
716.5,0.6243152618408203
716.6,0.6206560134887695
716.7,0.6329144835472107
716.8000000000001,0.6378234028816223
716.9000000000001,0.6310979127883911
717.0,0.6303319334983826
717.1,0.6255065202713013
717.2,0.6299153566360474
717.3000000000001,0.6286565065383911
717.4000000000001,0.6340447664260864
717.5,0.6288737058639526
717.6,0.6349964141845703
717.7,0.6271275281906128
717.8000000000001,0.6262295246124268
717.9000000000001,0.6334147453308105
718.0,0.6304563283920288
718.1,0.6297712922096252
718.2,0.6283353567123413
718.3000000000001,0.6227787733078003
718.4000000000001,0.6273612380027771
718.5,0.6101431250572205
718.6,0.630763828754425
718.7,0.639000415802002
718.8000000000001,0.6262730956077576
718.9000000000001,0.6340738534927368
719.0,0.6190069913864136
719.1,0.6272805333137512
719.2,0.6225301623344421
719.3000000000001,0.6275193691253662
719.4000000000001,0.6172449588775635
719.5,0.6214418411254883
719.6,0.6292086243629456
719.7,0.6153326034545898
719.8000000000001,0.6332046985626221
719.9000000000001,0.6234157085418701
720.0,0.6254842877388
720.1,0.6294543743133545
720.2,0.624406635761261
720.3000000000001,0.6212427020072937
720.4000000000001,0.620557963848114
720.5,0.6185517311096191
720.6,0.6133566498756409
720.7,0.6199984550476074
720.8000000000001,0.6265800595283508
720.9000000000001,0.620665967464447
721.0,0.6180522441864014
721.1,0.624571681022644
721.2,0.6180151700973511
721.3000000000001,0.6131426692008972
721.4000000000001,0.6202282905578613
721.5,0.613111674785614
721.6,0.62102210521698
721.7,0.6195434331893921
721.8000000000001,0.6205646395683289
721.9000000000001,0.6206207871437073
722.0,0.6166936159133911
722.1,0.610899806022644
722.2,0.5940349698066711
722.3000000000001,0.6120408177375793
722.4000000000001,0.6226552724838257
722.5,0.6186549663543701
722.6,0.6246102452278137
722.7,0.6182500123977661
722.8000000000001,0.6243559718132019
722.9000000000001,0.6153091192245483
723.0,0.6077759265899658
723.1,0.6125537753105164
723.2,0.6227267980575562
723.3000000000001,0.6152966618537903
723.4000000000001,0.6139780879020691
723.5,0.6100950837135315
723.6,0.6189987063407898
723.7,0.6117895245552063
723.8000000000001,0.610429048538208
723.9000000000001,0.6010633111000061
724.0,0.6055846810340881
724.1,0.6028383374214172
724.2,0.6169015169143677
724.3000000000001,0.5993473529815674
724.4000000000001,0.6154355406761169
724.5,0.6125099658966064
724.6,0.6151537895202637
724.7,0.6112066507339478
724.8000000000001,0.6094337701797485
724.9000000000001,0.6044795513153076
725.0,0.6090648770332336
725.1,0.6059098243713379
725.2,0.6156601309776306
725.3000000000001,0.6130968928337097
725.4000000000001,0.5972570180892944
725.5,0.6015926003456116
725.6,0.6038293242454529
725.7,0.606959879398346
725.8000000000001,0.6027496457099915
725.9000000000001,0.5979569554328918
726.0,0.6085695028305054
726.1,0.6082529425621033
726.2,0.6017484664916992
726.3000000000001,0.5992512106895447
726.4000000000001,0.6022908091545105
726.5,0.6086326241493225
726.6,0.5939689874649048
726.7,0.6011601090431213
726.8000000000001,0.6087453961372375
726.9000000000001,0.6091225743293762
727.0,0.6097595691680908
727.1,0.6073493361473083
727.2,0.6026971340179443
727.3000000000001,0.6070908308029175
727.4000000000001,0.60820472240448
727.5,0.5936031341552734
727.6,0.6084720492362976
727.7,0.6016243696212769
727.8000000000001,0.6067426204681396
727.9000000000001,0.6042134761810303
728.0,0.5969664454460144
728.1,0.6014813780784607
728.2,0.607445240020752
728.3000000000001,0.5984878540039062
728.4000000000001,0.5996251106262207
728.5,0.6063129305839539
728.6,0.5910003781318665
728.7,0.6036459803581238
728.8000000000001,0.5970587730407715
728.9000000000001,0.5895158052444458
729.0,0.6022859215736389
729.1,0.5996093153953552
729.2,0.597102701663971
729.3000000000001,0.5978156924247742
729.4000000000001,0.5986700057983398
729.5,0.5977634787559509
729.6,0.5960659384727478
729.7,0.5938578844070435
729.8000000000001,0.593526303768158
729.9000000000001,0.581369936466217
730.0,0.5993543267250061
730.1,0.5899350047111511
730.2,0.5850170850753784
730.3000000000001,0.594016969203949
730.4000000000001,0.5941541790962219
730.5,0.6025233864784241
730.6,0.5983018279075623
730.7,0.5939196348190308
730.8000000000001,0.5816253423690796
730.9000000000001,0.5968199372291565
731.0,0.5931413173675537
731.1,0.5959901213645935
731.2,0.6009727120399475
731.3000000000001,0.5917810797691345
731.4000000000001,0.5891446471214294
731.5,0.5929721593856812
731.6,0.5903769731521606
731.7,0.5926612019538879
731.8000000000001,0.5874357223510742
731.9000000000001,0.5860967040061951
732.0,0.5899540185928345
732.1,0.5875614285469055
732.2,0.5898807048797607
732.3000000000001,0.5857508182525635
732.4000000000001,0.5934295058250427
732.5,0.5869098901748657
732.6,0.5869119763374329
732.7,0.590545654296875
732.8000000000001,0.5910720229148865
732.9000000000001,0.5885577201843262
733.0,0.5910977721214294
733.1,0.5863466262817383
733.2,0.5901788473129272
733.3000000000001,0.5913001894950867
733.4000000000001,0.5939818024635315
733.5,0.5916212797164917
733.6,0.5884446501731873
733.7,0.5930298566818237
733.8000000000001,0.5909375548362732
733.9000000000001,0.5768360495567322
734.0,0.5832236409187317
734.1,0.570186197757721
734.2,0.58153235912323
734.3000000000001,0.5855593085289001
734.4000000000001,0.5918946862220764
734.5,0.5828853845596313
734.6,0.5698117613792419
734.7,0.582426130771637
734.8000000000001,0.5833495855331421
734.9000000000001,0.5815242528915405
735.0,0.5778979659080505
735.1,0.5868130922317505
735.2,0.5832073092460632
735.3000000000001,0.5812013149261475
735.4000000000001,0.574722170829773
735.5,0.5872114896774292
735.6,0.5869764089584351
735.7,0.5841118097305298
735.8000000000001,0.5792705416679382
735.9000000000001,0.5808807611465454
736.0,0.5804125070571899
736.1,0.5883355140686035
736.2,0.5817908048629761
736.3000000000001,0.5764089226722717
736.4000000000001,0.5758554935455322
736.5,0.5701843500137329
736.6,0.5789191126823425
736.7,0.5792638063430786
736.8000000000001,0.5712679624557495
736.9000000000001,0.5820780992507935
737.0,0.5747053027153015
737.1,0.5796457529067993
737.2,0.5798400640487671
737.3000000000001,0.5727400183677673
737.4000000000001,0.5760872960090637
737.5,0.5819190740585327
737.6,0.5799562335014343
737.7,0.5796862840652466
737.8000000000001,0.5720499753952026
737.9000000000001,0.5759264826774597
738.0,0.5799264907836914
738.1,0.5742418766021729
738.2,0.5826067924499512
738.3000000000001,0.5728508234024048
738.4000000000001,0.5741133689880371
738.5,0.5689460039138794
738.6,0.56706303358078
738.7,0.5667528510093689
738.8000000000001,0.5763977766036987
738.9000000000001,0.5690301060676575
739.0,0.568605899810791
739.1,0.5692976713180542
739.2,0.5713883638381958
739.3000000000001,0.5641703605651855
739.4000000000001,0.5730727314949036
739.5,0.5715190172195435
739.6,0.564814567565918
739.7,0.5769290924072266
739.8000000000001,0.5601372122764587
739.9000000000001,0.5633731484413147
740.0,0.5746727585792542
740.1,0.5653727054595947
740.2,0.5675324201583862
740.3000000000001,0.5695662498474121
740.4000000000001,0.5610052943229675
740.5,0.5601176023483276
740.6,0.5597307682037354
740.7,0.5726019740104675
740.8000000000001,0.5666290521621704
740.9000000000001,0.570685088634491
741.0,0.572490394115448
741.1,0.5526641607284546
741.2,0.5622105598449707
741.3000000000001,0.5684738755226135
741.4000000000001,0.569474458694458
741.5,0.5629265308380127
741.6,0.5686421394348145
741.7,0.5468313694000244
741.8000000000001,0.5560369491577148
741.9000000000001,0.5668639540672302
742.0,0.5696331262588501
742.1,0.5693507194519043
742.2,0.5589476823806763
742.3000000000001,0.5669644474983215
742.4000000000001,0.564660370349884
742.5,0.5667179822921753
742.6,0.5715744495391846
742.7,0.5560668110847473
742.8000000000001,0.5664335489273071
742.9000000000001,0.5643200874328613
743.0,0.5649333000183105
743.1,0.5610690712928772
743.2,0.5579465627670288
743.3000000000001,0.558444082736969
743.4000000000001,0.5603613257408142
743.5,0.5520346164703369
743.6,0.5577806234359741
743.7,0.5616201162338257
743.8000000000001,0.5559423565864563
743.9000000000001,0.5681686997413635
744.0,0.5490133166313171
744.1,0.5610536932945251
744.2,0.5613534450531006
744.3000000000001,0.5476719737052917
744.4000000000001,0.5500485301017761
744.5,0.5518231391906738
744.6,0.5498184561729431
744.7,0.5560621023178101
744.8000000000001,0.5483773946762085
744.9000000000001,0.5403460264205933
745.0,0.5525414347648621
745.1,0.5621635913848877
745.2,0.5537838339805603
745.3000000000001,0.5596283674240112
745.4000000000001,0.557562530040741
745.5,0.5523654818534851
745.6,0.546651303768158
745.7,0.5489822030067444
745.8000000000001,0.5489806532859802
745.9000000000001,0.553912341594696
746.0,0.5345372557640076
746.1,0.5518313646316528
746.2,0.5550640821456909
746.3000000000001,0.5501712560653687
746.4000000000001,0.5625150203704834
746.5,0.5521664023399353
746.6,0.559973418712616
746.7,0.5520909428596497
746.8000000000001,0.5507009625434875
746.9000000000001,0.551701009273529
747.0,0.5558698177337646
747.1,0.5485152006149292
747.2,0.5537479519844055
747.3000000000001,0.551193118095398
747.4000000000001,0.5543844699859619
747.5,0.5463626384735107
747.6,0.5513505935668945
747.7,0.5489974021911621
747.8000000000001,0.5480774641036987
747.9000000000001,0.5458335876464844
748.0,0.5432321429252625
748.1,0.5523698925971985
748.2,0.5511102080345154
748.3000000000001,0.5489283800125122
748.4000000000001,0.5568357110023499
748.5,0.549304187297821
748.6,0.5428556203842163
748.7,0.5478653311729431
748.8000000000001,0.549918532371521
748.9000000000001,0.5483620762825012
749.0,0.5444775819778442
749.1,0.5428265929222107
749.2,0.5450403690338135
749.3000000000001,0.5475247502326965
749.4000000000001,0.539415180683136
749.5,0.5328113436698914
749.6,0.545094907283783
749.7,0.5349949598312378
749.8000000000001,0.5424190163612366
749.9000000000001,0.547943651676178
750.0,0.5515055060386658
750.1,0.544741690158844
750.2,0.5386229753494263
750.3000000000001,0.5469852089881897
750.4000000000001,0.5299309492111206
750.5,0.5479841232299805
750.6,0.5405319929122925
750.7,0.5428122878074646
750.8000000000001,0.5441023707389832
750.9000000000001,0.5390491485595703
751.0,0.5420424938201904
751.1,0.5414785742759705
751.2,0.5373644828796387
751.3000000000001,0.5389660596847534
751.4000000000001,0.5382121801376343
751.5,0.5343940258026123
751.6,0.5430355668067932
751.7,0.54385906457901
751.8000000000001,0.5334215760231018
751.9000000000001,0.5285025238990784
752.0,0.5392347574234009
752.1,0.5417101383209229
752.2,0.5412433743476868
752.3000000000001,0.5309082865715027
752.4000000000001,0.5370619893074036
752.5,0.5282691717147827
752.6,0.541061282157898
752.7,0.5376008152961731
752.8000000000001,0.5317698121070862
752.9000000000001,0.5358733534812927
753.0,0.5406650900840759
753.1,0.5431650280952454
753.2,0.5264089703559875
753.3000000000001,0.5387061834335327
753.4000000000001,0.5329827070236206
753.5,0.5378660559654236
753.6,0.5370475053787231
753.7,0.5384608507156372
753.8000000000001,0.5191168189048767
753.9000000000001,0.5373116135597229
754.0,0.5372621417045593
754.1,0.5401185750961304
754.2,0.5315452218055725
754.3000000000001,0.5363291501998901
754.4000000000001,0.522864043712616
754.5,0.536939263343811
754.6,0.5320719480514526
754.7,0.5372462272644043
754.8000000000001,0.5300209522247314
754.9000000000001,0.5269419550895691
755.0,0.5268375873565674
755.1,0.5307438969612122
755.2,0.5350125432014465
755.3000000000001,0.5336396098136902
755.4000000000001,0.5200003385543823
755.5,0.5270522236824036
755.6,0.5289769768714905
755.7,0.5325920581817627
755.8000000000001,0.5246553421020508
755.9000000000001,0.528140664100647
756.0,0.5274615287780762
756.1,0.5243022441864014
756.2,0.5265867710113525
756.3000000000001,0.5247153639793396
756.4000000000001,0.532781183719635
756.5,0.5262113809585571
756.6,0.5302284955978394
756.7,0.52351975440979
756.8000000000001,0.5315568447113037
756.9000000000001,0.5218473672866821
757.0,0.5269287824630737
757.1,0.5119643211364746
757.2,0.5243567228317261
757.3000000000001,0.5084781646728516
757.4000000000001,0.5192534327507019
757.5,0.5251433849334717
757.6,0.5258883237838745
757.7,0.528471052646637
757.8000000000001,0.5301587581634521
757.9000000000001,0.5253650546073914
758.0,0.5276051759719849
758.1,0.5270082950592041
758.2,0.5170813798904419
758.3000000000001,0.5119722485542297
758.4000000000001,0.5163941383361816
758.5,0.5277863144874573
758.6,0.5160391926765442
758.7,0.5207927823066711
758.8000000000001,0.5269784331321716
758.9000000000001,0.5191421508789062
759.0,0.5226066708564758
759.1,0.5260359644889832
759.2,0.5142287611961365
759.3000000000001,0.5122321248054504
759.4000000000001,0.5217597484588623
759.5,0.5098609924316406
759.6,0.5246648788452148
759.7,0.5140883326530457
759.8000000000001,0.5202199816703796
759.9000000000001,0.5233571529388428
760.0,0.5128530859947205
760.1,0.5294753313064575
760.2,0.5165808796882629
760.3000000000001,0.5244448184967041
760.4000000000001,0.5037689805030823
760.5,0.5120076537132263
760.6,0.5182330012321472
760.7,0.5245933532714844
760.8000000000001,0.5107023119926453
760.9000000000001,0.5199934840202332
761.0,0.5141860246658325
761.1,0.5145729780197144
761.2,0.5141953229904175
761.3000000000001,0.5161699056625366
761.4000000000001,0.5171021819114685
761.5,0.5163986682891846
761.6,0.512832522392273
761.7,0.5174517631530762
761.8000000000001,0.512820839881897
761.9000000000001,0.5097013711929321
762.0,0.5111171007156372
762.1,0.5137503743171692
762.2,0.5107701420783997
762.3000000000001,0.49528899788856506
762.4000000000001,0.5087282657623291
762.5,0.5049146413803101
762.6,0.5155019760131836
762.7,0.5136057138442993
762.8000000000001,0.508945882320404
762.9000000000001,0.5149530172348022
763.0,0.5107170939445496
763.1,0.5079648494720459
763.2,0.508216142654419
763.3000000000001,0.5129719972610474
763.4000000000001,0.49654918909072876
763.5,0.5126864910125732
763.6,0.5079033374786377
763.7,0.5038105249404907
763.8000000000001,0.5020151138305664
763.9000000000001,0.5031552314758301
764.0,0.5081024765968323
764.1,0.5032870769500732
764.2,0.5034761428833008
764.3000000000001,0.5118430852890015
764.4000000000001,0.5027371644973755
764.5,0.5076190233230591
764.6,0.50528484582901
764.7,0.5103905200958252
764.8000000000001,0.5082119107246399
764.9000000000001,0.5093875527381897
765.0,0.4980928897857666
765.1,0.5022535920143127
765.2,0.4970661401748657
765.3000000000001,0.5091045498847961
765.4000000000001,0.5015618205070496
765.5,0.4996219277381897
765.6,0.5094647407531738
765.7,0.4996567666530609
765.8000000000001,0.5060117244720459
765.9000000000001,0.503575325012207
766.0,0.5010486841201782
766.1,0.5045469403266907
766.2,0.5026269555091858
766.3000000000001,0.5041235685348511
766.4000000000001,0.5091803073883057
766.5,0.509249746799469
766.6,0.49483370780944824
766.7,0.49869292974472046
766.8000000000001,0.5011345744132996
766.9000000000001,0.4967494010925293
767.0,0.49651390314102173
767.1,0.49345752596855164
767.2,0.49616295099258423
767.3000000000001,0.49752184748649597
767.4000000000001,0.49556541442871094
767.5,0.4930954575538635
767.6,0.5031567811965942
767.7,0.4956551194190979
767.8000000000001,0.4989779591560364
767.9000000000001,0.4969806671142578
768.0,0.5005229711532593
768.1,0.4922184944152832
768.2,0.5091764330863953
768.3000000000001,0.4997023046016693
768.4000000000001,0.49700143933296204
768.5,0.4995734393596649
768.6,0.4988097846508026
768.7,0.489361435174942
768.8000000000001,0.501690149307251
768.9000000000001,0.49892210960388184
769.0,0.501100480556488
769.1,0.49833399057388306
769.2,0.49417969584465027
769.3000000000001,0.49864333868026733
769.4000000000001,0.48847007751464844
769.5,0.48865094780921936
769.6,0.5004457831382751
769.7,0.4922223389148712
769.8000000000001,0.48006176948547363
769.9000000000001,0.4907492995262146
770.0,0.4923129081726074
770.1,0.48536163568496704
770.2,0.49525442719459534
770.3000000000001,0.4960209131240845
770.4000000000001,0.4862889051437378
770.5,0.4935573637485504
770.6,0.49668627977371216
770.7,0.4945305585861206
770.8000000000001,0.47884395718574524
770.9000000000001,0.48567909002304077
771.0,0.48865067958831787
771.1,0.4951452910900116
771.2,0.4808049201965332
771.3000000000001,0.48827871680259705
771.4000000000001,0.47912952303886414
771.5,0.4903149902820587
771.6,0.49020659923553467
771.7,0.4836282432079315
771.8000000000001,0.48616719245910645
771.9000000000001,0.4717096984386444
772.0,0.4871976971626282
772.1,0.4945448637008667
772.2,0.4821588099002838
772.3000000000001,0.48628857731819153
772.4000000000001,0.49367302656173706
772.5,0.47560641169548035
772.6,0.48559677600860596
772.7,0.48558133840560913
772.8000000000001,0.4889548718929291
772.9000000000001,0.47239693999290466
773.0,0.47793182730674744
773.1,0.48093265295028687
773.2,0.4705083966255188
773.3000000000001,0.48803237080574036
773.4000000000001,0.478735089302063
773.5,0.48438552021980286
773.6,0.48209908604621887
773.7,0.4759426712989807
773.8000000000001,0.4832104444503784
773.9000000000001,0.48192381858825684
774.0,0.48594072461128235
774.1,0.4755003750324249
774.2,0.4842444956302643
774.3000000000001,0.48650774359703064
774.4000000000001,0.48429182171821594
774.5,0.4875276982784271
774.6,0.4793603718280792
774.7,0.4830535054206848
774.8000000000001,0.48376643657684326
774.9000000000001,0.4777772128582001
775.0,0.48098188638687134
775.1,0.47761934995651245
775.2,0.4768052399158478
775.3000000000001,0.4863056242465973
775.4000000000001,0.4692021906375885
775.5,0.48164692521095276
775.6,0.4710763692855835
775.7,0.4876275062561035
775.8000000000001,0.48414990305900574
775.9000000000001,0.4700954854488373
776.0,0.45864224433898926
776.1,0.47022610902786255
776.2,0.47776830196380615
776.3000000000001,0.4767966568470001
776.4000000000001,0.47549816966056824
776.5,0.4757375717163086
776.6,0.48009002208709717
776.7,0.47864672541618347
776.8000000000001,0.468659907579422
776.9000000000001,0.47162944078445435
777.0,0.46992287039756775
777.1,0.4777592122554779
777.2,0.47373953461647034
777.3000000000001,0.4814024567604065
777.4000000000001,0.4723915755748749
777.5,0.4755942225456238
777.6,0.4658365845680237
777.7,0.47918593883514404
777.8000000000001,0.4676697552204132
777.9000000000001,0.47101351618766785
778.0,0.4724148213863373
778.1,0.4651629328727722
778.2,0.4649781286716461
778.3000000000001,0.4782053530216217
778.4000000000001,0.4711608290672302
778.5,0.4698558747768402
778.6,0.46587157249450684
778.7,0.47738808393478394
778.8000000000001,0.4694896936416626
778.9000000000001,0.46430736780166626
779.0,0.45738816261291504
779.1,0.471414178609848
779.2,0.4498739242553711
779.3000000000001,0.46952298283576965
779.4000000000001,0.4656824767589569
779.5,0.4650438129901886
779.6,0.4746555685997009
779.7,0.46322816610336304
779.8000000000001,0.4687802791595459
779.9000000000001,0.4663502275943756
780.0,0.4636787176132202
780.1,0.4737182557582855
780.2,0.4656220078468323
780.3000000000001,0.4751276671886444
780.4000000000001,0.4605240225791931
780.5,0.4689447581768036
780.6,0.46977290511131287
780.7,0.4542090594768524
780.8000000000001,0.46892857551574707
780.9000000000001,0.4710479974746704
781.0,0.4633866250514984
781.1,0.46345677971839905
781.2,0.46312081813812256
781.3000000000001,0.4604089558124542
781.4000000000001,0.45590755343437195
781.5,0.46230435371398926
781.6,0.4640509784221649
781.7,0.4662999212741852
781.8000000000001,0.46314898133277893
781.9000000000001,0.4620586633682251
782.0,0.4645235538482666
782.1,0.4649600386619568
782.2,0.4547310471534729
782.3000000000001,0.468703031539917
782.4000000000001,0.45626774430274963
782.5,0.4586789608001709
782.6,0.4577931761741638
782.7,0.46213266253471375
782.8000000000001,0.46110349893569946
782.9000000000001,0.4656428396701813
783.0,0.46043863892555237
783.1,0.46372190117836
783.2,0.46356749534606934
783.3000000000001,0.44802409410476685
783.4000000000001,0.448316365480423
783.5,0.4648686349391937
783.6,0.47106051445007324
783.7,0.463643878698349
783.8000000000001,0.4591783881187439
783.9000000000001,0.46087124943733215
784.0,0.44868990778923035
784.1,0.45987674593925476
784.2,0.4632171392440796
784.3000000000001,0.45070502161979675
784.4000000000001,0.44664496183395386
784.5,0.459697425365448
784.6,0.46184638142585754
784.7,0.45018619298934937
784.8000000000001,0.45064786076545715
784.9000000000001,0.4518471956253052
785.0,0.4595419764518738
785.1,0.4565213918685913
785.2,0.4475128948688507
785.3000000000001,0.455518901348114
785.4000000000001,0.45036736130714417
785.5,0.45203322172164917
785.6,0.4473862946033478
785.7,0.45308220386505127
785.8000000000001,0.44724586606025696
785.9000000000001,0.46040207147598267
786.0,0.4527325928211212
786.1,0.44773080945014954
786.2,0.4550342261791229
786.3000000000001,0.4508104920387268
786.4000000000001,0.45088598132133484
786.5,0.45191138982772827
786.6,0.44700172543525696
786.7,0.4515322148799896
786.8000000000001,0.4514164924621582
786.9000000000001,0.4517482817173004
787.0,0.4447210431098938
787.1,0.4539523720741272
787.2,0.45707952976226807
787.3000000000001,0.4505767524242401
787.4000000000001,0.4488130509853363
787.5,0.4508475065231323
787.6,0.45011797547340393
787.7,0.44591355323791504
787.8000000000001,0.44124412536621094
787.9000000000001,0.4479329288005829
788.0,0.44144290685653687
788.1,0.4469276964664459
788.2,0.4427172541618347
788.3000000000001,0.4498916268348694
788.4000000000001,0.4405263066291809
788.5,0.448961466550827
788.6,0.446327805519104
788.7,0.44656339287757874
788.8000000000001,0.44678059220314026
788.9000000000001,0.4547029435634613
789.0,0.4487753212451935
789.1,0.44518208503723145
789.2,0.4484556019306183
789.3000000000001,0.4456876516342163
789.4000000000001,0.44012340903282166
789.5,0.4447872042655945
789.6,0.44394758343696594
789.7,0.4358903467655182
789.8000000000001,0.4423741102218628
789.9000000000001,0.4389534592628479
790.0,0.4459792673587799
790.1,0.44506382942199707
790.2,0.44899001717567444
790.3000000000001,0.44471076130867004
790.4000000000001,0.4388698935508728
790.5,0.44676318764686584
790.6,0.432314395904541
790.7,0.4461507797241211
790.8000000000001,0.4284958243370056
790.9000000000001,0.44610103964805603
791.0,0.4377921223640442
791.1,0.444815069437027
791.2,0.4384617805480957
791.3000000000001,0.4399268329143524
791.4000000000001,0.43804386258125305
791.5,0.43808332085609436
791.6,0.43873530626296997
791.7,0.43683648109436035
791.8000000000001,0.4353668689727783
791.9000000000001,0.43396827578544617
792.0,0.4437084496021271
792.1,0.43895238637924194
792.2,0.4324742555618286
792.3000000000001,0.4372614622116089
792.4000000000001,0.4333890974521637
792.5,0.43497681617736816
792.6,0.4390411376953125
792.7,0.42989930510520935
792.8000000000001,0.4304313063621521
792.9000000000001,0.4274568259716034
793.0,0.4300166368484497
793.1,0.4336688220500946
793.2,0.4295491874217987
793.3000000000001,0.4282236397266388
793.4000000000001,0.4426795244216919
793.5,0.43026700615882874
793.6,0.4260447025299072
793.7,0.4320819675922394
793.8000000000001,0.4291856288909912
793.9000000000001,0.4339987337589264
794.0,0.4227800667285919
794.1,0.42992857098579407
794.2,0.4353936016559601
794.3000000000001,0.4322356879711151
794.4000000000001,0.42228859663009644
794.5,0.4270871579647064
794.6,0.4354175925254822
794.7,0.4321897029876709
794.8000000000001,0.43365809321403503
794.9000000000001,0.4244994819164276
795.0,0.4373164474964142
795.1,0.4221065938472748
795.2,0.429062157869339
795.3000000000001,0.41545239090919495
795.4000000000001,0.43006134033203125
795.5,0.42097416520118713
795.6,0.42539703845977783
795.7,0.4235038161277771
795.8000000000001,0.4247727394104004
795.9000000000001,0.4344233572483063
796.0,0.4195792078971863
796.1,0.4230253994464874
796.2,0.4289664030075073
796.3000000000001,0.4234064817428589
796.4000000000001,0.42741039395332336
796.5,0.4236416816711426
796.6,0.43210411071777344
796.7,0.42345133423805237
796.8000000000001,0.4266160726547241
796.9000000000001,0.4255189299583435
797.0,0.42200082540512085
797.1,0.4327775239944458
797.2,0.4191547632217407
797.3000000000001,0.4217069447040558
797.4000000000001,0.41739222407341003
797.5,0.42311856150627136
797.6,0.4291008710861206
797.7,0.41991421580314636
797.8000000000001,0.41872844099998474
797.9000000000001,0.422220915555954
798.0,0.42363354563713074
798.1,0.42068496346473694
798.2,0.42512431740760803
798.3000000000001,0.41254496574401855
798.4000000000001,0.4121823310852051
798.5,0.4106576442718506
798.6,0.4219852387905121
798.7,0.42374783754348755
798.8000000000001,0.4230985641479492
798.9000000000001,0.4115881621837616
799.0,0.4164026379585266
799.1,0.4192047715187073
799.2,0.42497000098228455
799.3000000000001,0.41637033224105835
799.4000000000001,0.42773908376693726
799.5,0.42079976201057434
799.6,0.42422693967819214
799.7,0.4217643141746521
799.8000000000001,0.4170131981372833
799.9000000000001,0.41947534680366516
800.0,0.421861469745636
800.1,0.4161056578159332
800.2,0.41222870349884033
800.3000000000001,0.4153342843055725
800.4000000000001,0.4210647642612457
800.5,0.4204969108104706
800.6,0.4092863202095032
800.7,0.4131244421005249
800.8000000000001,0.4192437529563904
800.9000000000001,0.4039282500743866
801.0,0.4107169806957245
801.1,0.4134436547756195
801.2,0.4117375314235687
801.3000000000001,0.4119768738746643
801.4000000000001,0.41222190856933594
801.5,0.41266968846321106
801.6,0.4117407500743866
801.7,0.4112318158149719
801.8000000000001,0.416655570268631
801.9000000000001,0.4018903970718384
802.0,0.4044691324234009
802.1,0.4012588560581207
802.2,0.41077524423599243
802.3000000000001,0.40818244218826294
802.4000000000001,0.40857478976249695
802.5,0.4103504419326782
802.6,0.399996817111969
802.7,0.40611696243286133
802.8000000000001,0.4075366258621216
802.9000000000001,0.4046441912651062
803.0,0.4124639928340912
803.1,0.4135962724685669
803.2,0.4050021171569824
803.3000000000001,0.4054870009422302
803.4000000000001,0.4007139801979065
803.5,0.4027978181838989
803.6,0.4008742868900299
803.7,0.3918062746524811
803.8000000000001,0.40722256898880005
803.9000000000001,0.3955838978290558
804.0,0.4065327048301697
804.1,0.3948774039745331
804.2,0.40790775418281555
804.3000000000001,0.40443235635757446
804.4000000000001,0.402608722448349
804.5,0.39508822560310364
804.6,0.4072820544242859
804.7,0.41116413474082947
804.8000000000001,0.4070703387260437
804.9000000000001,0.3991931676864624
805.0,0.40499523282051086
805.1,0.40196335315704346
805.2,0.4035506546497345
805.3000000000001,0.4013001322746277
805.4000000000001,0.4040180444717407
805.5,0.4076020419597626
805.6,0.3952963650226593
805.7,0.4065340459346771
805.8000000000001,0.39844977855682373
805.9000000000001,0.4042544364929199
806.0,0.4039718806743622
806.1,0.3995366394519806
806.2,0.39241158962249756
806.3000000000001,0.4025140106678009
806.4000000000001,0.38877832889556885
806.5,0.39828935265541077
806.6,0.39229121804237366
806.7,0.4025406241416931
806.8000000000001,0.3895278573036194
806.9000000000001,0.3846170902252197
807.0,0.39249467849731445
807.1,0.3984794616699219
807.2,0.3852488398551941
807.3000000000001,0.38662877678871155
807.4000000000001,0.4010433256626129
807.5,0.3911518156528473
807.6,0.398030161857605
807.7,0.37842777371406555
807.8000000000001,0.3725937604904175
807.9000000000001,0.4007198214530945
808.0,0.39735448360443115
808.1,0.3973625898361206
808.2,0.3813762366771698
808.3000000000001,0.3880177438259125
808.4000000000001,0.38687771558761597
808.5,0.3962850570678711
808.6,0.38997942209243774
808.7,0.39238250255584717
808.8000000000001,0.38110634684562683
808.9000000000001,0.3934820592403412
809.0,0.3824253976345062
809.1,0.3955927789211273
809.2,0.37607911229133606
809.3000000000001,0.3810255229473114
809.4000000000001,0.38544532656669617
809.5,0.38942933082580566
809.6,0.3852202594280243
809.7,0.37755244970321655
809.8000000000001,0.3789944052696228
809.9000000000001,0.38164886832237244
810.0,0.3819974362850189
810.1,0.3842023015022278
810.2,0.37742748856544495
810.3000000000001,0.38156408071517944
810.4000000000001,0.38670316338539124
810.5,0.37467849254608154
810.6,0.38097140192985535
810.7,0.3642159402370453
810.8000000000001,0.38036999106407166
810.9000000000001,0.3840281069278717
811.0,0.3786023259162903
811.1,0.38605234026908875
811.2,0.37906137108802795
811.3000000000001,0.38816434144973755
811.4000000000001,0.37417104840278625
811.5,0.37671905755996704
811.6,0.38066965341567993
811.7,0.3723659813404083
811.8000000000001,0.37665584683418274
811.9000000000001,0.3699841797351837
812.0,0.3824287950992584
812.1,0.3817383050918579
812.2,0.37801095843315125
812.3000000000001,0.3670348525047302
812.4000000000001,0.379199355840683
812.5,0.3687475621700287
812.6,0.3760668933391571
812.7,0.3716336488723755
812.8000000000001,0.37843969464302063
812.9000000000001,0.3788332939147949
813.0,0.3728979229927063
813.1,0.37554067373275757
813.2,0.3701511323451996
813.3000000000001,0.35772907733917236
813.4000000000001,0.3737914562225342
813.5,0.36665078997612
813.6,0.3733043670654297
813.7,0.36892426013946533
813.8000000000001,0.36838528513908386
813.9000000000001,0.37672314047813416
814.0,0.375285804271698
814.1,0.3721279501914978
814.2,0.3669813573360443
814.3000000000001,0.37398600578308105
814.4000000000001,0.3653794229030609
814.5,0.3741120398044586
814.6,0.37232720851898193
814.7,0.3708484172821045
814.8000000000001,0.35852888226509094
814.9000000000001,0.36983174085617065
815.0,0.37114354968070984
815.1,0.3685809075832367
815.2,0.3588646948337555
815.3000000000001,0.36375337839126587
815.4000000000001,0.3714079260826111
815.5,0.3776732385158539
815.6,0.36638930439949036
815.7,0.36270812153816223
815.8000000000001,0.36741283535957336
815.9000000000001,0.37285152077674866
816.0,0.36199429631233215
816.1,0.3683805465698242
816.2,0.37476304173469543
816.3000000000001,0.3766810894012451
816.4000000000001,0.3636915385723114
816.5,0.366698682308197
816.6,0.3639126718044281
816.7,0.3644404113292694
816.8000000000001,0.36597397923469543
816.9000000000001,0.36967214941978455
817.0,0.3729062080383301
817.1,0.3545915186405182
817.2,0.36503148078918457
817.3000000000001,0.3692644536495209
817.4000000000001,0.36076539754867554
817.5,0.36522260308265686
817.6,0.36719173192977905
817.7,0.370160847902298
817.8000000000001,0.368537575006485
817.9000000000001,0.3651152551174164
818.0,0.3618743121623993
818.1,0.36779725551605225
818.2,0.367055207490921
818.3000000000001,0.3651353418827057
818.4000000000001,0.3667127192020416
818.5,0.36634162068367004
818.6,0.3428710103034973
818.7,0.3634452521800995
818.8000000000001,0.3478935956954956
818.9000000000001,0.35673102736473083
819.0,0.36729687452316284
819.1,0.3523431122303009
819.2,0.35824820399284363
819.3000000000001,0.35951170325279236
819.4000000000001,0.3587738871574402
819.5,0.36047840118408203
819.6,0.3557076156139374
819.7,0.3576093018054962
819.8000000000001,0.35574039816856384
819.9000000000001,0.36036431789398193
820.0,0.3572583794593811
820.1,0.37357649207115173
820.2,0.3628482520580292
820.3000000000001,0.3641648590564728
820.4000000000001,0.3622731566429138
820.5,0.35276225209236145
820.6,0.3511827290058136
820.7,0.356414258480072
820.8000000000001,0.35658541321754456
820.9000000000001,0.35771459341049194
821.0,0.36193010210990906
821.1,0.3534267842769623
821.2,0.3578941524028778
821.3000000000001,0.3519447147846222
821.4000000000001,0.3541959226131439
821.5,0.3558744490146637
821.6,0.36187487840652466
821.7,0.36099573969841003
821.8000000000001,0.3585164248943329
821.9000000000001,0.34739813208580017
822.0,0.3496708273887634
822.1,0.35781729221343994
822.2,0.3596338927745819
822.3000000000001,0.35540926456451416
822.4000000000001,0.35324275493621826
822.5,0.34773626923561096
822.6,0.3603302240371704
822.7,0.3571229577064514
822.8000000000001,0.350963294506073
822.9000000000001,0.3494361639022827
823.0,0.351940780878067
823.1,0.3590206205844879
823.2,0.35111764073371887
823.3000000000001,0.3554680049419403
823.4000000000001,0.3503711223602295
823.5,0.3633427619934082
823.6,0.34292975068092346
823.7,0.3436613082885742
823.8000000000001,0.3470701575279236
823.9000000000001,0.35490599274635315
824.0,0.3533570468425751
824.1,0.3455411493778229
824.2,0.3535977303981781
824.3000000000001,0.3514378070831299
824.4000000000001,0.34624454379081726
824.5,0.3482156991958618
824.6,0.3511196970939636
824.7,0.3580780625343323
824.8000000000001,0.3501507043838501
824.9000000000001,0.34006941318511963
825.0,0.34049496054649353
825.1,0.3425596058368683
825.2,0.3564552068710327
825.3000000000001,0.3420446515083313
825.4000000000001,0.3506160378456116
825.5,0.34298014640808105
825.6,0.3492393493652344
825.7,0.34896790981292725
825.8000000000001,0.34847283363342285
825.9000000000001,0.34180793166160583
826.0,0.34938326478004456
826.1,0.34047091007232666
826.2,0.3463265299797058
826.3000000000001,0.3435508608818054
826.4000000000001,0.341697096824646
826.5,0.3497760593891144
826.6,0.34758684039115906
826.7,0.3461064100265503
826.8000000000001,0.3474222719669342
826.9000000000001,0.3428083658218384
827.0,0.34876739978790283
827.1,0.35028865933418274
827.2,0.3518952429294586
827.3000000000001,0.3439340591430664
827.4000000000001,0.3479056656360626
827.5,0.33822232484817505
827.6,0.33283957839012146
827.7,0.3264234960079193
827.8000000000001,0.3471340537071228
827.9000000000001,0.3461417853832245
828.0,0.3427172899246216
828.1,0.3378763794898987
828.2,0.34485939145088196
828.3000000000001,0.3405647277832031
828.4000000000001,0.33457303047180176
828.5,0.3398265838623047
828.6,0.3325779139995575
828.7,0.35260096192359924
828.8000000000001,0.33879825472831726
828.9000000000001,0.34492695331573486
829.0,0.3408295512199402
829.1,0.34764254093170166
829.2,0.3358422517776489
829.3000000000001,0.34314873814582825
829.4000000000001,0.3350633978843689
829.5,0.3434126079082489
829.6,0.34550485014915466
829.7,0.33294281363487244
829.8000000000001,0.33142128586769104
829.9000000000001,0.33769646286964417
830.0,0.3371797204017639
830.1,0.3440241813659668
830.2,0.34123995900154114
830.3000000000001,0.3361035883426666
830.4000000000001,0.33337506651878357
830.5,0.3394019305706024
830.6,0.3300999402999878
830.7,0.345571905374527
830.8000000000001,0.337418794631958
830.9000000000001,0.3415120840072632
831.0,0.3390202224254608
831.1,0.33849743008613586
831.2,0.3365309536457062
831.3000000000001,0.33635690808296204
831.4000000000001,0.3371642231941223
831.5,0.3426966071128845
831.6,0.34003332257270813
831.7,0.32858866453170776
831.8000000000001,0.3389180302619934
831.9000000000001,0.3327464163303375
832.0,0.3329920470714569
832.1,0.3384638726711273
832.2,0.33314231038093567
832.3000000000001,0.3352351188659668
832.4000000000001,0.3359474837779999
832.5,0.3358188271522522
832.6,0.3313661813735962
832.7,0.33501967787742615
832.8000000000001,0.3321998119354248
832.9000000000001,0.33058875799179077
833.0,0.34006887674331665
833.1,0.3295062482357025
833.2,0.3353739082813263
833.3000000000001,0.3433746099472046
833.4000000000001,0.33109501004219055
833.5,0.3334238827228546
833.6,0.32860738039016724
833.7,0.32556700706481934
833.8000000000001,0.33251434564590454
833.9000000000001,0.3293301463127136
834.0,0.32567036151885986
834.1,0.3236837685108185
834.2,0.335021048784256
834.3000000000001,0.32693052291870117
834.4000000000001,0.33272621035575867
834.5,0.34152278304100037
834.6,0.333227276802063
834.7,0.326206237077713
834.8000000000001,0.3316495418548584
834.9000000000001,0.32745006680488586
835.0,0.3232208490371704
835.1,0.33317670226097107
835.2,0.32956475019454956
835.3000000000001,0.32787567377090454
835.4000000000001,0.3239815831184387
835.5,0.32909145951271057
835.6,0.3307408094406128
835.7,0.32062670588493347
835.8000000000001,0.3211267292499542
835.9000000000001,0.32383209466934204
836.0,0.33180657029151917
836.1,0.31415459513664246
836.2,0.33177000284194946
836.3000000000001,0.32269078493118286
836.4000000000001,0.33001118898391724
836.5,0.32586994767189026
836.6,0.3255917429924011
836.7,0.3295808434486389
836.8000000000001,0.329976350069046
836.9000000000001,0.3305951952934265
837.0,0.3243796229362488
837.1,0.31768980622291565
837.2,0.3157500922679901
837.3000000000001,0.3273790180683136
837.4000000000001,0.32056546211242676
837.5,0.3312743008136749
837.6,0.3329075276851654
837.7,0.32518666982650757
837.8000000000001,0.33226141333580017
837.9000000000001,0.33019205927848816
838.0,0.3191010653972626
838.1,0.32333385944366455
838.2,0.32718417048454285
838.3000000000001,0.3207234740257263
838.4000000000001,0.3226076066493988
838.5,0.3274284303188324
838.6,0.32473909854888916
838.7,0.3250829875469208
838.8000000000001,0.32557860016822815
838.9000000000001,0.3250173032283783
839.0,0.32807475328445435
839.1,0.31604623794555664
839.2,0.32709571719169617
839.3000000000001,0.3238551616668701
839.4000000000001,0.319184809923172
839.5,0.3214382231235504
839.6,0.3269900977611542
839.7,0.32016658782958984
839.8000000000001,0.3299749195575714
839.9000000000001,0.32122814655303955
840.0,0.32249242067337036
840.1,0.32303160429000854
840.2,0.32108980417251587
840.3000000000001,0.3188909590244293
840.4000000000001,0.3276713788509369
840.5,0.3203299045562744
840.6,0.31670936942100525
840.7,0.3268018066883087
840.8000000000001,0.33066174387931824
840.9000000000001,0.3308258354663849
841.0,0.3271162509918213
841.1,0.32788416743278503
841.2,0.3171153664588928
841.3000000000001,0.3264487683773041
841.4000000000001,0.32659411430358887
841.5,0.33035123348236084
841.6,0.3239184021949768
841.7,0.32611775398254395
841.8000000000001,0.3230557143688202
841.9000000000001,0.32505205273628235
842.0,0.3202207088470459
842.1,0.3184986710548401
842.2,0.3239082396030426
842.3000000000001,0.32234320044517517
842.4000000000001,0.3305981457233429
842.5,0.3259793817996979
842.6,0.310134619474411
842.7,0.32832637429237366
842.8000000000001,0.3273618519306183
842.9000000000001,0.32791668176651
843.0,0.32098913192749023
843.1,0.3263311982154846
843.2,0.3316066861152649
843.3000000000001,0.3140343725681305
843.4000000000001,0.3192955255508423
843.5,0.32669591903686523
843.6,0.33209142088890076
843.7,0.310368150472641
843.8000000000001,0.32043907046318054
843.9000000000001,0.3251953423023224
844.0,0.3282824158668518
844.1,0.32493558526039124
844.2,0.3231748044490814
844.3000000000001,0.32293975353240967
844.4000000000001,0.3236388564109802
844.5,0.319461852312088
844.6,0.3298211097717285
844.7,0.3263181746006012
844.8000000000001,0.3202289640903473
844.9000000000001,0.3249230682849884
845.0,0.3190286159515381
845.1,0.3283054828643799
845.2,0.3246019780635834
845.3000000000001,0.32512909173965454
845.4000000000001,0.3332556486129761
845.5,0.3292982280254364
845.6,0.3143436014652252
845.7,0.3255824148654938
845.8000000000001,0.3202040493488312
845.9000000000001,0.32308363914489746
846.0,0.3249000608921051
846.1,0.3262309432029724
846.2,0.3284299671649933
846.3000000000001,0.325514554977417
846.4000000000001,0.32248032093048096
846.5,0.3299539089202881
846.6,0.323797345161438
846.7,0.32297220826148987
846.8000000000001,0.315425306558609
846.9000000000001,0.3222564458847046
847.0,0.3234028220176697
847.1,0.3291677236557007
847.2,0.3205912709236145
847.3000000000001,0.3312526345252991
847.4000000000001,0.3279799520969391
847.5,0.3140496611595154
847.6,0.32687440514564514
847.7,0.3267918825149536
847.8000000000001,0.31355008482933044
847.9000000000001,0.32825610041618347
848.0,0.3206009268760681
848.1,0.3257454037666321
848.2,0.32203009724617004
848.3000000000001,0.3272152841091156
848.4000000000001,0.3269013464450836
848.5,0.3257788121700287
848.6,0.3207712769508362
848.7,0.32300978899002075
848.8000000000001,0.32588616013526917
848.9000000000001,0.3320533335208893
849.0,0.331897497177124
849.1,0.3249475657939911
849.2,0.3241065740585327
849.3000000000001,0.3310176432132721
849.4000000000001,0.3254609704017639
849.5,0.32124200463294983
849.6,0.3230350613594055
849.7,0.3211562931537628
849.8000000000001,0.32891613245010376
849.9000000000001,0.32714417576789856
850.0,0.3113824725151062
850.1,0.32122093439102173
850.2,0.3250506520271301
850.3000000000001,0.31888553500175476
850.4000000000001,0.3249649703502655
850.5,0.3268812596797943
850.6,0.3243662416934967
850.7,0.32345157861709595
850.8000000000001,0.32722800970077515
850.9000000000001,0.33025890588760376
851.0,0.32722771167755127
851.1,0.3245459794998169
851.2,0.32815539836883545
851.3000000000001,0.32740193605422974
851.4000000000001,0.3228265941143036
851.5,0.330321729183197
851.6,0.32598742842674255
851.7,0.3177570402622223
851.8000000000001,0.32265904545783997
851.9000000000001,0.3305819630622864
852.0,0.31868547201156616
852.1,0.3257500231266022
852.2,0.3213921785354614
852.3000000000001,0.31580954790115356
852.4000000000001,0.32960766553878784
852.5,0.3114037811756134
852.6,0.3152845799922943
852.7,0.32806655764579773
852.8000000000001,0.3210066854953766
852.9000000000001,0.3256099820137024
853.0,0.3266602158546448
853.1,0.3172511160373688
853.2,0.319912850856781
853.3000000000001,0.3262062072753906
853.4000000000001,0.3241550028324127
853.5,0.32357993721961975
853.6,0.3232727646827698
853.7,0.3181103467941284
853.8000000000001,0.33010002970695496
853.9000000000001,0.3202721178531647
854.0,0.32295510172843933
854.1,0.3180510699748993
854.2,0.3189711570739746
854.3000000000001,0.3269035816192627
854.4000000000001,0.3162984848022461
854.5,0.31891992688179016
854.6,0.32740554213523865
854.7,0.3297826647758484
854.8000000000001,0.32629138231277466
854.9000000000001,0.3282722234725952
855.0,0.3208213150501251
855.1,0.328512579202652
855.2,0.3201676607131958
855.3000000000001,0.32994502782821655
855.4000000000001,0.3276490867137909
855.5,0.32193297147750854
855.6,0.32704299688339233
855.7,0.30810225009918213
855.8000000000001,0.3231152296066284
855.9000000000001,0.32709479331970215
856.0,0.3250550925731659
856.1,0.31535252928733826
856.2,0.3268435299396515
856.3000000000001,0.32029271125793457
856.4000000000001,0.32547426223754883
856.5,0.314045250415802
856.6,0.326495498418808
856.7,0.32199627161026
856.8000000000001,0.31996580958366394
856.9000000000001,0.31380048394203186
857.0,0.32265380024909973
857.1,0.3293396830558777
857.2,0.32015690207481384
857.3000000000001,0.3186056613922119
857.4000000000001,0.3241128921508789
857.5,0.3257114589214325
857.6,0.3287980854511261
857.7,0.3250923454761505
857.8000000000001,0.32215920090675354
857.9000000000001,0.32474055886268616
858.0,0.32602837681770325
858.1,0.3191697299480438
858.2,0.3251090347766876
858.3000000000001,0.3211967647075653
858.4000000000001,0.3205135464668274
858.5,0.3280878961086273
858.6,0.32079270482063293
858.7,0.328965425491333
858.8000000000001,0.32845157384872437
858.9000000000001,0.3170480728149414
859.0,0.3263995349407196
859.1,0.31999146938323975
859.2,0.32839182019233704
859.3000000000001,0.33022186160087585
859.4000000000001,0.32298803329467773
859.5,0.32220369577407837
859.6,0.32578763365745544
859.7,0.32023128867149353
859.8000000000001,0.32340407371520996
859.9000000000001,0.3281967341899872
860.0,0.33122652769088745
860.1,0.3316129446029663
860.2,0.3249495327472687
860.3000000000001,0.3273147940635681
860.4000000000001,0.32129785418510437
860.5,0.32808324694633484
860.6,0.3229343593120575
860.7,0.3258448541164398
860.8000000000001,0.3263147175312042
860.9000000000001,0.3268686532974243
861.0,0.32528403401374817
861.1,0.3298245072364807
861.2,0.31587111949920654
861.3000000000001,0.3215652108192444
861.4000000000001,0.32621699571609497
861.5,0.31991806626319885
861.6,0.32351958751678467
861.7,0.32924702763557434
861.8000000000001,0.3225795328617096
861.9000000000001,0.3310314118862152
862.0,0.31152987480163574
862.1,0.3120855689048767
862.2,0.32185348868370056
862.3000000000001,0.32384803891181946
862.4000000000001,0.3259012699127197
862.5,0.32348400354385376
862.6,0.32681405544281006
862.7,0.31668341159820557
862.8000000000001,0.3184555172920227
862.9000000000001,0.32888174057006836
863.0,0.3239770829677582
863.1,0.31658321619033813
863.2,0.32959094643592834
863.3000000000001,0.32064753770828247
863.4000000000001,0.3251563608646393
863.5,0.32339662313461304
863.6,0.32321202754974365
863.7,0.31687548756599426
863.8000000000001,0.31700968742370605
863.9000000000001,0.3219579756259918
864.0,0.3248552680015564
864.1,0.3234883248806
864.2,0.3265502154827118
864.3000000000001,0.3238432705402374
864.4000000000001,0.3321240544319153
864.5,0.3263970613479614
864.6,0.29422691464424133
864.7,0.3322998285293579
864.8000000000001,0.30514755845069885
864.9000000000001,0.31476232409477234
865.0,0.3203698694705963
865.1,0.31643810868263245
865.2,0.32963553071022034
865.3000000000001,0.32450664043426514
865.4000000000001,0.3158937096595764
865.5,0.3217555284500122
865.6,0.32667723298072815
865.7,0.32427117228507996
865.8000000000001,0.33047720789909363
865.9000000000001,0.3271622955799103
866.0,0.311552494764328
866.1,0.3316572904586792
866.2,0.32156044244766235
866.3000000000001,0.32341209053993225
866.4000000000001,0.318048894405365
866.5,0.319858193397522
866.6,0.33121761679649353
866.7,0.3243851065635681
866.8000000000001,0.3276011049747467
866.9000000000001,0.31969988346099854
867.0,0.3152139484882355
867.1,0.3252795338630676
867.2,0.3273378312587738
867.3000000000001,0.3206595480442047
867.4000000000001,0.325154572725296
867.5,0.32583725452423096
867.6,0.31263479590415955
867.7,0.3278222680091858
867.8000000000001,0.33048251271247864
867.9000000000001,0.3184202015399933
868.0,0.31661269068717957
868.1,0.3273293673992157
868.2,0.3193231225013733
868.3000000000001,0.32256704568862915
868.4000000000001,0.31754812598228455
868.5,0.3274996280670166
868.6,0.30653899908065796
868.7,0.3278771638870239
868.8000000000001,0.32776960730552673
868.9000000000001,0.3161206543445587
869.0,0.32796233892440796
869.1,0.3266242742538452
869.2,0.3260243237018585
869.3000000000001,0.33052822947502136
869.4000000000001,0.31179994344711304
869.5,0.3234030306339264
869.6,0.33383870124816895
869.7,0.32612285017967224
869.8000000000001,0.32014304399490356
869.9000000000001,0.32150134444236755
870.0,0.32052624225616455
870.1,0.3204428553581238
870.2,0.3188602328300476
870.3000000000001,0.3214002549648285
870.4000000000001,0.3175241947174072
870.5,0.3247324824333191
870.6,0.3220958113670349
870.7,0.32686716318130493
870.8000000000001,0.3167360723018646
870.9000000000001,0.3191668689250946
871.0,0.3209543526172638
871.1,0.32400405406951904
871.2,0.3183739185333252
871.3000000000001,0.3275224566459656
871.4000000000001,0.3185979127883911
871.5,0.32270464301109314
871.6,0.3251120150089264
871.7,0.32152059674263
871.8000000000001,0.3170783221721649
871.9000000000001,0.33351561427116394
872.0,0.3268260955810547
872.1,0.32126808166503906
872.2,0.32594138383865356
872.3000000000001,0.3209053575992584
872.4000000000001,0.3312293589115143
872.5,0.3224225342273712
872.6,0.326698362827301
872.7,0.3160209357738495
872.8000000000001,0.3248940706253052
872.9000000000001,0.3227930963039398
873.0,0.3221116065979004
873.1,0.32129570841789246
873.2,0.32517609000205994
873.3000000000001,0.3155108094215393
873.4000000000001,0.3311019241809845
873.5,0.3284395635128021
873.6,0.3237158954143524
873.7,0.3242388069629669
873.8000000000001,0.32380589842796326
873.9000000000001,0.3220262825489044
874.0,0.32234621047973633
874.1,0.3204811215400696
874.2,0.31840217113494873
874.3000000000001,0.32133427262306213
874.4000000000001,0.31896570324897766
874.5,0.3211635649204254
874.6,0.31843844056129456
874.7,0.3203718066215515
874.8000000000001,0.3152505159378052
874.9000000000001,0.3269347846508026
875.0,0.3241032660007477
875.1,0.3223477303981781
875.2,0.32587623596191406
875.3000000000001,0.3291242718696594
875.4000000000001,0.3224644660949707
875.5,0.3253531754016876
875.6,0.32590046525001526
875.7,0.3254356384277344
875.8000000000001,0.33153170347213745
875.9000000000001,0.32440876960754395
876.0,0.32478946447372437
876.1,0.32638341188430786
876.2,0.32848626375198364
876.3000000000001,0.31981563568115234
876.4000000000001,0.32452890276908875
876.5,0.3215666711330414
876.6,0.3244267404079437
876.7,0.3151593804359436
876.8000000000001,0.32563459873199463
876.9000000000001,0.3267742693424225
877.0,0.3154956102371216
877.1,0.32874685525894165
877.2,0.32901498675346375
877.3000000000001,0.32911980152130127
877.4000000000001,0.3185785114765167
877.5,0.32838764786720276
877.6,0.32115423679351807
877.7,0.3197048604488373
877.8000000000001,0.32401055097579956
877.9000000000001,0.32392072677612305
878.0,0.3237976133823395
878.1,0.32603609561920166
878.2,0.32692545652389526
878.3000000000001,0.32864853739738464
878.4000000000001,0.3239728510379791
878.5,0.3210603594779968
878.6,0.32353225350379944
878.7,0.32490718364715576
878.8000000000001,0.32246795296669006
878.9000000000001,0.33162713050842285
879.0,0.32788294553756714
879.1,0.33022764325141907
879.2,0.3271055221557617
879.3000000000001,0.3194265067577362
879.4000000000001,0.3243768513202667
879.5,0.3221798837184906
879.6,0.30685660243034363
879.7,0.3222566246986389
879.8000000000001,0.31665611267089844
879.9000000000001,0.3261784017086029
880.0,0.3267737925052643
880.1,0.32663676142692566
880.2,0.33077603578567505
880.3000000000001,0.32144778966903687
880.4000000000001,0.3231201767921448
880.5,0.3146706521511078
880.6,0.3242588937282562
880.7,0.3198840618133545
880.8000000000001,0.31366971135139465
880.9000000000001,0.3264778256416321
881.0,0.3206547200679779
881.1,0.32180318236351013
881.2,0.323739618062973
881.3000000000001,0.3289029598236084
881.4000000000001,0.32238203287124634
881.5,0.32401221990585327
881.6,0.3176817297935486
881.7,0.3201553225517273
881.8000000000001,0.3177604377269745
881.9000000000001,0.32264256477355957
882.0,0.32688817381858826
882.1,0.3260328471660614
882.2,0.317777156829834
882.3000000000001,0.3162882328033447
882.4000000000001,0.3257841169834137
882.5,0.3171359896659851
882.6,0.3201315104961395
882.7,0.3279808461666107
882.8000000000001,0.3262959420681
882.9000000000001,0.3291776180267334
883.0,0.31888872385025024
883.1,0.32385721802711487
883.2,0.3260935842990875
883.3000000000001,0.32482248544692993
883.4000000000001,0.32840272784233093
883.5,0.3211645185947418
883.6,0.3235322833061218
883.7,0.32834693789482117
883.8000000000001,0.31803077459335327
883.9000000000001,0.3254893124103546
884.0,0.3327547609806061
884.1,0.3236583173274994
884.2,0.3208373486995697
884.3000000000001,0.3155747950077057
884.4000000000001,0.3249412178993225
884.5,0.3235747814178467
884.6,0.3280735909938812
884.7,0.3197660744190216
884.8000000000001,0.3234911262989044
884.9000000000001,0.3153434693813324
885.0,0.32053491473197937
885.1,0.31392309069633484
885.2,0.31450533866882324
885.3000000000001,0.3204881548881531
885.4000000000001,0.3270946741104126
885.5,0.3264652192592621
885.6,0.3239521384239197
885.7,0.3276623487472534
885.8000000000001,0.32363462448120117
885.9000000000001,0.32645782828330994
886.0,0.32600516080856323
886.1,0.3240111768245697
886.2,0.323597252368927
886.3000000000001,0.3229106664657593
886.4000000000001,0.317092627286911
886.5,0.3242850601673126
886.6,0.3263155519962311
886.7,0.3194257318973541
886.8000000000001,0.32218676805496216
886.9000000000001,0.3197493255138397
887.0,0.31780654191970825
887.1,0.3215600848197937
887.2,0.3213558495044708
887.3000000000001,0.3199326992034912
887.4000000000001,0.3216504752635956
887.5,0.3137117624282837
887.6,0.3246426582336426
887.7,0.32497820258140564
887.8000000000001,0.3179916739463806
887.9000000000001,0.32261237502098083
888.0,0.325551301240921
888.1,0.3249429762363434
888.2,0.3213440179824829
888.3000000000001,0.32528525590896606
888.4000000000001,0.314475417137146
888.5,0.32717621326446533
888.6,0.3243720531463623
888.7,0.32059890031814575
888.8000000000001,0.32607030868530273
888.9000000000001,0.3265341818332672
889.0,0.32603272795677185
889.1,0.32506904006004333
889.2,0.32094237208366394
889.3000000000001,0.31498652696609497
889.4000000000001,0.32354414463043213
889.5,0.30952104926109314
889.6,0.325019896030426
889.7,0.3045015335083008
889.8000000000001,0.31616392731666565
889.9000000000001,0.3117351531982422
890.0,0.32653820514678955
890.1,0.317497193813324
890.2,0.3204038739204407
890.3000000000001,0.3145028054714203
890.4000000000001,0.3215039372444153
890.5,0.32186853885650635
890.6,0.3234737515449524
890.7,0.3259509205818176
890.8000000000001,0.322570264339447
890.9000000000001,0.31823277473449707
891.0,0.32338854670524597
891.1,0.3146112561225891
891.2,0.32108139991760254
891.3000000000001,0.3178364634513855
891.4000000000001,0.3249658942222595
891.5,0.32786938548088074
891.6,0.3227054476737976
891.7,0.32753413915634155
891.8000000000001,0.3183392286300659
891.9000000000001,0.32221493124961853
892.0,0.3247852325439453
892.1,0.3169545531272888
892.2,0.29889678955078125
892.3000000000001,0.3184020221233368
892.4000000000001,0.31894421577453613
892.5,0.32688355445861816
892.6,0.31474918127059937
892.7,0.3258010149002075
892.8000000000001,0.31774279475212097
892.9000000000001,0.32407015562057495
893.0,0.3259810209274292
893.1,0.31341639161109924
893.2,0.32603025436401367
893.3000000000001,0.3041967749595642
893.4000000000001,0.31952565908432007
893.5,0.32464900612831116
893.6,0.322997123003006
893.7,0.32369929552078247
893.8000000000001,0.3273274302482605
893.9000000000001,0.3113975524902344
894.0,0.32185620069503784
894.1,0.31843459606170654
894.2,0.31602782011032104
894.3000000000001,0.31682929396629333
894.4000000000001,0.3254716098308563
894.5,0.3151859939098358
894.6,0.31573814153671265
894.7,0.3195650279521942
894.8000000000001,0.3289855420589447
894.9000000000001,0.32743871212005615
895.0,0.3240564167499542
895.1,0.3190750479698181
895.2,0.3178386688232422
895.3000000000001,0.31637516617774963
895.4000000000001,0.3115214407444
895.5,0.3284146189689636
895.6,0.3191218078136444
895.7,0.3207460939884186
895.8000000000001,0.31423187255859375
895.9000000000001,0.3162969648838043
896.0,0.3201555907726288
896.1,0.3193630874156952
896.2,0.3079334497451782
896.3000000000001,0.3236459195613861
896.4000000000001,0.32544997334480286
896.5,0.32086795568466187
896.6,0.3201904296875
896.7,0.32080504298210144
896.8000000000001,0.3191699981689453
896.9000000000001,0.320029079914093
897.0,0.3237658739089966
897.1,0.32379379868507385
897.2,0.30964788794517517
897.3000000000001,0.32705798745155334
897.4000000000001,0.32172900438308716
897.5,0.3165115416049957
897.6,0.32757052779197693
897.7,0.31415364146232605
897.8000000000001,0.3176491856575012
897.9000000000001,0.32082638144493103
898.0,0.32055985927581787
898.1,0.3216284215450287
898.2,0.31673991680145264
898.3000000000001,0.3206101357936859
898.4000000000001,0.3174104690551758
898.5,0.32324060797691345
898.6,0.3240258991718292
898.7,0.31895411014556885
898.8000000000001,0.3173772096633911
898.9000000000001,0.31950920820236206
899.0,0.31546807289123535
899.1,0.3201751708984375
899.2,0.32500842213630676
899.3000000000001,0.32798588275909424
899.4000000000001,0.3275738060474396
899.5,0.3089747726917267
899.6,0.3088972568511963
899.7,0.3224365711212158
899.8000000000001,0.3165857493877411
899.9000000000001,0.32820069789886475
900.0,0.32776254415512085
900.1,0.3263707160949707
900.2,0.3215823173522949
900.3000000000001,0.3226253390312195
900.4000000000001,0.31480440497398376
900.5,0.30822309851646423
900.6,0.31688228249549866
900.7,0.3087030053138733
900.8000000000001,0.3254988193511963
900.9000000000001,0.3179476857185364
901.0,0.3218551576137543
901.1,0.310814768075943
901.2,0.3193204700946808
901.3000000000001,0.3182281255722046
901.4000000000001,0.32155299186706543
901.5,0.322946697473526
901.6,0.3155459761619568
901.7,0.319452702999115
901.8000000000001,0.3295612335205078
901.9000000000001,0.32770416140556335
902.0,0.323741614818573
902.1,0.30969059467315674
902.2,0.3235178589820862
902.3000000000001,0.30832639336586
902.4000000000001,0.3257148265838623
902.5,0.32233965396881104
902.6,0.32257911562919617
902.7,0.3231895864009857
902.8000000000001,0.3209017813205719
902.9000000000001,0.3231077492237091
903.0,0.31238603591918945
903.1,0.32149940729141235
903.2,0.3249780833721161
903.3000000000001,0.314365953207016
903.4000000000001,0.32261648774147034
903.5,0.3203321099281311
903.6,0.3262118995189667
903.7,0.32152336835861206
903.8000000000001,0.3084636330604553
903.9000000000001,0.3185552656650543
904.0,0.3180426061153412
904.1,0.31739434599876404
904.2,0.322456419467926
904.3000000000001,0.32584503293037415
904.4000000000001,0.3055460751056671
904.5,0.3254545032978058
904.6,0.31653109192848206
904.7,0.3153376579284668
904.8000000000001,0.31448861956596375
904.9000000000001,0.31699082255363464
905.0,0.312458872795105
905.1,0.3207925856113434
905.2,0.3208269476890564
905.3000000000001,0.31720075011253357
905.4000000000001,0.3202552795410156
905.5,0.32007113099098206
905.6,0.32542163133621216
905.7,0.32572484016418457
905.8000000000001,0.32484206557273865
905.9000000000001,0.3301270008087158
906.0,0.3116864264011383
906.1,0.3175278306007385
906.2,0.32148846983909607
906.3000000000001,0.3217850625514984
906.4000000000001,0.30822330713272095
906.5,0.3126676380634308
906.6,0.3147757053375244
906.7,0.31543681025505066
906.8000000000001,0.320659875869751
906.9000000000001,0.31559324264526367
907.0,0.32677435874938965
907.1,0.31918811798095703
907.2,0.31995102763175964
907.3000000000001,0.3175429403781891
907.4000000000001,0.3209158778190613
907.5,0.3212946355342865
907.6,0.31038668751716614
907.7,0.3229080140590668
907.8000000000001,0.32270321249961853
907.9000000000001,0.32508769631385803
908.0,0.3130025267601013
908.1,0.32188817858695984
908.2,0.3249562978744507
908.3000000000001,0.3312508761882782
908.4000000000001,0.31852987408638
908.5,0.318965345621109
908.6,0.32142403721809387
908.7,0.3245524764060974
908.8000000000001,0.3192586302757263
908.9000000000001,0.3216155171394348
909.0,0.316273033618927
909.1,0.32499226927757263
909.2,0.319616436958313
909.3000000000001,0.31912174820899963
909.4000000000001,0.3274794816970825
909.5,0.31807106733322144
909.6,0.32050690054893494
909.7,0.31922855973243713
909.8000000000001,0.32130688428878784
909.9000000000001,0.31637462973594666
910.0,0.3213196098804474
910.1,0.3070013225078583
910.2,0.31935015320777893
910.3000000000001,0.3053050637245178
910.4000000000001,0.3251989483833313
910.5,0.31209060549736023
910.6,0.319471538066864
910.7,0.31992122530937195
910.8000000000001,0.3141576051712036
910.9000000000001,0.3206910192966461
911.0,0.3143620789051056
911.1,0.3198438584804535
911.2,0.3190469443798065
911.3000000000001,0.3254992663860321
911.4000000000001,0.3092917203903198
911.5,0.32450276613235474
911.6,0.31977808475494385
911.7,0.3146759271621704
911.8000000000001,0.3164936900138855
911.9000000000001,0.31952187418937683
912.0,0.32058820128440857
912.1,0.3218054473400116
912.2,0.3265429735183716
912.3000000000001,0.30822065472602844
912.4000000000001,0.32172948122024536
912.5,0.32386377453804016
912.6,0.32345834374427795
912.7,0.31464284658432007
912.8000000000001,0.3222448229789734
912.9000000000001,0.3224048316478729
913.0000000000001,0.316448837518692
913.1,0.3183608055114746
913.2,0.32283270359039307
913.3000000000001,0.31954777240753174
913.4000000000001,0.31690603494644165
913.5000000000001,0.32624539732933044
913.6,0.32318055629730225
913.7,0.3236068785190582
913.8000000000001,0.3163036108016968
913.9000000000001,0.3294602036476135
914.0000000000001,0.3208271265029907
914.1,0.31886178255081177
914.2,0.32038456201553345
914.3000000000001,0.3204267919063568
914.4000000000001,0.31057965755462646
914.5000000000001,0.3196428716182709
914.6,0.3142906725406647
914.7,0.3193072974681854
914.8000000000001,0.3189273774623871
914.9000000000001,0.31700801849365234
915.0000000000001,0.3154987692832947
915.1,0.3204900622367859
915.2,0.31758347153663635
915.3000000000001,0.31957000494003296
915.4000000000001,0.32389429211616516
915.5000000000001,0.3226504623889923
915.6,0.3204672634601593
915.7,0.3172819912433624
915.8000000000001,0.3212790787220001
915.9000000000001,0.31850236654281616
916.0000000000001,0.320577472448349
916.1,0.3235066831111908
916.2,0.3163329064846039
916.3000000000001,0.3152010142803192
916.4000000000001,0.3268791139125824
916.5000000000001,0.3218593895435333
916.6,0.3128912150859833
916.7,0.32584017515182495
916.8000000000001,0.32074061036109924
916.9000000000001,0.31983882188796997
917.0000000000001,0.3236365020275116
917.1,0.3229120671749115
917.2,0.31961193680763245
917.3000000000001,0.3185669779777527
917.4000000000001,0.3029671609401703
917.5000000000001,0.31392207741737366
917.6,0.3122698962688446
917.7,0.31840991973876953
917.8000000000001,0.3207578957080841
917.9000000000001,0.3197508156299591
918.0000000000001,0.31445303559303284
918.1,0.31284135580062866
918.2,0.3111594021320343
918.3000000000001,0.3302355110645294
918.4000000000001,0.3244779109954834
918.5000000000001,0.3254498541355133
918.6,0.3081681430339813
918.7,0.31892988085746765
918.8000000000001,0.31453219056129456
918.9000000000001,0.32033804059028625
919.0000000000001,0.31945157051086426
919.1,0.32293325662612915
919.2,0.3116210103034973
919.3000000000001,0.3100017011165619
919.4000000000001,0.3206387460231781
919.5000000000001,0.3239060938358307
919.6,0.3206835687160492
919.7,0.3266335725784302
919.8000000000001,0.3138827085494995
919.9000000000001,0.32186517119407654
920.0000000000001,0.3164922893047333
920.1,0.3212577998638153
920.2,0.32226425409317017
920.3000000000001,0.3141772150993347
920.4000000000001,0.326045423746109
920.5000000000001,0.326603502035141
920.6,0.318213552236557
920.7,0.3210737705230713
920.8000000000001,0.3070012331008911
920.9000000000001,0.31895628571510315
921.0000000000001,0.3150111436843872
921.1,0.31099551916122437
921.2,0.32311680912971497
921.3000000000001,0.3189045190811157
921.4000000000001,0.3151838481426239
921.5000000000001,0.31957659125328064
921.6,0.3157041370868683
921.7,0.3232620358467102
921.8000000000001,0.31486961245536804
921.9000000000001,0.31786447763442993
922.0000000000001,0.32531458139419556
922.1,0.31571781635284424
922.2,0.31535300612449646
922.3000000000001,0.32043516635894775
922.4000000000001,0.3083193004131317
922.5000000000001,0.3198561370372772
922.6,0.3172149062156677
922.7,0.3172779679298401
922.8000000000001,0.3229990303516388
922.9000000000001,0.31698283553123474
923.0000000000001,0.32533782720565796
923.1,0.32243403792381287
923.2,0.31239402294158936
923.3000000000001,0.3256285488605499
923.4000000000001,0.31756791472435
923.5000000000001,0.32053691148757935
923.6,0.3115381598472595
923.7,0.3245280683040619
923.8000000000001,0.3213537335395813
923.9000000000001,0.32350626587867737
924.0000000000001,0.31942877173423767
924.1,0.32639041543006897
924.2,0.30722707509994507
924.3000000000001,0.316904217004776
924.4000000000001,0.3195571005344391
924.5000000000001,0.326966255903244
924.6,0.3186473846435547
924.7,0.31577661633491516
924.8000000000001,0.3158622682094574
924.9000000000001,0.3192288279533386
925.0000000000001,0.30707526206970215
925.1,0.324646532535553
925.2,0.30885419249534607
925.3000000000001,0.3139268755912781
925.4000000000001,0.3234502077102661
925.5000000000001,0.32056912779808044
925.6,0.314605712890625
925.7,0.320453017950058
925.8000000000001,0.32228440046310425
925.9000000000001,0.3229430317878723
926.0000000000001,0.31165316700935364
926.1,0.3249136507511139
926.2,0.31840991973876953
926.3000000000001,0.3169620931148529
926.4000000000001,0.3120107352733612
926.5000000000001,0.3242339491844177
926.6,0.32373180985450745
926.7,0.32117554545402527
926.8000000000001,0.3222527503967285
926.9000000000001,0.3169553577899933
927.0000000000001,0.31329241394996643
927.1,0.31053662300109863
927.2,0.314822793006897
927.3000000000001,0.3190336525440216
927.4000000000001,0.320801317691803
927.5000000000001,0.32090887427330017
927.6,0.3250550329685211
927.7,0.3201441764831543
927.8000000000001,0.3142297565937042
927.9000000000001,0.3236801028251648
928.0000000000001,0.32398226857185364
928.1,0.31594327092170715
928.2,0.317279189825058
928.3000000000001,0.3117711842060089
928.4000000000001,0.3133552074432373
928.5000000000001,0.3152691721916199
928.6,0.31301429867744446
928.7,0.3215847611427307
928.8000000000001,0.319652259349823
928.9000000000001,0.3173033893108368
929.0000000000001,0.3179546296596527
929.1,0.31795239448547363
929.2,0.3110189735889435
929.3000000000001,0.30956515669822693
929.4000000000001,0.3201698958873749
929.5000000000001,0.314623087644577
929.6,0.31682872772216797
929.7,0.317598819732666
929.8000000000001,0.3177822530269623
929.9000000000001,0.3175601363182068
930.0000000000001,0.31781312823295593
930.1,0.3168117105960846
930.2,0.3119945526123047
930.3000000000001,0.3134339451789856
930.4000000000001,0.32099905610084534
930.5000000000001,0.31675630807876587
930.6,0.3068658709526062
930.7,0.31338104605674744
930.8000000000001,0.3152804672718048
930.9000000000001,0.3217049241065979
931.0000000000001,0.3121604919433594
931.1,0.3182082772254944
931.2,0.3252602815628052
931.3000000000001,0.30901771783828735
931.4000000000001,0.3204399347305298
931.5000000000001,0.3234938085079193
931.6,0.31801149249076843
931.7,0.3186570703983307
931.8000000000001,0.3146321475505829
931.9000000000001,0.3179902732372284
932.0000000000001,0.30850109457969666
932.1,0.3135462999343872
932.2,0.3227280080318451
932.3000000000001,0.317843496799469
932.4000000000001,0.31950658559799194
932.5000000000001,0.31818971037864685
932.6,0.3091500699520111
932.7,0.3175942599773407
932.8000000000001,0.3092633783817291
932.9000000000001,0.31923872232437134
933.0000000000001,0.32095786929130554
933.1,0.3102273941040039
933.2,0.3141140937805176
933.3000000000001,0.3159157633781433
933.4000000000001,0.316531240940094
933.5000000000001,0.30821189284324646
933.6,0.3110746443271637
933.7,0.30801472067832947
933.8000000000001,0.32154518365859985
933.9000000000001,0.3230709135532379
934.0000000000001,0.3181411027908325
934.1,0.3181461691856384
934.2,0.3152307868003845
934.3000000000001,0.32114824652671814
934.4000000000001,0.3099379241466522
934.5000000000001,0.3263126015663147
934.6,0.3210563361644745
934.7,0.3200100362300873
934.8000000000001,0.3205692768096924
934.9000000000001,0.31438884139060974
935.0000000000001,0.32255396246910095
935.1,0.31715333461761475
935.2,0.31688612699508667
935.3000000000001,0.30529549717903137
935.4000000000001,0.32039469480514526
935.5000000000001,0.31088778376579285
935.6,0.31043845415115356
935.7,0.31569549441337585
935.8000000000001,0.3197357952594757
935.9000000000001,0.31712889671325684
936.0000000000001,0.32197409868240356
936.1,0.31522059440612793
936.2,0.31603899598121643
936.3000000000001,0.3175978660583496
936.4000000000001,0.3085893392562866
936.5000000000001,0.31893905997276306
936.6,0.3170751929283142
936.7,0.31695112586021423
936.8000000000001,0.3062390685081482
936.9000000000001,0.3243247866630554
937.0000000000001,0.3115804195404053
937.1,0.3182673454284668
937.2,0.3173627555370331
937.3000000000001,0.32566896080970764
937.4000000000001,0.3209385275840759
937.5000000000001,0.31941208243370056
937.6,0.3196868300437927
937.7,0.3191634714603424
937.8000000000001,0.31598952412605286
937.9000000000001,0.3107982277870178
938.0000000000001,0.3099694848060608
938.1,0.3145248293876648
938.2,0.3185504078865051
938.3000000000001,0.31659770011901855
938.4000000000001,0.3179459571838379
938.5000000000001,0.3111788332462311
938.6,0.31047141551971436
938.7,0.3104383945465088
938.8000000000001,0.3160477876663208
938.9000000000001,0.3142361640930176
939.0000000000001,0.31222936511039734
939.1,0.3060118556022644
939.2,0.32037416100502014
939.3000000000001,0.3161869943141937
939.4000000000001,0.3178548216819763
939.5000000000001,0.3241528868675232
939.6,0.313270628452301
939.7,0.3163451850414276
939.8000000000001,0.3084917962551117
939.9000000000001,0.3047434687614441
940.0000000000001,0.3130750358104706
940.1,0.31959888339042664
940.2,0.3156284987926483
940.3000000000001,0.30327728390693665
940.4000000000001,0.3141920268535614
940.5000000000001,0.30934303998947144
940.6,0.3192116916179657
940.7,0.30258145928382874
940.8000000000001,0.3174017071723938
940.9000000000001,0.315224826335907
941.0000000000001,0.3223869502544403
941.1,0.30904775857925415
941.2,0.3164709210395813
941.3000000000001,0.31490230560302734
941.4000000000001,0.3074590265750885
941.5000000000001,0.31030964851379395
941.6,0.30922093987464905
941.7,0.31720539927482605
941.8000000000001,0.3161069452762604
941.9000000000001,0.31326720118522644
942.0000000000001,0.3188856542110443
942.1,0.31768572330474854
942.2,0.31661489605903625
942.3000000000001,0.3117635250091553
942.4000000000001,0.31338387727737427
942.5000000000001,0.32135942578315735
942.6,0.30937302112579346
942.7,0.3167917728424072
942.8000000000001,0.3111860752105713
942.9000000000001,0.3112954795360565
943.0000000000001,0.30964159965515137
943.1,0.3220450282096863
943.2,0.30473920702934265
943.3000000000001,0.31090155243873596
943.4000000000001,0.32439517974853516
943.5000000000001,0.3055470883846283
943.6,0.30453577637672424
943.7,0.3154034912586212
943.8000000000001,0.32071706652641296
943.9000000000001,0.31468161940574646
944.0000000000001,0.3181155025959015
944.1,0.3083682954311371
944.2,0.32008057832717896
944.3000000000001,0.3172876536846161
944.4000000000001,0.31579771637916565
944.5000000000001,0.30523934960365295
944.6,0.31678545475006104
944.7,0.3206263482570648
944.8000000000001,0.3137626647949219
944.9000000000001,0.3267991244792938
945.0000000000001,0.31430941820144653
945.1,0.3215903341770172
945.2,0.312906414270401
945.3000000000001,0.31255337595939636
945.4000000000001,0.31084275245666504
945.5000000000001,0.3181784749031067
945.6,0.30875110626220703
945.7,0.3123185634613037
945.8000000000001,0.31195709109306335
945.9000000000001,0.3161519169807434
946.0000000000001,0.3173023462295532
946.1,0.3209831118583679
946.2,0.3103705644607544
946.3000000000001,0.3209550082683563
946.4000000000001,0.3157268464565277
946.5000000000001,0.3135327100753784
946.6,0.31667429208755493
946.7,0.3109654486179352
946.8000000000001,0.314823180437088
946.9000000000001,0.3050934374332428
947.0000000000001,0.31049588322639465
947.1,0.31814971566200256
947.2,0.31032973527908325
947.3000000000001,0.31127917766571045
947.4000000000001,0.3139791190624237
947.5000000000001,0.3155476152896881
947.6,0.30252885818481445
947.7,0.3082647919654846
947.8000000000001,0.32093289494514465
947.9000000000001,0.311348021030426
948.0000000000001,0.31997767090797424
948.1,0.3110567331314087
948.2,0.31374117732048035
948.3000000000001,0.3122023046016693
948.4000000000001,0.3059064447879791
948.5000000000001,0.3166692852973938
948.6,0.3114960193634033
948.7,0.31187722086906433
948.8000000000001,0.31302690505981445
948.9000000000001,0.30597448348999023
949.0000000000001,0.3127369284629822
949.1,0.3022077679634094
949.2,0.30870455503463745
949.3000000000001,0.3095974028110504
949.4000000000001,0.3109992444515228
949.5000000000001,0.314118891954422
949.6,0.3212481141090393
949.7,0.309347540140152
949.8000000000001,0.31670790910720825
949.9000000000001,0.3198394775390625
950.0000000000001,0.3100862205028534
950.1,0.3170000910758972
950.2,0.30751127004623413
950.3000000000001,0.3094393312931061
950.4000000000001,0.3074614107608795
950.5000000000001,0.3148915767669678
950.6,0.31096959114074707
950.7,0.31364062428474426
950.8000000000001,0.3151160180568695
950.9000000000001,0.3136487603187561
951.0000000000001,0.28896626830101013
951.1,0.3119503855705261
951.2,0.3099929094314575
951.3000000000001,0.31845998764038086
951.4000000000001,0.32152387499809265
951.5000000000001,0.30091819167137146
951.6,0.31627410650253296
951.7,0.3122384250164032
951.8000000000001,0.3170721232891083
951.9000000000001,0.30439627170562744
952.0000000000001,0.31181660294532776
952.1,0.31087449193000793
952.2,0.3143310546875
952.3000000000001,0.31688758730888367
952.4000000000001,0.3170609176158905
952.5000000000001,0.30831220746040344
952.6,0.3038174510002136
952.7,0.31086230278015137
952.8000000000001,0.3109378516674042
952.9000000000001,0.31288304924964905
953.0000000000001,0.3079550266265869
953.1,0.31152474880218506
953.2,0.3161020278930664
953.3000000000001,0.32079771161079407
953.4000000000001,0.30364668369293213
953.5000000000001,0.3056892454624176
953.6,0.3149394392967224
953.7,0.3110750913619995
953.8000000000001,0.31358686089515686
953.9000000000001,0.31383389234542847
954.0000000000001,0.3055707514286041
954.1,0.3051868677139282
954.2,0.31168845295906067
954.3000000000001,0.3119671940803528
954.4000000000001,0.3168988525867462
954.5000000000001,0.3103502690792084
954.6,0.3056256175041199
954.7,0.30932706594467163
954.8000000000001,0.3229193687438965
954.9000000000001,0.311522901058197
955.0000000000001,0.3063124716281891
955.1,0.3178039789199829
955.2,0.2980325222015381
955.3000000000001,0.3074471354484558
955.4000000000001,0.31341996788978577
955.5000000000001,0.2987867593765259
955.6,0.3151962161064148
955.7,0.31242600083351135
955.8000000000001,0.32003164291381836
955.9000000000001,0.3119480311870575
956.0000000000001,0.30784788727760315
956.1,0.3111160099506378
956.2,0.3135107457637787
956.3000000000001,0.30803999304771423
956.4000000000001,0.3080581724643707
956.5000000000001,0.3132080137729645
956.6,0.2956785559654236
956.7,0.31397488713264465
956.8000000000001,0.31355050206184387
956.9000000000001,0.30929264426231384
957.0000000000001,0.3121643662452698
957.1,0.2980192303657532
957.2,0.3030704855918884
957.3000000000001,0.3120145797729492
957.4000000000001,0.30728879570961
957.5000000000001,0.31818249821662903
957.6,0.30520087480545044
957.7,0.3085605800151825
957.8000000000001,0.315560907125473
957.9000000000001,0.3093094825744629
958.0000000000001,0.3052700161933899
958.1,0.306887149810791
958.2,0.3096005618572235
958.3000000000001,0.31148046255111694
958.4000000000001,0.30355122685432434
958.5000000000001,0.3185194134712219
958.6,0.30934134125709534
958.7,0.30856257677078247
958.8000000000001,0.3202013373374939
958.9000000000001,0.3048690855503082
959.0000000000001,0.30762574076652527
959.1,0.306781142950058
959.2,0.3013473451137543
959.3000000000001,0.3128293752670288
959.4000000000001,0.3130938708782196
959.5000000000001,0.31820523738861084
959.6,0.30440905690193176
959.7,0.30328837037086487
959.8000000000001,0.31786787509918213
959.9000000000001,0.30729949474334717
960.0000000000001,0.3150346875190735
960.1,0.3012346029281616
960.2,0.3030086159706116
960.3000000000001,0.30921217799186707
960.4000000000001,0.3145507276058197
960.5000000000001,0.3105863034725189
960.6,0.3132420480251312
960.7,0.30563580989837646
960.8000000000001,0.31752732396125793
960.9000000000001,0.3184540569782257
961.0000000000001,0.3116393983364105
961.1,0.3071877360343933
961.2,0.3129282593727112
961.3000000000001,0.3155852258205414
961.4000000000001,0.31401076912879944
961.5000000000001,0.30370911955833435
961.6,0.30906790494918823
961.7,0.3194834291934967
961.8000000000001,0.30507132411003113
961.9000000000001,0.3055041432380676
962.0000000000001,0.31324464082717896
962.1,0.3113808035850525
962.2,0.3146588206291199
962.3000000000001,0.3042719066143036
962.4000000000001,0.31374391913414
962.5000000000001,0.3148360252380371
962.6,0.31163129210472107
962.7,0.30600690841674805
962.8000000000001,0.3023289442062378
962.9000000000001,0.30761605501174927
963.0000000000001,0.3067625164985657
963.1,0.31133508682250977
963.2,0.29710572957992554
963.3000000000001,0.31281355023384094
963.4000000000001,0.30863064527511597
963.5000000000001,0.3083638548851013
963.6,0.30718138813972473
963.7,0.3105108141899109
963.8000000000001,0.3125634789466858
963.9000000000001,0.30315452814102173
964.0000000000001,0.3108593225479126
964.1,0.3064318895339966
964.2,0.31749340891838074
964.3000000000001,0.3100998103618622
964.4000000000001,0.30646178126335144
964.5000000000001,0.31424444913864136
964.6,0.30218586325645447
964.7,0.31257206201553345
964.8000000000001,0.3121202290058136
964.9000000000001,0.3179899752140045
965.0000000000001,0.3117634654045105
965.1,0.30814358592033386
965.2,0.3055209219455719
965.3000000000001,0.31338343024253845
965.4000000000001,0.3034454882144928
965.5000000000001,0.30467134714126587
965.6,0.3181900382041931
965.7,0.31424570083618164
965.8000000000001,0.3040853440761566
965.9000000000001,0.3129998743534088
966.0000000000001,0.31404992938041687
966.1,0.31408071517944336
966.2,0.3146810531616211
966.3000000000001,0.310580313205719
966.4000000000001,0.3058619499206543
966.5000000000001,0.30708563327789307
966.6,0.3111172616481781
966.7,0.30920591950416565
966.8000000000001,0.3119324743747711
966.9000000000001,0.31720665097236633
967.0000000000001,0.3125343322753906
967.1,0.3125365376472473
967.2,0.31938058137893677
967.3000000000001,0.30362406373023987
967.4000000000001,0.31505391001701355
967.5000000000001,0.3135707676410675
967.6,0.31102171540260315
967.7,0.31339991092681885
967.8000000000001,0.3056360185146332
967.9000000000001,0.30613064765930176
968.0000000000001,0.310295045375824
968.1,0.3146553635597229
968.2,0.31728753447532654
968.3000000000001,0.3061509430408478
968.4000000000001,0.3121947944164276
968.5000000000001,0.3019806146621704
968.6,0.32343101501464844
968.7,0.31374773383140564
968.8000000000001,0.3091627359390259
968.9000000000001,0.30889618396759033
969.0000000000001,0.3126312792301178
969.1,0.3098601698875427
969.2,0.3121904730796814
969.3000000000001,0.306018590927124
969.4000000000001,0.30162879824638367
969.5000000000001,0.3174511194229126
969.6,0.3116866648197174
969.7,0.3180239200592041
969.8000000000001,0.30388930439949036
969.9000000000001,0.3169119358062744
970.0000000000001,0.3087098300457001
970.1,0.3088406026363373
970.2,0.31130918860435486
970.3000000000001,0.3143217861652374
970.4000000000001,0.30963248014450073
970.5000000000001,0.3187696039676666
970.6,0.3132970631122589
970.7,0.3098805248737335
970.8000000000001,0.3009120225906372
970.9000000000001,0.30784085392951965
971.0000000000001,0.3042646050453186
971.1,0.30850228667259216
971.2,0.314205527305603
971.3000000000001,0.30623558163642883
971.4000000000001,0.30328071117401123
971.5000000000001,0.29975202679634094
971.6,0.3092242479324341
971.7,0.30951258540153503
971.8000000000001,0.3119239807128906
971.9000000000001,0.31127744913101196
972.0000000000001,0.3049068748950958
972.1,0.3054305911064148
972.2,0.30589136481285095
972.3000000000001,0.3131811320781708
972.4000000000001,0.3157617449760437
972.5000000000001,0.3117446303367615
972.6,0.3072091341018677
972.7,0.31072211265563965
972.8000000000001,0.3045392632484436
972.9000000000001,0.31073254346847534
973.0000000000001,0.3110615611076355
973.1,0.3017805218696594
973.2,0.3130571246147156
973.3000000000001,0.3139117360115051
973.4000000000001,0.3116070628166199
973.5000000000001,0.3158988952636719
973.6,0.3111972510814667
973.7,0.3066103756427765
973.8000000000001,0.307708740234375
973.9000000000001,0.30893567204475403
974.0000000000001,0.3160719871520996
974.1,0.30704987049102783
974.2,0.3063603639602661
974.3000000000001,0.31198352575302124
974.4000000000001,0.308819055557251
974.5000000000001,0.3142488896846771
974.6,0.3022933900356293
974.7,0.3078697919845581
974.8000000000001,0.3178662359714508
974.9000000000001,0.3149735629558563
975.0000000000001,0.3159642219543457
975.1,0.3116927742958069
975.2,0.2907562851905823
975.3000000000001,0.3047066330909729
975.4000000000001,0.3105100691318512
975.5000000000001,0.3137100338935852
975.6,0.3142867684364319
975.7,0.31050848960876465
975.8000000000001,0.31111112236976624
975.9000000000001,0.3141857981681824
976.0000000000001,0.3123195767402649
976.1,0.31876733899116516
976.2,0.31222498416900635
976.3000000000001,0.31202760338783264
976.4000000000001,0.3064824342727661
976.5000000000001,0.3116939961910248
976.6,0.3081393539905548
976.7,0.3126506507396698
976.8000000000001,0.3017413318157196
976.9000000000001,0.3197399973869324
977.0000000000001,0.3045895993709564
977.1,0.3126586377620697
977.2,0.3142482042312622
977.3000000000001,0.3174826502799988
977.4000000000001,0.31716951727867126
977.5000000000001,0.31181904673576355
977.6,0.31321457028388977
977.7,0.3146374523639679
977.8000000000001,0.30436646938323975
977.9000000000001,0.30926716327667236
978.0000000000001,0.3128897547721863
978.1,0.3220953941345215
978.2,0.3113707900047302
978.3000000000001,0.3147467076778412
978.4000000000001,0.3162038028240204
978.5000000000001,0.30738773941993713
978.6,0.3116397261619568
978.7,0.31611624360084534
978.8000000000001,0.3153464198112488
978.9000000000001,0.31557202339172363
979.0000000000001,0.3162434995174408
979.1,0.31445103883743286
979.2,0.3048853576183319
979.3000000000001,0.3158174455165863
979.4000000000001,0.31683775782585144
979.5000000000001,0.31570547819137573
979.6,0.31426864862442017
979.7,0.3087160289287567
979.8000000000001,0.3121887147426605
979.9000000000001,0.3118126094341278
980.0000000000001,0.30902186036109924
980.1,0.3109472692012787
980.2,0.30949321389198303
980.3000000000001,0.3116283714771271
980.4000000000001,0.30490708351135254
980.5000000000001,0.30836719274520874
980.6,0.3126060962677002
980.7,0.31105348467826843
980.8000000000001,0.31546124815940857
980.9000000000001,0.30631744861602783
981.0000000000001,0.31072261929512024
981.1,0.3099697530269623
981.2,0.30294269323349
981.3000000000001,0.31426966190338135
981.4000000000001,0.3105510473251343
981.5000000000001,0.3153652250766754
981.6,0.3131793737411499
981.7,0.3100496232509613
981.8000000000001,0.30626875162124634
981.9000000000001,0.31418806314468384
982.0000000000001,0.30370211601257324
982.1,0.3173045814037323
982.2,0.2918394207954407
982.3000000000001,0.31151658296585083
982.4000000000001,0.306081086397171
982.5000000000001,0.32247722148895264
982.6,0.3158661425113678
982.7,0.3142482042312622
982.8000000000001,0.31319189071655273
982.9000000000001,0.309740275144577
983.0000000000001,0.30966973304748535
983.1,0.3145556151866913
983.2,0.3159158229827881
983.3000000000001,0.31150802969932556
983.4000000000001,0.31769314408302307
983.5000000000001,0.31610801815986633
983.6,0.3006274104118347
983.7,0.3144226670265198
983.8000000000001,0.3106571435928345
983.9000000000001,0.3142576217651367
984.0000000000001,0.31337055563926697
984.1,0.31469547748565674
984.2,0.30355408787727356
984.3000000000001,0.3099153935909271
984.4000000000001,0.30653396248817444
984.5000000000001,0.30590948462486267
984.6,0.3082420825958252
984.7,0.3073978126049042
984.8000000000001,0.3147248327732086
984.9000000000001,0.3200719356536865
985.0000000000001,0.30952730774879456
985.1,0.3112470507621765
985.2,0.31089895963668823
985.3000000000001,0.31423139572143555
985.4000000000001,0.31166568398475647
985.5000000000001,0.31725385785102844
985.6,0.31203311681747437
985.7,0.31044596433639526
985.8000000000001,0.31432080268859863
985.9000000000001,0.3055505156517029
986.0000000000001,0.3117712736129761
986.1,0.31765908002853394
986.2,0.3075888454914093
986.3000000000001,0.30662059783935547
986.4000000000001,0.3064882159233093
986.5000000000001,0.30342456698417664
986.6,0.31036806106567383
986.7,0.3137131631374359
986.8000000000001,0.3177517056465149
986.9000000000001,0.3105319142341614
987.0000000000001,0.31652575731277466
987.1,0.30950313806533813
987.2,0.2993134558200836
987.3000000000001,0.3111678957939148
987.4000000000001,0.30789411067962646
987.5000000000001,0.30621886253356934
987.6,0.3159628212451935
987.7,0.31323450803756714
987.8000000000001,0.3109644651412964
987.9000000000001,0.31446564197540283
988.0000000000001,0.31271857023239136
988.1,0.3122829794883728
988.2,0.31236720085144043
988.3000000000001,0.3052041828632355
988.4000000000001,0.30782607197761536
988.5000000000001,0.316278874874115
988.6,0.3094577491283417
988.7,0.3122909367084503
988.8000000000001,0.3162474036216736
988.9000000000001,0.3128124475479126
989.0000000000001,0.30763912200927734
989.1,0.314066082239151
989.2,0.3186546564102173
989.3000000000001,0.3151502311229706
989.4000000000001,0.3104137182235718
989.5000000000001,0.31063705682754517
989.6,0.3017658293247223
989.7,0.3030849099159241
989.8000000000001,0.30969032645225525
989.9000000000001,0.30111005902290344
990.0000000000001,0.3051086664199829
990.1,0.3173646628856659
990.2,0.300024151802063
990.3000000000001,0.30550917983055115
990.4000000000001,0.30565139651298523
990.5000000000001,0.3197038471698761
990.6,0.31125834584236145
990.7,0.31143730878829956
990.8000000000001,0.3152098059654236
990.9000000000001,0.3117055296897888
991.0000000000001,0.3085387647151947
991.1,0.3065791130065918
991.2,0.31103596091270447
991.3000000000001,0.3125975430011749
991.4000000000001,0.3104824125766754
991.5000000000001,0.30943769216537476
991.6,0.3115901052951813
991.7,0.311675488948822
991.8000000000001,0.3074323236942291
991.9000000000001,0.31078705191612244
992.0000000000001,0.3146643340587616
992.1,0.307811439037323
992.2,0.30281898379325867
992.3000000000001,0.3154028356075287
992.4000000000001,0.31250759959220886
992.5000000000001,0.30460017919540405
992.6,0.3095005452632904
992.7,0.3080890476703644
992.8000000000001,0.3019704520702362
992.9000000000001,0.3126455545425415
993.0000000000001,0.3068176209926605
993.1,0.3158031105995178
993.2,0.3136593997478485
993.3000000000001,0.2957124710083008
993.4000000000001,0.3197021186351776
993.5000000000001,0.31592172384262085
993.6,0.3043558597564697
993.7,0.31735801696777344
993.8000000000001,0.3061227798461914
993.9000000000001,0.31494849920272827
994.0000000000001,0.31354469060897827
994.1,0.3160214424133301
994.2,0.3036516010761261
994.3000000000001,0.31578418612480164
994.4000000000001,0.31541207432746887
994.5000000000001,0.3005441129207611
994.6,0.31346049904823303
994.7,0.30504298210144043
994.8000000000001,0.3084261417388916
994.9000000000001,0.3141803741455078
995.0000000000001,0.299244225025177
995.1,0.29985886812210083
995.2,0.3061493933200836
995.3000000000001,0.315163791179657
995.4000000000001,0.31470924615859985
995.5000000000001,0.3133675456047058
995.6,0.3177271783351898
995.7,0.3135150969028473
995.8000000000001,0.3105922341346741
995.9000000000001,0.3129751980304718
996.0000000000001,0.3077099621295929
996.1,0.3103955388069153
996.2,0.3133682310581207
996.3000000000001,0.3042096495628357
996.4000000000001,0.3077397346496582
996.5000000000001,0.30568045377731323
996.6,0.3111952543258667
996.7,0.31791192293167114
996.8000000000001,0.3066139221191406
996.9000000000001,0.3074433505535126
997.0000000000001,0.316903680562973
997.1,0.2981172204017639
997.2,0.31814447045326233
997.3000000000001,0.31753844022750854
997.4000000000001,0.30735763907432556
997.5000000000001,0.3026103079319
997.6,0.31459489464759827
997.7,0.3062117099761963
997.8000000000001,0.31203773617744446
997.9000000000001,0.3093698024749756
998.0000000000001,0.3143407106399536
998.1,0.3096688389778137
998.2,0.3177626430988312
998.3000000000001,0.30970969796180725
998.4000000000001,0.3105495274066925
998.5000000000001,0.31365257501602173
998.6,0.31511446833610535
998.7,0.3153194487094879
998.8000000000001,0.31513652205467224
998.9000000000001,0.3012259900569916
999.0000000000001,0.30955347418785095
999.1,0.31308645009994507
999.2,0.31504926085472107
999.3000000000001,0.30464935302734375
999.4000000000001,0.3092012405395508
999.5000000000001,0.3061286211013794
999.6,0.3076147139072418
999.7,0.3090156018733978
999.8000000000001,0.29999950528144836
999.9000000000001,0.3090265393257141
1000.0000000000001,0.31170156598091125
1000.1,0.31584882736206055
1000.2,0.3094816505908966
1000.3000000000001,0.30972328782081604
1000.4000000000001,0.3189365565776825
1000.5000000000001,0.309518963098526
1000.6,0.3055107593536377
1000.7,0.3156292140483856
1000.8000000000001,0.31281593441963196
1000.9000000000001,0.3131687641143799
1001.0000000000001,0.313998281955719
1001.1,0.31011220812797546
1001.2,0.31013375520706177
1001.3000000000001,0.301810622215271
1001.4000000000001,0.3035376965999603
1001.5000000000001,0.3123175799846649
1001.6,0.3087913990020752
1001.7,0.3072885274887085
1001.8000000000001,0.3102312684059143
1001.9000000000001,0.3078795373439789
1002.0000000000001,0.3109803795814514
1002.1,0.3145681917667389
1002.2,0.3172816336154938
1002.3000000000001,0.29836004972457886
1002.4000000000001,0.3054761588573456
1002.5000000000001,0.3022399842739105
1002.6,0.311053603887558
1002.7,0.3078800439834595
1002.8000000000001,0.31434646248817444
1002.9000000000001,0.3152802586555481
1003.0000000000001,0.3202010691165924
1003.1,0.3107457756996155
1003.2,0.3146706223487854
1003.3000000000001,0.31122514605522156
1003.4000000000001,0.3078405261039734
1003.5000000000001,0.3136161267757416
1003.6,0.31295740604400635
1003.7,0.3068610429763794
1003.8000000000001,0.3125172555446625
1003.9000000000001,0.31145650148391724
1004.0000000000001,0.31553226709365845
1004.1,0.31345075368881226
1004.2,0.3099670708179474
1004.3000000000001,0.3175300359725952
1004.4000000000001,0.3155966103076935
1004.5000000000001,0.30366015434265137
1004.6,0.3128332197666168
1004.7,0.30435293912887573
1004.8000000000001,0.29888027906417847
1004.9000000000001,0.3032592833042145
1005.0000000000001,0.2989828288555145
1005.1,0.31144002079963684
1005.2,0.3103172183036804
1005.3000000000001,0.3083055317401886
1005.4000000000001,0.31413745880126953
1005.5000000000001,0.3107680678367615
1005.6,0.31066444516181946
1005.7,0.312664657831192
1005.8000000000001,0.3094269037246704
1005.9000000000001,0.3151806890964508
1006.0000000000001,0.312896192073822
1006.1,0.31741297245025635
1006.2,0.30626967549324036
1006.3000000000001,0.31471046805381775
1006.4000000000001,0.31317901611328125
1006.5000000000001,0.3113267421722412
1006.6,0.308554083108902
1006.7,0.29334238171577454
1006.8000000000001,0.31588244438171387
1006.9000000000001,0.31578975915908813
1007.0000000000001,0.32033994793891907
1007.1,0.31967857480049133
1007.2,0.30810874700546265
1007.3000000000001,0.3050209879875183
1007.4000000000001,0.3041507303714752
1007.5000000000001,0.3036487400531769
1007.6,0.30697154998779297
1007.7,0.30846133828163147
1007.8000000000001,0.312967449426651
1007.9000000000001,0.3122022747993469
1008.0000000000001,0.3106614649295807
1008.1,0.317504346370697
1008.2,0.3013961911201477
1008.3000000000001,0.3125227689743042
1008.4000000000001,0.31454336643218994
1008.5000000000001,0.3160722553730011
1008.6,0.3049006462097168
1008.7,0.3207302391529083
1008.8000000000001,0.30801016092300415
1008.9000000000001,0.3107093870639801
1009.0000000000001,0.3102147579193115
1009.1,0.30540913343429565
1009.2,0.30644893646240234
1009.3000000000001,0.30618903040885925
1009.4000000000001,0.31077268719673157
1009.5000000000001,0.312849760055542
1009.6,0.30729004740715027
1009.7,0.3053891956806183
1009.8000000000001,0.31430119276046753
1009.9000000000001,0.31195902824401855
1010.0000000000001,0.3035784661769867
1010.1,0.31805479526519775
1010.2,0.30506306886672974
1010.3000000000001,0.31186288595199585
1010.4000000000001,0.30665507912635803
1010.5000000000001,0.31225860118865967
1010.6,0.30800777673721313
1010.7,0.3162074685096741
1010.8000000000001,0.3148619532585144
1010.9000000000001,0.3141457140445709
1011.0000000000001,0.31193071603775024
1011.1,0.31655964255332947
1011.2,0.30818212032318115
1011.3000000000001,0.30953043699264526
1011.4000000000001,0.3052438795566559
1011.5000000000001,0.31302475929260254
1011.6,0.305552214384079
1011.7,0.31924301385879517
1011.8000000000001,0.30776193737983704
1011.9000000000001,0.30001428723335266
1012.0000000000001,0.31001946330070496
1012.1,0.3089229464530945
1012.2,0.3070802390575409
1012.3000000000001,0.3105255365371704
1012.4000000000001,0.30313125252723694
1012.5000000000001,0.3014463186264038
1012.6,0.3155965507030487
1012.7,0.312837690114975
1012.8000000000001,0.3085215389728546
1012.9000000000001,0.3045177161693573
1013.0000000000001,0.3083609342575073
1013.1,0.31511008739471436
1013.2,0.31264445185661316
1013.3000000000001,0.3088216781616211
1013.4000000000001,0.3069659471511841
1013.5000000000001,0.31330209970474243
1013.6,0.31060701608657837
1013.7,0.3135303556919098
1013.8000000000001,0.30949464440345764
1013.9000000000001,0.2924535274505615
1014.0000000000001,0.29750296473503113
1014.1,0.30258676409721375
1014.2,0.3106840252876282
1014.3000000000001,0.31024694442749023
1014.4000000000001,0.31403374671936035
1014.5000000000001,0.3116653263568878
1014.6,0.30514049530029297
1014.7,0.3096579909324646
1014.8000000000001,0.3020838797092438
1014.9000000000001,0.3166743516921997
1015.0000000000001,0.31229424476623535
1015.1,0.311239629983902
1015.2,0.3176629841327667
1015.3000000000001,0.3198797404766083
1015.4000000000001,0.31034934520721436
1015.5000000000001,0.3154549300670624
1015.6,0.3161754608154297
1015.7,0.2991613745689392
1015.8000000000001,0.2991962432861328
1015.9000000000001,0.3058449327945709
1016.0000000000001,0.3138653337955475
1016.1,0.3094763159751892
1016.2,0.31193995475769043
1016.3000000000001,0.3023030161857605
1016.4000000000001,0.3095719516277313
1016.5000000000001,0.3145439624786377
1016.6,0.31438472867012024
1016.7,0.3163663446903229
1016.8000000000001,0.3064897060394287
1016.9000000000001,0.3122350573539734
1017.0000000000001,0.3140932619571686
1017.1,0.30844318866729736
1017.2,0.31242167949676514
1017.3000000000001,0.2992507815361023
1017.4000000000001,0.3154720366001129
1017.5000000000001,0.29706716537475586
1017.6,0.3161086440086365
1017.7,0.3113366365432739
1017.8000000000001,0.3073699176311493
1017.9000000000001,0.3145037591457367
1018.0000000000001,0.30965033173561096
1018.1,0.31039005517959595
1018.2,0.31309226155281067
1018.3000000000001,0.3079093396663666
1018.4000000000001,0.30417051911354065
1018.5000000000001,0.3045256435871124
1018.6,0.31462934613227844
1018.7,0.3098698854446411
1018.8000000000001,0.3132445216178894
1018.9000000000001,0.30977025628089905
1019.0000000000001,0.31194937229156494
1019.1,0.3053746819496155
1019.2,0.31557998061180115
1019.3000000000001,0.31162792444229126
1019.4000000000001,0.30644598603248596
1019.5000000000001,0.30589014291763306
1019.6,0.3096083998680115
1019.7,0.310321182012558
1019.8000000000001,0.31168535351753235
1019.9000000000001,0.3098556399345398
1020.0000000000001,0.3083074688911438
1020.1,0.30922001600265503
1020.2,0.3183787167072296
1020.3000000000001,0.3117378056049347
1020.4000000000001,0.3021792769432068
1020.5000000000001,0.31056249141693115
1020.6,0.312573105096817
1020.7,0.317907452583313
1020.8000000000001,0.3129626512527466
1020.9000000000001,0.30765801668167114
1021.0000000000001,0.3147084712982178
1021.1,0.31804683804512024
1021.2,0.31292980909347534
1021.3000000000001,0.31110256910324097
1021.4000000000001,0.31258121132850647
1021.5000000000001,0.308440238237381
1021.6,0.31152963638305664
1021.7,0.31295230984687805
1021.8000000000001,0.310831755399704
1021.9000000000001,0.31272274255752563
1022.0000000000001,0.30362576246261597
1022.1,0.3109038174152374
1022.2,0.30461037158966064
1022.3000000000001,0.3126317858695984
1022.4000000000001,0.3121855556964874
1022.5000000000001,0.3101927936077118
1022.6,0.312431275844574
1022.7,0.3121146261692047
1022.8000000000001,0.3092380166053772
1022.9000000000001,0.3055204749107361
1023.0000000000001,0.3144853413105011
1023.1,0.31681084632873535
1023.2,0.3105465769767761
1023.3000000000001,0.3031822144985199
1023.4000000000001,0.31589752435684204
1023.5000000000001,0.31345707178115845
1023.6,0.3155628740787506
1023.7,0.30960536003112793
1023.8000000000001,0.309802383184433
1023.9000000000001,0.3077818751335144
1024.0,0.31111598014831543
1024.1000000000001,0.312435120344162
1024.2,0.31082773208618164
1024.3,0.3054027855396271
1024.4,0.31479978561401367
1024.5,0.30042973160743713
1024.6000000000001,0.31803596019744873
1024.7,0.3191468417644501
1024.8,0.30843251943588257
1024.9,0.3037639260292053
1025.0,0.31421905755996704
1025.1000000000001,0.3127830922603607
1025.2,0.3119845688343048
1025.3,0.30925580859184265
1025.4,0.3066186308860779
1025.5,0.31047123670578003
1025.6000000000001,0.30303189158439636
1025.7,0.3099076449871063
1025.8,0.31513530015945435
1025.9,0.31186744570732117
1026.0,0.3035745918750763
1026.1000000000001,0.31973889470100403
1026.2,0.31094232201576233
1026.3,0.3085459768772125
1026.4,0.31338775157928467
1026.5,0.30958759784698486
1026.6000000000001,0.2972484529018402
1026.7,0.31227564811706543
1026.8,0.3001514971256256
1026.9,0.3069431483745575
1027.0,0.3097435534000397
1027.1000000000001,0.30749303102493286
1027.2,0.3076586127281189
1027.3,0.29732653498649597
1027.4,0.30678996443748474
1027.5,0.3107495903968811
1027.6000000000001,0.30017489194869995
1027.7,0.3004981279373169
1027.8,0.30907508730888367
1027.9,0.3027196526527405
1028.0,0.31069865822792053
1028.1000000000001,0.29885074496269226
1028.2,0.2956916093826294
1028.3,0.31443721055984497
1028.4,0.31086641550064087
1028.5,0.30881765484809875
1028.6000000000001,0.3076123893260956
1028.7,0.30494004487991333
1028.8,0.3184472918510437
1028.9,0.31754493713378906
1029.0,0.3097372055053711
1029.1000000000001,0.31959065794944763
1029.2,0.3089848458766937
1029.3,0.313540518283844
1029.4,0.3153461515903473
1029.5,0.31248417496681213
1029.6000000000001,0.3019649386405945
1029.7,0.30629438161849976
1029.8,0.30994150042533875
1029.9,0.31197139620780945
1030.0,0.3152126669883728
1030.1000000000001,0.303623229265213
1030.2,0.31030258536338806
1030.3,0.312059611082077
1030.4,0.30853667855262756
1030.5,0.3086407482624054
1030.6000000000001,0.3087174892425537
1030.7,0.31415483355522156
1030.8,0.30991631746292114
1030.9,0.3122020363807678
1031.0,0.30535688996315
1031.1000000000001,0.29981711506843567
1031.2,0.3121602237224579
1031.3,0.3063576817512512
1031.4,0.31151315569877625
1031.5,0.3182326555252075
1031.6000000000001,0.30973944067955017
1031.7,0.3126510977745056
1031.8,0.3121734857559204
1031.9,0.30986592173576355
1032.0,0.3111731708049774
1032.1000000000001,0.30704882740974426
1032.2,0.3118393123149872
1032.3,0.31311556696891785
1032.4,0.30487966537475586
1032.5,0.3062220811843872
1032.6000000000001,0.31555983424186707
1032.7,0.3074322044849396
1032.8,0.3181837201118469
1032.9,0.3144848942756653
1033.0,0.3137011229991913
1033.1000000000001,0.3118554949760437
1033.2,0.3025623857975006
1033.3,0.31471964716911316
1033.4,0.3172350525856018
1033.5,0.3120088279247284
1033.6000000000001,0.3044080138206482
1033.7,0.314674973487854
1033.8,0.31132233142852783
1033.9,0.3129236102104187
1034.0,0.3072759807109833
1034.1000000000001,0.31692448258399963
1034.2,0.31194770336151123
1034.3,0.3073297142982483
1034.4,0.3065566122531891
1034.5,0.31362155079841614
1034.6000000000001,0.3108368217945099
1034.7,0.3076934218406677
1034.8,0.3086698651313782
1034.9,0.31341803073883057
1035.0,0.3103202283382416
1035.1000000000001,0.3035621643066406
1035.2,0.31802690029144287
1035.3,0.30806466937065125
1035.4,0.3156943917274475
1035.5,0.3123590350151062
1035.6000000000001,0.3122027814388275
1035.7,0.30593112111091614
1035.8,0.31120768189430237
1035.9,0.31497466564178467
1036.0,0.30447497963905334
1036.1000000000001,0.3124659061431885
1036.2,0.30948594212532043
1036.3,0.3099595904350281
1036.4,0.30050015449523926
1036.5,0.30858901143074036
1036.6000000000001,0.31525319814682007
1036.7,0.31246528029441833
1036.8,0.3028453588485718
1036.9,0.3137756586074829
1037.0,0.31300270557403564
1037.1000000000001,0.3189418613910675
1037.2,0.3066885769367218
1037.3,0.3098193407058716
1037.4,0.3129437565803528
1037.5,0.31436312198638916
1037.6000000000001,0.31037527322769165
1037.7,0.3164636492729187
1037.8,0.31524857878685
1037.9,0.32040029764175415
1038.0,0.31374505162239075
1038.1000000000001,0.3145713210105896
1038.2,0.30795466899871826
1038.3,0.29800212383270264
1038.4,0.3066413104534149
1038.5,0.30794408917427063
1038.6000000000001,0.3126750588417053
1038.7,0.31336140632629395
1038.8,0.3102673888206482
1038.9,0.3035241961479187
1039.0,0.3172549903392792
1039.1000000000001,0.30070799589157104
1039.2,0.31366848945617676
1039.3,0.30551043152809143
1039.4,0.31028640270233154
1039.5,0.3073897063732147
1039.6000000000001,0.3120759427547455
1039.7,0.3137843608856201
1039.8,0.3157728910446167
1039.9,0.3061572015285492
1040.0,0.3036726713180542
1040.1000000000001,0.31566813588142395
1040.2,0.31214502453804016
1040.3,0.3085557222366333
1040.4,0.30891600251197815
1040.5,0.31965091824531555
1040.6000000000001,0.309445321559906
1040.7,0.3121536672115326
1040.8,0.30861422419548035
1040.9,0.3031855523586273
1041.0,0.3111075758934021
1041.1000000000001,0.31095775961875916
1041.2,0.3123420476913452
1041.3,0.319375604391098
1041.4,0.30808308720588684
1041.5,0.31770065426826477
1041.6000000000001,0.3094818592071533
1041.7,0.3086016774177551
1041.8,0.31517037749290466
1041.9,0.3039986789226532
1042.0,0.30411475896835327
1042.1000000000001,0.30601799488067627
1042.2,0.3075248897075653
1042.3,0.3016660809516907
1042.4,0.3104154169559479
1042.5,0.30727922916412354
1042.6000000000001,0.3144597113132477
1042.7,0.3085158169269562
1042.8,0.3093448281288147
1042.9,0.31500133872032166
1043.0,0.3070623278617859
1043.1000000000001,0.31533682346343994
1043.2,0.31287479400634766
1043.3,0.31048280000686646
1043.4,0.31369706988334656
1043.5,0.30471885204315186
1043.6000000000001,0.3090048134326935
1043.7,0.3075072467327118
1043.8,0.3123399615287781
1043.9,0.31167730689048767
1044.0,0.31538376212120056
1044.1000000000001,0.3070395290851593
1044.2,0.30509528517723083
1044.3,0.3067668676376343
1044.4,0.3164691925048828
1044.5,0.3112199008464813
1044.6000000000001,0.3148624300956726
1044.7,0.3054569959640503
1044.8,0.3146621882915497
1044.9,0.3185479938983917
1045.0,0.30141547322273254
1045.1000000000001,0.3124617040157318
1045.2,0.3137747645378113
1045.3,0.31172674894332886
1045.4,0.30481764674186707
1045.5,0.31248196959495544
1045.6000000000001,0.30272912979125977
1045.7,0.3121092617511749
1045.8,0.30801382660865784
1045.9,0.3030204176902771
1046.0,0.29913580417633057
1046.1000000000001,0.3003091514110565
1046.2,0.3124828636646271
1046.3,0.3079204857349396
1046.4,0.3058888614177704
1046.5,0.3076411187648773
1046.6000000000001,0.31237637996673584
1046.7,0.3131119906902313
1046.8,0.31108909845352173
1046.9,0.31648683547973633
1047.0,0.31195470690727234
1047.1000000000001,0.31654998660087585
1047.2,0.3092993199825287
1047.3,0.3174692392349243
1047.4,0.3074685037136078
1047.5,0.3135058879852295
1047.6000000000001,0.3153146803379059
1047.7,0.3136823773384094
1047.8,0.31541791558265686
1047.9,0.3141903877258301
1048.0,0.31235644221305847
1048.1000000000001,0.30518826842308044
1048.2,0.3079546391963959
1048.3,0.31064146757125854
1048.4,0.31528374552726746
1048.5,0.3097282648086548
1048.6000000000001,0.31458625197410583
1048.7,0.3009548783302307
1048.8,0.3069637417793274
1048.9,0.30947938561439514
1049.0,0.31051334738731384
1049.1000000000001,0.31405454874038696
1049.2,0.31559932231903076
1049.3,0.30588290095329285
1049.4,0.31210100650787354
1049.5,0.30827033519744873
1049.6000000000001,0.2992512285709381
1049.7,0.30483660101890564
1049.8,0.31276482343673706
1049.9,0.3120059072971344
1050.0,0.3046700656414032
1050.1000000000001,0.30502864718437195
1050.2,0.30361267924308777
1050.3,0.30421409010887146
1050.4,0.3090856671333313
1050.5,0.30871403217315674
1050.6000000000001,0.3102049231529236
1050.7,0.3100627362728119
1050.8,0.31283700466156006
1050.9,0.3139801025390625
1051.0,0.31046149134635925
1051.1000000000001,0.30746427178382874
1051.2,0.30827075242996216
1051.3,0.3080962300300598
1051.4,0.3084986209869385
1051.5,0.3176155388355255
1051.6000000000001,0.31234413385391235
1051.7,0.30809885263442993
1051.8,0.307254821062088
1051.9,0.3100088834762573
1052.0,0.31575676798820496
1052.1000000000001,0.3112577497959137
1052.2,0.30739626288414
1052.3,0.31619134545326233
1052.4,0.3102300763130188
1052.5,0.3108280897140503
1052.6000000000001,0.3117111921310425
1052.7,0.3093811869621277
1052.8,0.31231963634490967
1052.9,0.3137889504432678
1053.0,0.3161262571811676
1053.1000000000001,0.3138936460018158
1053.2,0.3119540810585022
1053.3,0.3166448473930359
1053.4,0.3136909306049347
1053.5,0.30719107389450073
1053.6000000000001,0.3010724186897278
1053.7,0.30902063846588135
1053.8,0.3099478483200073
1053.9,0.31253063678741455
1054.0,0.31114432215690613
1054.1000000000001,0.30965757369995117
1054.2,0.3057548999786377
1054.3,0.31877341866493225
1054.4,0.3183514475822449
1054.5,0.31605398654937744
1054.6000000000001,0.3100491464138031
1054.7,0.31467491388320923
1054.8,0.3142641484737396
1054.9,0.31617534160614014
1055.0,0.29748639464378357
1055.1000000000001,0.304884672164917
1055.2,0.3139057159423828
1055.3,0.3153778910636902
1055.4,0.3145264685153961
1055.5,0.3126905560493469
1055.6000000000001,0.3030095398426056
1055.7,0.30737951397895813
1055.8,0.3173529803752899
1055.9,0.31320467591285706
1056.0,0.30898937582969666
1056.1000000000001,0.30421221256256104
1056.2,0.3020910918712616
1056.3,0.31553441286087036
1056.4,0.3130407929420471
1056.5,0.3059254288673401
1056.6000000000001,0.30960601568222046
1056.7,0.3163502514362335
1056.8,0.29920458793640137
1056.9,0.30492180585861206
1057.0,0.31277233362197876
1057.1000000000001,0.3130994141101837
1057.2,0.30409297347068787
1057.3,0.30901995301246643
1057.4,0.2978343963623047
1057.5,0.2989262044429779
1057.6000000000001,0.3052315413951874
1057.7,0.3173310458660126
1057.8,0.31281736493110657
1057.9,0.3112647831439972
1058.0,0.31244564056396484
1058.1000000000001,0.30517756938934326
1058.2,0.3073274791240692
1058.3,0.3146587014198303
1058.4,0.3063984215259552
1058.5,0.3106268644332886
1058.6000000000001,0.3077049255371094
1058.7,0.30942395329475403
1058.8,0.3134767413139343
1058.9,0.3014262020587921
1059.0,0.3060428500175476
1059.1000000000001,0.3177487254142761
1059.2,0.31083646416664124
1059.3,0.31407609581947327
1059.4,0.3142969012260437
1059.5,0.31316789984703064
1059.6000000000001,0.3019877076148987
1059.7,0.30419859290122986
1059.8,0.31446632742881775
1059.9,0.3067821264266968
1060.0,0.3108481168746948
1060.1000000000001,0.30848413705825806
1060.2,0.3144388496875763
1060.3,0.3157569169998169
1060.4,0.30451399087905884
1060.5,0.30386674404144287
1060.6000000000001,0.31466323137283325
1060.7,0.2978977859020233
1060.8,0.315025269985199
1060.9,0.2984922230243683
1061.0,0.3096434473991394
1061.1000000000001,0.31060507893562317
1061.2,0.3174983859062195
1061.3,0.31242087483406067
1061.4,0.3052678406238556
1061.5,0.31006503105163574
1061.6000000000001,0.30765387415885925
1061.7,0.31154385209083557
1061.8,0.3053063750267029
1061.9,0.3085605204105377
1062.0,0.3220002353191376
1062.1000000000001,0.29763346910476685
1062.2,0.3133390545845032
1062.3,0.31814318895339966
1062.4,0.3035980761051178
1062.5,0.3075134754180908
1062.6000000000001,0.305782288312912
1062.7,0.3175372779369354
1062.8,0.31682100892066956
1062.9,0.31500405073165894
1063.0,0.3043825626373291
1063.1000000000001,0.3049175441265106
1063.2,0.31264832615852356
1063.3,0.309037446975708
1063.4,0.31066223978996277
1063.5,0.30744668841362
1063.6000000000001,0.30994102358818054
1063.7,0.317731112241745
1063.8,0.310386598110199
1063.9,0.3143954873085022
1064.0,0.3116772472858429
1064.1000000000001,0.3155234158039093
1064.2,0.3037967085838318
1064.3,0.31406375765800476
1064.4,0.3076459467411041
1064.5,0.31943634152412415
1064.6000000000001,0.3113136291503906
1064.7,0.31292760372161865
1064.8,0.30383652448654175
1064.9,0.30890095233917236
1065.0,0.31379637122154236
1065.1000000000001,0.2956453859806061
1065.2,0.320510596036911
1065.3,0.30850937962532043
1065.4,0.3068784475326538
1065.5,0.30445435643196106
1065.6000000000001,0.3091566264629364
1065.7,0.3089280426502228
1065.8,0.31517189741134644
1065.9,0.30460160970687866
1066.0,0.3124808073043823
1066.1000000000001,0.3072339594364166
1066.2,0.30945026874542236
1066.3,0.3097245991230011
1066.4,0.31371009349823
1066.5,0.3153000771999359
1066.6000000000001,0.31744149327278137
1066.7,0.31207072734832764
1066.8,0.3140530288219452
1066.9,0.30348193645477295
1067.0,0.31358006596565247
1067.1000000000001,0.3129417300224304
1067.2,0.3022364377975464
1067.3,0.3010542094707489
1067.4,0.30523037910461426
1067.5,0.3137042224407196
1067.6000000000001,0.319133996963501
1067.7,0.3061715364456177
1067.8,0.312325119972229
1067.9,0.31902509927749634
1068.0,0.30909979343414307
1068.1000000000001,0.3160223662853241
1068.2,0.3098203241825104
1068.3,0.3160257637500763
1068.4,0.30351999402046204
1068.5,0.3090106248855591
1068.6000000000001,0.3120719790458679
1068.7,0.3067662715911865
1068.8,0.306346595287323
1068.9,0.3116059899330139
1069.0,0.3137802481651306
1069.1000000000001,0.3104379177093506
1069.2,0.31251972913742065
1069.3,0.31558018922805786
1069.4,0.3062654733657837
1069.5,0.318773090839386
1069.6000000000001,0.3160823583602905
1069.7,0.3123742640018463
1069.8,0.3138132393360138
1069.9,0.31455400586128235
1070.0,0.3075631558895111
1070.1000000000001,0.30673983693122864
1070.2,0.30948111414909363
1070.3,0.31036248803138733
1070.4,0.30756649374961853
1070.5,0.3117080628871918
1070.6000000000001,0.32089850306510925
1070.7,0.3084588646888733
1070.8,0.3061336874961853
1070.9,0.3098222017288208
1071.0,0.3122953176498413
1071.1000000000001,0.31706979870796204
1071.2,0.31232982873916626
1071.3,0.31617552042007446
1071.4,0.3041539192199707
1071.5,0.3088933527469635
1071.6000000000001,0.31687021255493164
1071.7,0.30884066224098206
1071.8,0.31384190917015076
1071.9,0.3111613392829895
1072.0,0.3158746361732483
1072.1000000000001,0.3083871901035309
1072.2,0.3109382688999176
1072.3,0.31124696135520935
1072.4,0.3079043924808502
1072.5,0.30709829926490784
1072.6000000000001,0.30440396070480347
1072.7,0.3074454069137573
1072.8,0.31495997309684753
1072.9,0.3083409368991852
1073.0,0.3116060793399811
1073.1000000000001,0.31585562229156494
1073.2,0.3206837475299835
1073.3,0.3184002935886383
1073.4,0.3101308047771454
1073.5,0.30464136600494385
1073.6000000000001,0.30477985739707947
1073.7,0.3109712302684784
1073.8,0.31021806597709656
1073.9,0.3096362352371216
1074.0,0.31031927466392517
1074.1000000000001,0.30782178044319153
1074.2,0.316180020570755
1074.3,0.30639588832855225
1074.4,0.31820106506347656
1074.5,0.3086213171482086
1074.6000000000001,0.3120570182800293
1074.7,0.3050525188446045
1074.8,0.30572640895843506
1074.9,0.3120998740196228
1075.0,0.313602089881897
1075.1000000000001,0.30121758580207825
1075.2,0.3174389898777008
1075.3,0.3139745593070984
1075.4,0.31101173162460327
1075.5,0.31622910499572754
1075.6000000000001,0.29934200644493103
1075.7,0.30882352590560913
1075.8,0.3052595555782318
1075.9,0.32049858570098877
1076.0,0.31475356221199036
1076.1000000000001,0.3176082968711853
1076.2,0.3138684630393982
1076.3,0.30160802602767944
1076.4,0.30589812994003296
1076.5,0.311962753534317
1076.6000000000001,0.31381627917289734
1076.7,0.30202603340148926
1076.8,0.3069927990436554
1076.9,0.31146055459976196
1077.0,0.3206750750541687
1077.1000000000001,0.30961641669273376
1077.2,0.30169549584388733
1077.3,0.3068457841873169
1077.4,0.3140268921852112
1077.5,0.3108183741569519
1077.6000000000001,0.3113536834716797
1077.7,0.31542283296585083
1077.8,0.3176535665988922
1077.9,0.3105713129043579
1078.0,0.3125703036785126
1078.1000000000001,0.30630913376808167
1078.2,0.31338781118392944
1078.3,0.30468079447746277
1078.4,0.31175240874290466
1078.5,0.3084122836589813
1078.6000000000001,0.3090519309043884
1078.7,0.318787544965744
1078.8,0.31529390811920166
1078.9,0.3055528402328491
1079.0,0.31163716316223145
1079.1000000000001,0.31409314274787903
1079.2,0.3098067045211792
1079.3,0.3138914406299591
1079.4,0.301403671503067
1079.5,0.30179235339164734
1079.6000000000001,0.3143274188041687
1079.7,0.312552809715271
1079.8,0.30957409739494324
1079.9,0.3167717158794403
1080.0,0.3118818700313568
1080.1000000000001,0.30272507667541504
1080.2,0.3035127818584442
1080.3,0.3020070791244507
1080.4,0.315225750207901
1080.5,0.3096582293510437
1080.6000000000001,0.3133240342140198
1080.7,0.3031439781188965
1080.8,0.3103766143321991
1080.9,0.30510956048965454
1081.0,0.30665749311447144
1081.1000000000001,0.3049778640270233
1081.2,0.31080594658851624
1081.3,0.31123116612434387
1081.4,0.3057003617286682
1081.5,0.31375858187675476
1081.6000000000001,0.30474409461021423
1081.7,0.30747053027153015
1081.8,0.3098938465118408
1081.9,0.31247571110725403
1082.0,0.312641978263855
1082.1000000000001,0.31094151735305786
1082.2,0.3035009801387787
1082.3,0.30008599162101746
1082.4,0.30901822447776794
1082.5,0.3191678822040558
1082.6000000000001,0.307611882686615
1082.7,0.30886444449424744
1082.8,0.3087676465511322
1082.9,0.31133297085762024
1083.0,0.3085304796695709
1083.1000000000001,0.3092901110649109
1083.2,0.30829721689224243
1083.3,0.31085506081581116
1083.4,0.31364551186561584
1083.5,0.31067955493927
1083.6000000000001,0.299134224653244
1083.7,0.31780683994293213
1083.8,0.31239670515060425
1083.9,0.30438998341560364
1084.0,0.31060791015625
1084.1000000000001,0.30664825439453125
1084.2,0.30371037125587463
1084.3,0.31250426173210144
1084.4,0.3004888892173767
1084.5,0.31537339091300964
1084.6000000000001,0.3098094165325165
1084.7,0.29871562123298645
1084.8,0.3130512535572052
1084.9,0.3155077397823334
1085.0,0.3120816946029663
1085.1000000000001,0.3210035264492035
1085.2,0.3120346963405609
1085.3,0.30679017305374146
1085.4,0.31187447905540466
1085.5,0.3125080168247223
1085.6000000000001,0.3053189516067505
1085.7,0.3079458475112915
1085.8,0.3063908815383911
1085.9,0.31083419919013977
1086.0,0.3110192120075226
1086.1000000000001,0.3075587749481201
1086.2,0.3071451187133789
1086.3,0.3099946975708008
1086.4,0.3099433183670044
1086.5,0.31581804156303406
1086.6000000000001,0.3139844834804535
1086.7,0.3139071762561798
1086.8,0.31229865550994873
1086.9,0.30996227264404297
1087.0,0.3046582341194153
1087.1000000000001,0.30571290850639343
1087.2,0.31038668751716614
1087.3,0.3123047947883606
1087.4,0.3073464334011078
1087.5,0.30686482787132263
1087.6000000000001,0.3035089075565338
1087.7,0.31084683537483215
1087.8,0.30927738547325134
1087.9,0.3127889335155487
1088.0,0.30886033177375793
1088.1000000000001,0.30575060844421387
1088.2,0.3174158036708832
1088.3,0.3073088228702545
1088.4,0.31652525067329407
1088.5,0.3188866078853607
1088.6000000000001,0.3149767816066742
1088.7,0.31355270743370056
1088.8,0.29542917013168335
1088.9,0.3107064664363861
1089.0,0.31783705949783325
1089.1000000000001,0.307034969329834
1089.2,0.30402007699012756
1089.3,0.3158462941646576
1089.4,0.3106224536895752
1089.5,0.3052578866481781
1089.6000000000001,0.31376105546951294
1089.7,0.302345871925354
1089.8,0.3038478493690491
1089.9,0.3113252818584442
1090.0,0.3187994658946991
1090.1000000000001,0.3032548725605011
1090.2,0.30266132950782776
1090.3,0.31074878573417664
1090.4,0.3011661767959595
1090.5,0.3165301978588104
1090.6000000000001,0.3127191662788391
1090.7,0.3105839490890503
1090.8,0.29943013191223145
1090.9,0.30503371357917786
1091.0,0.3135911226272583
1091.1000000000001,0.3132942020893097
1091.2,0.31651803851127625
1091.3,0.3080640435218811
1091.4,0.31271398067474365
1091.5,0.3184010684490204
1091.6000000000001,0.3210649788379669
1091.7,0.29437723755836487
1091.8,0.31178003549575806
1091.9,0.31491541862487793
1092.0,0.3144143521785736
1092.1000000000001,0.31034335494041443
1092.2,0.3052966296672821
1092.3,0.29358577728271484
1092.4,0.3050549626350403
1092.5,0.30657586455345154
1092.6000000000001,0.3062155842781067
1092.7,0.31910470128059387
1092.8,0.31445592641830444
1092.9,0.29834669828414917
1093.0,0.3160270154476166
1093.1000000000001,0.3157612085342407
1093.2,0.30849871039390564
1093.3,0.30316635966300964
1093.4,0.30781280994415283
1093.5,0.3158578872680664
1093.6000000000001,0.3076648414134979
1093.7,0.31781455874443054
1093.8,0.3153168559074402
1093.9,0.3069360852241516
1094.0,0.30947452783584595
1094.1000000000001,0.3181436061859131
1094.2,0.30966466665267944
1094.3,0.30696362257003784
1094.4,0.3075990080833435
1094.5,0.30941733717918396
1094.6000000000001,0.29953423142433167
1094.7,0.30553433299064636
1094.8,0.3186270296573639
1094.9,0.30113720893859863
1095.0,0.30010318756103516
1095.1000000000001,0.3172541558742523
1095.2,0.31306761503219604
1095.3000000000002,0.31070205569267273
1095.4,0.3050134479999542
1095.5,0.31058469414711
1095.6000000000001,0.3084830343723297
1095.7,0.3063666820526123
1095.8000000000002,0.31257545948028564
1095.9,0.30908119678497314
1096.0,0.31540900468826294
1096.1000000000001,0.31027933955192566
1096.2,0.30853262543678284
1096.3000000000002,0.30478203296661377
1096.4,0.31435975432395935
1096.5,0.3066674768924713
1096.6000000000001,0.3133885860443115
1096.7,0.31736767292022705
1096.8000000000002,0.3120099604129791
1096.9,0.31716442108154297
1097.0,0.3108506500720978
1097.1000000000001,0.3033548593521118
1097.2,0.31720978021621704
1097.3000000000002,0.3106670379638672
1097.4,0.3103925287723541
1097.5,0.30322572588920593
1097.6000000000001,0.3106488585472107
1097.7,0.31446629762649536
1097.8000000000002,0.30456751585006714
1097.9,0.31501930952072144
1098.0,0.30921366810798645
1098.1000000000001,0.30079710483551025
1098.2,0.31408068537712097
1098.3000000000002,0.3080601096153259
1098.4,0.30689340829849243
1098.5,0.3143829107284546
1098.6000000000001,0.3097260594367981
1098.7,0.308783620595932
1098.8000000000002,0.3231067955493927
1098.9,0.3108476996421814
1099.0,0.3157275319099426
1099.1000000000001,0.3121015131473541
1099.2,0.31830817461013794
1099.3000000000002,0.31162768602371216
1099.4,0.31004780530929565
1099.5,0.31178632378578186
1099.6000000000001,0.31621792912483215
1099.7,0.3178498446941376
1099.8000000000002,0.3084333539009094
1099.9,0.3113156259059906
1100.0,0.3058975040912628
1100.1000000000001,0.3126758337020874
1100.2,0.3144921064376831
1100.3000000000002,0.3139990568161011
1100.4,0.2989284098148346
1100.5,0.3145126402378082
1100.6000000000001,0.3082028925418854
1100.7,0.3089368939399719
1100.8000000000002,0.3107297122478485
1100.9,0.31118243932724
1101.0,0.31707459688186646
1101.1000000000001,0.31036901473999023
1101.2,0.30683037638664246
1101.3000000000002,0.30833759903907776
1101.4,0.3092227578163147
1101.5,0.3039451241493225
1101.6000000000001,0.30974602699279785
1101.7,0.31697121262550354
1101.8000000000002,0.3161477744579315
1101.9,0.297886461019516
1102.0,0.30792534351348877
1102.1000000000001,0.3073298931121826
1102.2,0.3070823848247528
1102.3000000000002,0.3149482309818268
1102.4,0.3089168667793274
1102.5,0.31420886516571045
1102.6000000000001,0.30380138754844666
1102.7,0.3055599629878998
1102.8000000000002,0.3028576970100403
1102.9,0.31356531381607056
1103.0,0.3166872560977936
1103.1000000000001,0.29988715052604675
1103.2,0.3060286045074463
1103.3000000000002,0.3020724356174469
1103.4,0.307533860206604
1103.5,0.31148970127105713
1103.6000000000001,0.31155404448509216
1103.7,0.3026820421218872
1103.8000000000002,0.3041074573993683
1103.9,0.31321150064468384
1104.0,0.31139957904815674
1104.1000000000001,0.31268101930618286
1104.2,0.3141785264015198
1104.3000000000002,0.3116278350353241
1104.4,0.30923983454704285
1104.5,0.30360203981399536
1104.6000000000001,0.29916897416114807
1104.7,0.30892619490623474
1104.8000000000002,0.312806636095047
1104.9,0.31417250633239746
1105.0,0.3013985753059387
1105.1000000000001,0.31403449177742004
1105.2,0.3138068914413452
1105.3000000000002,0.31018054485321045
1105.4,0.3110820949077606
1105.5,0.31556305289268494
1105.6000000000001,0.3072586953639984
1105.7,0.31050556898117065
1105.8000000000002,0.30765753984451294
1105.9,0.30143409967422485
1106.0,0.3045673072338104
1106.1000000000001,0.3122171461582184
1106.2,0.30620935559272766
1106.3000000000002,0.3087519705295563
1106.4,0.30906009674072266
1106.5,0.30359044671058655
1106.6000000000001,0.30493876338005066
1106.7,0.30872780084609985
1106.8000000000002,0.31428980827331543
1106.9,0.31068727374076843
1107.0,0.2962367832660675
1107.1000000000001,0.31687602400779724
1107.2,0.307476669549942
1107.3000000000002,0.3176039755344391
1107.4,0.3134501576423645
1107.5,0.3161640465259552
1107.6000000000001,0.30120906233787537
1107.7,0.3020009994506836
1107.8000000000002,0.30125582218170166
1107.9,0.3154939115047455
1108.0,0.31318941712379456
1108.1000000000001,0.30829423666000366
1108.2,0.3144465386867523
1108.3000000000002,0.3008989691734314
1108.4,0.3093247413635254
1108.5,0.31397590041160583
1108.6000000000001,0.31702330708503723
1108.7,0.3114624619483948
1108.8000000000002,0.3116818070411682
1108.9,0.30918461084365845
1109.0,0.3164975345134735
1109.1000000000001,0.3129606246948242
1109.2,0.30749446153640747
1109.3000000000002,0.31479546427726746
1109.4,0.29874008893966675
1109.5,0.3048146963119507
1109.6000000000001,0.3112027049064636
1109.7,0.30730095505714417
1109.8000000000002,0.30961334705352783
1109.9,0.3118698298931122
1110.0,0.30369365215301514
1110.1000000000001,0.3164040446281433
1110.2,0.3089188039302826
1110.3000000000002,0.3154582381248474
1110.4,0.315382719039917
1110.5,0.3007369041442871
1110.6000000000001,0.31598761677742004
1110.7,0.30741676688194275
1110.8000000000002,0.31251510977745056
1110.9,0.29961729049682617
1111.0,0.3129521310329437
1111.1000000000001,0.3128618597984314
1111.2,0.31070661544799805
1111.3000000000002,0.31405338644981384
1111.4,0.31110239028930664
1111.5,0.31025516986846924
1111.6000000000001,0.3179878890514374
1111.7,0.3160642683506012
1111.8000000000002,0.31142479181289673
1111.9,0.30421745777130127
1112.0,0.3138643205165863
1112.1000000000001,0.3079507052898407
1112.2,0.3087523281574249
1112.3000000000002,0.31801560521125793
1112.4,0.2977830767631531
1112.5,0.30303218960762024
1112.6000000000001,0.3034544289112091
1112.7,0.31131500005722046
1112.8000000000002,0.3140859305858612
1112.9,0.3118249475955963
1113.0,0.31234145164489746
1113.1000000000001,0.30835649371147156
1113.2,0.30423611402511597
1113.3000000000002,0.30618128180503845
1113.4,0.29696983098983765
1113.5,0.3011494576931
1113.6000000000001,0.3162810206413269
1113.7,0.3160773515701294
1113.8000000000002,0.31093132495880127
1113.9,0.30587244033813477
1114.0,0.3055770993232727
1114.1000000000001,0.3078732192516327
1114.2,0.31423234939575195
1114.3000000000002,0.30173182487487793
1114.4,0.3039388060569763
1114.5,0.3166644275188446
1114.6000000000001,0.31214600801467896
1114.7,0.3103065490722656
1114.8000000000002,0.31236740946769714
1114.9,0.3056891858577728
1115.0,0.30932721495628357
1115.1000000000001,0.3138073682785034
1115.2,0.3070931136608124
1115.3000000000002,0.31692418456077576
1115.4,0.3089805245399475
1115.5,0.31612297892570496
1115.6000000000001,0.31376203894615173
1115.7,0.3130389451980591
1115.8000000000002,0.31074824929237366
1115.9,0.313770592212677
1116.0,0.3072660565376282
1116.1000000000001,0.30727291107177734
1116.2,0.30965325236320496
1116.3000000000002,0.315660685300827
1116.4,0.3149242401123047
1116.5,0.3020770847797394
1116.6000000000001,0.31363964080810547
1116.7,0.31653720140457153
1116.8000000000002,0.3078208565711975
1116.9,0.304494172334671
1117.0,0.31296661496162415
1117.1000000000001,0.3162710666656494
1117.2,0.30832788348197937
1117.3000000000002,0.3058296740055084
1117.4,0.3125799596309662
1117.5,0.3071698844432831
1117.6000000000001,0.30483803153038025
1117.7,0.3163030743598938
1117.8000000000002,0.31458497047424316
1117.9,0.3158106207847595
1118.0,0.30617377161979675
1118.1000000000001,0.31606680154800415
1118.2,0.306927889585495
1118.3000000000002,0.3131670653820038
1118.4,0.3126777708530426
1118.5,0.3099518418312073
1118.6000000000001,0.3056034445762634
1118.7,0.31799694895744324
1118.8000000000002,0.30807384848594666
1118.9,0.30794134736061096
1119.0,0.3084764778614044
1119.1000000000001,0.3109881579875946
1119.2,0.30031853914260864
1119.3000000000002,0.2989365756511688
1119.4,0.31392139196395874
1119.5,0.3147883713245392
1119.6000000000001,0.31078866124153137
1119.7,0.312377005815506
1119.8000000000002,0.3067171275615692
1119.9,0.30700016021728516
1120.0,0.3099358081817627
1120.1000000000001,0.312894344329834
1120.2,0.32317766547203064
1120.3000000000002,0.31153106689453125
1120.4,0.31338465213775635
1120.5,0.30661576986312866
1120.6000000000001,0.31144386529922485
1120.7,0.31513962149620056
1120.8000000000002,0.31370681524276733
1120.9,0.3045172393321991
1121.0,0.3058352470397949
1121.1000000000001,0.3072620630264282
1121.2,0.31519028544425964
1121.3000000000002,0.2979756295681
1121.4,0.31493523716926575
1121.5,0.3124982714653015
1121.6000000000001,0.3085121810436249
1121.7,0.3100048005580902
1121.8000000000002,0.31452399492263794
1121.9,0.3106626570224762
1122.0,0.3060761094093323
1122.1000000000001,0.30700773000717163
1122.2,0.3092518448829651
1122.3000000000002,0.31984567642211914
1122.4,0.3006618022918701
1122.5,0.3028479218482971
1122.6000000000001,0.2975672483444214
1122.7,0.3032557964324951
1122.8000000000002,0.30785417556762695
1122.9,0.3040305972099304
1123.0,0.31877532601356506
1123.1000000000001,0.3058192729949951
1123.2,0.3087509274482727
1123.3000000000002,0.31606870889663696
1123.4,0.2988831102848053
1123.5,0.3112436830997467
1123.6000000000001,0.3073156177997589
1123.7,0.3055908679962158
1123.8000000000002,0.31302759051322937
1123.9,0.30663996934890747
1124.0,0.306846559047699
1124.1000000000001,0.3164663314819336
1124.2,0.3054676651954651
1124.3000000000002,0.3141278624534607
1124.4,0.3145750164985657
1124.5,0.3060687184333801
1124.6000000000001,0.31078216433525085
1124.7,0.30739977955818176
1124.8000000000002,0.30832692980766296
1124.9,0.31090492010116577
1125.0,0.315141499042511
1125.1000000000001,0.30418577790260315
1125.2,0.31093326210975647
1125.3000000000002,0.3070441484451294
1125.4,0.3157983422279358
1125.5,0.3055051863193512
1125.6000000000001,0.3098202347755432
1125.7,0.30511030554771423
1125.8000000000002,0.308826208114624
1125.9,0.3110140562057495
1126.0,0.313184916973114
1126.1000000000001,0.31122058629989624
1126.2,0.30781009793281555
1126.3000000000002,0.31130924820899963
1126.4,0.3144925832748413
1126.5,0.31258371472358704
1126.6000000000001,0.31523582339286804
1126.7,0.3188418745994568
1126.8000000000002,0.3098661005496979
1126.9,0.3058156967163086
1127.0,0.3081528842449188
1127.1000000000001,0.30757758021354675
1127.2,0.3148520886898041
1127.3000000000002,0.3103494942188263
1127.4,0.3057093322277069
1127.5,0.31197330355644226
1127.6000000000001,0.3058020770549774
1127.7,0.3195289671421051
1127.8000000000002,0.31271621584892273
1127.9,0.30149880051612854
1128.0,0.31596630811691284
1128.1000000000001,0.30657052993774414
1128.2,0.3135268986225128
1128.3000000000002,0.3018035590648651
1128.4,0.3015364110469818
1128.5,0.30422016978263855
1128.6000000000001,0.31311169266700745
1128.7,0.3224424123764038
1128.8000000000002,0.3113190829753876
1128.9,0.308428555727005
1129.0,0.3152140974998474
1129.1000000000001,0.31435975432395935
1129.2,0.3119998872280121
1129.3000000000002,0.30560576915740967
1129.4,0.31429773569107056
1129.5,0.3116694688796997
1129.6000000000001,0.3026198446750641
1129.7,0.30598562955856323
1129.8000000000002,0.3027036190032959
1129.9,0.31132879853248596
1130.0,0.3099983334541321
1130.1000000000001,0.2988244593143463
1130.2,0.31355977058410645
1130.3000000000002,0.30872461199760437
1130.4,0.3116719722747803
1130.5,0.30461928248405457
1130.6000000000001,0.3184010982513428
1130.7,0.31999897956848145
1130.8000000000002,0.31121477484703064
1130.9,0.30650952458381653
1131.0,0.31048858165740967
1131.1000000000001,0.30597853660583496
1131.2,0.30955174565315247
1131.3000000000002,0.3132615089416504
1131.4,0.31015634536743164
1131.5,0.3096309304237366
1131.6000000000001,0.310439795255661
1131.7,0.3106037974357605
1131.8000000000002,0.3126494884490967
1131.9,0.30483272671699524
1132.0,0.3116208016872406
1132.1000000000001,0.30467092990875244
1132.2,0.3123350441455841
1132.3000000000002,0.3099822700023651
1132.4,0.3148208558559418
1132.5,0.3201472759246826
1132.6000000000001,0.31061360239982605
1132.7,0.3122257590293884
1132.8000000000002,0.313952773809433
1132.9,0.3102198541164398
1133.0,0.3019469678401947
1133.1000000000001,0.3152921497821808
1133.2,0.30898621678352356
1133.3000000000002,0.3134678900241852
1133.4,0.3127799332141876
1133.5,0.31379255652427673
1133.6000000000001,0.3070789575576782
1133.7,0.31585702300071716
1133.8000000000002,0.3057248890399933
1133.9,0.30235186219215393
1134.0,0.310966432094574
1134.1000000000001,0.3060370087623596
1134.2,0.3041952848434448
1134.3000000000002,0.3168516159057617
1134.4,0.3126055598258972
1134.5,0.30114319920539856
1134.6000000000001,0.3191395103931427
1134.7,0.31019341945648193
1134.8000000000002,0.30122822523117065
1134.9,0.314407080411911
1135.0,0.3090784251689911
1135.1000000000001,0.3138623833656311
1135.2,0.31263163685798645
1135.3000000000002,0.31231173872947693
1135.4,0.3113024830818176
1135.5,0.31244251132011414
1135.6000000000001,0.3101454973220825
1135.7,0.3054144084453583
1135.8000000000002,0.31320905685424805
1135.9,0.31075748801231384
1136.0,0.31500089168548584
1136.1000000000001,0.3152654469013214
1136.2,0.31952404975891113
1136.3000000000002,0.305573433637619
1136.4,0.3119291067123413
1136.5,0.3055824935436249
1136.6000000000001,0.30958718061447144
1136.7,0.31000658869743347
1136.8000000000002,0.30960139632225037
1136.9,0.30907949805259705
1137.0,0.3087309002876282
1137.1000000000001,0.3125762939453125
1137.2,0.31346189975738525
1137.3000000000002,0.3177040219306946
1137.4,0.3019123375415802
1137.5,0.31049010157585144
1137.6000000000001,0.31202587485313416
1137.7,0.3153284788131714
1137.8000000000002,0.3132176995277405
1137.9,0.3103857934474945
1138.0,0.30491915345191956
1138.1000000000001,0.3030606806278229
1138.2,0.30353844165802
1138.3000000000002,0.3087649643421173
1138.4,0.30221307277679443
1138.5,0.29919707775115967
1138.6000000000001,0.31420063972473145
1138.7,0.31046241521835327
1138.8000000000002,0.3121512234210968
1138.9,0.308047890663147
1139.0,0.31752902269363403
1139.1000000000001,0.30831801891326904
1139.2,0.30128660798072815
1139.3000000000002,0.3064671754837036
1139.4,0.3098909258842468
1139.5,0.3149320185184479
1139.6000000000001,0.31710803508758545
1139.7,0.31994152069091797
1139.8000000000002,0.3149164617061615
1139.9,0.3064533472061157
1140.0,0.30120670795440674
1140.1000000000001,0.300263375043869
1140.2,0.3063082993030548
1140.3000000000002,0.3167126178741455
1140.4,0.29950863122940063
1140.5,0.30709290504455566
1140.6000000000001,0.3064146637916565
1140.7,0.3027478754520416
1140.8000000000002,0.3122899830341339
1140.9,0.31512561440467834
1141.0,0.30717742443084717
1141.1000000000001,0.3078122138977051
1141.2,0.31082674860954285
1141.3000000000002,0.3003089427947998
1141.4,0.3076615631580353
1141.5,0.31196218729019165
1141.6000000000001,0.3106142282485962
1141.7,0.31433534622192383
1141.8000000000002,0.31436610221862793
1141.9,0.31128257513046265
1142.0,0.30675938725471497
1142.1000000000001,0.31762945652008057
1142.2,0.31603094935417175
1142.3000000000002,0.3121248483657837
1142.4,0.30293458700180054
1142.5,0.3155129849910736
1142.6000000000001,0.30314353108406067
1142.7,0.3123954236507416
1142.8000000000002,0.32051149010658264
1142.9,0.3046172559261322
1143.0,0.3096107542514801
1143.1000000000001,0.3119017481803894
1143.2,0.30864566564559937
1143.3000000000002,0.30330896377563477
1143.4,0.31300926208496094
1143.5,0.309543251991272
1143.6000000000001,0.3092254400253296
1143.7,0.3145473003387451
1143.8000000000002,0.30492472648620605
1143.9,0.3146516680717468
1144.0,0.3098028898239136
1144.1000000000001,0.3075157105922699
1144.2,0.307912141084671
1144.3000000000002,0.30971693992614746
1144.4,0.31253761053085327
1144.5,0.31464073061943054
1144.6000000000001,0.312724769115448
1144.7,0.3099384009838104
1144.8000000000002,0.3028576672077179
1144.9,0.31369662284851074
1145.0,0.30974212288856506
1145.1000000000001,0.3127153813838959
1145.2,0.30717259645462036
1145.3000000000002,0.31031176447868347
1145.4,0.30540546774864197
1145.5,0.31280457973480225
1145.6000000000001,0.3130244016647339
1145.7,0.31103137135505676
1145.8000000000002,0.3127250373363495
1145.9,0.30968329310417175
1146.0,0.30943259596824646
1146.1000000000001,0.3169417977333069
1146.2,0.3134661614894867
1146.3000000000002,0.30440881848335266
1146.4,0.3099905848503113
1146.5,0.31092318892478943
1146.6000000000001,0.3056327700614929
1146.7,0.3119369447231293
1146.8000000000002,0.3050896227359772
1146.9,0.31042686104774475
1147.0,0.31461042165756226
1147.1000000000001,0.313659131526947
1147.2,0.3084792494773865
1147.3000000000002,0.30700498819351196
1147.4,0.312237411737442
1147.5,0.3081929087638855
1147.6000000000001,0.30800682306289673
1147.7,0.3138050138950348
1147.8000000000002,0.30852869153022766
1147.9,0.3137579560279846
1148.0,0.30586278438568115
1148.1000000000001,0.3114163279533386
1148.2,0.3041267395019531
1148.3000000000002,0.31110823154449463
1148.4,0.2966408133506775
1148.5,0.31618228554725647
1148.6000000000001,0.30863621830940247
1148.7,0.31426310539245605
1148.8000000000002,0.31419700384140015
1148.9,0.3115915060043335
1149.0,0.3106808364391327
1149.1000000000001,0.3048105537891388
1149.2,0.31113582849502563
1149.3000000000002,0.3025286793708801
1149.4,0.31135231256484985
1149.5,0.30436810851097107
1149.6000000000001,0.31115204095840454
1149.7,0.31567883491516113
1149.8000000000002,0.3082953095436096
1149.9,0.3159146308898926
1150.0,0.31472915410995483
1150.1000000000001,0.316775381565094
1150.2,0.29721182584762573
1150.3000000000002,0.3143237829208374
1150.4,0.3025984764099121
1150.5,0.3088817000389099
1150.6000000000001,0.3042539954185486
1150.7,0.3145556151866913
1150.8000000000002,0.3130432069301605
1150.9,0.31278982758522034
1151.0,0.3107994794845581
1151.1000000000001,0.3090050518512726
1151.2,0.31289908289909363
1151.3000000000002,0.29712334275245667
1151.4,0.30299636721611023
1151.5,0.3166642189025879
1151.6000000000001,0.3166560232639313
1151.7,0.31571459770202637
1151.8000000000002,0.31522336602211
1151.9,0.31570687890052795
1152.0,0.31526002287864685
1152.1000000000001,0.31708627939224243
1152.2,0.30754032731056213
1152.3000000000002,0.3100684583187103
1152.4,0.30790266394615173
1152.5,0.31640246510505676
1152.6000000000001,0.31540647149086
1152.7,0.31713464856147766
1152.8000000000002,0.31008055806159973
1152.9,0.31919294595718384
1153.0,0.3082907199859619
1153.1000000000001,0.3094155788421631
1153.2,0.3057844936847687
1153.3000000000002,0.3135678172111511
1153.4,0.3096487820148468
1153.5,0.3064172863960266
1153.6000000000001,0.3026159107685089
1153.7,0.3016151487827301
1153.8000000000002,0.2937261462211609
1153.9,0.3081102669239044
1154.0,0.3095167279243469
1154.1000000000001,0.3106497824192047
1154.2,0.3069407641887665
1154.3000000000002,0.3055385649204254
1154.4,0.30825960636138916
1154.5,0.304108202457428
1154.6000000000001,0.31297576427459717
1154.7,0.3134000301361084
1154.8000000000002,0.312934547662735
1154.9,0.3123569190502167
1155.0,0.3109034299850464
1155.1000000000001,0.30418968200683594
1155.2,0.315428227186203
1155.3000000000002,0.3144782781600952
1155.4,0.32022014260292053
1155.5,0.29412898421287537
1155.6000000000001,0.3142506778240204
1155.7,0.3032652735710144
1155.8000000000002,0.31395021080970764
1155.9,0.30981889367103577
1156.0,0.3116477131843567
1156.1000000000001,0.3152540326118469
1156.2,0.3097197115421295
1156.3000000000002,0.31172576546669006
1156.4,0.3082047402858734
1156.5,0.31191208958625793
1156.6000000000001,0.300258070230484
1156.7,0.3109011948108673
1156.8000000000002,0.31106865406036377
1156.9,0.29746782779693604
1157.0,0.3072108030319214
1157.1000000000001,0.31089046597480774
1157.2,0.31637072563171387
1157.3000000000002,0.30803102254867554
1157.4,0.31343787908554077
1157.5,0.31116071343421936
1157.6000000000001,0.29696542024612427
1157.7,0.30963242053985596
1157.8000000000002,0.31917253136634827
1157.9,0.3114241063594818
1158.0,0.314824640750885
1158.1000000000001,0.31669971346855164
1158.2,0.31040701270103455
1158.3000000000002,0.30782219767570496
1158.4,0.3138938248157501
1158.5,0.31120023131370544
1158.6000000000001,0.31441551446914673
1158.7,0.3191651999950409
1158.8000000000002,0.30528101325035095
1158.9,0.31224584579467773
1159.0,0.3108486831188202
1159.1000000000001,0.30721914768218994
1159.2,0.3118893504142761
1159.3000000000002,0.29810672998428345
1159.4,0.30339857935905457
1159.5,0.3107837438583374
1159.6000000000001,0.32024088501930237
1159.7,0.30706414580345154
1159.8000000000002,0.31862208247184753
1159.9,0.3065098524093628
1160.0,0.3164525032043457
1160.1000000000001,0.30060961842536926
1160.2,0.31826743483543396
1160.3000000000002,0.31644707918167114
1160.4,0.3150734007358551
1160.5,0.3102427124977112
1160.6000000000001,0.3107314109802246
1160.7,0.30600208044052124
1160.8000000000002,0.31467539072036743
1160.9,0.3132588267326355
1161.0,0.31609341502189636
1161.1000000000001,0.30268824100494385
1161.2,0.3027629256248474
1161.3000000000002,0.3102429211139679
1161.4,0.29287099838256836
1161.5,0.3063211441040039
1161.6000000000001,0.31129929423332214
1161.7,0.30257540941238403
1161.8000000000002,0.2991160750389099
1161.9,0.30951133370399475
1162.0,0.30709853768348694
1162.1000000000001,0.2973325550556183
1162.2,0.3063722848892212
1162.3000000000002,0.30392327904701233
1162.4,0.3099086284637451
1162.5,0.30582717061042786
1162.6000000000001,0.3037346601486206
1162.7,0.3152254521846771
1162.8000000000002,0.30058273673057556
1162.9,0.31542935967445374
1163.0,0.31353995203971863
1163.1000000000001,0.31226998567581177
1163.2,0.31048887968063354
1163.3000000000002,0.31670844554901123
1163.4,0.31574052572250366
1163.5,0.30842316150665283
1163.6000000000001,0.3077336549758911
1163.7,0.31496337056159973
1163.8000000000002,0.3082067370414734
1163.9,0.30779212713241577
1164.0,0.30431053042411804
1164.1000000000001,0.30889397859573364
1164.2,0.31256696581840515
1164.3000000000002,0.30666327476501465
1164.4,0.3094376027584076
1164.5,0.3100137412548065
1164.6000000000001,0.31075596809387207
1164.7,0.3153729736804962
1164.8000000000002,0.3143940567970276
1164.9,0.31372183561325073
1165.0,0.31792011857032776
1165.1000000000001,0.31175342202186584
1165.2,0.3097386062145233
1165.3000000000002,0.30300530791282654
1165.4,0.31303873658180237
1165.5,0.313873291015625
1165.6000000000001,0.31280142068862915
1165.7,0.3070719242095947
1165.8000000000002,0.31824567914009094
1165.9,0.31365305185317993
1166.0,0.304548054933548
1166.1000000000001,0.31801027059555054
1166.2,0.31334149837493896
1166.3000000000002,0.30581116676330566
1166.4,0.31403613090515137
1166.5,0.31228163838386536
1166.6000000000001,0.3179759979248047
1166.7,0.306090384721756
1166.8000000000002,0.30946293473243713
1166.9,0.3086937665939331
1167.0,0.3117799758911133
1167.1000000000001,0.3134342432022095
1167.2,0.301141619682312
1167.3000000000002,0.30491143465042114
1167.4,0.29663753509521484
1167.5,0.30439674854278564
1167.6000000000001,0.3099554181098938
1167.7,0.30128607153892517
1167.8000000000002,0.31082281470298767
1167.9,0.3082437515258789
1168.0,0.3143685460090637
1168.1000000000001,0.30876612663269043
1168.2,0.31051087379455566
1168.3000000000002,0.31520596146583557
1168.4,0.30975914001464844
1168.5,0.3133951425552368
1168.6000000000001,0.299530565738678
1168.7,0.32174015045166016
1168.8000000000002,0.3130059838294983
1168.9,0.3125450611114502
1169.0,0.31317293643951416
1169.1000000000001,0.3145156502723694
1169.2,0.31698864698410034
1169.3000000000002,0.31191128492355347
1169.4,0.3122941851615906
1169.5,0.31566593050956726
1169.6000000000001,0.3106236457824707
1169.7,0.30588299036026
1169.8000000000002,0.3065809905529022
1169.9,0.31016525626182556
1170.0,0.3164050281047821
1170.1000000000001,0.3014174997806549
1170.2,0.31476885080337524
1170.3000000000002,0.3119490444660187
1170.4,0.31173238158226013
1170.5,0.3064769506454468
1170.6000000000001,0.31890958547592163
1170.7,0.3100973665714264
1170.8000000000002,0.3120780289173126
1170.9,0.31508955359458923
1171.0,0.31891775131225586
1171.1000000000001,0.3150736093521118
1171.2,0.3107045888900757
1171.3000000000002,0.31374984979629517
1171.4,0.30917105078697205
1171.5,0.3076258897781372
1171.6000000000001,0.3072933554649353
1171.7,0.31788501143455505
1171.8000000000002,0.31189507246017456
1171.9,0.3137422204017639
1172.0,0.3050936460494995
1172.1000000000001,0.302653968334198
1172.2,0.3117222189903259
1172.3000000000002,0.3137561082839966
1172.4,0.3063531517982483
1172.5,0.3070192337036133
1172.6000000000001,0.3113427460193634
1172.7,0.3078891634941101
1172.8000000000002,0.3138049244880676
1172.9,0.31864696741104126
1173.0,0.3071168065071106
1173.1000000000001,0.31233370304107666
1173.2,0.28929436206817627
1173.3000000000002,0.3086158335208893
1173.4,0.31059691309928894
1173.5,0.31415319442749023
1173.6000000000001,0.31639522314071655
1173.7,0.31156083941459656
1173.8000000000002,0.3089611232280731
1173.9,0.2996929883956909
1174.0,0.3109363913536072
1174.1000000000001,0.3112184405326843
1174.2,0.3057801425457001
1174.3000000000002,0.3171261250972748
1174.4,0.3061661720275879
1174.5,0.3139461278915405
1174.6000000000001,0.310156911611557
1174.7,0.30977341532707214
1174.8000000000002,0.31203675270080566
1174.9,0.3070727586746216
1175.0,0.3029637932777405
1175.1000000000001,0.315030962228775
1175.2,0.30573299527168274
1175.3000000000002,0.2983566224575043
1175.4,0.30680203437805176
1175.5,0.31617891788482666
1175.6000000000001,0.3056633770465851
1175.7,0.31550154089927673
1175.8000000000002,0.31576383113861084
1175.9,0.3121396005153656
1176.0,0.3060224950313568
1176.1000000000001,0.310321569442749
1176.2,0.31347736716270447
1176.3000000000002,0.2934246361255646
1176.4,0.3002718687057495
1176.5,0.31296125054359436
1176.6000000000001,0.3001944422721863
1176.7,0.3148883581161499
1176.8000000000002,0.3042565882205963
1176.9,0.30653828382492065
1177.0,0.31947219371795654
1177.1000000000001,0.3102477192878723
1177.2,0.3070538341999054
1177.3000000000002,0.3105185031890869
1177.4,0.3126707673072815
1177.5,0.31308507919311523
1177.6000000000001,0.3070923388004303
1177.7,0.31016072630882263
1177.8000000000002,0.3062156140804291
1177.9,0.3176625370979309
1178.0,0.31417766213417053
1178.1000000000001,0.314388245344162
1178.2,0.31393179297447205
1178.3000000000002,0.30715861916542053
1178.4,0.3150690793991089
1178.5,0.30850961804389954
1178.6000000000001,0.3058430552482605
1178.7,0.3103348910808563
1178.8000000000002,0.31025174260139465
1178.9,0.3027800917625427
1179.0,0.3099254369735718
1179.1000000000001,0.30808767676353455
1179.2,0.3055780529975891
1179.3000000000002,0.3023791015148163
1179.4,0.31447550654411316
1179.5,0.3151087760925293
1179.6000000000001,0.30165842175483704
1179.7,0.3100886940956116
1179.8000000000002,0.3039781451225281
1179.9,0.30882972478866577
1180.0,0.313392698764801
1180.1000000000001,0.30935531854629517
1180.2,0.30781808495521545
1180.3000000000002,0.30379295349121094
1180.4,0.30708178877830505
1180.5,0.31066352128982544
1180.6000000000001,0.31925055384635925
1180.7,0.30966049432754517
1180.8000000000002,0.3118930160999298
1180.9,0.3170047402381897
1181.0,0.3084251880645752
1181.1000000000001,0.30603793263435364
1181.2,0.3098362982273102
1181.3000000000002,0.3083542287349701
1181.4,0.3078939914703369
1181.5,0.303201287984848
1181.6000000000001,0.3100958466529846
1181.7,0.31629565358161926
1181.8000000000002,0.30762195587158203
1181.9,0.30916672945022583
1182.0,0.31466159224510193
1182.1000000000001,0.3197347819805145
1182.2,0.31327804923057556
1182.3000000000002,0.3052577078342438
1182.4,0.2933414876461029
1182.5,0.3066391944885254
1182.6000000000001,0.30787354707717896
1182.7,0.3161486089229584
1182.8000000000002,0.3112007975578308
1182.9,0.3051295876502991
1183.0,0.31439825892448425
1183.1000000000001,0.3115580081939697
1183.2,0.3122261166572571
1183.3000000000002,0.31456729769706726
1183.4,0.30639564990997314
1183.5,0.31279414892196655
1183.6000000000001,0.30734169483184814
1183.7,0.31047186255455017
1183.8000000000002,0.31354841589927673
1183.9,0.3132319450378418
1184.0,0.3156832158565521
1184.1000000000001,0.30121752619743347
1184.2,0.2934187948703766
1184.3000000000002,0.3181663453578949
1184.4,0.3090781569480896
1184.5,0.3127319812774658
1184.6000000000001,0.3119128942489624
1184.7,0.3026328980922699
1184.8000000000002,0.31297945976257324
1184.9,0.31560471653938293
1185.0,0.3041929602622986
1185.1000000000001,0.30480578541755676
1185.2,0.3135235607624054
1185.3000000000002,0.31235271692276
1185.4,0.3100837171077728
1185.5,0.3119046688079834
1185.6000000000001,0.2996494472026825
1185.7,0.31380048394203186
1185.8000000000002,0.3133701682090759
1185.9,0.31789031624794006
1186.0,0.3048076331615448
1186.1000000000001,0.31099215149879456
1186.2,0.30227425694465637
1186.3000000000002,0.3057892322540283
1186.4,0.3079403042793274
1186.5,0.3202611804008484
1186.6000000000001,0.31504637002944946
1186.7,0.31159356236457825
1186.8000000000002,0.3123007118701935
1186.9,0.30954983830451965
1187.0,0.31042903661727905
1187.1000000000001,0.31196025013923645
1187.2,0.30603891611099243
1187.3000000000002,0.3139711618423462
1187.4,0.3141976594924927
1187.5,0.30860385298728943
1187.6000000000001,0.31756824254989624
1187.7,0.3147280216217041
1187.8000000000002,0.31556445360183716
1187.9,0.31713253259658813
1188.0,0.31431806087493896
1188.1000000000001,0.3071925938129425
1188.2,0.3066795766353607
1188.3000000000002,0.3143571615219116
1188.4,0.3112136125564575
1188.5,0.30707916617393494
1188.6000000000001,0.31197822093963623
1188.7,0.3075742721557617
1188.8000000000002,0.3111071288585663
1188.9,0.3048499822616577
1189.0,0.3136324882507324
1189.1000000000001,0.30794087052345276
1189.2,0.302456259727478
1189.3000000000002,0.3132113814353943
1189.4,0.3132586181163788
1189.5,0.31095099449157715
1189.6000000000001,0.3176121711730957
1189.7,0.31123560667037964
1189.8000000000002,0.3215157389640808
1189.9,0.3116963803768158
1190.0,0.31084543466567993
1190.1000000000001,0.3053186535835266
1190.2,0.30344948172569275
1190.3000000000002,0.3126670718193054
1190.4,0.30572187900543213
1190.5,0.31222158670425415
1190.6000000000001,0.3160974085330963
1190.7,0.31290578842163086
1190.8000000000002,0.31389039754867554
1190.9,0.3006596863269806
1191.0,0.30855128169059753
1191.1000000000001,0.31063327193260193
1191.2,0.3150615692138672
1191.3000000000002,0.31402310729026794
1191.4,0.310235857963562
1191.5,0.31127646565437317
1191.6000000000001,0.31086450815200806
1191.7,0.3181324005126953
1191.8000000000002,0.3139737844467163
1191.9,0.31346553564071655
1192.0,0.3143824338912964
1192.1000000000001,0.31268635392189026
1192.2,0.31545552611351013
1192.3000000000002,0.3114381730556488
1192.4,0.30432435870170593
1192.5,0.3156426250934601
1192.6000000000001,0.30919066071510315
1192.7,0.3108157813549042
1192.8000000000002,0.3056443929672241
1192.9,0.3147733211517334
1193.0,0.3095904290676117
1193.1000000000001,0.3055587410926819
1193.2,0.313339501619339
1193.3000000000002,0.3046072721481323
1193.4,0.29795145988464355
1193.5,0.3087431788444519
1193.6000000000001,0.30529001355171204
1193.7,0.3092551827430725
1193.8000000000002,0.30545198917388916
1193.9,0.3185766041278839
1194.0,0.31004080176353455
1194.1000000000001,0.3074505627155304
1194.2,0.30102410912513733
1194.3000000000002,0.31213411688804626
1194.4,0.31479066610336304
1194.5,0.30760976672172546
1194.6000000000001,0.31050094962120056
1194.7,0.3044274151325226
1194.8000000000002,0.311755895614624
1194.9,0.3104389011859894
1195.0,0.3019956052303314
1195.1000000000001,0.31144848465919495
1195.2,0.31113606691360474
1195.3000000000002,0.31686004996299744
1195.4,0.31405505537986755
1195.5,0.30749884247779846
1195.6000000000001,0.3079800307750702
1195.7,0.31263408064842224
1195.8000000000002,0.3103054165840149
1195.9,0.31293389201164246
1196.0,0.3176366984844208
1196.1000000000001,0.301820307970047
1196.2,0.3083459138870239
1196.3000000000002,0.30676206946372986
1196.4,0.30475857853889465
1196.5,0.3109603226184845
1196.6000000000001,0.30500528216362
1196.7,0.3107723593711853
1196.8000000000002,0.30834126472473145
1196.9,0.313163697719574
1197.0,0.31304609775543213
1197.1000000000001,0.3057486414909363
1197.2,0.29106608033180237
1197.3000000000002,0.30348995327949524
1197.4,0.31027334928512573
1197.5,0.31854379177093506
1197.6000000000001,0.311235249042511
1197.7,0.3076523542404175
1197.8000000000002,0.3103410601615906
1197.9,0.3163657486438751
1198.0,0.30729520320892334
1198.1000000000001,0.31595611572265625
1198.2,0.3130287826061249
1198.3000000000002,0.3192678987979889
1198.4,0.31834712624549866
1198.5,0.2992604374885559
1198.6000000000001,0.3126748204231262
1198.7,0.30753573775291443
1198.8000000000002,0.3097553253173828
1198.9,0.30808529257774353
1199.0,0.31691786646842957
1199.1000000000001,0.3105841279029846
1199.2,0.31243714690208435
1199.3000000000002,0.3166322708129883
1199.4,0.3140328824520111
1199.5,0.31462523341178894
1199.6000000000001,0.3183627128601074
1199.7,0.31625062227249146
1199.8000000000002,0.3074606955051422
1199.9,0.31095483899116516
1200.0,0.3105790317058563
1200.1000000000001,0.3045376241207123
1200.2,0.31409752368927
1200.3000000000002,0.31150326132774353
1200.4,0.3103433847427368
1200.5,0.3137301206588745
1200.6000000000001,0.3087766468524933
1200.7,0.30767011642456055
1200.8000000000002,0.3160424530506134
1200.9,0.3144083023071289
1201.0,0.30594128370285034
1201.1000000000001,0.2996445596218109
1201.2,0.31015172600746155
1201.3000000000002,0.3126991391181946
1201.4,0.31630009412765503
1201.5,0.3144124448299408
1201.6000000000001,0.3078628480434418
1201.7,0.3151968717575073
1201.8000000000002,0.3109714090824127
1201.9,0.30825886130332947
1202.0,0.3104110360145569
1202.1000000000001,0.3090955913066864
1202.2,0.3158486485481262
1202.3000000000002,0.30832040309906006
1202.4,0.31245946884155273
1202.5,0.31363943219184875
1202.6000000000001,0.30987074971199036
1202.7,0.31696027517318726
1202.8000000000002,0.3117697536945343
1202.9,0.3133280277252197
1203.0,0.31793901324272156
1203.1000000000001,0.3149639070034027
1203.2,0.3021371364593506
1203.3000000000002,0.3121313154697418
1203.4,0.3135562241077423
1203.5,0.316571444272995
1203.6000000000001,0.30506765842437744
1203.7,0.31190741062164307
1203.8000000000002,0.31300896406173706
1203.9,0.3095296323299408
1204.0,0.3091990649700165
1204.1000000000001,0.31158602237701416
1204.2,0.3117970824241638
1204.3000000000002,0.3181682229042053
1204.4,0.3133614659309387
1204.5,0.3162095546722412
1204.6000000000001,0.3146224021911621
1204.7,0.30180859565734863
1204.8000000000002,0.30987754464149475
1204.9,0.31132054328918457
1205.0,0.30700331926345825
1205.1000000000001,0.31891530752182007
1205.2,0.3135964870452881
1205.3000000000002,0.3148496150970459
1205.4,0.3073383867740631
1205.5,0.3080463111400604
1205.6000000000001,0.30929890275001526
1205.7,0.3139060437679291
1205.8000000000002,0.3134411573410034
1205.9,0.3054569959640503
1206.0,0.3155610263347626
1206.1000000000001,0.2986341416835785
1206.2,0.3171594738960266
1206.3000000000002,0.3115863800048828
1206.4,0.3055950701236725
1206.5,0.30779656767845154
1206.6000000000001,0.30869290232658386
1206.7,0.3097798824310303
1206.8000000000002,0.31225287914276123
1206.9,0.30219197273254395
1207.0,0.31079450249671936
1207.1000000000001,0.3109566569328308
1207.2,0.30944791436195374
1207.3000000000002,0.3051038384437561
1207.4,0.30532747507095337
1207.5,0.3163244426250458
1207.6000000000001,0.3149793744087219
1207.7,0.30622512102127075
1207.8000000000002,0.3109084963798523
1207.9,0.31128013134002686
1208.0,0.29871800541877747
1208.1000000000001,0.31369805335998535
1208.2,0.31114456057548523
1208.3000000000002,0.31206125020980835
1208.4,0.3120177686214447
1208.5,0.31163889169692993
1208.6000000000001,0.31521132588386536
1208.7,0.2972605228424072
1208.8000000000002,0.3079204857349396
1208.9,0.3005584478378296
1209.0,0.3062261641025543
1209.1000000000001,0.3165702819824219
1209.2,0.3072708249092102
1209.3000000000002,0.3114764094352722
1209.4,0.30385154485702515
1209.5,0.310423880815506
1209.6000000000001,0.3177657425403595
1209.7,0.30848371982574463
1209.8000000000002,0.3020952343940735
1209.9,0.31690308451652527
1210.0,0.30525046586990356
1210.1000000000001,0.2986299395561218
1210.2,0.31738007068634033
1210.3000000000002,0.3106667101383209
1210.4,0.31258976459503174
1210.5,0.30812394618988037
1210.6000000000001,0.29842686653137207
1210.7,0.3077775537967682
1210.8000000000002,0.3034578263759613
1210.9,0.30772262811660767
1211.0,0.31515538692474365
1211.1000000000001,0.31459465622901917
1211.2,0.31554660201072693
1211.3000000000002,0.31268128752708435
1211.4,0.31064164638519287
1211.5,0.31551069021224976
1211.6000000000001,0.31609418988227844
1211.7,0.3117433190345764
1211.8000000000002,0.31608039140701294
1211.9,0.3127516806125641
1212.0,0.3093127906322479
1212.1000000000001,0.3117920458316803
1212.2,0.31525078415870667
1212.3000000000002,0.3072761595249176
1212.4,0.31166183948516846
1212.5,0.29929444193840027
1212.6000000000001,0.3074764311313629
1212.7,0.31122565269470215
1212.8000000000002,0.30651161074638367
1212.9,0.3092854917049408
1213.0,0.30944570899009705
1213.1000000000001,0.30805468559265137
1213.2,0.31235718727111816
1213.3000000000002,0.3070591986179352
1213.4,0.3139171898365021
1213.5,0.300259530544281
1213.6000000000001,0.3172417879104614
1213.7,0.3121362626552582
1213.8000000000002,0.31681180000305176
1213.9,0.3155634105205536
1214.0,0.31441831588745117
1214.1000000000001,0.30999308824539185
1214.2,0.3099098801612854
1214.3000000000002,0.3035464286804199
1214.4,0.3129012882709503
1214.5,0.3154381811618805
1214.6000000000001,0.31563466787338257
1214.7,0.31369319558143616
1214.8000000000002,0.3171369433403015
1214.9,0.3116183578968048
1215.0,0.3109242618083954
1215.1000000000001,0.3028687834739685
1215.2,0.3145774304866791
1215.3000000000002,0.31784120202064514
1215.4,0.3179824948310852
1215.5,0.30938106775283813
1215.6000000000001,0.3140103220939636
1215.7,0.31377989053726196
1215.8000000000002,0.30553486943244934
1215.9,0.3195536434650421
1216.0,0.30438199639320374
1216.1000000000001,0.31697332859039307
1216.2,0.30881330370903015
1216.3000000000002,0.31056323647499084
1216.4,0.30989450216293335
1216.5,0.3006201982498169
1216.6000000000001,0.306155800819397
1216.7,0.3154328167438507
1216.8000000000002,0.305999219417572
1216.9,0.31619152426719666
1217.0,0.3128923773765564
1217.1000000000001,0.31276533007621765
1217.2,0.31088247895240784
1217.3000000000002,0.3167406916618347
1217.4,0.3148607015609741
1217.5,0.31173357367515564
1217.6000000000001,0.3045664429664612
1217.7,0.3137144148349762
1217.8000000000002,0.3098166882991791
1217.9,0.312100887298584
1218.0,0.30525457859039307
1218.1000000000001,0.3078242242336273
1218.2,0.3124656677246094
1218.3000000000002,0.3123345375061035
1218.4,0.30690452456474304
1218.5,0.3117777109146118
1218.6000000000001,0.31431251764297485
1218.7,0.31165727972984314
1218.8000000000002,0.31286224722862244
1218.9,0.3150026202201843
1219.0,0.3097350299358368
1219.1000000000001,0.2986520528793335
1219.2,0.315970242023468
1219.3000000000002,0.3144737184047699
1219.4,0.31206268072128296
1219.5,0.31473061442375183
1219.6000000000001,0.3034597933292389
1219.7,0.31472060084342957
1219.8000000000002,0.31418633460998535
1219.9,0.30675625801086426
1220.0,0.313364714384079
1220.1000000000001,0.30380478501319885
1220.2,0.30821552872657776
1220.3000000000002,0.30955770611763
1220.4,0.30964529514312744
1220.5,0.3104676902294159
1220.6000000000001,0.3114972710609436
1220.7,0.30597007274627686
1220.8000000000002,0.2877112030982971
1220.9,0.31785571575164795
1221.0,0.3082052171230316
1221.1000000000001,0.3051454722881317
1221.2,0.3056137263774872
1221.3000000000002,0.3086928725242615
1221.4,0.3081592917442322
1221.5,0.30155476927757263
1221.6000000000001,0.30114686489105225
1221.7,0.3122367858886719
1221.8000000000002,0.3015151023864746
1221.9,0.30849167704582214
1222.0,0.31074899435043335
1222.1000000000001,0.31081241369247437
1222.2,0.3136958181858063
1222.3000000000002,0.31187665462493896
1222.4,0.3048451542854309
1222.5,0.31037476658821106
1222.6000000000001,0.30369850993156433
1222.7,0.3091287910938263
1222.8000000000002,0.314578115940094
1222.9,0.3096170425415039
1223.0,0.31021803617477417
1223.1000000000001,0.3123437166213989
1223.2,0.2955462336540222
1223.3000000000002,0.29417574405670166
1223.4,0.3118082880973816
1223.5,0.3081812262535095
1223.6000000000001,0.296117901802063
1223.7,0.30659547448158264
1223.8000000000002,0.3135278820991516
1223.9,0.30597954988479614
1224.0,0.3048274517059326
1224.1000000000001,0.3119048476219177
1224.2,0.3141896426677704
1224.3000000000002,0.31119123101234436
1224.4,0.3073449432849884
1224.5,0.3149366080760956
1224.6000000000001,0.3152882158756256
1224.7,0.3042903542518616
1224.8000000000002,0.3116878867149353
1224.9,0.3130841553211212
1225.0,0.31011962890625
1225.1000000000001,0.3047090172767639
1225.2,0.3055661618709564
1225.3000000000002,0.310342401266098
1225.4,0.30573737621307373
1225.5,0.3106657862663269
1225.6000000000001,0.313192218542099
1225.7,0.3043804466724396
1225.8000000000002,0.3041762113571167
1225.9,0.31069275736808777
1226.0,0.30985745787620544
1226.1000000000001,0.3066650927066803
1226.2,0.307261198759079
1226.3000000000002,0.31304430961608887
1226.4,0.3023121654987335
1226.5,0.3112334907054901
1226.6000000000001,0.31018561124801636
1226.7,0.31889334321022034
1226.8000000000002,0.30984535813331604
1226.9,0.31100329756736755
1227.0,0.3108479082584381
1227.1000000000001,0.31275856494903564
1227.2,0.3146660625934601
1227.3000000000002,0.3156603276729584
1227.4,0.31280872225761414
1227.5,0.3075345456600189
1227.6000000000001,0.3116118311882019
1227.7,0.3033454418182373
1227.8000000000002,0.29782718420028687
1227.9,0.3063768148422241
1228.0,0.3126836121082306
1228.1000000000001,0.31014081835746765
1228.2,0.30338090658187866
1228.3000000000002,0.3178335726261139
1228.4,0.3043263554573059
1228.5,0.3018011152744293
1228.6000000000001,0.3106706440448761
1228.7,0.3127517104148865
1228.8000000000002,0.30104056000709534
1228.9,0.3129042387008667
1229.0,0.3119167983531952
1229.1000000000001,0.312995046377182
1229.2,0.3115212619304657
1229.3000000000002,0.3133474588394165
1229.4,0.3090730607509613
1229.5,0.311532199382782
1229.6000000000001,0.3088444173336029
1229.7,0.30964308977127075
1229.8000000000002,0.2978641092777252
1229.9,0.31380751729011536
1230.0,0.31584399938583374
1230.1000000000001,0.3152174651622772
1230.2,0.31646728515625
1230.3000000000002,0.3121323883533478
1230.4,0.30210208892822266
1230.5,0.3203052878379822
1230.6000000000001,0.3090589642524719
1230.7,0.3040677011013031
1230.8000000000002,0.3154792785644531
1230.9,0.31630975008010864
1231.0,0.3007439374923706
1231.1000000000001,0.30917006731033325
1231.2,0.3032638728618622
1231.3000000000002,0.2982369065284729
1231.4,0.30594176054000854
1231.5,0.2984088957309723
1231.6000000000001,0.3074939250946045
1231.7,0.30197829008102417
1231.8000000000002,0.3158734142780304
1231.9,0.31590983271598816
1232.0,0.3116009831428528
1232.1000000000001,0.3166540861129761
1232.2,0.311394602060318
1232.3000000000002,0.3179311454296112
1232.4,0.30915549397468567
1232.5,0.308245986700058
1232.6000000000001,0.30528539419174194
1232.7,0.31915512681007385
1232.8000000000002,0.3103506863117218
1232.9,0.29468849301338196
1233.0,0.30959925055503845
1233.1000000000001,0.31651878356933594
1233.2,0.30832046270370483
1233.3000000000002,0.30963853001594543
1233.4,0.30649998784065247
1233.5,0.31578367948532104
1233.6000000000001,0.31616896390914917
1233.7,0.31228992342948914
1233.8000000000002,0.3088170289993286
1233.9,0.3074234426021576
1234.0,0.31314870715141296
1234.1000000000001,0.30150148272514343
1234.2,0.31073158979415894
1234.3000000000002,0.3047257363796234
1234.4,0.3030700981616974
1234.5,0.3152681887149811
1234.6000000000001,0.31544429063796997
1234.7,0.31358763575553894
1234.8000000000002,0.3042290210723877
1234.9,0.3077065646648407
1235.0,0.311465859413147
1235.1000000000001,0.3129800260066986
1235.2,0.3119731545448303
1235.3000000000002,0.3097815215587616
1235.4,0.3114582896232605
1235.5,0.30770397186279297
1235.6000000000001,0.31995806097984314
1235.7,0.3134399652481079
1235.8000000000002,0.3131614923477173
1235.9,0.31218603253364563
1236.0,0.3157614469528198
1236.1000000000001,0.31106218695640564
1236.2,0.3069014549255371
1236.3000000000002,0.30866140127182007
1236.4,0.3097251057624817
1236.5,0.3079826533794403
1236.6000000000001,0.3005905747413635
1236.7,0.30672216415405273
1236.8000000000002,0.3022160232067108
1236.9,0.3199584186077118
1237.0,0.31770169734954834
1237.1000000000001,0.3114578127861023
1237.2,0.30921274423599243
1237.3000000000002,0.31224650144577026
1237.4,0.3056644797325134
1237.5,0.3136228621006012
1237.6000000000001,0.3132602572441101
1237.7,0.3114379048347473
1237.8000000000002,0.31749460101127625
1237.9,0.3069940507411957
1238.0,0.3155187964439392
1238.1000000000001,0.31016814708709717
1238.2,0.3000657558441162
1238.3000000000002,0.31098058819770813
1238.4,0.2990598678588867
1238.5,0.31242239475250244
1238.6000000000001,0.30311644077301025
1238.7,0.31507408618927
1238.8000000000002,0.31192445755004883
1238.9,0.312343567609787
1239.0,0.30854547023773193
1239.1000000000001,0.3085061311721802
1239.2,0.31327882409095764
1239.3000000000002,0.31302714347839355
1239.4,0.307300865650177
1239.5,0.3093768060207367
1239.6000000000001,0.30944886803627014
1239.7,0.31707876920700073
1239.8000000000002,0.31780338287353516
1239.9,0.30967259407043457
1240.0,0.3124581277370453
1240.1000000000001,0.3076687157154083
1240.2,0.3132469952106476
1240.3000000000002,0.31887659430503845
1240.4,0.3155459761619568
1240.5,0.32233983278274536
1240.6000000000001,0.3116445243358612
1240.7,0.3034968972206116
1240.8000000000002,0.31092050671577454
1240.9,0.3017684817314148
1241.0,0.30686649680137634
1241.1000000000001,0.31117960810661316
1241.2,0.311307430267334
1241.3000000000002,0.31478843092918396
1241.4,0.3165102005004883
1241.5,0.3137185573577881
1241.6000000000001,0.3095226585865021
1241.7,0.3159164786338806
1241.8000000000002,0.3147853910923004
1241.9,0.31668099761009216
1242.0,0.3115573227405548
1242.1000000000001,0.3061100244522095
1242.2,0.30155041813850403
1242.3000000000002,0.3107296824455261
1242.4,0.3147457540035248
1242.5,0.3117283880710602
1242.6000000000001,0.30962079763412476
1242.7,0.31005457043647766
1242.8000000000002,0.3066408038139343
1242.9,0.30113306641578674
1243.0,0.31299546360969543
1243.1000000000001,0.3082536458969116
1243.2,0.3140835165977478
1243.3000000000002,0.31207790970802307
1243.4,0.31192442774772644
1243.5,0.3087897002696991
1243.6000000000001,0.3144277334213257
1243.7,0.30436354875564575
1243.8000000000002,0.3068311810493469
1243.9,0.30237385630607605
1244.0,0.31087061762809753
1244.1000000000001,0.3114951252937317
1244.2,0.31472110748291016
1244.3000000000002,0.31654447317123413
1244.4,0.30778348445892334
1244.5,0.302700400352478
1244.6000000000001,0.31219393014907837
1244.7,0.31434234976768494
1244.8000000000002,0.3132115304470062
1244.9,0.30364248156547546
1245.0,0.3094756007194519
1245.1000000000001,0.3101004660129547
1245.2,0.3090570867061615
1245.3000000000002,0.30833837389945984
1245.4,0.3050113022327423
1245.5,0.3109590411186218
1245.6000000000001,0.3099079728126526
1245.7,0.31347814202308655
1245.8000000000002,0.3162657618522644
1245.9,0.3092834949493408
1246.0,0.3063534200191498
1246.1000000000001,0.30679851770401
1246.2,0.3168216049671173
1246.3000000000002,0.31250491738319397
1246.4,0.31414979696273804
1246.5,0.2928801476955414
1246.6000000000001,0.3095310628414154
1246.7,0.3108903169631958
1246.8000000000002,0.31257322430610657
1246.9,0.3053954243659973
1247.0,0.31259140372276306
1247.1000000000001,0.3150820732116699
1247.2,0.3124135434627533
1247.3000000000002,0.31585893034935
1247.4,0.3188697397708893
1247.5,0.3159119784832001
1247.6000000000001,0.3041890859603882
1247.7,0.2991553544998169
1247.8000000000002,0.30697718262672424
1247.9,0.308991402387619
1248.0,0.31552448868751526
1248.1000000000001,0.3158159554004669
1248.2,0.3130372166633606
1248.3000000000002,0.3031632900238037
1248.4,0.3164035975933075
1248.5,0.303461492061615
1248.6000000000001,0.31220346689224243
1248.7,0.3052053451538086
1248.8000000000002,0.3167322874069214
1248.9,0.31533411145210266
1249.0,0.31083765625953674
1249.1000000000001,0.3126104176044464
1249.2,0.30352556705474854
1249.3000000000002,0.3117085099220276
1249.4,0.31501051783561707
1249.5,0.31303390860557556
1249.6000000000001,0.30609092116355896
1249.7,0.31330031156539917
1249.8000000000002,0.30974334478378296
1249.9,0.3121519088745117
1250.0,0.3147525191307068
1250.1000000000001,0.3136679232120514
1250.2,0.315371036529541
1250.3000000000002,0.31237363815307617
1250.4,0.31445959210395813
1250.5,0.31277236342430115
1250.6000000000001,0.3109651207923889
1250.7,0.31099358201026917
1250.8000000000002,0.31494754552841187
1250.9,0.3059512674808502
1251.0,0.31444957852363586
1251.1000000000001,0.30186107754707336
1251.2,0.3098885118961334
1251.3000000000002,0.3178336024284363
1251.4,0.3163078725337982
1251.5,0.31844910979270935
1251.6000000000001,0.30469030141830444
1251.7,0.3035542368888855
1251.8000000000002,0.3056732714176178
1251.9,0.3107070326805115
1252.0,0.31081077456474304
1252.1000000000001,0.3086276650428772
1252.2,0.3115159869194031
1252.3000000000002,0.31196147203445435
1252.4,0.3043249547481537
1252.5,0.31937408447265625
1252.6000000000001,0.3062005639076233
1252.7,0.31293362379074097
1252.8000000000002,0.31018775701522827
1252.9,0.3085685968399048
1253.0,0.3132723569869995
1253.1000000000001,0.304538756608963
1253.2,0.31861186027526855
1253.3000000000002,0.31156161427497864
1253.4,0.3129976689815521
1253.5,0.31353315711021423
1253.6000000000001,0.30460813641548157
1253.7,0.31428632140159607
1253.8000000000002,0.31226983666419983
1253.9,0.31172144412994385
1254.0,0.3040425479412079
1254.1000000000001,0.31332898139953613
1254.2,0.3060513734817505
1254.3000000000002,0.31233033537864685
1254.4,0.314749538898468
1254.5,0.3114404082298279
1254.6000000000001,0.3132501244544983
1254.7,0.31336236000061035
1254.8000000000002,0.3037835359573364
1254.9,0.3169800639152527
1255.0,0.3120371699333191
1255.1000000000001,0.30928537249565125
1255.2,0.3140658438205719
1255.3000000000002,0.3035600185394287
1255.4,0.303751140832901
1255.5,0.3140982687473297
1255.6000000000001,0.30396172404289246
1255.7,0.30893707275390625
1255.8000000000002,0.3122956454753876
1255.9,0.3184494078159332
1256.0,0.31008225679397583
1256.1000000000001,0.3150080740451813
1256.2,0.3115973174571991
1256.3000000000002,0.3140667974948883
1256.4,0.3140964210033417
1256.5,0.3039758503437042
1256.6000000000001,0.3175163269042969
1256.7,0.3155452311038971
1256.8000000000002,0.316217839717865
1256.9,0.3105429410934448
1257.0,0.31183940172195435
1257.1000000000001,0.3194175958633423
1257.2,0.3054180443286896
1257.3000000000002,0.31415829062461853
1257.4,0.31252968311309814
1257.5,0.3108316659927368
1257.6000000000001,0.3079850673675537
1257.7,0.3113114535808563
1257.8000000000002,0.30604156851768494
1257.9,0.3051023781299591
1258.0,0.3178204894065857
1258.1000000000001,0.3008376359939575
1258.2,0.31428903341293335
1258.3000000000002,0.30791109800338745
1258.4,0.3163883090019226
1258.5,0.30574026703834534
1258.6000000000001,0.3131718635559082
1258.7,0.31764042377471924
1258.8000000000002,0.31171998381614685
1258.9,0.3069649338722229
1259.0,0.3112512230873108
1259.1000000000001,0.3035290837287903
1259.2,0.3177471160888672
1259.3000000000002,0.3065924346446991
1259.4,0.31397005915641785
1259.5,0.3033289611339569
1259.6000000000001,0.31682372093200684
1259.7,0.30140629410743713
1259.8000000000002,0.30562400817871094
1259.9,0.314697802066803
1260.0,0.3103792369365692
1260.1000000000001,0.3177463710308075
1260.2,0.311288982629776
1260.3000000000002,0.3034265637397766
1260.4,0.3135136663913727
1260.5,0.3082078695297241
1260.6000000000001,0.3121415376663208
1260.7,0.3107929527759552
1260.8000000000002,0.316719651222229
1260.9,0.30760398507118225
1261.0,0.31257522106170654
1261.1000000000001,0.3096921145915985
1261.2,0.3115041255950928
1261.3000000000002,0.30624425411224365
1261.4,0.31729844212532043
1261.5,0.3116767108440399
1261.6000000000001,0.3168475925922394
1261.7,0.3105616271495819
1261.8000000000002,0.3137522339820862
1261.9,0.3137456476688385
1262.0,0.3107459843158722
1262.1000000000001,0.3048884868621826
1262.2,0.3138875365257263
1262.3000000000002,0.3098013699054718
1262.4,0.31604915857315063
1262.5,0.3075101971626282
1262.6000000000001,0.3088226616382599
1262.7,0.31281328201293945
1262.8000000000002,0.30861252546310425
1262.9,0.3168668746948242
1263.0,0.3035171627998352
1263.1000000000001,0.3069305419921875
1263.2,0.31259313225746155
1263.3000000000002,0.3078456223011017
1263.4,0.30770355463027954
1263.5,0.303646445274353
1263.6000000000001,0.3110005855560303
1263.7,0.30112719535827637
1263.8000000000002,0.30993959307670593
1263.9,0.32115891575813293
1264.0,0.31183937191963196
1264.1000000000001,0.3100410997867584
1264.2,0.3169485330581665
1264.3000000000002,0.3192073106765747
1264.4,0.3064447045326233
1264.5,0.3169328570365906
1264.6000000000001,0.3092535436153412
1264.7,0.30658262968063354
1264.8000000000002,0.3027077615261078
1264.9,0.32030823826789856
1265.0,0.3153231143951416
1265.1000000000001,0.3115048408508301
1265.2,0.30317971110343933
1265.3000000000002,0.3021647334098816
1265.4,0.3121306896209717
1265.5,0.3102944493293762
1265.6000000000001,0.3133198320865631
1265.7,0.3053092360496521
1265.8000000000002,0.30695268511772156
1265.9,0.30225318670272827
1266.0,0.3126288950443268
1266.1000000000001,0.31054598093032837
1266.2,0.3114328682422638
1266.3000000000002,0.3087678849697113
1266.4,0.30363231897354126
1266.5,0.3011789619922638
1266.6000000000001,0.3044421672821045
1266.7,0.3131848871707916
1266.8000000000002,0.3125452995300293
1266.9,0.3081151247024536
1267.0,0.3144892156124115
1267.1000000000001,0.3140462636947632
1267.2,0.30981338024139404
1267.3000000000002,0.31082481145858765
1267.4,0.31559816002845764
1267.5,0.31393417716026306
1267.6000000000001,0.3108139932155609
1267.7,0.30691495537757874
1267.8000000000002,0.3081468939781189
1267.9,0.3002689480781555
1268.0,0.3131735622882843
1268.1000000000001,0.31389984488487244
1268.2,0.3210495114326477
1268.3000000000002,0.3071002960205078
1268.4,0.31534019112586975
1268.5,0.3072085678577423
1268.6000000000001,0.311484158039093
1268.7,0.30696484446525574
1268.8000000000002,0.30169543623924255
1268.9,0.312735915184021
1269.0,0.3146957457065582
1269.1000000000001,0.310377836227417
1269.2,0.30925267934799194
1269.3000000000002,0.30744075775146484
1269.4,0.30889979004859924
1269.5,0.3147455155849457
1269.6000000000001,0.3015347123146057
1269.7,0.3147130310535431
1269.8000000000002,0.2986534535884857
1269.9,0.30752265453338623
1270.0,0.3096948266029358
1270.1000000000001,0.30322179198265076
1270.2,0.3148636221885681
1270.3000000000002,0.31165847182273865
1270.4,0.2998991012573242
1270.5,0.30311229825019836
1270.6000000000001,0.31528544425964355
1270.7,0.3080843985080719
1270.8000000000002,0.3159388303756714
1270.9,0.3031177818775177
1271.0,0.3048536777496338
1271.1000000000001,0.3127176761627197
1271.2,0.30418285727500916
1271.3000000000002,0.31255853176116943
1271.4,0.30708906054496765
1271.5,0.31504514813423157
1271.6000000000001,0.31259146332740784
1271.7,0.29937082529067993
1271.8000000000002,0.3150179982185364
1271.9,0.3187224268913269
1272.0,0.3137260377407074
1272.1000000000001,0.3047218918800354
1272.2,0.30547085404396057
1272.3000000000002,0.308712899684906
1272.4,0.30816513299942017
1272.5,0.30293726921081543
1272.6000000000001,0.31296396255493164
1272.7,0.3084366023540497
1272.8000000000002,0.3149798512458801
1272.9,0.31304293870925903
1273.0,0.30499470233917236
1273.1000000000001,0.30525821447372437
1273.2,0.31542107462882996
1273.3000000000002,0.31138503551483154
1273.4,0.31699061393737793
1273.5,0.3088236153125763
1273.6000000000001,0.312330424785614
1273.7,0.31031113862991333
1273.8000000000002,0.31020933389663696
1273.9,0.31103023886680603
1274.0,0.314624547958374
1274.1000000000001,0.3134787678718567
1274.2,0.3097209930419922
1274.3000000000002,0.31208112835884094
1274.4,0.31347280740737915
1274.5,0.3061477541923523
1274.6000000000001,0.3086114227771759
1274.7,0.3110140264034271
1274.8000000000002,0.31325989961624146
1274.9,0.3081813454627991
1275.0,0.3082081377506256
1275.1000000000001,0.31379956007003784
1275.2,0.3132046163082123
1275.3000000000002,0.31575021147727966
1275.4,0.3179989755153656
1275.5,0.3171069025993347
1275.6000000000001,0.31124886870384216
1275.7,0.309541255235672
1275.8000000000002,0.302707701921463
1275.9,0.3139598071575165
1276.0,0.3132264316082001
1276.1000000000001,0.299470990896225
1276.2,0.31002116203308105
1276.3000000000002,0.297049343585968
1276.4,0.30542635917663574
1276.5,0.30888715386390686
1276.6000000000001,0.3062571883201599
1276.7,0.30854880809783936
1276.8000000000002,0.312984436750412
1276.9,0.3119242191314697
1277.0,0.30027759075164795
1277.1000000000001,0.3139120042324066
1277.2,0.30960479378700256
1277.3000000000002,0.3029339611530304
1277.4,0.30738136172294617
1277.5,0.30311256647109985
1277.6000000000001,0.30668219923973083
1277.7,0.3205106258392334
1277.8000000000002,0.3049517869949341
1277.9,0.31686705350875854
1278.0,0.30446094274520874
1278.1000000000001,0.3177868723869324
1278.2,0.30935797095298767
1278.3000000000002,0.31507399678230286
1278.4,0.30850279331207275
1278.5,0.3074709177017212
1278.6000000000001,0.30568528175354004
1278.7,0.30808860063552856
1278.8000000000002,0.31627392768859863
1278.9,0.297090083360672
1279.0,0.31950658559799194
1279.1000000000001,0.3018016219139099
1279.2,0.31237679719924927
1279.3000000000002,0.3063583970069885
1279.4,0.3102216124534607
1279.5,0.3136124014854431
1279.6000000000001,0.30997443199157715
1279.7,0.31297874450683594
1279.8000000000002,0.31512874364852905
1279.9,0.3091881573200226
1280.0,0.31358861923217773
1280.1000000000001,0.3084438145160675
1280.2,0.3128535747528076
1280.3000000000002,0.3046223223209381
1280.4,0.3051270842552185
1280.5,0.3180893361568451
1280.6000000000001,0.3075732886791229
1280.7,0.3125300109386444
1280.8000000000002,0.3166846036911011
1280.9,0.3166295289993286
1281.0,0.30765223503112793
1281.1000000000001,0.30885228514671326
1281.2,0.3101043105125427
1281.3000000000002,0.30169665813446045
1281.4,0.3129195272922516
1281.5,0.31323328614234924
1281.6000000000001,0.3189600706100464
1281.7,0.3076595366001129
1281.8000000000002,0.3127042055130005
1281.9,0.3109518885612488
1282.0,0.304834246635437
1282.1000000000001,0.3168903589248657
1282.2,0.315762460231781
1282.3000000000002,0.2936559319496155
1282.4,0.3109842538833618
1282.5,0.3102734684944153
1282.6000000000001,0.3042643964290619
1282.7,0.3158659338951111
1282.8000000000002,0.31012412905693054
1282.9,0.30087605118751526
1283.0,0.30561888217926025
1283.1000000000001,0.3169305920600891
1283.2,0.3107379078865051
1283.3000000000002,0.31277570128440857
1283.4,0.31361284852027893
1283.5,0.30893734097480774
1283.6000000000001,0.3065416216850281
1283.7,0.3107456564903259
1283.8000000000002,0.31235313415527344
1283.9,0.3075186014175415
1284.0,0.3154408633708954
1284.1000000000001,0.30326035618782043
1284.2,0.3095981478691101
1284.3000000000002,0.2983682155609131
1284.4,0.3194817304611206
1284.5,0.3159639835357666
1284.6000000000001,0.3091782033443451
1284.7,0.29984182119369507
1284.8000000000002,0.3097805678844452
1284.9,0.31651368737220764
1285.0,0.3081642687320709
1285.1000000000001,0.3055826425552368
1285.2,0.30236849188804626
1285.3000000000002,0.30756551027297974
1285.4,0.31405317783355713
1285.5,0.31689491868019104
1285.6000000000001,0.30919191241264343
1285.7,0.31872597336769104
1285.8000000000002,0.30281567573547363
1285.9,0.31633564829826355
1286.0,0.3130054175853729
1286.1000000000001,0.3089624047279358
1286.2,0.31703615188598633
1286.3000000000002,0.30749502778053284
1286.4,0.3041784167289734
1286.5,0.31697791814804077
1286.6000000000001,0.31252145767211914
1286.7,0.3130013346672058
1286.8000000000002,0.30718618631362915
1286.9,0.3037441372871399
1287.0,0.31800204515457153
1287.1000000000001,0.3143436014652252
1287.2,0.3143247961997986
1287.3000000000002,0.31329604983329773
1287.4,0.30566924810409546
1287.5,0.31279096007347107
1287.6000000000001,0.304273396730423
1287.7,0.31137415766716003
1287.8000000000002,0.31055429577827454
1287.9,0.3122197687625885
1288.0,0.31608036160469055
1288.1000000000001,0.30911755561828613
1288.2,0.3090263903141022
1288.3000000000002,0.3009403944015503
1288.4,0.310289204120636
1288.5,0.30717241764068604
1288.6000000000001,0.31194669008255005
1288.7,0.3108477294445038
1288.8000000000002,0.3155296742916107
1288.9,0.3164842128753662
1289.0,0.31138938665390015
1289.1000000000001,0.31500157713890076
1289.2,0.31638580560684204
1289.3000000000002,0.3115837275981903
1289.4,0.31131792068481445
1289.5,0.31194519996643066
1289.6000000000001,0.31124547123908997
1289.7,0.307125061750412
1289.8000000000002,0.31279614567756653
1289.9,0.3124619424343109
1290.0,0.31311479210853577
1290.1000000000001,0.30511966347694397
1290.2,0.30921801924705505
1290.3000000000002,0.3113210201263428
1290.4,0.3007122278213501
1290.5,0.3144671618938446
1290.6000000000001,0.30902111530303955
1290.7,0.29716601967811584
1290.8000000000002,0.30887073278427124
1290.9,0.309704452753067
1291.0,0.3130626082420349
1291.1000000000001,0.30531126260757446
1291.2,0.31362730264663696
1291.3000000000002,0.3054811358451843
1291.4,0.3085370361804962
1291.5,0.3093157708644867
1291.6000000000001,0.313255250453949
1291.7,0.3048492670059204
1291.8000000000002,0.3043428659439087
1291.9,0.3120010197162628
1292.0,0.3112644553184509
1292.1000000000001,0.313107430934906
1292.2,0.2982887625694275
1292.3000000000002,0.3118753135204315
1292.4,0.30939266085624695
1292.5,0.3071221709251404
1292.6000000000001,0.29555514454841614
1292.7,0.3130703568458557
1292.8000000000002,0.30860403180122375
1292.9,0.3047640919685364
1293.0,0.31294000148773193
1293.1000000000001,0.313965380191803
1293.2,0.3105643689632416
1293.3000000000002,0.29921430349349976
1293.4,0.30469992756843567
1293.5,0.3058173358440399
1293.6000000000001,0.3190305233001709
1293.7,0.3157898485660553
1293.8000000000002,0.3131813704967499
1293.9,0.31801897287368774
1294.0,0.3201598525047302
1294.1000000000001,0.3147958815097809
1294.2,0.31328627467155457
1294.3000000000002,0.30424895882606506
1294.4,0.30719509720802307
1294.5,0.30376794934272766
1294.6000000000001,0.31410273909568787
1294.7,0.31113505363464355
1294.8000000000002,0.307745099067688
1294.9,0.31085771322250366
1295.0,0.3128219246864319
1295.1000000000001,0.3104161024093628
1295.2,0.31219327449798584
1295.3000000000002,0.309282124042511
1295.4,0.3185526728630066
1295.5,0.30769020318984985
1295.6000000000001,0.31137245893478394
1295.7,0.30871573090553284
1295.8000000000002,0.30292168259620667
1295.9,0.30097487568855286
1296.0,0.30163639783859253
1296.1000000000001,0.3085272014141083
1296.2,0.3126709461212158
1296.3000000000002,0.31227725744247437
1296.4,0.3051552474498749
1296.5,0.31181013584136963
1296.6000000000001,0.30946439504623413
1296.7,0.3120288848876953
1296.8000000000002,0.30746474862098694
1296.9,0.3155280649662018
1297.0,0.31515175104141235
1297.1000000000001,0.3162250220775604
1297.2,0.307289719581604
1297.3000000000002,0.3087775707244873
1297.4,0.3109872341156006
1297.5,0.3133177161216736
1297.6000000000001,0.310677170753479
1297.7,0.3030892312526703
1297.8000000000002,0.30701786279678345
1297.9,0.3182466924190521
1298.0,0.3083387017250061
1298.1000000000001,0.3090977966785431
1298.2,0.30870071053504944
1298.3000000000002,0.3122282028198242
1298.4,0.31153181195259094
1298.5,0.3160698115825653
1298.6000000000001,0.31179168820381165
1298.7,0.32287824153900146
1298.8000000000002,0.31271591782569885
1298.9,0.30835431814193726
1299.0,0.322322279214859
1299.1000000000001,0.3069614768028259
1299.2,0.3117142617702484
1299.3000000000002,0.31398844718933105
1299.4,0.3143041431903839
1299.5,0.3105689287185669
1299.6000000000001,0.3109656870365143
1299.7,0.300933837890625
1299.8000000000002,0.31592094898223877
1299.9,0.30735960602760315
1300.0,0.309101939201355
1300.1000000000001,0.30519217252731323
1300.2,0.3081762194633484
1300.3000000000002,0.30369260907173157
1300.4,0.3132076859474182
1300.5,0.29771915078163147
1300.6000000000001,0.3104782998561859
1300.7,0.3108487129211426
1300.8000000000002,0.3159920275211334
1300.9,0.31231221556663513
1301.0,0.304829478263855
1301.1000000000001,0.3045274317264557
1301.2,0.3159209191799164
1301.3000000000002,0.31448689103126526
1301.4,0.30854132771492004
1301.5,0.3158015012741089
1301.6000000000001,0.3091156780719757
1301.7,0.3098974823951721
1301.8000000000002,0.31604501605033875
1301.9,0.31311315298080444
1302.0,0.31124335527420044
1302.1000000000001,0.31297600269317627
1302.2,0.3113834261894226
1302.3000000000002,0.3091816306114197
1302.4,0.3069913983345032
1302.5,0.2996799647808075
1302.6000000000001,0.31639209389686584
1302.7,0.3170698881149292
1302.8000000000002,0.3106648325920105
1302.9,0.2994294762611389
1303.0,0.29798680543899536
1303.1000000000001,0.3132861256599426
1303.2,0.307792067527771
1303.3000000000002,0.3056631088256836
1303.4,0.3086411654949188
1303.5,0.3130649924278259
1303.6000000000001,0.3012349605560303
1303.7,0.30620262026786804
1303.8000000000002,0.30283841490745544
1303.9,0.3119736611843109
1304.0,0.30843156576156616
1304.1000000000001,0.3108358085155487
1304.2,0.3182154595851898
1304.3000000000002,0.30781325697898865
1304.4,0.30674082040786743
1304.5,0.3000858724117279
1304.6000000000001,0.3188501000404358
1304.7,0.30050742626190186
1304.8000000000002,0.3056505024433136
1304.9,0.30627936124801636
1305.0,0.3109235465526581
1305.1000000000001,0.3058134615421295
1305.2,0.3095303475856781
1305.3000000000002,0.2954845726490021
1305.4,0.3065338134765625
1305.5,0.2965388894081116
1305.6000000000001,0.3089560568332672
1305.7,0.3124872148036957
1305.8000000000002,0.30853480100631714
1305.9,0.30326515436172485
1306.0,0.30526068806648254
1306.1000000000001,0.3115721344947815
1306.2,0.31031376123428345
1306.3000000000002,0.3145504593849182
1306.4,0.3062063157558441
1306.5,0.2997407913208008
1306.6000000000001,0.3003848195075989
1306.7,0.30562829971313477
1306.8000000000002,0.3099008798599243
1306.9,0.30998536944389343
1307.0,0.30557113885879517
1307.1000000000001,0.30970045924186707
1307.2,0.30481186509132385
1307.3000000000002,0.3084886074066162
1307.4,0.319096177816391
1307.5,0.32057690620422363
1307.6000000000001,0.31404727697372437
1307.7,0.31470537185668945
1307.8000000000002,0.3065980076789856
1307.9,0.30614545941352844
1308.0,0.3091549873352051
1308.1000000000001,0.3089445233345032
1308.2,0.31007328629493713
1308.3000000000002,0.30606546998023987
1308.4,0.3099587559700012
1308.5,0.31363779306411743
1308.6000000000001,0.30519819259643555
1308.7,0.3058015704154968
1308.8000000000002,0.3142985701560974
1308.9,0.3005709648132324
1309.0,0.313894659280777
1309.1000000000001,0.289868026971817
1309.2,0.3085797131061554
1309.3000000000002,0.3114076256752014
1309.4,0.3106922507286072
1309.5,0.3088688552379608
1309.6000000000001,0.31016048789024353
1309.7,0.31619781255722046
1309.8000000000002,0.3038266599178314
1309.9,0.29896828532218933
1310.0,0.31010210514068604
1310.1000000000001,0.3098995089530945
1310.2,0.31265220046043396
1310.3000000000002,0.3028857409954071
1310.4,0.308118999004364
1310.5,0.3024596571922302
1310.6000000000001,0.3120301067829132
1310.7,0.3101455271244049
1310.8000000000002,0.3123817443847656
1310.9,0.3085297644138336
1311.0,0.3055296242237091
1311.1000000000001,0.3071195185184479
1311.2,0.3140775263309479
1311.3000000000002,0.30965209007263184
1311.4,0.3050727844238281
1311.5,0.307429701089859
1311.6000000000001,0.3127218782901764
1311.7,0.31049177050590515
1311.8000000000002,0.3084076941013336
1311.9,0.3118709325790405
1312.0,0.2874707281589508
1312.1000000000001,0.3164297044277191
1312.2,0.3118605613708496
1312.3000000000002,0.31267812848091125
1312.4,0.3163202404975891
1312.5,0.31419506669044495
1312.6000000000001,0.3140397071838379
1312.7,0.3088812828063965
1312.8000000000002,0.3020986318588257
1312.9,0.30061444640159607
1313.0,0.307107537984848
1313.1000000000001,0.306707501411438
1313.2,0.31252923607826233
1313.3000000000002,0.3071253001689911
1313.4,0.3155463933944702
1313.5,0.3055587708950043
1313.6000000000001,0.3025079369544983
1313.7,0.31429174542427063
1313.8000000000002,0.2979903519153595
1313.9,0.3120129704475403
1314.0,0.30869197845458984
1314.1000000000001,0.3187630772590637
1314.2,0.31242635846138
1314.3000000000002,0.3153702914714813
1314.4,0.3066832721233368
1314.5,0.3153212368488312
1314.6000000000001,0.31951218843460083
1314.7,0.3137420117855072
1314.8000000000002,0.3109632730484009
1314.9,0.3043215870857239
1315.0,0.3160269558429718
1315.1000000000001,0.3065227270126343
1315.2,0.31041765213012695
1315.3000000000002,0.3079214096069336
1315.4,0.31997203826904297
1315.5,0.31522440910339355
1315.6000000000001,0.31894657015800476
1315.7,0.31603488326072693
1315.8000000000002,0.30471864342689514
1315.9,0.3123807907104492
1316.0,0.31003233790397644
1316.1000000000001,0.3149687945842743
1316.2,0.31396666169166565
1316.3000000000002,0.3194359540939331
1316.4,0.3132064640522003
1316.5,0.30293527245521545
1316.6000000000001,0.30300962924957275
1316.7,0.3154487609863281
1316.8000000000002,0.31507474184036255
1316.9,0.30126693844795227
1317.0,0.30495887994766235
1317.1000000000001,0.3037782311439514
1317.2,0.3009818196296692
1317.3000000000002,0.3122483491897583
1317.4,0.306181937456131
1317.5,0.31366294622421265
1317.6000000000001,0.31458398699760437
1317.7,0.3039112091064453
1317.8000000000002,0.3030228912830353
1317.9,0.30878153443336487
1318.0,0.30434903502464294
1318.1000000000001,0.3070968687534332
1318.2,0.31546449661254883
1318.3000000000002,0.30840012431144714
1318.4,0.30938485264778137
1318.5,0.3143029808998108
1318.6000000000001,0.3093606233596802
1318.7,0.3103478252887726
1318.8000000000002,0.30747076869010925
1318.9,0.3083075284957886
1319.0,0.312195748090744
1319.1000000000001,0.30423498153686523
1319.2,0.3149075210094452
1319.3000000000002,0.3114173114299774
1319.4,0.3139035105705261
1319.5,0.31603899598121643
1319.6000000000001,0.3019082248210907
1319.7,0.30734801292419434
1319.8000000000002,0.3095934987068176
1319.9,0.3084186315536499
1320.0,0.30766600370407104
1320.1000000000001,0.3162612020969391
1320.2,0.31383374333381653
1320.3000000000002,0.30203890800476074
1320.4,0.3173983097076416
1320.5,0.30373066663742065
1320.6000000000001,0.31152820587158203
1320.7,0.3062879145145416
1320.8000000000002,0.311555951833725
1320.9,0.3153970241546631
1321.0,0.3068469762802124
1321.1000000000001,0.3023834526538849
1321.2,0.3104981780052185
1321.3000000000002,0.30983686447143555
1321.4,0.30916479229927063
1321.5,0.31173309683799744
1321.6000000000001,0.3133280277252197
1321.7,0.3091709017753601
1321.8000000000002,0.3153446614742279
1321.9,0.3149853050708771
1322.0,0.29690834879875183
1322.1000000000001,0.3158031105995178
1322.2,0.319146990776062
1322.3000000000002,0.3085345923900604
1322.4,0.31121528148651123
1322.5,0.3068569600582123
1322.6000000000001,0.3184603452682495
1322.7,0.31066498160362244
1322.8000000000002,0.313356876373291
1322.9,0.31464001536369324
1323.0,0.3127504587173462
1323.1000000000001,0.31214436888694763
1323.2,0.3101685345172882
1323.3000000000002,0.3032226264476776
1323.4,0.3117838203907013
1323.5,0.3183348476886749
1323.6000000000001,0.3108370900154114
1323.7,0.3120916485786438
1323.8000000000002,0.3113501965999603
1323.9,0.30538755655288696
1324.0,0.30592530965805054
1324.1000000000001,0.3125190734863281
1324.2,0.30761754512786865
1324.3000000000002,0.3053344488143921
1324.4,0.31909728050231934
1324.5,0.2965797483921051
1324.6000000000001,0.31203022599220276
1324.7,0.3076877295970917
1324.8000000000002,0.3159928321838379
1324.9,0.3091024160385132
1325.0,0.3121003210544586
1325.1000000000001,0.31478238105773926
1325.2,0.31022194027900696
1325.3000000000002,0.31806302070617676
1325.4,0.32158389687538147
1325.5,0.31145986914634705
1325.6000000000001,0.31134873628616333
1325.7,0.3094960153102875
1325.8000000000002,0.3116065561771393
1325.9,0.31588560342788696
1326.0,0.3076646327972412
1326.1000000000001,0.31912755966186523
1326.2,0.30967605113983154
1326.3000000000002,0.31401175260543823
1326.4,0.29285913705825806
1326.5,0.31017181277275085
1326.6000000000001,0.31527841091156006
1326.7,0.31577956676483154
1326.8000000000002,0.30927664041519165
1326.9,0.31028980016708374
1327.0,0.31259092688560486
1327.1000000000001,0.31647804379463196
1327.2,0.3135611414909363
1327.3000000000002,0.31216177344322205
1327.4,0.30648118257522583
1327.5,0.3171521723270416
1327.6000000000001,0.30599814653396606
1327.7,0.30991753935813904
1327.8000000000002,0.31698963046073914
1327.9,0.30634573101997375
1328.0,0.31072062253952026
1328.1000000000001,0.30682870745658875
1328.2,0.3047846257686615
1328.3000000000002,0.30602654814720154
1328.4,0.31572040915489197
1328.5,0.31118619441986084
1328.6000000000001,0.31910979747772217
1328.7,0.31596022844314575
1328.8000000000002,0.3157910406589508
1328.9,0.3087039887905121
1329.0,0.3165116608142853
1329.1000000000001,0.30864834785461426
1329.2,0.3107846677303314
1329.3000000000002,0.31580933928489685
1329.4,0.3113596439361572
1329.5,0.317356675863266
1329.6000000000001,0.3197271525859833
1329.7,0.3091469407081604
1329.8000000000002,0.31732434034347534
1329.9,0.30997559428215027
1330.0,0.312713623046875
1330.1000000000001,0.30500710010528564
1330.2,0.3051582872867584
1330.3000000000002,0.3124811053276062
1330.4,0.30514097213745117
1330.5,0.3088951110839844
1330.6000000000001,0.3107285499572754
1330.7,0.3107052445411682
1330.8000000000002,0.3148996829986572
1330.9,0.3079131245613098
1331.0,0.31422293186187744
1331.1000000000001,0.31111258268356323
1331.2,0.3188494145870209
1331.3000000000002,0.31889405846595764
1331.4,0.31664708256721497
1331.5,0.31738972663879395
1331.6000000000001,0.295477956533432
1331.7,0.30925044417381287
1331.8000000000002,0.31493866443634033
1331.9,0.30646219849586487
1332.0,0.3118739724159241
1332.1000000000001,0.31359484791755676
1332.2,0.30901437997817993
1332.3000000000002,0.31022992730140686
1332.4,0.3170889914035797
1332.5,0.3093668520450592
1332.6000000000001,0.30361372232437134
1332.7,0.3060508072376251
1332.8000000000002,0.3125007450580597
1332.9,0.30224287509918213
1333.0,0.31448841094970703
1333.1000000000001,0.3097356855869293
1333.2,0.3144872486591339
1333.3000000000002,0.3023320436477661
1333.4,0.3131100535392761
1333.5,0.31544920802116394
1333.6000000000001,0.31000128388404846
1333.7,0.30989792943000793
1333.8000000000002,0.3097692131996155
1333.9,0.3163711726665497
1334.0,0.30655691027641296
1334.1000000000001,0.3147382140159607
1334.2,0.3092299699783325
1334.3000000000002,0.3160230219364166
1334.4,0.31396543979644775
1334.5,0.31054142117500305
1334.6000000000001,0.30503225326538086
1334.7,0.3042771518230438
1334.8000000000002,0.31144100427627563
1334.9,0.31265613436698914
1335.0,0.3146834075450897
1335.1000000000001,0.31208309531211853
1335.2,0.3057561218738556
1335.3000000000002,0.3165138363838196
1335.4,0.30617979168891907
1335.5,0.31592777371406555
1335.6000000000001,0.31596922874450684
1335.7,0.3153715431690216
1335.8000000000002,0.3150107264518738
1335.9,0.3083018660545349
1336.0,0.3129131495952606
1336.1000000000001,0.312077134847641
1336.2,0.3121334910392761
1336.3000000000002,0.3037523925304413
1336.4,0.3155001997947693
1336.5,0.3169994056224823
1336.6000000000001,0.3082224428653717
1336.7,0.3177821636199951
1336.8000000000002,0.30294719338417053
1336.9,0.31091636419296265
1337.0,0.3097638487815857
1337.1000000000001,0.3083034157752991
1337.2,0.3112766742706299
1337.3000000000002,0.30115413665771484
1337.4,0.3070894479751587
1337.5,0.3154090642929077
1337.6000000000001,0.3065650761127472
1337.7,0.3219241797924042
1337.8000000000002,0.3180094063282013
1337.9,0.31327441334724426
1338.0,0.31344687938690186
1338.1000000000001,0.31163227558135986
1338.2,0.30340269207954407
1338.3000000000002,0.308467298746109
1338.4,0.30908483266830444
1338.5,0.310068815946579
1338.6000000000001,0.3172548711299896
1338.7,0.3209204375743866
1338.8000000000002,0.2901514172554016
1338.9,0.2956477105617523
1339.0,0.3088129162788391
1339.1000000000001,0.3079237639904022
1339.2,0.31495344638824463
1339.3000000000002,0.3024381101131439
1339.4,0.3194528818130493
1339.5,0.3030765950679779
1339.6000000000001,0.30760258436203003
1339.7,0.3011495769023895
1339.8000000000002,0.3132242262363434
1339.9,0.31261706352233887
1340.0,0.3131541907787323
1340.1000000000001,0.31621092557907104
1340.2,0.3057691752910614
1340.3000000000002,0.3202046751976013
1340.4,0.3083837330341339
1340.5,0.31055259704589844
1340.6000000000001,0.3082524538040161
1340.7,0.3083001673221588
1340.8000000000002,0.3162161707878113
1340.9,0.31015002727508545
1341.0,0.31253480911254883
1341.1000000000001,0.30858656764030457
1341.2,0.3034517168998718
1341.3000000000002,0.31186190247535706
1341.4,0.3132980465888977
1341.5,0.3100728690624237
1341.6000000000001,0.3118308186531067
1341.7,0.31384655833244324
1341.8000000000002,0.31883740425109863
1341.9,0.3152225613594055
1342.0,0.31477025151252747
1342.1000000000001,0.3193597197532654
1342.2,0.3122623860836029
1342.3000000000002,0.312757670879364
1342.4,0.3097701072692871
1342.5,0.3061758875846863
1342.6000000000001,0.30939599871635437
1342.7,0.3116234242916107
1342.8000000000002,0.31480181217193604
1342.9,0.30069735646247864
1343.0,0.31414303183555603
1343.1000000000001,0.3126412332057953
1343.2,0.30339133739471436
1343.3000000000002,0.3086223900318146
1343.4,0.3126707375049591
1343.5,0.31123852729797363
1343.6000000000001,0.3066023886203766
1343.7,0.3158264458179474
1343.8000000000002,0.3196476995944977
1343.9,0.3119584619998932
1344.0,0.31518831849098206
1344.1000000000001,0.30486199259757996
1344.2,0.3069206774234772
1344.3000000000002,0.303339421749115
1344.4,0.30088159441947937
1344.5,0.30697742104530334
1344.6000000000001,0.30796611309051514
1344.7,0.31232938170433044
1344.8000000000002,0.30835476517677307
1344.9,0.31088539958000183
1345.0,0.30862778425216675
1345.1000000000001,0.31326940655708313
1345.2,0.3115285336971283
1345.3000000000002,0.2989010214805603
1345.4,0.3096836507320404
1345.5,0.3121202290058136
1345.6000000000001,0.3071175813674927
1345.7,0.31619420647621155
1345.8000000000002,0.3074703514575958
1345.9,0.31042641401290894
1346.0,0.3152444362640381
1346.1000000000001,0.31801334023475647
1346.2,0.31557759642601013
1346.3000000000002,0.31876495480537415
1346.4,0.30961400270462036
1346.5,0.30889421701431274
1346.6000000000001,0.31216394901275635
1346.7,0.3107999861240387
1346.8000000000002,0.3118452727794647
1346.9,0.3139888048171997
1347.0,0.3148304224014282
1347.1000000000001,0.31573182344436646
1347.2,0.30550315976142883
1347.3000000000002,0.3168770372867584
1347.4,0.30605414509773254
1347.5,0.3186866343021393
1347.6000000000001,0.3075033724308014
1347.7,0.31413525342941284
1347.8000000000002,0.30708974599838257
1347.9,0.30499017238616943
1348.0,0.3112385869026184
1348.1000000000001,0.3144061863422394
1348.2,0.3106630742549896
1348.3000000000002,0.31163591146469116
1348.4,0.3130221664905548
1348.5,0.3130083978176117
1348.6000000000001,0.31530022621154785
1348.7,0.316518634557724
1348.8000000000002,0.3118842542171478
1348.9,0.30965718626976013
1349.0,0.2989238500595093
1349.1000000000001,0.29481837153434753
1349.2,0.2990572154521942
1349.3000000000002,0.3094163239002228
1349.4,0.31261757016181946
1349.5,0.31073862314224243
1349.6000000000001,0.307905912399292
1349.7,0.31920769810676575
1349.8000000000002,0.3099537491798401
1349.9,0.3175771236419678
1350.0,0.30283698439598083
1350.1000000000001,0.3065764904022217
1350.2,0.3116062879562378
1350.3000000000002,0.31363385915756226
1350.4,0.3074723780155182
1350.5,0.3114350438117981
1350.6000000000001,0.3071095049381256
1350.7,0.30537253618240356
1350.8000000000002,0.3175199329853058
1350.9,0.3157069683074951
1351.0,0.3119366765022278
1351.1000000000001,0.3180299401283264
1351.2,0.3158092796802521
1351.3000000000002,0.314993292093277
1351.4,0.3105456531047821
1351.5,0.3116985559463501
1351.6000000000001,0.3175927400588989
1351.7,0.31035691499710083
1351.8000000000002,0.31725284457206726
1351.9,0.30897411704063416
1352.0,0.29381263256073
1352.1000000000001,0.309060275554657
1352.2,0.3146171569824219
1352.3000000000002,0.3143916130065918
1352.4,0.3093237280845642
1352.5,0.3149406909942627
1352.6000000000001,0.31251296401023865
1352.7,0.31220945715904236
1352.8000000000002,0.31182560324668884
1352.9,0.3034466803073883
1353.0,0.30870136618614197
1353.1000000000001,0.3065059185028076
1353.2,0.30453017354011536
1353.3000000000002,0.30657583475112915
1353.4,0.3062175512313843
1353.5,0.30613818764686584
1353.6000000000001,0.3159710764884949
1353.7,0.31005141139030457
1353.8000000000002,0.315010666847229
1353.9,0.31252357363700867
1354.0,0.3092266321182251
1354.1000000000001,0.308104008436203
1354.2,0.31359729170799255
1354.3000000000002,0.3092273771762848
1354.4,0.30019378662109375
1354.5,0.314637690782547
1354.6000000000001,0.3055257499217987
1354.7,0.3158671259880066
1354.8000000000002,0.30693989992141724
1354.9,0.32076963782310486
1355.0,0.3153674006462097
1355.1000000000001,0.3097381591796875
1355.2,0.3149960935115814
1355.3000000000002,0.31366783380508423
1355.4,0.3108905851840973
1355.5,0.3113170862197876
1355.6000000000001,0.30907490849494934
1355.7,0.308321475982666
1355.8000000000002,0.31575021147727966
1355.9,0.31162554025650024
1356.0,0.3069874048233032
1356.1000000000001,0.30914390087127686
1356.2,0.30900388956069946
1356.3000000000002,0.3125850558280945
1356.4,0.30615732073783875
1356.5,0.31705114245414734
1356.6000000000001,0.3126353323459625
1356.7,0.30927228927612305
1356.8000000000002,0.30011507868766785
1356.9,0.31278347969055176
1357.0,0.3092317581176758
1357.1000000000001,0.309334933757782
1357.2,0.31315988302230835
1357.3000000000002,0.30991989374160767
1357.4,0.29903918504714966
1357.5,0.31165775656700134
1357.6000000000001,0.30602777004241943
1357.7,0.3039158284664154
1357.8000000000002,0.30543866753578186
1357.9,0.3020155727863312
1358.0,0.315283864736557
1358.1000000000001,0.29544931650161743
1358.2,0.3167562186717987
1358.3000000000002,0.30894944071769714
1358.4,0.3182166814804077
1358.5,0.3071199953556061
1358.6000000000001,0.3099028468132019
1358.7,0.31251391768455505
1358.8000000000002,0.3096606433391571
1358.9,0.3132472336292267
1359.0,0.30995315313339233
1359.1000000000001,0.3194688856601715
1359.2,0.3075506389141083
1359.3000000000002,0.31048673391342163
1359.4,0.30905917286872864
1359.5,0.3128044605255127
1359.6000000000001,0.31910890340805054
1359.7,0.31673869490623474
1359.8000000000002,0.30971193313598633
1359.9,0.31102967262268066
1360.0,0.3101612329483032
1360.1000000000001,0.3082045614719391
1360.2,0.3135816156864166
1360.3000000000002,0.31519055366516113
1360.4,0.3061404824256897
1360.5,0.3096839189529419
1360.6000000000001,0.3137359619140625
1360.7,0.3077767491340637
1360.8000000000002,0.30739256739616394
1360.9,0.3093739151954651
1361.0,0.3106590509414673
1361.1000000000001,0.31667470932006836
1361.2,0.3151821792125702
1361.3000000000002,0.3013394773006439
1361.4,0.3119719624519348
1361.5,0.3200245201587677
1361.6000000000001,0.3098919093608856
1361.7,0.3117500841617584
1361.8000000000002,0.31034770607948303
1361.9,0.3195399045944214
1362.0,0.31474268436431885
1362.1000000000001,0.3110661208629608
1362.2,0.3155185878276825
1362.3000000000002,0.31132736802101135
1362.4,0.3092564344406128
1362.5,0.3055493235588074
1362.6000000000001,0.2984311282634735
1362.7,0.30369076132774353
1362.8000000000002,0.2998526692390442
1362.9,0.3090430796146393
1363.0,0.31068095564842224
1363.1000000000001,0.311426043510437
1363.2,0.32195305824279785
1363.3000000000002,0.29531005024909973
1363.4,0.31168225407600403
1363.5,0.30844846367836
1363.6000000000001,0.3019935190677643
1363.7,0.32021549344062805
1363.8000000000002,0.3193027973175049
1363.9,0.3080071806907654
1364.0,0.31534141302108765
1364.1000000000001,0.31169939041137695
1364.2,0.3154701292514801
1364.3000000000002,0.30326488614082336
1364.4,0.30575937032699585
1364.5,0.3110025227069855
1364.6000000000001,0.3048427104949951
1364.7,0.30471184849739075
1364.8000000000002,0.31637951731681824
1364.9,0.31655752658843994
1365.0,0.3068474531173706
1365.1000000000001,0.30946680903434753
1365.2,0.30858975648880005
1365.3000000000002,0.3100142478942871
1365.4,0.3119710087776184
1365.5,0.31875625252723694
1365.6000000000001,0.30462539196014404
1365.7,0.3048999011516571
1365.8000000000002,0.31620144844055176
1365.9,0.3108194172382355
1366.0,0.3166474401950836
1366.1000000000001,0.30168864130973816
1366.2,0.30268970131874084
1366.3000000000002,0.3111531138420105
1366.4,0.3013395667076111
1366.5,0.3148835301399231
1366.6000000000001,0.3115808665752411
1366.7,0.3138541877269745
1366.8000000000002,0.3035823106765747
1366.9,0.30343085527420044
1367.0,0.30168306827545166
1367.1000000000001,0.31593623757362366
1367.2,0.3087615370750427
1367.3000000000002,0.3061082065105438
1367.4,0.30443960428237915
1367.5,0.308461993932724
1367.6000000000001,0.3150564432144165
1367.7,0.3021918833255768
1367.8000000000002,0.31208619475364685
1367.9,0.31245988607406616
1368.0,0.31484392285346985
1368.1000000000001,0.3110934793949127
1368.2,0.31434133648872375
1368.3000000000002,0.3067810833454132
1368.4,0.3118411898612976
1368.5,0.2913994789123535
1368.6000000000001,0.305409699678421
1368.7,0.305250883102417
1368.8000000000002,0.3135654926300049
1368.9,0.31603676080703735
1369.0,0.30673515796661377
1369.1000000000001,0.317624568939209
1369.2,0.31327205896377563
1369.3000000000002,0.31473788619041443
1369.4,0.3160659074783325
1369.5,0.3082379698753357
1369.6000000000001,0.3085261583328247
1369.7,0.3137364387512207
1369.8000000000002,0.31037309765815735
1369.9,0.3108305037021637
1370.0,0.3067203462123871
1370.1000000000001,0.3140440285205841
1370.2,0.31228727102279663
1370.3000000000002,0.312564879655838
1370.4,0.3152037560939789
1370.5,0.31042224168777466
1370.6000000000001,0.31687307357788086
1370.7,0.2966875731945038
1370.8000000000002,0.31069108843803406
1370.9,0.31543081998825073
1371.0,0.30916929244995117
1371.1000000000001,0.29536187648773193
1371.2,0.3106911778450012
1371.3000000000002,0.31326770782470703
1371.4,0.30621322989463806
1371.5,0.3049110174179077
1371.6000000000001,0.30197450518608093
1371.7,0.30806776881217957
1371.8000000000002,0.29969754815101624
1371.9,0.3079579770565033
1372.0,0.31215688586235046
1372.1000000000001,0.31973519921302795
1372.2,0.30861201882362366
1372.3000000000002,0.3152882754802704
1372.4,0.31469619274139404
1372.5,0.31107333302497864
1372.6000000000001,0.31161901354789734
1372.7,0.3024062514305115
1372.8000000000002,0.30785611271858215
1372.9,0.31201666593551636
1373.0,0.314206600189209
1373.1000000000001,0.3127850890159607
1373.2,0.3136652410030365
1373.3000000000002,0.3100982904434204
1373.4,0.30373698472976685
1373.5,0.3147662878036499
1373.6000000000001,0.31420326232910156
1373.7,0.3153676688671112
1373.8000000000002,0.309634804725647
1373.9,0.3145917057991028
1374.0,0.31334805488586426
1374.1000000000001,0.29471197724342346
1374.2,0.31341469287872314
1374.3000000000002,0.3104257583618164
1374.4,0.3178376853466034
1374.5,0.3043367266654968
1374.6000000000001,0.303409218788147
1374.7,0.3095961809158325
1374.8000000000002,0.31375980377197266
1374.9,0.3144165277481079
1375.0,0.3015703558921814
1375.1000000000001,0.31136274337768555
1375.2,0.3130047023296356
1375.3000000000002,0.31290093064308167
1375.4,0.3046150505542755
1375.5,0.308782696723938
1375.6000000000001,0.30530714988708496
1375.7,0.3098912835121155
1375.8000000000002,0.32220789790153503
1375.9,0.3142932653427124
1376.0,0.2963896691799164
1376.1000000000001,0.3127020299434662
1376.2,0.30558955669403076
1376.3000000000002,0.3202318847179413
1376.4,0.3155938386917114
1376.5,0.3070390522480011
1376.6000000000001,0.3125073313713074
1376.7,0.31495168805122375
1376.8000000000002,0.30558598041534424
1376.9,0.2952328026294708
1377.0,0.31041964888572693
1377.1000000000001,0.31302475929260254
1377.2,0.31118160486221313
1377.3000000000002,0.3119503855705261
1377.4,0.3012085258960724
1377.5,0.3119337558746338
1377.6000000000001,0.3086611330509186
1377.7,0.30582141876220703
1377.8000000000002,0.3128248453140259
1377.9,0.31541678309440613
1378.0,0.30792826414108276
1378.1000000000001,0.3084789216518402
1378.2,0.31532949209213257
1378.3000000000002,0.3166939616203308
1378.4,0.3134932816028595
1378.5,0.3121025562286377
1378.6000000000001,0.3150252401828766
1378.7,0.31465446949005127
1378.8000000000002,0.30292069911956787
1378.9,0.3047723174095154
1379.0,0.30913007259368896
1379.1000000000001,0.3024348020553589
1379.2,0.3111949563026428
1379.3000000000002,0.309253990650177
1379.4,0.30897122621536255
1379.5,0.30813008546829224
1379.6000000000001,0.3096652328968048
1379.7,0.31082257628440857
1379.8000000000002,0.3152957856655121
1379.9,0.31671756505966187
1380.0,0.3153332769870758
1380.1000000000001,0.3108050525188446
1380.2,0.30248087644577026
1380.3000000000002,0.31486183404922485
1380.4,0.31210437417030334
1380.5,0.3016296625137329
1380.6000000000001,0.307663232088089
1380.7,0.30787816643714905
1380.8000000000002,0.30664417147636414
1380.9,0.31591999530792236
1381.0,0.30358657240867615
1381.1000000000001,0.30790480971336365
1381.2,0.3114205002784729
1381.3000000000002,0.30365684628486633
1381.4,0.3071565330028534
1381.5,0.313856840133667
1381.6000000000001,0.31395620107650757
1381.7,0.3131164610385895
1381.8000000000002,0.31159818172454834
1381.9,0.30521586537361145
1382.0,0.30664587020874023
1382.1000000000001,0.29995325207710266
1382.2,0.3075461983680725
1382.3000000000002,0.31391239166259766
1382.4,0.3072128891944885
1382.5,0.31189659237861633
1382.6000000000001,0.3128608167171478
1382.7,0.3059538006782532
1382.8000000000002,0.3109736740589142
1382.9,0.30422085523605347
1383.0,0.3144890367984772
1383.1000000000001,0.3030132055282593
1383.2,0.3023700714111328
1383.3000000000002,0.3046586215496063
1383.4,0.30706343054771423
1383.5,0.3037743866443634
1383.6000000000001,0.3086399435997009
1383.7,0.31621426343917847
1383.8000000000002,0.3118566572666168
1383.9,0.3126772344112396
1384.0,0.31208911538124084
1384.1000000000001,0.31632721424102783
1384.2,0.3114638924598694
1384.3000000000002,0.3096311092376709
1384.4,0.3151495158672333
1384.5,0.30634430050849915
1384.6000000000001,0.30676373839378357
1384.7,0.32300660014152527
1384.8000000000002,0.30974000692367554
1384.9,0.3107529580593109
1385.0,0.31382882595062256
1385.1000000000001,0.31517359614372253
1385.2,0.32077348232269287
1385.3000000000002,0.31287020444869995
1385.4,0.3019356429576874
1385.5,0.31911903619766235
1385.6000000000001,0.3126906752586365
1385.7,0.31381869316101074
1385.8000000000002,0.299740195274353
1385.9,0.31118205189704895
1386.0,0.3097168505191803
1386.1000000000001,0.31807973980903625
1386.2,0.3102695941925049
1386.3000000000002,0.3129603862762451
1386.4,0.31077420711517334
1386.5,0.30475738644599915
1386.6000000000001,0.3149276077747345
1386.7,0.31399640440940857
1386.8000000000002,0.3115929961204529
1386.9,0.3086341917514801
1387.0,0.3026898205280304
1387.1000000000001,0.30838045477867126
1387.2,0.3109148144721985
1387.3000000000002,0.31280088424682617
1387.4,0.319865882396698
1387.5,0.3199717402458191
1387.6000000000001,0.30906015634536743
1387.7,0.3012468218803406
1387.8000000000002,0.30249834060668945
1387.9,0.3126751780509949
1388.0,0.3092859983444214
1388.1000000000001,0.31249794363975525
1388.2,0.309080570936203
1388.3000000000002,0.3217199146747589
1388.4,0.3098210394382477
1388.5,0.31044629216194153
1388.6000000000001,0.3122243881225586
1388.7,0.3093067407608032
1388.8000000000002,0.31426674127578735
1388.9,0.31084439158439636
1389.0,0.31596076488494873
1389.1000000000001,0.30882102251052856
1389.2,0.3128431439399719
1389.3000000000002,0.31266462802886963
1389.4,0.30772989988327026
1389.5,0.3099934756755829
1389.6000000000001,0.3104904294013977
1389.7,0.3126637935638428
1389.8000000000002,0.31865718960762024
1389.9,0.30445653200149536
1390.0,0.3087077736854553
1390.1000000000001,0.30879002809524536
1390.2,0.3099368214607239
1390.3000000000002,0.310510516166687
1390.4,0.3131029009819031
1390.5,0.308956503868103
1390.6000000000001,0.31344589591026306
1390.7,0.3090604245662689
1390.8000000000002,0.31382232904434204
1390.9,0.3050118386745453
1391.0,0.3101813793182373
1391.1000000000001,0.2999165654182434
1391.2,0.31610924005508423
1391.3000000000002,0.31468287110328674
1391.4,0.31391072273254395
1391.5,0.313519686460495
1391.6000000000001,0.3012174963951111
1391.7,0.3059452772140503
1391.8000000000002,0.3181065022945404
1391.9,0.30324116349220276
1392.0,0.31441301107406616
1392.1000000000001,0.31116053462028503
1392.2,0.31249988079071045
1392.3000000000002,0.31952038407325745
1392.4,0.31306716799736023
1392.5,0.31206876039505005
1392.6000000000001,0.31063312292099
1392.7,0.3177780508995056
1392.8000000000002,0.3071082532405853
1392.9,0.30947640538215637
1393.0,0.3115474283695221
1393.1000000000001,0.3106166124343872
1393.2,0.30820807814598083
1393.3000000000002,0.32087409496307373
1393.4,0.3075748383998871
1393.5,0.3061521351337433
1393.6000000000001,0.31235337257385254
1393.7,0.30427393317222595
1393.8000000000002,0.31530648469924927
1393.9,0.2981119751930237
1394.0,0.314397394657135
1394.1000000000001,0.3094061613082886
1394.2,0.3044775426387787
1394.3000000000002,0.31204718351364136
1394.4,0.3094867467880249
1394.5,0.3140103816986084
1394.6000000000001,0.3083902597427368
1394.7,0.3157571256160736
1394.8000000000002,0.3075855076313019
1394.9,0.3099447786808014
1395.0,0.3067711591720581
1395.1000000000001,0.3096294105052948
1395.2,0.30845269560813904
1395.3000000000002,0.30637481808662415
1395.4,0.3085081875324249
1395.5,0.3145006597042084
1395.6000000000001,0.31099173426628113
1395.7,0.3122561573982239
1395.8000000000002,0.31100791692733765
1395.9,0.3051377832889557
1396.0,0.31036946177482605
1396.1000000000001,0.3077794313430786
1396.2,0.3146331310272217
1396.3000000000002,0.31257179379463196
1396.4,0.3134382665157318
1396.5,0.30413541197776794
1396.6000000000001,0.3125511407852173
1396.7,0.3083043098449707
1396.8000000000002,0.3031945824623108
1396.9,0.3099178671836853
1397.0,0.3043000102043152
1397.1000000000001,0.3022152781486511
1397.2,0.3158283531665802
1397.3000000000002,0.31408822536468506
1397.4,0.30808547139167786
1397.5,0.30541330575942993
1397.6000000000001,0.3173987865447998
1397.7,0.3082278072834015
1397.8000000000002,0.315002977848053
1397.9,0.3104567527770996
1398.0,0.3134239912033081
1398.1000000000001,0.31431928277015686
1398.2,0.3047361969947815
1398.3000000000002,0.30961161851882935
1398.4,0.3115071952342987
1398.5,0.310722678899765
1398.6000000000001,0.3112327456474304
1398.7,0.3109799325466156
1398.8000000000002,0.3153296709060669
1398.9,0.31884658336639404
1399.0,0.3001166880130768
1399.1000000000001,0.30763161182403564
1399.2,0.31383368372917175
1399.3000000000002,0.3098521828651428
1399.4,0.30875363945961
1399.5,0.3188842236995697
1399.6000000000001,0.30811887979507446
1399.7,0.307207852602005
1399.8000000000002,0.3119136393070221
1399.9,0.30857694149017334
1400.0,0.3152658939361572
1400.1000000000001,0.3179521858692169
1400.2,0.31139376759529114
1400.3000000000002,0.3165515959262848
1400.4,0.31609445810317993
1400.5,0.3074948489665985
1400.6000000000001,0.3133632242679596
1400.7,0.3156229853630066
1400.8000000000002,0.31476959586143494
1400.9,0.31058788299560547
1401.0,0.3109624981880188
1401.1000000000001,0.3114895522594452
1401.2,0.3117940127849579
1401.3000000000002,0.3186737298965454
1401.4,0.3128204941749573
1401.5,0.31731557846069336
1401.6000000000001,0.3069325089454651
1401.7,0.3164824843406677
1401.8000000000002,0.31523600220680237
1401.9,0.3177731931209564
1402.0,0.30740073323249817
1402.1000000000001,0.3099571466445923
1402.2,0.3149109482765198
1402.3000000000002,0.31074148416519165
1402.4,0.3164227604866028
1402.5,0.301502525806427
1402.6000000000001,0.31392404437065125
1402.7,0.31434014439582825
1402.8000000000002,0.315773069858551
1402.9,0.3079594671726227
1403.0,0.30834007263183594
1403.1000000000001,0.3182852864265442
1403.2,0.3101878762245178
1403.3000000000002,0.31312090158462524
1403.4,0.3108406364917755
1403.5,0.3006340563297272
1403.6000000000001,0.3064429461956024
1403.7,0.2992902994155884
1403.8000000000002,0.31217506527900696
1403.9,0.3129550814628601
1404.0,0.3128306567668915
1404.1000000000001,0.30826690793037415
1404.2,0.30186814069747925
1404.3000000000002,0.31060123443603516
1404.4,0.29937419295310974
1404.5,0.3191497325897217
1404.6000000000001,0.3145022392272949
1404.7,0.3005853295326233
1404.8000000000002,0.3131270408630371
1404.9,0.31653332710266113
1405.0,0.3051224946975708
1405.1000000000001,0.31678980588912964
1405.2,0.3091965317726135
1405.3000000000002,0.30667802691459656
1405.4,0.3121557831764221
1405.5,0.30352333188056946
1405.6000000000001,0.315341055393219
1405.7,0.3060741722583771
1405.8000000000002,0.3166903853416443
1405.9,0.31768104434013367
1406.0,0.3121755123138428
1406.1000000000001,0.3094085454940796
1406.2,0.31642666459083557
1406.3000000000002,0.30687615275382996
1406.4,0.3080800771713257
1406.5,0.30893653631210327
1406.6000000000001,0.3088184595108032
1406.7,0.3090369701385498
1406.8000000000002,0.31787383556365967
1406.9,0.30652645230293274
1407.0,0.30684447288513184
1407.1000000000001,0.3142969310283661
1407.2,0.31278109550476074
1407.3000000000002,0.3142891526222229
1407.4,0.31380125880241394
1407.5,0.3079412877559662
1407.6000000000001,0.3115202486515045
1407.7,0.30979597568511963
1407.8000000000002,0.3072514533996582
1407.9,0.30626949667930603
1408.0,0.30697447061538696
1408.1000000000001,0.315106600522995
1408.2,0.3168407678604126
1408.3000000000002,0.31588706374168396
1408.4,0.3128212094306946
1408.5,0.31602969765663147
1408.6000000000001,0.3150266110897064
1408.7,0.3130182921886444
1408.8000000000002,0.3023506700992584
1408.9,0.30952975153923035
1409.0,0.3066056966781616
1409.1000000000001,0.3057888150215149
1409.2,0.3181617259979248
1409.3000000000002,0.3114945590496063
1409.4,0.31146273016929626
1409.5,0.3152908384799957
1409.6000000000001,0.3145866394042969
1409.7,0.3109021782875061
1409.8000000000002,0.3095574975013733
1409.9,0.30442914366722107
1410.0,0.30465057492256165
1410.1000000000001,0.31879469752311707
1410.2,0.30904996395111084
1410.3000000000002,0.3067195415496826
1410.4,0.3002469837665558
1410.5,0.3155220150947571
1410.6000000000001,0.3059808909893036
1410.7,0.3051028847694397
1410.8000000000002,0.31430357694625854
1410.9,0.31813061237335205
1411.0,0.31522613763809204
1411.1000000000001,0.313385009765625
1411.2,0.31351438164711
1411.3000000000002,0.31314581632614136
1411.4,0.31777891516685486
1411.5,0.31300896406173706
1411.6000000000001,0.3100373148918152
1411.7,0.315026193857193
1411.8000000000002,0.31028181314468384
1411.9,0.3017204999923706
1412.0,0.306681752204895
1412.1000000000001,0.3062390685081482
1412.2,0.31050625443458557
1412.3000000000002,0.31140875816345215
1412.4,0.3079342842102051
1412.5,0.3168030083179474
1412.6000000000001,0.3152419924736023
1412.7,0.30507075786590576
1412.8000000000002,0.31281033158302307
1412.9,0.3137519955635071
1413.0,0.30154356360435486
1413.1000000000001,0.30655789375305176
1413.2,0.3074586093425751
1413.3000000000002,0.311322420835495
1413.4,0.3049772381782532
1413.5,0.31272056698799133
1413.6000000000001,0.31458979845046997
1413.7,0.3104349672794342
1413.8000000000002,0.30232733488082886
1413.9,0.31498557329177856
1414.0,0.30283263325691223
1414.1000000000001,0.31506338715553284
1414.2,0.3156728744506836
1414.3000000000002,0.30477744340896606
1414.4,0.3068791627883911
1414.5,0.31163424253463745
1414.6000000000001,0.3151439428329468
1414.7,0.3098597824573517
1414.8000000000002,0.31616276502609253
1414.9,0.30806809663772583
1415.0,0.3093925714492798
1415.1000000000001,0.3131639361381531
1415.2,0.30268406867980957
1415.3000000000002,0.3161282241344452
1415.4,0.31255221366882324
1415.5,0.30948057770729065
1415.6000000000001,0.3111652731895447
1415.7,0.3027459979057312
1415.8000000000002,0.3091701567173004
1415.9,0.30930855870246887
1416.0,0.31836748123168945
1416.1000000000001,0.3117353320121765
1416.2,0.31369054317474365
1416.3000000000002,0.31195542216300964
1416.4,0.3210131525993347
1416.5,0.3089118003845215
1416.6000000000001,0.30301612615585327
1416.7,0.3162197768688202
1416.8000000000002,0.3107037842273712
1416.9,0.316156268119812
1417.0,0.30398401618003845
1417.1000000000001,0.30751127004623413
1417.2,0.30787622928619385
1417.3000000000002,0.3102869987487793
1417.4,0.3084973692893982
1417.5,0.31419888138771057
1417.6000000000001,0.31131717562675476
1417.7,0.30904966592788696
1417.8000000000002,0.3007431924343109
1417.9,0.310526967048645
1418.0,0.3156074285507202
1418.1000000000001,0.3067035973072052
1418.2,0.3130207657814026
1418.3000000000002,0.31990447640419006
1418.4,0.31499049067497253
1418.5,0.3092612624168396
1418.6000000000001,0.3120384216308594
1418.7,0.32224708795547485
1418.8000000000002,0.3104916214942932
1418.9,0.31189846992492676
1419.0,0.30994099378585815
1419.1000000000001,0.3100140690803528
1419.2,0.3065778911113739
1419.3000000000002,0.30586111545562744
1419.4,0.30917948484420776
1419.5,0.31762897968292236
1419.6000000000001,0.3114627003669739
1419.7,0.31239065527915955
1419.8000000000002,0.30436232686042786
1419.9,0.3056950271129608
1420.0,0.31077250838279724
1420.1000000000001,0.3164893090724945
1420.2,0.31425178050994873
1420.3000000000002,0.3126574754714966
1420.4,0.3169628977775574
1420.5,0.3085225224494934
1420.6000000000001,0.31027951836586
1420.7,0.31344929337501526
1420.8000000000002,0.30951207876205444
1420.9,0.31877797842025757
1421.0,0.31180548667907715
1421.1000000000001,0.3005184531211853
1421.2,0.3125392198562622
1421.3000000000002,0.30823758244514465
1421.4,0.30798813700675964
1421.5,0.3137144148349762
1421.6000000000001,0.3202641010284424
1421.7,0.3079290986061096
1421.8000000000002,0.31459611654281616
1421.9,0.3105459213256836
1422.0,0.31362876296043396
1422.1000000000001,0.30735695362091064
1422.2,0.3099230229854584
1422.3000000000002,0.30455464124679565
1422.4,0.30493906140327454
1422.5,0.31406399607658386
1422.6000000000001,0.3167751133441925
1422.7,0.315502405166626
1422.8000000000002,0.30778273940086365
1422.9,0.3117397129535675
1423.0,0.31255388259887695
1423.1000000000001,0.3114476799964905
1423.2,0.29879534244537354
1423.3000000000002,0.31268399953842163
1423.4,0.3120157718658447
1423.5,0.3010423183441162
1423.6000000000001,0.3135552406311035
1423.7,0.30568036437034607
1423.8000000000002,0.3157910108566284
1423.9,0.31275808811187744
1424.0,0.31363582611083984
1424.1000000000001,0.3093409240245819
1424.2,0.3120418190956116
1424.3000000000002,0.3034742772579193
1424.4,0.3075716197490692
1424.5,0.29862329363822937
1424.6000000000001,0.30731821060180664
1424.7,0.3197217285633087
1424.8000000000002,0.30868345499038696
1424.9,0.31404244899749756
1425.0,0.30645424127578735
1425.1000000000001,0.3161657154560089
1425.2,0.3065353035926819
1425.3000000000002,0.3174251317977905
1425.4,0.29534003138542175
1425.5,0.30808550119400024
1425.6000000000001,0.31196507811546326
1425.7,0.3096679151058197
1425.8000000000002,0.30887988209724426
1425.9,0.315750390291214
1426.0,0.3082193434238434
1426.1000000000001,0.31823915243148804
1426.2,0.3053490221500397
1426.3000000000002,0.31132009625434875
1426.4,0.31422972679138184
1426.5,0.3194427490234375
1426.6000000000001,0.3211512565612793
1426.7,0.31050440669059753
1426.8000000000002,0.30637240409851074
1426.9,0.316927433013916
1427.0,0.31500789523124695
1427.1000000000001,0.3102070391178131
1427.2,0.318021684885025
1427.3000000000002,0.31135404109954834
1427.4,0.29685917496681213
1427.5,0.3035191297531128
1427.6000000000001,0.31194940209388733
1427.7,0.3117244839668274
1427.8000000000002,0.319907546043396
1427.9,0.3114202320575714
1428.0,0.30927109718322754
1428.1000000000001,0.31698867678642273
1428.2,0.31605204939842224
1428.3000000000002,0.3095511794090271
1428.4,0.31785348057746887
1428.5,0.30708983540534973
1428.6000000000001,0.2985139489173889
1428.7,0.31310105323791504
1428.8000000000002,0.31703436374664307
1428.9,0.3114059269428253
1429.0,0.318520724773407
1429.1000000000001,0.30707183480262756
1429.2,0.30846574902534485
1429.3000000000002,0.3157852292060852
1429.4,0.31180351972579956
1429.5,0.3042524456977844
1429.6000000000001,0.31648796796798706
1429.7,0.3062129020690918
1429.8000000000002,0.30850300192832947
1429.9,0.3129577934741974
1430.0,0.31059134006500244
1430.1000000000001,0.30158302187919617
1430.2,0.3100261688232422
1430.3000000000002,0.3067851662635803
1430.4,0.3103874623775482
1430.5,0.3077314496040344
1430.6000000000001,0.31682807207107544
1430.7,0.30552977323532104
1430.8000000000002,0.3043324947357178
1430.9,0.31231579184532166
1431.0,0.31319311261177063
1431.1000000000001,0.3082955479621887
1431.2,0.3179645836353302
1431.3000000000002,0.31142958998680115
1431.4,0.31159108877182007
1431.5,0.3016009032726288
1431.6000000000001,0.30828842520713806
1431.7,0.2976835072040558
1431.8000000000002,0.3098464012145996
1431.9,0.3036231994628906
1432.0,0.3148665726184845
1432.1000000000001,0.3102691173553467
1432.2,0.3219949007034302
1432.3000000000002,0.3156946003437042
1432.4,0.3000124990940094
1432.5,0.30181166529655457
1432.6000000000001,0.3196830451488495
1432.7,0.31018951535224915
1432.8000000000002,0.31089895963668823
1432.9,0.30852532386779785
1433.0,0.3132791221141815
1433.1000000000001,0.3160494565963745
1433.2,0.3130302429199219
1433.3000000000002,0.30754712224006653
1433.4,0.3131917119026184
1433.5,0.3166316747665405
1433.6000000000001,0.3159801661968231
1433.7,0.3135446310043335
1433.8000000000002,0.3155175745487213
1433.9,0.3100470006465912
1434.0,0.31323421001434326
1434.1000000000001,0.3101022243499756
1434.2,0.3165488839149475
1434.3000000000002,0.31009700894355774
1434.4,0.3081662654876709
1434.5,0.30173632502555847
1434.6000000000001,0.3108793795108795
1434.7,0.3077695369720459
1434.8000000000002,0.3124619722366333
1434.9,0.3161870837211609
1435.0,0.31443363428115845
1435.1000000000001,0.3033106029033661
1435.2,0.3165854811668396
1435.3000000000002,0.3030088245868683
1435.4,0.30260393023490906
1435.5,0.31076154112815857
1435.6000000000001,0.30705901980400085
1435.7,0.3156470060348511
1435.8000000000002,0.31783872842788696
1435.9,0.3024881184101105
1436.0,0.3143377900123596
1436.1000000000001,0.31768444180488586
1436.2,0.3160304129123688
1436.3000000000002,0.294996052980423
1436.4,0.3147865831851959
1436.5,0.31014004349708557
1436.6000000000001,0.3128826320171356
1436.7,0.314397931098938
1436.8000000000002,0.3085874617099762
1436.9,0.3159189224243164
1437.0,0.2988649010658264
1437.1000000000001,0.3125656843185425
1437.2,0.3173992931842804
1437.3000000000002,0.30886125564575195
1437.4,0.3135916590690613
1437.5,0.305624783039093
1437.6000000000001,0.31202757358551025
1437.7,0.31710612773895264
1437.8000000000002,0.3065946698188782
1437.9,0.31185442209243774
1438.0,0.3068355917930603
1438.1000000000001,0.3090299069881439
1438.2,0.31536948680877686
1438.3000000000002,0.3122682571411133
1438.4,0.30801311135292053
1438.5,0.3132517337799072
1438.6000000000001,0.30691224336624146
1438.7,0.3097289204597473
1438.8000000000002,0.29892727732658386
1438.9,0.31164512038230896
1439.0,0.30635741353034973
1439.1000000000001,0.3072225749492645
1439.2,0.30194082856178284
1439.3000000000002,0.31477847695350647
1439.4,0.31283628940582275
1439.5,0.3138965368270874
1439.6000000000001,0.3117295503616333
1439.7,0.311358243227005
1439.8000000000002,0.3092993497848511
1439.9,0.3128780722618103
1440.0,0.30770567059516907
1440.1000000000001,0.30660924315452576
1440.2,0.30727896094322205
1440.3000000000002,0.3131438195705414
1440.4,0.30922630429267883
1440.5,0.3131891191005707
1440.6000000000001,0.3105705976486206
1440.7,0.31699737906455994
1440.8000000000002,0.31082117557525635
1440.9,0.3059435188770294
1441.0,0.314678817987442
1441.1000000000001,0.3124309480190277
1441.2,0.31719890236854553
1441.3000000000002,0.30098605155944824
1441.4,0.3107660710811615
1441.5,0.3122236430644989
1441.6000000000001,0.30452921986579895
1441.7,0.31697598099708557
1441.8000000000002,0.3068943917751312
1441.9,0.3151470422744751
1442.0,0.29902178049087524
1442.1000000000001,0.30525514483451843
1442.2,0.3089578449726105
1442.3000000000002,0.30977216362953186
1442.4,0.3075416088104248
1442.5,0.31289350986480713
1442.6000000000001,0.30998775362968445
1442.7,0.31011858582496643
1442.8000000000002,0.3149956464767456
1442.9,0.3122375011444092
1443.0,0.31712454557418823
1443.1000000000001,0.3112282156944275
1443.2,0.31240445375442505
1443.3000000000002,0.3101687431335449
1443.4,0.3043786883354187
1443.5,0.3117542564868927
1443.6000000000001,0.3092254102230072
1443.7,0.3037426173686981
1443.8000000000002,0.308435320854187
1443.9,0.30762937664985657
1444.0,0.3042045533657074
1444.1000000000001,0.30653929710388184
1444.2,0.30280131101608276
1444.3000000000002,0.3185380697250366
1444.4,0.3020864725112915
1444.5,0.31243738532066345
1444.6000000000001,0.3025546967983246
1444.7,0.31318560242652893
1444.8000000000002,0.31270191073417664
1444.9,0.30682384967803955
1445.0,0.3101617693901062
1445.1000000000001,0.31394898891448975
1445.2,0.3135634660720825
1445.3000000000002,0.30259063839912415
1445.4,0.3124998211860657
1445.5,0.31278032064437866
1445.6000000000001,0.30741316080093384
1445.7,0.3070927858352661
1445.8000000000002,0.31167569756507874
1445.9,0.3122406005859375
1446.0,0.3158104717731476
1446.1000000000001,0.31540170311927795
1446.2,0.3023250699043274
1446.3000000000002,0.3062024712562561
1446.4,0.30812379717826843
1446.5,0.31146979331970215
1446.6000000000001,0.29798728227615356
1446.7,0.31185054779052734
1446.8000000000002,0.30552923679351807
1446.9,0.31045839190483093
1447.0,0.31228742003440857
1447.1000000000001,0.31224560737609863
1447.2,0.3134646415710449
1447.3000000000002,0.3136160671710968
1447.4,0.30379214882850647
1447.5,0.30562624335289
1447.6000000000001,0.31518086791038513
1447.7,0.3125828802585602
1447.8000000000002,0.3106457591056824
1447.9,0.3072904944419861
1448.0,0.3159549832344055
1448.1000000000001,0.303212434053421
1448.2,0.31293052434921265
1448.3000000000002,0.3044486343860626
1448.4,0.3147604167461395
1448.5,0.31599172949790955
1448.6000000000001,0.3060648441314697
1448.7,0.3017987608909607
1448.8000000000002,0.31484758853912354
1448.9,0.30373406410217285
1449.0,0.3127760589122772
1449.1000000000001,0.3065798580646515
1449.2,0.30626747012138367
1449.3000000000002,0.30071234703063965
1449.4,0.31191176176071167
1449.5,0.31152570247650146
1449.6000000000001,0.308376282453537
1449.7,0.30434876680374146
1449.8000000000002,0.31555575132369995
1449.9,0.3072190284729004
1450.0,0.3115551769733429
1450.1000000000001,0.31265342235565186
1450.2,0.3076963424682617
1450.3000000000002,0.3031444847583771
1450.4,0.3140985071659088
1450.5,0.3111311197280884
1450.6000000000001,0.3149137794971466
1450.7,0.3114425241947174
1450.8000000000002,0.3072645664215088
1450.9,0.31342706084251404
1451.0,0.3040451407432556
1451.1000000000001,0.3029317557811737
1451.2,0.31022894382476807
1451.3000000000002,0.3109474182128906
1451.4,0.31634628772735596
1451.5,0.3131694495677948
1451.6000000000001,0.3067629337310791
1451.7,0.3058459460735321
1451.8000000000002,0.30473875999450684
1451.9,0.3141186535358429
1452.0,0.3029523491859436
1452.1000000000001,0.3114100992679596
1452.2,0.30409374833106995
1452.3000000000002,0.3124118745326996
1452.4,0.30669254064559937
1452.5,0.30118733644485474
1452.6000000000001,0.3141069710254669
1452.7,0.3173163831233978
1452.8000000000002,0.31334254145622253
1452.9,0.31957972049713135
1453.0,0.3079242706298828
1453.1000000000001,0.30901122093200684
1453.2,0.31404680013656616
1453.3000000000002,0.31446075439453125
1453.4,0.3109685182571411
1453.5,0.31489297747612
1453.6000000000001,0.31255123019218445
1453.7,0.3192818760871887
1453.8000000000002,0.31071698665618896
1453.9,0.3014807105064392
1454.0,0.30796343088150024
1454.1000000000001,0.31149572134017944
1454.2,0.31050926446914673
1454.3000000000002,0.3081173896789551
1454.4,0.31379908323287964
1454.5,0.3173736035823822
1454.6000000000001,0.31015992164611816
1454.7,0.3199206292629242
1454.8000000000002,0.31247079372406006
1454.9,0.31525877118110657
1455.0,0.30763956904411316
1455.1000000000001,0.3134101331233978
1455.2,0.3097574710845947
1455.3000000000002,0.3069108724594116
1455.4,0.30517956614494324
1455.5,0.30835336446762085
1455.6000000000001,0.3136098384857178
1455.7,0.3069968521595001
1455.8000000000002,0.315628319978714
1455.9,0.31085044145584106
1456.0,0.31491217017173767
1456.1000000000001,0.3078819513320923
1456.2,0.30923280119895935
1456.3000000000002,0.2976481020450592
1456.4,0.31053516268730164
1456.5,0.30554336309432983
1456.6000000000001,0.3172639012336731
1456.7,0.31055164337158203
1456.8000000000002,0.3112469017505646
1456.9,0.3111670911312103
1457.0,0.31346750259399414
1457.1000000000001,0.3105996549129486
1457.2,0.3090539872646332
1457.3000000000002,0.31638652086257935
1457.4,0.3130551278591156
1457.5,0.30267781019210815
1457.6000000000001,0.3163962960243225
1457.7,0.31399092078208923
1457.8000000000002,0.31126099824905396
1457.9,0.3081115782260895
1458.0,0.315621942281723
1458.1000000000001,0.3183305561542511
1458.2,0.30945348739624023
1458.3000000000002,0.30696433782577515
1458.4,0.2954932153224945
1458.5,0.3154004216194153
1458.6000000000001,0.31190410256385803
1458.7,0.3121708035469055
1458.8000000000002,0.31865665316581726
1458.9,0.30710363388061523
1459.0,0.3194428086280823
1459.1000000000001,0.30799978971481323
1459.2,0.315291166305542
1459.3000000000002,0.30930453538894653
1459.4,0.3129052221775055
1459.5,0.31732842326164246
1459.6000000000001,0.3089175820350647
1459.7,0.31549739837646484
1459.8000000000002,0.3091731071472168
1459.9,0.3136238157749176
1460.0,0.31583550572395325
1460.1000000000001,0.307086318731308
1460.2,0.30768874287605286
1460.3000000000002,0.319204717874527
1460.4,0.3084225654602051
1460.5,0.30654484033584595
1460.6000000000001,0.30729997158050537
1460.7,0.29947975277900696
1460.8000000000002,0.31204691529273987
1460.9,0.3079395294189453
1461.0,0.3123432993888855
1461.1000000000001,0.3106762170791626
1461.2,0.3127240538597107
1461.3000000000002,0.3029405474662781
1461.4,0.29269394278526306
1461.5,0.30852967500686646
1461.6000000000001,0.31079524755477905
1461.7,0.30586695671081543
1461.8000000000002,0.3188925087451935
1461.9,0.3128795027732849
1462.0,0.3144015669822693
1462.1000000000001,0.31375250220298767
1462.2,0.3151930272579193
1462.3000000000002,0.3105195164680481
1462.4,0.3084046244621277
1462.5,0.32059136033058167
1462.6000000000001,0.3155176341533661
1462.7,0.3118393123149872
1462.8000000000002,0.31237727403640747
1462.9,0.30708155035972595
1463.0,0.3163909912109375
1463.1000000000001,0.31211644411087036
1463.2,0.30452778935432434
1463.3000000000002,0.30465584993362427
1463.4,0.3089543581008911
1463.5,0.31267186999320984
1463.6000000000001,0.31487756967544556
1463.7,0.3215429186820984
1463.8000000000002,0.3080759346485138
1463.9,0.31429415941238403
1464.0,0.3153490126132965
1464.1000000000001,0.30151277780532837
1464.2,0.3166463077068329
1464.3000000000002,0.31535395979881287
1464.4,0.303952157497406
1464.5,0.31318041682243347
1464.6000000000001,0.31382107734680176
1464.7,0.30980685353279114
1464.8000000000002,0.3157972991466522
1464.9,0.30438175797462463
1465.0,0.3148663341999054
1465.1000000000001,0.31167134642601013
1465.2,0.3121694326400757
1465.3000000000002,0.31003499031066895
1465.4,0.3083088994026184
1465.5,0.3118014633655548
1465.6000000000001,0.3109086751937866
1465.7,0.31290653347969055
1465.8000000000002,0.31617867946624756
1465.9,0.3037187457084656
1466.0,0.3175491988658905
1466.1000000000001,0.3072429299354553
1466.2,0.31440025568008423
1466.3000000000002,0.3087084889411926
1466.4,0.3002253472805023
1466.5,0.3155864477157593
1466.6000000000001,0.31016865372657776
1466.7,0.3101785182952881
1466.8000000000002,0.3077995777130127
1466.9,0.30684176087379456
1467.0,0.31052064895629883
1467.1000000000001,0.313045471906662
1467.2,0.3067159354686737
1467.3000000000002,0.3135811686515808
1467.4,0.3164463937282562
1467.5,0.3118188977241516
1467.6000000000001,0.30968910455703735
1467.7,0.3098430335521698
1467.8000000000002,0.30643442273139954
1467.9,0.3106101453304291
1468.0,0.31780779361724854
1468.1000000000001,0.31462693214416504
1468.2,0.3071756958961487
1468.3000000000002,0.3090054988861084
1468.4,0.31010863184928894
1468.5,0.31400853395462036
1468.6000000000001,0.30972447991371155
1468.7,0.30479174852371216
1468.8000000000002,0.31256720423698425
1468.9,0.31121325492858887
1469.0,0.31044241786003113
1469.1000000000001,0.3105180859565735
1469.2,0.31590715050697327
1469.3000000000002,0.314695805311203
1469.4,0.31259670853614807
1469.5,0.31543323397636414
1469.6000000000001,0.3165099620819092
1469.7,0.31083929538726807
1469.8000000000002,0.31187692284584045
1469.9,0.3073672354221344
1470.0,0.3200750946998596
1470.1000000000001,0.3089303970336914
1470.2,0.31211310625076294
1470.3000000000002,0.30704548954963684
1470.4,0.3087288737297058
1470.5,0.31056612730026245
1470.6000000000001,0.2984888553619385
1470.7,0.3104650676250458
1470.8000000000002,0.31346163153648376
1470.9,0.31106406450271606
1471.0,0.3013140559196472
1471.1000000000001,0.31355032324790955
1471.2,0.28725337982177734
1471.3000000000002,0.30832964181900024
1471.4,0.309680312871933
1471.5,0.3115653097629547
1471.6000000000001,0.3117026686668396
1471.7,0.3050363063812256
1471.8000000000002,0.31533578038215637
1471.9,0.31277310848236084
1472.0,0.31268933415412903
1472.1000000000001,0.3088341951370239
1472.2,0.297160267829895
1472.3000000000002,0.30012965202331543
1472.4,0.30587828159332275
1472.5,0.31643879413604736
1472.6000000000001,0.315896600484848
1472.7,0.30539456009864807
1472.8000000000002,0.3186674416065216
1472.9,0.3080920875072479
1473.0,0.31637880206108093
1473.1000000000001,0.31437671184539795
1473.2,0.31166359782218933
1473.3000000000002,0.31154343485832214
1473.4,0.3095981478691101
1473.5,0.3095085620880127
1473.6000000000001,0.30643871426582336
1473.7,0.3180672228336334
1473.8000000000002,0.30995532870292664
1473.9,0.31191539764404297
1474.0,0.31938180327415466
1474.1000000000001,0.31111854314804077
1474.2,0.313631147146225
1474.3000000000002,0.3137674927711487
1474.4,0.31493958830833435
1474.5,0.3146290183067322
1474.6000000000001,0.30628088116645813
1474.7,0.31282714009284973
1474.8000000000002,0.31502765417099
1474.9,0.3099333345890045
1475.0,0.3170827329158783
1475.1000000000001,0.3203372657299042
1475.2,0.3174346089363098
1475.3000000000002,0.3076097071170807
1475.4,0.30497729778289795
1475.5,0.30526265501976013
1475.6000000000001,0.29985684156417847
1475.7,0.31249943375587463
1475.8000000000002,0.31692081689834595
1475.9,0.31420254707336426
1476.0,0.3060263693332672
1476.1000000000001,0.3202325701713562
1476.2,0.3091702461242676
1476.3000000000002,0.3152053952217102
1476.4,0.315574049949646
1476.5,0.3103826940059662
1476.6000000000001,0.31344208121299744
1476.7,0.31589919328689575
1476.8000000000002,0.3068041205406189
1476.9,0.3116720914840698
1477.0,0.31678956747055054
1477.1000000000001,0.31450170278549194
1477.2,0.31458619236946106
1477.3000000000002,0.31187623739242554
1477.4,0.31794244050979614
1477.5,0.3196786046028137
1477.6000000000001,0.3100832998752594
1477.7,0.31746676564216614
1477.8000000000002,0.3071417212486267
1477.9,0.31058233976364136
1478.0,0.30112943053245544
1478.1000000000001,0.30339711904525757
1478.2,0.30873915553092957
1478.3000000000002,0.3113207519054413
1478.4,0.30754488706588745
1478.5,0.3105260133743286
1478.6000000000001,0.3013426661491394
1478.7,0.3153326213359833
1478.8000000000002,0.31303685903549194
1478.9,0.3022223711013794
1479.0,0.3084445297718048
1479.1000000000001,0.30808863043785095
1479.2,0.3081650137901306
1479.3000000000002,0.30855706334114075
1479.4,0.3080237805843353
1479.5,0.3188323676586151
1479.6000000000001,0.3097050189971924
1479.7,0.2995155155658722
1479.8000000000002,0.30754148960113525
1479.9,0.31389904022216797
1480.0,0.31461337208747864
1480.1000000000001,0.3160802125930786
1480.2,0.30076634883880615
1480.3000000000002,0.3053024709224701
1480.4,0.3143121898174286
1480.5,0.31407952308654785
1480.6000000000001,0.3042876720428467
1480.7,0.3092557191848755
1480.8000000000002,0.3129431903362274
1480.9,0.3173089921474457
1481.0,0.31355324387550354
1481.1000000000001,0.31217411160469055
1481.2,0.307262659072876
1481.3000000000002,0.31545281410217285
1481.4,0.31381863355636597
1481.5,0.3168104887008667
1481.6000000000001,0.30368098616600037
1481.7,0.30110591650009155
1481.8000000000002,0.3074597418308258
1481.9,0.3152422606945038
1482.0,0.3048902750015259
1482.1000000000001,0.3119298815727234
1482.2,0.31080636382102966
1482.3000000000002,0.3156076967716217
1482.4,0.318193644285202
1482.5,0.3121742010116577
1482.6000000000001,0.3114742338657379
1482.7,0.3164985775947571
1482.8000000000002,0.31524360179901123
1482.9,0.30176377296447754
1483.0,0.3064986765384674
1483.1000000000001,0.3093630373477936
1483.2,0.3120356798171997
1483.3000000000002,0.3104592263698578
1483.4,0.311200886964798
1483.5,0.318225234746933
1483.6000000000001,0.3159388303756714
1483.7,0.3120361268520355
1483.8000000000002,0.3131907284259796
1483.9,0.311090350151062
1484.0,0.3108585476875305
1484.1000000000001,0.31714197993278503
1484.2,0.31516239047050476
1484.3000000000002,0.3178263306617737
1484.4,0.31346648931503296
1484.5,0.30935996770858765
1484.6000000000001,0.3019004464149475
1484.7,0.3049532473087311
1484.8000000000002,0.3175956904888153
1484.9,0.3114003539085388
1485.0,0.3183461129665375
1485.1000000000001,0.3096454441547394
1485.2,0.3118738830089569
1485.3000000000002,0.31245896220207214
1485.4,0.3091438412666321
1485.5,0.3105500042438507
1485.6000000000001,0.29971128702163696
1485.7,0.31593120098114014
1485.8000000000002,0.3003986179828644
1485.9,0.3128136992454529
1486.0,0.3192579448223114
1486.1000000000001,0.2994804084300995
1486.2,0.30807411670684814
1486.3000000000002,0.3044147491455078
1486.4,0.31195780634880066
1486.5,0.3141128420829773
1486.6000000000001,0.313730388879776
1486.7,0.3093433678150177
1486.8000000000002,0.3134527802467346
1486.9,0.31603315472602844
1487.0,0.3050991892814636
1487.1000000000001,0.3155815303325653
1487.2,0.29889577627182007
1487.3000000000002,0.30655571818351746
1487.4,0.318114697933197
1487.5,0.3090415298938751
1487.6000000000001,0.3141361474990845
1487.7,0.3116409480571747
1487.8000000000002,0.3118121027946472
1487.9,0.3162083923816681
1488.0,0.3150465488433838
1488.1000000000001,0.31442055106163025
1488.2,0.3131406307220459
1488.3000000000002,0.3188970983028412
1488.4,0.3162073493003845
1488.5,0.30568841099739075
1488.6000000000001,0.3132016360759735
1488.7,0.3139469623565674
1488.8000000000002,0.31886035203933716
1488.9,0.31410613656044006
1489.0,0.31356897950172424
1489.1000000000001,0.2972700595855713
1489.2,0.30984246730804443
1489.3000000000002,0.3067537844181061
1489.4,0.30284491181373596
1489.5,0.30097171664237976
1489.6000000000001,0.31333357095718384
1489.7,0.3053179383277893
1489.8000000000002,0.30455419421195984
1489.9,0.3112640678882599
1490.0,0.31319931149482727
1490.1000000000001,0.3164411187171936
1490.2,0.31193631887435913
1490.3000000000002,0.3140322268009186
1490.4,0.3109450936317444
1490.5,0.31514066457748413
1490.6000000000001,0.30917370319366455
1490.7,0.309592604637146
1490.8000000000002,0.3122863173484802
1490.9,0.3108692467212677
1491.0,0.31468406319618225
1491.1000000000001,0.30540865659713745
1491.2,0.31118538975715637
1491.3000000000002,0.3135175406932831
1491.4,0.30984634160995483
1491.5,0.310230016708374
1491.6000000000001,0.31389182806015015
1491.7,0.31555306911468506
1491.8000000000002,0.3063012957572937
1491.9,0.311979204416275
1492.0,0.31367015838623047
1492.1000000000001,0.31454458832740784
1492.2,0.31238359212875366
1492.3000000000002,0.3048554062843323
1492.4,0.31404921412467957
1492.5,0.30047354102134705
1492.6000000000001,0.3130193054676056
1492.7,0.3131786286830902
1492.8000000000002,0.3096764087677002
1492.9,0.3129436671733856
1493.0,0.31136012077331543
1493.1000000000001,0.3062898814678192
1493.2,0.3052942454814911
1493.3000000000002,0.31088903546333313
1493.4,0.3207111954689026
1493.5,0.31155475974082947
1493.6000000000001,0.3076605796813965
1493.7,0.31992530822753906
1493.8000000000002,0.3085262179374695
1493.9,0.3042161464691162
1494.0,0.31220290064811707
1494.1000000000001,0.30613070726394653
1494.2,0.3173389732837677
1494.3000000000002,0.3064289689064026
1494.4,0.31191062927246094
1494.5,0.3066602349281311
1494.6000000000001,0.3127436339855194
1494.7,0.31324559450149536
1494.8000000000002,0.30219215154647827
1494.9,0.3098686635494232
1495.0,0.31615176796913147
1495.1000000000001,0.30877527594566345
1495.2,0.3088628351688385
1495.3000000000002,0.3129979968070984
1495.4,0.31104278564453125
1495.5,0.3131982982158661
1495.6000000000001,0.31618446111679077
1495.7,0.31410419940948486
1495.8000000000002,0.30882468819618225
1495.9,0.3076838254928589
1496.0,0.31181010603904724
1496.1000000000001,0.3125340938568115
1496.2,0.3051644563674927
1496.3000000000002,0.3044174313545227
1496.4,0.31099653244018555
1496.5,0.3134945333003998
1496.6000000000001,0.30703550577163696
1496.7,0.31071919202804565
1496.8000000000002,0.31533196568489075
1496.9,0.31315353512763977
1497.0,0.3034309148788452
1497.1000000000001,0.3057945668697357
1497.2,0.313416987657547
1497.3000000000002,0.31064853072166443
1497.4,0.31508928537368774
1497.5,0.31345176696777344
1497.6000000000001,0.30649495124816895
1497.7,0.30808785557746887
1497.8000000000002,0.31484296917915344
1497.9,0.31079012155532837
1498.0,0.3189048171043396
1498.1000000000001,0.3104338049888611
1498.2,0.3156406581401825
1498.3000000000002,0.3109018802642822
1498.4,0.3069545328617096
1498.5,0.3057003617286682
1498.6000000000001,0.31121885776519775
1498.7,0.3147509694099426
1498.8000000000002,0.3089068531990051
1498.9,0.3104385733604431
1499.0,0.3102155923843384
1499.1000000000001,0.3164026439189911
1499.2,0.31163421273231506
1499.3000000000002,0.3181350529193878
1499.4,0.31402504444122314
1499.5,0.3090609312057495
1499.6000000000001,0.30030906200408936
1499.7,0.3112623691558838
1499.8000000000002,0.306056946516037
1499.9,0.3124300241470337
1500.0,0.3045514225959778
1500.1000000000001,0.30717384815216064
1500.2,0.32070907950401306
1500.3000000000002,0.31193986535072327
1500.4,0.30483278632164
1500.5,0.3131321966648102
1500.6000000000001,0.313341349363327
1500.7,0.3142593204975128
1500.8000000000002,0.2989151179790497
1500.9,0.3201155960559845
1501.0,0.30960819125175476
1501.1000000000001,0.3087107241153717
1501.2,0.3101772665977478
1501.3000000000002,0.3091992437839508
1501.4,0.3141529858112335
1501.5,0.31592339277267456
1501.6000000000001,0.31518372893333435
1501.7,0.3046448528766632
1501.8000000000002,0.3177405595779419
1501.9,0.3004171550273895
1502.0,0.30811741948127747
1502.1000000000001,0.3021421432495117
1502.2,0.31492504477500916
1502.3000000000002,0.30576226115226746
1502.4,0.32035890221595764
1502.5,0.3081369996070862
1502.6000000000001,0.31420865654945374
1502.7,0.312516450881958
1502.8000000000002,0.30747824907302856
1502.9,0.3110278844833374
1503.0,0.31453755497932434
1503.1000000000001,0.3096483051776886
1503.2,0.31739115715026855
1503.3000000000002,0.3093104064464569
1503.4,0.31218603253364563
1503.5,0.30641481280326843
1503.6000000000001,0.3001601994037628
1503.7,0.31252965331077576
1503.8000000000002,0.3153914511203766
1503.9,0.310463547706604
1504.0,0.3149157464504242
1504.1000000000001,0.31337958574295044
1504.2,0.30831289291381836
1504.3000000000002,0.3157241642475128
1504.4,0.3033115863800049
1504.5,0.3017696440219879
1504.6000000000001,0.30655625462532043
1504.7,0.3104584217071533
1504.8000000000002,0.3031143844127655
1504.9,0.3047216236591339
1505.0,0.31094130873680115
1505.1000000000001,0.30749571323394775
1505.2,0.30834269523620605
1505.3000000000002,0.3042415976524353
1505.4,0.31730741262435913
1505.5,0.309884250164032
1505.6000000000001,0.31087782979011536
1505.7,0.3153393268585205
1505.8000000000002,0.30367588996887207
1505.9,0.3087705075740814
1506.0,0.3043040931224823
1506.1000000000001,0.30505624413490295
1506.2,0.3106330335140228
1506.3000000000002,0.30700451135635376
1506.4,0.31729787588119507
1506.5,0.30930110812187195
1506.6000000000001,0.31444263458251953
1506.7,0.2951472997665405
1506.8000000000002,0.3043335974216461
1506.9,0.30679208040237427
1507.0,0.3062421381473541
1507.1000000000001,0.31748783588409424
1507.2,0.3040110468864441
1507.3000000000002,0.3021737039089203
1507.4,0.3086238503456116
1507.5,0.30452772974967957
1507.6000000000001,0.30740779638290405
1507.7,0.30893152952194214
1507.8000000000002,0.3085995018482208
1507.9,0.31281182169914246
1508.0,0.31077131628990173
1508.1000000000001,0.311971515417099
1508.2,0.3084186315536499
1508.3000000000002,0.3054271936416626
1508.4,0.312693327665329
1508.5,0.3162161707878113
1508.6000000000001,0.30451032519340515
1508.7,0.30988144874572754
1508.8000000000002,0.2977767288684845
1508.9,0.3071654438972473
1509.0,0.3080073595046997
1509.1000000000001,0.3073010742664337
1509.2,0.31354033946990967
1509.3000000000002,0.3114088177680969
1509.4,0.3068065345287323
1509.5,0.3054486811161041
1509.6000000000001,0.3079025447368622
1509.7,0.3083031475543976
1509.8000000000002,0.31245771050453186
1509.9,0.30376136302948
1510.0,0.3187728524208069
1510.1000000000001,0.30836835503578186
1510.2,0.30801767110824585
1510.3000000000002,0.3010658323764801
1510.4,0.30583059787750244
1510.5,0.30912697315216064
1510.6000000000001,0.3052433133125305
1510.7,0.30920565128326416
1510.8000000000002,0.3178660571575165
1510.9,0.31741011142730713
1511.0,0.31477200984954834
1511.1000000000001,0.30840224027633667
1511.2,0.3150801360607147
1511.3000000000002,0.31056177616119385
1511.4,0.3144818842411041
1511.5,0.3180893063545227
1511.6000000000001,0.30942878127098083
1511.7,0.3115203380584717
1511.8000000000002,0.31461647152900696
1511.9,0.30771932005882263
1512.0,0.3107771575450897
1512.1000000000001,0.3036125898361206
1512.2,0.3166258931159973
1512.3000000000002,0.31199973821640015
1512.4,0.3064027428627014
1512.5,0.3059343695640564
1512.6000000000001,0.31241607666015625
1512.7,0.3170410394668579
1512.8000000000002,0.30988699197769165
1512.9,0.304863303899765
1513.0,0.31205523014068604
1513.1000000000001,0.3114103674888611
1513.2,0.31207242608070374
1513.3000000000002,0.30890733003616333
1513.4,0.31344765424728394
1513.5,0.3079073131084442
1513.6000000000001,0.31148889660835266
1513.7,0.3102361857891083
1513.8000000000002,0.3031638264656067
1513.9,0.31585267186164856
1514.0,0.3151017725467682
1514.1000000000001,0.31450220942497253
1514.2,0.31024447083473206
1514.3000000000002,0.31389811635017395
1514.4,0.30957308411598206
1514.5,0.31089720129966736
1514.6000000000001,0.31915417313575745
1514.7,0.30041074752807617
1514.8000000000002,0.3159783184528351
1514.9,0.31096354126930237
1515.0,0.3135468661785126
1515.1000000000001,0.31152665615081787
1515.2,0.3132580816745758
1515.3000000000002,0.3121437728404999
1515.4,0.3105910122394562
1515.5,0.3031342625617981
1515.6000000000001,0.308292955160141
1515.7,0.31205055117607117
1515.8000000000002,0.3162326216697693
1515.9,0.30700990557670593
1516.0,0.31271684169769287
1516.1000000000001,0.31577107310295105
1516.2,0.3123226761817932
1516.3000000000002,0.3088638186454773
1516.4,0.3091678321361542
1516.5,0.3175880014896393
1516.6000000000001,0.31057673692703247
1516.7,0.3109414577484131
1516.8000000000002,0.3062191307544708
1516.9,0.3075352609157562
1517.0,0.3011762499809265
1517.1000000000001,0.3120223581790924
1517.2,0.31700727343559265
1517.3000000000002,0.3109888732433319
1517.4,0.31303831934928894
1517.5,0.3050346076488495
1517.6000000000001,0.30235540866851807
1517.7,0.3156314194202423
1517.8000000000002,0.3166113793849945
1517.9,0.3118612468242645
1518.0,0.30215755105018616
1518.1000000000001,0.3020220398902893
1518.2,0.30746951699256897
1518.3000000000002,0.30347704887390137
1518.4,0.307074636220932
1518.5,0.3102720379829407
1518.6000000000001,0.3188337981700897
1518.7,0.30957502126693726
1518.8000000000002,0.30999231338500977
1518.9,0.30031320452690125
1519.0,0.31460192799568176
1519.1000000000001,0.30741438269615173
1519.2,0.30703625082969666
1519.3000000000002,0.3125684857368469
1519.4,0.3167755901813507
1519.5,0.3173147737979889
1519.6000000000001,0.31202319264411926
1519.7,0.31422916054725647
1519.8000000000002,0.3070015609264374
1519.9,0.30363237857818604
1520.0,0.3101511597633362
1520.1000000000001,0.3075703978538513
1520.2,0.31083056330680847
1520.3000000000002,0.3153223991394043
1520.4,0.31280967593193054
1520.5,0.31397745013237
1520.6000000000001,0.31361401081085205
1520.7,0.30826398730278015
1520.8000000000002,0.3091946542263031
1520.9,0.31322160363197327
1521.0,0.3065985441207886
1521.1000000000001,0.312482088804245
1521.2,0.3122774660587311
1521.3000000000002,0.31254586577415466
1521.4,0.3115360140800476
1521.5,0.306337833404541
1521.6000000000001,0.3098408877849579
1521.7,0.30968177318573
1521.8000000000002,0.3141898512840271
1521.9,0.30783671140670776
1522.0,0.3051862120628357
1522.1000000000001,0.3159008026123047
1522.2,0.3123988211154938
1522.3000000000002,0.3058494031429291
1522.4,0.31241247057914734
1522.5,0.31379052996635437
1522.6000000000001,0.3118436932563782
1522.7,0.3109160363674164
1522.8000000000002,0.31099849939346313
1522.9,0.32115137577056885
1523.0,0.3122227191925049
1523.1000000000001,0.3060620129108429
1523.2,0.31369277834892273
1523.3000000000002,0.3151482343673706
1523.4,0.3101958930492401
1523.5,0.31069859862327576
1523.6000000000001,0.30708885192871094
1523.7,0.30581581592559814
1523.8000000000002,0.297350138425827
1523.9,0.30711668729782104
1524.0,0.3157840669155121
1524.1000000000001,0.29844728112220764
1524.2,0.3146120011806488
1524.3000000000002,0.3071357309818268
1524.4,0.3051092326641083
1524.5,0.3013288676738739
1524.6000000000001,0.3028508126735687
1524.7,0.30799397826194763
1524.8000000000002,0.31587526202201843
1524.9,0.31483200192451477
1525.0,0.30668962001800537
1525.1000000000001,0.3165232539176941
1525.2,0.31692880392074585
1525.3000000000002,0.31632938981056213
1525.4,0.3118898868560791
1525.5,0.30755814909935
1525.6000000000001,0.32009610533714294
1525.7,0.31386658549308777
1525.8000000000002,0.30508652329444885
1525.9,0.30519071221351624
1526.0,0.3120166063308716
1526.1000000000001,0.2981705963611603
1526.2,0.31312328577041626
1526.3000000000002,0.31585031747817993
1526.4,0.31395432353019714
1526.5,0.311894953250885
1526.6000000000001,0.3120453953742981
1526.7,0.30082443356513977
1526.8000000000002,0.3094431757926941
1526.9,0.3098354935646057
1527.0,0.31541430950164795
1527.1000000000001,0.316518098115921
1527.2,0.3158273696899414
1527.3000000000002,0.30545198917388916
1527.4,0.30887487530708313
1527.5,0.3071292042732239
1527.6000000000001,0.3086329698562622
1527.7,0.30022934079170227
1527.8000000000002,0.30772122740745544
1527.9,0.315035343170166
1528.0,0.3057713508605957
1528.1000000000001,0.31351643800735474
1528.2,0.3039596676826477
1528.3000000000002,0.3064715564250946
1528.4,0.3081198036670685
1528.5,0.32231783866882324
1528.6000000000001,0.311635822057724
1528.7,0.3124707043170929
1528.8000000000002,0.31390005350112915
1528.9,0.30232301354408264
1529.0,0.3142629563808441
1529.1000000000001,0.30403509736061096
1529.2,0.3051679730415344
1529.3000000000002,0.310862272977829
1529.4,0.3080950975418091
1529.5,0.3150767683982849
1529.6000000000001,0.31666550040245056
1529.7,0.3123582601547241
1529.8000000000002,0.31609952449798584
1529.9,0.3182166516780853
1530.0,0.2994157075881958
1530.1000000000001,0.32058870792388916
1530.2,0.3137687146663666
1530.3000000000002,0.3093951642513275
1530.4,0.3152707517147064
1530.5,0.2992323637008667
1530.6000000000001,0.29902923107147217
1530.7,0.3093867599964142
1530.8000000000002,0.30627164244651794
1530.9,0.30836009979248047
1531.0,0.3071102201938629
1531.1000000000001,0.31304487586021423
1531.2,0.3045090436935425
1531.3000000000002,0.3062962293624878
1531.4,0.31396976113319397
1531.5,0.3049274682998657
1531.6000000000001,0.3091817796230316
1531.7,0.31309840083122253
1531.8000000000002,0.3236442506313324
1531.9,0.3111044466495514
1532.0,0.3070131242275238
1532.1000000000001,0.3160772919654846
1532.2,0.30542081594467163
1532.3000000000002,0.31128212809562683
1532.4,0.31191402673721313
1532.5,0.30997732281684875
1532.6000000000001,0.32065868377685547
1532.7,0.3091699481010437
1532.8000000000002,0.31349122524261475
1532.9,0.317432165145874
1533.0,0.30450528860092163
1533.1000000000001,0.3082844913005829
1533.2,0.31357133388519287
1533.3000000000002,0.31460830569267273
1533.4,0.3127780854701996
1533.5,0.3129756450653076
1533.6000000000001,0.31668829917907715
1533.7,0.30558350682258606
1533.8000000000002,0.3186052739620209
1533.9,0.30390045046806335
1534.0,0.311892569065094
1534.1000000000001,0.3151254951953888
1534.2,0.3117228150367737
1534.3000000000002,0.2991856336593628
1534.4,0.3107314705848694
1534.5,0.30234667658805847
1534.6000000000001,0.30132415890693665
1534.7,0.31727832555770874
1534.8000000000002,0.29710307717323303
1534.9,0.3131895959377289
1535.0,0.3110845983028412
1535.1000000000001,0.3073452115058899
1535.2,0.30607181787490845
1535.3000000000002,0.31394830346107483
1535.4,0.3148219585418701
1535.5,0.31328335404396057
1535.6000000000001,0.3108906149864197
1535.7,0.3168909549713135
1535.8000000000002,0.3093698024749756
1535.9,0.30726078152656555
1536.0,0.3134596347808838
1536.1000000000001,0.31252002716064453
1536.2,0.3121792674064636
1536.3000000000002,0.3084118366241455
1536.4,0.31233906745910645
1536.5,0.31574201583862305
1536.6000000000001,0.3071563243865967
1536.7,0.31652310490608215
1536.8000000000002,0.31347933411598206
1536.9,0.3087330460548401
1537.0,0.3175851106643677
1537.1000000000001,0.30412164330482483
1537.2,0.31002315878868103
1537.3000000000002,0.30767956376075745
1537.4,0.3104351758956909
1537.5,0.30826830863952637
1537.6000000000001,0.30240875482559204
1537.7,0.3082010746002197
1537.8000000000002,0.31097543239593506
1537.9,0.3047061562538147
1538.0,0.30106326937675476
1538.1000000000001,0.31089308857917786
1538.2,0.3102489113807678
1538.3000000000002,0.3119489550590515
1538.4,0.30785319209098816
1538.5,0.3083582818508148
1538.6000000000001,0.3039260804653168
1538.7,0.3191433250904083
1538.8000000000002,0.3088993728160858
1538.9,0.3046434819698334
1539.0,0.3135155737400055
1539.1000000000001,0.3075139820575714
1539.2,0.3186706006526947
1539.3000000000002,0.313454270362854
1539.4,0.31112590432167053
1539.5,0.3123243451118469
1539.6000000000001,0.3063787817955017
1539.7,0.3030886948108673
1539.8000000000002,0.31446373462677
1539.9,0.3087872266769409
1540.0,0.30993345379829407
1540.1000000000001,0.3115289509296417
1540.2,0.31066638231277466
1540.3000000000002,0.3129459321498871
1540.4,0.31771183013916016
1540.5,0.3110203444957733
1540.6000000000001,0.3158738613128662
1540.7,0.3106371760368347
1540.8000000000002,0.31132692098617554
1540.9,0.3117130994796753
1541.0,0.31213706731796265
1541.1000000000001,0.31315258145332336
1541.2,0.31297406554222107
1541.3000000000002,0.3020699620246887
1541.4,0.31407883763313293
1541.5,0.30640456080436707
1541.6000000000001,0.3145103454589844
1541.7,0.30499014258384705
1541.8000000000002,0.31626421213150024
1541.9,0.31541958451271057
1542.0,0.3100206255912781
1542.1000000000001,0.3137509524822235
1542.2,0.30990538001060486
1542.3000000000002,0.3119587004184723
1542.4,0.31282350420951843
1542.5,0.306545615196228
1542.6000000000001,0.3123256266117096
1542.7,0.3100622296333313
1542.8000000000002,0.3200879693031311
1542.9,0.31428563594818115
1543.0,0.30939874053001404
1543.1000000000001,0.31079667806625366
1543.2,0.29931560158729553
1543.3000000000002,0.31305375695228577
1543.4,0.3097954988479614
1543.5,0.31147775053977966
1543.6000000000001,0.31254127621650696
1543.7,0.29327574372291565
1543.8000000000002,0.3049359917640686
1543.9,0.31474146246910095
1544.0,0.3112821877002716
1544.1000000000001,0.30032363533973694
1544.2,0.3163745403289795
1544.3000000000002,0.3153979480266571
1544.4,0.30561894178390503
1544.5,0.30527329444885254
1544.6000000000001,0.3143705129623413
1544.7,0.3090031147003174
1544.8000000000002,0.31609177589416504
1544.9,0.31275907158851624
1545.0,0.31509023904800415
1545.1000000000001,0.31400007009506226
1545.2,0.3087138533592224
1545.3000000000002,0.3197840452194214
1545.4,0.31499212980270386
1545.5,0.3065415024757385
1545.6000000000001,0.31301969289779663
1545.7,0.30772337317466736
1545.8000000000002,0.3118482232093811
1545.9,0.3069860637187958
1546.0,0.31583333015441895
1546.1000000000001,0.31209951639175415
1546.2,0.30974218249320984
1546.3000000000002,0.3027162253856659
1546.4,0.309619665145874
1546.5,0.31743741035461426
1546.6000000000001,0.31669655442237854
1546.7,0.30931153893470764
1546.8000000000002,0.30405592918395996
1546.9,0.3051286041736603
1547.0,0.30826789140701294
1547.1000000000001,0.3048761487007141
1547.2,0.3119821548461914
1547.3000000000002,0.3060891032218933
1547.4,0.29938727617263794
1547.5,0.3159518539905548
1547.6000000000001,0.31462618708610535
1547.7,0.31194576621055603
1547.8000000000002,0.313063383102417
1547.9,0.31579485535621643
1548.0,0.3096959888935089
1548.1000000000001,0.31818392872810364
1548.2,0.3085142970085144
1548.3000000000002,0.3187370002269745
1548.4,0.30755043029785156
1548.5,0.3173592686653137
1548.6000000000001,0.31172990798950195
1548.7,0.3080185353755951
1548.8000000000002,0.3079698085784912
1548.9,0.3121873736381531
1549.0,0.31697478890419006
1549.1000000000001,0.3033403158187866
1549.2,0.306225061416626
1549.3000000000002,0.3118935227394104
1549.4,0.3164587616920471
1549.5,0.31106558442115784
1549.6000000000001,0.3116340637207031
1549.7,0.3184647560119629
1549.8000000000002,0.31250694394111633
1549.9,0.31733137369155884
1550.0,0.3051954507827759
1550.1000000000001,0.3130740523338318
1550.2,0.3154582381248474
1550.3000000000002,0.3060742914676666
1550.4,0.31406790018081665
1550.5,0.31361091136932373
1550.6000000000001,0.3015182912349701
1550.7,0.3083640933036804
1550.8000000000002,0.3074040412902832
1550.9,0.3073405623435974
1551.0,0.31357088685035706
1551.1000000000001,0.31421712040901184
1551.2,0.3128235340118408
1551.3000000000002,0.30235081911087036
1551.4,0.3178763687610626
1551.5,0.3147674798965454
1551.6000000000001,0.311172753572464
1551.7,0.3063336908817291
1551.8000000000002,0.3105190694332123
1551.9,0.3103005886077881
1552.0,0.312775194644928
1552.1000000000001,0.3097730278968811
1552.2,0.3169460594654083
1552.3000000000002,0.3149557113647461
1552.4,0.3138895332813263
1552.5,0.3195814788341522
1552.6000000000001,0.3198903501033783
1552.7,0.31314802169799805
1552.8000000000002,0.31432589888572693
1552.9,0.3059099316596985
1553.0,0.31215476989746094
1553.1000000000001,0.3167482912540436
1553.2,0.31458866596221924
1553.3000000000002,0.3086394667625427
1553.4,0.31139200925827026
1553.5,0.3082905113697052
1553.6000000000001,0.3148352801799774
1553.7,0.3019781708717346
1553.8000000000002,0.31118226051330566
1553.9,0.305073082447052
1554.0,0.30518022179603577
1554.1000000000001,0.3140353560447693
1554.2,0.31601548194885254
1554.3000000000002,0.31604495644569397
1554.4,0.30646851658821106
1554.5,0.3127371072769165
1554.6000000000001,0.30219441652297974
1554.7,0.31342655420303345
1554.8000000000002,0.3126170337200165
1554.9,0.3072274625301361
1555.0,0.3120057284832001
1555.1000000000001,0.3153325319290161
1555.2,0.3021892309188843
1555.3000000000002,0.3127118945121765
1555.4,0.30265527963638306
1555.5,0.30540731549263
1555.6000000000001,0.30295905470848083
1555.7,0.30393415689468384
1555.8000000000002,0.3171287775039673
1555.9,0.30953121185302734
1556.0,0.30956363677978516
1556.1000000000001,0.30568841099739075
1556.2,0.30718305706977844
1556.3000000000002,0.30080991983413696
1556.4,0.30980077385902405
1556.5,0.3082263171672821
1556.6000000000001,0.3107554316520691
1556.7,0.3109836280345917
1556.8000000000002,0.30603134632110596
1556.9,0.31457018852233887
1557.0,0.3171978294849396
1557.1000000000001,0.30807769298553467
1557.2,0.29951703548431396
1557.3000000000002,0.29906320571899414
1557.4,0.31015270948410034
1557.5,0.3088317811489105
1557.6000000000001,0.31300297379493713
1557.7,0.31356656551361084
1557.8000000000002,0.3088957369327545
1557.9,0.30996623635292053
1558.0,0.3117523193359375
1558.1000000000001,0.3165745139122009
1558.2,0.30769234895706177
1558.3000000000002,0.31187838315963745
1558.4,0.31343764066696167
1558.5,0.30646365880966187
1558.6000000000001,0.30614909529685974
1558.7,0.2971518337726593
1558.8000000000002,0.3112517297267914
1558.9,0.3181338906288147
1559.0,0.30835145711898804
1559.1000000000001,0.3119339048862457
1559.2,0.3119228184223175
1559.3000000000002,0.3094685673713684
1559.4,0.3169850707054138
1559.5,0.3072419762611389
1559.6000000000001,0.29995274543762207
1559.7,0.30775371193885803
1559.8000000000002,0.3165271282196045
1559.9,0.30850204825401306
1560.0,0.3060912787914276
1560.1000000000001,0.30612942576408386
1560.2,0.30272620916366577
1560.3000000000002,0.31252843141555786
1560.4,0.31895211338996887
1560.5,0.3082948327064514
1560.6000000000001,0.3113062083721161
1560.7,0.31179505586624146
1560.8000000000002,0.3065359890460968
1560.9,0.3044078052043915
1561.0,0.31243669986724854
1561.1000000000001,0.3066140413284302
1561.2,0.3115948736667633
1561.3000000000002,0.31259340047836304
1561.4,0.30839017033576965
1561.5,0.31389564275741577
1561.6000000000001,0.30528524518013
1561.7,0.30622437596321106
1561.8000000000002,0.307979941368103
1561.9,0.30813905596733093
1562.0,0.3160460293292999
1562.1000000000001,0.3188406229019165
1562.2,0.3151041865348816
1562.3000000000002,0.30047908425331116
1562.4,0.3099762499332428
1562.5,0.3096383512020111
1562.6000000000001,0.3058290183544159
1562.7,0.31118643283843994
1562.8000000000002,0.310078889131546
1562.9,0.30416908860206604
1563.0,0.3197386562824249
1563.1000000000001,0.3054424822330475
1563.2,0.3014756739139557
1563.3000000000002,0.31727224588394165
1563.4,0.31234925985336304
1563.5,0.2987861633300781
1563.6000000000001,0.31308937072753906
1563.7,0.3016534447669983
1563.8000000000002,0.3103179633617401
1563.9,0.309896320104599
1564.0,0.30485859513282776
1564.1000000000001,0.3109017610549927
1564.2,0.3136289715766907
1564.3000000000002,0.3123823404312134
1564.4,0.31486648321151733
1564.5,0.316395103931427
1564.6000000000001,0.3051254451274872
1564.7,0.3050644099712372
1564.8000000000002,0.3104351758956909
1564.9,0.3091032803058624
1565.0,0.31478527188301086
1565.1000000000001,0.31346410512924194
1565.2,0.31912556290626526
1565.3000000000002,0.3121437132358551
1565.4,0.30486929416656494
1565.5,0.31251898407936096
1565.6000000000001,0.3196319341659546
1565.7,0.31674230098724365
1565.8000000000002,0.31337687373161316
1565.9,0.31224939227104187
1566.0,0.30801552534103394
1566.1000000000001,0.3128430247306824
1566.2,0.31811586022377014
1566.3000000000002,0.31516146659851074
1566.4,0.31652727723121643
1566.5,0.3127414286136627
1566.6000000000001,0.31175696849823
1566.7,0.3202892541885376
1566.8000000000002,0.31547418236732483
1566.9,0.3202713429927826
1567.0,0.31699153780937195
1567.1000000000001,0.2967613935470581
1567.2,0.3139116168022156
1567.3000000000002,0.3114812672138214
1567.4,0.31020388007164
1567.5,0.30149784684181213
1567.6000000000001,0.30725592374801636
1567.7,0.31170231103897095
1567.8000000000002,0.3131450116634369
1567.9,0.3050132989883423
1568.0,0.3130546808242798
1568.1000000000001,0.305997371673584
1568.2,0.31751498579978943
1568.3000000000002,0.31609830260276794
1568.4,0.3062748908996582
1568.5,0.30453041195869446
1568.6000000000001,0.31005939841270447
1568.7,0.31286129355430603
1568.8000000000002,0.3143652677536011
1568.9,0.31096532940864563
1569.0,0.31129997968673706
1569.1000000000001,0.3074905276298523
1569.2,0.2997458577156067
1569.3000000000002,0.30334803462028503
1569.4,0.3038260340690613
1569.5,0.3081161379814148
1569.6000000000001,0.30850183963775635
1569.7,0.31101399660110474
1569.8000000000002,0.31717514991760254
1569.9,0.2998048663139343
1570.0,0.31374114751815796
1570.1000000000001,0.3141646087169647
1570.2,0.3157138526439667
1570.3000000000002,0.305978924036026
1570.4,0.31720954179763794
1570.5,0.3159340023994446
1570.6000000000001,0.2913007140159607
1570.7,0.30278584361076355
1570.8000000000002,0.3170085549354553
1570.9,0.31048819422721863
1571.0,0.30589559674263
1571.1000000000001,0.3092789947986603
1571.2,0.3046332895755768
1571.3000000000002,0.31090399622917175
1571.4,0.3113963007926941
1571.5,0.31554970145225525
1571.6000000000001,0.29806962609291077
1571.7,0.3016045391559601
1571.8000000000002,0.3034994304180145
1571.9,0.30785661935806274
1572.0,0.3177250325679779
1572.1000000000001,0.3057306408882141
1572.2,0.31758302450180054
1572.3000000000002,0.3040929436683655
1572.4,0.31157541275024414
1572.5,0.3169436752796173
1572.6000000000001,0.30348464846611023
1572.7,0.3084913194179535
1572.8000000000002,0.31298741698265076
1572.9,0.3122864365577698
1573.0,0.3087112605571747
1573.1000000000001,0.31252843141555786
1573.2,0.3165845274925232
1573.3000000000002,0.3115406036376953
1573.4,0.30820930004119873
1573.5,0.3117597699165344
1573.6000000000001,0.31464850902557373
1573.7,0.31494736671447754
1573.8000000000002,0.31106194853782654
1573.9,0.31396132707595825
1574.0,0.31169989705085754
1574.1000000000001,0.3122307360172272
1574.2,0.3140699863433838
1574.3000000000002,0.31027689576148987
1574.4,0.31399020552635193
1574.5,0.314031720161438
1574.6000000000001,0.30833402276039124
1574.7,0.310876727104187
1574.8000000000002,0.315520316362381
1574.9,0.3105595111846924
1575.0,0.29879191517829895
1575.1000000000001,0.30614253878593445
1575.2,0.3087545335292816
1575.3000000000002,0.3179989457130432
1575.4,0.30520081520080566
1575.5,0.3112720549106598
1575.6000000000001,0.3149957060813904
1575.7,0.3071879744529724
1575.8000000000002,0.30607786774635315
1575.9,0.31291714310646057
1576.0,0.3123330771923065
1576.1000000000001,0.3081021308898926
1576.2,0.31419140100479126
1576.3000000000002,0.3073987066745758
1576.4,0.3189803659915924
1576.5,0.3151509761810303
1576.6000000000001,0.2976868748664856
1576.7,0.3091021180152893
1576.8000000000002,0.30990198254585266
1576.9,0.31055939197540283
1577.0,0.3139144480228424
1577.1000000000001,0.3150118589401245
1577.2,0.2951858341693878
1577.3000000000002,0.3140905499458313
1577.4,0.31200847029685974
1577.5,0.31548038125038147
1577.6000000000001,0.312182754278183
1577.7,0.3063075840473175
1577.8000000000002,0.31287169456481934
1577.9,0.31857654452323914
1578.0,0.3161469101905823
1578.1000000000001,0.3101089894771576
1578.2,0.314646452665329
1578.3000000000002,0.31830039620399475
1578.4,0.3047926723957062
1578.5,0.3131873905658722
1578.6000000000001,0.3081356883049011
1578.7,0.31990161538124084
1578.8000000000002,0.3144439160823822
1578.9,0.3083854615688324
1579.0,0.3124754726886749
1579.1000000000001,0.30757054686546326
1579.2,0.31703755259513855
1579.3000000000002,0.3053012192249298
1579.4,0.29297733306884766
1579.5,0.3081616759300232
1579.6000000000001,0.3081115186214447
1579.7,0.3069440424442291
1579.8000000000002,0.3098459839820862
1579.9,0.3131515085697174
1580.0,0.30557262897491455
1580.1000000000001,0.3115263283252716
1580.2,0.31540432572364807
1580.3000000000002,0.31162309646606445
1580.4,0.3173161745071411
1580.5,0.31750795245170593
1580.6000000000001,0.3048190474510193
1580.7,0.30175334215164185
1580.8000000000002,0.3069198727607727
1580.9,0.3182912766933441
1581.0,0.308738112449646
1581.1000000000001,0.3151716887950897
1581.2,0.3102225959300995
1581.3000000000002,0.3157978951931
1581.4,0.3094816207885742
1581.5,0.3148506283760071
1581.6000000000001,0.3072693347930908
1581.7,0.3138331472873688
1581.8000000000002,0.30766528844833374
1581.9,0.3094954788684845
1582.0,0.31673553586006165
1582.1000000000001,0.3037607669830322
1582.2,0.31034407019615173
1582.3000000000002,0.3156315088272095
1582.4,0.31098681688308716
1582.5,0.3071138858795166
1582.6000000000001,0.3134474456310272
1582.7,0.30891433358192444
1582.8000000000002,0.3113171458244324
1582.9,0.31433191895484924
1583.0,0.3129163980484009
1583.1000000000001,0.3106805682182312
1583.2,0.31264528632164
1583.3000000000002,0.31037965416908264
1583.4,0.31131502985954285
1583.5,0.30031585693359375
1583.6000000000001,0.316890686750412
1583.7,0.3117530941963196
1583.8000000000002,0.3105226159095764
1583.9,0.31393030285835266
1584.0,0.3168572783470154
1584.1000000000001,0.3091623783111572
1584.2,0.3129242956638336
1584.3000000000002,0.31039372086524963
1584.4,0.31548330187797546
1584.5,0.31090858578681946
1584.6000000000001,0.3102809488773346
1584.7,0.30354371666908264
1584.8000000000002,0.31318506598472595
1584.9,0.30814555287361145
1585.0,0.31586411595344543
1585.1000000000001,0.3068256378173828
1585.2,0.31145891547203064
1585.3000000000002,0.3156258761882782
1585.4,0.31287163496017456
1585.5,0.31305554509162903
1585.6000000000001,0.29903295636177063
1585.7,0.3112209439277649
1585.8000000000002,0.30489373207092285
1585.9,0.3025963604450226
1586.0,0.3059362769126892
1586.1000000000001,0.3093551695346832
1586.2,0.3192024528980255
1586.3000000000002,0.31438007950782776
1586.4,0.3097109794616699
1586.5,0.31248265504837036
1586.6000000000001,0.3163051903247833
1586.7,0.30761954188346863
1586.8000000000002,0.30815500020980835
1586.9,0.3188904821872711
1587.0,0.30642426013946533
1587.1000000000001,0.3067716360092163
1587.2,0.3154103755950928
1587.3000000000002,0.3069511950016022
1587.4,0.31120193004608154
1587.5,0.31047171354293823
1587.6000000000001,0.315285861492157
1587.7,0.31604063510894775
1587.8000000000002,0.3107033669948578
1587.9,0.30685529112815857
1588.0,0.31226974725723267
1588.1000000000001,0.3136504888534546
1588.2,0.31066447496414185
1588.3000000000002,0.3052719235420227
1588.4,0.3121291697025299
1588.5,0.3158366084098816
1588.6000000000001,0.2989238500595093
1588.7,0.3103324770927429
1588.8000000000002,0.31507813930511475
1588.9,0.3108636438846588
1589.0,0.313931941986084
1589.1000000000001,0.3169849216938019
1589.2,0.3149215281009674
1589.3000000000002,0.311189204454422
1589.4,0.31404969096183777
1589.5,0.30766475200653076
1589.6000000000001,0.31113919615745544
1589.7,0.30644452571868896
1589.8000000000002,0.30962005257606506
1589.9,0.31120678782463074
1590.0,0.3169567883014679
1590.1000000000001,0.3093717396259308
1590.2,0.3024963140487671
1590.3000000000002,0.3107909858226776
1590.4,0.30310606956481934
1590.5,0.31626805663108826
1590.6000000000001,0.2979094684123993
1590.7,0.3009656071662903
1590.8000000000002,0.30354180932044983
1590.9,0.307576984167099
1591.0,0.30802860856056213
1591.1000000000001,0.3038477301597595
1591.2,0.3058132827281952
1591.3000000000002,0.3121697008609772
1591.4,0.30926254391670227
1591.5,0.31018897891044617
1591.6000000000001,0.3095826208591461
1591.7,0.3070707321166992
1591.8000000000002,0.3107112944126129
1591.9,0.3129260241985321
1592.0,0.31658682227134705
1592.1000000000001,0.3088606595993042
1592.2,0.3071459233760834
1592.3000000000002,0.31267231702804565
1592.4,0.3105117082595825
1592.5,0.32022055983543396
1592.6000000000001,0.31273069977760315
1592.7,0.31773263216018677
1592.8000000000002,0.3103858232498169
1592.9,0.3128513693809509
1593.0,0.31305673718452454
1593.1000000000001,0.3181847333908081
1593.2,0.3103010058403015
1593.3000000000002,0.30867841839790344
1593.4,0.316904753446579
1593.5,0.3017643392086029
1593.6000000000001,0.31984835863113403
1593.7,0.30361416935920715
1593.8000000000002,0.31146639585494995
1593.9,0.30829763412475586
1594.0,0.3121129870414734
1594.1000000000001,0.3185656666755676
1594.2,0.3086981177330017
1594.3000000000002,0.3137299716472626
1594.4,0.3088008761405945
1594.5,0.3083288073539734
1594.6000000000001,0.30914685130119324
1594.7,0.3148408830165863
1594.8000000000002,0.3104493021965027
1594.9,0.3063824474811554
1595.0,0.314725399017334
1595.1000000000001,0.3172247111797333
1595.2,0.31016436219215393
1595.3000000000002,0.302689790725708
1595.4,0.3035505712032318
1595.5,0.29154089093208313
1595.6000000000001,0.3086325228214264
1595.7,0.31400027871131897
1595.8000000000002,0.30926209688186646
1595.9,0.31419917941093445
1596.0,0.3121507167816162
1596.1000000000001,0.3021845519542694
1596.2,0.31238314509391785
1596.3000000000002,0.303884893655777
1596.4,0.3030073940753937
1596.5,0.30351313948631287
1596.6000000000001,0.30225759744644165
1596.7,0.3122226893901825
1596.8000000000002,0.3069416284561157
1596.9,0.3039129078388214
1597.0,0.3114091455936432
1597.1000000000001,0.30034396052360535
1597.2,0.3076729476451874
1597.3000000000002,0.30870863795280457
1597.4,0.3071042597293854
1597.5,0.2969914674758911
1597.6000000000001,0.3114777207374573
1597.7,0.31381508708000183
1597.8000000000002,0.30387023091316223
1597.9,0.32323262095451355
1598.0,0.3104839324951172
1598.1000000000001,0.3090050220489502
1598.2,0.3143530488014221
1598.3000000000002,0.31245753169059753
1598.4,0.3066723942756653
1598.5,0.31106555461883545
1598.6000000000001,0.29951971769332886
1598.7,0.3205863833427429
1598.8000000000002,0.3152124285697937
1598.9,0.3132668733596802
1599.0,0.30883514881134033
1599.1000000000001,0.31208354234695435
1599.2,0.30932286381721497
1599.3000000000002,0.3094598948955536
1599.4,0.3120745122432709
1599.5,0.31324395537376404
1599.6000000000001,0.3163903057575226
1599.7,0.3104481101036072
1599.8000000000002,0.3163934350013733
1599.9,0.31537261605262756
1600.0,0.31721848249435425
1600.1000000000001,0.3083629310131073
1600.2,0.3173789083957672
1600.3000000000002,0.3075963258743286
1600.4,0.30345699191093445
1600.5,0.31486988067626953
1600.6000000000001,0.31525781750679016
1600.7,0.31008467078208923
1600.8000000000002,0.3126755952835083
1600.9,0.30434346199035645
1601.0,0.315059095621109
1601.1000000000001,0.3045211434364319
1601.2,0.30258888006210327
1601.3000000000002,0.31789514422416687
1601.4,0.318972647190094
1601.5,0.3088577389717102
1601.6000000000001,0.30104342103004456
1601.7,0.3171059489250183
1601.8000000000002,0.31137773394584656
1601.9,0.31056511402130127
1602.0,0.3133682310581207
1602.1000000000001,0.31292566657066345
1602.2,0.3118245303630829
1602.3000000000002,0.31236112117767334
1602.4,0.30883270502090454
1602.5,0.3150425851345062
1602.6000000000001,0.31497493386268616
1602.7,0.30452829599380493
1602.8000000000002,0.31761714816093445
1602.9,0.3116398751735687
1603.0,0.31657418608665466
1603.1000000000001,0.3183307945728302
1603.2,0.30942150950431824
1603.3000000000002,0.30424878001213074
1603.4,0.3165247142314911
1603.5,0.30227142572402954
1603.6000000000001,0.31626972556114197
1603.7,0.3101953864097595
1603.8000000000002,0.30868756771087646
1603.9,0.32271113991737366
1604.0,0.3170468211174011
1604.1000000000001,0.3135172128677368
1604.2,0.3062531650066376
1604.3000000000002,0.3109027147293091
1604.4,0.3080783784389496
1604.5,0.318418025970459
1604.6000000000001,0.3123079240322113
1604.7,0.31558144092559814
1604.8000000000002,0.30536696314811707
1604.9,0.31229427456855774
1605.0,0.3145507872104645
1605.1000000000001,0.3121066093444824
1605.2,0.3101842403411865
1605.3000000000002,0.31461986899375916
1605.4,0.31084492802619934
1605.5,0.31284600496292114
1605.6000000000001,0.3086649775505066
1605.7,0.3139382302761078
1605.8000000000002,0.307056725025177
1605.9,0.31438738107681274
1606.0,0.3078727126121521
1606.1000000000001,0.30842241644859314
1606.2,0.31166350841522217
1606.3000000000002,0.31303074955940247
1606.4,0.30865535140037537
1606.5,0.3041115999221802
1606.6000000000001,0.31427088379859924
1606.7,0.30548614263534546
1606.8000000000002,0.30624744296073914
1606.9,0.31528520584106445
1607.0,0.3184061646461487
1607.1000000000001,0.3118329644203186
1607.2,0.3135441839694977
1607.3000000000002,0.3036103844642639
1607.4,0.30672797560691833
1607.5,0.30839744210243225
1607.6000000000001,0.3072662651538849
1607.7,0.31618162989616394
1607.8000000000002,0.318134069442749
1607.9,0.3084835112094879
1608.0,0.31640252470970154
1608.1000000000001,0.3165973722934723
1608.2,0.308840274810791
1608.3000000000002,0.30192825198173523
1608.4,0.31713274121284485
1608.5,0.29749175906181335
1608.6000000000001,0.31445133686065674
1608.7,0.31758975982666016
1608.8000000000002,0.31375569105148315
1608.9,0.31416356563568115
1609.0,0.30543720722198486
1609.1000000000001,0.31865590810775757
1609.2,0.31383752822875977
1609.3000000000002,0.3150950074195862
1609.4,0.31455209851264954
1609.5,0.2960745394229889
1609.6000000000001,0.30544552206993103
1609.7,0.311475545167923
1609.8000000000002,0.3121606409549713
1609.9,0.30763962864875793
1610.0,0.3110288381576538
1610.1000000000001,0.2930407226085663
1610.2,0.30998602509498596
1610.3000000000002,0.3095618188381195
1610.4,0.3083825707435608
1610.5,0.3054118752479553
1610.6000000000001,0.30967384576797485
1610.7,0.3123139441013336
1610.8000000000002,0.31120923161506653
1610.9,0.3138867914676666
1611.0,0.3062434494495392
1611.1000000000001,0.31093040108680725
1611.2,0.30540093779563904
1611.3000000000002,0.3027156591415405
1611.4,0.2961317300796509
1611.5,0.30882227420806885
1611.6000000000001,0.30781757831573486
1611.7,0.2968135476112366
1611.8000000000002,0.32025235891342163
1611.9,0.31169235706329346
1612.0,0.3135824203491211
1612.1000000000001,0.30963823199272156
1612.2,0.30630025267601013
1612.3000000000002,0.3135393261909485
1612.4,0.3083987832069397
1612.5,0.2999676764011383
1612.6000000000001,0.3110355734825134
1612.7,0.3170362710952759
1612.8000000000002,0.2979600131511688
1612.9,0.31087297201156616
1613.0,0.29789304733276367
1613.1000000000001,0.31945985555648804
1613.2,0.31258589029312134
1613.3000000000002,0.3150481879711151
1613.4,0.3081774413585663
1613.5,0.3037237524986267
1613.6000000000001,0.3069150149822235
1613.7,0.31317734718322754
1613.8000000000002,0.3178231418132782
1613.9,0.311898797750473
1614.0,0.31409475207328796
1614.1000000000001,0.3071766495704651
1614.2,0.30370014905929565
1614.3000000000002,0.31106892228126526
1614.4,0.3126112222671509
1614.5,0.3124246895313263
1614.6000000000001,0.3137333393096924
1614.7,0.31578052043914795
1614.8000000000002,0.30941396951675415
1614.9,0.31497901678085327
1615.0,0.31294429302215576
1615.1000000000001,0.3089069128036499
1615.2,0.30822381377220154
1615.3000000000002,0.3077567219734192
1615.4,0.3095608353614807
1615.5,0.3136630356311798
1615.6000000000001,0.3133823275566101
1615.7,0.31319937109947205
1615.8000000000002,0.3077782392501831
1615.9,0.3120288550853729
1616.0,0.3038198947906494
1616.1000000000001,0.3038671612739563
1616.2,0.30855533480644226
1616.3000000000002,0.3036501109600067
1616.4,0.31500139832496643
1616.5,0.3027571141719818
1616.6000000000001,0.3093363642692566
1616.7,0.31348755955696106
1616.8000000000002,0.3177148103713989
1616.9,0.31825029850006104
1617.0,0.30811581015586853
1617.1000000000001,0.304784893989563
1617.2,0.30179840326309204
1617.3000000000002,0.3018258512020111
1617.4,0.31546124815940857
1617.5,0.30893948674201965
1617.6000000000001,0.3107551634311676
1617.7,0.3092954754829407
1617.8000000000002,0.3169502019882202
1617.9,0.30780377984046936
1618.0,0.311229944229126
1618.1000000000001,0.3143790364265442
1618.2,0.30155035853385925
1618.3000000000002,0.30457401275634766
1618.4,0.309488981962204
1618.5,0.31044647097587585
1618.6000000000001,0.3113285005092621
1618.7,0.305965393781662
1618.8000000000002,0.30406472086906433
1618.9,0.2995702028274536
1619.0,0.3134022355079651
1619.1000000000001,0.3125978112220764
1619.2,0.31281784176826477
1619.3000000000002,0.30674266815185547
1619.4,0.3078736960887909
1619.5,0.3152894675731659
1619.6000000000001,0.3133656680583954
1619.7,0.3140179216861725
1619.8000000000002,0.30966120958328247
1619.9,0.3096162974834442
1620.0,0.3174746334552765
1620.1000000000001,0.30744415521621704
1620.2,0.2982648015022278
1620.3000000000002,0.31071341037750244
1620.4,0.31095314025878906
1620.5,0.30401611328125
1620.6000000000001,0.3002817630767822
1620.7,0.3162803649902344
1620.8000000000002,0.30632469058036804
1620.9,0.3011339008808136
1621.0,0.30547034740448
1621.1000000000001,0.31016960740089417
1621.2,0.3095419108867645
1621.3000000000002,0.3135888874530792
1621.4,0.3164350092411041
1621.5,0.309115469455719
1621.6000000000001,0.3080766201019287
1621.7,0.31325024366378784
1621.8000000000002,0.29345548152923584
1621.9,0.3122366964817047
1622.0,0.30969056487083435
1622.1000000000001,0.31359389424324036
1622.2,0.3113122284412384
1622.3000000000002,0.3111007809638977
1622.4,0.2995612323284149
1622.5,0.29553523659706116
1622.6000000000001,0.31390371918678284
1622.7,0.30747178196907043
1622.8000000000002,0.30903950333595276
1622.9,0.3082432746887207
1623.0,0.31406205892562866
1623.1000000000001,0.3084639608860016
1623.2,0.3110617697238922
1623.3000000000002,0.3116757869720459
1623.4,0.30499890446662903
1623.5,0.31417030096054077
1623.6000000000001,0.3125210702419281
1623.7,0.3085898458957672
1623.8000000000002,0.31275004148483276
1623.9,0.30708885192871094
1624.0,0.3125220835208893
1624.1000000000001,0.31402185559272766
1624.2,0.31992271542549133
1624.3000000000002,0.31743666529655457
1624.4,0.31141817569732666
1624.5,0.30843880772590637
1624.6000000000001,0.30781620740890503
1624.7,0.3192831575870514
1624.8000000000002,0.3041469156742096
1624.9,0.3105664849281311
1625.0,0.30502355098724365
1625.1000000000001,0.3153165280818939
1625.2,0.30951833724975586
1625.3000000000002,0.3129385709762573
1625.4,0.31306490302085876
1625.5,0.30724138021469116
1625.6000000000001,0.31541910767555237
1625.7,0.31376808881759644
1625.8000000000002,0.3131425082683563
1625.9,0.31585317850112915
1626.0,0.31159424781799316
1626.1000000000001,0.30976349115371704
1626.2,0.30414363741874695
1626.3000000000002,0.3117747902870178
1626.4,0.3135652542114258
1626.5,0.3122066259384155
1626.6000000000001,0.31379514932632446
1626.7,0.2975107729434967
1626.8000000000002,0.31259119510650635
1626.9,0.30857884883880615
1627.0,0.3190641701221466
1627.1000000000001,0.31058716773986816
1627.2,0.3103857636451721
1627.3000000000002,0.31251290440559387
1627.4,0.31082409620285034
1627.5,0.3157678246498108
1627.6000000000001,0.31763631105422974
1627.7,0.3124041259288788
1627.8000000000002,0.31434211134910583
1627.9,0.31650984287261963
1628.0,0.30693215131759644
1628.1000000000001,0.3121797442436218
1628.2,0.31040671467781067
1628.3000000000002,0.3099418580532074
1628.4,0.31016668677330017
1628.5,0.31264880299568176
1628.6000000000001,0.3035927712917328
1628.7,0.3047600984573364
1628.8000000000002,0.303739070892334
1628.9,0.29413607716560364
1629.0,0.31651464104652405
1629.1000000000001,0.30446934700012207
1629.2,0.2965417802333832
1629.3000000000002,0.3090842664241791
1629.4,0.31760358810424805
1629.5,0.29689908027648926
1629.6000000000001,0.31154316663742065
1629.7,0.3110353350639343
1629.8000000000002,0.3092878758907318
1629.9,0.30562859773635864
1630.0,0.3118673264980316
1630.1000000000001,0.3082435727119446
1630.2,0.30309611558914185
1630.3000000000002,0.30422499775886536
1630.4,0.31189098954200745
1630.5,0.31756654381752014
1630.6000000000001,0.3095981180667877
1630.7,0.31737062335014343
1630.8000000000002,0.3114813566207886
1630.9,0.3135615587234497
1631.0,0.3036232590675354
1631.1000000000001,0.303995281457901
1631.2,0.3121934235095978
1631.3000000000002,0.3090723752975464
1631.4,0.31022581458091736
1631.5,0.30575549602508545
1631.6000000000001,0.31390735507011414
1631.7,0.306854784488678
1631.8000000000002,0.3183709979057312
1631.9,0.29810652136802673
1632.0,0.31447306275367737
1632.1000000000001,0.3153581917285919
1632.2,0.3099585473537445
1632.3000000000002,0.3054555058479309
1632.4,0.30541691184043884
1632.5,0.31197768449783325
1632.6000000000001,0.3057559132575989
1632.7,0.3089786469936371
1632.8000000000002,0.314365029335022
1632.9,0.31672587990760803
1633.0,0.31237488985061646
1633.1000000000001,0.30743467807769775
1633.2,0.3125349283218384
1633.3000000000002,0.3057449162006378
1633.4,0.3152071237564087
1633.5,0.31299787759780884
1633.6000000000001,0.3072792887687683
1633.7,0.31207653880119324
1633.8000000000002,0.30988141894340515
1633.9,0.3169267177581787
1634.0,0.30899208784103394
1634.1000000000001,0.31348374485969543
1634.2,0.31051355600357056
1634.3000000000002,0.3126351237297058
1634.4,0.31186404824256897
1634.5,0.29679128527641296
1634.6000000000001,0.3090258538722992
1634.7,0.3104681372642517
1634.8000000000002,0.311540424823761
1634.9,0.3050498068332672
1635.0,0.30694836378097534
1635.1000000000001,0.31075114011764526
1635.2,0.3092343807220459
1635.3000000000002,0.32059985399246216
1635.4,0.3102562129497528
1635.5,0.3036615252494812
1635.6000000000001,0.31019097566604614
1635.7,0.31142932176589966
1635.8000000000002,0.30403244495391846
1635.9,0.3111836016178131
1636.0,0.31157931685447693
1636.1000000000001,0.31387007236480713
1636.2,0.31445932388305664
1636.3000000000002,0.3161582350730896
1636.4,0.3111409842967987
1636.5,0.3080538511276245
1636.6000000000001,0.3026236593723297
1636.7,0.30939045548439026
1636.8000000000002,0.31063443422317505
1636.9,0.31315386295318604
1637.0,0.3075355291366577
1637.1000000000001,0.30664536356925964
1637.2,0.30829790234565735
1637.3000000000002,0.3072355389595032
1637.4,0.30548202991485596
1637.5,0.31001603603363037
1637.6000000000001,0.30935412645339966
1637.7,0.30678629875183105
1637.8000000000002,0.3106423318386078
1637.9,0.3007635772228241
1638.0,0.31166788935661316
1638.1000000000001,0.31632348895072937
1638.2,0.30426183342933655
1638.3000000000002,0.31259867548942566
1638.4,0.31314170360565186
1638.5,0.3078632652759552
1638.6000000000001,0.3026922047138214
1638.7,0.3171755075454712
1638.8000000000002,0.30800288915634155
1638.9,0.31478947401046753
1639.0,0.31004056334495544
1639.1000000000001,0.29857170581817627
1639.2,0.3159036338329315
1639.3000000000002,0.30813080072402954
1639.4,0.30903834104537964
1639.5,0.31383568048477173
1639.6000000000001,0.31295400857925415
1639.7,0.3098127841949463
1639.8000000000002,0.3183690309524536
1639.9,0.30790460109710693
1640.0,0.31353628635406494
1640.1000000000001,0.3092511296272278
1640.2,0.3065268099308014
1640.3000000000002,0.30797079205513
1640.4,0.30660685896873474
1640.5,0.31078022718429565
1640.6000000000001,0.3120591938495636
1640.7,0.317685067653656
1640.8000000000002,0.30972087383270264
1640.9,0.3099414110183716
1641.0,0.3119053840637207
1641.1000000000001,0.3097851574420929
1641.2,0.30432450771331787
1641.3000000000002,0.30880194902420044
1641.4,0.3052450716495514
1641.5,0.30353033542633057
1641.6000000000001,0.3104264438152313
1641.7,0.31373125314712524
1641.8000000000002,0.29779860377311707
1641.9,0.30816948413848877
1642.0,0.3030368983745575
1642.1000000000001,0.30122044682502747
1642.2,0.315254271030426
1642.3000000000002,0.31087252497673035
1642.4,0.30663785338401794
1642.5,0.3058137893676758
1642.6000000000001,0.3123270273208618
1642.7,0.3047962784767151
1642.8000000000002,0.3155590891838074
1642.9,0.31509801745414734
1643.0,0.30925288796424866
1643.1000000000001,0.31448984146118164
1643.2,0.30742552876472473
1643.3000000000002,0.30709409713745117
1643.4,0.30553436279296875
1643.5,0.3122720420360565
1643.6000000000001,0.3105401396751404
1643.7,0.31177130341529846
1643.8000000000002,0.3106035590171814
1643.9,0.30130094289779663
1644.0,0.3098700940608978
1644.1000000000001,0.30455252528190613
1644.2,0.31253930926322937
1644.3000000000002,0.3077792525291443
1644.4,0.32105952501296997
1644.5,0.32007262110710144
1644.6000000000001,0.29628127813339233
1644.7,0.3104492723941803
1644.8000000000002,0.30855077505111694
1644.9,0.30355745553970337
1645.0,0.3107036352157593
1645.1000000000001,0.3179963231086731
1645.2,0.30321553349494934
1645.3000000000002,0.29972925782203674
1645.4,0.29440271854400635
1645.5,0.3094279170036316
1645.6000000000001,0.2963475286960602
1645.7,0.30646371841430664
1645.8000000000002,0.31230583786964417
1645.9,0.3037305474281311
1646.0,0.31731802225112915
1646.1000000000001,0.3057466149330139
1646.2,0.30673080682754517
1646.3000000000002,0.3135368525981903
1646.4,0.31081822514533997
1646.5,0.30720725655555725
1646.6000000000001,0.30894890427589417
1646.7,0.3116811215877533
1646.8000000000002,0.3127351999282837
1646.9,0.3165680766105652
1647.0,0.30490267276763916
1647.1000000000001,0.3100230395793915
1647.2,0.3159198462963104
1647.3000000000002,0.31598961353302
1647.4,0.31507688760757446
1647.5,0.3075267970561981
1647.6000000000001,0.3068658113479614
1647.7,0.2989603281021118
1647.8000000000002,0.30280497670173645
1647.9,0.3048921227455139
1648.0,0.3120304048061371
1648.1000000000001,0.31260600686073303
1648.2,0.3128897249698639
1648.3000000000002,0.316845178604126
1648.4,0.3004278242588043
1648.5,0.299007773399353
1648.6000000000001,0.30474039912223816
1648.7,0.30227842926979065
1648.8000000000002,0.3122459352016449
1648.9,0.309831827878952
1649.0,0.31101542711257935
1649.1000000000001,0.30121472477912903
1649.2,0.3144647479057312
1649.3000000000002,0.3186550736427307
1649.4,0.29874616861343384
1649.5,0.3027327060699463
1649.6000000000001,0.31819260120391846
1649.7,0.3141694664955139
1649.8000000000002,0.3164181411266327
1649.9,0.31432050466537476
1650.0,0.29720234870910645
1650.1000000000001,0.3133358061313629
1650.2,0.31261980533599854
1650.3000000000002,0.3145793378353119
1650.4,0.31464099884033203
1650.5,0.30729079246520996
1650.6000000000001,0.3048951029777527
1650.7,0.313361793756485
1650.8000000000002,0.3138340711593628
1650.9,0.3138686418533325
1651.0,0.31331339478492737
1651.1000000000001,0.31421807408332825
1651.2,0.3090979754924774
1651.3000000000002,0.3134135603904724
1651.4,0.3093799948692322
1651.5,0.3129524290561676
1651.6000000000001,0.3163835406303406
1651.7,0.3162364065647125
1651.8000000000002,0.30816078186035156
1651.9,0.3128320872783661
1652.0,0.3136768043041229
1652.1000000000001,0.30652204155921936
1652.2,0.31158801913261414
1652.3000000000002,0.29594993591308594
1652.4,0.30908793210983276
1652.5,0.3125818073749542
1652.6000000000001,0.3027476668357849
1652.7,0.3172268867492676
1652.8000000000002,0.3141331374645233
1652.9,0.3104824721813202
1653.0,0.31331679224967957
1653.1000000000001,0.3079987168312073
1653.2,0.3164001405239105
1653.3000000000002,0.31234636902809143
1653.4,0.30389687418937683
1653.5,0.3166221082210541
1653.6000000000001,0.31687867641448975
1653.7,0.31389033794403076
1653.8000000000002,0.31521934270858765
1653.9,0.3089902400970459
1654.0,0.3087829053401947
1654.1000000000001,0.30866968631744385
1654.2,0.3117334544658661
1654.3000000000002,0.31642478704452515
1654.4,0.30576062202453613
1654.5,0.30488401651382446
1654.6000000000001,0.3129368722438812
1654.7,0.306736022233963
1654.8000000000002,0.3050381541252136
1654.9,0.3073239028453827
1655.0,0.308892160654068
1655.1000000000001,0.3163522183895111
1655.2,0.31076303124427795
1655.3000000000002,0.3203972578048706
1655.4,0.30751487612724304
1655.5,0.3127553462982178
1655.6000000000001,0.31190672516822815
1655.7,0.3058471083641052
1655.8000000000002,0.29939207434654236
1655.9,0.31411948800086975
1656.0,0.30288606882095337
1656.1000000000001,0.31494948267936707
1656.2,0.3168920874595642
1656.3000000000002,0.3174298405647278
1656.4,0.31001704931259155
1656.5,0.30438992381095886
1656.6000000000001,0.311892569065094
1656.7,0.3119155168533325
1656.8000000000002,0.29770487546920776
1656.9,0.3137366771697998
1657.0,0.3071478009223938
1657.1000000000001,0.3105034828186035
1657.2,0.3182859420776367
1657.3000000000002,0.31748315691947937
1657.4,0.3095351755619049
1657.5,0.30346909165382385
1657.6000000000001,0.31266459822654724
1657.7,0.3044916093349457
1657.8000000000002,0.3003517687320709
1657.9,0.31006094813346863
1658.0,0.3060767948627472
1658.1000000000001,0.3062914311885834
1658.2,0.3054983615875244
1658.3000000000002,0.32130441069602966
1658.4,0.31180253624916077
1658.5,0.30027705430984497
1658.6000000000001,0.31360509991645813
1658.7,0.30935779213905334
1658.8000000000002,0.31209540367126465
1658.9,0.3144541084766388
1659.0,0.3126569092273712
1659.1000000000001,0.302004337310791
1659.2,0.3124125897884369
1659.3000000000002,0.3195011019706726
1659.4,0.30470049381256104
1659.5,0.30448830127716064
1659.6000000000001,0.30474287271499634
1659.7,0.30666372179985046
1659.8000000000002,0.301124632358551
1659.9,0.30404746532440186
1660.0,0.30802121758461
1660.1000000000001,0.3081672489643097
1660.2,0.31364959478378296
1660.3000000000002,0.31546327471733093
1660.4,0.30497312545776367
1660.5,0.3162364959716797
1660.6000000000001,0.31149399280548096
1660.7,0.3140983283519745
1660.8000000000002,0.31002604961395264
1660.9,0.31713733077049255
1661.0,0.30626362562179565
1661.1000000000001,0.3078876733779907
1661.2,0.31157222390174866
1661.3000000000002,0.3125889003276825
1661.4,0.30902740359306335
1661.5,0.29916390776634216
1661.6000000000001,0.3114105761051178
1661.7,0.303053081035614
1661.8000000000002,0.31943368911743164
1661.9,0.31189966201782227
1662.0,0.30527517199516296
1662.1000000000001,0.3152472972869873
1662.2,0.30428454279899597
1662.3000000000002,0.313931941986084
1662.4,0.3096016049385071
1662.5,0.3098587393760681
1662.6000000000001,0.31155604124069214
1662.7,0.31205716729164124
1662.8000000000002,0.30437883734703064
1662.9,0.3125259280204773
1663.0,0.31803908944129944
1663.1000000000001,0.3161211311817169
1663.2,0.3049244284629822
1663.3000000000002,0.3107682764530182
1663.4,0.30696555972099304
1663.5,0.31693118810653687
1663.6000000000001,0.3105109930038452
1663.7,0.31177905201911926
1663.8000000000002,0.31183212995529175
1663.9,0.3042980432510376
1664.0,0.3136431574821472
1664.1000000000001,0.30971115827560425
1664.2,0.3065297305583954
1664.3000000000002,0.3083330988883972
1664.4,0.3124913275241852
1664.5,0.31298574805259705
1664.6000000000001,0.3061944544315338
1664.7,0.31164348125457764
1664.8000000000002,0.31624236702919006
1664.9,0.303851842880249
1665.0,0.30823615193367004
1665.1000000000001,0.3113119900226593
1665.2,0.3082565367221832
1665.3000000000002,0.29668498039245605
1665.4,0.29789459705352783
1665.5,0.30586400628089905
1665.6000000000001,0.30971914529800415
1665.7,0.3068937063217163
1665.8000000000002,0.30618584156036377
1665.9,0.31362730264663696
1666.0,0.3145844042301178
1666.1000000000001,0.31360626220703125
1666.2,0.30019187927246094
1666.3000000000002,0.3194109797477722
1666.4,0.30447468161582947
1666.5,0.3136451244354248
1666.6000000000001,0.31542539596557617
1666.7,0.30666252970695496
1666.8000000000002,0.31189602613449097
1666.9,0.3150418996810913
1667.0,0.3119158446788788
1667.1000000000001,0.31218236684799194
1667.2,0.31442585587501526
1667.3000000000002,0.31051936745643616
1667.4,0.3124006390571594
1667.5,0.3082532584667206
1667.6000000000001,0.3124391436576843
1667.7,0.3029911518096924
1667.8000000000002,0.3147107660770416
1667.9,0.31067511439323425
1668.0,0.31116393208503723
1668.1000000000001,0.31752708554267883
1668.2,0.30082401633262634
1668.3000000000002,0.3120459318161011
1668.4,0.3113621771335602
1668.5,0.3172609210014343
1668.6000000000001,0.3139236867427826
1668.7,0.30620551109313965
1668.8000000000002,0.31893399357795715
1668.9,0.301114022731781
1669.0,0.30666330456733704
1669.1000000000001,0.31054195761680603
1669.2,0.30222776532173157
1669.3000000000002,0.31344714760780334
1669.4,0.305080771446228
1669.5,0.3118910491466522
1669.6000000000001,0.3121100962162018
1669.7,0.3103505074977875
1669.8000000000002,0.3088902235031128
1669.9,0.3112034499645233
1670.0,0.30855128169059753
1670.1000000000001,0.3147851228713989
1670.2,0.31303274631500244
1670.3000000000002,0.3132706880569458
1670.4,0.31051138043403625
1670.5,0.314562052488327
1670.6000000000001,0.3005833327770233
1670.7,0.3187762498855591
1670.8000000000002,0.3164912462234497
1670.9,0.3014022707939148
1671.0,0.3124275207519531
1671.1000000000001,0.3131486475467682
1671.2,0.3097589910030365
1671.3000000000002,0.30502837896347046
1671.4,0.3132092356681824
1671.5,0.3074641525745392
1671.6000000000001,0.30891838669776917
1671.7,0.30895155668258667
1671.8000000000002,0.3106609284877777
1671.9,0.3126866817474365
1672.0,0.31638532876968384
1672.1000000000001,0.3081318140029907
1672.2,0.30616462230682373
1672.3000000000002,0.3124598264694214
1672.4,0.3160161077976227
1672.5,0.31222161650657654
1672.6000000000001,0.31743690371513367
1672.7,0.312411904335022
1672.8000000000002,0.314619779586792
1672.9,0.3105265200138092
1673.0,0.3030911386013031
1673.1000000000001,0.3100830912590027
1673.2,0.31652939319610596
1673.3000000000002,0.31462541222572327
1673.4,0.31234320998191833
1673.5,0.3177453875541687
1673.6000000000001,0.30805790424346924
1673.7,0.30701306462287903
1673.8000000000002,0.3098253011703491
1673.9,0.29844021797180176
1674.0,0.31227219104766846
1674.1000000000001,0.3145272135734558
1674.2,0.31123340129852295
1674.3000000000002,0.316668301820755
1674.4,0.31526491045951843
1674.5,0.30743175745010376
1674.6000000000001,0.3075006306171417
1674.7,0.31368768215179443
1674.8000000000002,0.3155648708343506
1674.9,0.30841201543807983
1675.0,0.30982857942581177
1675.1000000000001,0.316516250371933
1675.2,0.3139577805995941
1675.3000000000002,0.3119840621948242
1675.4,0.3135564923286438
1675.5,0.30754923820495605
1675.6000000000001,0.3070392608642578
1675.7,0.3119037449359894
1675.8000000000002,0.31531623005867004
1675.9,0.3076341152191162
1676.0,0.3141764998435974
1676.1000000000001,0.31637340784072876
1676.2,0.3055956959724426
1676.3000000000002,0.30499929189682007
1676.4,0.31412267684936523
1676.5,0.31220656633377075
1676.6000000000001,0.3111675977706909
1676.7,0.31173941493034363
1676.8000000000002,0.3145979344844818
1676.9,0.31223320960998535
1677.0,0.30868032574653625
1677.1000000000001,0.31322330236434937
1677.2,0.31736356019973755
1677.3000000000002,0.3031803369522095
1677.4,0.3147839605808258
1677.5,0.3088616132736206
1677.6000000000001,0.3090962767601013
1677.7,0.31812626123428345
1677.8000000000002,0.317622572183609
1677.9,0.3113703727722168
1678.0,0.29358986020088196
1678.1000000000001,0.31610798835754395
1678.2,0.3192543685436249
1678.3000000000002,0.3069632947444916
1678.4,0.30280596017837524
1678.5,0.30863451957702637
1678.6000000000001,0.31068336963653564
1678.7,0.3165839612483978
1678.8000000000002,0.31026798486709595
1678.9,0.30967143177986145
1679.0,0.3068088889122009
1679.1000000000001,0.30764877796173096
1679.2,0.31192317605018616
1679.3000000000002,0.30696535110473633
1679.4,0.31202346086502075
1679.5,0.3165603578090668
1679.6000000000001,0.3092700242996216
1679.7,0.3152392506599426
1679.8000000000002,0.3103019595146179
1679.9,0.3128857910633087
1680.0,0.3095130920410156
1680.1000000000001,0.30669713020324707
1680.2,0.31421858072280884
1680.3000000000002,0.30885422229766846
1680.4,0.30555808544158936
1680.5,0.31521522998809814
1680.6000000000001,0.3162303864955902
1680.7,0.3051559627056122
1680.8000000000002,0.3111863136291504
1680.9,0.3106941878795624
1681.0,0.3020680844783783
1681.1000000000001,0.3151593804359436
1681.2,0.3062887191772461
1681.3000000000002,0.30836865305900574
1681.4,0.3005697429180145
1681.5,0.3089897334575653
1681.6000000000001,0.3120969831943512
1681.7,0.30906957387924194
1681.8000000000002,0.30791643261909485
1681.9,0.3116515874862671
1682.0,0.3082255721092224
1682.1000000000001,0.31509360671043396
1682.2,0.31114229559898376
1682.3000000000002,0.3104667365550995
1682.4,0.31563982367515564
1682.5,0.3115975260734558
1682.6000000000001,0.3115689158439636
1682.7,0.3005971610546112
1682.8000000000002,0.31429287791252136
1682.9,0.3103737235069275
1683.0,0.3123144209384918
1683.1000000000001,0.30975615978240967
1683.2,0.3045438230037689
1683.3000000000002,0.3030288517475128
1683.4,0.30832478404045105
1683.5,0.3052729666233063
1683.6000000000001,0.3123142719268799
1683.7,0.30727919936180115
1683.8000000000002,0.3060397803783417
1683.9,0.3095313608646393
1684.0,0.31265807151794434
1684.1000000000001,0.3156455457210541
1684.2,0.3159414231777191
1684.3000000000002,0.3093782663345337
1684.4,0.30611082911491394
1684.5,0.31474757194519043
1684.6000000000001,0.31426629424095154
1684.7,0.3072323799133301
1684.8000000000002,0.32065263390541077
1684.9,0.3130128085613251
1685.0,0.3125198185443878
1685.1000000000001,0.2986905872821808
1685.2,0.30760231614112854
1685.3000000000002,0.3036111891269684
1685.4,0.30798518657684326
1685.5,0.3107479512691498
1685.6000000000001,0.31226006150245667
1685.7,0.30724936723709106
1685.8000000000002,0.3142622411251068
1685.9,0.3110791742801666
1686.0,0.3124101459980011
1686.1000000000001,0.30402132868766785
1686.2,0.31375551223754883
1686.3000000000002,0.30976200103759766
1686.4,0.31063488125801086
1686.5,0.3152187466621399
1686.6000000000001,0.3053409457206726
1686.7,0.3103291094303131
1686.8000000000002,0.3122514486312866
1686.9,0.30354854464530945
1687.0,0.31918755173683167
1687.1000000000001,0.302031010389328
1687.2,0.31254056096076965
1687.3000000000002,0.3013029992580414
1687.4,0.3072253465652466
1687.5,0.3060992360115051
1687.6000000000001,0.29829567670822144
1687.7,0.3165452778339386
1687.8000000000002,0.31246739625930786
1687.9,0.31233835220336914
1688.0,0.31179380416870117
1688.1000000000001,0.3109155595302582
1688.2,0.31282761693000793
1688.3000000000002,0.31164538860321045
1688.4,0.3047521710395813
1688.5,0.31688225269317627
1688.6000000000001,0.30558210611343384
1688.7,0.3097989857196808
1688.8000000000002,0.31109464168548584
1688.9,0.3184641897678375
1689.0,0.3086134195327759
1689.1000000000001,0.3177551329135895
1689.2,0.3090755343437195
1689.3000000000002,0.3124791085720062
1689.4,0.3138037323951721
1689.5,0.314229816198349
1689.6000000000001,0.31318607926368713
1689.7,0.30569979548454285
1689.8000000000002,0.30918315052986145
1689.9,0.3136802911758423
1690.0,0.301571249961853
1690.1000000000001,0.31307125091552734
1690.2,0.3085825741291046
1690.3000000000002,0.3121021091938019
1690.4,0.31473004817962646
1690.5,0.31478995084762573
1690.6000000000001,0.3099202811717987
1690.7,0.3069564402103424
1690.8000000000002,0.3092006742954254
1690.9,0.30754077434539795
1691.0,0.3101678192615509
1691.1000000000001,0.30952972173690796
1691.2,0.31527748703956604
1691.3000000000002,0.31216055154800415
1691.4,0.31210657954216003
1691.5,0.3137272596359253
1691.6000000000001,0.3126181960105896
1691.7,0.3068583607673645
1691.8000000000002,0.3079492151737213
1691.9,0.3108501434326172
1692.0,0.31109127402305603
1692.1000000000001,0.3101028800010681
1692.2,0.31262779235839844
1692.3000000000002,0.3083939552307129
1692.4,0.31483331322669983
1692.5,0.32064348459243774
1692.6000000000001,0.3100939393043518
1692.7,0.3079853951931
1692.8000000000002,0.31240397691726685
1692.9,0.3093663454055786
1693.0,0.3133772015571594
1693.1000000000001,0.3014536201953888
1693.2,0.31265267729759216
1693.3000000000002,0.309388667345047
1693.4,0.3088723421096802
1693.5,0.3102591037750244
1693.6000000000001,0.30350130796432495
1693.7,0.3092823028564453
1693.8000000000002,0.3144024610519409
1693.9,0.308738648891449
1694.0,0.31385329365730286
1694.1000000000001,0.3090495467185974
1694.2,0.29676780104637146
1694.3000000000002,0.3058805763721466
1694.4,0.30503326654434204
1694.5,0.3132854402065277
1694.6000000000001,0.30993136763572693
1694.7,0.3110223710536957
1694.8000000000002,0.3124350309371948
1694.9,0.3144357204437256
1695.0,0.3094169497489929
1695.1000000000001,0.302679181098938
1695.2,0.3137482702732086
1695.3000000000002,0.32332465052604675
1695.4,0.3054148256778717
1695.5,0.30930131673812866
1695.6000000000001,0.30749401450157166
1695.7,0.30243900418281555
1695.8000000000002,0.3000032305717468
1695.9,0.3126468360424042
1696.0,0.31873852014541626
1696.1000000000001,0.3085940182209015
1696.2,0.3095860183238983
1696.3000000000002,0.3012024164199829
1696.4,0.3140353262424469
1696.5,0.30824893712997437
1696.6000000000001,0.3090567886829376
1696.7,0.31122615933418274
1696.8000000000002,0.31480923295021057
1696.9,0.31026744842529297
1697.0,0.3182244896888733
1697.1000000000001,0.3104797303676605
1697.2,0.3105754554271698
1697.3000000000002,0.3049551844596863
1697.4,0.31040340662002563
1697.5,0.3074888288974762
1697.6000000000001,0.3103554844856262
1697.7,0.3133508861064911
1697.8000000000002,0.3028830289840698
1697.9,0.30820587277412415
1698.0,0.3142305910587311
1698.1000000000001,0.30897605419158936
1698.2,0.3080105483531952
1698.3000000000002,0.30746784806251526
1698.4,0.3148745596408844
1698.5,0.3069525361061096
1698.6000000000001,0.3102782964706421
1698.7,0.310930997133255
1698.8000000000002,0.3153424859046936
1698.9,0.3064191937446594
1699.0,0.3124864399433136
1699.1000000000001,0.29950979351997375
1699.2,0.30537277460098267
1699.3000000000002,0.30460119247436523
1699.4,0.3128533661365509
1699.6000000000001,0.304366797208786
1699.6000000000001,0.31267935037612915
1699.7,0.3023374676704407
1699.8000000000002,0.3088539242744446
1699.9,0.3080027103424072
1700.0,0.3128474950790405
1700.1000000000001,0.30942270159721375
1700.2,0.3167732059955597
1700.4,0.30884209275245667
1700.4,0.31822526454925537
1700.5,0.3043600916862488
1700.6000000000001,0.312021940946579
1700.7,0.3146762251853943
1700.8000000000002,0.30768337845802307
1700.9,0.30265772342681885
1701.0,0.2996228039264679
1701.1000000000001,0.29987889528274536
1701.2,0.310777485370636
1701.3000000000002,0.30908048152923584
1701.4,0.30928274989128113
1701.6000000000001,0.3110271096229553
1701.6000000000001,0.3147580623626709
1701.7,0.31387320160865784
1701.8000000000002,0.31155216693878174
1701.9,0.31412312388420105
1702.0,0.3178642690181732
1702.1000000000001,0.3117985725402832
1702.2,0.3079102039337158
1702.3000000000002,0.31566792726516724
1702.4,0.3135586082935333
1702.5,0.31298187375068665
1702.6000000000001,0.3096652626991272
1702.7,0.3070580065250397
1702.8000000000002,0.3150978088378906
1702.9,0.3156089782714844
1703.1000000000001,0.31437766551971436
1703.1000000000001,0.30088114738464355
1703.2,0.3134377896785736
1703.3000000000002,0.31209370493888855
1703.4,0.3192841112613678
1703.6000000000001,0.31520622968673706
1703.6000000000001,0.3158513605594635
1703.7,0.30771851539611816
1703.8000000000002,0.3090353012084961
1703.9,0.31006622314453125
1704.0,0.31596195697784424
1704.1000000000001,0.3095940053462982
1704.2,0.3088093101978302
1704.4,0.3101918697357178
1704.5,0.3119310736656189
1704.5,0.3077879846096039
1704.6000000000001,0.31888580322265625
1704.7,0.3094569444656372
1704.8000000000002,0.30575862526893616
1704.9,0.30708038806915283
1705.0,0.3166007101535797
1705.1000000000001,0.3176919221878052
1705.2,0.3127135932445526
1705.3000000000002,0.306449830532074
1705.4,0.30942460894584656
1705.5,0.31591224670410156
1705.6000000000001,0.3110446631908417
1705.7,0.30193495750427246
1705.8000000000002,0.31324994564056396
1705.9,0.3095388114452362
1706.0,0.3125939667224884
1706.1000000000001,0.30100035667419434
1706.2,0.30902549624443054
1706.3000000000002,0.3068622648715973
1706.4,0.31282269954681396
1706.5,0.309234619140625
1706.6000000000001,0.30817529559135437
1706.7,0.3071618974208832
1706.8000000000002,0.3124978244304657
1706.9,0.3079664409160614
1707.0,0.3159566819667816
1707.1000000000001,0.31982898712158203
1707.2,0.31335482001304626
1707.3000000000002,0.30521562695503235
1707.4,0.3028322458267212
1707.5,0.30531758069992065
1707.6000000000001,0.3128904700279236
1707.7,0.30759403109550476
1707.8000000000002,0.3102167546749115
1707.9,0.3121104836463928
1708.0,0.31217628717422485
1708.1000000000001,0.3126726746559143
1708.2,0.31688594818115234
1708.3000000000002,0.31154245138168335
1708.4,0.32155418395996094
1708.5,0.3102687895298004
1708.6000000000001,0.31414005160331726
1708.7,0.31620049476623535
1708.8000000000002,0.3136458396911621
1708.9,0.31707456707954407
1709.0,0.3122327923774719
1709.1000000000001,0.3130815327167511
1709.2,0.30987513065338135
1709.3000000000002,0.30343112349510193
1709.4,0.3079358637332916
1709.5,0.3130772113800049
1709.6000000000001,0.30420273542404175
1709.7,0.311355322599411
1709.8000000000002,0.3014545440673828
1709.9,0.3152144253253937
1710.0,0.3160041272640228
1710.1000000000001,0.3069094717502594
1710.2,0.312147319316864
1710.3000000000002,0.30361294746398926
1710.4,0.3131072223186493
1710.6000000000001,0.3080146610736847
1710.6000000000001,0.31859445571899414
1710.7,0.3186606168746948
1710.8000000000002,0.3163395822048187
1711.0,0.306109756231308
1711.0,0.30529630184173584
1711.1000000000001,0.30306094884872437
1711.2,0.30683672428131104
1711.4,0.31890466809272766
1711.4,0.3081260621547699
1711.6000000000001,0.3117717206478119
1711.6000000000001,0.3072787821292877
1711.7,0.3105943202972412
1711.8000000000002,0.3015495240688324
1711.9,0.310743123292923
1712.0,0.30951082706451416
1712.1000000000001,0.3094017207622528
1712.2,0.30931609869003296
1712.3000000000002,0.3077339231967926
1712.4,0.30317753553390503
1712.5,0.3022051453590393
1712.6000000000001,0.30798205733299255
1712.7,0.3152461051940918
1712.8000000000002,0.31355804204940796
1712.9,0.31172919273376465
1713.0,0.3140949606895447
1713.1000000000001,0.31175804138183594
1713.2,0.30654779076576233
1713.3000000000002,0.31010472774505615
1713.4,0.30971837043762207
1713.5,0.3015649914741516
1713.6000000000001,0.3103904128074646
1713.7,0.3051382303237915
1713.8000000000002,0.310515433549881
1713.9,0.31665751338005066
1714.0,0.3098193109035492
1714.1000000000001,0.312534898519516
1714.2,0.3040585219860077
1714.3000000000002,0.32139503955841064
1714.4,0.29490959644317627
1714.5,0.3073471784591675
1714.6000000000001,0.3075352907180786
1714.7,0.30432578921318054
1714.8000000000002,0.3059351444244385
1715.0,0.30762115120887756
1715.0,0.3186286389827728
1715.2,0.3143351674079895
1715.2,0.3115931749343872
1715.3000000000002,0.3033698797225952
1715.4,0.31511443853378296
1715.5,0.3089176416397095
1715.6000000000001,0.30366992950439453
1715.7,0.31597641110420227
1715.8000000000002,0.3207686245441437
1715.9,0.3034050166606903
1716.0,0.304156631231308
1716.2,0.31131523847579956
1716.3000000000002,0.311932235956192
1716.3000000000002,0.3102247416973114
1716.4,0.3103105425834656
1716.5,0.3141269087791443
1716.6000000000001,0.31929704546928406
1716.7,0.3112252652645111
1716.8000000000002,0.3108791708946228
1716.9,0.3181432783603668
1717.0,0.30953851342201233
1717.1000000000001,0.30578330159187317
1717.2,0.3181368112564087
1717.3000000000002,0.3118632137775421
1717.4,0.3144665062427521
1717.5,0.29910144209861755
1717.6000000000001,0.308912068605423
1717.7,0.3117075264453888
1717.8000000000002,0.30969902873039246
1717.9,0.30273714661598206
1718.0,0.3093053102493286
1718.1000000000001,0.3054404854774475
1718.2,0.31129398941993713
1718.3000000000002,0.3148565888404846
1718.4,0.30803993344306946
1718.5,0.3121642470359802
1718.6000000000001,0.3120580017566681
1718.7,0.312617689371109
1718.8000000000002,0.3087916672229767
1718.9,0.32552942633628845
1719.0,0.30761927366256714
1719.2,0.308138906955719
1719.2,0.3046228289604187
1719.3000000000002,0.3112803101539612
1719.4,0.31732699275016785
1719.5,0.31488946080207825
1719.6000000000001,0.3060930371284485
1719.7,0.301325261592865
1719.8000000000002,0.2984800934791565
1719.9,0.3143594563007355
1720.0,0.30542030930519104
1720.1000000000001,0.3117433190345764
1720.2,0.3171285390853882
1720.3000000000002,0.3048626184463501
1720.4,0.30533066391944885
1720.5,0.3106919229030609
1720.6000000000001,0.312608003616333
1720.7,0.30591094493865967
1720.8000000000002,0.305343896150589
1720.9,0.3068926930427551
1721.0,0.30995556712150574
1721.1000000000001,0.31082019209861755
1721.2,0.31443363428115845
1721.3000000000002,0.3070306181907654
1721.4,0.31159594655036926
1721.5,0.3157168924808502
1721.6000000000001,0.3061119318008423
1721.7,0.30781319737434387
1721.8000000000002,0.3046343922615051
1722.0,0.3077291250228882
1722.0,0.3100629448890686
1722.1000000000001,0.3085619807243347
1722.2,0.3072642683982849
1722.3000000000002,0.3157239258289337
1722.4,0.31273749470710754
1722.5,0.30909231305122375
1722.7,0.3089008033275604
1722.7,0.31121617555618286
1722.8000000000002,0.30381157994270325
1722.9,0.30721843242645264
1723.0,0.3100486397743225
1723.1000000000001,0.30468618869781494
1723.2,0.31027573347091675
1723.3000000000002,0.315805584192276
1723.4,0.3178718686103821
1723.5,0.316672146320343
1723.6000000000001,0.30365464091300964
1723.7,0.31745338439941406
1723.8000000000002,0.307170033454895
1723.9,0.30850234627723694
1724.0,0.3152238726615906
1724.1000000000001,0.30257925391197205
1724.2,0.31140291690826416
1724.3000000000002,0.3149421513080597
1724.4,0.3106815218925476
1724.5,0.31105679273605347
1724.6000000000001,0.31292763352394104
1724.7,0.3156015872955322
1724.8000000000002,0.3085728585720062
1724.9,0.318808913230896
1725.0,0.3040637671947479
1725.1000000000001,0.3059552311897278
1725.2,0.31748491525650024
1725.3000000000002,0.3123989999294281
1725.4,0.311135858297348
1725.5,0.31021982431411743
1725.6000000000001,0.3022548258304596
1725.7,0.3102710247039795
1725.8000000000002,0.31066393852233887
1725.9,0.29882222414016724
1726.0,0.3042258024215698
1726.1000000000001,0.30939629673957825
1726.2,0.3159439265727997
1726.3000000000002,0.31250879168510437
1726.4,0.31252458691596985
1726.5,0.314870148897171
1726.6000000000001,0.3092939555644989
1726.7,0.31141263246536255
1726.8000000000002,0.30872949957847595
1726.9,0.30957719683647156
1727.0,0.3160277307033539
1727.1000000000001,0.30214762687683105
1727.2,0.3070385456085205
1727.3000000000002,0.31038734316825867
1727.4,0.3067778944969177
1727.5,0.3129737973213196
1727.6000000000001,0.309795081615448
1727.7,0.30756136775016785
1727.8000000000002,0.31471186876296997
1727.9,0.3012538552284241
1728.0,0.3122275173664093
1728.1000000000001,0.3005334734916687
1728.2,0.3146391212940216
1728.3000000000002,0.31609511375427246
1728.4,0.3164285123348236
1728.5,0.31319460272789
1728.6000000000001,0.30122682452201843
1728.8000000000002,0.3031497299671173
1728.8000000000002,0.3009662330150604
1728.9,0.3067307770252228
1729.0,0.31230300664901733
1729.1000000000001,0.3140435516834259
1729.2,0.31178444623947144
1729.3000000000002,0.3110458254814148
1729.4,0.3177430331707001
1729.5,0.3081952929496765
1729.6000000000001,0.31276580691337585
1729.7,0.30593422055244446
1729.8000000000002,0.30363449454307556
1729.9,0.31727883219718933
1730.0,0.3154241442680359
1730.2,0.3128392994403839
1730.2,0.3078957498073578
1730.3000000000002,0.31164345145225525
1730.4,0.2915599048137665
1730.5,0.30943000316619873
1730.6000000000001,0.31525561213493347
1730.7,0.3001686632633209
1730.8000000000002,0.3040696382522583
1730.9,0.3078581392765045
1731.0,0.30986282229423523
1731.1000000000001,0.3052530586719513
1731.2,0.30581268668174744
1731.3000000000002,0.30476507544517517
1731.4,0.3127807080745697
1731.5,0.31216490268707275
1731.6000000000001,0.3132524788379669
1731.7,0.3099691867828369
1731.8000000000002,0.3169619143009186
1731.9,0.30937573313713074
1732.0,0.3090183734893799
1732.1000000000001,0.3114129900932312
1732.2,0.3169246017932892
1732.4,0.3100213408470154
1732.4,0.3124222457408905
1732.5,0.32212111353874207
1732.6000000000001,0.31625062227249146
1732.7,0.3089882433414459
1732.8000000000002,0.31349697709083557
1732.9,0.31467506289482117
1733.0,0.31838104128837585
1733.1000000000001,0.3108806312084198
1733.2,0.30286234617233276
1733.3000000000002,0.30422911047935486
1733.4,0.3163151741027832
1733.5,0.3095901906490326
1733.6000000000001,0.30629467964172363
1733.7,0.3209811747074127
1733.8000000000002,0.3067057132720947
1733.9,0.3177030086517334
1734.0,0.31416285037994385
1734.1000000000001,0.315772145986557
1734.2,0.31601014733314514
1734.3000000000002,0.3055713474750519
1734.4,0.31295743584632874
1734.5,0.3132619857788086
1734.6000000000001,0.31136980652809143
1734.7,0.3189912736415863
1734.8000000000002,0.3104439973831177
1734.9,0.30566319823265076
1735.0,0.3129672408103943
1735.1000000000001,0.30496272444725037
1735.2,0.31140783429145813
1735.3000000000002,0.3154102861881256
1735.4,0.3145614564418793
1735.6000000000001,0.31529271602630615
1735.6000000000001,0.29942551255226135
1735.8000000000002,0.3087027668952942
1735.8000000000002,0.30914604663848877
1735.9,0.3013334572315216
1736.0,0.3154557943344116
1736.1000000000001,0.31276199221611023
1736.2,0.31750109791755676
1736.3000000000002,0.3070405125617981
1736.4,0.31003299355506897
1736.5,0.30496886372566223
1736.6000000000001,0.3199010193347931
1736.7,0.3002181649208069
1736.8000000000002,0.31206220388412476
1736.9,0.30233338475227356
1737.0,0.3115592896938324
1737.1000000000001,0.3160324990749359
1737.2,0.3169563412666321
1737.3000000000002,0.31117668747901917
1737.5,0.31289100646972656
1737.5,0.3135775327682495
1737.6000000000001,0.30505871772766113
1737.7,0.3124021887779236
1737.8000000000002,0.3147106468677521
1737.9,0.31008052825927734
1738.0,0.3100194036960602
1738.1000000000001,0.30911606550216675
1738.2,0.3048984408378601
1738.3000000000002,0.307774156332016
1738.4,0.30789077281951904
1738.5,0.309305876493454
1738.6000000000001,0.30939677357673645
1738.7,0.309481680393219
1738.8000000000002,0.3127634525299072
1738.9,0.3072164058685303
1739.0,0.3090883195400238
1739.2,0.3130631446838379
1739.2,0.31910276412963867
1739.3000000000002,0.316844642162323
1739.4,0.31577780842781067
1739.6000000000001,0.31253737211227417
1739.6000000000001,0.29891523718833923
1739.7,0.3110930919647217
1739.8000000000002,0.30543988943099976
1739.9,0.3123281002044678
1740.0,0.3009519875049591
1740.1000000000001,0.3157862424850464
1740.2,0.31621208786964417
1740.3000000000002,0.3101556897163391
1740.5,0.3081466853618622
1740.5,0.3061974048614502
1740.6000000000001,0.31375643610954285
1740.7,0.3168562352657318
1740.8000000000002,0.31163081526756287
1741.0,0.3163509666919708
1741.1000000000001,0.3072766959667206
1741.2,0.30807942152023315
1741.3000000000002,0.3083798885345459
1741.3000000000002,0.3167075216770172
1741.4,0.29850655794143677
1741.5,0.30506432056427
1741.6000000000001,0.30736327171325684
1741.7,0.30927759408950806
1741.8000000000002,0.31210944056510925
1741.9,0.3097999095916748
1742.0,0.3159109055995941
1742.1000000000001,0.31719541549682617
1742.2,0.31668418645858765
1742.3000000000002,0.3065962493419647
1742.4,0.3083550035953522
1742.5,0.30617406964302063
1742.6000000000001,0.3094514012336731
1742.7,0.31425946950912476
1742.8000000000002,0.30853894352912903
1742.9,0.3101333677768707
1743.0,0.31478872895240784
1743.1000000000001,0.2966651916503906
1743.2,0.306004136800766
1743.3000000000002,0.30948907136917114
1743.4,0.3101010024547577
1743.6000000000001,0.3080851435661316
1743.7,0.3122103214263916
1743.7,0.30374813079833984
1743.8000000000002,0.3171069622039795
1743.9,0.31258097290992737
1744.0,0.30839601159095764
1744.1000000000001,0.3093160092830658
1744.2,0.31838762760162354
1744.3000000000002,0.3025372624397278
1744.4,0.3098134696483612
1744.5,0.3105676472187042
1744.6000000000001,0.31386515498161316
1744.8000000000002,0.31831595301628113
1744.8000000000002,0.30658555030822754
1744.9,0.3140294849872589
1745.0,0.30864495038986206
1745.1000000000001,0.31352975964546204
1745.2,0.3106476068496704
1745.3000000000002,0.30940788984298706
1745.4,0.3053435981273651
1745.5,0.3131967782974243
1745.6000000000001,0.2991865873336792
1745.7,0.31156954169273376
1745.8000000000002,0.30841320753097534
1745.9,0.3107195198535919
1746.0,0.3075719177722931
1746.1000000000001,0.314683198928833
1746.2,0.31537413597106934
1746.3000000000002,0.3149876296520233
1746.4,0.3031920790672302
1746.5,0.3139098882675171
1746.6000000000001,0.30633652210235596
1746.7,0.30915090441703796
1746.8000000000002,0.3069470226764679
1746.9,0.3050430715084076
1747.0,0.3155534565448761
1747.1000000000001,0.3012694716453552
1747.2,0.30816885828971863
1747.3000000000002,0.31204932928085327
1747.4,0.31620997190475464
1747.5,0.3177623748779297
1747.6000000000001,0.30337896943092346
1747.7,0.31459736824035645
1747.8000000000002,0.3179652988910675
1747.9,0.30565160512924194
1748.0,0.29969435930252075
1748.1000000000001,0.30598318576812744
1748.2,0.3030065894126892
1748.3000000000002,0.3122730553150177
1748.4,0.3065010607242584
1748.5,0.30508655309677124
1748.6000000000001,0.30392321944236755
1748.7,0.3053159713745117
1748.8000000000002,0.308300256729126
1748.9,0.3107881247997284
1749.0,0.31151795387268066
1749.1000000000001,0.3186148405075073
1749.2,0.3041253983974457
1749.3000000000002,0.31345880031585693
1749.4,0.3123835027217865
1749.5,0.31990182399749756
1749.6000000000001,0.31481367349624634
1749.7,0.3093090057373047
1749.9,0.3043518364429474
1750.0,0.307783305644989
1750.1000000000001,0.31104776263237
1750.2,0.3102845847606659
1750.2,0.3038969933986664
1750.3000000000002,0.31352582573890686
1750.4,0.31171709299087524
1750.5,0.3077176809310913
1750.6000000000001,0.3197312355041504
1750.7,0.30630484223365784
1750.8000000000002,0.3130717873573303
1750.9,0.30851122736930847
1751.0,0.3106738030910492
1751.1000000000001,0.30807411670684814
1751.2,0.31550225615501404
1751.4,0.29879626631736755
1751.4,0.31575024127960205
1751.5,0.29989099502563477
1751.6000000000001,0.3066003918647766
1751.7,0.3164032995700836
1751.8000000000002,0.3113318681716919
1751.9,0.31157734990119934
1752.0,0.3100617825984955
1752.1000000000001,0.3162287473678589
1752.2,0.31242185831069946
1752.3000000000002,0.3046056032180786
1752.4,0.3119669258594513
1752.5,0.30716124176979065
1752.6000000000001,0.30261462926864624
1752.7,0.3162870705127716
1752.8000000000002,0.3132127523422241
1752.9,0.31444835662841797
1753.0,0.31397178769111633
1753.1000000000001,0.3121575713157654
1753.2,0.3058474659919739
1753.3000000000002,0.3177436590194702
1753.4,0.3135247826576233
1753.5,0.3112785220146179
1753.6000000000001,0.3221127390861511
1753.7,0.31598585844039917
1753.8000000000002,0.3150181770324707
1753.9,0.3145635426044464
1754.0,0.3112625777721405
1754.1000000000001,0.3150830566883087
1754.2,0.30099916458129883
1754.3000000000002,0.31506669521331787
1754.4,0.31393274664878845
1754.5,0.3135031461715698
1754.6000000000001,0.31413570046424866
1754.7,0.3075578212738037
1754.8000000000002,0.30379435420036316
1755.0,0.3169894814491272
1755.0,0.30883342027664185
1755.1000000000001,0.3123624324798584
1755.2,0.29989176988601685
1755.3000000000002,0.3098747134208679
1755.4,0.3199291229248047
1755.6000000000001,0.31423941254615784
1755.7,0.30739548802375793
1755.8000000000002,0.30647140741348267
1755.9,0.28823548555374146
1755.9,0.308070570230484
1756.0,0.3085014522075653
1756.1000000000001,0.3179430365562439
1756.2,0.30620983242988586
1756.3000000000002,0.3086446225643158
1756.4,0.3076087534427643
1756.5,0.3177148103713989
1756.6000000000001,0.2943922281265259
1756.7,0.31631413102149963
1756.8000000000002,0.30612385272979736
1756.9,0.30025991797447205
1757.0,0.31952255964279175
1757.1000000000001,0.3071659207344055
1757.2,0.30800044536590576
1757.3000000000002,0.2975320518016815
1757.4,0.31292834877967834
1757.5,0.30285656452178955
1757.6000000000001,0.30333858728408813
1757.7,0.3079199492931366
1757.8000000000002,0.3124043047428131
1757.9,0.31417858600616455
1758.0,0.30705752968788147
1758.1000000000001,0.3077133893966675
1758.2,0.3100090026855469
1758.3000000000002,0.31082582473754883
1758.4,0.3109675347805023
1758.5,0.316032737493515
1758.6000000000001,0.31172996759414673
1758.7,0.3115842640399933
1758.8000000000002,0.317914217710495
1758.9,0.31680619716644287
1759.0,0.310273677110672
1759.1000000000001,0.3010333180427551
1759.2,0.3145918846130371
1759.3000000000002,0.30965548753738403
1759.4,0.3039519488811493
1759.5,0.30823180079460144
1759.6000000000001,0.3033390939235687
1759.7,0.3009369969367981
1759.8000000000002,0.31152957677841187
1759.9,0.30718374252319336
1760.0,0.31388023495674133
1760.1000000000001,0.3134048581123352
1760.2,0.312895268201828
1760.3000000000002,0.3150441646575928
1760.4,0.31031715869903564
1760.5,0.3095293939113617
1760.6000000000001,0.3077678084373474
1760.7,0.3135695159435272
1760.8000000000002,0.31107717752456665
1760.9,0.31436657905578613
1761.0,0.314643919467926
1761.1000000000001,0.3115946650505066
1761.2,0.3165224492549896
1761.3000000000002,0.3125509023666382
1761.4,0.3076174855232239
1761.5,0.3133455812931061
1761.6000000000001,0.3165680766105652
1761.7,0.3121851682662964
1761.8000000000002,0.3131650388240814
1761.9,0.3172720670700073
1762.0,0.31434857845306396
1762.1000000000001,0.31332021951675415
1762.2,0.3056357204914093
1762.3000000000002,0.312920480966568
1762.4,0.30967721343040466
1762.5,0.3064269423484802
1762.6000000000001,0.3125044107437134
1762.7,0.2972930073738098
1762.8000000000002,0.3091970384120941
1762.9,0.3133448660373688
1763.0,0.31398630142211914
1763.1000000000001,0.3160635530948639
1763.2,0.31710177659988403
1763.3000000000002,0.31361517310142517
1763.4,0.306521475315094
1763.6000000000001,0.3085898458957672
1763.6000000000001,0.3146097660064697
1763.7,0.31499820947647095
1763.8000000000002,0.30385953187942505
1763.9,0.3156536817550659
1764.0,0.3112955391407013
1764.1000000000001,0.31342124938964844
1764.2,0.3161454498767853
1764.3000000000002,0.30159035325050354
1764.4,0.3071766197681427
1764.5,0.30971699953079224
1764.6000000000001,0.30716755986213684
1764.7,0.3077903687953949
1764.8000000000002,0.31353774666786194
1764.9,0.3168223798274994
1765.0,0.304363489151001
1765.1000000000001,0.3138168454170227
1765.2,0.30825313925743103
1765.3000000000002,0.30966106057167053
1765.5,0.29445216059684753
1765.6000000000001,0.3025207817554474
1765.7,0.3155927062034607
1765.7,0.31162992119789124
1765.8000000000002,0.31405311822891235
1765.9,0.3060358166694641
1766.0,0.3003356158733368
1766.1000000000001,0.31004518270492554
1766.2,0.3068186342716217
1766.3000000000002,0.3095717132091522
1766.4,0.31512466073036194
1766.5,0.31388020515441895
1766.6000000000001,0.31186333298683167
1766.7,0.31949296593666077
1766.8000000000002,0.30851516127586365
1766.9,0.31097161769866943
1767.0,0.3061433434486389
1767.2,0.31165167689323425
1767.2,0.28981032967567444
1767.3000000000002,0.31530922651290894
1767.5,0.3126598596572876
1767.5,0.3155074715614319
1767.6000000000001,0.31661099195480347
1767.7,0.3082119822502136
1767.8000000000002,0.31046155095100403
1767.9,0.31920406222343445
1768.0,0.31547650694847107
1768.1000000000001,0.30993643403053284
1768.2,0.3135320842266083
1768.3000000000002,0.3077245056629181
1768.4,0.30565276741981506
1768.5,0.30807769298553467
1768.6000000000001,0.3149788975715637
1768.7,0.32027825713157654
1768.8000000000002,0.28985539078712463
1768.9,0.3140602707862854
1769.0,0.3077487349510193
1769.1000000000001,0.3049483895301819
1769.2,0.3015305995941162
1769.3000000000002,0.30509719252586365
1769.5,0.3091903328895569
1769.5,0.3100917637348175
1769.6000000000001,0.3127683699131012
1769.7,0.2909299433231354
1769.8000000000002,0.3119019865989685
1769.9,0.3102234899997711
1770.0,0.31075605750083923
1770.1000000000001,0.31112539768218994
1770.2,0.3185347020626068
1770.3000000000002,0.3137279152870178
1770.4,0.3127731382846832
1770.5,0.3120827376842499
1770.6000000000001,0.3144572377204895
1770.7,0.31090831756591797
1770.8000000000002,0.30054062604904175
1770.9,0.30753764510154724
1771.0,0.3043888509273529
1771.1000000000001,0.31002968549728394
1771.2,0.307916522026062
1771.3000000000002,0.315287709236145
1771.4,0.31169867515563965
1771.5,0.3100389242172241
1771.6000000000001,0.30386170744895935
1771.7,0.3130839467048645
1771.8000000000002,0.3115982413291931
1771.9,0.30849215388298035
1772.0,0.3058830499649048
1772.1000000000001,0.3099472224712372
1772.2,0.31303951144218445
1772.3000000000002,0.30730730295181274
1772.4,0.31388750672340393
1772.5,0.3064051866531372
1772.6000000000001,0.31560078263282776
1772.7,0.31304389238357544
1772.8000000000002,0.30254364013671875
1772.9,0.313696026802063
1773.0,0.3053894639015198
1773.1000000000001,0.301727831363678
1773.2,0.3124087154865265
1773.3000000000002,0.30998921394348145
1773.5,0.30409184098243713
1773.5,0.30175191164016724
1773.6000000000001,0.30917057394981384
1773.7,0.31501778960227966
1773.8000000000002,0.3187800347805023
1773.9,0.3131299316883087
1774.0,0.30604609847068787
1774.1000000000001,0.31351515650749207
1774.2,0.30458980798721313
1774.4,0.3064483404159546
1774.4,0.3071858286857605
1774.6000000000001,0.30831214785575867
1774.6000000000001,0.3099215626716614
1774.8000000000002,0.29422885179519653
1774.8000000000002,0.3168201744556427
1774.9,0.3168320059776306
1775.0,0.30854886770248413
1775.1000000000001,0.3088493347167969
1775.2,0.31017976999282837
1775.3000000000002,0.3129112720489502
1775.4,0.30452051758766174
1775.5,0.3131411373615265
1775.6000000000001,0.3013368248939514
1775.7,0.30826181173324585
1775.8000000000002,0.3166351616382599
1775.9,0.3110894560813904
1776.0,0.30932894349098206
1776.1000000000001,0.3111909329891205
1776.2,0.3122943043708801
1776.3000000000002,0.31036385893821716
1776.4,0.30136117339134216
1776.5,0.30732113122940063
1776.6000000000001,0.3078358471393585
1776.7,0.3089688718318939
1776.8000000000002,0.3117578625679016
1776.9,0.3045649230480194
1777.0,0.3146335184574127
1777.1000000000001,0.30916494131088257
1777.2,0.3139305114746094
1777.3000000000002,0.3057488799095154
1777.4,0.30735594034194946
1777.5,0.3053601384162903
1777.6000000000001,0.3139892816543579
1777.7,0.3093075752258301
1777.8000000000002,0.31034916639328003
1777.9,0.3118276000022888
1778.0,0.30869561433792114
1778.1000000000001,0.3119858205318451
1778.2,0.31424659490585327
1778.3000000000002,0.3078455328941345
1778.4,0.3122551739215851
1778.5,0.31374338269233704
1778.6000000000001,0.3165084719657898
1778.7,0.3165627121925354
1778.8000000000002,0.315260112285614
1778.9,0.31453198194503784
1779.0,0.31082940101623535
1779.2,0.31867125630378723
1779.3000000000002,0.307402640581131
1779.3000000000002,0.3139883875846863
1779.5,0.31107276678085327
1779.5,0.3138717710971832
1779.6000000000001,0.30664345622062683
1779.7,0.31838276982307434
1779.8000000000002,0.31055164337158203
1779.9,0.31305602192878723
1780.0,0.29287609457969666
1780.1000000000001,0.3095771372318268
1780.2,0.31429609656333923
1780.3000000000002,0.2973589599132538
1780.4,0.3111373782157898
1780.5,0.3116609752178192
1780.6000000000001,0.30797120928764343
1780.7,0.30950847268104553
1780.8000000000002,0.31591400504112244
1780.9,0.3152911961078644
1781.0,0.31250670552253723
1781.1000000000001,0.3163508474826813
1781.2,0.31570836901664734
1781.3000000000002,0.3121008574962616
1781.4,0.3107614815235138
1781.5,0.31133851408958435
1781.6000000000001,0.311313658952713
1781.7,0.31106868386268616
1781.8000000000002,0.3126930892467499
1781.9,0.30751174688339233
1782.0,0.31809762120246887
1782.1000000000001,0.30972820520401
1782.2,0.3095252215862274
1782.3000000000002,0.3107805848121643
1782.4,0.31174618005752563
1782.5,0.317837655544281
1782.6000000000001,0.3125264644622803
1782.7,0.30752041935920715
1782.8000000000002,0.31232357025146484
1782.9,0.3096611201763153
1783.0,0.315593957901001
1783.1000000000001,0.31393930315971375
1783.3000000000002,0.31089359521865845
1783.3000000000002,0.3153453469276428
1783.4,0.305832177400589
1783.5,0.308118611574173
1783.6000000000001,0.30932167172431946
1783.7,0.3165304958820343
1783.8000000000002,0.31056466698646545
1783.9,0.30873042345046997
1784.0,0.308842271566391
1784.1000000000001,0.3086627423763275
1784.2,0.3142290711402893
1784.3000000000002,0.3102109134197235
1784.4,0.31304651498794556
1784.5,0.3100605607032776
1784.6000000000001,0.3183956444263458
1784.7,0.3118046224117279
1784.8000000000002,0.3140537440776825
1784.9,0.31710588932037354
1785.0,0.3134934604167938
1785.1000000000001,0.3112563192844391
1785.2,0.2980501651763916
1785.3000000000002,0.30958205461502075
1785.4,0.3126857280731201
1785.5,0.3101613521575928
1785.6000000000001,0.3174838721752167
1785.7,0.3117677569389343
1785.8000000000002,0.30426353216171265
1785.9,0.31331101059913635
1786.0,0.3097337484359741
1786.2,0.30726030468940735
1786.2,0.30269259214401245
1786.3000000000002,0.30917948484420776
1786.4,0.3033641278743744
1786.5,0.31790047883987427
1786.6000000000001,0.3104633092880249
1786.7,0.30694761872291565
1786.8000000000002,0.31304728984832764
1786.9,0.31140750646591187
1787.0,0.307283878326416
1787.1000000000001,0.3022451102733612
1787.2,0.31618255376815796
1787.3000000000002,0.3051969110965729
1787.4,0.31022900342941284
1787.6000000000001,0.3140161633491516
1787.6000000000001,0.3143284022808075
1787.8000000000002,0.300592303276062
1787.8000000000002,0.3115869164466858
1787.9,0.3160509169101715
1788.0,0.30500638484954834
1788.1000000000001,0.3175240457057953
1788.2,0.30707862973213196
1788.3000000000002,0.31296804547309875
1788.4,0.319684237241745
1788.5,0.31018489599227905
1788.6000000000001,0.3119218349456787
1788.7,0.30998754501342773
1788.8000000000002,0.31643250584602356
1788.9,0.3102835714817047
1789.0,0.31267106533050537
1789.1000000000001,0.31318092346191406
1789.2,0.3054670989513397
1789.3000000000002,0.3039032518863678
1789.4,0.3085930645465851
1789.5,0.3082638680934906
1789.6000000000001,0.3115891218185425
1789.7,0.31021833419799805
1789.8000000000002,0.3133753836154938
1789.9,0.3150312900543213
1790.0,0.3115694224834442
1790.1000000000001,0.2955491244792938
1790.2,0.3171243965625763
1790.3000000000002,0.31612053513526917
1790.4,0.31137019395828247
1790.5,0.312933087348938
1790.6000000000001,0.3026758134365082
1790.7,0.3110964000225067
1790.8000000000002,0.30684414505958557
1790.9,0.31212133169174194
1791.0,0.3040580749511719
1791.1000000000001,0.31026792526245117
1791.2,0.2900873124599457
1791.3000000000002,0.3124951422214508
1791.4,0.303118497133255
1791.5,0.3000667989253998
1791.6000000000001,0.29726022481918335
1791.7,0.3192732036113739
1791.8000000000002,0.30650803446769714
1791.9,0.30591297149658203
1792.0,0.3032550513744354
1792.2,0.3078305125236511
1792.2,0.30257532000541687
1792.3000000000002,0.30919381976127625
1792.4,0.30739203095436096
1792.5,0.30946388840675354
1792.6000000000001,0.31551456451416016
1792.7,0.30781325697898865
1792.9,0.31068798899650574
1792.9,0.3096662759780884
1793.0,0.30829498171806335
1793.2,0.30524083971977234
1793.2,0.31629228591918945
1793.4,0.3092358708381653
1793.5,0.30995044112205505
1793.6000000000001,0.3130665719509125
1793.6000000000001,0.3140314519405365
1793.7,0.3181111514568329
1793.8000000000002,0.30926012992858887
1793.9,0.3121165931224823
1794.0,0.31003502011299133
1794.1000000000001,0.3140934407711029
1794.2,0.29849958419799805
1794.3000000000002,0.3052607476711273
1794.4,0.3098377287387848
1794.5,0.29903796315193176
1794.6000000000001,0.31154102087020874
1794.7,0.30825451016426086
1794.8000000000002,0.31512314081192017
1794.9,0.3068011999130249
1795.0,0.3126671016216278
1795.1000000000001,0.3077486753463745
1795.2,0.3122497797012329
1795.3000000000002,0.3136431872844696
1795.4,0.31016865372657776
1795.5,0.3113034963607788
1795.6000000000001,0.3104344606399536
1795.7,0.3063581883907318
1795.8000000000002,0.31217652559280396
1795.9,0.30776458978652954
1796.0,0.31540122628211975
1796.1000000000001,0.31466144323349
1796.2,0.31540122628211975
1796.3000000000002,0.30118852853775024
1796.4,0.3168429136276245
1796.5,0.3106742799282074
1796.6000000000001,0.30460843443870544
1796.7,0.3031107485294342
1796.8000000000002,0.316961407661438
1796.9,0.30751878023147583
1797.0,0.3089248239994049
1797.1000000000001,0.31426334381103516
1797.2,0.31095099449157715
1797.3000000000002,0.31581440567970276
1797.4,0.3088873028755188
1797.5,0.3136627972126007
1797.6000000000001,0.31239160895347595
1797.7,0.31098729372024536
1797.8000000000002,0.3075416088104248
1797.9,0.30180874466896057
1798.0,0.3107646107673645
1798.1000000000001,0.3139938712120056
1798.2,0.3125620484352112
1798.3000000000002,0.31370770931243896
1798.4,0.3085155189037323
1798.5,0.31444916129112244
1798.6000000000001,0.3169412910938263
1798.7,0.3076154589653015
1798.8000000000002,0.3074490427970886
1798.9,0.31472960114479065
1799.0,0.3041102886199951
1799.1000000000001,0.3169442415237427
1799.2,0.31054621934890747
1799.3000000000002,0.3081323802471161
1799.4,0.31338298320770264
1799.5,0.3125256896018982
1799.6000000000001,0.3184065520763397
1799.7,0.3164500892162323
1799.8000000000002,0.3045597970485687
1799.9,0.3124683201313019
1800.0,0.3055971562862396
1800.1000000000001,0.29531723260879517
1800.2,0.30956941843032837
1800.3000000000002,0.31101930141448975
1800.4,0.3185999095439911
1800.5,0.31160858273506165
1800.6000000000001,0.31224891543388367
1800.7,0.30280330777168274
1800.9,0.3083372116088867
1800.9,0.3118862807750702
1801.0,0.31143447756767273
1801.1000000000001,0.30889347195625305
1801.2,0.3082241117954254
1801.3000000000002,0.31450748443603516
1801.4,0.308504194021225
1801.5,0.2964560389518738
1801.6000000000001,0.31381410360336304
1801.7,0.3147447407245636
1801.8000000000002,0.3110271990299225
1801.9,0.3099745213985443
1802.0,0.3062320947647095
1802.1000000000001,0.31164562702178955
1802.2,0.3114878237247467
1802.3000000000002,0.3125608563423157
1802.4,0.30803853273391724
1802.5,0.3089916408061981
1802.6000000000001,0.3095729947090149
1802.7,0.3129151463508606
1802.8000000000002,0.3191128373146057
1802.9,0.30817121267318726
1803.0,0.3031786382198334
1803.1000000000001,0.3070349395275116
1803.2,0.30859431624412537
1803.4,0.30846768617630005
1803.5,0.3079744875431061
1803.5,0.31328287720680237
1803.6000000000001,0.3135227859020233
1803.7,0.3129352927207947
1803.8000000000002,0.31448692083358765
1803.9,0.30614882707595825
1804.1000000000001,0.3141671121120453
1804.1000000000001,0.3085528314113617
1804.2,0.30601805448532104
1804.3000000000002,0.31155091524124146
1804.4,0.30589187145233154
1804.6000000000001,0.30217665433883667
1804.7,0.31108543276786804
1804.7,0.3138408958911896
1804.8000000000002,0.3074404299259186
1804.9,0.30853408575057983
1805.0,0.3168988525867462
1805.1000000000001,0.3148139715194702
1805.2,0.30461961030960083
1805.3000000000002,0.3143981993198395
1805.4,0.3053129017353058
1805.5,0.3016932010650635
1805.6000000000001,0.3120332360267639
1805.7,0.30715757608413696
1805.8000000000002,0.3110869228839874
1805.9,0.3058770000934601
1806.0,0.31297868490219116
1806.1000000000001,0.30130240321159363
1806.2,0.31579628586769104
1806.3000000000002,0.31712576746940613
1806.4,0.31676894426345825
1806.5,0.31210073828697205
1806.6000000000001,0.3161889314651489
1806.7,0.3136916160583496
1806.8000000000002,0.3133988678455353
1806.9,0.31257984042167664
1807.0,0.30650365352630615
1807.1000000000001,0.31404420733451843
1807.2,0.31054016947746277
1807.3000000000002,0.3119862973690033
1807.4,0.3080613911151886
1807.5,0.3129003942012787
1807.6000000000001,0.3105199337005615
1807.7,0.30964282155036926
1807.8000000000002,0.3096429109573364
1807.9,0.30590882897377014
1808.0,0.30617859959602356
1808.1000000000001,0.305427610874176
1808.2,0.3121689260005951
1808.3000000000002,0.3017149269580841
1808.4,0.3120851516723633
1808.5,0.3152061998844147
1808.6000000000001,0.3003184497356415
1808.7,0.31516456604003906
1808.8000000000002,0.31435829401016235
1808.9,0.31191959977149963
1809.0,0.310992032289505
1809.1000000000001,0.312194287776947
1809.2,0.30531999468803406
1809.3000000000002,0.31252458691596985
1809.4,0.30673012137413025
1809.5,0.30496713519096375
1809.7,0.3141200542449951
1809.7,0.31518781185150146
1809.9,0.3132151961326599
1809.9,0.30129700899124146
1810.0,0.3147713541984558
1810.1000000000001,0.29893144965171814
1810.2,0.3107556700706482
1810.3000000000002,0.31206879019737244
1810.4,0.3086583912372589
1810.5,0.3154910206794739
1810.6000000000001,0.3123598098754883
1810.7,0.3142114579677582
1810.8000000000002,0.3222443759441376
1810.9,0.3142336905002594
1811.1000000000001,0.31135523319244385
1811.2,0.3156491219997406
1811.2,0.30895236134529114
1811.3000000000002,0.31338176131248474
1811.5,0.31374460458755493
1811.5,0.31220945715904236
1811.6000000000001,0.29886654019355774
1811.7,0.3114078938961029
1811.8000000000002,0.3113253712654114
1811.9,0.3134571611881256
1812.0,0.31752073764801025
1812.1000000000001,0.3138832747936249
1812.2,0.31248924136161804
1812.3000000000002,0.3036452531814575
1812.4,0.30536922812461853
1812.5,0.31157851219177246
1812.6000000000001,0.31406959891319275
1812.7,0.31488677859306335
1812.8000000000002,0.31275588274002075
1812.9,0.3041374385356903
1813.0,0.3106060326099396
1813.1000000000001,0.3089173138141632
1813.2,0.3095748722553253
1813.3000000000002,0.3021247386932373
1813.4,0.3163710832595825
1813.5,0.3083310127258301
1813.6000000000001,0.2996530830860138
1813.7,0.3074844777584076
1813.8000000000002,0.3114176392555237
1813.9,0.3115867078304291
1814.0,0.31044307351112366
1814.1000000000001,0.30979499220848083
1814.2,0.310939222574234
1814.3000000000002,0.31115493178367615
1814.4,0.3187022805213928
1814.5,0.315889447927475
1814.6000000000001,0.3113689422607422
1814.8000000000002,0.30651146173477173
1814.8000000000002,0.31536737084388733
1814.9,0.30887293815612793
1815.0,0.31408029794692993
1815.1000000000001,0.31918391585350037
1815.2,0.3168547749519348
1815.3000000000002,0.311239629983902
1815.4,0.31542593240737915
1815.5,0.3053918778896332
1815.6000000000001,0.30984732508659363
1815.7,0.313622385263443
1815.8000000000002,0.3158314824104309
1815.9,0.3056298494338989
1816.0,0.2987373471260071
1816.1000000000001,0.31427112221717834
1816.2,0.29798048734664917
1816.3000000000002,0.31744346022605896
1816.4,0.3138156831264496
1816.5,0.3106374144554138
1816.6000000000001,0.313088983297348
1816.7,0.30911344289779663
1816.9,0.315165251493454
1816.9,0.3107307255268097
1817.0,0.30750200152397156
1817.1000000000001,0.3153044581413269
1817.2,0.3126310110092163
1817.3000000000002,0.31146806478500366
1817.4,0.31194379925727844
1817.5,0.3012396991252899
1817.6000000000001,0.3118932843208313
1817.7,0.3138759136199951
1817.9,0.30265548825263977
1817.9,0.3108830749988556
1818.0,0.3066783547401428
1818.1000000000001,0.3133161962032318
1818.2,0.3057759702205658
1818.3000000000002,0.30876249074935913
1818.4,0.2981589138507843
1818.5,0.3134007155895233
1818.6000000000001,0.310566246509552
1818.7,0.31317707896232605
1818.8000000000002,0.31518203020095825
1818.9,0.3200022578239441
1819.0,0.30526047945022583
1819.1000000000001,0.3083045184612274
1819.2,0.3076404333114624
1819.3000000000002,0.3096875846385956
1819.5,0.3024435043334961
1819.5,0.3088712990283966
1819.6000000000001,0.3175475001335144
1819.7,0.31429821252822876
1819.9,0.3105598986148834
1819.9,0.3103155493736267
1820.1000000000001,0.31315407156944275
1820.1000000000001,0.29978519678115845
1820.2,0.31547924876213074
1820.3000000000002,0.30375584959983826
1820.4,0.3094107210636139
1820.5,0.2995547354221344
1820.6000000000001,0.3055422604084015
1820.7,0.3110335171222687
1820.8000000000002,0.306551992893219
1820.9,0.3100002110004425
1821.0,0.3109336197376251
1821.1000000000001,0.3065764307975769
1821.2,0.3179307281970978
1821.3000000000002,0.3115634024143219
1821.4,0.31611889600753784
1821.5,0.30557331442832947
1821.7,0.31503379344940186
1821.7,0.3170481026172638
1821.9,0.31341829895973206
1822.0,0.30555927753448486
1822.0,0.31226152181625366
1822.1000000000001,0.31325653195381165
1822.2,0.3126363754272461
1822.4,0.31215760111808777
1822.4,0.31562697887420654
1822.5,0.30454012751579285
1822.6000000000001,0.3099133372306824
1822.7,0.3033464252948761
1822.8000000000002,0.3049793541431427
1822.9,0.3116067945957184
1823.0,0.3136603832244873
1823.1000000000001,0.300300270318985
1823.2,0.31433916091918945
1823.4,0.31328845024108887
1823.4,0.30624884366989136
1823.5,0.3107033371925354
1823.6000000000001,0.3078809976577759
1823.7,0.30648860335350037
1823.8000000000002,0.3110009729862213
1823.9,0.316163033246994
1824.1000000000001,0.3173501193523407
1824.1000000000001,0.304024875164032
1824.2,0.3137698173522949
1824.3000000000002,0.31314951181411743
1824.4,0.31607937812805176
1824.5,0.31093698740005493
1824.6000000000001,0.32056882977485657
1824.7,0.30998939275741577
1824.8000000000002,0.3111850917339325
1824.9,0.30945199728012085
1825.0,0.3019266724586487
1825.1000000000001,0.3085465431213379
1825.2,0.305007666349411
1825.3000000000002,0.30887967348098755
1825.4,0.3052598834037781
1825.5000000000002,0.31514790654182434
1825.6000000000001,0.3097606301307678
1825.8000000000002,0.301252156496048
1825.8000000000002,0.31656989455223083
1825.9,0.3169110119342804
1826.0000000000002,0.32152795791625977
1826.1000000000001,0.31503015756607056
1826.2,0.3068341612815857
1826.3000000000002,0.294600248336792
1826.4,0.3136700391769409
1826.5000000000002,0.30784863233566284
1826.6000000000001,0.31888270378112793
1826.7,0.31814849376678467
1826.8000000000002,0.30822429060935974
1826.9,0.31639593839645386
1827.0000000000002,0.3051650822162628
1827.1000000000001,0.3103257715702057
1827.2,0.31469783186912537
1827.3000000000002,0.3030318021774292
1827.4,0.30891871452331543
1827.5000000000002,0.31441494822502136
1827.6000000000001,0.3073570430278778
1827.7,0.31176891922950745
1827.8000000000002,0.30891722440719604
1827.9,0.31031477451324463
1828.0000000000002,0.3102242052555084
1828.1000000000001,0.31771090626716614
1828.2,0.2919548749923706
1828.3000000000002,0.31551656126976013
1828.4,0.31159868836402893
1828.5000000000002,0.31077298521995544
1828.6000000000001,0.3174884617328644
1828.7,0.31168949604034424
1828.8000000000002,0.3055228888988495
1828.9,0.31367766857147217
1829.1000000000001,0.3129485845565796
1829.1000000000001,0.30305156111717224
1829.2,0.3130589723587036
1829.3000000000002,0.31323742866516113
1829.4,0.310367226600647
1829.5000000000002,0.31588491797447205
1829.6000000000001,0.31071582436561584
1829.7,0.3100705146789551
1829.8000000000002,0.29828283190727234
1829.9,0.31152480840682983
1830.0000000000002,0.3123577833175659
1830.1000000000001,0.30881449580192566
1830.2,0.31132256984710693
1830.3000000000002,0.3153451979160309
1830.4,0.31252923607826233
1830.5000000000002,0.306574285030365
1830.6000000000001,0.3113471567630768
1830.7,0.30722716450691223
1830.8000000000002,0.3167828619480133
1830.9,0.30358970165252686
1831.0000000000002,0.31096330285072327
1831.1000000000001,0.3104611039161682
1831.2,0.2974279820919037
1831.3000000000002,0.31194937229156494
1831.4,0.3125879466533661
1831.5000000000002,0.31010282039642334
1831.6000000000001,0.3049205541610718
1831.7,0.30455002188682556
1831.8000000000002,0.30796918272972107
1831.9,0.3142796456813812
1832.0000000000002,0.3043074905872345
1832.1000000000001,0.3125740587711334
1832.2,0.303673654794693
1832.3000000000002,0.30256855487823486
1832.5000000000002,0.3118424713611603
1832.6000000000001,0.3214833438396454
1832.7,0.3066271245479584
1832.8000000000002,0.31551316380500793
1832.9,0.31116482615470886
1833.0000000000002,0.31046974658966064
1833.1000000000001,0.3078054189682007
1833.2,0.3027142584323883
1833.3000000000002,0.31531280279159546
1833.4,0.3049772381782532
1833.5000000000002,0.3149753510951996
1833.6000000000001,0.3160722255706787
1833.7,0.30623486638069153
1833.8000000000002,0.3173351287841797
1833.9,0.31318825483322144
1834.0000000000002,0.31034767627716064
1834.1000000000001,0.3160719573497772
1834.2,0.30593666434288025
1834.3000000000002,0.31252479553222656
1834.4,0.30788567662239075
1834.5000000000002,0.3122314512729645
1834.6000000000001,0.30526667833328247
1834.7,0.29744789004325867
1834.8000000000002,0.3090885579586029
1834.9,0.3183214068412781
1835.0000000000002,0.3180868923664093
1835.1000000000001,0.30506858229637146
1835.2,0.31649601459503174
1835.3000000000002,0.30852511525154114
1835.4,0.3119843006134033
1835.5000000000002,0.3083956241607666
1835.6000000000001,0.3073185980319977
1835.7,0.3149329721927643
1835.8000000000002,0.3064965009689331
1835.9,0.3052312135696411
1836.0000000000002,0.3123745024204254
1836.1000000000001,0.30113768577575684
1836.2,0.3145182728767395
1836.3000000000002,0.31550416350364685
1836.4,0.3064340353012085
1836.5000000000002,0.3122442364692688
1836.6000000000001,0.31408700346946716
1836.7,0.3116846978664398
1836.8000000000002,0.3115440011024475
1836.9,0.3146960437297821
1837.0000000000002,0.3100208044052124
1837.1000000000001,0.31713980436325073
1837.2,0.3129607141017914
1837.3000000000002,0.31551215052604675
1837.4,0.31422486901283264
1837.5000000000002,0.30515795946121216
1837.6000000000001,0.31702643632888794
1837.7,0.3090885579586029
1837.8000000000002,0.308170884847641
1837.9,0.31282302737236023
1838.0000000000002,0.3160766661167145
1838.1000000000001,0.31539997458457947
1838.2,0.3056248128414154
1838.3000000000002,0.30978500843048096
1838.4,0.31151604652404785
1838.5000000000002,0.3108338415622711
1838.6000000000001,0.3055625855922699
1838.7,0.3186191916465759
1838.8000000000002,0.31738027930259705
1838.9,0.3154575228691101
1839.0000000000002,0.31367820501327515
1839.1000000000001,0.3114795684814453
1839.2,0.31759196519851685
1839.3000000000002,0.30969101190567017
1839.4,0.3084564507007599
1839.5000000000002,0.3076840043067932
1839.6000000000001,0.30421310663223267
1839.7,0.30936843156814575
1839.8000000000002,0.305019348859787
1839.9,0.31417185068130493
1840.0000000000002,0.3116944432258606
1840.1000000000001,0.31147563457489014
1840.2,0.3119107782840729
1840.3000000000002,0.3124410808086395
1840.4,0.3086381256580353
1840.5000000000002,0.31637194752693176
1840.6000000000001,0.31336504220962524
1840.7,0.31744223833084106
1840.8000000000002,0.31408756971359253
1840.9,0.31214451789855957
1841.0000000000002,0.31757912039756775
1841.1000000000001,0.31156405806541443
1841.2,0.3085258901119232
1841.3000000000002,0.31373733282089233
1841.4,0.3129194676876068
1841.5000000000002,0.31684109568595886
1841.6000000000001,0.31509846448898315
1841.7,0.3148498833179474
1841.8000000000002,0.3104804456233978
1841.9,0.30991366505622864
1842.0000000000002,0.30731821060180664
1842.1000000000001,0.3106309175491333
1842.2,0.31609809398651123
1842.3000000000002,0.30402326583862305
1842.4,0.3085666298866272
1842.5000000000002,0.31047797203063965
1842.6000000000001,0.3089948892593384
1842.7,0.3103359043598175
1842.8000000000002,0.3164639472961426
1842.9,0.30237066745758057
1843.0000000000002,0.30526861548423767
1843.1000000000001,0.31309249997138977
1843.2,0.30621546506881714
1843.3000000000002,0.3177022635936737
1843.4,0.30967938899993896
1843.5000000000002,0.3085728585720062
1843.6000000000001,0.31103721261024475
1843.7,0.31055349111557007
1843.8000000000002,0.3103657364845276
1843.9,0.3022744059562683
1844.0000000000002,0.3021698296070099
1844.1000000000001,0.31016138195991516
1844.2,0.3080316483974457
1844.3000000000002,0.31224891543388367
1844.4,0.31291210651397705
1844.5000000000002,0.3109827935695648
1844.6000000000001,0.2995433509349823
1844.7,0.31411468982696533
1844.8000000000002,0.31815066933631897
1844.9,0.3066716194152832
1845.0000000000002,0.31884443759918213
1845.1000000000001,0.29659461975097656
1845.2,0.315254271030426
1845.3000000000002,0.31653571128845215
1845.4,0.3139418661594391
1845.5000000000002,0.3171813488006592
1845.6000000000001,0.30487188696861267
1845.7,0.3110182285308838
1845.8000000000002,0.3059670925140381
1845.9,0.3091004490852356
1846.0000000000002,0.3122982680797577
1846.1000000000001,0.3184020519256592
1846.2,0.3101394474506378
1846.3000000000002,0.30923956632614136
1846.4,0.31038203835487366
1846.5000000000002,0.3013949394226074
1846.6000000000001,0.3066641092300415
1846.7,0.30906054377555847
1846.8000000000002,0.31417468190193176
1846.9,0.31266459822654724
1847.0000000000002,0.3139062523841858
1847.1000000000001,0.31158146262168884
1847.2,0.3146653175354004
1847.3000000000002,0.3016396164894104
1847.4,0.3036463260650635
1847.5000000000002,0.31011587381362915
1847.6000000000001,0.30475103855133057
1847.7,0.3102380037307739
1847.8000000000002,0.31291714310646057
1847.9,0.311602383852005
1848.0000000000002,0.30781689286231995
1848.1000000000001,0.31677141785621643
1848.2,0.3016090989112854
1848.3000000000002,0.3144407570362091
1848.4,0.3114098012447357
1848.5000000000002,0.2940148711204529
1848.6000000000001,0.3139142692089081
1848.7,0.30953630805015564
1848.8000000000002,0.3133401870727539
1848.9,0.30618008971214294
1849.0000000000002,0.31182730197906494
1849.1000000000001,0.3180595338344574
1849.2,0.31321439146995544
1849.3000000000002,0.30761048197746277
1849.4,0.3111165165901184
1849.5000000000002,0.31403523683547974
1849.6000000000001,0.30568087100982666
1849.7,0.3061932623386383
1849.8000000000002,0.3017726540565491
1849.9,0.311502605676651
1850.0000000000002,0.3059466481208801
1850.1000000000001,0.3106923997402191
1850.2,0.30280110239982605
1850.3000000000002,0.3097149729728699
1850.4,0.30940666794776917
1850.5000000000002,0.3177646994590759
1850.6000000000001,0.310477614402771
1850.7,0.31329381465911865
1850.8000000000002,0.31052446365356445
1850.9,0.32011935114860535
1851.0000000000002,0.30103421211242676
1851.1000000000001,0.3134787678718567
1851.2,0.3130040764808655
1851.3000000000002,0.31156599521636963
1851.4,0.31550535559654236
1851.5000000000002,0.30334243178367615
1851.6000000000001,0.31093090772628784
1851.7,0.3097177743911743
1851.8000000000002,0.3052035868167877
1851.9,0.3149799108505249
1852.0000000000002,0.3134531080722809
1852.1000000000001,0.31067630648612976
1852.2,0.30921927094459534
1852.3000000000002,0.31172484159469604
1852.4,0.3185102045536041
