t,min_range
26.1,2.3715240955352783
26.200000000000003,2.382683753967285
26.3,2.3685600757598877
26.5,2.363354444503784
26.5,2.35624361038208
26.6,2.3402249813079834
26.700000000000003,2.324652671813965
26.900000000000002,2.330836057662964
26.900000000000002,2.2951412200927734
27.0,2.293595790863037
27.1,2.2979202270507812
27.200000000000003,2.297797918319702
27.3,2.278989553451538
27.400000000000002,2.257864236831665
27.5,2.2547740936279297
27.6,2.2530832290649414
27.700000000000003,2.2366881370544434
27.8,2.2259931564331055
27.900000000000002,2.207043409347534
28.0,2.1877458095550537
28.1,2.18047833442688
28.200000000000003,2.167417049407959
28.3,2.158618211746216
28.400000000000002,2.145658493041992
28.5,2.1408190727233887
28.6,2.1410868167877197
28.8,2.148517608642578
28.8,2.1545374393463135
28.900000000000002,2.132427215576172
29.000000000000004,2.1606571674346924
29.1,2.144923448562622
29.200000000000003,2.1420483589172363
29.3,2.1625120639801025
29.400000000000002,2.164961338043213
29.500000000000004,2.156860828399658
29.6,2.158190965652466
29.8,2.156303644180298
29.8,2.1434943675994873
29.900000000000002,2.149496555328369
30.000000000000004,2.152052879333496
30.1,2.154010057449341
30.200000000000003,2.152897834777832
30.3,2.148435115814209
30.400000000000002,2.139648914337158
30.500000000000004,2.1177890300750732
30.6,2.0701992511749268
30.700000000000003,2.027427911758423
30.900000000000002,1.9730370044708252
30.900000000000002,1.9258061647415161
31.000000000000004,1.8695919513702393
31.1,1.8266162872314453
31.200000000000003,1.7740572690963745
31.3,1.7224574089050293
31.400000000000002,1.6779221296310425
31.500000000000004,1.6352500915527344
31.6,1.5713404417037964
31.700000000000003,1.525245189666748
31.8,1.4679862260818481
31.900000000000002,1.4382908344268799
32.0,1.3769125938415527
32.1,1.3357698917388916
32.2,1.2885669469833374
32.4,1.227094054222107
32.5,1.1902538537979126
32.5,1.1396384239196777
32.6,1.0971038341522217
32.7,1.0582642555236816
32.800000000000004,1.0303058624267578
32.9,1.0015250444412231
33.0,0.9782466888427734
33.1,0.9459292888641357
33.300000000000004,0.9226557016372681
33.300000000000004,0.8947935700416565
33.4,0.8820622563362122
33.5,0.8630257844924927
33.6,0.853830099105835
33.7,0.826676607131958
33.800000000000004,0.8303766250610352
33.9,0.8089573383331299
34.0,0.7928733825683594
34.1,0.7949199080467224
34.2,0.7825090289115906
34.300000000000004,0.7620084285736084
34.400000000000006,0.7734643816947937
34.5,0.750602662563324
34.6,0.7387592792510986
34.800000000000004,0.7319126725196838
34.900000000000006,0.7523871660232544
34.900000000000006,0.7479908466339111
35.0,0.7428483366966248
35.1,0.7425768375396729
35.2,0.7330985069274902
35.300000000000004,0.741431474685669
35.400000000000006,0.7348305583000183
35.5,0.7262188196182251
35.6,0.7438788414001465
35.7,0.7350158095359802
35.800000000000004,0.7303066253662109
35.900000000000006,0.7241164445877075
36.1,0.7262433767318726
36.1,0.7257134318351746
36.2,0.7075046896934509
36.300000000000004,0.7014932036399841
36.400000000000006,0.6837764978408813
36.5,0.6742976903915405
36.6,0.6627889275550842
36.7,0.6702601909637451
36.900000000000006,0.6491814851760864
36.900000000000006,0.6570964455604553
37.0,0.6260383725166321
37.2,0.6340993642807007
37.300000000000004,0.6346874237060547
37.400000000000006,0.6367637515068054
37.400000000000006,0.623117208480835
37.5,0.620796263217926
37.6,0.6104097366333008
37.7,0.5973122715950012
37.800000000000004,0.5928772687911987
37.900000000000006,0.588657796382904
38.0,0.5827521085739136
38.2,0.5850487947463989
38.2,0.5749977231025696
38.300000000000004,0.5636281967163086
38.400000000000006,0.5724079608917236
38.5,0.570375382900238
38.6,0.5715540051460266
38.7,0.5696896314620972
38.900000000000006,0.5507548451423645
38.900000000000006,0.5572116374969482
39.0,0.5509705543518066
39.1,0.5335447192192078
39.2,0.5305671095848083
39.300000000000004,0.5297444462776184
39.400000000000006,0.5214916467666626
39.5,0.5157123804092407
39.6,0.4985295534133911
39.7,0.5149421691894531
39.800000000000004,0.49949517846107483
39.900000000000006,0.495402067899704
40.0,0.4985688626766205
40.1,0.4929903447628021
40.2,0.4904019832611084
40.300000000000004,0.4630015194416046
40.400000000000006,0.4705604016780853
40.5,0.4601480960845947
40.6,0.45483148097991943
40.7,0.4515990614891052
40.800000000000004,0.44111910462379456
40.900000000000006,0.42684969305992126
41.0,0.428157240152359
41.1,0.421400249004364
41.2,0.42514768242836
41.300000000000004,0.4090634882450104
41.400000000000006,0.41656258702278137
41.5,0.41311103105545044
41.6,0.40644246339797974
41.7,0.3957870900630951
41.800000000000004,0.3789600133895874
41.900000000000006,0.36902815103530884
42.0,0.37392574548721313
42.1,0.35559597611427307
42.2,0.3502030074596405
42.300000000000004,0.3544279634952545
42.5,0.3649819493293762
42.5,0.3611391484737396
42.6,0.3635334074497223
42.7,0.357088178396225
42.800000000000004,0.3692871630191803
42.900000000000006,0.3645484149456024
43.0,0.3630603849887848
43.2,0.36009836196899414
43.2,0.3612798750400543
43.300000000000004,0.3634317219257355
43.400000000000006,0.3610154688358307
43.5,0.36069256067276
43.6,0.36020004749298096
43.7,0.33726418018341064
43.800000000000004,0.3511214852333069
43.900000000000006,0.3566499948501587
44.0,0.36456453800201416
44.1,0.36866316199302673
44.2,0.3541516065597534
44.300000000000004,0.36156392097473145
44.400000000000006,0.34195804595947266
44.5,0.36639708280563354
44.6,0.3593677878379822
44.7,0.3589516878128052
44.800000000000004,0.3611074686050415
44.900000000000006,0.35163614153862
45.0,0.35354024171829224
45.2,0.3541056215763092
45.2,0.35153958201408386
45.300000000000004,0.35515880584716797
45.400000000000006,0.35888218879699707
45.5,0.36274638772010803
45.7,0.360121488571167
45.7,0.3622426390647888
45.800000000000004,0.36401814222335815
45.900000000000006,0.36530840396881104
46.0,0.3654676377773285
46.1,0.36322101950645447
46.2,0.3544788062572479
46.300000000000004,0.35960718989372253
46.5,0.35459843277931213
46.5,0.35792285203933716
46.6,0.3510543704032898
46.7,0.35911446809768677
46.800000000000004,0.35814157128334045
46.900000000000006,0.35763776302337646
47.0,0.3666602671146393
47.2,0.3492526412010193
47.2,0.3497875928878784
47.300000000000004,0.3518042266368866
47.400000000000006,0.35235580801963806
47.5,0.3467824161052704
47.7,0.3603518605232239
47.7,0.36172157526016235
47.800000000000004,0.35959720611572266
47.900000000000006,0.348772794008255
48.0,0.36074748635292053
48.1,0.3507924973964691
48.300000000000004,0.34920206665992737
48.300000000000004,0.3523871898651123
48.5,0.35786116123199463
48.5,0.3649243116378784
48.7,0.36299073696136475
48.800000000000004,0.35701224207878113
48.800000000000004,0.361123651266098
48.900000000000006,0.36093243956565857
49.0,0.35829856991767883
49.1,0.35935884714126587
49.2,0.3594721555709839
49.300000000000004,0.35736510157585144
49.400000000000006,0.35649633407592773
49.5,0.3533802032470703
49.7,0.3563820421695709
49.800000000000004,0.35790908336639404
49.900000000000006,0.35707932710647583
50.0,0.3588311970233917
50.1,0.35003507137298584
50.2,0.3532249629497528
50.300000000000004,0.36363381147384644
50.400000000000006,0.36046773195266724
50.5,0.35669830441474915
50.6,0.35747426748275757
50.7,0.3510245680809021
50.800000000000004,0.3515688180923462
50.900000000000006,0.3520023822784424
51.0,0.35928186774253845
51.1,0.3515625298023224
51.2,0.3568488359451294
51.300000000000004,0.3568512201309204
51.400000000000006,0.35541290044784546
51.5,0.35223835706710815
51.6,0.3555939197540283
51.7,0.35545992851257324
51.800000000000004,0.35867881774902344
51.900000000000006,0.3577817678451538
52.0,0.3568437397480011
52.1,0.3575969338417053
52.2,0.3449093699455261
52.300000000000004,0.3512761890888214
52.400000000000006,0.35077282786369324
52.5,0.3525267243385315
52.6,0.3555636405944824
52.7,0.35481855273246765
52.800000000000004,0.3599211871623993
52.900000000000006,0.3531300127506256
53.0,0.3490556478500366
53.1,0.3503649830818176
53.2,0.3518224060535431
53.300000000000004,0.361097127199173
53.400000000000006,0.3531467914581299
53.5,0.35602861642837524
53.6,0.35281655192375183
53.7,0.3588986396789551
53.800000000000004,0.3570418953895569
53.900000000000006,0.3551521301269531
54.0,0.36038345098495483
54.1,0.3352334201335907
54.2,0.35417163372039795
54.300000000000004,0.34660571813583374
54.400000000000006,0.3621208369731903
54.5,0.36373692750930786
54.6,0.3585480749607086
54.7,0.3481309711933136
54.800000000000004,0.3493103086948395
54.900000000000006,0.3542836904525757
55.0,0.3514770269393921
55.1,0.35269230604171753
55.2,0.34737277030944824
55.300000000000004,0.34784722328186035
55.400000000000006,0.35817885398864746
55.5,0.3554036617279053
55.6,0.362824022769928
55.7,0.3544963002204895
55.800000000000004,0.3518749475479126
55.900000000000006,0.3525298833847046
56.0,0.3433210849761963
56.1,0.3500170409679413
56.2,0.359375923871994
56.300000000000004,0.3514927625656128
56.400000000000006,0.35980966687202454
56.5,0.35956358909606934
56.6,0.356866717338562
56.7,0.35438600182533264
56.800000000000004,0.35717305541038513
56.900000000000006,0.34968188405036926
57.0,0.3471062481403351
57.1,0.3492735028266907
57.2,0.3566958010196686
57.300000000000004,0.3544338345527649
57.400000000000006,0.35879576206207275
57.50000000000001,0.3514913320541382
57.6,0.3574433922767639
57.7,0.33657050132751465
57.800000000000004,0.3580561578273773
57.900000000000006,0.3595423400402069
58.00000000000001,0.35268253087997437
58.1,0.356405645608902
58.2,0.35365793108940125
58.300000000000004,0.35845425724983215
58.400000000000006,0.3476470112800598
58.50000000000001,0.35698267817497253
58.6,0.3610421419143677
58.7,0.35879406332969666
58.800000000000004,0.35222479701042175
58.900000000000006,0.3504815399646759
59.00000000000001,0.3544695973396301
59.1,0.3565291464328766
59.2,0.35502710938453674
59.300000000000004,0.35483524203300476
59.400000000000006,0.3533860146999359
59.50000000000001,0.3497459292411804
59.6,0.3330133557319641
59.7,0.3510793447494507
59.800000000000004,0.35578063130378723
59.900000000000006,0.3419662415981293
60.00000000000001,0.35458865761756897
60.1,0.3558785319328308
60.2,0.3543641269207001
60.300000000000004,0.34864944219589233
60.400000000000006,0.3526524603366852
60.50000000000001,0.3544706404209137
60.6,0.35673296451568604
60.7,0.35908645391464233
60.800000000000004,0.3542424738407135
60.900000000000006,0.34274914860725403
61.00000000000001,0.35775259137153625
61.1,0.35205984115600586
61.2,0.3609320819377899
61.300000000000004,0.36321359872817993
61.400000000000006,0.36050283908843994
61.50000000000001,0.3509722054004669
61.6,0.36011040210723877
61.7,0.34927356243133545
61.800000000000004,0.3488996922969818
61.900000000000006,0.3520152270793915
62.00000000000001,0.36248451471328735
62.1,0.35008886456489563
62.2,0.34533172845840454
62.300000000000004,0.35770735144615173
62.400000000000006,0.3561142683029175
62.50000000000001,0.3463878035545349
62.6,0.35443729162216187
62.7,0.3600257635116577
62.800000000000004,0.35737815499305725
62.900000000000006,0.35383856296539307
63.00000000000001,0.3481661081314087
63.1,0.35795915126800537
63.2,0.3555039167404175
63.300000000000004,0.3425399959087372
63.400000000000006,0.35361480712890625
63.50000000000001,0.3575668931007385
63.6,0.3568858504295349
63.7,0.3439429700374603
63.800000000000004,0.3483286201953888
63.900000000000006,0.36476588249206543
64.0,0.3525840640068054
64.10000000000001,0.34900572896003723
64.2,0.35577449202537537
64.3,0.3496840000152588
64.4,0.35450032353401184
64.5,0.34987035393714905
64.60000000000001,0.3631526827812195
64.7,0.349048376083374
64.8,0.34625357389450073
64.9,0.33734792470932007
65.0,0.3595513701438904
65.10000000000001,0.36277472972869873
65.2,0.3611285090446472
65.3,0.3547123372554779
65.4,0.3532830774784088
65.5,0.3482777774333954
65.60000000000001,0.36068031191825867
65.7,0.35959145426750183
65.8,0.34201425313949585
65.9,0.3519841134548187
66.0,0.344135046005249
66.10000000000001,0.3421802520751953
66.2,0.35388293862342834
66.3,0.3515077233314514
66.4,0.3489335775375366
66.5,0.345264196395874
66.60000000000001,0.35294872522354126
66.7,0.35573139786720276
66.8,0.348516047000885
66.9,0.3520764708518982
67.0,0.3590177893638611
67.10000000000001,0.3489886224269867
67.2,0.3533255457878113
67.3,0.35124048590660095
67.4,0.36084017157554626
67.5,0.3549131751060486
67.60000000000001,0.36223626136779785
67.7,0.35496145486831665
67.8,0.35541611909866333
67.9,0.35119977593421936
68.0,0.34959933161735535
68.10000000000001,0.3580096960067749
68.2,0.34546127915382385
68.3,0.35363200306892395
68.4,0.360675573348999
68.5,0.357225626707077
68.60000000000001,0.35424134135246277
68.7,0.34773313999176025
68.80000000000001,0.3530022203922272
68.9,0.3584238290786743
69.0,0.3430332839488983
69.10000000000001,0.3572949171066284
69.2,0.35076847672462463
69.30000000000001,0.35900163650512695
69.4,0.3478314280509949
69.5,0.34740081429481506
69.60000000000001,0.3522619903087616
69.7,0.3540763556957245
69.80000000000001,0.3502480983734131
69.9,0.33971208333969116
70.0,0.34858059883117676
70.10000000000001,0.33917132019996643
70.2,0.34454357624053955
70.30000000000001,0.35031858086586
70.4,0.3516032099723816
70.5,0.353147029876709
70.60000000000001,0.35039421916007996
70.7,0.3505975306034088
70.80000000000001,0.3425503969192505
70.9,0.3468998074531555
71.0,0.34283503890037537
71.10000000000001,0.34622785449028015
71.2,0.32699981331825256
71.30000000000001,0.3403922915458679
71.4,0.3502357006072998
71.5,0.3491862714290619
71.60000000000001,0.34160399436950684
71.7,0.33874741196632385
71.80000000000001,0.34221190214157104
71.9,0.3411238491535187
72.0,0.3399331867694855
72.10000000000001,0.34516316652297974
72.2,0.34841009974479675
72.30000000000001,0.32779648900032043
72.4,0.34591442346572876
72.5,0.3467661142349243
72.60000000000001,0.33226826786994934
72.7,0.33888494968414307
72.80000000000001,0.3416644334793091
72.9,0.3336561620235443
73.0,0.33444130420684814
73.10000000000001,0.3442622423171997
73.2,0.3358258306980133
73.30000000000001,0.3343242108821869
73.4,0.33994200825691223
73.5,0.3321468234062195
73.60000000000001,0.3293788731098175
73.7,0.34272462129592896
73.80000000000001,0.3351489305496216
73.9,0.33992573618888855
74.0,0.33022624254226685
74.10000000000001,0.33619004487991333
74.2,0.3334085941314697
74.30000000000001,0.3339928686618805
74.4,0.33390262722969055
74.5,0.3317612409591675
74.60000000000001,0.3189457356929779
74.7,0.3317973017692566
74.80000000000001,0.3332037031650543
74.9,0.3295435607433319
75.0,0.3336125910282135
75.10000000000001,0.3302977383136749
75.2,0.3177938163280487
75.30000000000001,0.3209972381591797
75.4,0.32630518078804016
75.5,0.33106040954589844
75.60000000000001,0.3288779854774475
75.7,0.326200932264328
75.80000000000001,0.326243132352829
75.9,0.3185495436191559
76.0,0.3273160755634308
76.10000000000001,0.33355462551116943
76.2,0.33455657958984375
76.30000000000001,0.3321593403816223
76.4,0.32758641242980957
76.5,0.3245868384838104
76.60000000000001,0.3269619047641754
76.7,0.328518271446228
76.80000000000001,0.33574947714805603
76.9,0.3247612714767456
77.0,0.32789376378059387
77.10000000000001,0.32961905002593994
77.2,0.32649409770965576
77.30000000000001,0.3211800158023834
77.4,0.330291748046875
77.5,0.32208743691444397
77.60000000000001,0.3392861485481262
77.7,0.3307451605796814
77.80000000000001,0.3231073021888733
77.9,0.3215966522693634
78.0,0.33214983344078064
78.10000000000001,0.31551456451416016
78.2,0.3289841413497925
78.30000000000001,0.3329336941242218
78.4,0.3208424150943756
78.5,0.3339150547981262
78.60000000000001,0.32312077283859253
78.7,0.3299751877784729
78.80000000000001,0.32398852705955505
78.9,0.32475200295448303
79.0,0.32546287775039673
79.10000000000001,0.32528096437454224
79.2,0.32937726378440857
79.30000000000001,0.31502702832221985
79.4,0.3240513801574707
79.5,0.3242107033729553
79.60000000000001,0.32529714703559875
79.7,0.33445504307746887
79.80000000000001,0.32768186926841736
79.9,0.3314809799194336
80.0,0.3295244574546814
80.10000000000001,0.31923988461494446
80.2,0.3273811936378479
80.30000000000001,0.32463958859443665
80.4,0.3335205018520355
80.5,0.32971280813217163
80.60000000000001,0.329260915517807
80.7,0.32393261790275574
80.80000000000001,0.3347243070602417
80.9,0.3216332197189331
81.0,0.3229978680610657
81.10000000000001,0.3308256268501282
81.2,0.33139681816101074
81.30000000000001,0.3216609060764313
81.4,0.32775676250457764
81.5,0.3261864483356476
81.60000000000001,0.3349410593509674
81.7,0.3319486677646637
81.80000000000001,0.3245740830898285
81.9,0.33001014590263367
82.0,0.3209027051925659
82.10000000000001,0.31976252794265747
82.2,0.3243672847747803
82.30000000000001,0.3295667767524719
82.4,0.3334203362464905
82.5,0.33336788415908813
82.60000000000001,0.3304734230041504
82.7,0.32873499393463135
82.80000000000001,0.3244754672050476
82.9,0.32673147320747375
83.0,0.3291206955909729
83.10000000000001,0.32924506068229675
83.2,0.3264746367931366
83.30000000000001,0.31948474049568176
83.4,0.3243432939052582
83.5,0.32148614525794983
83.60000000000001,0.3334333598613739
83.7,0.3211289942264557
83.80000000000001,0.32968083024024963
83.9,0.3298724591732025
84.0,0.3221975862979889
84.10000000000001,0.33072200417518616
84.2,0.31596657633781433
84.30000000000001,0.3218382000923157
84.4,0.31803202629089355
84.5,0.33327430486679077
84.60000000000001,0.3258918225765228
84.7,0.33314427733421326
84.80000000000001,0.31789711117744446
84.9,0.31817546486854553
85.0,0.3273576498031616
85.10000000000001,0.33061373233795166
85.2,0.329702228307724
85.30000000000001,0.32364243268966675
85.4,0.3268255293369293
85.5,0.32394999265670776
85.60000000000001,0.3281981647014618
85.7,0.31672003865242004
85.80000000000001,0.32295897603034973
85.9,0.32777518033981323
86.0,0.33231428265571594
86.10000000000001,0.3223475217819214
86.2,0.31827595829963684
86.30000000000001,0.3254973888397217
86.4,0.32577434182167053
86.5,0.3243892788887024
86.60000000000001,0.32969722151756287
86.7,0.3250134289264679
86.80000000000001,0.33152100443840027
86.9,0.3245292007923126
87.0,0.3335426151752472
87.10000000000001,0.31714001297950745
87.2,0.3254740834236145
87.30000000000001,0.31794318556785583
87.4,0.3266898989677429
87.5,0.32513606548309326
87.60000000000001,0.3214344084262848
87.7,0.32672375440597534
87.80000000000001,0.31760120391845703
87.9,0.3228949308395386
88.0,0.3206844925880432
88.10000000000001,0.3219687044620514
88.2,0.31891438364982605
88.30000000000001,0.32691633701324463
88.4,0.3283543586730957
88.5,0.31638771295547485
88.60000000000001,0.31577175855636597
88.7,0.32190781831741333
88.80000000000001,0.3274615705013275
88.9,0.3269275426864624
89.0,0.31440916657447815
89.10000000000001,0.32171860337257385
89.2,0.31275296211242676
89.30000000000001,0.32176780700683594
89.4,0.32695910334587097
89.5,0.3236209452152252
89.60000000000001,0.32150641083717346
89.7,0.32524117827415466
89.80000000000001,0.3210594356060028
89.9,0.324333518743515
90.0,0.32820242643356323
90.10000000000001,0.318118155002594
90.2,0.3145911693572998
90.30000000000001,0.3128478527069092
90.4,0.31596440076828003
90.5,0.31919148564338684
90.60000000000001,0.31869110465049744
90.7,0.31919237971305847
90.80000000000001,0.3192876875400543
90.9,0.31961140036582947
91.0,0.3241506516933441
91.10000000000001,0.31597256660461426
91.2,0.3255731463432312
91.30000000000001,0.3135920464992523
91.4,0.32042574882507324
91.5,0.3211989104747772
91.60000000000001,0.32146650552749634
91.7,0.3188234865665436
91.80000000000001,0.31378763914108276
91.9,0.3253135085105896
92.0,0.3174355924129486
92.10000000000001,0.3167673349380493
92.2,0.32643285393714905
92.30000000000001,0.31467533111572266
92.4,0.3248564600944519
92.5,0.31884440779685974
92.60000000000001,0.31768935918807983
92.7,0.31107622385025024
92.80000000000001,0.3237476348876953
92.9,0.3120068907737732
93.0,0.314991295337677
93.10000000000001,0.31530582904815674
93.2,0.31774938106536865
93.30000000000001,0.31128042936325073
93.4,0.3209172785282135
93.5,0.32115891575813293
93.60000000000001,0.31763756275177
93.7,0.31839707493782043
93.80000000000001,0.31737425923347473
93.9,0.31644558906555176
94.0,0.3129318058490753
94.10000000000001,0.3183250427246094
94.2,0.30923107266426086
94.30000000000001,0.31243354082107544
94.4,0.3157517611980438
94.5,0.3169999420642853
94.60000000000001,0.3191528916358948
94.7,0.3115534484386444
94.80000000000001,0.3217179775238037
94.9,0.3168151378631592
95.0,0.3130156099796295
95.10000000000001,0.3128293752670288
95.2,0.31532880663871765
95.30000000000001,0.30392763018608093
95.4,0.3132992684841156
95.5,0.30885955691337585
95.60000000000001,0.31537768244743347
95.7,0.3173867464065552
95.80000000000001,0.32169288396835327
95.9,0.31841015815734863
96.0,0.32071051001548767
96.10000000000001,0.3158039152622223
96.2,0.31150195002555847
96.30000000000001,0.31301653385162354
96.4,0.29876279830932617
96.5,0.3082844018936157
96.60000000000001,0.31076791882514954
96.7,0.3117859363555908
96.80000000000001,0.32361099123954773
96.9,0.3220847249031067
97.0,0.3367805778980255
97.10000000000001,0.3531264662742615
97.2,0.37065550684928894
97.30000000000001,0.3799448013305664
97.4,0.3884669244289398
97.5,0.39767467975616455
97.60000000000001,0.3963257968425751
97.7,0.3905833959579468
97.80000000000001,0.38075801730155945
97.9,0.3904920816421509
98.0,0.3773614764213562
98.10000000000001,0.3599492013454437
98.2,0.3735002875328064
98.30000000000001,0.3541768789291382
98.4,0.34470704197883606
98.5,0.3459581136703491
98.60000000000001,0.3284047842025757
98.7,0.33965662121772766
98.80000000000001,0.332578182220459
98.9,0.33373042941093445
99.0,0.334852397441864
99.10000000000001,0.3285559117794037
99.2,0.32425081729888916
99.30000000000001,0.324914813041687
99.4,0.32672592997550964
99.5,0.32336539030075073
99.60000000000001,0.319281667470932
99.7,0.32219868898391724
99.80000000000001,0.31488487124443054
99.9,0.3265409469604492
100.0,0.32065248489379883
100.10000000000001,0.32075515389442444
100.2,0.3270365297794342
100.30000000000001,0.3222324252128601
100.4,0.3141067624092102
100.5,0.3212883472442627
100.60000000000001,0.32880833745002747
100.7,0.3187010586261749
100.80000000000001,0.3148524761199951
100.9,0.3206961452960968
101.0,0.3275207281112671
101.10000000000001,0.3193257451057434
101.2,0.32892030477523804
101.30000000000001,0.3188016414642334
101.4,0.32379552721977234
101.5,0.31974542140960693
101.60000000000001,0.3223450779914856
101.7,0.31838101148605347
101.80000000000001,0.325223833322525
101.9,0.32380950450897217
102.0,0.32432278990745544
102.10000000000001,0.31556111574172974
102.2,0.3220217525959015
102.30000000000001,0.3143852949142456
102.4,0.3233502209186554
102.5,0.32958677411079407
102.60000000000001,0.32397475838661194
102.7,0.3105010688304901
102.80000000000001,0.3165586292743683
102.9,0.31310299038887024
103.0,0.32477957010269165
103.10000000000001,0.32289037108421326
103.2,0.3267643451690674
103.30000000000001,0.32244873046875
103.4,0.3234996795654297
103.5,0.3257893919944763
103.60000000000001,0.32571226358413696
103.7,0.3278410732746124
103.80000000000001,0.32217976450920105
103.9,0.329425573348999
104.0,0.3313473165035248
104.10000000000001,0.3167738616466522
104.2,0.3253746032714844
104.30000000000001,0.3165387213230133
104.4,0.328621506690979
104.5,0.32363367080688477
104.60000000000001,0.3259507715702057
104.7,0.3248470425605774
104.80000000000001,0.31940099596977234
104.9,0.3207409679889679
105.0,0.32679837942123413
105.10000000000001,0.32807984948158264
105.2,0.32236284017562866
105.30000000000001,0.32522284984588623
105.4,0.3181094825267792
105.5,0.3226083815097809
105.60000000000001,0.3173559010028839
105.7,0.32005423307418823
105.80000000000001,0.3160465657711029
105.9,0.3187161684036255
106.0,0.31811389327049255
106.10000000000001,0.31875866651535034
106.2,0.32202011346817017
106.30000000000001,0.3219701945781708
106.4,0.32481396198272705
106.5,0.3217070400714874
106.60000000000001,0.3186607360839844
106.7,0.3141903579235077
106.80000000000001,0.31933578848838806
106.9,0.326975017786026
107.0,0.32470592856407166
107.10000000000001,0.31865575909614563
107.2,0.32814937829971313
107.30000000000001,0.3204246461391449
107.4,0.32254165410995483
107.5,0.32619842886924744
107.60000000000001,0.31311288475990295
107.7,0.3186553120613098
107.80000000000001,0.31915003061294556
107.9,0.3300572633743286
108.0,0.3197588324546814
108.10000000000001,0.3186153769493103
108.2,0.3218083679676056
108.30000000000001,0.3236639201641083
108.4,0.3132905066013336
108.5,0.3090636432170868
108.60000000000001,0.31730762124061584
108.7,0.3203718066215515
108.80000000000001,0.31869933009147644
108.9,0.3263669013977051
109.0,0.31785136461257935
109.10000000000001,0.32252076268196106
109.2,0.31728842854499817
109.30000000000001,0.324787974357605
109.4,0.3212473392486572
109.5,0.320135235786438
109.60000000000001,0.3241938054561615
109.7,0.32210731506347656
109.80000000000001,0.3234744668006897
109.9,0.3223282992839813
110.0,0.316402792930603
110.10000000000001,0.313299298286438
110.2,0.32953929901123047
110.30000000000001,0.3097105920314789
110.4,0.315965473651886
110.5,0.32318127155303955
110.60000000000001,0.3176869750022888
110.7,0.3224849998950958
110.80000000000001,0.30826300382614136
110.9,0.32132741808891296
111.0,0.32156723737716675
111.10000000000001,0.31963974237442017
111.2,0.311656653881073
111.30000000000001,0.3092838227748871
111.4,0.31841936707496643
111.5,0.3147774040699005
111.60000000000001,0.3283158838748932
111.7,0.3237907290458679
111.80000000000001,0.3238961100578308
111.9,0.32473793625831604
112.0,0.3217199146747589
112.10000000000001,0.3165557384490967
112.2,0.3214205801486969
112.30000000000001,0.3189510107040405
112.4,0.31978273391723633
112.5,0.3155442178249359
112.60000000000001,0.3066871166229248
112.7,0.31701070070266724
112.80000000000001,0.3142271637916565
112.9,0.32151952385902405
113.0,0.32068029046058655
113.10000000000001,0.31523895263671875
113.2,0.31150326132774353
113.30000000000001,0.3167550563812256
113.4,0.32085251808166504
113.5,0.310373455286026
113.60000000000001,0.3067696690559387
113.7,0.31599003076553345
113.80000000000001,0.31566092371940613
113.9,0.3075101375579834
114.0,0.3164730370044708
114.10000000000001,0.32387712597846985
114.2,0.308931827545166
114.30000000000001,0.3126930892467499
114.4,0.31501781940460205
114.50000000000001,0.31352147459983826
114.60000000000001,0.31621819734573364
114.7,0.3115507662296295
114.80000000000001,0.3151015341281891
114.9,0.307552695274353
115.00000000000001,0.31164273619651794
115.10000000000001,0.3113299608230591
115.2,0.31302329897880554
115.30000000000001,0.3131779134273529
115.4,0.31974008679389954
115.50000000000001,0.31957533955574036
115.60000000000001,0.31025660037994385
115.7,0.31281620264053345
115.80000000000001,0.3145579993724823
115.9,0.31507232785224915
116.00000000000001,0.3174499571323395
116.10000000000001,0.30936700105667114
116.2,0.31508108973503113
116.30000000000001,0.312978059053421
116.4,0.3177994191646576
116.50000000000001,0.31418317556381226
116.60000000000001,0.313890665769577
116.7,0.3193398118019104
116.80000000000001,0.3125946819782257
116.9,0.3110133111476898
117.00000000000001,0.30821582674980164
117.10000000000001,0.3076697587966919
117.2,0.31412962079048157
117.30000000000001,0.3116757571697235
117.4,0.3035317063331604
117.50000000000001,0.30609941482543945
117.60000000000001,0.31466662883758545
117.7,0.3101077079772949
117.80000000000001,0.3125443458557129
117.9,0.30556678771972656
118.00000000000001,0.3034464716911316
118.10000000000001,0.3097177743911743
118.2,0.31336262822151184
118.30000000000001,0.2942904829978943
118.4,0.2956106662750244
118.50000000000001,0.30447515845298767
118.60000000000001,0.2948019206523895
118.7,0.31125447154045105
118.80000000000001,0.3273693323135376
118.9,0.3337242007255554
119.00000000000001,0.33999258279800415
119.10000000000001,0.3557690680027008
119.2,0.37247762084007263
119.30000000000001,0.37846288084983826
119.4,0.3957611322402954
119.50000000000001,0.391571581363678
119.60000000000001,0.39757218956947327
119.7,0.3980133533477783
119.80000000000001,0.38693907856941223
119.9,0.3894044756889343
120.00000000000001,0.3927852213382721
120.10000000000001,0.3806426227092743
120.2,0.37258994579315186
120.30000000000001,0.3551228642463684
120.4,0.3477489650249481
120.50000000000001,0.35357657074928284
120.60000000000001,0.3414243459701538
120.7,0.3335697650909424
120.80000000000001,0.3283866047859192
120.9,0.3246234953403473
121.00000000000001,0.3273775577545166
121.10000000000001,0.3259488344192505
121.2,0.3137888014316559
121.30000000000001,0.3187549412250519
121.4,0.3113718628883362
121.50000000000001,0.3125300407409668
121.60000000000001,0.31859517097473145
121.7,0.3267707824707031
121.80000000000001,0.32029879093170166
121.9,0.3152291178703308
122.00000000000001,0.2991628050804138
122.10000000000001,0.29613038897514343
122.2,0.2929798662662506
122.30000000000001,0.3025073707103729
122.4,0.3077523410320282
122.50000000000001,0.3137350082397461
122.60000000000001,0.3296991288661957
122.7,0.32255876064300537
122.80000000000001,0.3480548560619354
122.9,0.35495778918266296
123.00000000000001,0.3725855350494385
123.10000000000001,0.37969669699668884
123.2,0.40752530097961426
123.30000000000001,0.3902786076068878
123.4,0.39833319187164307
123.50000000000001,0.38632211089134216
123.60000000000001,0.37122565507888794
123.7,0.3590752184391022
123.80000000000001,0.346630334854126
123.9,0.34283649921417236
124.00000000000001,0.32584336400032043
124.10000000000001,0.326093852519989
124.2,0.31873422861099243
124.30000000000001,0.3178500533103943
124.4,0.30251097679138184
124.50000000000001,0.3030991852283478
124.60000000000001,0.30902835726737976
124.7,0.3012848496437073
124.80000000000001,0.30101653933525085
124.9,0.3095388412475586
125.00000000000001,0.30411288142204285
125.10000000000001,0.3019697964191437
125.2,0.2968572676181793
125.30000000000001,0.2984241247177124
125.4,0.297660768032074
125.50000000000001,0.30073806643486023
125.60000000000001,0.2857816219329834
125.7,0.29115888476371765
125.80000000000001,0.31521081924438477
125.9,0.3205232620239258
126.00000000000001,0.3265230059623718
126.10000000000001,0.34417060017585754
126.2,0.3648718297481537
126.30000000000001,0.37569692730903625
126.4,0.3857085406780243
126.50000000000001,0.39994797110557556
126.60000000000001,0.4042167067527771
126.7,0.40171822905540466
126.80000000000001,0.39485234022140503
126.9,0.38824138045310974
127.00000000000001,0.38896510004997253
127.10000000000001,0.38554319739341736
127.2,0.38021543622016907
127.30000000000001,0.3616116940975189
127.4,0.3645634949207306
127.50000000000001,0.3478596806526184
127.60000000000001,0.3464609980583191
127.7,0.34351158142089844
127.80000000000001,0.3323560059070587
127.9,0.3285846710205078
128.0,0.33302614092826843
128.1,0.3272608816623688
128.20000000000002,0.3287919759750366
128.3,0.31923770904541016
128.4,0.32391440868377686
128.5,0.3287358283996582
128.6,0.30890193581581116
128.70000000000002,0.3244188129901886
128.8,0.3200332522392273
128.9,0.3144887089729309
129.0,0.3103066384792328
129.1,0.30225425958633423
129.20000000000002,0.290891170501709
129.3,0.28469419479370117
129.4,0.28143006563186646
129.5,0.27434757351875305
129.6,0.2913271486759186
129.70000000000002,0.292802095413208
129.8,0.31476351618766785
129.9,0.31950128078460693
130.0,0.3409247100353241
130.1,0.3449179232120514
130.20000000000002,0.36323854327201843
130.3,0.36708664894104004
130.4,0.3730972111225128
130.5,0.37897005677223206
130.6,0.3833170533180237
130.70000000000002,0.39496302604675293
130.8,0.4005883038043976
130.9,0.3914366066455841
131.0,0.39559513330459595
131.1,0.39575499296188354
131.20000000000002,0.38409245014190674
131.3,0.37090444564819336
131.4,0.36597374081611633
131.5,0.36377692222595215
131.6,0.3522433638572693
131.70000000000002,0.3522196114063263
131.8,0.3640083968639374
131.9,0.3655860126018524
132.0,0.36621183156967163
132.1,0.362821102142334
132.20000000000002,0.3623654246330261
132.3,0.3695376217365265
132.4,0.36358949542045593
132.5,0.3719022870063782
132.6,0.3583669066429138
132.70000000000002,0.37353581190109253
132.8,0.372857004404068
132.9,0.38250961899757385
133.0,0.37671542167663574
133.1,0.3624753952026367
133.20000000000002,0.37166014313697815
133.3,0.3635050058364868
133.4,0.37931814789772034
133.5,0.3846395015716553
133.6,0.4026044011116028
133.70000000000002,0.4297310709953308
133.8,0.4567563831806183
133.9,0.4783049523830414
134.0,0.5200951099395752
134.1,0.5447081923484802
134.20000000000002,0.5708193778991699
134.3,0.5764381289482117
134.4,0.6122233867645264
134.5,0.6166221499443054
134.6,0.6296824216842651
134.70000000000002,0.6495379209518433
134.8,0.6494542360305786
134.9,0.6623678207397461
135.0,0.6509580016136169
135.1,0.6591416001319885
135.20000000000002,0.6494118571281433
135.3,0.6559810042381287
135.4,0.6503658890724182
135.5,0.6480117440223694
135.6,0.6498355269432068
135.70000000000002,0.6452481746673584
135.8,0.6485087871551514
135.9,0.6559561491012573
136.0,0.6435070633888245
136.1,0.6383229494094849
136.20000000000002,0.6391845345497131
136.3,0.6227937936782837
136.4,0.6265687346458435
136.5,0.6235935091972351
136.6,0.6174315214157104
136.70000000000002,0.6200759410858154
136.8,0.6151111721992493
136.9,0.6046878695487976
137.0,0.6048108339309692
137.10000000000002,0.6068148612976074
137.20000000000002,0.5832369327545166
137.3,0.5798752307891846
137.4,0.5720995664596558
137.5,0.5548074245452881
137.60000000000002,0.5442531704902649
137.70000000000002,0.5455136895179749
137.8,0.5336171388626099
137.9,0.5377950668334961
138.0,0.5250367522239685
138.10000000000002,0.5317751169204712
138.20000000000002,0.529718816280365
138.3,0.5318273901939392
138.4,0.5185451507568359
138.5,0.529722273349762
138.60000000000002,0.5269502401351929
138.70000000000002,0.521565318107605
138.8,0.517857015132904
138.9,0.526035726070404
139.0,0.5194822549819946
139.10000000000002,0.49646133184432983
139.20000000000002,0.4462679624557495
139.3,0.4069124162197113
139.4,0.35565200448036194
139.5,0.2975776195526123
139.60000000000002,0.26959383487701416
139.70000000000002,0.2729484736919403
139.8,0.2580082416534424
139.9,0.258627325296402
140.0,0.2805277109146118
140.10000000000002,0.2949450612068176
140.20000000000002,0.30692797899246216
140.3,0.33781367540359497
140.4,0.3511454463005066
140.5,0.3662152886390686
140.60000000000002,0.3813680112361908
140.70000000000002,0.3897322118282318
140.8,0.40593546628952026
140.9,0.4071868062019348
141.0,0.40590745210647583
141.10000000000002,0.3999820947647095
141.20000000000002,0.39367052912712097
141.3,0.3735370635986328
141.4,0.37087684869766235
141.5,0.35508087277412415
141.60000000000002,0.37655603885650635
141.70000000000002,0.36007335782051086
141.8,0.3574317693710327
141.9,0.3662619888782501
142.0,0.36553677916526794
142.10000000000002,0.35763609409332275
142.20000000000002,0.3535754978656769
142.3,0.35974031686782837
142.4,0.3492390215396881
142.5,0.34050169587135315
142.60000000000002,0.3246442675590515
142.70000000000002,0.32982969284057617
142.8,0.32843396067619324
142.9,0.32541418075561523
143.0,0.3286849856376648
143.10000000000002,0.3128264248371124
143.20000000000002,0.3232076168060303
143.3,0.31392765045166016
143.4,0.3225458562374115
143.5,0.32197579741477966
143.60000000000002,0.32484543323516846
143.70000000000002,0.311350017786026
143.8,0.3261311650276184
143.9,0.3223961889743805
144.0,0.31834277510643005
144.10000000000002,0.31764039397239685
144.20000000000002,0.31672337651252747
144.3,0.3254407048225403
144.4,0.3132462799549103
144.5,0.31275030970573425
144.60000000000002,0.3223515748977661
144.70000000000002,0.3222794830799103
144.8,0.325449675321579
144.9,0.3242851793766022
145.0,0.3168873190879822
145.10000000000002,0.3206183910369873
145.20000000000002,0.3220820128917694
145.3,0.31601253151893616
145.4,0.32564523816108704
145.5,0.31636321544647217
145.60000000000002,0.32316115498542786
145.70000000000002,0.3183779716491699
145.8,0.31720343232154846
145.9,0.32360026240348816
146.0,0.32570868730545044
146.10000000000002,0.31387171149253845
146.20000000000002,0.32436153292655945
146.3,0.3118506968021393
146.4,0.2954513132572174
146.5,0.3301776349544525
146.60000000000002,0.3182070553302765
146.70000000000002,0.31659185886383057
146.8,0.32533809542655945
146.9,0.3323167562484741
147.0,0.34801074862480164
147.10000000000002,0.3618012070655823
147.20000000000002,0.36850714683532715
147.3,0.3832515776157379
147.4,0.3890224099159241
147.5,0.4031650722026825
147.60000000000002,0.4066604971885681
147.70000000000002,0.41011449694633484
147.8,0.4004317820072174
147.9,0.41071367263793945
148.0,0.401947557926178
148.10000000000002,0.38365983963012695
148.20000000000002,0.3763745129108429
148.3,0.3521789610385895
148.4,0.3587656021118164
148.5,0.360834538936615
148.60000000000002,0.34700655937194824
148.70000000000002,0.35790273547172546
148.8,0.34685054421424866
148.9,0.34614959359169006
149.0,0.33463987708091736
149.10000000000002,0.33230316638946533
149.20000000000002,0.33524614572525024
149.3,0.3423338532447815
149.4,0.33519068360328674
149.5,0.3076592683792114
149.60000000000002,0.3402242958545685
149.70000000000002,0.32824331521987915
149.8,0.3243196904659271
149.9,0.3208334147930145
150.0,0.3278805911540985
150.10000000000002,0.3203994333744049
150.20000000000002,0.32831642031669617
150.3,0.3148640990257263
150.4,0.3310436010360718
150.5,0.31777864694595337
150.60000000000002,0.32685166597366333
150.70000000000002,0.33295896649360657
150.8,0.3244696855545044
150.9,0.320963978767395
151.0,0.30773094296455383
151.10000000000002,0.32535016536712646
151.20000000000002,0.3073006868362427
151.3,0.3300836980342865
151.4,0.3266187906265259
151.5,0.3260553777217865
151.60000000000002,0.3311398923397064
151.70000000000002,0.3201736807823181
151.8,0.32716628909111023
151.9,0.31689634919166565
152.0,0.3281475901603699
152.10000000000002,0.3339570462703705
152.20000000000002,0.320975661277771
152.3,0.32570967078208923
152.4,0.3201168477535248
152.5,0.314126580953598
152.60000000000002,0.3300798535346985
152.70000000000002,0.32270750403404236
152.8,0.33061036467552185
152.9,0.32841747999191284
153.0,0.3199065327644348
153.10000000000002,0.32615217566490173
153.20000000000002,0.32797476649284363
153.3,0.3279382586479187
153.4,0.3331857919692993
153.5,0.3189466893672943
153.60000000000002,0.3368604779243469
153.70000000000002,0.3319723308086395
153.8,0.319385826587677
153.9,0.31906676292419434
154.0,0.3331891596317291
154.10000000000002,0.32041412591934204
154.20000000000002,0.32487621903419495
154.3,0.31257903575897217
154.4,0.3289354741573334
154.5,0.3230055272579193
154.60000000000002,0.3210371732711792
154.70000000000002,0.3177657723426819
154.8,0.32736700773239136
154.9,0.33415687084198
155.0,0.3238750696182251
155.10000000000002,0.3297130763530731
155.20000000000002,0.32478633522987366
155.3,0.33184731006622314
155.4,0.33419644832611084
155.5,0.31660452485084534
155.60000000000002,0.3155626058578491
155.70000000000002,0.32614296674728394
155.8,0.3221386671066284
155.9,0.32130321860313416
156.0,0.3280898630619049
156.10000000000002,0.31635385751724243
156.20000000000002,0.3199809789657593
156.3,0.3176945447921753
156.4,0.3277008831501007
156.5,0.320892333984375
156.60000000000002,0.3093109428882599
156.70000000000002,0.31473129987716675
156.8,0.3143673241138458
156.9,0.3309912085533142
157.0,0.3212313652038574
157.10000000000002,0.32961878180503845
157.20000000000002,0.33319950103759766
157.3,0.3218679130077362
157.4,0.3281062841415405
157.5,0.3185481131076813
157.60000000000002,0.32291868329048157
157.70000000000002,0.32804542779922485
157.8,0.3229832351207733
157.9,0.3187284469604492
158.0,0.32490476965904236
158.10000000000002,0.32297855615615845
158.20000000000002,0.31946372985839844
158.3,0.3365081548690796
158.4,0.3255505859851837
158.5,0.3270668089389801
158.60000000000002,0.3213910758495331
158.70000000000002,0.33258652687072754
158.8,0.3282402455806732
158.9,0.33144959807395935
159.0,0.323007732629776
159.10000000000002,0.3234488368034363
159.20000000000002,0.33149904012680054
159.3,0.332003116607666
159.4,0.324856162071228
159.5,0.31422752141952515
159.60000000000002,0.32671919465065
159.70000000000002,0.32700300216674805
159.8,0.31978222727775574
159.9,0.3232225775718689
160.0,0.3241802155971527
160.10000000000002,0.3185892701148987
160.20000000000002,0.3173932731151581
160.3,0.3233115077018738
160.4,0.32316577434539795
160.5,0.3196633756160736
160.60000000000002,0.3267737030982971
160.70000000000002,0.32528993487358093
160.8,0.3243403136730194
160.9,0.30801060795783997
161.0,0.3196021020412445
161.10000000000002,0.3180984854698181
161.20000000000002,0.3265417814254761
161.3,0.3272457420825958
161.4,0.31100425124168396
161.5,0.3203834593296051
161.60000000000002,0.3196682333946228
161.70000000000002,0.31814324855804443
161.8,0.32724830508232117
161.9,0.3247602880001068
162.0,0.3296022415161133
162.10000000000002,0.3165883719921112
162.20000000000002,0.31819212436676025
162.3,0.3278782069683075
162.4,0.3263958692550659
162.5,0.3193598985671997
162.60000000000002,0.3227320909500122
162.70000000000002,0.3051759600639343
162.8,0.3208315968513489
162.9,0.32247209548950195
163.0,0.30892419815063477
163.10000000000002,0.3073299825191498
163.20000000000002,0.3122493326663971
163.3,0.3140869140625
163.4,0.3175963759422302
163.5,0.31091707944869995
163.60000000000002,0.3212684690952301
163.70000000000002,0.3052506148815155
163.8,0.3174750804901123
163.9,0.31735146045684814
164.0,0.32706770300865173
164.10000000000002,0.32059043645858765
164.20000000000002,0.32425129413604736
164.3,0.3128810226917267
164.4,0.3093877136707306
164.5,0.30099740624427795
164.60000000000002,0.3160344362258911
164.70000000000002,0.3092380166053772
164.8,0.31074759364128113
164.9,0.30763912200927734
165.0,0.3174135386943817
165.10000000000002,0.3157363831996918
165.20000000000002,0.30774611234664917
165.3,0.3197392225265503
165.4,0.31393441557884216
165.5,0.3044701814651489
165.60000000000002,0.3058107793331146
165.70000000000002,0.3130892217159271
165.8,0.31320899724960327
165.9,0.31260910630226135
166.0,0.3169975280761719
166.10000000000002,0.31411275267601013
166.20000000000002,0.31358617544174194
166.3,0.3054565489292145
166.4,0.3073142468929291
166.5,0.31042906641960144
166.60000000000002,0.3091869652271271
166.70000000000002,0.30701038241386414
166.8,0.31521084904670715
166.9,0.3056490421295166
167.0,0.2947525978088379
167.10000000000002,0.2993834614753723
167.20000000000002,0.3043988347053528
167.3,0.3050350546836853
167.4,0.31002333760261536
167.5,0.3272351622581482
167.60000000000002,0.34236109256744385
167.70000000000002,0.3543264865875244
167.8,0.3534122407436371
167.9,0.3656487762928009
168.0,0.39384061098098755
168.10000000000002,0.3986375629901886
168.20000000000002,0.4020674228668213
168.3,0.39303916692733765
168.4,0.3769592344760895
168.5,0.3780475854873657
168.60000000000002,0.36723649501800537
168.70000000000002,0.36270958185195923
168.8,0.35028401017189026
168.9,0.3529033064842224
169.0,0.3528600037097931
169.10000000000002,0.3456370532512665
169.20000000000002,0.3520742952823639
169.3,0.34868109226226807
169.4,0.3421073257923126
169.5,0.3362092673778534
169.60000000000002,0.33692869544029236
169.70000000000002,0.3391205370426178
169.8,0.3385380208492279
169.9,0.33435556292533875
170.0,0.32642319798469543
170.10000000000002,0.3384021520614624
170.20000000000002,0.33322083950042725
170.3,0.33213064074516296
170.4,0.32592010498046875
170.5,0.31829777359962463
170.60000000000002,0.325396865606308
170.70000000000002,0.3189248740673065
170.8,0.3331439197063446
170.9,0.3258360028266907
171.0,0.3342534899711609
171.10000000000002,0.3309604227542877
171.20000000000002,0.32223087549209595
171.3,0.32694727182388306
171.4,0.3290901780128479
171.5,0.3246138095855713
171.60000000000002,0.32814931869506836
171.70000000000002,0.3272436857223511
171.8,0.3149281144142151
171.9,0.32627683877944946
172.0,0.321729451417923
172.10000000000002,0.33073872327804565
172.20000000000002,0.3270418345928192
172.3,0.3330356478691101
172.4,0.3158693313598633
172.5,0.3283253014087677
172.60000000000002,0.3269321322441101
172.70000000000002,0.31204932928085327
172.8,0.32381734251976013
172.9,0.3198520243167877
173.0,0.3260834217071533
173.10000000000002,0.32567858695983887
173.20000000000002,0.3300308883190155
173.3,0.32909733057022095
173.4,0.33035701513290405
173.5,0.32857728004455566
173.60000000000002,0.32414066791534424
173.70000000000002,0.32729771733283997
173.8,0.32436439394950867
173.9,0.32386156916618347
174.0,0.3317052125930786
174.10000000000002,0.31931987404823303
174.20000000000002,0.3297625482082367
174.3,0.3167206645011902
174.4,0.3235032856464386
174.5,0.32527634501457214
174.60000000000002,0.31616654992103577
174.70000000000002,0.3131243586540222
174.8,0.3184661865234375
174.9,0.3315996825695038
175.0,0.3219504952430725
175.10000000000002,0.31601378321647644
175.20000000000002,0.3215806484222412
175.3,0.3216902017593384
175.4,0.31915897130966187
175.5,0.31686246395111084
175.60000000000002,0.32477134466171265
175.70000000000002,0.31955209374427795
175.8,0.32263490557670593
175.9,0.3230471611022949
176.0,0.31891492009162903
176.10000000000002,0.3218061327934265
176.20000000000002,0.3203675150871277
176.3,0.3156033158302307
176.4,0.32172954082489014
176.5,0.3180660903453827
176.60000000000002,0.3213759660720825
176.70000000000002,0.321143239736557
176.8,0.31712645292282104
176.9,0.31998980045318604
177.0,0.3144151270389557
177.10000000000002,0.32130253314971924
177.20000000000002,0.3178231120109558
177.3,0.31542474031448364
177.4,0.30313360691070557
177.5,0.31256356835365295
177.60000000000002,0.3169752359390259
177.70000000000002,0.30987098813056946
177.8,0.3234730064868927
177.9,0.31619903445243835
178.0,0.31797128915786743
178.10000000000002,0.31502726674079895
178.20000000000002,0.3179713785648346
178.3,0.31559422612190247
178.4,0.30910468101501465
178.5,0.30837637186050415
178.60000000000002,0.30455178022384644
178.70000000000002,0.32106003165245056
178.8,0.31376224756240845
178.9,0.3122886121273041
179.0,0.31637924909591675
179.10000000000002,0.31858715415000916
179.20000000000002,0.31463927030563354
179.3,0.31312716007232666
179.4,0.3145463764667511
179.5,0.30292657017707825
179.60000000000002,0.3128472566604614
179.70000000000002,0.3111264407634735
179.8,0.3149781823158264
179.9,0.31195107102394104
180.0,0.3114919364452362
180.10000000000002,0.3047451972961426
180.20000000000002,0.3176431655883789
180.3,0.3117108941078186
180.4,0.3137267529964447
180.5,0.31499582529067993
180.60000000000002,0.30786818265914917
180.70000000000002,0.3116514980792999
180.8,0.3068971335887909
180.9,0.31248873472213745
181.0,0.30865880846977234
181.10000000000002,0.3133237063884735
181.20000000000002,0.31389176845550537
181.3,0.3116370439529419
181.4,0.29990896582603455
181.5,0.3155040144920349
181.60000000000002,0.30933070182800293
181.70000000000002,0.3040369153022766
181.8,0.3176306486129761
181.9,0.32440435886383057
182.0,0.3452267646789551
182.10000000000002,0.34869879484176636
182.20000000000002,0.34931397438049316
182.3,0.3831024765968323
182.4,0.384158730506897
182.5,0.40010055899620056
182.60000000000002,0.40165454149246216
182.70000000000002,0.39614957571029663
182.8,0.3836216926574707
182.9,0.38724610209465027
183.0,0.3790479004383087
183.10000000000002,0.36423951387405396
183.20000000000002,0.3456198275089264
183.3,0.34681516885757446
183.4,0.35449182987213135
183.5,0.3484051525592804
183.60000000000002,0.3477780520915985
183.70000000000002,0.33280685544013977
183.8,0.33450186252593994
183.9,0.3400329053401947
184.0,0.3303893208503723
184.10000000000002,0.3382301926612854
184.20000000000002,0.34356459975242615
184.3,0.3435176908969879
184.4,0.34250470995903015
184.5,0.3252663016319275
184.60000000000002,0.32465633749961853
184.70000000000002,0.32889455556869507
184.8,0.3359030485153198
184.9,0.3306339681148529
185.0,0.31882691383361816
185.10000000000002,0.324133038520813
185.20000000000002,0.3084002733230591
185.3,0.31995898485183716
185.4,0.32146111130714417
185.5,0.330108106136322
185.60000000000002,0.323972225189209
185.70000000000002,0.32878410816192627
185.8,0.32555100321769714
185.9,0.3273468613624573
186.0,0.330295592546463
186.10000000000002,0.3217553198337555
186.20000000000002,0.31952404975891113
186.3,0.3206181526184082
186.4,0.32020246982574463
186.5,0.3267240524291992
186.60000000000002,0.329700231552124
186.70000000000002,0.32289668917655945
186.8,0.3226839601993561
186.9,0.3156401216983795
187.0,0.32649844884872437
187.10000000000002,0.32637113332748413
187.20000000000002,0.31195157766342163
187.3,0.31960341334342957
187.4,0.3236611783504486
187.5,0.3214779496192932
187.60000000000002,0.31428971886634827
187.70000000000002,0.321792334318161
187.8,0.3270717263221741
187.9,0.3245770335197449
188.0,0.31393900513648987
188.10000000000002,0.32396894693374634
188.20000000000002,0.322668194770813
188.3,0.3267973065376282
188.4,0.31690433621406555
188.5,0.31309670209884644
188.60000000000002,0.3241097927093506
188.70000000000002,0.31557807326316833
188.8,0.3133176565170288
188.9,0.32072851061820984
189.0,0.31543007493019104
189.10000000000002,0.3098236322402954
189.20000000000002,0.3175078332424164
189.3,0.3116687834262848
189.4,0.3189394176006317
189.5,0.3183731138706207
189.60000000000002,0.31982114911079407
189.70000000000002,0.32393723726272583
189.8,0.3226403295993805
189.9,0.31595245003700256
190.0,0.3226148784160614
190.10000000000002,0.3166443109512329
190.20000000000002,0.31571412086486816
190.3,0.3166397213935852
190.4,0.3224736750125885
190.5,0.3035292327404022
190.60000000000002,0.31243669986724854
190.70000000000002,0.30901849269866943
190.8,0.3178146779537201
190.9,0.3125750720500946
191.0,0.31366875767707825
191.10000000000002,0.31533560156822205
191.20000000000002,0.28957584500312805
191.3,0.305746853351593
191.4,0.3163721263408661
191.5,0.3151288330554962
191.60000000000002,0.3053121864795685
191.70000000000002,0.32836511731147766
191.8,0.3459823429584503
191.9,0.3498445451259613
192.0,0.35516640543937683
192.10000000000002,0.3724807798862457
192.20000000000002,0.3862580358982086
192.3,0.3896743059158325
192.4,0.40163737535476685
192.5,0.39633607864379883
192.60000000000002,0.39752915501594543
192.70000000000002,0.389888197183609
192.8,0.3836787939071655
192.9,0.3773561418056488
193.0,0.3714555501937866
193.10000000000002,0.366911381483078
193.20000000000002,0.35117608308792114
193.3,0.35683944821357727
193.4,0.35633277893066406
193.5,0.34644263982772827
193.60000000000002,0.33946579694747925
193.70000000000002,0.34149816632270813
193.8,0.3406139016151428
193.9,0.3347148597240448
194.0,0.3338276445865631
194.10000000000002,0.34039729833602905
194.20000000000002,0.3333962559700012
194.3,0.324871689081192
194.4,0.33131325244903564
194.5,0.32863837480545044
194.60000000000002,0.32876449823379517
194.70000000000002,0.31473177671432495
194.8,0.3330366611480713
194.9,0.3291386365890503
195.0,0.33286014199256897
195.10000000000002,0.31357163190841675
195.20000000000002,0.3256042003631592
195.3,0.3186836242675781
195.4,0.3255475163459778
195.5,0.33155733346939087
195.60000000000002,0.32614555954933167
195.70000000000002,0.32709836959838867
195.8,0.33652880787849426
195.9,0.325872540473938
196.0,0.3236308991909027
196.10000000000002,0.32697805762290955
196.20000000000002,0.3274242579936981
196.3,0.3261977434158325
196.4,0.3131074905395508
196.5,0.3309021592140198
196.60000000000002,0.3317525386810303
196.70000000000002,0.32491257786750793
196.8,0.333333820104599
196.9,0.3318684995174408
197.0,0.3353373110294342
197.10000000000002,0.313466340303421
197.20000000000002,0.33121734857559204
197.3,0.3221817910671234
197.4,0.3341224789619446
197.5,0.323842316865921
197.60000000000002,0.3242740333080292
197.70000000000002,0.325510710477829
197.8,0.3203500807285309
197.9,0.32501929998397827
198.0,0.3221587538719177
198.10000000000002,0.31329911947250366
198.20000000000002,0.33074504137039185
198.3,0.32977211475372314
198.4,0.326106995344162
198.5,0.3248496949672699
198.60000000000002,0.3205006420612335
198.70000000000002,0.32293251156806946
198.8,0.3350035846233368
198.9,0.325934499502182
199.0,0.32170045375823975
199.10000000000002,0.3231462240219116
199.20000000000002,0.31947532296180725
199.3,0.324999064207077
199.4,0.3233001232147217
199.5,0.31639185547828674
199.60000000000002,0.3261399269104004
199.70000000000002,0.3220672011375427
199.8,0.3285503685474396
199.9,0.32249683141708374
200.0,0.3258812129497528
200.10000000000002,0.3270877003669739
200.20000000000002,0.31264668703079224
200.3,0.3294278085231781
200.4,0.322494775056839
200.5,0.31064972281455994
200.60000000000002,0.32168617844581604
200.70000000000002,0.326374351978302
200.8,0.32391324639320374
200.9,0.3213315010070801
201.0,0.3249572813510895
201.10000000000002,0.32167455554008484
201.20000000000002,0.3182049095630646
201.3,0.3174167573451996
201.4,0.31915968656539917
201.5,0.3236820697784424
201.60000000000002,0.32954534888267517
201.70000000000002,0.3257617652416229
201.8,0.31533387303352356
201.9,0.32243824005126953
202.0,0.3250719904899597
202.10000000000002,0.3283774256706238
202.20000000000002,0.31612181663513184
202.3,0.31329718232154846
202.4,0.32508355379104614
202.5,0.31603699922561646
202.60000000000002,0.32437965273857117
202.70000000000002,0.31726405024528503
202.8,0.31792911887168884
202.9,0.3145875632762909
203.0,0.3237452208995819
203.10000000000002,0.31861817836761475
203.20000000000002,0.3234139084815979
203.3,0.3110280930995941
203.4,0.30996787548065186
203.5,0.3185626268386841
203.60000000000002,0.31868675351142883
203.70000000000002,0.32344329357147217
203.8,0.31264814734458923
203.9,0.31951096653938293
204.0,0.3128526508808136
204.10000000000002,0.32202354073524475
204.20000000000002,0.31285345554351807
204.3,0.30996713042259216
204.4,0.31353411078453064
204.5,0.3133595883846283
204.60000000000002,0.32068073749542236
204.70000000000002,0.31977176666259766
204.8,0.3080901801586151
204.9,0.3130503296852112
205.0,0.31018245220184326
205.10000000000002,0.30522584915161133
205.20000000000002,0.3098500370979309
205.3,0.31505468487739563
205.4,0.31345170736312866
205.5,0.3147600591182709
205.60000000000002,0.31230300664901733
205.70000000000002,0.31767356395721436
205.8,0.31429287791252136
205.9,0.3037160634994507
206.0,0.3009337782859802
206.10000000000002,0.3105196952819824
206.20000000000002,0.3154790699481964
206.3,0.2967508137226105
206.4,0.31158536672592163
206.5,0.3121475279331207
206.60000000000002,0.30651459097862244
206.70000000000002,0.3038199245929718
206.8,0.3307781219482422
206.9,0.33281567692756653
207.0,0.3523640036582947
207.10000000000002,0.3684441149234772
207.20000000000002,0.3710939884185791
207.3,0.3802402913570404
207.4,0.3851148188114166
207.5,0.40488043427467346
207.60000000000002,0.3970189392566681
207.70000000000002,0.3995994031429291
207.8,0.39483901858329773
207.9,0.3812285363674164
208.0,0.3742775022983551
208.10000000000002,0.3735405504703522
208.20000000000002,0.36821937561035156
208.3,0.36167141795158386
208.4,0.35266414284706116
208.5,0.349233478307724
208.60000000000002,0.3583472669124603
208.70000000000002,0.350795179605484
208.8,0.33894240856170654
208.9,0.3442084491252899
209.0,0.3414839208126068
209.10000000000002,0.3370007872581482
209.20000000000002,0.34529709815979004
209.3,0.3315015733242035
209.4,0.33473336696624756
209.5,0.33605247735977173
209.60000000000002,0.3440594971179962
209.70000000000002,0.31267210841178894
209.8,0.32686808705329895
209.9,0.33269307017326355
210.0,0.31640225648880005
210.10000000000002,0.32961562275886536
210.20000000000002,0.317533016204834
210.3,0.3245282769203186
210.4,0.33438926935195923
210.5,0.32509008049964905
210.60000000000002,0.3295091688632965
210.70000000000002,0.3271121382713318
210.8,0.32095250487327576
210.9,0.32866737246513367
211.0,0.32961326837539673
211.10000000000002,0.32895568013191223
211.20000000000002,0.3269677758216858
211.3,0.32622867822647095
211.4,0.3198946416378021
211.5,0.32984375953674316
211.60000000000002,0.32004982233047485
211.70000000000002,0.31926220655441284
211.8,0.3206450939178467
211.9,0.33190661668777466
212.0,0.3234853744506836
212.10000000000002,0.3317031264305115
212.20000000000002,0.31879836320877075
212.3,0.31796738505363464
212.4,0.3241353929042816
212.5,0.32638922333717346
212.60000000000002,0.32707473635673523
212.70000000000002,0.3236800730228424
212.8,0.3328579068183899
212.9,0.31852424144744873
213.0,0.32337188720703125
213.10000000000002,0.31302979588508606
213.20000000000002,0.32050609588623047
213.3,0.3150978684425354
213.4,0.3268132507801056
213.5,0.32713350653648376
213.60000000000002,0.31634604930877686
213.70000000000002,0.31048905849456787
213.8,0.3169572353363037
213.9,0.31512588262557983
214.0,0.3233448565006256
214.10000000000002,0.32468950748443604
214.20000000000002,0.31930646300315857
214.3,0.3259739875793457
214.4,0.31949716806411743
214.5,0.32264071702957153
214.60000000000002,0.3222329318523407
214.70000000000002,0.32362061738967896
214.8,0.31561699509620667
214.9,0.3133311867713928
215.0,0.319609135389328
215.10000000000002,0.3138551712036133
215.20000000000002,0.32280755043029785
215.3,0.32694607973098755
215.4,0.3143044710159302
215.5,0.321773886680603
215.60000000000002,0.3191593587398529
215.70000000000002,0.3068983554840088
215.8,0.314669132232666
215.9,0.3201746344566345
216.0,0.32318541407585144
216.10000000000002,0.3130418658256531
216.20000000000002,0.3066341280937195
216.3,0.31535711884498596
216.4,0.3089662194252014
216.5,0.312235027551651
216.60000000000002,0.30564072728157043
216.70000000000002,0.3161996304988861
216.8,0.32248541712760925
216.9,0.3140358328819275
217.0,0.3109250068664551
217.10000000000002,0.3192295432090759
217.20000000000002,0.31464603543281555
217.3,0.3135068416595459
217.4,0.3092682957649231
217.5,0.3129868507385254
217.60000000000002,0.31187838315963745
217.70000000000002,0.31337621808052063
217.8,0.31372177600860596
217.9,0.31834715604782104
218.0,0.315400093793869
218.10000000000002,0.30834999680519104
218.20000000000002,0.31255367398262024
218.3,0.30404287576675415
218.4,0.2967877984046936
218.5,0.31333062052726746
218.60000000000002,0.3106544613838196
218.70000000000002,0.30800962448120117
218.8,0.3219684362411499
218.9,0.31983116269111633
219.0,0.3477940261363983
219.10000000000002,0.35052070021629333
219.20000000000002,0.3616637885570526
219.3,0.3764347732067108
219.4,0.38030993938446045
219.5,0.39058393239974976
219.60000000000002,0.3849874436855316
219.70000000000002,0.395644873380661
219.8,0.3852497339248657
219.9,0.38212403655052185
220.0,0.37364327907562256
220.10000000000002,0.36958733201026917
220.20000000000002,0.3542642295360565
220.3,0.3481889069080353
220.4,0.3534233272075653
220.5,0.35364073514938354
220.60000000000002,0.34494858980178833
220.70000000000002,0.3478928506374359
220.8,0.35346078872680664
220.9,0.34256410598754883
221.0,0.34562045335769653
221.10000000000002,0.3446335196495056
221.20000000000002,0.3362874388694763
221.3,0.33590173721313477
221.4,0.3349517583847046
221.5,0.3422490954399109
221.60000000000002,0.325926274061203
221.70000000000002,0.3342818319797516
221.8,0.3232717514038086
221.9,0.33104127645492554
222.0,0.3225862979888916
222.10000000000002,0.328771710395813
222.20000000000002,0.3330567479133606
222.3,0.3210664987564087
222.4,0.32162538170814514
222.5,0.3251191973686218
222.60000000000002,0.33281803131103516
222.70000000000002,0.33171477913856506
222.8,0.33346840739250183
222.9,0.30850934982299805
223.0,0.32705244421958923
223.10000000000002,0.3150132894515991
223.20000000000002,0.3311363458633423
223.3,0.32540616393089294
223.4,0.3249287009239197
223.5,0.3237402141094208
223.60000000000002,0.3299935758113861
223.70000000000002,0.33004215359687805
223.8,0.32650026679039
223.9,0.3241273760795593
224.0,0.3174489736557007
224.10000000000002,0.3169558644294739
224.20000000000002,0.3228055536746979
224.3,0.32446616888046265
224.4,0.32462409138679504
224.5,0.32792308926582336
224.60000000000002,0.3249046206474304
224.70000000000002,0.32606780529022217
224.8,0.3198767304420471
224.9,0.3266873359680176
225.0,0.3175061345100403
225.10000000000002,0.3291492760181427
225.20000000000002,0.31553179025650024
225.3,0.31432855129241943
225.4,0.32777559757232666
225.5,0.32150766253471375
225.60000000000002,0.32730069756507874
225.70000000000002,0.3151516616344452
225.8,0.32844078540802
225.9,0.31925180554389954
226.0,0.323147177696228
226.10000000000002,0.3098890781402588
226.20000000000002,0.3218748867511749
226.3,0.310162752866745
226.4,0.3257291316986084
226.5,0.31900015473365784
226.60000000000002,0.3247549831867218
226.70000000000002,0.31355875730514526
226.8,0.3240792155265808
226.9,0.3208125829696655
227.0,0.3209739029407501
227.10000000000002,0.3207480013370514
227.20000000000002,0.3126985430717468
227.3,0.32558485865592957
227.4,0.31650224328041077
227.5,0.3197636306285858
227.60000000000002,0.3206084668636322
227.70000000000002,0.3252153992652893
227.8,0.3165995478630066
227.9,0.31713032722473145
228.0,0.3165755867958069
228.10000000000002,0.3147493898868561
228.20000000000002,0.31977561116218567
228.3,0.31966719031333923
228.4,0.31732985377311707
228.50000000000003,0.32273533940315247
228.60000000000002,0.3245798945426941
228.70000000000002,0.3169858753681183
228.8,0.3162514269351959
228.9,0.31500521302223206
229.00000000000003,0.31596049666404724
229.10000000000002,0.3034195601940155
229.20000000000002,0.3046776354312897
229.3,0.31669214367866516
229.4,0.3102748692035675
229.50000000000003,0.306393563747406
229.60000000000002,0.3171674907207489
229.70000000000002,0.3139188885688782
229.8,0.3037959039211273
229.9,0.3122958540916443
230.00000000000003,0.31312692165374756
230.10000000000002,0.31514978408813477
230.20000000000002,0.3212758004665375
230.3,0.3105309307575226
230.4,0.31421834230422974
230.50000000000003,0.31399568915367126
230.60000000000002,0.3089046776294708
230.70000000000002,0.31071728467941284
230.8,0.31028449535369873
230.9,0.3086649477481842
231.00000000000003,0.3139738142490387
231.10000000000002,0.31278714537620544
231.20000000000002,0.31032103300094604
231.3,0.31813374161720276
231.4,0.3052138686180115
231.50000000000003,0.3086398243904114
231.60000000000002,0.30765005946159363
231.70000000000002,0.2985556721687317
231.8,0.303645521402359
231.9,0.3168744146823883
232.00000000000003,0.3036336302757263
232.10000000000002,0.30361002683639526
232.20000000000002,0.32812365889549255
232.3,0.3384207487106323
232.4,0.34394729137420654
232.50000000000003,0.3648749887943268
232.60000000000002,0.3735298812389374
232.70000000000002,0.38411739468574524
232.8,0.3887711763381958
232.9,0.3976064920425415
233.00000000000003,0.41104578971862793
233.10000000000002,0.39419928193092346
233.20000000000002,0.3921331763267517
233.3,0.38665878772735596
233.4,0.3794236481189728
233.50000000000003,0.3728652894496918
233.60000000000002,0.358456015586853
233.70000000000002,0.35419124364852905
233.8,0.358291357755661
233.9,0.35083484649658203
234.00000000000003,0.33949247002601624
234.10000000000002,0.3485177159309387
234.20000000000002,0.34588462114334106
234.3,0.3458704352378845
234.4,0.3405183255672455
234.50000000000003,0.3411675691604614
234.60000000000002,0.332754522562027
234.70000000000002,0.3369523584842682
234.8,0.3426491618156433
234.9,0.3348890542984009
235.00000000000003,0.33403539657592773
235.10000000000002,0.33220720291137695
235.20000000000002,0.3238493800163269
235.3,0.3384770154953003
235.4,0.33103957772254944
235.50000000000003,0.32636868953704834
235.60000000000002,0.3299085199832916
235.70000000000002,0.3267080783843994
235.8,0.3266691267490387
235.9,0.3316662311553955
236.00000000000003,0.32471764087677
236.10000000000002,0.33027011156082153
236.20000000000002,0.3285541236400604
236.3,0.3302396833896637
236.4,0.3220667839050293
236.50000000000003,0.32908087968826294
236.60000000000002,0.32672542333602905
236.70000000000002,0.3302443325519562
236.8,0.32125064730644226
236.9,0.3321380317211151
237.00000000000003,0.32408949732780457
237.10000000000002,0.3285096287727356
237.20000000000002,0.3217911422252655
237.3,0.3214544951915741
237.4,0.3264095187187195
237.50000000000003,0.31638187170028687
237.60000000000002,0.3231267035007477
237.70000000000002,0.3265567719936371
237.8,0.32901161909103394
237.9,0.3174819052219391
238.00000000000003,0.3218092918395996
238.10000000000002,0.3212866485118866
238.20000000000002,0.32156065106391907
238.3,0.3207598924636841
238.4,0.3231290876865387
238.50000000000003,0.32805076241493225
238.60000000000002,0.326168030500412
238.70000000000002,0.3236478865146637
238.8,0.32864609360694885
238.9,0.31293079257011414
239.00000000000003,0.313973605632782
239.10000000000002,0.30731886625289917
239.20000000000002,0.32259559631347656
239.3,0.3337143659591675
239.4,0.31720438599586487
239.50000000000003,0.3238515257835388
239.60000000000002,0.31185972690582275
239.70000000000002,0.32361507415771484
239.8,0.321454793214798
239.9,0.32574695348739624
240.00000000000003,0.32084921002388
240.10000000000002,0.31248000264167786
240.20000000000002,0.3153285086154938
240.3,0.3081558644771576
240.4,0.31567877531051636
240.50000000000003,0.31876933574676514
240.60000000000002,0.32881465554237366
240.70000000000002,0.3210154175758362
240.8,0.316415935754776
240.9,0.3215664327144623
241.00000000000003,0.3250812292098999
241.10000000000002,0.30874642729759216
241.20000000000002,0.3222995698451996
241.3,0.3199347257614136
241.4,0.3264468014240265
241.50000000000003,0.3155527710914612
241.60000000000002,0.3153397738933563
241.70000000000002,0.31171098351478577
241.8,0.3173702657222748
241.9,0.32705166935920715
242.00000000000003,0.322918564081192
242.10000000000002,0.3113895654678345
242.20000000000002,0.31720155477523804
242.3,0.309648722410202
242.4,0.3147578239440918
242.50000000000003,0.32047486305236816
242.60000000000002,0.3136651813983917
242.70000000000002,0.324930876493454
242.8,0.3165492117404938
242.9,0.3018237352371216
243.00000000000003,0.3216741681098938
243.10000000000002,0.32048723101615906
243.20000000000002,0.31570926308631897
243.3,0.3163350522518158
243.4,0.31089696288108826
243.50000000000003,0.31660887598991394
243.60000000000002,0.3129882216453552
243.70000000000002,0.3090745806694031
243.8,0.31401845812797546
243.9,0.3132004141807556
244.00000000000003,0.3123301565647125
244.10000000000002,0.3080125153064728
244.20000000000002,0.3063431680202484
244.3,0.30573058128356934
244.4,0.30205729603767395
244.50000000000003,0.30897676944732666
244.60000000000002,0.3086274564266205
244.70000000000002,0.2991275489330292
244.8,0.3111323118209839
244.9,0.30780068039894104
245.00000000000003,0.31348854303359985
245.10000000000002,0.30865922570228577
245.20000000000002,0.3344572186470032
245.3,0.34350481629371643
245.4,0.35683366656303406
245.50000000000003,0.3681979179382324
245.60000000000002,0.37704387307167053
245.70000000000002,0.38204920291900635
245.8,0.39721232652664185
245.9,0.3945602476596832
246.00000000000003,0.3882303535938263
246.10000000000002,0.39280757308006287
246.20000000000002,0.3742254972457886
246.3,0.375912606716156
246.4,0.36892274022102356
246.50000000000003,0.36219969391822815
246.60000000000002,0.3540014624595642
246.70000000000002,0.34572046995162964
246.8,0.3451617658138275
246.9,0.352238267660141
247.00000000000003,0.34285134077072144
247.10000000000002,0.33984336256980896
247.20000000000002,0.343091756105423
247.3,0.33814993500709534
247.4,0.3318237364292145
247.50000000000003,0.33162492513656616
247.60000000000002,0.33440932631492615
247.70000000000002,0.3207056522369385
247.8,0.3314640522003174
247.9,0.3317194879055023
248.00000000000003,0.3298409879207611
248.10000000000002,0.32042059302330017
248.20000000000002,0.33067288994789124
248.3,0.3268245458602905
248.4,0.3279394507408142
248.50000000000003,0.3208259046077728
248.60000000000002,0.3298547565937042
248.70000000000002,0.3287365734577179
248.8,0.3272175192832947
248.9,0.3200956881046295
249.00000000000003,0.3171219825744629
249.10000000000002,0.32225942611694336
249.20000000000002,0.33088940382003784
249.3,0.32624736428260803
249.4,0.3261217176914215
249.50000000000003,0.3183272182941437
249.60000000000002,0.32370737195014954
249.70000000000002,0.32593652606010437
249.8,0.3207778334617615
249.9,0.32527169585227966
250.00000000000003,0.31980568170547485
250.10000000000002,0.32406795024871826
250.20000000000002,0.32101428508758545
250.3,0.3184695541858673
250.4,0.30858856439590454
250.50000000000003,0.32253825664520264
250.60000000000002,0.3176160454750061
250.70000000000002,0.32033613324165344
250.8,0.3213845491409302
250.9,0.3172317445278168
251.00000000000003,0.3299678564071655
251.10000000000002,0.3274543881416321
251.20000000000002,0.32098373770713806
251.3,0.326292484998703
251.4,0.31981003284454346
251.50000000000003,0.32702067494392395
251.60000000000002,0.3297179341316223
251.70000000000002,0.31459271907806396
251.8,0.32858771085739136
251.9,0.31702175736427307
252.00000000000003,0.3189235031604767
252.10000000000002,0.32090505957603455
252.20000000000002,0.31310462951660156
252.3,0.31223684549331665
252.4,0.3258677124977112
252.50000000000003,0.3144606053829193
252.60000000000002,0.3228045403957367
252.70000000000002,0.31745001673698425
252.8,0.316864550113678
252.9,0.31394919753074646
253.00000000000003,0.3232137858867645
253.10000000000002,0.3076987564563751
253.20000000000002,0.3157060444355011
253.3,0.3191053569316864
253.4,0.3178662359714508
253.50000000000003,0.32345691323280334
253.60000000000002,0.31607767939567566
253.70000000000002,0.3154621124267578
253.8,0.31428807973861694
253.9,0.3195224702358246
254.00000000000003,0.3155338168144226
254.10000000000002,0.31296002864837646
254.20000000000002,0.3101280629634857
254.3,0.316872775554657
254.4,0.31897690892219543
254.50000000000003,0.31596681475639343
254.60000000000002,0.311674565076828
254.70000000000002,0.3144490420818329
254.8,0.3121744394302368
254.9,0.3099710941314697
255.00000000000003,0.3098505735397339
255.10000000000002,0.3106190860271454
255.20000000000002,0.31433022022247314
255.3,0.3099864721298218
255.4,0.3177398443222046
255.50000000000003,0.3122502267360687
255.60000000000002,0.3123900890350342
255.70000000000002,0.31156855821609497
255.8,0.3109672963619232
255.9,0.30963626503944397
256.0,0.3125894069671631
256.1,0.3030199706554413
256.2,0.30152130126953125
256.3,0.29977041482925415
256.40000000000003,0.30277854204177856
256.5,0.30174583196640015
256.6,0.3050321936607361
256.7,0.3140751123428345
256.8,0.3334019184112549
256.90000000000003,0.3339560329914093
257.0,0.36293521523475647
257.1,0.37439391016960144
257.2,0.37176913022994995
257.3,0.38403651118278503
257.40000000000003,0.3932010233402252
257.5,0.404190331697464
257.6,0.40580251812934875
257.7,0.3886198401451111
257.8,0.3912493884563446
257.90000000000003,0.385332852602005
258.0,0.3711283504962921
258.1,0.3595830202102661
258.2,0.36271408200263977
258.3,0.3521531820297241
258.40000000000003,0.3477843403816223
258.5,0.3424684405326843
258.6,0.3442835807800293
258.7,0.3441295027732849
258.8,0.34112390875816345
258.90000000000003,0.33670273423194885
259.0,0.3334728181362152
259.1,0.33832836151123047
259.2,0.33883634209632874
259.3,0.3378811180591583
259.40000000000003,0.3264303505420685
259.5,0.3301090896129608
259.6,0.3280245065689087
259.7,0.3292214870452881
259.8,0.32520395517349243
259.90000000000003,0.33340969681739807
260.0,0.3202820122241974
260.1,0.32302942872047424
260.2,0.32465705275535583
260.3,0.3232239782810211
260.40000000000003,0.32239189743995667
260.5,0.3271050453186035
260.6,0.3272302746772766
260.7,0.3326256275177002
260.8,0.3240155577659607
260.90000000000003,0.32031044363975525
261.0,0.3190711736679077
261.1,0.32752957940101624
261.2,0.3298150300979614
261.3,0.32949355244636536
261.40000000000003,0.32832372188568115
261.5,0.3244606554508209
261.6,0.3229771554470062
261.7,0.32030707597732544
261.8,0.3190968334674835
261.90000000000003,0.3278271555900574
262.0,0.32180100679397583
262.1,0.3202788531780243
262.2,0.32125741243362427
262.3,0.3299233317375183
262.40000000000003,0.3316447138786316
262.5,0.3299686908721924
262.6,0.3241109848022461
262.7,0.32828471064567566
262.8,0.3262256383895874
262.90000000000003,0.30547818541526794
263.0,0.31790822744369507
263.1,0.3184502124786377
263.2,0.31977856159210205
263.3,0.3190179765224457
263.40000000000003,0.31964996457099915
263.5,0.3236335515975952
263.6,0.3193867802619934
263.7,0.32508498430252075
263.8,0.3184448778629303
263.90000000000003,0.3222986161708832
264.0,0.3172912895679474
264.1,0.3225037157535553
264.2,0.31934958696365356
264.3,0.32198038697242737
264.40000000000003,0.3120678961277008
264.5,0.32492882013320923
264.6,0.3223443329334259
264.7,0.3148147165775299
264.8,0.31614992022514343
264.90000000000003,0.31780382990837097
265.0,0.3124278485774994
265.1,0.31476834416389465
265.2,0.30822980403900146
265.3,0.31372320652008057
265.40000000000003,0.30963507294654846
265.5,0.3042508065700531
265.6,0.309275358915329
265.7,0.3167772591114044
265.8,0.31689056754112244
265.90000000000003,0.3097406029701233
266.0,0.3151806890964508
266.1,0.31087830662727356
266.2,0.3029431402683258
266.3,0.3071069121360779
266.40000000000003,0.3071781098842621
266.5,0.3122318685054779
266.6,0.3150499165058136
266.7,0.31042173504829407
266.8,0.31543809175491333
266.90000000000003,0.31793853640556335
267.0,0.3128560483455658
267.1,0.30526840686798096
267.2,0.3070160150527954
267.3,0.30471283197402954
267.40000000000003,0.31283703446388245
267.5,0.31817397475242615
267.6,0.3152654767036438
267.7,0.3159278631210327
267.8,0.30413132905960083
267.90000000000003,0.3058629035949707
268.0,0.3037274479866028
268.1,0.30150294303894043
268.2,0.3109479248523712
268.3,0.31123316287994385
268.40000000000003,0.29540586471557617
268.5,0.3006145656108856
268.6,0.30858340859413147
268.7,0.3028598427772522
268.8,0.30852675437927246
268.90000000000003,0.3308092951774597
269.0,0.3392581045627594
269.1,0.3473288118839264
269.2,0.35522589087486267
269.3,0.373001366853714
269.40000000000003,0.36979275941848755
269.5,0.39731934666633606
269.6,0.39611801505088806
269.7,0.4046298563480377
269.8,0.3936663866043091
269.90000000000003,0.39038577675819397
270.0,0.3841593563556671
270.1,0.3642711341381073
270.2,0.36707887053489685
270.3,0.3641617000102997
270.40000000000003,0.3458583950996399
270.5,0.3433678150177002
270.6,0.3437710404396057
270.7,0.33670565485954285
270.8,0.3444962799549103
270.90000000000003,0.33691835403442383
271.0,0.34619975090026855
271.1,0.34393730759620667
271.2,0.34338799118995667
271.3,0.3393480181694031
271.40000000000003,0.3329480290412903
271.5,0.3414032459259033
271.6,0.3289320766925812
271.7,0.33046504855155945
271.8,0.3267662227153778
271.90000000000003,0.3287334144115448
272.0,0.3196926712989807
272.1,0.3295954167842865
272.2,0.3282586634159088
272.3,0.3320436477661133
272.40000000000003,0.32982319593429565
272.5,0.3261308968067169
272.6,0.31657874584198
272.7,0.3260236084461212
272.8,0.3283611536026001
272.90000000000003,0.3137710690498352
273.0,0.3208097517490387
273.1,0.3263757824897766
273.2,0.322690486907959
273.3,0.3293493986129761
273.40000000000003,0.3169032633304596
273.5,0.31814050674438477
273.6,0.32263487577438354
273.7,0.322385311126709
273.8,0.3191182613372803
273.90000000000003,0.3216492533683777
274.0,0.3256796896457672
274.1,0.32170864939689636
274.20000000000005,0.3113518953323364
274.3,0.3216816484928131
274.40000000000003,0.31546249985694885
274.5,0.329662024974823
274.6,0.3231765925884247
274.70000000000005,0.32015442848205566
274.8,0.3215225040912628
274.90000000000003,0.3252589702606201
275.0,0.31265944242477417
275.1,0.3149319887161255
275.20000000000005,0.32008057832717896
275.3,0.308628648519516
275.40000000000003,0.32542121410369873
275.5,0.3167571425437927
275.6,0.3244124948978424
275.70000000000005,0.31922268867492676
275.8,0.317727655172348
275.90000000000003,0.32175707817077637
276.0,0.3243591785430908
276.1,0.3224402964115143
276.20000000000005,0.32770460844039917
276.3,0.3176136314868927
276.40000000000003,0.3124425411224365
276.5,0.3253563344478607
276.6,0.32474249601364136
276.70000000000005,0.3225077688694
276.8,0.3242531716823578
276.90000000000003,0.3147815465927124
277.0,0.3227465748786926
277.1,0.3201691508293152
277.20000000000005,0.3162141740322113
277.3,0.31797489523887634
277.40000000000003,0.30681681632995605
277.5,0.32003989815711975
277.6,0.31804290413856506
277.70000000000005,0.3162838816642761
277.8,0.3154279589653015
277.90000000000003,0.32364311814308167
278.0,0.3089755177497864
278.1,0.3159237504005432
278.20000000000005,0.3135646879673004
278.3,0.31696388125419617
278.40000000000003,0.3064330220222473
278.5,0.30270156264305115
278.6,0.31751513481140137
278.70000000000005,0.3176735043525696
278.8,0.3133803904056549
278.90000000000003,0.3184796869754791
279.0,0.3118557333946228
279.1,0.3107014000415802
279.20000000000005,0.3128015995025635
279.3,0.3227705657482147
279.40000000000003,0.31448501348495483
279.5,0.31400978565216064
279.6,0.30614790320396423
279.70000000000005,0.31956347823143005
279.8,0.31723499298095703
279.90000000000003,0.3055970370769501
280.0,0.3093823194503784
280.1,0.3099895417690277
280.20000000000005,0.3066197335720062
280.3,0.30223801732063293
280.40000000000003,0.3114003837108612
280.5,0.3066907227039337
280.6,0.3106662631034851
280.70000000000005,0.30411139130592346
280.8,0.3118007481098175
280.90000000000003,0.31117162108421326
281.0,0.3058564066886902
281.1,0.3169202506542206
281.20000000000005,0.30356425046920776
281.3,0.3013725280761719
281.40000000000003,0.3029747009277344
281.5,0.308663934469223
281.6,0.30558398365974426
281.70000000000005,0.30348268151283264
281.8,0.29971981048583984
281.90000000000003,0.3004559874534607
282.0,0.29842609167099
282.1,0.2971380949020386
282.20000000000005,0.31705179810523987
282.3,0.3300091326236725
282.40000000000003,0.34488993883132935
282.5,0.35584884881973267
282.6,0.3622407019138336
282.70000000000005,0.3842148780822754
282.8,0.3704090714454651
282.90000000000003,0.39812877774238586
283.0,0.40129220485687256
283.1,0.396099716424942
283.20000000000005,0.3854314088821411
283.3,0.3827342092990875
283.40000000000003,0.38364076614379883
283.5,0.3755764365196228
283.6,0.36730730533599854
283.70000000000005,0.3627678155899048
283.8,0.3450030982494354
283.90000000000003,0.3502071499824524
284.0,0.3524516522884369
284.1,0.35839951038360596
284.20000000000005,0.35381433367729187
284.3,0.3470805585384369
284.40000000000003,0.34034696221351624
284.5,0.34476223587989807
284.6,0.3425116240978241
284.70000000000005,0.3444576859474182
284.8,0.33805277943611145
284.90000000000003,0.3353075385093689
285.0,0.3359488844871521
285.1,0.3297158181667328
285.20000000000005,0.3197874426841736
285.3,0.3293170630931854
285.40000000000003,0.3321227431297302
285.5,0.32600972056388855
285.6,0.32554084062576294
285.70000000000005,0.3294183015823364
285.8,0.3255949914455414
285.90000000000003,0.3316563367843628
286.0,0.3278910219669342
286.1,0.3264564275741577
286.20000000000005,0.3268270492553711
286.3,0.319979190826416
286.40000000000003,0.31994056701660156
286.5,0.32840657234191895
286.6,0.32547977566719055
286.70000000000005,0.32144811749458313
286.8,0.3239719569683075
286.90000000000003,0.32630833983421326
287.0,0.3284072279930115
287.1,0.3209068477153778
287.20000000000005,0.32327282428741455
287.3,0.31848689913749695
287.40000000000003,0.3266698122024536
287.5,0.3236859142780304
287.6,0.3200264573097229
287.70000000000005,0.32653728127479553
287.8,0.3252069056034088
287.90000000000003,0.32002660632133484
288.0,0.324529767036438
288.1,0.3194042146205902
288.20000000000005,0.3179806172847748
288.3,0.3277600109577179
288.40000000000003,0.3247862160205841
288.5,0.3001024127006531
288.6,0.32509955763816833
288.70000000000005,0.3240271806716919
288.8,0.3258904814720154
288.90000000000003,0.3168751895427704
289.0,0.31463879346847534
289.1,0.31826069951057434
289.20000000000005,0.3117465078830719
289.3,0.31882792711257935
289.40000000000003,0.3090423345565796
289.5,0.32535767555236816
289.6,0.31579482555389404
289.70000000000005,0.3070020377635956
289.8,0.32128193974494934
289.90000000000003,0.3139804005622864
290.0,0.31887078285217285
290.1,0.3190799355506897
290.20000000000005,0.3114818334579468
290.3,0.3221120238304138
290.40000000000003,0.32308146357536316
290.5,0.3201470375061035
290.6,0.312405526638031
290.70000000000005,0.3115827441215515
290.8,0.31669917702674866
290.90000000000003,0.30723950266838074
291.0,0.31138330698013306
291.1,0.308538019657135
291.20000000000005,0.31723642349243164
291.3,0.3164496421813965
291.40000000000003,0.3005683124065399
291.5,0.3003315329551697
291.6,0.3080253303050995
291.70000000000005,0.318783700466156
291.8,0.31124573945999146
291.90000000000003,0.3095422685146332
292.0,0.30996498465538025
292.1,0.31621548533439636
292.20000000000005,0.3134510815143585
292.3,0.29555705189704895
292.40000000000003,0.30574822425842285
292.5,0.30705058574676514
292.6,0.30929648876190186
292.70000000000005,0.3184921145439148
292.8,0.3287230134010315
292.90000000000003,0.3354487419128418
293.0,0.3573431968688965
293.1,0.37041935324668884
293.20000000000005,0.3815922737121582
293.3,0.39068230986595154
293.40000000000003,0.3938401937484741
293.5,0.3840370774269104
293.6,0.40053197741508484
293.70000000000005,0.3887021243572235
293.8,0.3835441768169403
293.90000000000003,0.36556166410446167
294.0,0.369986891746521
294.1,0.3532733917236328
294.20000000000005,0.3493236005306244
294.3,0.3498873710632324
294.40000000000003,0.34778645634651184
294.5,0.3345696032047272
294.6,0.34432587027549744
294.70000000000005,0.34399572014808655
294.8,0.33398255705833435
294.90000000000003,0.3351185619831085
295.0,0.3297472596168518
295.1,0.34197866916656494
295.20000000000005,0.33914893865585327
295.3,0.3321399986743927
295.40000000000003,0.320881724357605
295.5,0.3264879286289215
295.6,0.32995766401290894
295.70000000000005,0.319654643535614
295.8,0.3342830538749695
295.90000000000003,0.3253318667411804
296.0,0.3301539421081543
296.1,0.3309447169303894
296.20000000000005,0.32626116275787354
296.3,0.3301045596599579
296.40000000000003,0.3313044607639313
296.5,0.32811257243156433
296.6,0.3268577456474304
296.70000000000005,0.32733458280563354
296.8,0.3320547640323639
296.90000000000003,0.3296707272529602
297.0,0.3272761404514313
297.1,0.3311925232410431
297.20000000000005,0.3323288857936859
297.3,0.3265053629875183
297.40000000000003,0.3301762044429779
297.5,0.3234482705593109
297.6,0.3312036693096161
297.70000000000005,0.3253936767578125
297.8,0.3308282494544983
297.90000000000003,0.32928311824798584
298.0,0.31874996423721313
298.1,0.32365089654922485
298.20000000000005,0.32380369305610657
298.3,0.3200033903121948
298.40000000000003,0.31680649518966675
298.5,0.32184940576553345
298.6,0.3247705101966858
298.70000000000005,0.30826646089553833
298.8,0.32258495688438416
298.90000000000003,0.32704615592956543
299.0,0.32281967997550964
299.1,0.3222660720348358
299.20000000000005,0.3184402287006378
299.3,0.3233734965324402
299.40000000000003,0.31581470370292664
299.5,0.3147340714931488
299.6,0.3196685016155243
299.70000000000005,0.31420400738716125
299.8,0.32242414355278015
299.90000000000003,0.3264926075935364
300.0,0.3245565593242645
300.1,0.3252231478691101
300.20000000000005,0.31963565945625305
300.3,0.3183290958404541
300.40000000000003,0.3152015805244446
300.5,0.3244006335735321
300.6,0.316143661737442
300.70000000000005,0.320742130279541
300.8,0.3204869031906128
300.90000000000003,0.3247847855091095
301.0,0.31383249163627625
301.1,0.32178717851638794
301.20000000000005,0.3233337998390198
301.3,0.3175751864910126
301.40000000000003,0.30537688732147217
301.5,0.32337725162506104
301.6,0.30666330456733704
301.70000000000005,0.31515517830848694
301.8,0.3153209388256073
301.90000000000003,0.31608104705810547
302.0,0.31437718868255615
302.1,0.32162824273109436
302.20000000000005,0.31248173117637634
302.3,0.3123323321342468
302.40000000000003,0.318723201751709
302.5,0.30711883306503296
302.6,0.311493456363678
302.70000000000005,0.30303019285202026
302.8,0.31018197536468506
302.90000000000003,0.3066081404685974
303.0,0.3072894215583801
303.1,0.3156680464744568
303.20000000000005,0.3102623522281647
303.3,0.32208001613616943
303.40000000000003,0.3147182762622833
303.5,0.3147740662097931
303.6,0.3106932044029236
303.70000000000005,0.3160189986228943
303.8,0.3086855709552765
303.90000000000003,0.31229594349861145
304.0,0.307092547416687
304.1,0.3138405978679657
304.20000000000005,0.3144608438014984
304.3,0.3013879358768463
304.40000000000003,0.2983511686325073
304.5,0.32002100348472595
304.6,0.3040902316570282
304.70000000000005,0.3117174208164215
304.8,0.3109202980995178
304.90000000000003,0.3277984857559204
305.0,0.348804235458374
305.1,0.36356496810913086
305.20000000000005,0.3656177222728729
305.3,0.3753860592842102
305.40000000000003,0.384491503238678
305.5,0.39190781116485596
305.6,0.39805713295936584
305.70000000000005,0.4025627672672272
305.8,0.39384201169013977
305.90000000000003,0.3785625100135803
306.0,0.3804094195365906
306.1,0.3764011561870575
306.20000000000005,0.37297046184539795
306.3,0.36756083369255066
306.40000000000003,0.36122840642929077
306.5,0.35214415192604065
306.6,0.34683793783187866
306.70000000000005,0.35159581899642944
306.8,0.3466114401817322
306.90000000000003,0.3340145945549011
307.0,0.33912986516952515
307.1,0.3427026867866516
307.20000000000005,0.3312654495239258
307.3,0.33460140228271484
307.40000000000003,0.33350637555122375
307.5,0.33387303352355957
307.6,0.33687469363212585
307.70000000000005,0.3208349645137787
307.8,0.33428698778152466
307.90000000000003,0.3217712938785553
308.0,0.32554906606674194
308.1,0.3302747309207916
308.20000000000005,0.328816294670105
308.3,0.3269196152687073
308.40000000000003,0.3193894028663635
308.5,0.33262285590171814
308.6,0.3274599313735962
308.70000000000005,0.32654088735580444
308.8,0.3327946662902832
308.90000000000003,0.3247357904911041
309.0,0.32652929425239563
309.1,0.3263047933578491
309.20000000000005,0.32342424988746643
309.3,0.3260590434074402
309.40000000000003,0.32020923495292664
309.5,0.32978877425193787
309.6,0.33040595054626465
309.70000000000005,0.32752659916877747
309.8,0.33202067017555237
309.90000000000003,0.33107489347457886
310.0,0.32946348190307617
310.1,0.3200429379940033
310.20000000000005,0.3317750096321106
310.3,0.3315087854862213
310.40000000000003,0.3285634517669678
310.5,0.32761579751968384
310.6,0.32728078961372375
310.70000000000005,0.32100144028663635
310.8,0.32282063364982605
310.90000000000003,0.32924410700798035
311.0,0.3172765076160431
311.1,0.3237380385398865
311.20000000000005,0.3238658905029297
311.3,0.32342788577079773
311.40000000000003,0.32762646675109863
311.5,0.32274991273880005
311.6,0.3295968770980835
311.70000000000005,0.32313328981399536
311.8,0.31712546944618225
311.90000000000003,0.32858383655548096
312.0,0.32378387451171875
312.1,0.3344694674015045
312.20000000000005,0.32539263367652893
312.3,0.3299495577812195
312.40000000000003,0.3307422697544098
312.5,0.31729453802108765
312.6,0.3268970847129822
312.70000000000005,0.3295014202594757
312.8,0.3225877285003662
312.90000000000003,0.31963402032852173
313.0,0.32131364941596985
313.1,0.32371097803115845
313.20000000000005,0.33044764399528503
313.3,0.32738256454467773
313.40000000000003,0.32087841629981995
313.5,0.33424651622772217
313.6,0.3184146583080292
313.70000000000005,0.32222095131874084
313.8,0.3214954137802124
313.90000000000003,0.3206206262111664
314.0,0.31907919049263
314.1,0.3231285512447357
314.20000000000005,0.3175930678844452
314.3,0.3254883289337158
314.40000000000003,0.3234340250492096
314.5,0.3214116096496582
314.6,0.32400381565093994
314.70000000000005,0.3198254704475403
314.8,0.31898683309555054
314.90000000000003,0.31680309772491455
315.0,0.31957942247390747
315.1,0.32028448581695557
315.20000000000005,0.3174096345901489
315.3,0.31381142139434814
315.40000000000003,0.3204381763935089
315.5,0.3174295127391815
315.6,0.3221794366836548
315.70000000000005,0.30965614318847656
315.8,0.3170039653778076
315.90000000000003,0.3168211579322815
316.0,0.31336620450019836
316.1,0.31942760944366455
316.20000000000005,0.31794092059135437
316.3,0.31565994024276733
316.40000000000003,0.31088703870773315
316.5,0.317496120929718
316.6,0.32053008675575256
316.70000000000005,0.30836960673332214
316.8,0.3168051242828369
316.90000000000003,0.31313973665237427
317.0,0.32063978910446167
317.1,0.3142312467098236
317.20000000000005,0.31178179383277893
317.3,0.3149155378341675
317.40000000000003,0.3186812996864319
317.5,0.3164433538913727
317.6,0.3100505471229553
317.70000000000005,0.3121795356273651
317.8,0.30914077162742615
317.90000000000003,0.31881946325302124
318.0,0.30591511726379395
318.1,0.3153141140937805
318.20000000000005,0.31176918745040894
318.3,0.31065309047698975
318.40000000000003,0.3195200264453888
318.5,0.3140662610530853
318.6,0.3115397095680237
318.70000000000005,0.3159356713294983
318.8,0.3134114146232605
318.90000000000003,0.305653840303421
319.0,0.310573935508728
319.1,0.3048361539840698
319.20000000000005,0.3158394992351532
319.3,0.30900901556015015
319.40000000000003,0.3014485836029053
319.5,0.304206520318985
319.6,0.2974509000778198
319.70000000000005,0.2974049746990204
319.8,0.29052573442459106
319.90000000000003,0.2832093834877014
320.0,0.29153570532798767
320.1,0.31623396277427673
320.20000000000005,0.32833728194236755
320.3,0.33147451281547546
320.40000000000003,0.3556983172893524
320.5,0.3599311113357544
320.6,0.38427358865737915
320.70000000000005,0.3834582269191742
320.8,0.3947671055793762
320.90000000000003,0.4026510715484619
321.0,0.4014875292778015
321.1,0.3919956684112549
321.20000000000005,0.3879893124103546
321.3,0.36698904633522034
321.40000000000003,0.3802908658981323
321.5,0.3697800934314728
321.6,0.36281049251556396
321.70000000000005,0.36061522364616394
321.8,0.3573409914970398
321.90000000000003,0.3409615755081177
322.0,0.34564435482025146
322.1,0.3421877920627594
322.20000000000005,0.34885820746421814
322.3,0.3447718918323517
322.40000000000003,0.33696168661117554
322.5,0.3329220414161682
322.6,0.3482525944709778
322.70000000000005,0.3387435972690582
322.8,0.33091017603874207
322.90000000000003,0.33024340867996216
323.0,0.32569268345832825
323.1,0.3303385078907013
323.20000000000005,0.323858380317688
323.3,0.32671529054641724
323.40000000000003,0.322079598903656
323.5,0.33140408992767334
323.6,0.32145798206329346
323.70000000000005,0.32485342025756836
323.8,0.3286876380443573
323.90000000000003,0.3280429244041443
324.0,0.3268652558326721
324.1,0.32252389192581177
324.20000000000005,0.3316234052181244
324.3,0.320548951625824
324.40000000000003,0.3208724856376648
324.5,0.325717031955719
324.6,0.3263038396835327
324.70000000000005,0.31891530752182007
324.8,0.32454314827919006
324.90000000000003,0.3240147531032562
325.0,0.32850179076194763
325.1,0.32029715180397034
325.20000000000005,0.32526975870132446
325.3,0.3207400143146515
325.40000000000003,0.32147327065467834
325.5,0.31913259625434875
325.6,0.3236373960971832
325.70000000000005,0.32076549530029297
325.8,0.3035868704319
325.90000000000003,0.3171219527721405
326.0,0.3159759044647217
326.1,0.32238245010375977
326.20000000000005,0.32164570689201355
326.3,0.3165212571620941
326.40000000000003,0.321608304977417
326.5,0.3240611255168915
326.6,0.32923197746276855
326.70000000000005,0.32373979687690735
326.8,0.3184554874897003
326.90000000000003,0.3206113874912262
327.0,0.3229186534881592
327.1,0.32401952147483826
327.20000000000005,0.32368752360343933
327.3,0.3154492974281311
327.40000000000003,0.309926301240921
327.5,0.31884562969207764
327.6,0.31602710485458374
327.70000000000005,0.30517125129699707
327.8,0.3260610103607178
327.90000000000003,0.3230942189693451
328.0,0.3124788701534271
328.1,0.32396891713142395
328.20000000000005,0.3166469633579254
328.3,0.32159921526908875
328.40000000000003,0.32011792063713074
328.5,0.31772956252098083
328.6,0.3160482943058014
328.70000000000005,0.32154226303100586
328.8,0.3205512762069702
328.90000000000003,0.3299068510532379
329.0,0.31478050351142883
329.1,0.32303622364997864
329.20000000000005,0.3122168779373169
329.3,0.30692970752716064
329.40000000000003,0.3207380771636963
329.5,0.317859947681427
329.6,0.3100396990776062
329.70000000000005,0.3183826506137848
329.8,0.31107133626937866
329.90000000000003,0.3086172938346863
330.0,0.31015539169311523
330.1,0.30425137281417847
330.20000000000005,0.3124382495880127
330.3,0.31943202018737793
330.40000000000003,0.3104616105556488
330.5,0.3132322430610657
330.6,0.308346152305603
330.70000000000005,0.30080604553222656
330.8,0.3185162842273712
330.90000000000003,0.30843794345855713
331.0,0.3187820017337799
331.1,0.3103121221065521
331.20000000000005,0.31140339374542236
331.3,0.31149324774742126
331.40000000000003,0.31397518515586853
331.5,0.3041108548641205
331.6,0.30905067920684814
331.70000000000005,0.31143200397491455
331.8,0.3088514506816864
331.90000000000003,0.3046386241912842
332.0,0.2938717007637024
332.1,0.31096503138542175
332.20000000000005,0.3068857491016388
332.3,0.31120797991752625
332.40000000000003,0.31254586577415466
332.5,0.3289436995983124
332.6,0.3396815359592438
332.70000000000005,0.3487619459629059
332.8,0.3656734824180603
332.90000000000003,0.3701605796813965
333.0,0.39106613397598267
333.1,0.4004663825035095
333.20000000000005,0.4001670777797699
333.3,0.39539986848831177
333.40000000000003,0.3940798342227936
333.5,0.3876087963581085
333.6,0.3885723054409027
333.70000000000005,0.37876006960868835
333.8,0.37326937913894653
333.90000000000003,0.368658185005188
334.0,0.3590540587902069
334.1,0.3535016179084778
334.20000000000005,0.3573606014251709
334.3,0.35173842310905457
334.40000000000003,0.3438985049724579
334.5,0.3453555703163147
334.6,0.3420407176017761
334.70000000000005,0.3426067531108856
334.8,0.3414195477962494
334.90000000000003,0.33310604095458984
335.0,0.34655672311782837
335.1,0.3430958688259125
335.20000000000005,0.3363530933856964
335.3,0.3303745985031128
335.40000000000003,0.3240499794483185
335.5,0.33435896039009094
335.6,0.33106258511543274
335.70000000000005,0.3328079581260681
335.8,0.33113566040992737
335.90000000000003,0.33077389001846313
336.0,0.3251075744628906
336.1,0.32775840163230896
336.20000000000005,0.32827499508857727
336.3,0.32699206471443176
336.40000000000003,0.32276469469070435
336.5,0.3223598301410675
336.6,0.32427239418029785
336.70000000000005,0.32330191135406494
336.8,0.3263151943683624
336.90000000000003,0.33213603496551514
337.0,0.3257295489311218
337.1,0.32069748640060425
337.20000000000005,0.32821130752563477
337.3,0.33183953166007996
337.40000000000003,0.32470184564590454
337.5,0.32385045289993286
337.6,0.32251936197280884
337.70000000000005,0.3262072801589966
337.8,0.3185814917087555
337.90000000000003,0.33178216218948364
338.0,0.325819730758667
338.1,0.3337620496749878
338.20000000000005,0.32628583908081055
338.3,0.32992973923683167
338.40000000000003,0.32732561230659485
338.5,0.32585766911506653
338.6,0.31155091524124146
338.70000000000005,0.33016830682754517
338.8,0.32884126901626587
338.90000000000003,0.32527652382850647
339.0,0.31957894563674927
339.1,0.3192536532878876
339.20000000000005,0.3159468472003937
339.3,0.3106527030467987
339.40000000000003,0.31768232583999634
339.5,0.32330551743507385
339.6,0.329156756401062
339.70000000000005,0.32083258032798767
339.8,0.31671249866485596
339.90000000000003,0.3266763985157013
340.0,0.3217998743057251
340.1,0.3206184506416321
340.20000000000005,0.3235083222389221
340.3,0.32363930344581604
340.40000000000003,0.3240494132041931
340.5,0.32150399684906006
340.6,0.3125673532485962
340.70000000000005,0.3278009295463562
340.8,0.32789546251296997
340.90000000000003,0.32588261365890503
341.0,0.3183574080467224
341.1,0.31163087487220764
341.20000000000005,0.31893637776374817
341.3,0.3235575556755066
341.40000000000003,0.32544925808906555
341.5,0.32369643449783325
341.6,0.3126376271247864
341.70000000000005,0.3201538026332855
341.8,0.3183097541332245
341.90000000000003,0.3180634677410126
342.0,0.3093406558036804
342.1,0.32166460156440735
342.20000000000005,0.31982460618019104
342.3,0.3130161464214325
342.40000000000003,0.3195449411869049
342.5,0.31825950741767883
342.6,0.3027447462081909
342.70000000000005,0.31422698497772217
342.8,0.31441131234169006
342.90000000000003,0.31045815348625183
343.0,0.31078454852104187
343.1,0.31010326743125916
343.20000000000005,0.32356417179107666
343.3,0.3184916079044342
343.40000000000003,0.3137545883655548
343.5,0.3120955228805542
343.6,0.2997722327709198
343.70000000000005,0.3148185908794403
343.8,0.31031885743141174
343.90000000000003,0.3195991516113281
344.0,0.31368082761764526
344.1,0.3318411707878113
344.20000000000005,0.3361470401287079
344.3,0.3594592213630676
344.40000000000003,0.368952214717865
344.5,0.3871837556362152
344.6,0.3891042470932007
344.70000000000005,0.3940187990665436
344.8,0.3882451057434082
344.90000000000003,0.40031853318214417
345.0,0.3876633644104004
345.1,0.3797416090965271
345.20000000000005,0.37078532576560974
345.3,0.36290544271469116
345.40000000000003,0.3633577823638916
345.5,0.3457914888858795
345.6,0.35963302850723267
345.70000000000005,0.34820038080215454
345.8,0.34015482664108276
345.90000000000003,0.34744247794151306
346.0,0.34282243251800537
346.1,0.34292858839035034
346.20000000000005,0.33278360962867737
346.3,0.33835160732269287
346.40000000000003,0.33024221658706665
346.5,0.33452823758125305
346.6,0.33572906255722046
346.70000000000005,0.3298197388648987
346.8,0.3277457058429718
346.90000000000003,0.32397836446762085
347.0,0.33236342668533325
347.1,0.3372672200202942
347.20000000000005,0.33173635601997375
347.3,0.32903575897216797
347.40000000000003,0.32547998428344727
347.5,0.30807122588157654
347.6,0.32791849970817566
347.70000000000005,0.327732652425766
347.8,0.3272855281829834
347.90000000000003,0.3165903389453888
348.0,0.31689178943634033
348.1,0.32810530066490173
348.20000000000005,0.3269132375717163
348.3,0.3283194601535797
348.40000000000003,0.3255901336669922
348.5,0.32488471269607544
348.6,0.32103267312049866
348.70000000000005,0.3200903832912445
348.8,0.32736992835998535
348.90000000000003,0.33187904953956604
349.0,0.328484445810318
349.1,0.3309294879436493
349.20000000000005,0.32338476181030273
349.3,0.3283410966396332
349.40000000000003,0.3263322114944458
349.5,0.32666435837745667
349.6,0.32116779685020447
349.70000000000005,0.3252356946468353
349.8,0.32403871417045593
349.90000000000003,0.3239455223083496
350.0,0.3179807662963867
350.1,0.32433292269706726
350.20000000000005,0.3247273564338684
350.3,0.3245859146118164
350.40000000000003,0.32801294326782227
350.5,0.3252013027667999
350.6,0.3266426622867584
350.70000000000005,0.3217151165008545
350.8,0.32200175523757935
350.90000000000003,0.32224446535110474
351.0,0.322529137134552
351.1,0.32635021209716797
351.20000000000005,0.3266339600086212
351.3,0.3226899802684784
351.40000000000003,0.3198402523994446
351.5,0.3234727382659912
351.6,0.3293860852718353
351.70000000000005,0.3184002637863159
351.8,0.317770779132843
351.90000000000003,0.3180387020111084
352.0,0.3203170895576477
352.1,0.3172172009944916
352.20000000000005,0.3225679099559784
352.3,0.3218839168548584
352.40000000000003,0.3153143525123596
352.5,0.3193349540233612
352.6,0.3235088586807251
352.70000000000005,0.3155549466609955
352.8,0.31643497943878174
352.90000000000003,0.318932443857193
353.0,0.3152385652065277
353.1,0.31912174820899963
353.20000000000005,0.31231749057769775
353.3,0.3153802454471588
353.40000000000003,0.32282063364982605
353.5,0.3130645453929901
353.6,0.31250569224357605
353.70000000000005,0.31781718134880066
353.8,0.31827646493911743
353.90000000000003,0.3168669044971466
354.0,0.3121229410171509
354.1,0.3046707808971405
354.20000000000005,0.30594655871391296
354.3,0.3240621089935303
354.40000000000003,0.31304308772087097
354.5,0.3094821274280548
354.6,0.31132423877716064
354.70000000000005,0.312182754278183
354.8,0.31420549750328064
354.90000000000003,0.30574479699134827
355.0,0.308455228805542
355.1,0.3128622770309448
355.20000000000005,0.30580800771713257
355.3,0.31877708435058594
355.40000000000003,0.3155810832977295
355.5,0.31441983580589294
355.6,0.31173238158226013
355.70000000000005,0.30048635601997375
355.8,0.30987587571144104
355.90000000000003,0.3121494948863983
356.0,0.3055780827999115
356.1,0.30470559000968933
356.20000000000005,0.3070049285888672
356.3,0.3058529794216156
356.40000000000003,0.31496521830558777
356.5,0.30881720781326294
356.6,0.30759596824645996
356.70000000000005,0.30096516013145447
356.8,0.31278306245803833
356.90000000000003,0.3059302866458893
357.0,0.3015548288822174
357.1,0.30414125323295593
357.20000000000005,0.31193476915359497
357.3,0.30833250284194946
357.40000000000003,0.29384711384773254
357.5,0.292766809463501
357.6,0.3110167980194092
357.70000000000005,0.3049551844596863
357.8,0.314908504486084
357.90000000000003,0.33490580320358276
358.0,0.342481404542923
358.1,0.3422376811504364
358.20000000000005,0.3607761263847351
358.3,0.3709842562675476
358.40000000000003,0.37730535864830017
358.5,0.39572346210479736
358.6,0.38925430178642273
358.70000000000005,0.3979588449001312
358.8,0.39371252059936523
358.90000000000003,0.3905268609523773
359.0,0.37619590759277344
359.1,0.37716609239578247
359.20000000000005,0.3612898588180542
359.3,0.3600168824195862
359.40000000000003,0.35238030552864075
359.5,0.35260191559791565
359.6,0.34530162811279297
359.70000000000005,0.34024277329444885
359.8,0.34307312965393066
359.90000000000003,0.3354833424091339
360.0,0.34589898586273193
360.1,0.3363153338432312
360.20000000000005,0.3413040339946747
360.3,0.33465397357940674
360.40000000000003,0.3309006989002228
360.5,0.33936432003974915
360.6,0.3309607207775116
360.70000000000005,0.33438509702682495
360.8,0.3227863311767578
360.90000000000003,0.3348199129104614
361.0,0.3298669159412384
361.1,0.324263334274292
361.20000000000005,0.32801955938339233
361.3,0.3308906853199005
361.40000000000003,0.3332156240940094
361.5,0.3316973149776459
361.6,0.31770557165145874
361.70000000000005,0.3204101324081421
361.8,0.33393362164497375
361.90000000000003,0.326662540435791
362.0,0.32700735330581665
362.1,0.32341495156288147
362.20000000000005,0.3224780261516571
362.3,0.3286643624305725
362.40000000000003,0.3239298164844513
362.5,0.32140830159187317
362.6,0.32845401763916016
362.70000000000005,0.3291270434856415
362.8,0.3310851454734802
362.90000000000003,0.3241758346557617
363.0,0.3162650465965271
363.1,0.3217729926109314
363.20000000000005,0.3201139271259308
363.3,0.3296785056591034
363.40000000000003,0.3309052288532257
363.5,0.31864774227142334
363.6,0.32480159401893616
363.70000000000005,0.32889994978904724
363.8,0.3182465732097626
363.90000000000003,0.32511553168296814
364.0,0.31884777545928955
364.1,0.326964795589447
364.20000000000005,0.32315120100975037
364.3,0.3260948061943054
364.40000000000003,0.32372334599494934
364.5,0.3276112377643585
364.6,0.31984904408454895
364.70000000000005,0.32130512595176697
364.8,0.3252232074737549
364.90000000000003,0.32987332344055176
365.0,0.32221275568008423
365.1,0.32473501563072205
365.20000000000005,0.33056917786598206
365.3,0.32770296931266785
365.40000000000003,0.3239835798740387
365.5,0.31817230582237244
365.6,0.32552623748779297
365.70000000000005,0.3321188986301422
365.8,0.31529489159584045
365.90000000000003,0.32903170585632324
366.0,0.3216262757778168
366.1,0.3236195147037506
366.20000000000005,0.31798458099365234
366.3,0.319929838180542
366.40000000000003,0.33010658621788025
366.5,0.3228616714477539
366.6,0.3114662170410156
366.70000000000005,0.3240293264389038
366.8,0.3220614194869995
366.90000000000003,0.328300416469574
367.0,0.3251802921295166
367.1,0.3315833508968353
367.20000000000005,0.3169812560081482
367.3,0.32528963685035706
367.40000000000003,0.31910237669944763
367.5,0.3148745596408844
367.6,0.322039395570755
367.70000000000005,0.3269095718860626
367.8,0.31955990195274353
367.90000000000003,0.32471951842308044
368.0,0.3162335753440857
368.1,0.32023850083351135
368.20000000000005,0.32123661041259766
368.3,0.3186156451702118
368.40000000000003,0.32190945744514465
368.5,0.31171250343322754
368.6,0.3119273781776428
368.70000000000005,0.31911882758140564
368.8,0.31851813197135925
368.90000000000003,0.32106122374534607
369.0,0.325822114944458
369.1,0.31807032227516174
369.20000000000005,0.3184608519077301
369.3,0.3153332769870758
369.40000000000003,0.320223331451416
369.5,0.31965669989585876
369.6,0.3222463130950928
369.70000000000005,0.3197142481803894
369.8,0.31944939494132996
369.90000000000003,0.32302409410476685
370.0,0.31519371271133423
370.1,0.32235991954803467
370.20000000000005,0.31048837304115295
370.3,0.31086602807044983
370.40000000000003,0.3142053186893463
370.5,0.30362191796302795
370.6,0.3144338130950928
370.70000000000005,0.3148934841156006
370.8,0.3155495524406433
370.90000000000003,0.3033669590950012
371.0,0.3174399435520172
371.1,0.3080715537071228
371.20000000000005,0.31836071610450745
371.3,0.29992979764938354
371.40000000000003,0.31147027015686035
371.5,0.30799466371536255
371.6,0.3131088614463806
371.70000000000005,0.3262447714805603
371.8,0.32191285490989685
371.90000000000003,0.3409661650657654
372.0,0.3461621403694153
372.1,0.3650963604450226
372.20000000000005,0.375636488199234
372.3,0.3804386854171753
372.40000000000003,0.3743801414966583
372.5,0.3972965478897095
372.6,0.39557576179504395
372.70000000000005,0.39313560724258423
372.8,0.3824121057987213
372.90000000000003,0.3785969614982605
373.0,0.3750106692314148
373.1,0.36585864424705505
373.20000000000005,0.36901363730430603
373.3,0.35594573616981506
373.40000000000003,0.3515748679637909
373.5,0.3543688654899597
373.6,0.3638819754123688
373.70000000000005,0.3520655333995819
373.8,0.347580224275589
373.90000000000003,0.33766087889671326
374.0,0.347657710313797
374.1,0.342709481716156
374.20000000000005,0.3388687074184418
374.3,0.3335215449333191
374.40000000000003,0.326809823513031
374.5,0.33634546399116516
374.6,0.3267155885696411
374.70000000000005,0.333456426858902
374.8,0.3300100862979889
374.90000000000003,0.3397925794124603
375.0,0.32739394903182983
375.1,0.33103087544441223
375.20000000000005,0.3275478482246399
375.3,0.32830721139907837
375.40000000000003,0.32948821783065796
375.5,0.3260098099708557
375.6,0.31474608182907104
375.70000000000005,0.3280726969242096
375.8,0.33344051241874695
375.90000000000003,0.33254775404930115
376.0,0.3135874271392822
376.1,0.3211691677570343
376.20000000000005,0.3321634531021118
376.3,0.3298501670360565
376.40000000000003,0.3259795010089874
376.5,0.31873658299446106
376.6,0.32637685537338257
376.70000000000005,0.33038395643234253
376.8,0.3189923167228699
376.90000000000003,0.33087223768234253
377.0,0.3224213123321533
377.1,0.3277246654033661
377.20000000000005,0.32518261671066284
377.3,0.32619521021842957
377.40000000000003,0.3170583248138428
377.5,0.3257591426372528
377.6,0.32228147983551025
377.70000000000005,0.3217262923717499
377.8,0.3190004825592041
377.90000000000003,0.31899112462997437
378.0,0.3257780373096466
378.1,0.32744014263153076
378.20000000000005,0.31728482246398926
378.3,0.3304293155670166
378.40000000000003,0.3281368315219879
378.5,0.3274398148059845
378.6,0.3301537334918976
378.70000000000005,0.32958173751831055
378.8,0.3267817795276642
378.90000000000003,0.3269658088684082
379.0,0.3245260417461395
379.1,0.32684725522994995
379.20000000000005,0.3155362904071808
379.3,0.32385289669036865
379.40000000000003,0.327556848526001
379.5,0.3201233744621277
379.6,0.3266209661960602
379.70000000000005,0.3232826590538025
379.8,0.3209952116012573
379.90000000000003,0.32146403193473816
380.0,0.31961679458618164
380.1,0.32842013239860535
380.20000000000005,0.3269781172275543
380.3,0.32808810472488403
380.40000000000003,0.32420215010643005
380.5,0.3165837824344635
380.6,0.3217887282371521
380.70000000000005,0.32873672246932983
380.8,0.31998589634895325
380.90000000000003,0.3212087154388428
381.0,0.3194366991519928
381.1,0.3185396194458008
381.20000000000005,0.3259635269641876
381.3,0.31736138463020325
381.40000000000003,0.3193376958370209
381.5,0.3196651041507721
381.6,0.31573763489723206
381.70000000000005,0.31108564138412476
381.8,0.3203374445438385
381.90000000000003,0.31637850403785706
382.0,0.31894078850746155
382.1,0.31786221265792847
382.20000000000005,0.3178606927394867
382.3,0.3206791281700134
382.40000000000003,0.3164333701133728
382.5,0.3160523772239685
382.6,0.31310614943504333
382.70000000000005,0.3231469988822937
382.8,0.31876763701438904
382.90000000000003,0.31310567259788513
383.0,0.31386810541152954
383.1,0.3116585612297058
383.20000000000005,0.3138108551502228
383.3,0.3202868700027466
383.40000000000003,0.3105645775794983
383.5,0.3132951557636261
383.6,0.31886136531829834
383.70000000000005,0.31322380900382996
383.8,0.3206263780593872
383.90000000000003,0.30414319038391113
384.0,0.31715071201324463
384.1,0.3163151741027832
384.20000000000005,0.3080596923828125
384.3,0.3158566653728485
384.40000000000003,0.3180367350578308
384.5,0.31161919236183167
384.6,0.3133479058742523
384.70000000000005,0.31221288442611694
384.8,0.31514719128608704
384.90000000000003,0.31038811802864075
385.0,0.3155331015586853
385.1,0.3115746080875397
385.20000000000005,0.3124932646751404
385.3,0.3072669506072998
385.40000000000003,0.2980199456214905
385.5,0.3060317039489746
385.6,0.3043438196182251
385.70000000000005,0.312544047832489
385.8,0.3142845630645752
385.90000000000003,0.3267490267753601
386.0,0.3385169804096222
386.1,0.34926775097846985
386.20000000000005,0.3547583222389221
386.3,0.3738178312778473
386.40000000000003,0.38496077060699463
386.5,0.3801528215408325
386.6,0.40489622950553894
386.70000000000005,0.40039685368537903
386.8,0.4023806154727936
386.90000000000003,0.38444942235946655
387.0,0.39098209142684937
387.1,0.3740401566028595
387.20000000000005,0.3750452399253845
387.3,0.3604782223701477
387.40000000000003,0.35522812604904175
387.5,0.3506453037261963
387.6,0.34314271807670593
387.70000000000005,0.3435351550579071
387.8,0.34154295921325684
387.90000000000003,0.34491634368896484
388.0,0.33764147758483887
388.1,0.32652729749679565
388.20000000000005,0.34023991227149963
388.3,0.34249576926231384
388.40000000000003,0.339891642332077
388.5,0.34301891922950745
388.6,0.33854082226753235
388.70000000000005,0.32492703199386597
388.8,0.3349795937538147
388.90000000000003,0.3315950930118561
389.0,0.31708601117134094
389.1,0.3326956331729889
389.20000000000005,0.3272412419319153
389.3,0.33040717244148254
389.40000000000003,0.32529354095458984
389.5,0.3253571689128876
389.6,0.32282963395118713
389.70000000000005,0.3212167024612427
389.8,0.3204391896724701
389.90000000000003,0.33151042461395264
390.0,0.324951708316803
390.1,0.32654640078544617
390.20000000000005,0.3256176710128784
390.3,0.3250475525856018
390.40000000000003,0.3224920332431793
390.5,0.31735578179359436
390.6,0.3252325654029846
390.70000000000005,0.3098817467689514
390.8,0.31925344467163086
390.90000000000003,0.31672704219818115
391.0,0.32346975803375244
391.1,0.3193333148956299
391.20000000000005,0.32133832573890686
391.3,0.32547876238822937
391.40000000000003,0.30621156096458435
391.5,0.32245370745658875
391.6,0.31190168857574463
391.70000000000005,0.3218804597854614
391.8,0.32218411564826965
391.90000000000003,0.3218490481376648
392.0,0.31534773111343384
392.1,0.322919636964798
392.20000000000005,0.32144662737846375
392.3,0.32025909423828125
392.40000000000003,0.3182982802391052
392.5,0.3253239691257477
392.6,0.3266911208629608
392.70000000000005,0.32176369428634644
392.8,0.31658437848091125
392.90000000000003,0.3225651681423187
393.0,0.3202483654022217
393.1,0.328675240278244
393.20000000000005,0.3198658525943756
393.3,0.3207171559333801
393.40000000000003,0.30831006169319153
393.5,0.3134039640426636
393.6,0.3115059435367584
393.70000000000005,0.3224293291568756
393.8,0.32192257046699524
393.90000000000003,0.30918872356414795
394.0,0.321355938911438
394.1,0.3249731957912445
394.20000000000005,0.31636765599250793
394.3,0.3094213008880615
394.40000000000003,0.31142255663871765
394.5,0.3191039264202118
394.6,0.3163720965385437
394.70000000000005,0.31645870208740234
394.8,0.3126971125602722
394.90000000000003,0.31440743803977966
395.0,0.3161737322807312
395.1,0.30848634243011475
395.20000000000005,0.3186197578907013
395.3,0.3074930012226105
395.40000000000003,0.31547945737838745
395.5,0.31068313121795654
395.6,0.3118422329425812
395.70000000000005,0.3177458643913269
395.8,0.3123689293861389
395.90000000000003,0.30177709460258484
396.0,0.3091505765914917
396.1,0.30167675018310547
396.20000000000005,0.3050372004508972
396.3,0.3035554587841034
396.40000000000003,0.3102651834487915
396.5,0.3120001554489136
396.6,0.30332744121551514
396.70000000000005,0.3134239912033081
396.8,0.3108840584754944
396.90000000000003,0.31322965025901794
397.0,0.3170357942581177
397.1,0.2900468111038208
397.20000000000005,0.3028241693973541
397.3,0.3133794367313385
397.40000000000003,0.30376213788986206
397.5,0.31634822487831116
397.6,0.33273470401763916
397.70000000000005,0.3355511426925659
397.8,0.3520677387714386
397.90000000000003,0.3739098012447357
398.0,0.37302207946777344
398.1,0.3934890627861023
398.20000000000005,0.3899223208427429
398.3,0.4003049433231354
398.40000000000003,0.3938673138618469
398.5,0.38908931612968445
398.6,0.38320493698120117
398.70000000000005,0.37687960267066956
398.8,0.37252748012542725
398.90000000000003,0.3614935576915741
399.0,0.35472702980041504
399.1,0.3525533676147461
399.20000000000005,0.3468840718269348
399.3,0.3445976972579956
399.40000000000003,0.3376266360282898
399.5,0.3448432683944702
399.6,0.34576112031936646
399.70000000000005,0.33495375514030457
399.8,0.3414952754974365
399.90000000000003,0.3289172351360321
400.0,0.3282325267791748
400.1,0.32959243655204773
400.20000000000005,0.32930949330329895
400.3,0.33301809430122375
400.40000000000003,0.32582321763038635
400.5,0.3289448320865631
400.6,0.31181398034095764
400.70000000000005,0.32092049717903137
400.8,0.3259175717830658
400.90000000000003,0.3251544237136841
401.0,0.31661340594291687
401.1,0.32837188243865967
401.20000000000005,0.3229123651981354
401.3,0.31684765219688416
401.40000000000003,0.32891497015953064
401.5,0.3260136842727661
401.6,0.3277743458747864
401.70000000000005,0.32789546251296997
401.8,0.3212778568267822
401.90000000000003,0.3257235884666443
402.0,0.326058566570282
402.1,0.32153138518333435
402.20000000000005,0.3176954388618469
402.3,0.3144323229789734
402.40000000000003,0.3239544630050659
402.5,0.3198104798793793
402.6,0.3282652795314789
402.70000000000005,0.3077603578567505
402.8,0.30703598260879517
402.90000000000003,0.321992963552475
403.0,0.3275098502635956
403.1,0.3225341737270355
403.20000000000005,0.3157457113265991
403.3,0.3207753300666809
403.40000000000003,0.319227933883667
403.5,0.3137418031692505
403.6,0.31484994292259216
403.70000000000005,0.32855936884880066
403.8,0.3104203939437866
403.90000000000003,0.32187619805336
404.0,0.31874823570251465
404.1,0.31682342290878296
404.20000000000005,0.3170972168445587
404.3,0.32086899876594543
404.40000000000003,0.32103854417800903
404.5,0.3244893252849579
404.6,0.31769755482673645
404.70000000000005,0.31503501534461975
404.8,0.31799906492233276
404.90000000000003,0.3051190674304962
405.0,0.3201160132884979
405.1,0.3203676640987396
405.20000000000005,0.314168244600296
405.3,0.3146030604839325
405.40000000000003,0.31294602155685425
405.5,0.3150303065776825
405.6,0.3197614550590515
405.70000000000005,0.3157922923564911
405.8,0.3112141489982605
405.90000000000003,0.31052979826927185
406.0,0.3140633702278137
406.1,0.3141413629055023
406.20000000000005,0.29749956727027893
406.3,0.30368465185165405
406.40000000000003,0.3105243444442749
406.5,0.32342734932899475
406.6,0.3207847476005554
406.70000000000005,0.3351215124130249
406.8,0.3483010530471802
406.90000000000003,0.36325186491012573
407.0,0.37722283601760864
407.1,0.3811892569065094
407.20000000000005,0.3874296545982361
407.3,0.4078904986381531
407.40000000000003,0.40391215682029724
407.5,0.3988634943962097
407.6,0.3945883810520172
407.70000000000005,0.3893871307373047
407.8,0.38221004605293274
407.90000000000003,0.3671115040779114
408.0,0.3704644441604614
408.1,0.36642494797706604
408.20000000000005,0.35483354330062866
408.3,0.35138261318206787
408.40000000000003,0.357346773147583
408.5,0.3511222302913666
408.6,0.3402411937713623
408.70000000000005,0.34585824608802795
408.8,0.3477161228656769
408.90000000000003,0.34027159214019775
409.0,0.33365198969841003
409.1,0.33139151334762573
409.20000000000005,0.3366684019565582
409.3,0.32419300079345703
409.40000000000003,0.32557910680770874
409.5,0.3308808505535126
409.6,0.3372158110141754
409.70000000000005,0.3337503969669342
409.8,0.3264425992965698
409.90000000000003,0.32438546419143677
410.0,0.3289179503917694
410.1,0.3265782296657562
410.20000000000005,0.32464471459388733
410.3,0.3274765908718109
410.40000000000003,0.32456859946250916
410.5,0.3271665871143341
410.6,0.3315447270870209
410.70000000000005,0.32657596468925476
410.8,0.3168269693851471
410.90000000000003,0.3314632773399353
411.0,0.3297942578792572
411.1,0.3268599510192871
411.20000000000005,0.3270171582698822
411.3,0.32189837098121643
411.40000000000003,0.33059534430503845
411.5,0.3276805579662323
411.6,0.3220674693584442
411.70000000000005,0.3219092786312103
411.8,0.3280208706855774
411.90000000000003,0.3219622075557709
412.0,0.3266167938709259
412.1,0.3243251144886017
412.20000000000005,0.3221365809440613
412.3,0.3234553337097168
412.40000000000003,0.32385364174842834
412.5,0.32980555295944214
412.6,0.3286185562610626
412.70000000000005,0.32496175169944763
412.8,0.32223832607269287
412.90000000000003,0.31438151001930237
413.0,0.3317057490348816
413.1,0.3213815689086914
413.20000000000005,0.31246405839920044
413.3,0.32940012216567993
413.40000000000003,0.3277725279331207
413.5,0.3209874927997589
413.6,0.3313518464565277
413.70000000000005,0.32966524362564087
413.8,0.3302479386329651
413.90000000000003,0.33025404810905457
414.0,0.3281964957714081
414.1,0.3120964765548706
414.20000000000005,0.32350295782089233
414.3,0.31315627694129944
414.40000000000003,0.32335904240608215
414.5,0.3236932158470154
414.6,0.3309178650379181
414.70000000000005,0.32646656036376953
414.8,0.3221715986728668
414.90000000000003,0.3255305290222168
415.0,0.3280666768550873
415.1,0.3285430669784546
415.20000000000005,0.32238057255744934
415.3,0.3214188516139984
415.40000000000003,0.3253007233142853
415.5,0.326698362827301
415.6,0.3237999379634857
415.70000000000005,0.3162752389907837
415.8,0.3254688084125519
415.90000000000003,0.31865394115448
416.0,0.3206998109817505
416.1,0.32357001304626465
416.20000000000005,0.3257156014442444
416.3,0.3222860097885132
416.40000000000003,0.32259297370910645
416.5,0.32238098978996277
416.6,0.32199692726135254
416.70000000000005,0.31382718682289124
416.8,0.3205283582210541
416.90000000000003,0.3135926425457001
417.0,0.3159450888633728
417.1,0.32810887694358826
417.20000000000005,0.3135126531124115
417.3,0.3193199038505554
417.40000000000003,0.3137020468711853
417.5,0.313167005777359
417.6,0.32793235778808594
417.70000000000005,0.31730979681015015
417.8,0.324419766664505
417.90000000000003,0.3106476664543152
418.0,0.31152769923210144
418.1,0.3158406913280487
418.20000000000005,0.31602340936660767
418.3,0.3142807185649872
418.40000000000003,0.3206001818180084
418.5,0.32246100902557373
418.6,0.31963685154914856
418.70000000000005,0.3138715326786041
418.8,0.3118967115879059
418.90000000000003,0.31027910113334656
419.0,0.3236863911151886
419.1,0.31578728556632996
419.20000000000005,0.30322355031967163
419.3,0.3127313554286957
419.40000000000003,0.3133177161216736
419.5,0.3085746169090271
419.6,0.31156793236732483
419.70000000000005,0.31343352794647217
419.8,0.3182801604270935
419.90000000000003,0.32163771986961365
420.0,0.3091859817504883
420.1,0.30997440218925476
420.20000000000005,0.3032621741294861
420.3,0.30949780344963074
420.40000000000003,0.316964715719223
420.5,0.3137524724006653
420.6,0.3008558750152588
420.70000000000005,0.3101594150066376
420.8,0.30574044585227966
420.90000000000003,0.29225707054138184
421.0,0.3054240643978119
421.1,0.3070421516895294
421.20000000000005,0.31119173765182495
421.3,0.3178061544895172
421.40000000000003,0.3248525857925415
421.5,0.3468606770038605
421.6,0.35926347970962524
421.70000000000005,0.3683146834373474
421.8,0.37905892729759216
421.90000000000003,0.38500115275382996
422.0,0.39806467294692993
422.1,0.40370625257492065
422.20000000000005,0.3982506990432739
422.3,0.39257392287254333
422.40000000000003,0.3819088339805603
422.5,0.370827853679657
422.6,0.36437493562698364
422.70000000000005,0.3569181561470032
422.8,0.35164567828178406
422.90000000000003,0.34661176800727844
423.0,0.35087907314300537
423.1,0.3480445444583893
423.20000000000005,0.3426057696342468
423.3,0.3414618968963623
423.40000000000003,0.34170886874198914
423.5,0.34027764201164246
423.6,0.3396047055721283
423.70000000000005,0.33606547117233276
423.8,0.34075096249580383
423.90000000000003,0.3347705006599426
424.0,0.32782724499702454
424.1,0.3407248854637146
424.20000000000005,0.3217761516571045
424.3,0.3330897390842438
424.40000000000003,0.3250153660774231
424.5,0.324542373418808
424.6,0.32670915126800537
424.70000000000005,0.3214291036128998
424.8,0.3235098123550415
424.90000000000003,0.3305894434452057
425.0,0.32264232635498047
425.1,0.326925128698349
425.20000000000005,0.32020142674446106
425.3,0.31584981083869934
425.40000000000003,0.3340642750263214
425.5,0.32610636949539185
425.6,0.3218592405319214
425.70000000000005,0.32564836740493774
425.8,0.3203763961791992
425.90000000000003,0.3239176869392395
426.0,0.3196772634983063
426.1,0.3313826620578766
426.20000000000005,0.3283737003803253
426.3,0.32488489151000977
426.40000000000003,0.3187379837036133
426.5,0.3174609839916229
426.6,0.31510379910469055
426.70000000000005,0.3245135247707367
426.8,0.32245564460754395
426.90000000000003,0.32548484206199646
427.0,0.3199109435081482
427.1,0.3115662932395935
427.20000000000005,0.3233596682548523
427.3,0.32112446427345276
427.40000000000003,0.3226030468940735
427.5,0.33066970109939575
427.6,0.328574001789093
427.70000000000005,0.32699286937713623
427.8,0.3211769163608551
427.90000000000003,0.3207602798938751
428.0,0.3088464140892029
428.1,0.3214123249053955
428.20000000000005,0.31222042441368103
428.3,0.3009657561779022
428.40000000000003,0.31134718656539917
428.5,0.3207468092441559
428.6,0.3258260190486908
428.70000000000005,0.32572510838508606
428.8,0.32387596368789673
428.90000000000003,0.3155650794506073
429.0,0.32324132323265076
429.1,0.3195018470287323
429.20000000000005,0.31812670826911926
429.3,0.3198765218257904
429.40000000000003,0.3160727024078369
429.5,0.31331148743629456
429.6,0.3207826018333435
429.70000000000005,0.3112819492816925
429.8,0.32542654871940613
429.90000000000003,0.3194020390510559
430.0,0.315023809671402
430.1,0.31761881709098816
430.20000000000005,0.3230075538158417
430.3,0.31040021777153015
430.40000000000003,0.3161728084087372
430.5,0.31894469261169434
430.6,0.30401554703712463
430.70000000000005,0.31320178508758545
430.8,0.31232479214668274
430.90000000000003,0.322776734828949
431.0,0.3106369078159332
431.1,0.3206612765789032
431.20000000000005,0.31176596879959106
431.3,0.3144983947277069
431.40000000000003,0.3110290467739105
431.5,0.3027423024177551
431.6,0.3083151578903198
431.70000000000005,0.30137142539024353
431.8,0.2993641495704651
431.90000000000003,0.31366604566574097
432.0,0.31026285886764526
432.1,0.3085872232913971
432.20000000000005,0.31052979826927185
432.3,0.33284589648246765
432.40000000000003,0.3436037003993988
432.5,0.35107895731925964
432.6,0.36246228218078613
432.70000000000005,0.37496957182884216
432.8,0.3838108479976654
432.90000000000003,0.3940337598323822
433.0,0.39783337712287903
433.1,0.4054020345211029
433.20000000000005,0.3970087170600891
433.3,0.397482305765152
433.40000000000003,0.38456612825393677
433.5,0.3827362060546875
433.6,0.3759048283100128
433.70000000000005,0.36463192105293274
433.8,0.3569619357585907
433.90000000000003,0.3587131202220917
434.0,0.3586595058441162
434.1,0.34855496883392334
434.20000000000005,0.3510970175266266
434.3,0.3369232416152954
434.40000000000003,0.3424554169178009
434.5,0.3427099287509918
434.6,0.33765944838523865
434.70000000000005,0.33585137128829956
434.8,0.33835166692733765
434.90000000000003,0.33083316683769226
435.0,0.34487399458885193
435.1,0.3241026997566223
435.20000000000005,0.3222058117389679
435.3,0.3258199989795685
435.40000000000003,0.33145350217819214
435.5,0.3311288356781006
435.6,0.33158937096595764
435.70000000000005,0.3235020041465759
435.8,0.32645049691200256
435.90000000000003,0.3298272490501404
436.0,0.32512250542640686
436.1,0.32148441672325134
436.20000000000005,0.3250032961368561
436.3,0.3282865583896637
436.40000000000003,0.32859864830970764
436.5,0.32406938076019287
436.6,0.3331252336502075
436.70000000000005,0.3180813193321228
436.8,0.3221697211265564
436.90000000000003,0.30820706486701965
437.0,0.30836623907089233
437.1,0.3322628438472748
437.20000000000005,0.3264654278755188
437.3,0.32835331559181213
437.40000000000003,0.32271572947502136
437.5,0.3291856348514557
437.6,0.32941824197769165
437.70000000000005,0.3265220820903778
437.8,0.3255862295627594
437.90000000000003,0.32538577914237976
438.0,0.3295101523399353
438.1,0.3124960958957672
438.20000000000005,0.3219515085220337
438.3,0.3250770568847656
438.40000000000003,0.32303112745285034
438.5,0.3249744176864624
438.6,0.3263334333896637
438.70000000000005,0.3182373046875
438.8,0.3211502134799957
438.90000000000003,0.315468430519104
439.0,0.3291812539100647
439.1,0.32315024733543396
439.20000000000005,0.32774028182029724
439.3,0.3221795856952667
439.40000000000003,0.32644641399383545
439.5,0.3256700932979584
439.6,0.320189505815506
439.70000000000005,0.31139910221099854
439.8,0.3130336403846741
439.90000000000003,0.3244587779045105
440.0,0.31795361638069153
440.1,0.3260157108306885
440.20000000000005,0.3276401460170746
440.3,0.3243235945701599
440.40000000000003,0.3220061957836151
440.5,0.32103270292282104
440.6,0.3233552873134613
440.70000000000005,0.3202632963657379
440.8,0.32444798946380615
440.90000000000003,0.3090903162956238
441.0,0.32329437136650085
441.1,0.316692590713501
441.20000000000005,0.319867879152298
441.3,0.3141411244869232
441.40000000000003,0.3125506341457367
441.5,0.31852149963378906
441.6,0.3273269534111023
441.70000000000005,0.3073643445968628
441.8,0.30650201439857483
441.90000000000003,0.3105586767196655
442.0,0.3013683557510376
442.1,0.3258858025074005
442.20000000000005,0.32195618748664856
442.3,0.3117811679840088
442.40000000000003,0.3154240846633911
442.5,0.31715577840805054
442.6,0.31369075179100037
442.70000000000005,0.3207339942455292
442.8,0.3158975839614868
442.90000000000003,0.3179038166999817
443.0,0.31021589040756226
443.1,0.3047979176044464
443.20000000000005,0.3129306733608246
443.3,0.32054948806762695
443.40000000000003,0.3075571060180664
443.5,0.30689796805381775
443.6,0.316128671169281
443.70000000000005,0.3093104362487793
443.8,0.29435229301452637
443.90000000000003,0.31064078211784363
444.0,0.3138108551502228
444.1,0.3142724633216858
444.20000000000005,0.31694111227989197
444.3,0.3310231566429138
444.40000000000003,0.3471318185329437
444.5,0.35457003116607666
444.6,0.36457666754722595
444.70000000000005,0.3770684003829956
444.8,0.3861001431941986
444.90000000000003,0.3948018252849579
445.0,0.39487531781196594
445.1,0.3983139991760254
445.20000000000005,0.37579795718193054
445.3,0.3771166503429413
445.40000000000003,0.3609960675239563
445.5,0.3588537275791168
445.6,0.36565926671028137
445.70000000000005,0.35795339941978455
445.8,0.3549024760723114
445.90000000000003,0.34922391176223755
446.0,0.3431888818740845
446.1,0.3424104154109955
446.20000000000005,0.3367728292942047
446.3,0.3343452215194702
446.40000000000003,0.3356737494468689
446.5,0.3403727114200592
446.6,0.33240848779678345
446.70000000000005,0.34037068486213684
446.8,0.33975425362586975
446.90000000000003,0.32486000657081604
447.0,0.3357192277908325
447.1,0.3346748650074005
447.20000000000005,0.32684972882270813
447.3,0.3271002173423767
447.40000000000003,0.3231150805950165
447.5,0.33158770203590393
447.6,0.3267371356487274
447.70000000000005,0.3272830843925476
447.8,0.32723087072372437
447.90000000000003,0.3307766616344452
448.0,0.32115113735198975
448.1,0.33158600330352783
448.20000000000005,0.33559101819992065
448.3,0.3216306269168854
448.40000000000003,0.3269062638282776
448.5,0.32174044847488403
448.6,0.31890806555747986
448.70000000000005,0.3230113983154297
448.8,0.3310086727142334
448.90000000000003,0.31023654341697693
449.0,0.3236393928527832
449.1,0.32658642530441284
449.20000000000005,0.3249143958091736
449.3,0.3245304822921753
449.40000000000003,0.3218027949333191
449.5,0.3277999758720398
449.6,0.3186481297016144
449.70000000000005,0.3313693702220917
449.8,0.3278074562549591
449.90000000000003,0.3299540579319
450.0,0.3205372989177704
450.1,0.3246079087257385
450.20000000000005,0.3280092179775238
450.3,0.32470837235450745
450.40000000000003,0.32097798585891724
450.5,0.3226298689842224
450.6,0.3212876319885254
450.70000000000005,0.3280806243419647
450.8,0.3284502625465393
450.90000000000003,0.3284578025341034
451.0,0.3245012164115906
451.1,0.33112382888793945
451.20000000000005,0.32561275362968445
451.3,0.3223509192466736
451.40000000000003,0.3175642490386963
451.5,0.32175391912460327
451.6,0.32933545112609863
451.70000000000005,0.32545092701911926
451.8,0.324221670627594
451.90000000000003,0.32211193442344666
452.0,0.3150956928730011
452.1,0.32271528244018555
452.20000000000005,0.32917553186416626
452.3,0.3189760744571686
452.40000000000003,0.33031371235847473
452.5,0.3127003014087677
452.6,0.3116650879383087
452.70000000000005,0.3235100209712982
452.8,0.313509464263916
452.90000000000003,0.31715771555900574
453.0,0.3199393153190613
453.1,0.3195247948169708
453.20000000000005,0.31513237953186035
453.3,0.3068845868110657
453.40000000000003,0.3161463737487793
453.5,0.3146976828575134
453.6,0.321181982755661
453.70000000000005,0.31460511684417725
453.8,0.3110879957675934
453.90000000000003,0.3175179064273834
454.0,0.3202933371067047
454.1,0.3170607388019562
454.20000000000005,0.3185172975063324
454.3,0.30895745754241943
454.40000000000003,0.31644415855407715
454.5,0.30979228019714355
454.6,0.3177747130393982
454.70000000000005,0.30392682552337646
454.8,0.3115335702896118
454.90000000000003,0.30897650122642517
455.0,0.3143620789051056
455.1,0.31223738193511963
455.20000000000005,0.31584230065345764
455.3,0.3074602484703064
455.40000000000003,0.3159596920013428
455.5,0.3068155348300934
455.6,0.3111746311187744
455.70000000000005,0.31325337290763855
455.8,0.30724501609802246
455.90000000000003,0.3123742938041687
456.0,0.31375738978385925
456.1,0.31569644808769226
456.20000000000005,0.3122721016407013
456.3,0.314487099647522
456.40000000000003,0.3074800670146942
456.50000000000006,0.31559088826179504
456.6,0.30831778049468994
456.70000000000005,0.3070453107357025
456.8,0.31368115544319153
456.90000000000003,0.3100784718990326
457.00000000000006,0.3082725405693054
457.1,0.3116689920425415
457.20000000000005,0.3002592921257019
457.3,0.30412590503692627
457.40000000000003,0.30723491311073303
457.50000000000006,0.3104258179664612
457.6,0.3058026134967804
457.70000000000005,0.295171856880188
457.8,0.30466428399086
457.90000000000003,0.3061304986476898
458.00000000000006,0.3087092638015747
458.1,0.30779168009757996
458.20000000000005,0.32775959372520447
458.3,0.33052220940589905
458.40000000000003,0.3582194447517395
458.50000000000006,0.3691297173500061
458.6,0.37637633085250854
458.70000000000005,0.38865169882774353
458.8,0.3980535864830017
458.90000000000003,0.40999844670295715
459.00000000000006,0.3940393030643463
459.1,0.3846466839313507
459.20000000000005,0.37688031792640686
459.3,0.3730405569076538
459.40000000000003,0.3791184425354004
459.50000000000006,0.3492373526096344
459.6,0.35164767503738403
459.70000000000005,0.34609144926071167
459.8,0.35553669929504395
459.90000000000003,0.35236674547195435
460.00000000000006,0.3468667268753052
460.1,0.3508172035217285
460.20000000000005,0.3411223888397217
460.3,0.3407857120037079
460.40000000000003,0.33301520347595215
460.50000000000006,0.34713461995124817
460.6,0.3353722095489502
460.70000000000005,0.3322966396808624
460.8,0.33458200097084045
460.90000000000003,0.31600069999694824
461.00000000000006,0.32814475893974304
461.1,0.3269885778427124
461.20000000000005,0.31882914900779724
461.3,0.3211679756641388
461.40000000000003,0.32572680711746216
461.50000000000006,0.3272545337677002
461.6,0.32711881399154663
461.70000000000005,0.3241432011127472
461.8,0.3366767168045044
461.90000000000003,0.3251273036003113
462.00000000000006,0.32672926783561707
462.1,0.3181841969490051
462.20000000000005,0.3236321210861206
462.3,0.32457178831100464
462.40000000000003,0.3243080973625183
462.50000000000006,0.32374492287635803
462.6,0.3309718370437622
462.70000000000005,0.33019202947616577
462.8,0.32034024596214294
462.90000000000003,0.32472801208496094
463.00000000000006,0.3232664465904236
463.1,0.3154163956642151
463.20000000000005,0.3217484951019287
463.3,0.3190893530845642
463.40000000000003,0.3217194974422455
463.50000000000006,0.3216142952442169
463.6,0.320137619972229
463.70000000000005,0.32209572196006775
463.8,0.3195532262325287
463.90000000000003,0.31808382272720337
464.00000000000006,0.32532528042793274
464.1,0.32568123936653137
464.20000000000005,0.32218867540359497
464.3,0.32404235005378723
464.40000000000003,0.3144740164279938
464.50000000000006,0.3255261778831482
464.6,0.31498992443084717
464.70000000000005,0.31677353382110596
464.8,0.31763097643852234
464.90000000000003,0.317877858877182
465.00000000000006,0.31062740087509155
465.1,0.318449467420578
465.20000000000005,0.32089436054229736
465.3,0.3161233067512512
465.40000000000003,0.3136293292045593
465.50000000000006,0.32024165987968445
465.6,0.31222474575042725
465.70000000000005,0.3209884464740753
465.8,0.31100669503211975
465.90000000000003,0.3099364936351776
466.00000000000006,0.31399253010749817
466.1,0.30305612087249756
466.20000000000005,0.31792566180229187
466.3,0.3257209360599518
466.40000000000003,0.3151361048221588
466.50000000000006,0.3072618842124939
466.6,0.3183501362800598
466.70000000000005,0.3156307339668274
466.8,0.31962162256240845
466.90000000000003,0.3173247277736664
467.00000000000006,0.31116658449172974
467.1,0.31346413493156433
467.20000000000005,0.3148292303085327
467.3,0.30281442403793335
467.40000000000003,0.3013298809528351
467.50000000000006,0.309429794549942
467.6,0.3124602437019348
467.70000000000005,0.31215670704841614
467.8,0.3082285523414612
467.90000000000003,0.2956465482711792
468.00000000000006,0.3005441427230835
468.1,0.31005415320396423
468.20000000000005,0.3042609989643097
468.3,0.3143470287322998
468.40000000000003,0.3302057981491089
468.50000000000006,0.3494182825088501
468.6,0.3510940968990326
468.70000000000005,0.360296368598938
468.8,0.3824821412563324
468.90000000000003,0.39258724451065063
469.00000000000006,0.39576485753059387
469.1,0.40186282992362976
469.20000000000005,0.3964449465274811
469.3,0.38775843381881714
469.40000000000003,0.37496504187583923
469.50000000000006,0.38691452145576477
469.6,0.36855176091194153
469.70000000000005,0.3704017400741577
469.8,0.3493284583091736
469.90000000000003,0.35884734988212585
470.00000000000006,0.351150780916214
470.1,0.3500267565250397
470.20000000000005,0.3466116786003113
470.3,0.340911865234375
470.40000000000003,0.34805649518966675
470.50000000000006,0.3287351727485657
470.6,0.3496248424053192
470.70000000000005,0.33928176760673523
470.8,0.3440772593021393
470.90000000000003,0.3346453607082367
471.00000000000006,0.3287684917449951
471.1,0.3266986608505249
471.20000000000005,0.33010944724082947
471.3,0.32288020849227905
471.40000000000003,0.31669050455093384
471.50000000000006,0.32078298926353455
471.6,0.3296258747577667
471.70000000000005,0.32468482851982117
471.8,0.3245159685611725
471.90000000000003,0.32480165362358093
472.00000000000006,0.32678142189979553
472.1,0.33367741107940674
472.20000000000005,0.31705453991889954
472.3,0.32540565729141235
472.40000000000003,0.3324161767959595
472.50000000000006,0.3301233649253845
472.6,0.32370951771736145
472.70000000000005,0.32452911138534546
472.8,0.3221120238304138
472.90000000000003,0.3293490409851074
473.00000000000006,0.31509923934936523
473.1,0.3277968168258667
473.20000000000005,0.3295651972293854
473.3,0.3259371519088745
473.40000000000003,0.33192214369773865
473.50000000000006,0.3242550194263458
473.6,0.3300548493862152
473.70000000000005,0.32862210273742676
473.8,0.32574063539505005
473.90000000000003,0.32500743865966797
474.00000000000006,0.32653361558914185
474.1,0.32791614532470703
474.20000000000005,0.32777348160743713
474.3,0.3199180066585541
474.40000000000003,0.33233925700187683
474.50000000000006,0.321032851934433
474.6,0.3205428719520569
474.70000000000005,0.32312172651290894
474.8,0.33639755845069885
474.90000000000003,0.3274078071117401
475.00000000000006,0.3172701895236969
475.1,0.3226970434188843
475.20000000000005,0.3314577341079712
475.3,0.3280031383037567
475.40000000000003,0.323497474193573
475.50000000000006,0.3158406913280487
475.6,0.3298329710960388
475.70000000000005,0.3309817910194397
475.8,0.32485640048980713
475.90000000000003,0.33203327655792236
476.00000000000006,0.32855474948883057
476.1,0.326704204082489
476.20000000000005,0.3091733455657959
476.3,0.3273114562034607
476.40000000000003,0.3267127573490143
476.50000000000006,0.3262433409690857
476.6,0.3205840289592743
476.70000000000005,0.33112823963165283
476.8,0.32844656705856323
476.90000000000003,0.3238294720649719
477.00000000000006,0.32784056663513184
477.1,0.31367480754852295
477.20000000000005,0.3236501216888428
477.3,0.3142164647579193
477.40000000000003,0.32482385635375977
477.50000000000006,0.32220014929771423
477.6,0.32616662979125977
477.70000000000005,0.31931617856025696
477.8,0.32166773080825806
477.90000000000003,0.31738588213920593
478.00000000000006,0.329441636800766
478.1,0.3272629976272583
478.20000000000005,0.32563477754592896
478.3,0.32466545701026917
478.40000000000003,0.32885316014289856
478.50000000000006,0.31707262992858887
478.6,0.3214298486709595
478.70000000000005,0.3274036645889282
478.8,0.32305431365966797
478.90000000000003,0.3171878457069397
479.00000000000006,0.32608088850975037
479.1,0.32617419958114624
479.20000000000005,0.323777437210083
479.3,0.32762932777404785
479.40000000000003,0.31635501980781555
479.50000000000006,0.3228384554386139
479.6,0.3213716745376587
479.70000000000005,0.32064288854599
479.8,0.30628153681755066
479.90000000000003,0.3165997564792633
480.00000000000006,0.3239659070968628
480.1,0.326398640871048
480.20000000000005,0.31637951731681824
480.3,0.3158826231956482
480.40000000000003,0.3189813196659088
480.50000000000006,0.31134480237960815
480.6,0.3175829350948334
480.70000000000005,0.3240518271923065
480.8,0.32084640860557556
480.90000000000003,0.3165551722049713
481.00000000000006,0.31950250267982483
481.1,0.315320760011673
481.20000000000005,0.30892568826675415
481.3,0.3170658051967621
481.40000000000003,0.3126200735569
481.50000000000006,0.31366389989852905
481.6,0.3167925179004669
481.70000000000005,0.3108251392841339
481.8,0.31387919187545776
481.90000000000003,0.31403905153274536
482.00000000000006,0.3080222010612488
482.1,0.30902108550071716
482.20000000000005,0.30468419194221497
482.3,0.3202333450317383
482.40000000000003,0.310305655002594
482.50000000000006,0.3098878860473633
482.6,0.31449976563453674
482.70000000000005,0.31431305408477783
482.8,0.3107825815677643
482.90000000000003,0.31133997440338135
483.00000000000006,0.32196715474128723
483.1,0.31470170617103577
483.20000000000005,0.30933359265327454
483.3,0.3131023347377777
483.40000000000003,0.30942338705062866
483.50000000000006,0.31714382767677307
483.6,0.3058433532714844
483.70000000000005,0.3175790309906006
483.8,0.30567461252212524
483.90000000000003,0.31028667092323303
484.00000000000006,0.30963632464408875
484.1,0.28957074880599976
484.20000000000005,0.3134266436100006
484.3,0.3004304766654968
484.40000000000003,0.307212769985199
484.50000000000006,0.32212233543395996
484.6,0.3237149119377136
484.70000000000005,0.3429327607154846
484.8,0.3597443401813507
484.90000000000003,0.3772641718387604
485.00000000000006,0.38089755177497864
485.1,0.38980093598365784
485.20000000000005,0.3978198170661926
485.3,0.4016019105911255
485.40000000000003,0.4057248830795288
485.50000000000006,0.399283230304718
485.6,0.3881787061691284
485.70000000000005,0.3789256811141968
485.8,0.37769079208374023
485.90000000000003,0.37320125102996826
486.00000000000006,0.3561357259750366
486.1,0.3596385717391968
486.20000000000005,0.35520145297050476
486.3,0.3522425591945648
486.40000000000003,0.35202375054359436
486.50000000000006,0.3437185287475586
486.6,0.3397728502750397
486.70000000000005,0.34642985463142395
486.8,0.3385782837867737
486.90000000000003,0.3371301591396332
487.00000000000006,0.3413682281970978
487.1,0.335446298122406
487.20000000000005,0.3276306688785553
487.3,0.3272249102592468
487.40000000000003,0.3290441036224365
487.50000000000006,0.3347892463207245
487.6,0.33093011379241943
487.70000000000005,0.33067187666893005
487.8,0.3217375874519348
487.90000000000003,0.3274093270301819
488.00000000000006,0.3234429359436035
488.1,0.3248722553253174
488.20000000000005,0.3336760401725769
488.3,0.318755567073822
488.40000000000003,0.32644766569137573
488.50000000000006,0.3237549364566803
488.6,0.3302077353000641
488.70000000000005,0.32379990816116333
488.8,0.32754892110824585
488.90000000000003,0.33094626665115356
489.00000000000006,0.3300167918205261
489.1,0.3252045810222626
489.20000000000005,0.32726138830184937
489.3,0.32414159178733826
489.40000000000003,0.32664528489112854
489.50000000000006,0.32287225127220154
489.6,0.32104215025901794
489.70000000000005,0.33138176798820496
489.8,0.3269447088241577
489.90000000000003,0.32625409960746765
490.00000000000006,0.32549571990966797
490.1,0.3180367648601532
490.20000000000005,0.33193671703338623
490.3,0.31972724199295044
490.40000000000003,0.323850154876709
490.50000000000006,0.3191014528274536
490.6,0.3302154541015625
490.70000000000005,0.31331872940063477
490.8,0.3216674029827118
490.90000000000003,0.3276509642601013
491.00000000000006,0.32652154564857483
491.1,0.3230249285697937
491.20000000000005,0.3225574195384979
491.3,0.3263609707355499
491.40000000000003,0.31777137517929077
491.50000000000006,0.31505829095840454
491.6,0.32663896679878235
491.70000000000005,0.32088908553123474
491.8,0.31345614790916443
491.90000000000003,0.3235430121421814
492.00000000000006,0.32039952278137207
492.1,0.3246600031852722
492.20000000000005,0.31236669421195984
492.3,0.3189783990383148
492.40000000000003,0.3213264048099518
492.50000000000006,0.3224073350429535
492.6,0.32337087392807007
492.70000000000005,0.3077870011329651
492.8,0.32421860098838806
492.90000000000003,0.3104305565357208
493.00000000000006,0.31740817427635193
493.1,0.31619343161582947
493.20000000000005,0.3203757703304291
493.3,0.32893770933151245
493.40000000000003,0.31285327672958374
493.50000000000006,0.3259321451187134
493.6,0.3192264139652252
493.70000000000005,0.31066200137138367
493.8,0.3201424777507782
493.90000000000003,0.308868944644928
494.00000000000006,0.31476789712905884
494.1,0.3145563006401062
494.20000000000005,0.3097262978553772
494.3,0.3195895552635193
494.40000000000003,0.324922651052475
494.50000000000006,0.3132440447807312
494.6,0.31913915276527405
494.70000000000005,0.32055312395095825
494.8,0.30955034494400024
494.90000000000003,0.3047243356704712
495.00000000000006,0.31583577394485474
495.1,0.3193129003047943
495.20000000000005,0.3167232573032379
495.3,0.3208509087562561
495.40000000000003,0.3142099976539612
495.50000000000006,0.30581220984458923
495.6,0.3111639618873596
495.70000000000005,0.31010833382606506
495.8,0.3148697018623352
495.90000000000003,0.3093828856945038
496.00000000000006,0.30704131722450256
496.1,0.3037170469760895
496.20000000000005,0.30866914987564087
496.3,0.30552569031715393
496.40000000000003,0.3089781403541565
496.50000000000006,0.31221017241477966
496.6,0.3101154565811157
496.70000000000005,0.3059571385383606
496.8,0.3026205897331238
496.90000000000003,0.3067469000816345
497.00000000000006,0.3104943037033081
497.1,0.29970303177833557
497.20000000000005,0.30669456720352173
497.3,0.31339871883392334
497.40000000000003,0.30662423372268677
497.50000000000006,0.32463353872299194
497.6,0.32357099652290344
497.70000000000005,0.33393213152885437
497.8,0.3515614867210388
497.90000000000003,0.36554089188575745
498.00000000000006,0.37370869517326355
498.1,0.37942221760749817
498.20000000000005,0.4000362753868103
498.3,0.4029431939125061
498.40000000000003,0.3941296339035034
498.50000000000006,0.40373045206069946
498.6,0.3892626166343689
498.70000000000005,0.3823338747024536
498.8,0.38071706891059875
498.90000000000003,0.37512093782424927
499.00000000000006,0.3663468658924103
499.1,0.34694355726242065
499.20000000000005,0.3518370985984802
499.3,0.3563934564590454
499.40000000000003,0.3426724970340729
499.50000000000006,0.34112799167633057
499.6,0.3439982533454895
499.70000000000005,0.33782196044921875
499.8,0.34450939297676086
499.90000000000003,0.3364826738834381
500.00000000000006,0.3439185321331024
500.1,0.34250983595848083
500.20000000000005,0.33510395884513855
500.3,0.3312842845916748
500.40000000000003,0.3250221908092499
500.50000000000006,0.32923683524131775
500.6,0.3178250193595886
500.70000000000005,0.3423544764518738
500.8,0.32925742864608765
500.90000000000003,0.32806089520454407
501.00000000000006,0.3183920383453369
501.1,0.3312835395336151
501.20000000000005,0.33053138852119446
501.3,0.3262595236301422
501.40000000000003,0.3264619708061218
501.50000000000006,0.3241822123527527
501.6,0.3280910551548004
501.70000000000005,0.32509690523147583
501.8,0.319070965051651
501.90000000000003,0.3192274570465088
502.00000000000006,0.3310045897960663
502.1,0.32567086815834045
502.20000000000005,0.32918816804885864
502.3,0.3146316707134247
502.40000000000003,0.3294416666030884
502.50000000000006,0.323482483625412
502.6,0.32419925928115845
502.70000000000005,0.3212771415710449
502.8,0.3175821006298065
502.90000000000003,0.3178100883960724
503.00000000000006,0.3148466944694519
503.1,0.3273515999317169
503.20000000000005,0.3232826888561249
503.3,0.3291986882686615
503.40000000000003,0.3241569995880127
503.50000000000006,0.3229810893535614
503.6,0.3208150863647461
503.70000000000005,0.32397258281707764
503.8,0.3254350423812866
503.90000000000003,0.327681303024292
504.00000000000006,0.3236088454723358
504.1,0.31035351753234863
504.20000000000005,0.32128003239631653
504.3,0.3141899108886719
504.40000000000003,0.3190889358520508
504.50000000000006,0.3212805986404419
504.6,0.3116872012615204
504.70000000000005,0.3200426399707794
504.8,0.3166283071041107
504.90000000000003,0.31362757086753845
505.00000000000006,0.3223457932472229
505.1,0.31789255142211914
505.20000000000005,0.3197552263736725
505.3,0.3167939782142639
505.40000000000003,0.30842122435569763
505.50000000000006,0.317013144493103
505.6,0.32380571961402893
505.70000000000005,0.31717798113822937
505.8,0.31452980637550354
505.90000000000003,0.30830270051956177
506.00000000000006,0.32326674461364746
506.1,0.31070056557655334
506.20000000000005,0.31226107478141785
506.3,0.32478174567222595
506.40000000000003,0.3164743185043335
506.50000000000006,0.3186112344264984
506.6,0.3134255111217499
506.70000000000005,0.31234997510910034
506.8,0.3191603124141693
506.90000000000003,0.3141859471797943
507.00000000000006,0.3194153308868408
507.1,0.30855047702789307
507.20000000000005,0.31326714158058167
507.3,0.31833863258361816
507.40000000000003,0.3113153576850891
507.50000000000006,0.31456050276756287
507.6,0.31347227096557617
507.70000000000005,0.31198999285697937
507.8,0.3139761686325073
507.90000000000003,0.3186310827732086
508.00000000000006,0.3120410144329071
508.1,0.3060998320579529
508.20000000000005,0.31668582558631897
508.3,0.30865171551704407
508.40000000000003,0.30946826934814453
508.50000000000006,0.3077061176300049
508.6,0.3015564978122711
508.70000000000005,0.2997494041919708
508.8,0.31329768896102905
508.90000000000003,0.306509405374527
509.00000000000006,0.30517178773880005
509.1,0.3151654899120331
509.20000000000005,0.32192134857177734
509.3,0.3437398076057434
509.40000000000003,0.3530091941356659
509.50000000000006,0.36562344431877136
509.6,0.3864816427230835
509.70000000000005,0.38776853680610657
509.8,0.4060134291648865
509.90000000000003,0.39880800247192383
510.00000000000006,0.4002891778945923
510.1,0.39093518257141113
510.20000000000005,0.387101948261261
510.3,0.3856091797351837
510.40000000000003,0.365291953086853
510.50000000000006,0.36719071865081787
510.6,0.36371198296546936
510.70000000000005,0.3561899960041046
510.8,0.3496471047401428
510.90000000000003,0.34712129831314087
511.00000000000006,0.33843642473220825
511.1,0.3423904776573181
511.20000000000005,0.3328096270561218
511.3,0.34247416257858276
511.40000000000003,0.33263593912124634
511.50000000000006,0.33923104405403137
511.6,0.3448387086391449
511.70000000000005,0.33611202239990234
511.8,0.32577723264694214
511.90000000000003,0.33408617973327637
512.0,0.3271469473838806
512.1,0.3280007243156433
512.2,0.32569169998168945
512.3000000000001,0.3289576768875122
512.4,0.3273933231830597
512.5,0.3360578715801239
512.6,0.3144570589065552
512.7,0.32088974118232727
512.8000000000001,0.3317534029483795
512.9,0.3301847577095032
513.0,0.3243182897567749
513.1,0.316235214471817
513.2,0.326349675655365
513.3000000000001,0.32113179564476013
513.4,0.32766905426979065
513.5,0.33058667182922363
513.6,0.3283756971359253
513.7,0.3266833424568176
513.8000000000001,0.32545050978660583
513.9,0.3264806866645813
514.0,0.3291248679161072
514.1,0.33056291937828064
514.2,0.32676413655281067
514.3000000000001,0.32712405920028687
514.4,0.32635849714279175
514.5,0.3194790482521057
514.6,0.31775403022766113
514.7,0.3148980736732483
514.8000000000001,0.3276430368423462
514.9,0.3259129822254181
515.0,0.32687908411026
515.1,0.31688639521598816
515.2,0.3136289417743683
515.3000000000001,0.3224981725215912
515.4,0.3171393573284149
515.5,0.32127222418785095
515.6,0.32500800490379333
515.7,0.32405367493629456
515.8000000000001,0.32948464155197144
515.9,0.3245640695095062
516.0,0.32655325531959534
516.1,0.3215067982673645
516.2,0.31101635098457336
516.3000000000001,0.32224124670028687
516.4,0.320094496011734
516.5,0.3217979669570923
516.6,0.31846198439598083
516.7,0.31854134798049927
516.8000000000001,0.32651108503341675
516.9,0.3212001919746399
517.0,0.32551679015159607
517.1,0.31435784697532654
517.2,0.3301524519920349
517.3000000000001,0.31659603118896484
517.4,0.3203173279762268
517.5,0.32142144441604614
517.6,0.3235970735549927
517.7,0.319476455450058
517.8000000000001,0.3279663622379303
517.9,0.32150179147720337
518.0,0.31832900643348694
518.1,0.31208306550979614
518.2,0.31900009512901306
518.3000000000001,0.3160903751850128
518.4,0.31537869572639465
518.5,0.3101745545864105
518.6,0.3165455162525177
518.7,0.3145392835140228
518.8000000000001,0.3172247111797333
518.9,0.3124850392341614
519.0,0.32202398777008057
519.1,0.31158605217933655
519.2,0.32240891456604004
519.3000000000001,0.30776888132095337
519.4,0.30905410647392273
519.5,0.321026474237442
519.6,0.3182654082775116
519.7,0.3112698495388031
519.8000000000001,0.31650131940841675
519.9,0.31163159012794495
520.0,0.3058013617992401
520.1,0.32055535912513733
520.2,0.31260842084884644
520.3000000000001,0.3031570017337799
520.4,0.31013643741607666
520.5,0.3192635178565979
520.6,0.307440847158432
520.7,0.3100685477256775
520.8000000000001,0.30386701226234436
520.9,0.3093564808368683
521.0,0.3111363351345062
521.1,0.3079572319984436
521.2,0.3105909526348114
521.3000000000001,0.31302887201309204
521.4,0.30908527970314026
521.5,0.31260427832603455
521.6,0.30575335025787354
521.7,0.30957120656967163
521.8000000000001,0.3131006062030792
521.9,0.2980850040912628
522.0,0.3140293061733246
522.1,0.3073433041572571
522.2,0.30399495363235474
522.3000000000001,0.31653591990470886
522.4,0.33839333057403564
522.5,0.34176507592201233
522.6,0.35433730483055115
522.7,0.36543455719947815
522.8000000000001,0.38031405210494995
522.9,0.3974010944366455
523.0,0.402374804019928
523.1,0.3986271321773529
523.2,0.3951572775840759
523.3000000000001,0.38955017924308777
523.4,0.3861822187900543
523.5,0.37876495718955994
523.6,0.3673742115497589
523.7,0.3697822690010071
523.8000000000001,0.3610225021839142
523.9,0.3537707030773163
524.0,0.3588370978832245
524.1,0.348378986120224
524.2,0.34572845697402954
524.3000000000001,0.3431357443332672
524.4,0.326393187046051
524.5,0.33836448192596436
524.6,0.33643537759780884
524.7,0.34114745259284973
524.8000000000001,0.34298402070999146
524.9,0.3269820213317871
525.0,0.33428582549095154
525.1,0.32876619696617126
525.2,0.3256233334541321
525.3000000000001,0.3242667019367218
525.4,0.3245224952697754
525.5,0.3213459849357605
525.6,0.32798856496810913
525.7,0.3312346935272217
525.8000000000001,0.32942891120910645
525.9,0.3265019953250885
526.0,0.3269572854042053
526.1,0.32194221019744873
526.2,0.32338517904281616
526.3000000000001,0.3148682713508606
526.4,0.3258167803287506
526.5,0.30875083804130554
526.6,0.3233236074447632
526.7,0.32523664832115173
526.8000000000001,0.3288956880569458
526.9,0.32112419605255127
527.0,0.3155357241630554
527.1,0.3326984643936157
527.2,0.3212707042694092
527.3000000000001,0.3166777491569519
527.4,0.32792672514915466
527.5,0.32650837302207947
527.6,0.3081446588039398
527.7,0.325787752866745
527.8000000000001,0.3140307664871216
527.9,0.3316117227077484
528.0,0.31500259041786194
528.1,0.32330161333084106
528.2,0.32088908553123474
528.3000000000001,0.3206520676612854
528.4,0.3252793848514557
528.5,0.3202205002307892
528.6,0.32341963052749634
528.7,0.31994667649269104
528.8000000000001,0.31946632266044617
528.9,0.3166733682155609
529.0,0.3192974627017975
529.1,0.3166610598564148
529.2,0.317469984292984
529.3000000000001,0.3229268193244934
529.4,0.3117697536945343
529.5,0.3133277893066406
529.6,0.3218848407268524
529.7,0.3209644854068756
529.8000000000001,0.32555335760116577
529.9,0.33058619499206543
530.0,0.31231486797332764
530.1,0.3138306140899658
530.2,0.32148274779319763
530.3000000000001,0.3245789110660553
530.4,0.31158530712127686
530.5,0.316840797662735
530.6,0.3172045350074768
530.7,0.3168668746948242
530.8000000000001,0.3114062547683716
530.9,0.3173370361328125
531.0,0.3117360770702362
531.1,0.3121969401836395
531.2,0.3160231113433838
531.3000000000001,0.32035326957702637
531.4,0.30959761142730713
531.5,0.31620240211486816
531.6,0.31979072093963623
531.7,0.3051272928714752
531.8000000000001,0.31241464614868164
531.9,0.308001309633255
532.0,0.3114856481552124
532.1,0.3157530426979065
532.2,0.30435654520988464
532.3000000000001,0.3090333640575409
532.4,0.3133731782436371
532.5,0.31234821677207947
532.6,0.30501431226730347
532.7,0.3063216805458069
532.8000000000001,0.31228992342948914
532.9,0.3141970634460449
533.0,0.31053081154823303
533.1,0.31155985593795776
533.2,0.30613794922828674
533.3000000000001,0.30346107482910156
533.4,0.31145721673965454
533.5,0.3057606518268585
533.6,0.302635133266449
533.7,0.30976980924606323
533.8000000000001,0.2905326783657074
533.9,0.31517714262008667
534.0,0.30263984203338623
534.1,0.3095282018184662
534.2,0.3160364031791687
534.3000000000001,0.3279283046722412
534.4,0.3366985023021698
534.5,0.3595273792743683
534.6,0.3732660710811615
534.7,0.3869692385196686
534.8000000000001,0.39343738555908203
534.9,0.3940625488758087
535.0,0.40380382537841797
535.1,0.3963254690170288
535.2,0.39692994952201843
535.3000000000001,0.3902588486671448
535.4,0.3830335736274719
535.5,0.37466534972190857
535.6,0.3642580211162567
535.7,0.35834452509880066
535.8000000000001,0.3587400019168854
535.9,0.3526853024959564
536.0,0.34948572516441345
536.1,0.3494180738925934
536.2,0.34882551431655884
536.3000000000001,0.3397896885871887
536.4,0.34459221363067627
536.5,0.33584117889404297
536.6,0.34396567940711975
536.7,0.3327009379863739
536.8000000000001,0.3476254343986511
536.9,0.33996719121932983
537.0,0.3280506432056427
537.1,0.32245057821273804
537.2,0.3231296241283417
537.3000000000001,0.315971702337265
537.4,0.3264812231063843
537.5,0.3228912651538849
537.6,0.31976959109306335
537.7,0.320995956659317
537.8000000000001,0.3182371258735657
537.9,0.3239240348339081
538.0,0.3248341977596283
538.1,0.32351288199424744
538.2,0.3305805027484894
538.3000000000001,0.32633060216903687
538.4,0.32074615359306335
538.5,0.3265690505504608
538.6,0.32738563418388367
538.7,0.3206392824649811
538.8000000000001,0.3191491961479187
538.9,0.3192644715309143
539.0,0.32635051012039185
539.1,0.3241618573665619
539.2,0.3284980058670044
539.3000000000001,0.31980419158935547
539.4,0.32389456033706665
539.5,0.3262108266353607
539.6,0.31728294491767883
539.7,0.3244471549987793
539.8000000000001,0.3221017122268677
539.9,0.32785263657569885
540.0,0.320157915353775
540.1,0.31111034750938416
540.2,0.3206964135169983
540.3000000000001,0.3048470616340637
540.4,0.3248705267906189
540.5,0.31955382227897644
540.6,0.32274129986763
540.7,0.32425788044929504
540.8000000000001,0.31929811835289
540.9,0.31823503971099854
541.0,0.31714311242103577
541.1,0.316755086183548
541.2,0.32342979311943054
541.3000000000001,0.31212201714515686
541.4,0.3202303647994995
541.5,0.3268330693244934
541.6,0.3210485875606537
541.7,0.3207259178161621
541.8000000000001,0.322246253490448
541.9,0.3119904696941376
542.0,0.31467679142951965
542.1,0.3128134310245514
542.2,0.31676679849624634
542.3000000000001,0.3124891519546509
542.4,0.31557849049568176
542.5,0.3221977949142456
542.6,0.32185834646224976
542.7,0.3089434504508972
542.8000000000001,0.3102695345878601
542.9,0.3191482722759247
543.0,0.3173607289791107
543.1,0.310889333486557
543.2,0.316947877407074
543.3000000000001,0.3125815689563751
543.4,0.3150816261768341
543.5,0.3228790760040283
543.6,0.30853742361068726
543.7,0.315024733543396
543.8000000000001,0.3143641948699951
543.9,0.31576666235923767
544.0,0.3028743863105774
544.1,0.318092942237854
544.2,0.29817500710487366
544.3000000000001,0.3069058656692505
544.4,0.3108375072479248
544.5,0.3095862567424774
544.6,0.3119350075721741
544.7,0.3321298360824585
544.8000000000001,0.34448355436325073
544.9,0.3642371892929077
545.0,0.35910049080848694
545.1,0.3786804974079132
545.2,0.3920399844646454
545.3000000000001,0.3903762102127075
545.4,0.4031387269496918
545.5,0.39498403668403625
545.6,0.38923490047454834
545.7,0.3776412308216095
545.8000000000001,0.3696255087852478
545.9,0.36678585410118103
546.0,0.36407801508903503
546.1,0.35388389229774475
546.2,0.35307377576828003
546.3000000000001,0.3460896611213684
546.4,0.3404523432254791
546.5,0.34346064925193787
546.6,0.3457922339439392
546.7,0.33700233697891235
546.8000000000001,0.3390319049358368
546.9,0.330462783575058
547.0,0.33740028738975525
547.1,0.33410292863845825
547.2,0.3387928307056427
547.3000000000001,0.32563555240631104
547.4,0.32427701354026794
547.5,0.329723596572876
547.6,0.3260423243045807
547.7,0.32363831996917725
547.8000000000001,0.3281152546405792
547.9000000000001,0.3315456211566925
548.0,0.32381322979927063
548.1,0.32190078496932983
548.2,0.3274102210998535
548.3000000000001,0.32822537422180176
548.4000000000001,0.3282415270805359
548.5,0.33387309312820435
548.6,0.32048505544662476
548.7,0.32610437273979187
548.8000000000001,0.3265129625797272
548.9000000000001,0.3078549802303314
549.0,0.3214947581291199
549.1,0.32923194766044617
549.2,0.32586470246315
549.3000000000001,0.32871487736701965
549.4000000000001,0.32929036021232605
549.5,0.3287961483001709
549.6,0.3316592574119568
549.7,0.3293212354183197
549.8000000000001,0.32571715116500854
549.9000000000001,0.3142305910587311
550.0,0.32673877477645874
550.1,0.320403128862381
550.2,0.32250502705574036
550.3000000000001,0.327468603849411
550.4000000000001,0.32051679491996765
550.5,0.32694193720817566
550.6,0.33640962839126587
550.7,0.32775190472602844
550.8000000000001,0.33539503812789917
550.9000000000001,0.3243381381034851
551.0,0.3262816369533539
551.1,0.32255077362060547
551.2,0.3299604654312134
551.3000000000001,0.3184424340724945
551.4000000000001,0.32113897800445557
551.5,0.3315200209617615
551.6,0.32943257689476013
551.7,0.3253834843635559
551.8000000000001,0.3245396018028259
551.9000000000001,0.3299916684627533
552.0,0.3127148449420929
552.1,0.32181891798973083
552.2,0.3202032446861267
552.3000000000001,0.32591283321380615
552.4000000000001,0.31847020983695984
552.5,0.3228726089000702
552.6,0.3253905773162842
552.7,0.32385024428367615
552.8000000000001,0.3251410126686096
552.9000000000001,0.3333403170108795
553.0,0.32817795872688293
553.1,0.32173579931259155
553.2,0.3241329789161682
553.3000000000001,0.32135310769081116
553.4000000000001,0.31059587001800537
553.5,0.3224690556526184
553.6,0.31590598821640015
553.7,0.317518949508667
553.8000000000001,0.31621310114860535
553.9000000000001,0.31370192766189575
554.0,0.32174718379974365
554.1,0.32033219933509827
554.2,0.31491613388061523
554.3000000000001,0.3229324221611023
554.4000000000001,0.32820892333984375
554.5,0.31908127665519714
554.6,0.31315213441848755
554.7,0.3263128995895386
554.8000000000001,0.31173276901245117
554.9000000000001,0.32157278060913086
555.0,0.3168882131576538
555.1,0.31158825755119324
555.2,0.3237797021865845
555.3000000000001,0.315489262342453
555.4000000000001,0.3187543451786041
555.5,0.3170325458049774
555.6,0.3109535872936249
555.7,0.31611838936805725
555.8000000000001,0.32334062457084656
555.9000000000001,0.3114781379699707
556.0,0.3201228976249695
556.1,0.30613356828689575
556.2,0.31738898158073425
556.3000000000001,0.31642067432403564
556.4000000000001,0.30715835094451904
556.5,0.3127617835998535
556.6,0.31288695335388184
556.7,0.31437328457832336
556.8000000000001,0.3029651343822479
556.9000000000001,0.30836012959480286
557.0,0.312880277633667
557.1,0.31724366545677185
557.2,0.3149673342704773
557.3000000000001,0.3108469843864441
557.4000000000001,0.30352941155433655
557.5,0.31258541345596313
557.6,0.3112947642803192
557.7,0.3106990456581116
557.8000000000001,0.30237510800361633
557.9000000000001,0.3105902671813965
558.0,0.3053595721721649
558.1,0.3047345280647278
558.2,0.2958746552467346
558.3000000000001,0.3016617000102997
558.4000000000001,0.29564663767814636
558.5,0.30414676666259766
558.6,0.31236061453819275
558.7,0.33091840147972107
558.8000000000001,0.34642142057418823
558.9000000000001,0.35649028420448303
559.0,0.3690306842327118
559.1,0.3740549683570862
559.2,0.3931629955768585
559.3000000000001,0.404206782579422
559.4000000000001,0.4001156985759735
559.5,0.4095497131347656
559.6,0.38864240050315857
559.7,0.39447009563446045
559.8000000000001,0.3713117241859436
559.9000000000001,0.3741876184940338
560.0,0.3734109401702881
560.1,0.36601993441581726
560.2,0.36668235063552856
560.3000000000001,0.34624379873275757
560.4000000000001,0.34777960181236267
560.5,0.3396306335926056
560.6,0.34827688336372375
560.7,0.33464619517326355
560.8000000000001,0.3443346321582794
560.9000000000001,0.34643229842185974
561.0,0.34150898456573486
561.1,0.32640764117240906
561.2,0.3353080749511719
561.3000000000001,0.33607032895088196
561.4000000000001,0.32437795400619507
561.5,0.323997437953949
561.6,0.33279797434806824
561.7,0.33608749508857727
561.8000000000001,0.3258804976940155
561.9000000000001,0.31499430537223816
562.0,0.32689782977104187
562.1,0.3174911439418793
562.2,0.3298708200454712
562.3000000000001,0.32607442140579224
562.4000000000001,0.3315233588218689
562.5,0.324079692363739
562.6,0.32152289152145386
562.7,0.3325432538986206
562.8000000000001,0.3262544572353363
562.9000000000001,0.32782894372940063
563.0,0.3233538568019867
563.1,0.32221540808677673
563.2,0.32807251811027527
563.3000000000001,0.3127710819244385
563.4000000000001,0.3262886106967926
563.5,0.3352816104888916
563.6,0.3237946927547455
563.7,0.33457157015800476
563.8000000000001,0.3302980661392212
563.9000000000001,0.3279540538787842
564.0,0.3287024199962616
564.1,0.32576191425323486
564.2,0.3186706304550171
564.3000000000001,0.32217830419540405
564.4000000000001,0.3171924650669098
564.5,0.3187554180622101
564.6,0.32627081871032715
564.7,0.3170858323574066
564.8000000000001,0.3277032971382141
564.9000000000001,0.32749229669570923
565.0,0.32679682970046997
565.1,0.32613441348075867
565.2,0.3241623342037201
565.3000000000001,0.3261927664279938
565.4000000000001,0.32854771614074707
565.5,0.31503650546073914
565.6,0.3215259313583374
565.7,0.32390809059143066
565.8000000000001,0.32844188809394836
565.9000000000001,0.330049991607666
566.0,0.3249436020851135
566.1,0.32577964663505554
566.2,0.3262111246585846
566.3000000000001,0.31321072578430176
566.4000000000001,0.3259335458278656
566.5,0.3264433741569519
566.6,0.32284462451934814
566.7,0.3294453024864197
566.8000000000001,0.32613497972488403
566.9000000000001,0.3120880424976349
567.0,0.32045993208885193
567.1,0.32208800315856934
567.2,0.32328325510025024
567.3000000000001,0.3217650353908539
567.4000000000001,0.32430577278137207
567.5,0.3053407669067383
567.6,0.31486979126930237
567.7,0.32062092423439026
567.8000000000001,0.3231460750102997
567.9000000000001,0.3247048556804657
568.0,0.3191862106323242
568.1,0.32356831431388855
568.2,0.30861613154411316
568.3000000000001,0.3211556673049927
568.4000000000001,0.31784552335739136
568.5,0.3155781626701355
568.6,0.3204820454120636
568.7,0.3127502501010895
568.8000000000001,0.31863850355148315
568.9000000000001,0.30556511878967285
569.0,0.3207842707633972
569.1,0.3112340569496155
569.2,0.3154582679271698
569.3000000000001,0.3249213993549347
569.4000000000001,0.31592947244644165
569.5,0.3263527452945709
569.6,0.3147737979888916
569.7,0.3210523724555969
569.8000000000001,0.3150116503238678
569.9000000000001,0.3169706165790558
570.0,0.32145780324935913
570.1,0.3157302439212799
570.2,0.3168940246105194
570.3000000000001,0.3018794655799866
570.4000000000001,0.31172502040863037
570.5,0.31226596236228943
570.6,0.3114304542541504
570.7,0.3121412694454193
570.8000000000001,0.31385380029678345
570.9000000000001,0.3144721984863281
571.0,0.31629863381385803
571.1,0.3113294541835785
571.2,0.3061167001724243
571.3000000000001,0.30526646971702576
571.4000000000001,0.31731340289115906
571.5,0.31389737129211426
571.6,0.3159501254558563
571.7,0.31432536244392395
571.8000000000001,0.3133001923561096
571.9000000000001,0.31484532356262207
572.0,0.30803415179252625
572.1,0.31342825293540955
572.2,0.3115493357181549
572.3000000000001,0.3101549744606018
572.4000000000001,0.31234028935432434
572.5,0.3097541630268097
572.6,0.30066391825675964
572.7,0.29794853925704956
572.8000000000001,0.31635528802871704
572.9000000000001,0.30893996357917786
573.0,0.31156671047210693
573.1,0.3144734501838684
573.2,0.32235845923423767
573.3000000000001,0.34002766013145447
573.4000000000001,0.358856201171875
573.5,0.3639599084854126
573.6,0.3760782778263092
573.7,0.3861439526081085
573.8000000000001,0.39014336466789246
573.9000000000001,0.3919174075126648
574.0,0.39275848865509033
574.1,0.38946160674095154
574.2,0.3805466294288635
574.3000000000001,0.37344396114349365
574.4000000000001,0.35691744089126587
574.5,0.35650184750556946
574.6,0.3582990765571594
574.7,0.3501696288585663
574.8000000000001,0.34073111414909363
574.9000000000001,0.348030686378479
575.0,0.34201517701148987
575.1,0.34553831815719604
575.2,0.33337923884391785
575.3000000000001,0.3399296700954437
575.4000000000001,0.3295800983905792
575.5,0.32646992802619934
575.6,0.3303644359111786
575.7,0.33568084239959717
575.8000000000001,0.32911866903305054
575.9000000000001,0.3278402090072632
576.0,0.32176473736763
576.1,0.3297687768936157
576.2,0.3269040584564209
576.3000000000001,0.31763195991516113
576.4000000000001,0.3202057182788849
576.5,0.3115066587924957
576.6,0.33227941393852234
576.7,0.3237236440181732
576.8000000000001,0.33183133602142334
576.9000000000001,0.3230796456336975
577.0,0.3273797929286957
577.1,0.3251301944255829
577.2,0.322802871465683
577.3000000000001,0.32540595531463623
577.4000000000001,0.32671016454696655
577.5,0.32911160588264465
577.6,0.3251114785671234
577.7,0.32793936133384705
577.8000000000001,0.32785770297050476
577.9000000000001,0.32725122570991516
578.0,0.3183791935443878
578.1,0.32862064242362976
578.2,0.32249945402145386
578.3000000000001,0.32961708307266235
578.4000000000001,0.31967800855636597
578.5,0.3297480046749115
578.6,0.32691866159439087
578.7,0.32168158888816833
578.8000000000001,0.31926071643829346
578.9000000000001,0.31942498683929443
579.0,0.32337671518325806
579.1,0.31421777606010437
579.2,0.32752323150634766
579.3000000000001,0.3210453689098358
579.4000000000001,0.3245791494846344
579.5,0.3224952816963196
579.6,0.3212163746356964
579.7,0.3301107585430145
579.8000000000001,0.31863313913345337
579.9000000000001,0.32414713501930237
580.0,0.3170795440673828
580.1,0.32452407479286194
580.2,0.3202037215232849
580.3000000000001,0.3247835040092468
580.4000000000001,0.3159222900867462
580.5,0.3146475851535797
580.6,0.31122925877571106
580.7,0.31687650084495544
580.8000000000001,0.32024461030960083
580.9000000000001,0.3175027072429657
581.0,0.31589025259017944
581.1,0.3160373866558075
581.2,0.32646262645721436
581.3000000000001,0.3178153336048126
581.4000000000001,0.3218849301338196
581.5,0.32361719012260437
581.6,0.3209247589111328
581.7,0.3236443102359772
581.8000000000001,0.3121674954891205
581.9000000000001,0.3163439929485321
582.0,0.3138655126094818
582.1,0.3148881793022156
582.2,0.31344926357269287
582.3000000000001,0.3020840287208557
582.4000000000001,0.3162686824798584
582.5,0.31812915205955505
582.6,0.31533366441726685
582.7,0.3165167272090912
582.8000000000001,0.3154561221599579
582.9000000000001,0.3165440559387207
583.0,0.3039550185203552
583.1,0.3151306211948395
583.2,0.31691399216651917
583.3000000000001,0.30796000361442566
583.4000000000001,0.3021128475666046
583.5,0.30767711997032166
583.6,0.3108735978603363
583.7,0.31217238306999207
583.8000000000001,0.319216787815094
583.9000000000001,0.31351137161254883
584.0,0.2998219132423401
584.1,0.3039279878139496
584.2,0.307962566614151
584.3000000000001,0.3110939562320709
584.4000000000001,0.3168659210205078
584.5,0.33693522214889526
584.6,0.337480366230011
584.7,0.35472172498703003
584.8000000000001,0.3579052984714508
584.9000000000001,0.3819836676120758
585.0,0.38839858770370483
585.1,0.39227205514907837
585.2,0.39973846077919006
585.3000000000001,0.39577940106391907
585.4000000000001,0.4022650420665741
585.5,0.3916224539279938
585.6,0.38601788878440857
585.7,0.36688563227653503
585.8000000000001,0.36188966035842896
585.9000000000001,0.3613346815109253
586.0,0.3531273305416107
586.1,0.35342150926589966
586.2,0.351063072681427
586.3000000000001,0.34740108251571655
586.4000000000001,0.3417256474494934
586.5,0.3408733308315277
586.6,0.34215983748435974
586.7,0.33410364389419556
586.8000000000001,0.33638837933540344
586.9000000000001,0.33756187558174133
587.0,0.3392438292503357
587.1,0.34271925687789917
587.2,0.33822768926620483
587.3000000000001,0.3325490653514862
587.4000000000001,0.33281973004341125
587.5,0.3371356725692749
587.6,0.32829952239990234
587.7,0.33144667744636536
587.8000000000001,0.33724284172058105
587.9000000000001,0.32377031445503235
588.0,0.3266695439815521
588.1,0.3229210376739502
588.2,0.32315048575401306
588.3000000000001,0.31642261147499084
588.4000000000001,0.32656705379486084
588.5,0.3207215368747711
588.6,0.32611432671546936
588.7,0.3183036148548126
588.8000000000001,0.33014175295829773
588.9000000000001,0.32627347111701965
589.0,0.3307088613510132
589.1,0.33017846941947937
589.2,0.3316804766654968
589.3000000000001,0.32452526688575745
589.4000000000001,0.32192543148994446
589.5,0.329986035823822
589.6,0.32606157660484314
589.7,0.32854440808296204
589.8000000000001,0.32213011384010315
589.9000000000001,0.31928858160972595
590.0,0.31609225273132324
590.1,0.3269055485725403
590.2,0.31946825981140137
590.3000000000001,0.3213222026824951
590.4000000000001,0.3272450268268585
590.5,0.31761476397514343
590.6,0.32941922545433044
590.7,0.32271793484687805
590.8000000000001,0.32664912939071655
590.9000000000001,0.3263992369174957
591.0,0.32463109493255615
591.1,0.3178690969944
591.2,0.3273564875125885
591.3000000000001,0.3265383839607239
591.4000000000001,0.3247157037258148
591.5,0.31983354687690735
591.6,0.31888720393180847
591.7,0.32597166299819946
591.8000000000001,0.31972789764404297
591.9000000000001,0.3224649429321289
592.0,0.31880825757980347
592.1,0.32347750663757324
592.2,0.32425445318222046
592.3000000000001,0.3182245194911957
592.4000000000001,0.3218919038772583
592.5,0.3229588568210602
592.6,0.3163047432899475
592.7,0.3211047649383545
592.8000000000001,0.31102606654167175
592.9000000000001,0.3177459239959717
593.0,0.3236995041370392
593.1,0.31883764266967773
593.2,0.3171638548374176
593.3000000000001,0.32526761293411255
593.4000000000001,0.316732794046402
593.5,0.320173442363739
593.6,0.32379767298698425
593.7,0.31899675726890564
593.8000000000001,0.3185117840766907
593.9000000000001,0.31251001358032227
594.0,0.315473735332489
594.1,0.3126765787601471
594.2,0.3091292381286621
594.3000000000001,0.32212644815444946
594.4000000000001,0.30327150225639343
594.5,0.3032728433609009
594.6,0.3185383081436157
594.7,0.3181304633617401
594.8000000000001,0.32087332010269165
594.9000000000001,0.31682896614074707
595.0,0.31688541173934937
595.1,0.31531211733818054
595.2,0.31360796093940735
595.3000000000001,0.32472777366638184
595.4000000000001,0.31411877274513245
595.5,0.3120611011981964
595.6,0.3145866394042969
595.7,0.3129691183567047
595.8000000000001,0.31623995304107666
595.9000000000001,0.32129883766174316
596.0,0.30855080485343933
596.1,0.3190361261367798
596.2,0.3109981119632721
596.3000000000001,0.3076988756656647
596.4000000000001,0.30877387523651123
596.5,0.30521541833877563
596.6,0.30939996242523193
596.7,0.3093333840370178
596.8000000000001,0.3040548264980316
596.9000000000001,0.3054980933666229
597.0,0.30176639556884766
597.1,0.31437987089157104
597.2,0.31498509645462036
597.3000000000001,0.31158843636512756
597.4000000000001,0.31113293766975403
597.5,0.3074910044670105
597.6,0.30216193199157715
597.7,0.3092741370201111
597.8000000000001,0.31174200773239136
597.9000000000001,0.2972191274166107
598.0,0.3086787164211273
598.1,0.30782315135002136
598.2,0.3027315139770508
598.3000000000001,0.30944621562957764
598.4000000000001,0.3241591155529022
598.5,0.33361610770225525
598.6,0.3430437445640564
598.7,0.36268290877342224
598.8000000000001,0.3739621043205261
598.9000000000001,0.3859686851501465
599.0,0.3918430805206299
599.1,0.39140528440475464
599.2,0.39212214946746826
599.3000000000001,0.37609222531318665
599.4000000000001,0.37695154547691345
599.5,0.357448548078537
599.6,0.3669295907020569
599.7,0.35889241099357605
599.8000000000001,0.34884437918663025
599.9000000000001,0.3492885231971741
600.0,0.3486706614494324
600.1,0.337272584438324
600.2,0.3417290449142456
600.3000000000001,0.3400755822658539
600.4000000000001,0.3338474631309509
600.5,0.33997586369514465
600.6,0.3372299373149872
600.7,0.3389556109905243
600.8000000000001,0.34502357244491577
600.9000000000001,0.33600369095802307
601.0,0.32449206709861755
601.1,0.3251071572303772
601.2,0.3252510726451874
601.3000000000001,0.3281744122505188
601.4000000000001,0.32702746987342834
601.5,0.32882067561149597
601.6,0.33487749099731445
601.7,0.3261277973651886
601.8000000000001,0.3274218440055847
601.9000000000001,0.3219034671783447
602.0,0.3232317566871643
602.1,0.3243604302406311
602.2,0.32854655385017395
602.3000000000001,0.3290235996246338
602.4000000000001,0.3240104019641876
602.5,0.3109961152076721
602.6,0.3174026310443878
602.7,0.32700610160827637
602.8000000000001,0.3273748457431793
602.9000000000001,0.3231077194213867
603.0,0.3226020932197571
603.1,0.3236165940761566
603.2,0.3151681125164032
603.3000000000001,0.3246246874332428
603.4000000000001,0.3316599726676941
603.5,0.31360647082328796
603.6,0.32361122965812683
603.7,0.3191361427307129
603.8000000000001,0.32501110434532166
603.9000000000001,0.3177463114261627
604.0,0.3198679983615875
604.1,0.32502177357673645
604.2,0.3250024914741516
604.3000000000001,0.3198995292186737
604.4000000000001,0.3317342698574066
604.5,0.3222619295120239
604.6,0.32348448038101196
604.7,0.31870484352111816
604.8000000000001,0.31018149852752686
604.9000000000001,0.32518094778060913
605.0,0.31337711215019226
605.1,0.3092082142829895
605.2,0.3120325803756714
605.3000000000001,0.3255356550216675
605.4000000000001,0.31542643904685974
605.5,0.31645429134368896
605.6,0.31997430324554443
605.7,0.30482035875320435
605.8000000000001,0.31822681427001953
605.9000000000001,0.30991262197494507
606.0,0.3145934045314789
606.1,0.31310781836509705
606.2,0.31550997495651245
606.3000000000001,0.31794261932373047
606.4000000000001,0.31171390414237976
606.5,0.30846473574638367
606.6,0.30655741691589355
606.7,0.32184165716171265
606.8000000000001,0.316779762506485
606.9000000000001,0.31326159834861755
607.0,0.30195993185043335
607.1,0.31674230098724365
607.2,0.3080863952636719
607.3000000000001,0.3062969446182251
607.4000000000001,0.32181495428085327
607.5,0.3066362142562866
607.6,0.3205071687698364
607.7,0.3206864893436432
607.8000000000001,0.3096763789653778
607.9000000000001,0.3164287805557251
608.0,0.31405672430992126
608.1,0.29834237694740295
608.2,0.305375874042511
608.3000000000001,0.3188321888446808
608.4000000000001,0.3186998665332794
608.5,0.3127666711807251
608.6,0.32772791385650635
608.7,0.3530154526233673
608.8000000000001,0.3575822710990906
608.9000000000001,0.3708541989326477
609.0,0.38434016704559326
609.1,0.3962845206260681
609.2,0.4055008888244629
609.3000000000001,0.40618327260017395
609.4000000000001,0.39993491768836975
609.5,0.39274683594703674
609.6,0.38234391808509827
609.7,0.37339842319488525
609.8000000000001,0.3739739656448364
609.9000000000001,0.37076371908187866
610.0,0.35483989119529724
610.1,0.3457053601741791
610.2,0.3512147068977356
610.3000000000001,0.3467818796634674
610.4000000000001,0.34758999943733215
610.5,0.3425058424472809
610.6,0.3430315852165222
610.7,0.3240644037723541
610.8000000000001,0.3427024483680725
610.9000000000001,0.33746030926704407
611.0,0.3451390862464905
611.1,0.3387969732284546
611.2,0.330378919839859
611.3000000000001,0.3325461745262146
611.4000000000001,0.3324199318885803
611.5,0.32970812916755676
611.6,0.3315804898738861
611.7,0.33254313468933105
611.8000000000001,0.33900338411331177
611.9000000000001,0.32581520080566406
612.0,0.3269604444503784
612.1,0.3224296569824219
612.2,0.3329443633556366
612.3000000000001,0.3188503086566925
612.4000000000001,0.3321824371814728
612.5,0.31645724177360535
612.6,0.3313947319984436
612.7,0.3220559060573578
612.8000000000001,0.3175884485244751
612.9000000000001,0.325690358877182
613.0,0.32208913564682007
613.1,0.316893070936203
613.2,0.3244215250015259
613.3000000000001,0.3185283839702606
613.4000000000001,0.3292347490787506
613.5,0.329220175743103
613.6,0.3258608281612396
613.7,0.32717064023017883
613.8000000000001,0.3210373818874359
613.9000000000001,0.3268595337867737
614.0,0.3198702931404114
614.1,0.3242683708667755
614.2,0.32185429334640503
614.3000000000001,0.32106268405914307
614.4000000000001,0.3161352276802063
614.5,0.3297157287597656
614.6,0.3233811855316162
614.7,0.31795021891593933
614.8000000000001,0.3258984386920929
614.9000000000001,0.3285037577152252
615.0,0.32703253626823425
615.1,0.33112001419067383
615.2,0.3204038143157959
615.3000000000001,0.3198157548904419
615.4000000000001,0.31377530097961426
615.5,0.32886016368865967
615.6,0.31554046273231506
615.7,0.3235933184623718
615.8000000000001,0.3312402665615082
615.9000000000001,0.3248392641544342
616.0,0.318804532289505
616.1,0.3157893121242523
616.2,0.32656916975975037
616.3000000000001,0.3222457468509674
616.4000000000001,0.3270079493522644
616.5,0.32410287857055664
616.6,0.31834518909454346
616.7,0.3198014199733734
616.8000000000001,0.315868079662323
616.9000000000001,0.321720689535141
617.0,0.31854248046875
617.1,0.31366026401519775
617.2,0.308864027261734
617.3000000000001,0.3258633613586426
617.4000000000001,0.32441088557243347
617.5,0.32804057002067566
617.6,0.3201831877231598
617.7,0.3136982321739197
617.8000000000001,0.3224855065345764
617.9000000000001,0.31221824884414673
618.0,0.32195109128952026
618.1,0.31784793734550476
618.2,0.3273997902870178
618.3000000000001,0.32139459252357483
618.4000000000001,0.31950730085372925
618.5,0.319042831659317
618.6,0.31632983684539795
618.7,0.3189272880554199
618.8000000000001,0.31262466311454773
618.9000000000001,0.3193367123603821
619.0,0.30860358476638794
619.1,0.30562716722488403
619.2,0.3140873312950134
619.3000000000001,0.3161587417125702
619.4000000000001,0.31926658749580383
619.5,0.311407208442688
619.6,0.31101471185684204
619.7,0.31191131472587585
619.8000000000001,0.3119611144065857
619.9000000000001,0.317392498254776
620.0,0.3155755400657654
620.1,0.3029869794845581
620.2,0.3038240373134613
620.3000000000001,0.29981502890586853
620.4000000000001,0.31139788031578064
620.5,0.3037644922733307
620.6,0.3185618221759796
620.7,0.31935951113700867
620.8000000000001,0.33306679129600525
620.9000000000001,0.334943950176239
621.0,0.34836167097091675
621.1,0.3677721619606018
621.2,0.38196074962615967
621.3000000000001,0.3899742662906647
621.4000000000001,0.3992491066455841
621.5,0.4013812243938446
621.6,0.39896267652511597
621.7,0.40205737948417664
621.8000000000001,0.3907274007797241
621.9000000000001,0.389146089553833
622.0,0.3826320767402649
622.1,0.36658942699432373
622.2,0.35468927025794983
622.3000000000001,0.35490089654922485
622.4000000000001,0.3592935800552368
622.5,0.3539416193962097
622.6,0.34864863753318787
622.7,0.34504270553588867
622.8000000000001,0.3418441712856293
622.9000000000001,0.3453189730644226
623.0,0.3454554080963135
623.1,0.34017282724380493
623.2,0.32589948177337646
623.3000000000001,0.33894649147987366
623.4000000000001,0.33003729581832886
623.5,0.33681097626686096
623.6,0.3326442837715149
623.7,0.3242959678173065
623.8000000000001,0.3343571126461029
623.9000000000001,0.31750649213790894
624.0,0.3229963183403015
624.1,0.33036571741104126
624.2,0.3243328630924225
624.3000000000001,0.31436631083488464
624.4000000000001,0.33783578872680664
624.5,0.32099488377571106
624.6,0.32798197865486145
624.7,0.32237228751182556
624.8000000000001,0.32628777623176575
624.9000000000001,0.3181034028530121
625.0,0.3303638696670532
625.1,0.3215673863887787
625.2,0.33131176233291626
625.3000000000001,0.3206583857536316
625.4000000000001,0.3285524547100067
625.5,0.3192739486694336
625.6,0.33080577850341797
625.7,0.32839900255203247
625.8000000000001,0.32736775279045105
625.9000000000001,0.3304753303527832
626.0,0.3338245153427124
626.1,0.32328101992607117
626.2,0.32590726017951965
626.3000000000001,0.32735756039619446
626.4000000000001,0.3333590626716614
626.5,0.31809136271476746
626.6,0.3257736265659332
626.7,0.3256690800189972
626.8000000000001,0.3177820146083832
626.9000000000001,0.3195347487926483
627.0,0.3217596411705017
627.1,0.3292912542819977
627.2,0.32807251811027527
627.3000000000001,0.3299168348312378
627.4000000000001,0.3277055323123932
627.5,0.3227168321609497
627.6,0.32339105010032654
627.7,0.32289421558380127
627.8000000000001,0.3279910087585449
627.9000000000001,0.3270924389362335
628.0,0.3325616121292114
628.1,0.32560259103775024
628.2,0.32417890429496765
628.3000000000001,0.3172589838504791
628.4000000000001,0.32574236392974854
628.5,0.32858866453170776
628.6,0.32287323474884033
628.7,0.3220091462135315
628.8000000000001,0.3216920793056488
628.9000000000001,0.32532799243927
629.0,0.32304564118385315
629.1,0.319135457277298
629.2,0.3169548809528351
629.3000000000001,0.32128462195396423
629.4000000000001,0.3160983622074127
629.5,0.3257451355457306
629.6,0.32603392004966736
629.7,0.32555216550827026
629.8000000000001,0.3210449814796448
629.9000000000001,0.32275617122650146
630.0,0.3101823925971985
630.1,0.32723408937454224
630.2,0.3211890161037445
630.3000000000001,0.32495391368865967
630.4000000000001,0.31333616375923157
630.5,0.31588420271873474
630.6,0.3248853385448456
630.7,0.3182239532470703
630.8000000000001,0.31267571449279785
630.9000000000001,0.32256823778152466
631.0,0.311787486076355
631.1,0.32285329699516296
631.2,0.3114149868488312
631.3000000000001,0.3227876126766205
631.4000000000001,0.3198370933532715
631.5,0.31023940443992615
631.6,0.3133448660373688
631.7,0.3146563768386841
631.8000000000001,0.3218556046485901
631.9000000000001,0.3125374913215637
632.0,0.3166150152683258
632.1,0.3056745231151581
632.2,0.3194485008716583
632.3000000000001,0.3147556185722351
632.4000000000001,0.3070526421070099
632.5,0.3148765563964844
632.6,0.31614458560943604
632.7,0.3127445876598358
632.8000000000001,0.32048463821411133
632.9000000000001,0.29171717166900635
633.0,0.30619576573371887
633.1,0.311259925365448
633.2,0.30932381749153137
633.3000000000001,0.31293076276779175
633.4000000000001,0.3244923949241638
633.5,0.3410021662712097
633.6,0.351391077041626
633.7,0.36767056584358215
633.8000000000001,0.37594470381736755
633.9000000000001,0.38580429553985596
634.0,0.3850967586040497
634.1,0.3978099524974823
634.2,0.3937741219997406
634.3000000000001,0.39823076128959656
634.4000000000001,0.38926348090171814
634.5,0.3858339488506317
634.6,0.3742809295654297
634.7,0.36727359890937805
634.8000000000001,0.35170799493789673
634.9000000000001,0.36261147260665894
635.0,0.3515937626361847
635.1,0.36124712228775024
635.2,0.34961071610450745
635.3000000000001,0.34846600890159607
635.4000000000001,0.34406179189682007
635.5,0.34025201201438904
635.6,0.34270164370536804
635.7,0.3370956778526306
635.8000000000001,0.3356393277645111
635.9000000000001,0.3429073393344879
636.0,0.327298641204834
636.1,0.3446507453918457
636.2,0.331610769033432
636.3000000000001,0.3292091488838196
636.4000000000001,0.3308255076408386
636.5,0.3274751305580139
636.6,0.32729849219322205
636.7,0.3165319859981537
636.8000000000001,0.330733060836792
636.9000000000001,0.32496708631515503
637.0,0.32566800713539124
637.1,0.3187589943408966
637.2,0.31745630502700806
637.3000000000001,0.3272387683391571
637.4000000000001,0.3213939070701599
637.5,0.3267195522785187
637.6,0.32351094484329224
637.7,0.32928234338760376
637.8000000000001,0.3242799639701843
637.9000000000001,0.3367670178413391
638.0,0.3282572329044342
638.1,0.3304191529750824
638.2,0.33014369010925293
638.3000000000001,0.3194951117038727
638.4000000000001,0.329647034406662
638.5,0.32456541061401367
638.6,0.32462170720100403
638.7,0.3270687758922577
638.8000000000001,0.32968494296073914
638.9000000000001,0.329975426197052
639.0,0.33248382806777954
639.1,0.32549113035202026
639.2,0.3236175775527954
639.3000000000001,0.3275114893913269
639.4000000000001,0.3226383924484253
639.5,0.32995596528053284
639.6,0.32711872458457947
639.7,0.3290790915489197
639.8000000000001,0.32843342423439026
639.9000000000001,0.3278971314430237
640.0,0.3209517300128937
640.1,0.3292403519153595
640.2,0.3238602578639984
640.3000000000001,0.3203243315219879
640.4000000000001,0.3301441967487335
640.5,0.3268941044807434
640.6,0.3238390386104584
640.7,0.3335804045200348
640.8000000000001,0.3172888457775116
640.9000000000001,0.32760992646217346
641.0,0.3255428075790405
641.1,0.3258437514305115
641.2,0.3321492075920105
641.3000000000001,0.33068832755088806
641.4000000000001,0.31739798188209534
641.5,0.32744160294532776
641.6,0.32782888412475586
641.7,0.32630011439323425
641.8000000000001,0.3267497718334198
641.9000000000001,0.3296040892601013
642.0,0.3294993042945862
642.1,0.31913068890571594
642.2,0.31866270303726196
642.3000000000001,0.32270655035972595
642.4000000000001,0.3163979947566986
642.5,0.32625722885131836
642.6,0.31797870993614197
642.7,0.31890785694122314
642.8000000000001,0.32470884919166565
642.9000000000001,0.32654109597206116
643.0,0.3273695409297943
643.1,0.3154186010360718
643.2,0.3234040141105652
643.3000000000001,0.30758026242256165
643.4000000000001,0.32521840929985046
643.5,0.3249536156654358
643.6,0.31647807359695435
643.7,0.315934956073761
643.8000000000001,0.32158634066581726
643.9000000000001,0.3270173668861389
644.0,0.32355067133903503
644.1,0.31679004430770874
644.2,0.319595605134964
644.3000000000001,0.3241941034793854
644.4000000000001,0.31832045316696167
644.5,0.32438924908638
644.6,0.3140915632247925
644.7,0.31682080030441284
644.8000000000001,0.31437423825263977
644.9000000000001,0.31765371561050415
645.0,0.3148249685764313
645.1,0.32344678044319153
645.2,0.3185066878795624
645.3000000000001,0.31948280334472656
645.4000000000001,0.3094865679740906
645.5,0.3175511956214905
645.6,0.3156552314758301
645.7,0.31551969051361084
645.8000000000001,0.3093882203102112
645.9000000000001,0.31030017137527466
646.0,0.31742072105407715
646.1,0.31281888484954834
646.2,0.3183528482913971
646.3000000000001,0.3076355755329132
646.4000000000001,0.32183095812797546
646.5,0.320671945810318
646.6,0.31513166427612305
646.7,0.3127545416355133
646.8000000000001,0.31596922874450684
646.9000000000001,0.31079334020614624
647.0,0.30807167291641235
647.1,0.30991581082344055
647.2,0.3071621060371399
647.3000000000001,0.3113116919994354
647.4000000000001,0.3055218458175659
647.5,0.31277337670326233
647.6,0.3166542649269104
647.7,0.30251941084861755
647.8000000000001,0.3133201599121094
647.9000000000001,0.3082103729248047
648.0,0.30476436018943787
648.1,0.30665290355682373
648.2,0.30485713481903076
648.3000000000001,0.31654059886932373
648.4000000000001,0.3082963526248932
648.5,0.3052537143230438
648.6,0.3075218200683594
648.7,0.30518341064453125
648.8000000000001,0.3096373975276947
648.9000000000001,0.3110973536968231
649.0,0.3128931224346161
649.1,0.31193917989730835
649.2,0.30379152297973633
649.3000000000001,0.3084125518798828
649.4000000000001,0.30554428696632385
649.5,0.3033064901828766
649.6,0.312187135219574
649.7,0.30518996715545654
649.8000000000001,0.29711300134658813
649.9000000000001,0.30369678139686584
650.0,0.29339927434921265
650.1,0.30005499720573425
650.2,0.2990879714488983
650.3000000000001,0.32374387979507446
650.4000000000001,0.33492735028266907
650.5,0.35098227858543396
650.6,0.3681199252605438
650.7,0.3826535940170288
650.8000000000001,0.38772496581077576
650.9000000000001,0.38848280906677246
651.0,0.3936675786972046
651.1,0.38730376958847046
651.2,0.3783762454986572
651.3000000000001,0.3765326142311096
651.4000000000001,0.3730965554714203
651.5,0.3612247705459595
651.6,0.3622732162475586
651.7,0.35340026021003723
651.8000000000001,0.3475157618522644
651.9000000000001,0.3590640723705292
652.0,0.34781375527381897
652.1,0.34700024127960205
652.2,0.34522709250450134
652.3000000000001,0.34824544191360474
652.4000000000001,0.33689501881599426
652.5,0.3378121852874756
652.6,0.33872026205062866
652.7,0.32523131370544434
652.8000000000001,0.3209489583969116
652.9000000000001,0.3350772559642792
653.0,0.3171425759792328
653.1,0.32152271270751953
653.2,0.33455151319503784
653.3000000000001,0.32109564542770386
653.4000000000001,0.3203226625919342
653.5,0.33062058687210083
653.6,0.3282957673072815
653.7,0.3310210704803467
653.8000000000001,0.3245556056499481
653.9000000000001,0.32728520035743713
654.0,0.3309224247932434
654.1,0.32680410146713257
654.2,0.31571805477142334
654.3000000000001,0.31939464807510376
654.4000000000001,0.3208245038986206
654.5,0.3216727375984192
654.6,0.3313220739364624
654.7,0.3218075931072235
654.8000000000001,0.3219462037086487
654.9000000000001,0.3214806318283081
655.0,0.3274437487125397
655.1,0.3108696937561035
655.2,0.3234294652938843
655.3000000000001,0.3261035084724426
655.4000000000001,0.32742947340011597
655.5,0.31955811381340027
655.6,0.32244673371315
655.7,0.3184797465801239
655.8000000000001,0.32242798805236816
655.9000000000001,0.3215532898902893
656.0,0.321818470954895
656.1,0.32723674178123474
656.2,0.3204198181629181
656.3000000000001,0.31776919960975647
656.4000000000001,0.3246244788169861
656.5,0.31423693895339966
656.6,0.3141278624534607
656.7,0.3119856119155884
656.8000000000001,0.3126975893974304
656.9000000000001,0.3202868402004242
657.0,0.31102705001831055
657.1,0.32106900215148926
657.2,0.3189295828342438
657.3000000000001,0.3197900354862213
657.4000000000001,0.32148995995521545
657.5,0.3234006464481354
657.6,0.32349759340286255
657.7,0.3134908676147461
657.8000000000001,0.3189326822757721
657.9000000000001,0.31271687150001526
658.0,0.319974422454834
658.1,0.3139108717441559
658.2,0.3085480034351349
658.3000000000001,0.311666339635849
658.4000000000001,0.317432701587677
658.5,0.313240110874176
658.6,0.3141254484653473
658.7,0.3129175305366516
658.8000000000001,0.30613306164741516
658.9000000000001,0.30556386709213257
659.0,0.31763729453086853
659.1,0.31273016333580017
659.2,0.3124425411224365
659.3000000000001,0.30501335859298706
659.4000000000001,0.3205633759498596
659.5,0.30279916524887085
659.6,0.3058564066886902
659.7,0.3113458454608917
659.8000000000001,0.3125181198120117
659.9000000000001,0.30834686756134033
660.0,0.30493125319480896
660.1,0.3059979975223541
660.2,0.2998555600643158
660.3000000000001,0.3175119161605835
660.4000000000001,0.3082014322280884
660.5,0.2986612319946289
660.6,0.30899879336357117
660.7,0.3247615098953247
660.8000000000001,0.3397006392478943
660.9000000000001,0.35106542706489563
661.0,0.37040355801582336
661.1,0.37230807542800903
661.2,0.3850547969341278
661.3000000000001,0.4030625820159912
661.4000000000001,0.4006713926792145
661.5,0.40832340717315674
661.6,0.39944201707839966
661.7,0.3925604820251465
661.8000000000001,0.3890122175216675
661.9000000000001,0.3811618387699127
662.0,0.36854520440101624
662.1,0.37444329261779785
662.2,0.36537808179855347
662.3000000000001,0.360768586397171
662.4000000000001,0.3564074635505676
662.5,0.3511872887611389
662.6,0.3514663279056549
662.7,0.3403291702270508
662.8000000000001,0.34657973051071167
662.9000000000001,0.3488641083240509
663.0,0.3444285988807678
663.1,0.3415851294994354
663.2,0.33161184191703796
663.3000000000001,0.3451511859893799
663.4000000000001,0.32446345686912537
663.5,0.3245624899864197
663.6,0.3307790458202362
663.7,0.3292503356933594
663.8000000000001,0.33193448185920715
663.9000000000001,0.3306579887866974
664.0,0.32641127705574036
664.1,0.33019357919692993
664.2,0.32662704586982727
664.3000000000001,0.32645830512046814
664.4000000000001,0.3272288739681244
664.5,0.32745984196662903
664.6,0.3238508105278015
664.7,0.33667948842048645
664.8000000000001,0.3317706882953644
664.9000000000001,0.33294111490249634
665.0,0.32049235701560974
665.1,0.32954153418540955
665.2,0.3321089744567871
665.3000000000001,0.3282584846019745
665.4000000000001,0.3279895484447479
665.5,0.32731813192367554
665.6,0.33187687397003174
665.7,0.32835936546325684
665.8000000000001,0.3230441212654114
665.9000000000001,0.32874035835266113
666.0,0.32486528158187866
666.1,0.328419953584671
666.2,0.32242292165756226
666.3000000000001,0.3200308680534363
666.4000000000001,0.3341043293476105
666.5,0.3166652023792267
666.6,0.3258194625377655
666.7,0.32612523436546326
666.8000000000001,0.3312554955482483
666.9000000000001,0.32117950916290283
667.0,0.3197168707847595
667.1,0.3024153411388397
667.2,0.3271421194076538
667.3000000000001,0.325575590133667
667.4000000000001,0.3258497714996338
667.5,0.32596132159233093
667.6,0.3177235722541809
667.7,0.3162788450717926
667.8000000000001,0.31992271542549133
667.9000000000001,0.31964436173439026
668.0,0.32525283098220825
668.1,0.319136381149292
668.2,0.3159206807613373
668.3000000000001,0.3277691602706909
668.4000000000001,0.33029651641845703
668.5,0.3158666789531708
668.6,0.32374417781829834
668.7,0.3194230794906616
668.8000000000001,0.32357847690582275
668.9000000000001,0.3219268023967743
669.0,0.3225140869617462
669.1,0.3224916160106659
669.2,0.3153918385505676
669.3000000000001,0.3205251693725586
669.4000000000001,0.31954696774482727
669.5,0.3185587525367737
669.6,0.30660775303840637
669.7,0.31910499930381775
669.8000000000001,0.32275766134262085
669.9000000000001,0.3153848350048065
670.0,0.31160426139831543
670.1,0.32327932119369507
670.2,0.3179258108139038
670.3000000000001,0.32342660427093506
670.4000000000001,0.32314756512641907
670.5,0.3180049657821655
670.6,0.31902414560317993
670.7,0.3029983937740326
670.8000000000001,0.3192659020423889
670.9000000000001,0.3219073712825775
671.0,0.304282546043396
671.1,0.31315359473228455
671.2,0.3116053640842438
671.3000000000001,0.3187427520751953
671.4000000000001,0.32239365577697754
671.5,0.3190199136734009
671.6,0.31130659580230713
671.7,0.31775781512260437
671.8000000000001,0.31929853558540344
671.9000000000001,0.3109395205974579
672.0,0.318837434053421
672.1,0.3156716227531433
672.2,0.3050163686275482
672.3000000000001,0.32203754782676697
672.4000000000001,0.31439220905303955
672.5,0.3113969564437866
672.6,0.31026357412338257
672.7,0.3078967034816742
672.8000000000001,0.3133842945098877
672.9000000000001,0.3070700764656067
673.0,0.3116685152053833
673.1,0.3211124837398529
673.2,0.311984658241272
673.3000000000001,0.30713653564453125
673.4000000000001,0.30806636810302734
673.5,0.31708216667175293
673.6,0.3144851624965668
673.7,0.30757200717926025
673.8000000000001,0.31575891375541687
673.9000000000001,0.31748896837234497
674.0,0.3091847598552704
674.1,0.30756497383117676
674.2,0.30001869797706604
674.3000000000001,0.3118096590042114
674.4000000000001,0.2969186007976532
674.5,0.3110387921333313
674.6,0.3104405403137207
674.7,0.3051068186759949
674.8000000000001,0.31984180212020874
674.9000000000001,0.3301675021648407
675.0,0.33973169326782227
675.1,0.33745941519737244
675.2,0.3680318593978882
675.3000000000001,0.3706677556037903
675.4000000000001,0.38411983847618103
675.5,0.3883514702320099
675.6,0.39104676246643066
675.7,0.3898872435092926
675.8000000000001,0.38843029737472534
675.9000000000001,0.3881731629371643
676.0,0.3822028338909149
676.1,0.3756983280181885
676.2,0.3652198910713196
676.3000000000001,0.3618100881576538
676.4000000000001,0.35879752039909363
676.5,0.35067498683929443
676.6,0.3562375605106354
676.7,0.3498486280441284
676.8000000000001,0.3509146273136139
676.9000000000001,0.3470905125141144
677.0,0.34573420882225037
677.1,0.3267557621002197
677.2,0.3410414755344391
677.3000000000001,0.3326445519924164
677.4000000000001,0.33216971158981323
677.5,0.32660171389579773
677.6,0.3304491639137268
677.7,0.3331444561481476
677.8000000000001,0.33159708976745605
677.9000000000001,0.3254902958869934
678.0,0.33103564381599426
678.1,0.32438725233078003
678.2,0.33034923672676086
678.3000000000001,0.33325085043907166
678.4000000000001,0.3257662355899811
678.5,0.33342811465263367
678.6,0.33043041825294495
678.7,0.3200126886367798
678.8000000000001,0.31906574964523315
678.9000000000001,0.3205246329307556
679.0,0.332775354385376
679.1,0.3342629075050354
679.2,0.33557793498039246
679.3000000000001,0.327669233083725
679.4000000000001,0.32947519421577454
679.5,0.33154237270355225
679.6,0.31873348355293274
679.7,0.32287636399269104
679.8000000000001,0.3263823390007019
679.9000000000001,0.32877689599990845
680.0,0.32613614201545715
680.1,0.31998559832572937
680.2,0.3265489339828491
680.3000000000001,0.3365517258644104
680.4000000000001,0.33286869525909424
680.5,0.32841503620147705
680.6,0.31680208444595337
680.7,0.3265557885169983
680.8000000000001,0.32730886340141296
680.9000000000001,0.3244704008102417
681.0,0.32458260655403137
681.1,0.32758399844169617
681.2,0.32412174344062805
681.3000000000001,0.3183985650539398
681.4000000000001,0.3261478841304779
681.5,0.32826700806617737
681.6,0.3209989368915558
681.7,0.33119603991508484
681.8000000000001,0.3235572874546051
681.9000000000001,0.3200720250606537
682.0,0.3199511170387268
682.1,0.32664281129837036
682.2,0.3295559585094452
682.3000000000001,0.3254958391189575
682.4000000000001,0.32678553462028503
682.5,0.3311551511287689
682.6,0.3288179337978363
682.7,0.3260064125061035
682.8000000000001,0.32241976261138916
682.9000000000001,0.3285251259803772
683.0,0.325296550989151
683.1,0.3213792145252228
683.2,0.324771523475647
683.3000000000001,0.31156790256500244
683.4000000000001,0.33261969685554504
683.5,0.31709399819374084
683.6,0.3179345726966858
683.7,0.32861101627349854
683.8000000000001,0.3224070072174072
683.9000000000001,0.3252291679382324
684.0,0.3261926770210266
684.1,0.31810423731803894
684.2,0.3257501423358917
684.3000000000001,0.31753307580947876
684.4000000000001,0.3208976686000824
684.5,0.3268413543701172
684.6,0.32252392172813416
684.7,0.3242603540420532
684.8000000000001,0.3230966329574585
684.9000000000001,0.3211858570575714
685.0,0.3136572539806366
685.1,0.31776314973831177
685.2,0.31205496191978455
685.3000000000001,0.32491832971572876
685.4000000000001,0.3196416199207306
685.5,0.3200637400150299
685.6,0.30862024426460266
685.7,0.3074639141559601
685.8000000000001,0.3129270374774933
685.9000000000001,0.31717270612716675
686.0,0.3177628815174103
686.1,0.30986782908439636
686.2,0.3177729845046997
686.3000000000001,0.32348790764808655
686.4000000000001,0.314431369304657
686.5,0.3164508044719696
686.6,0.3157193660736084
686.7,0.3168315887451172
686.8000000000001,0.3147701621055603
686.9000000000001,0.31932806968688965
687.0,0.3077448308467865
687.1,0.3193494975566864
687.2,0.3232431411743164
687.3000000000001,0.31364545226097107
687.4000000000001,0.31848442554473877
687.5,0.3101087212562561
687.6,0.31530413031578064
687.7,0.3136068284511566
687.8000000000001,0.30726295709609985
687.9000000000001,0.3094709515571594
688.0,0.3154529631137848
688.1,0.306424617767334
688.2,0.3083886504173279
688.3000000000001,0.312381386756897
688.4000000000001,0.3043256998062134
688.5,0.3129047453403473
688.6,0.3060765862464905
688.7,0.3111687898635864
688.8000000000001,0.3155837059020996
688.9000000000001,0.3147415220737457
689.0,0.3077389597892761
689.1,0.2982637584209442
689.2,0.3075965642929077
689.3000000000001,0.31171220541000366
689.4000000000001,0.3143807649612427
689.5,0.3154997229576111
689.6,0.33034229278564453
689.7,0.3468720316886902
689.8000000000001,0.3659410774707794
689.9000000000001,0.3751548230648041
690.0,0.38617318868637085
690.1,0.39361244440078735
690.2,0.4004109501838684
690.3000000000001,0.39836907386779785
690.4000000000001,0.41010114550590515
690.5,0.38124892115592957
690.6,0.3914586007595062
690.7,0.3829832971096039
690.8000000000001,0.38202840089797974
690.9000000000001,0.3610638976097107
691.0,0.3591584861278534
691.1,0.35378310084342957
691.2,0.3402871787548065
691.3000000000001,0.34643250703811646
691.4000000000001,0.3453875482082367
691.5,0.3438279628753662
691.6,0.3395495116710663
691.7,0.3423007130622864
691.8000000000001,0.3379134237766266
691.9000000000001,0.33953723311424255
692.0,0.3258836567401886
692.1,0.31822115182876587
692.2,0.3392593264579773
692.3000000000001,0.32888728380203247
692.4000000000001,0.3388277590274811
692.5,0.322906494140625
692.6,0.32943257689476013
692.7,0.3330889940261841
692.8000000000001,0.3293449878692627
692.9000000000001,0.321311354637146
693.0,0.31037142872810364
693.1,0.33451688289642334
693.2,0.3222322165966034
693.3000000000001,0.3315781056880951
693.4000000000001,0.32689958810806274
693.5,0.31962624192237854
693.6,0.33315542340278625
693.7,0.32785043120384216
693.8000000000001,0.32828348875045776
693.9000000000001,0.32883498072624207
694.0,0.3282521367073059
694.1,0.3235926032066345
694.2,0.32201796770095825
694.3000000000001,0.3232889771461487
694.4000000000001,0.3199303448200226
694.5,0.32897815108299255
694.6,0.33008942008018494
694.7,0.3264114260673523
694.8000000000001,0.33066099882125854
694.9000000000001,0.3255383372306824
695.0,0.32490673661231995
695.1,0.3267364501953125
695.2,0.32454273104667664
695.3000000000001,0.3251599073410034
695.4000000000001,0.33060240745544434
695.5,0.3222358524799347
695.6,0.3286868631839752
695.7,0.32315611839294434
695.8000000000001,0.31964948773384094
695.9000000000001,0.32619720697402954
696.0,0.3261440098285675
696.1,0.3166038691997528
696.2,0.3293417990207672
696.3000000000001,0.3215298354625702
696.4000000000001,0.31900855898857117
696.5,0.30390694737434387
696.6,0.3189154267311096
696.7,0.32079875469207764
696.8000000000001,0.32399362325668335
696.9000000000001,0.3205989599227905
697.0,0.32629504799842834
697.1,0.3211965560913086
697.2,0.32257184386253357
697.3000000000001,0.31808221340179443
697.4000000000001,0.32161039113998413
697.5,0.31911423802375793
697.6,0.3287891447544098
697.7,0.31450510025024414
697.8000000000001,0.32439476251602173
697.9000000000001,0.32676032185554504
698.0,0.32298266887664795
698.1,0.3185557425022125
698.2,0.3213876783847809
698.3000000000001,0.3210635781288147
698.4000000000001,0.3246190547943115
698.5,0.31556448340415955
698.6,0.31873127818107605
698.7,0.3224342465400696
698.8000000000001,0.30914443731307983
698.9000000000001,0.3210435211658478
699.0,0.3115333318710327
699.1,0.30769652128219604
699.2,0.3139384984970093
699.3000000000001,0.32155272364616394
699.4000000000001,0.31414520740509033
699.5,0.31439924240112305
699.6,0.3134431540966034
699.7,0.3142651617527008
699.8000000000001,0.3170206546783447
699.9000000000001,0.3221076726913452
700.0,0.31773966550827026
700.1,0.3143678307533264
700.2,0.3187328577041626
700.3000000000001,0.3181924521923065
700.4000000000001,0.32187381386756897
700.5,0.30657604336738586
700.6,0.315946489572525
700.7,0.3218444883823395
700.8000000000001,0.3055626153945923
700.9000000000001,0.3038218915462494
701.0,0.31229180097579956
701.1,0.29963797330856323
701.2,0.32316163182258606
701.3000000000001,0.31376588344573975
701.4000000000001,0.31386229395866394
701.5,0.30138805508613586
701.6,0.3264380991458893
701.7,0.3398173749446869
701.8000000000001,0.3616035580635071
701.9000000000001,0.3842989504337311
702.0,0.38189223408699036
702.1,0.4010670483112335
702.2,0.39337119460105896
702.3000000000001,0.3846810758113861
702.4000000000001,0.40266984701156616
702.5,0.3862903118133545
702.6,0.38480499386787415
702.7,0.36479881405830383
702.8000000000001,0.368863582611084
702.9000000000001,0.36221572756767273
703.0,0.3572623133659363
703.1,0.3525201082229614
703.2,0.3518010675907135
703.3000000000001,0.3480031490325928
703.4000000000001,0.34831345081329346
703.5,0.34624183177948
703.6,0.34360507130622864
703.7,0.32827526330947876
703.8000000000001,0.3374669849872589
703.9000000000001,0.33589228987693787
704.0,0.3259795308113098
704.1,0.3428289592266083
704.2,0.33814549446105957
704.3000000000001,0.3371258080005646
704.4000000000001,0.3275316655635834
704.5,0.3303512632846832
704.6,0.3280913829803467
704.7,0.3249199092388153
704.8000000000001,0.3292604088783264
704.9000000000001,0.3230758309364319
705.0,0.3278590142726898
705.1,0.3317195773124695
705.2,0.32481643557548523
705.3000000000001,0.3291164040565491
705.4000000000001,0.3286355435848236
705.5,0.33372560143470764
705.6,0.3230240046977997
705.7,0.33225661516189575
705.8000000000001,0.3268756568431854
705.9000000000001,0.32046160101890564
706.0,0.3300333619117737
706.1,0.3253473937511444
706.2,0.3292650580406189
706.3000000000001,0.3151828646659851
706.4000000000001,0.3298757076263428
706.5,0.32760587334632874
706.6,0.3271581828594208
706.7,0.324905663728714
706.8000000000001,0.3229253590106964
706.9000000000001,0.3282269537448883
707.0,0.32543694972991943
707.1,0.31614506244659424
707.2,0.32414281368255615
707.3000000000001,0.3195950388908386
707.4000000000001,0.3206254839897156
707.5,0.3286055028438568
707.6,0.3240436613559723
707.7,0.3169018626213074
707.8000000000001,0.328238844871521
707.9000000000001,0.32892563939094543
708.0,0.31170910596847534
708.1,0.32572150230407715
708.2,0.33145034313201904
708.3000000000001,0.3271621763706207
708.4000000000001,0.3288774788379669
708.5,0.32219579815864563
708.6,0.32936424016952515
708.7,0.3287231922149658
708.8000000000001,0.3110738694667816
708.9000000000001,0.32182371616363525
709.0,0.32193657755851746
709.1,0.3117094337940216
709.2,0.3327321410179138
709.3000000000001,0.3234041631221771
709.4000000000001,0.32868692278862
709.5,0.32721543312072754
709.6,0.3259775936603546
709.7,0.32464227080345154
709.8000000000001,0.3208697438240051
709.9000000000001,0.31770551204681396
710.0,0.3298300504684448
710.1,0.3227703273296356
710.2,0.31585249304771423
710.3000000000001,0.32588985562324524
710.4000000000001,0.31132158637046814
710.5,0.3206695318222046
710.6,0.32016316056251526
710.7,0.3211921751499176
710.8000000000001,0.313994824886322
710.9000000000001,0.32372620701789856
711.0,0.3148973882198334
711.1,0.32337626814842224
711.2,0.30963441729545593
711.3000000000001,0.3169581890106201
711.4000000000001,0.32456427812576294
711.5,0.322641521692276
711.6,0.31492966413497925
711.7,0.29353782534599304
711.8000000000001,0.31372615694999695
711.9000000000001,0.32247859239578247
712.0,0.31590041518211365
712.1,0.32417142391204834
712.2,0.33438584208488464
712.3000000000001,0.34679344296455383
712.4000000000001,0.35161906480789185
712.5,0.3724217414855957
712.6,0.3832426071166992
712.7,0.38483935594558716
712.8000000000001,0.38598397374153137
712.9000000000001,0.3950979709625244
713.0,0.39722740650177
713.1,0.4080662131309509
713.2,0.40241536498069763
713.3000000000001,0.38928791880607605
713.4000000000001,0.38046786189079285
713.5,0.37265458703041077
713.6,0.36351680755615234
713.7,0.35746100544929504
713.8000000000001,0.3492905795574188
713.9000000000001,0.34775373339653015
714.0,0.35798850655555725
714.1,0.35505229234695435
714.2,0.35116133093833923
714.3000000000001,0.35042378306388855
714.4000000000001,0.3392256498336792
714.5,0.338449090719223
714.6,0.33761879801750183
714.7,0.34355708956718445
714.8000000000001,0.33032992482185364
714.9000000000001,0.33938688039779663
715.0,0.3385676443576813
715.1,0.3278827667236328
715.2,0.3321070075035095
715.3000000000001,0.3248710036277771
715.4000000000001,0.31881090998649597
715.5,0.3188258409500122
715.6,0.3139125406742096
715.7,0.331401526927948
715.8000000000001,0.31948816776275635
715.9000000000001,0.32905313372612
716.0,0.32706448435783386
716.1,0.31871309876441956
716.2,0.3335316777229309
716.3000000000001,0.33055582642555237
716.4000000000001,0.3279982805252075
716.5,0.32252487540245056
716.6,0.33050400018692017
716.7,0.3301183879375458
716.8000000000001,0.3224811851978302
716.9000000000001,0.32990628480911255
717.0,0.3286473751068115
717.1,0.3219543993473053
717.2,0.3247906565666199
717.3000000000001,0.32608675956726074
717.4000000000001,0.3349108099937439
717.5,0.3310086131095886
717.6,0.3249891400337219
717.7,0.3327178359031677
717.8000000000001,0.3209921419620514
717.9000000000001,0.32658129930496216
718.0,0.3327902853488922
718.1,0.33186960220336914
718.2,0.3308317959308624
718.3000000000001,0.328217089176178
718.4000000000001,0.3283699154853821
718.5,0.3298119604587555
718.6,0.3301225006580353
718.7,0.3287690579891205
718.8000000000001,0.3248387575149536
718.9000000000001,0.3329951763153076
719.0,0.3222704529762268
719.1,0.3191232681274414
719.2,0.3166567385196686
719.3000000000001,0.33234691619873047
719.4000000000001,0.3281998336315155
719.5,0.3265076279640198
719.6,0.3181358873844147
719.7,0.3269405961036682
719.8000000000001,0.3270467221736908
719.9000000000001,0.32894599437713623
720.0,0.3299577832221985
720.1,0.32126402854919434
720.2,0.3232381343841553
720.3000000000001,0.3300200402736664
720.4000000000001,0.3292466998100281
720.5,0.3233036994934082
720.6,0.32687291502952576
720.7,0.32013463973999023
720.8000000000001,0.32244524359703064
720.9000000000001,0.3224917948246002
721.0,0.3253137767314911
721.1,0.3291814625263214
721.2,0.32596033811569214
721.3000000000001,0.32381805777549744
721.4000000000001,0.332023561000824
721.5,0.3162326514720917
721.6,0.3283257484436035
721.7,0.3261226415634155
721.8000000000001,0.3141877055168152
721.9000000000001,0.3144296407699585
722.0,0.327890545129776
722.1,0.3249034285545349
722.2,0.3280865550041199
722.3000000000001,0.31919601559638977
722.4000000000001,0.3233921527862549
722.5,0.3169807195663452
722.6,0.32676535844802856
722.7,0.3192668557167053
722.8000000000001,0.31650301814079285
722.9000000000001,0.3133954703807831
723.0,0.30010998249053955
723.1,0.3181333541870117
723.2,0.3213634788990021
723.3000000000001,0.31255969405174255
723.4000000000001,0.3128812909126282
723.5,0.3121238648891449
723.6,0.3097332715988159
723.7,0.30282214283943176
723.8000000000001,0.31520533561706543
723.9000000000001,0.3131997585296631
724.0,0.31686773896217346
724.1,0.2997397184371948
724.2,0.31004074215888977
724.3000000000001,0.3104306757450104
724.4000000000001,0.31588634848594666
724.5,0.32522764801979065
724.6,0.33863723278045654
724.7,0.3436099588871002
724.8000000000001,0.35613173246383667
724.9000000000001,0.37796276807785034
725.0,0.3843998908996582
725.1,0.396333247423172
725.2,0.4067862033843994
725.3000000000001,0.39776912331581116
725.4000000000001,0.3927791118621826
725.5,0.38940301537513733
725.6,0.36820849776268005
725.7,0.37633153796195984
725.8000000000001,0.36306819319725037
725.9000000000001,0.3595249652862549
726.0,0.35921838879585266
726.1,0.3505583107471466
726.2,0.3542275130748749
726.3000000000001,0.3411175608634949
726.4000000000001,0.34391337633132935
726.5,0.3416934609413147
726.6,0.33988597989082336
726.7,0.34097808599472046
726.8000000000001,0.3356921076774597
726.9000000000001,0.3400706946849823
727.0,0.33971452713012695
727.1,0.33144330978393555
727.2,0.32935068011283875
727.3000000000001,0.32258060574531555
727.4000000000001,0.32632049918174744
727.5,0.32738545536994934
727.6,0.332818865776062
727.7,0.3314926028251648
727.8000000000001,0.3159317076206207
727.9000000000001,0.3240862190723419
728.0,0.32837656140327454
728.1,0.332532674074173
728.2,0.32169175148010254
728.3000000000001,0.3238333463668823
728.4000000000001,0.31668633222579956
728.5,0.31761807203292847
728.6,0.3298313021659851
728.7,0.33340075612068176
728.8000000000001,0.3286972641944885
728.9000000000001,0.3314983546733856
729.0,0.328178733587265
729.1,0.3235763907432556
729.2,0.32576408982276917
729.3000000000001,0.3290063440799713
729.4000000000001,0.3322101831436157
729.5,0.33041709661483765
729.6,0.3286975026130676
729.7,0.322956919670105
729.8000000000001,0.3188135027885437
729.9000000000001,0.3130074441432953
730.0,0.32782289385795593
730.1,0.3282548785209656
730.2,0.32138460874557495
730.3000000000001,0.32478517293930054
730.4000000000001,0.3285297751426697
730.5,0.31509077548980713
730.6,0.3363141715526581
730.7,0.3263762891292572
730.8000000000001,0.32686254382133484
730.9000000000001,0.32890602946281433
731.0,0.32403042912483215
731.1,0.3229266107082367
731.2,0.32248184084892273
731.3000000000001,0.3328801989555359
731.4000000000001,0.3248578906059265
731.5,0.330817848443985
731.6,0.3199073374271393
731.7,0.31924793124198914
731.8000000000001,0.3286551535129547
731.9000000000001,0.3218379020690918
732.0,0.3260203003883362
732.1,0.323503315448761
732.2,0.3157567083835602
732.3000000000001,0.32126301527023315
732.4000000000001,0.3310903012752533
732.5,0.32233572006225586
732.6,0.32587409019470215
732.7,0.3258912265300751
732.8000000000001,0.32236945629119873
732.9000000000001,0.32539013028144836
733.0,0.3253389596939087
733.1,0.3117929697036743
733.2,0.31047818064689636
733.3000000000001,0.3154471814632416
733.4000000000001,0.3293353319168091
733.5,0.31528440117836
733.6,0.3240724205970764
733.7,0.3280521333217621
733.8000000000001,0.3194762170314789
733.9000000000001,0.3245299458503723
734.0,0.31112727522850037
734.1,0.320381224155426
734.2,0.3200293183326721
734.3000000000001,0.32359129190444946
734.4000000000001,0.32284387946128845
734.5,0.30887970328330994
734.6,0.32369083166122437
734.7,0.3209621012210846
734.8000000000001,0.31728261709213257
734.9000000000001,0.31506678462028503
735.0,0.3128482401371002
735.1,0.3177935481071472
735.2,0.3188442289829254
735.3000000000001,0.31838545203208923
735.4000000000001,0.3151399493217468
735.5,0.3187340795993805
735.6,0.31672486662864685
735.7,0.3177717626094818
735.8000000000001,0.3137848973274231
735.9000000000001,0.31184178590774536
736.0,0.3120570480823517
736.1,0.3219449818134308
736.2,0.31659314036369324
736.3000000000001,0.3173624277114868
736.4000000000001,0.3171766400337219
736.5,0.3120395839214325
736.6,0.3089592754840851
736.7,0.3106243312358856
736.8000000000001,0.3132264316082001
736.9000000000001,0.3181787133216858
737.0,0.31881582736968994
737.1,0.31580379605293274
737.2,0.29867783188819885
737.3000000000001,0.3115786015987396
737.4000000000001,0.31108149886131287
737.5,0.3078096807003021
737.6,0.31631630659103394
737.7,0.32966285943984985
737.8000000000001,0.34351661801338196
737.9000000000001,0.35285741090774536
738.0,0.36806052923202515
738.1,0.3718319833278656
738.2,0.38403013348579407
738.3000000000001,0.37327951192855835
738.4000000000001,0.40522074699401855
738.5,0.39962148666381836
738.6,0.4006894528865814
738.7,0.3980286717414856
738.8000000000001,0.39062610268592834
738.9000000000001,0.37997540831565857
739.0,0.37472280859947205
739.1,0.37109440565109253
739.2,0.3633459806442261
739.3000000000001,0.3619353473186493
739.4000000000001,0.35539719462394714
739.5,0.34673547744750977
739.6,0.3547802269458771
739.7,0.342822790145874
739.8000000000001,0.3411528170108795
739.9000000000001,0.3436562418937683
740.0,0.3347542881965637
740.1,0.3375299274921417
740.2,0.3423885703086853
740.3000000000001,0.3178716003894806
740.4000000000001,0.32268697023391724
740.5,0.3344683051109314
740.6,0.3229403793811798
740.7,0.3330135643482208
740.8000000000001,0.33275818824768066
740.9000000000001,0.33191144466400146
741.0,0.3292231857776642
741.1,0.3269957900047302
741.2,0.3236481845378876
741.3000000000001,0.3299105763435364
741.4000000000001,0.3266782760620117
741.5,0.3238075375556946
741.6,0.32841792702674866
741.7,0.3187471032142639
741.8000000000001,0.3220425546169281
741.9000000000001,0.31935420632362366
742.0,0.32742658257484436
742.1,0.3298347592353821
742.2,0.3301294147968292
742.3000000000001,0.3248026371002197
742.4000000000001,0.3268236815929413
742.5,0.32930633425712585
742.6,0.327369749546051
742.7,0.33045464754104614
742.8000000000001,0.32527920603752136
742.9000000000001,0.33324944972991943
743.0,0.32538744807243347
743.1,0.3285364806652069
743.2,0.3246665298938751
743.3000000000001,0.3272365629673004
743.4000000000001,0.33222219347953796
743.5,0.31932979822158813
743.6,0.3301222026348114
743.7,0.3295246958732605
743.8000000000001,0.32230469584465027
743.9000000000001,0.3358873128890991
744.0,0.32674068212509155
744.1,0.3306276798248291
744.2,0.3321838974952698
744.3000000000001,0.3249181807041168
744.4000000000001,0.3281325399875641
744.5,0.3253026604652405
744.6,0.32760292291641235
744.7,0.33071303367614746
744.8000000000001,0.3267210125923157
744.9000000000001,0.3310171365737915
745.0,0.3177259862422943
745.1,0.33039218187332153
745.2,0.32307615876197815
745.3000000000001,0.3185516595840454
745.4000000000001,0.3227680027484894
745.5,0.3290645480155945
745.6,0.329986572265625
745.7,0.3368094563484192
745.8000000000001,0.32620206475257874
745.9000000000001,0.334206223487854
746.0,0.33122169971466064
746.1,0.3291473686695099
746.2,0.3278941214084625
746.3000000000001,0.3228461742401123
746.4000000000001,0.32619670033454895
746.5,0.32971134781837463
746.6,0.31966760754585266
746.7,0.3291908800601959
746.8000000000001,0.3304292857646942
746.9000000000001,0.3247693181037903
747.0,0.3149239718914032
747.1,0.3252939283847809
747.2,0.3211132884025574
747.3000000000001,0.32806333899497986
747.4000000000001,0.32639509439468384
747.5,0.32218074798583984
747.6,0.3355397582054138
747.7,0.3262484669685364
747.8000000000001,0.3191489279270172
747.9000000000001,0.328811913728714
748.0,0.3275015354156494
748.1,0.32731539011001587
748.2,0.3215827941894531
748.3000000000001,0.3215577006340027
748.4000000000001,0.32944509387016296
748.5,0.32572662830352783
748.6,0.32943013310432434
748.7,0.32748234272003174
748.8000000000001,0.32634952664375305
748.9000000000001,0.3152366876602173
749.0,0.327008992433548
749.1,0.328652948141098
749.2,0.3262624442577362
749.3000000000001,0.3268660008907318
749.4000000000001,0.317869633436203
749.5,0.31854531168937683
749.6,0.3151058256626129
749.7,0.3203378915786743
749.8000000000001,0.3298756778240204
749.9000000000001,0.32036179304122925
750.0,0.31068217754364014
750.1,0.3328442871570587
750.2,0.31588685512542725
750.3000000000001,0.32683008909225464
750.4000000000001,0.32142502069473267
750.5,0.3114909827709198
750.6,0.318119615316391
750.7,0.31546643376350403
750.8000000000001,0.320619136095047
750.9000000000001,0.3197343349456787
751.0,0.32186922430992126
751.1,0.327161967754364
751.2,0.32376694679260254
751.3000000000001,0.32540515065193176
751.4000000000001,0.3156881034374237
751.5,0.3036179542541504
751.6,0.3237995505332947
751.7,0.31722110509872437
751.8000000000001,0.3236382007598877
751.9000000000001,0.3169609606266022
752.0,0.3134341239929199
752.1,0.31733399629592896
752.2,0.32015570998191833
752.3000000000001,0.311797171831131
752.4000000000001,0.3241369128227234
752.5,0.32335183024406433
752.6,0.30979108810424805
752.7,0.3115537166595459
752.8000000000001,0.3140173554420471
752.9000000000001,0.3154641091823578
753.0,0.31081321835517883
753.1,0.3152945041656494
753.2,0.31867870688438416
753.3000000000001,0.3095444142818451
753.4000000000001,0.31603965163230896
753.5,0.31218549609184265
753.6,0.30838826298713684
753.7,0.3201340436935425
753.8000000000001,0.31073319911956787
753.9000000000001,0.31023162603378296
754.0,0.3069635033607483
754.1,0.31419363617897034
754.2,0.29920583963394165
754.3000000000001,0.3107140362262726
754.4000000000001,0.3136596083641052
754.5,0.3007009029388428
754.6,0.32077261805534363
754.7,0.3314804434776306
754.8000000000001,0.34535372257232666
754.9000000000001,0.3576953411102295
755.0,0.36197295784950256
755.1,0.38035646080970764
755.2,0.39269542694091797
755.3000000000001,0.3932143449783325
755.4000000000001,0.3899960219860077
755.5,0.39419418573379517
755.6,0.38549309968948364
755.7,0.3802889883518219
755.8000000000001,0.3732467591762543
755.9000000000001,0.36607488989830017
756.0,0.36913231015205383
756.1,0.356726735830307
756.2,0.34968623518943787
756.3000000000001,0.3451148271560669
756.4000000000001,0.32959863543510437
756.5,0.3509093225002289
756.6,0.3366228938102722
756.7,0.33903276920318604
756.8000000000001,0.33964043855667114
756.9000000000001,0.3372354805469513
757.0,0.3261314332485199
757.1,0.33585023880004883
757.2,0.3260943293571472
757.3000000000001,0.328887015581131
757.4000000000001,0.32288509607315063
757.5,0.3288533091545105
757.6,0.33441656827926636
757.7,0.32288187742233276
757.8000000000001,0.33338889479637146
757.9000000000001,0.3236122131347656
758.0,0.3300721347332001
758.1,0.3291248083114624
758.2,0.33252424001693726
758.3000000000001,0.3249266445636749
758.4000000000001,0.31856396794319153
758.5,0.3194751739501953
758.6,0.3273063898086548
758.7,0.32746413350105286
758.8000000000001,0.3365425169467926
758.9000000000001,0.33368468284606934
759.0,0.3320525288581848
759.1,0.33102378249168396
759.2,0.3288930058479309
759.3000000000001,0.3225788176059723
759.4000000000001,0.32612666487693787
759.5,0.3279247581958771
759.6,0.3162389099597931
759.7,0.32233044505119324
759.8000000000001,0.3282625675201416
759.9000000000001,0.31610819697380066
760.0,0.327555775642395
760.1,0.31980767846107483
760.2,0.3239980936050415
760.3000000000001,0.31921204924583435
760.4000000000001,0.3146650195121765
760.5,0.30382174253463745
760.6,0.32125136256217957
760.7,0.32681819796562195
760.8000000000001,0.32207992672920227
760.9000000000001,0.3180592358112335
761.0,0.33209463953971863
761.1,0.32144826650619507
761.2,0.3198625147342682
761.3000000000001,0.3261110782623291
761.4000000000001,0.3290952444076538
761.5,0.3016450107097626
761.6,0.325117826461792
761.7,0.31494617462158203
761.8000000000001,0.3199331760406494
761.9000000000001,0.3210093379020691
762.0,0.31855595111846924
762.1,0.3245096504688263
762.2,0.3178323805332184
762.3000000000001,0.32000675797462463
762.4000000000001,0.31146037578582764
762.5,0.31481555104255676
762.6,0.3071117103099823
762.7,0.31786128878593445
762.8000000000001,0.3216780126094818
762.9000000000001,0.31439852714538574
763.0,0.31486666202545166
763.1,0.31466925144195557
763.2,0.31352701783180237
763.3000000000001,0.3165304958820343
763.4000000000001,0.3205505907535553
763.5,0.3111298680305481
763.6,0.3131188750267029
763.7,0.31613433361053467
763.8000000000001,0.31170615553855896
763.9000000000001,0.3013486862182617
764.0,0.3139861226081848
764.1,0.31778982281684875
764.2,0.3198086619377136
764.3000000000001,0.3177114725112915
764.4000000000001,0.3085092008113861
764.5,0.3129766285419464
764.6,0.3143123984336853
764.7,0.32051903009414673
764.8000000000001,0.3080817461013794
764.9000000000001,0.3175203502178192
765.0,0.31090620160102844
765.1,0.31103870272636414
765.2,0.30933237075805664
765.3000000000001,0.3113690912723541
765.4000000000001,0.30632612109184265
765.5,0.3055311143398285
765.6,0.2980028986930847
765.7,0.310411661863327
765.8000000000001,0.3131013810634613
765.9000000000001,0.31183767318725586
766.0,0.3185253143310547
766.1,0.3107074201107025
766.2,0.34036409854888916
766.3000000000001,0.34937092661857605
766.4000000000001,0.37040433287620544
766.5,0.38154858350753784
766.6,0.385926753282547
766.7,0.3990013897418976
766.8000000000001,0.39164960384368896
766.9000000000001,0.4005252420902252
767.0,0.3893958330154419
767.1,0.37780705094337463
767.2,0.37835896015167236
767.3000000000001,0.36810407042503357
767.4000000000001,0.3423651456832886
767.5,0.34858572483062744
767.6,0.3462979793548584
767.7,0.3486364185810089
767.8000000000001,0.3439648151397705
767.9000000000001,0.3432007431983948
768.0,0.3409375250339508
768.1,0.34329938888549805
768.2,0.33814486861228943
768.3000000000001,0.33790016174316406
768.4000000000001,0.3313603699207306
768.5,0.32480859756469727
768.6,0.3334537446498871
768.7,0.33504509925842285
768.8000000000001,0.33467337489128113
768.9000000000001,0.32778826355934143
769.0,0.32740601897239685
769.1,0.3332822918891907
769.2,0.3341157138347626
769.3000000000001,0.32342466711997986
769.4000000000001,0.3244491219520569
769.5,0.32668355107307434
769.6,0.3158790171146393
769.7,0.32167869806289673
769.8000000000001,0.3283144533634186
769.9000000000001,0.3222350776195526
770.0,0.3277219533920288
770.1,0.33046966791152954
770.2,0.3242410719394684
770.3000000000001,0.33064162731170654
770.4000000000001,0.3191075921058655
770.5,0.3268338143825531
770.6,0.3275099992752075
770.7,0.3203691840171814
770.8000000000001,0.32939961552619934
770.9000000000001,0.3296590745449066
771.0,0.3277800977230072
771.1,0.3241736888885498
771.2,0.31814613938331604
771.3000000000001,0.32187119126319885
771.4000000000001,0.3169252276420593
771.5,0.3229585289955139
771.6,0.3270263075828552
771.7,0.3318077325820923
771.8000000000001,0.3200399577617645
771.9000000000001,0.32519230246543884
772.0,0.32498684525489807
772.1,0.3289799690246582
772.2,0.31508246064186096
772.3000000000001,0.318400114774704
772.4000000000001,0.3215615749359131
772.5,0.32611456513404846
772.6,0.322998970746994
772.7,0.31694889068603516
772.8000000000001,0.321231871843338
772.9000000000001,0.3280259966850281
773.0,0.32785871624946594
773.1,0.3247426748275757
773.2,0.3278464674949646
773.3000000000001,0.3259776830673218
773.4000000000001,0.32386350631713867
773.5,0.32707977294921875
773.6,0.31829795241355896
773.7,0.3240157663822174
773.8000000000001,0.31870853900909424
773.9000000000001,0.3323226571083069
774.0,0.32058802247047424
774.1,0.32567542791366577
774.2,0.3241434693336487
774.3000000000001,0.31666314601898193
774.4000000000001,0.3240993916988373
774.5,0.32649457454681396
774.6,0.3231443464756012
774.7,0.3257085978984833
774.8000000000001,0.32779553532600403
774.9000000000001,0.31905674934387207
775.0,0.3200069069862366
775.1,0.32383954524993896
775.2,0.3253866732120514
775.3000000000001,0.32224926352500916
775.4000000000001,0.31720200181007385
775.5,0.3167138397693634
775.6,0.3210547864437103
775.7,0.30828583240509033
775.8000000000001,0.32257080078125
775.9000000000001,0.3218744099140167
776.0,0.31729644536972046
776.1,0.3202195167541504
776.2,0.31523996591567993
776.3000000000001,0.3116993308067322
776.4000000000001,0.31637346744537354
776.5,0.31208521127700806
776.6,0.3220337927341461
776.7,0.3092462420463562
776.8000000000001,0.314081072807312
776.9000000000001,0.32016298174858093
777.0,0.3213859796524048
777.1,0.3175654113292694
777.2,0.31749966740608215
777.3000000000001,0.30589380860328674
777.4000000000001,0.31624871492385864
777.5,0.3216279447078705
777.6,0.3052513897418976
777.7,0.3216302990913391
777.8000000000001,0.30541399121284485
777.9000000000001,0.3100338876247406
778.0,0.32257315516471863
778.1,0.3088281750679016
778.2,0.3174991011619568
778.3000000000001,0.31506115198135376
778.4000000000001,0.3162250518798828
778.5,0.3052281141281128
778.6,0.31612202525138855
778.7,0.3089267611503601
778.8000000000001,0.30573397874832153
778.9000000000001,0.3153650164604187
779.0,0.3114478588104248
779.1,0.30839240550994873
779.2,0.3170243501663208
779.3000000000001,0.31496384739875793
779.4000000000001,0.31513711810112
779.5,0.3124953806400299
779.6,0.3065218925476074
779.7,0.30726245045661926
779.8000000000001,0.30315905809402466
779.9000000000001,0.30668994784355164
780.0,0.31274864077568054
780.1,0.31078633666038513
780.2,0.30681556463241577
780.3000000000001,0.3042666018009186
780.4000000000001,0.3114989697933197
780.5,0.2991798520088196
780.6,0.30170005559921265
780.7,0.3084650933742523
780.8000000000001,0.30456477403640747
780.9000000000001,0.3147175908088684
781.0,0.3250238597393036
781.1,0.33890020847320557
781.2,0.35138195753097534
781.3000000000001,0.3639267385005951
781.4000000000001,0.369584321975708
781.5,0.3670654594898224
781.6,0.38436359167099
781.7,0.3866403102874756
781.8000000000001,0.39126068353652954
781.9000000000001,0.38189852237701416
782.0,0.3612011671066284
782.1,0.3672212064266205
782.2,0.3579564690589905
782.3000000000001,0.3505745232105255
782.4000000000001,0.3525831699371338
782.5,0.34614357352256775
782.6,0.3457653224468231
782.7,0.34384098649024963
782.8000000000001,0.3447091281414032
782.9000000000001,0.33146965503692627
783.0,0.3333126902580261
783.1,0.3385443091392517
783.2,0.3410269320011139
783.3000000000001,0.33060428500175476
783.4000000000001,0.3374885320663452
783.5,0.3309798538684845
783.6,0.3237316906452179
783.7,0.33216342329978943
783.8000000000001,0.3275590240955353
783.9000000000001,0.33034372329711914
784.0,0.32180798053741455
784.1,0.3217742145061493
784.2,0.32427752017974854
784.3000000000001,0.3248763680458069
784.4000000000001,0.3107384443283081
784.5,0.3203452229499817
784.6,0.3300984501838684
784.7,0.32173240184783936
784.8000000000001,0.33078905940055847
784.9000000000001,0.32294395565986633
785.0,0.3180752992630005
785.1,0.32581350207328796
785.2,0.3253471553325653
785.3000000000001,0.3239034414291382
785.4000000000001,0.31932249665260315
785.5,0.31141674518585205
785.6,0.32732462882995605
785.7,0.326242595911026
785.8000000000001,0.3231801688671112
785.9000000000001,0.3272462785243988
786.0,0.3170468211174011
786.1,0.31937307119369507
786.2,0.31727513670921326
786.3000000000001,0.3166440725326538
786.4000000000001,0.31970030069351196
786.5,0.32082733511924744
786.6,0.322801411151886
786.7,0.3244301974773407
786.8000000000001,0.3124794065952301
786.9000000000001,0.3152831494808197
787.0,0.32120659947395325
787.1,0.3146876394748688
787.2,0.312693327665329
787.3000000000001,0.32189682126045227
787.4000000000001,0.3239807188510895
787.5,0.3205532133579254
787.6,0.3207835257053375
787.7,0.31425079703330994
787.8000000000001,0.3193722367286682
787.9000000000001,0.32055217027664185
788.0,0.3202259838581085
788.1,0.3156713843345642
788.2,0.321664422750473
788.3000000000001,0.32015007734298706
788.4000000000001,0.31491491198539734
788.5,0.31422072649002075
788.6,0.3219342529773712
788.7,0.3075786530971527
788.8000000000001,0.31510287523269653
788.9000000000001,0.31070956587791443
789.0,0.31610941886901855
789.1,0.30424389243125916
789.2,0.3126274049282074
789.3000000000001,0.3203080892562866
789.4000000000001,0.31202614307403564
789.5,0.3182004988193512
789.6,0.3114619553089142
789.7,0.30756643414497375
789.8000000000001,0.3108498454093933
789.9000000000001,0.3145220875740051
790.0,0.30460378527641296
790.1,0.3085506558418274
790.2,0.31197282671928406
790.3000000000001,0.3059522807598114
790.4000000000001,0.31153684854507446
790.5,0.30750930309295654
790.6,0.30736830830574036
790.7,0.3102628290653229
790.8000000000001,0.3003499209880829
790.9000000000001,0.30535537004470825
791.0,0.30937469005584717
791.1,0.3088519275188446
791.2,0.31663933396339417
791.3000000000001,0.301228791475296
791.4000000000001,0.30450621247291565
791.5,0.3097285330295563
791.6,0.30839183926582336
791.7,0.3030949831008911
791.8000000000001,0.30670756101608276
791.9000000000001,0.30292952060699463
792.0,0.30715301632881165
792.1,0.31046250462532043
792.2,0.3040863871574402
792.3000000000001,0.2969207167625427
792.4000000000001,0.30487608909606934
792.5,0.2960854768753052
792.6,0.30238330364227295
792.7,0.31714582443237305
792.8000000000001,0.3254585564136505
792.9000000000001,0.33780598640441895
793.0,0.3560936748981476
793.1,0.3727848529815674
793.2,0.37484851479530334
793.3000000000001,0.3920355439186096
793.4000000000001,0.39330095052719116
793.5,0.3912656307220459
793.6,0.3881121277809143
793.7,0.3920997977256775
793.8000000000001,0.3872264325618744
793.9000000000001,0.3654892146587372
794.0,0.3669826090335846
794.1,0.3497452735900879
794.2,0.3508613109588623
794.3000000000001,0.34690576791763306
794.4000000000001,0.35252645611763
794.5,0.34548312425613403
794.6,0.33399510383605957
794.7,0.34645208716392517
794.8000000000001,0.34040409326553345
794.9000000000001,0.33530259132385254
795.0,0.33255118131637573
795.1,0.33941134810447693
795.2,0.3285590410232544
795.3000000000001,0.34371885657310486
795.4000000000001,0.33601364493370056
795.5,0.3321361839771271
795.6,0.33300232887268066
795.7,0.32618042826652527
795.8000000000001,0.32168757915496826
795.9000000000001,0.33113062381744385
796.0,0.32456833124160767
796.1,0.33150970935821533
796.2,0.32145875692367554
796.3000000000001,0.32344889640808105
796.4000000000001,0.3165012001991272
796.5,0.3263716995716095
796.6,0.32365861535072327
796.7,0.3177187740802765
796.8000000000001,0.3201720416545868
796.9000000000001,0.3190259039402008
797.0,0.32333216071128845
797.1,0.33369410037994385
797.2,0.3194620609283447
797.3000000000001,0.33049070835113525
797.4000000000001,0.32000479102134705
797.5,0.32947251200675964
797.6,0.3250446617603302
797.7,0.32437238097190857
797.8000000000001,0.32362106442451477
797.9000000000001,0.31872451305389404
798.0,0.31805703043937683
798.1,0.31978467106819153
798.2,0.3191187381744385
798.3000000000001,0.32552042603492737
798.4000000000001,0.32494035363197327
798.5,0.32241299748420715
798.6,0.30726367235183716
798.7,0.3243649899959564
798.8000000000001,0.31969359517097473
798.9000000000001,0.31975942850112915
799.0,0.31488484144210815
799.1,0.3192076086997986
799.2,0.319487065076828
799.3000000000001,0.3103023171424866
799.4000000000001,0.32389649748802185
799.5,0.3205093443393707
799.6,0.3213910758495331
799.7,0.3172762095928192
799.8000000000001,0.3232141137123108
799.9000000000001,0.3250938355922699
800.0,0.3171522915363312
800.1,0.3171781003475189
800.2,0.31627994775772095
800.3000000000001,0.31153494119644165
800.4000000000001,0.31394854187965393
800.5,0.3188609778881073
800.6,0.3153119683265686
800.7,0.32360604405403137
800.8000000000001,0.3058888018131256
800.9000000000001,0.31254279613494873
801.0,0.3154803514480591
801.1,0.3147061765193939
801.2,0.3202751576900482
801.3000000000001,0.31680965423583984
801.4000000000001,0.3215762972831726
801.5,0.3156964182853699
801.6,0.3166327178478241
801.7,0.30686894059181213
801.8000000000001,0.3152100443840027
801.9000000000001,0.31476858258247375
802.0,0.3206265866756439
802.1,0.31820279359817505
802.2,0.31372371315956116
802.3000000000001,0.2994820475578308
802.4000000000001,0.3055618703365326
802.5,0.31615889072418213
802.6,0.3178529143333435
802.7,0.3105868697166443
802.8000000000001,0.33638808131217957
802.9000000000001,0.3477422893047333
803.0,0.35998421907424927
803.1,0.37747621536254883
803.2,0.3844396770000458
803.3000000000001,0.3994915187358856
803.4000000000001,0.3995075523853302
803.5,0.4050503075122833
803.6,0.40345606207847595
803.7,0.3887328803539276
803.8000000000001,0.3831222355365753
803.9000000000001,0.3788040280342102
804.0,0.36487770080566406
804.1,0.36326852440834045
804.2,0.3501977324485779
804.3000000000001,0.3485328257083893
804.4000000000001,0.351240873336792
804.5,0.34521085023880005
804.6,0.3442988097667694
804.7,0.34572887420654297
804.8000000000001,0.3337632715702057
804.9000000000001,0.33887824416160583
805.0,0.3268623650074005
805.1,0.3276820182800293
805.2,0.3293214738368988
805.3000000000001,0.3388170897960663
805.4000000000001,0.3340221643447876
805.5,0.3241429626941681
805.6,0.32279688119888306
805.7,0.3300814926624298
805.8000000000001,0.32717573642730713
805.9000000000001,0.3266156315803528
806.0,0.32266154885292053
806.1,0.32619988918304443
806.2,0.325344443321228
806.3000000000001,0.3266076445579529
806.4000000000001,0.3267379403114319
806.5,0.3282844126224518
806.6,0.3204219937324524
806.7,0.326990008354187
806.8000000000001,0.32580533623695374
806.9000000000001,0.32358893752098083
807.0,0.3236088156700134
807.1,0.3286098539829254
807.2,0.32540416717529297
807.3000000000001,0.33064180612564087
807.4000000000001,0.3229281008243561
807.5,0.3292548954486847
807.6,0.3299514949321747
807.7,0.3314896821975708
807.8000000000001,0.31956061720848083
807.9000000000001,0.32239946722984314
808.0,0.32965970039367676
808.1,0.32201144099235535
808.2,0.32132285833358765
808.3000000000001,0.3213644325733185
808.4000000000001,0.32469919323921204
808.5,0.3146931827068329
808.6,0.3250730037689209
808.7,0.3206987977027893
808.8000000000001,0.3242075443267822
808.9000000000001,0.3225848376750946
809.0,0.3319893479347229
809.1,0.3149851858615875
809.2,0.33122310042381287
809.3000000000001,0.32789304852485657
809.4000000000001,0.31132131814956665
809.5,0.3191787004470825
809.6,0.32654881477355957
809.7,0.31902843713760376
809.8000000000001,0.3247743844985962
809.9000000000001,0.3191803991794586
810.0,0.31713998317718506
810.1,0.3161817193031311
810.2,0.31962060928344727
810.3000000000001,0.31597310304641724
810.4000000000001,0.31335338950157166
810.5,0.31735891103744507
810.6,0.3276066482067108
810.7,0.31572070717811584
810.8000000000001,0.3168710768222809
810.9000000000001,0.3181573152542114
811.0,0.3216637969017029
811.1,0.31619396805763245
811.2,0.3192393183708191
811.3000000000001,0.3130907416343689
811.4000000000001,0.3171996474266052
811.5,0.3154946565628052
811.6,0.31673362851142883
811.7,0.3190635144710541
811.8000000000001,0.31592029333114624
811.9000000000001,0.31982657313346863
812.0,0.32070106267929077
812.1,0.3100292682647705
812.2,0.31179147958755493
812.3000000000001,0.320024311542511
812.4000000000001,0.301225483417511
812.5,0.3139035701751709
812.6,0.3139536678791046
812.7,0.31303730607032776
812.8000000000001,0.31238389015197754
812.9000000000001,0.3145018517971039
813.0,0.3132169544696808
813.1,0.3128053843975067
813.2,0.31113478541374207
813.3000000000001,0.32265958189964294
813.4000000000001,0.30683353543281555
813.5,0.3150929808616638
813.6,0.3151240348815918
813.7,0.31750190258026123
813.8000000000001,0.3159165680408478
813.9000000000001,0.3071352243423462
814.0,0.30986547470092773
814.1,0.3178229033946991
814.2,0.2985665798187256
814.3000000000001,0.31009215116500854
814.4000000000001,0.3069530427455902
814.5,0.3119753301143646
814.6,0.31515344977378845
814.7,0.3312656581401825
814.8000000000001,0.3424661159515381
814.9000000000001,0.3434806168079376
815.0,0.3652909994125366
815.1,0.37102603912353516
815.2,0.3790239691734314
815.3000000000001,0.3784162998199463
815.4000000000001,0.4036441743373871
815.5,0.3862413763999939
815.6,0.39360135793685913
815.7,0.394123375415802
815.8000000000001,0.3805205225944519
815.9000000000001,0.36993643641471863
816.0,0.37172749638557434
816.1,0.3615604043006897
816.2,0.343730628490448
816.3000000000001,0.35250043869018555
816.4000000000001,0.35623699426651
816.5,0.3565836250782013
816.6,0.3444100022315979
816.7,0.3423735499382019
816.8000000000001,0.3420197367668152
816.9000000000001,0.33965829014778137
817.0,0.34053367376327515
817.1,0.3360651731491089
817.2,0.33752310276031494
817.3000000000001,0.33926284313201904
817.4000000000001,0.33494940400123596
817.5,0.33293431997299194
817.6,0.3278294801712036
817.7,0.3311863839626312
817.8000000000001,0.3209022581577301
817.9000000000001,0.32523441314697266
818.0,0.33361297845840454
818.1,0.33562758564949036
818.2,0.32999953627586365
818.3000000000001,0.3205018937587738
818.4000000000001,0.33261314034461975
818.5,0.315701961517334
818.6,0.31140580773353577
818.7,0.32112663984298706
818.8000000000001,0.3240101933479309
818.9000000000001,0.32588037848472595
819.0,0.32250404357910156
819.1,0.3265708088874817
819.2,0.32565921545028687
819.3000000000001,0.3164937496185303
819.4000000000001,0.31953057646751404
819.5,0.326924204826355
819.6,0.3165300190448761
819.7,0.3261732757091522
819.8000000000001,0.3218878507614136
819.9000000000001,0.3238201439380646
820.0,0.3280071020126343
820.1,0.32862597703933716
820.2,0.3213804066181183
820.3000000000001,0.32633742690086365
820.4000000000001,0.3207727372646332
820.5,0.32605066895484924
820.6,0.3270624279975891
820.7,0.3210630714893341
820.8000000000001,0.3221619129180908
820.9000000000001,0.3229414224624634
821.0,0.32110947370529175
821.1,0.3185040354728699
821.2,0.30989137291908264
821.3000000000001,0.3281514346599579
821.4000000000001,0.3216058909893036
821.5,0.3241322338581085
821.6,0.3280769884586334
821.7,0.31892621517181396
821.8000000000001,0.3267633020877838
821.9000000000001,0.32314980030059814
822.0,0.3197254538536072
822.1,0.31949305534362793
822.2,0.31850576400756836
822.3000000000001,0.3256329596042633
822.4000000000001,0.3175273537635803
822.5,0.31991076469421387
822.6,0.31601056456565857
822.7,0.31554460525512695
822.8000000000001,0.3192136585712433
822.9000000000001,0.31099334359169006
823.0,0.31300583481788635
823.1,0.31243574619293213
823.2,0.3172449767589569
823.3000000000001,0.3208104372024536
823.4000000000001,0.31313416361808777
823.5,0.3163876235485077
823.6,0.31976884603500366
823.7,0.30673646926879883
823.8000000000001,0.3094375431537628
823.9000000000001,0.3175475597381592
824.0,0.31888723373413086
824.1,0.3137480914592743
824.2,0.319428026676178
824.3000000000001,0.31553974747657776
824.4000000000001,0.310050368309021
824.5,0.31448879837989807
824.6,0.31628116965293884
824.7,0.3099517524242401
824.8000000000001,0.3130203187465668
824.9000000000001,0.3133637607097626
825.0,0.30577853322029114
825.1,0.2897107005119324
825.2,0.2994236648082733
825.3000000000001,0.29950666427612305
825.4000000000001,0.29750165343284607
825.5,0.30307629704475403
825.6,0.29820457100868225
825.7,0.3298071622848511
825.8000000000001,0.34431222081184387
825.9000000000001,0.361316055059433
826.0,0.3715585172176361
826.1,0.3856222331523895
826.2,0.39543381333351135
826.3000000000001,0.4057580232620239
826.4000000000001,0.39978644251823425
826.5,0.39663103222846985
826.6,0.38742804527282715
826.7,0.38289812207221985
826.8000000000001,0.375604510307312
826.9000000000001,0.3754724860191345
827.0,0.363373726606369
827.1,0.36410772800445557
827.2,0.3567947447299957
827.3000000000001,0.34942883253097534
827.4000000000001,0.34916722774505615
827.5,0.34444737434387207
827.6,0.33004963397979736
827.7,0.34413546323776245
827.8000000000001,0.34965819120407104
827.9000000000001,0.3424065113067627
828.0,0.3249555230140686
828.1,0.3429155647754669
828.2,0.3387655019760132
828.3000000000001,0.33325815200805664
828.4000000000001,0.3247283697128296
828.5,0.323882132768631
828.6,0.33176058530807495
828.7,0.3250303864479065
828.8000000000001,0.32704612612724304
828.9000000000001,0.32321789860725403
829.0,0.32384008169174194
829.1,0.32566726207733154
829.2,0.32744938135147095
829.3000000000001,0.33076339960098267
829.4000000000001,0.32623881101608276
829.5,0.32099786400794983
829.6,0.3249407708644867
829.7,0.3309924602508545
829.8000000000001,0.3312991261482239
829.9000000000001,0.3215169310569763
830.0,0.32706212997436523
830.1,0.3294088840484619
830.2,0.32623952627182007
830.3000000000001,0.3288869559764862
830.4000000000001,0.32910576462745667
830.5,0.33015143871307373
830.6,0.32827138900756836
830.7,0.32521846890449524
830.8000000000001,0.32602590322494507
830.9000000000001,0.3236895501613617
831.0,0.319415420293808
831.1,0.3186371326446533
831.2,0.32502442598342896
831.3000000000001,0.31730377674102783
831.4000000000001,0.32192865014076233
831.5,0.32634449005126953
831.6,0.31971094012260437
831.7,0.3272973597049713
831.8000000000001,0.3222908675670624
831.9000000000001,0.32634270191192627
832.0,0.3135567605495453
832.1,0.3110140860080719
832.2,0.3222866356372833
832.3000000000001,0.32704246044158936
832.4000000000001,0.32132700085639954
832.5,0.32293516397476196
832.6,0.3127412796020508
832.7,0.32004499435424805
832.8000000000001,0.3112215995788574
832.9000000000001,0.318621426820755
833.0,0.316760390996933
833.1,0.3109852373600006
833.2,0.3185863494873047
833.3000000000001,0.3199153244495392
833.4000000000001,0.32948359847068787
833.5,0.3273584544658661
833.6,0.3137810528278351
833.7,0.31749898195266724
833.8000000000001,0.3180868327617645
833.9000000000001,0.3126838505268097
834.0,0.31880825757980347
834.1,0.3155943751335144
834.2,0.3175516426563263
834.3000000000001,0.31549540162086487
834.4000000000001,0.3163302540779114
834.5,0.3069327175617218
834.6,0.3165603280067444
834.7,0.32000094652175903
834.8000000000001,0.3059045076370239
834.9000000000001,0.3174860179424286
835.0,0.32007887959480286
835.1,0.3109317123889923
835.2,0.31450146436691284
835.3000000000001,0.3182951509952545
835.4000000000001,0.3101081848144531
835.5,0.3189943730831146
835.6,0.3119853138923645
835.7,0.3064984381198883
835.8000000000001,0.3149377107620239
835.9000000000001,0.3032282888889313
836.0,0.31333234906196594
836.1,0.3201521635055542
836.2,0.31232964992523193
836.3000000000001,0.31094399094581604
836.4000000000001,0.3161652684211731
836.5,0.3069135546684265
836.6,0.3062857389450073
836.7,0.31298020482063293
836.8000000000001,0.31726402044296265
836.9000000000001,0.31334176659584045
837.0,0.3019557595252991
837.1,0.3067470192909241
837.2,0.3138574957847595
837.3000000000001,0.31085437536239624
837.4000000000001,0.31109172105789185
837.5,0.30865588784217834
837.6,0.3076844811439514
837.7,0.306117981672287
837.8000000000001,0.30474764108657837
837.9000000000001,0.30754736065864563
838.0,0.3134628236293793
838.1,0.30419763922691345
838.2,0.3053944706916809
838.3000000000001,0.3077932298183441
838.4000000000001,0.3102705180644989
838.5,0.302859902381897
838.6,0.3104841411113739
838.7,0.30300262570381165
838.8000000000001,0.3020152747631073
838.9000000000001,0.306301474571228
839.0,0.3075152039527893
839.1,0.3032887578010559
839.2,0.29908910393714905
839.3000000000001,0.3043110966682434
839.4000000000001,0.3062291741371155
839.5,0.30999138951301575
839.6,0.309206485748291
839.7,0.3262813985347748
839.8000000000001,0.32151710987091064
839.9000000000001,0.3524792492389679
840.0,0.35525867342948914
840.1,0.37564924359321594
840.2,0.3881738483905792
840.3000000000001,0.40242260694503784
840.4000000000001,0.3956138789653778
840.5,0.40004396438598633
840.6,0.3879673480987549
840.7,0.3817354440689087
840.8000000000001,0.387844979763031
840.9000000000001,0.36895033717155457
841.0,0.36069440841674805
841.1,0.36307188868522644
841.2,0.3582596182823181
841.3000000000001,0.3534984886646271
841.4000000000001,0.337118923664093
841.5,0.3490649461746216
841.6,0.3411712944507599
841.7,0.3458147346973419
841.8000000000001,0.3408355414867401
841.9000000000001,0.3391219973564148
842.0,0.34743058681488037
842.1,0.3394048810005188
842.2,0.3305478096008301
842.3000000000001,0.3306541442871094
842.4000000000001,0.33343952894210815
842.5,0.3315229117870331
842.6,0.3308311998844147
842.7,0.33179187774658203
842.8000000000001,0.33123335242271423
842.9000000000001,0.32921692728996277
843.0,0.33020856976509094
843.1,0.329963743686676
843.2,0.3286333680152893
843.3000000000001,0.32095423340797424
843.4000000000001,0.3296073079109192
843.5,0.32971611618995667
843.6,0.3208010494709015
843.7,0.3296690583229065
843.8000000000001,0.324924498796463
843.9000000000001,0.3166244328022003
844.0,0.3289748430252075
844.1,0.3292931914329529
844.2,0.3246932327747345
844.3000000000001,0.3284868896007538
844.4000000000001,0.32121434807777405
844.5,0.3311840295791626
844.6,0.32104378938674927
844.7,0.3171888291835785
844.8000000000001,0.32898977398872375
844.9000000000001,0.3125385642051697
845.0,0.31489449739456177
845.1,0.3251539468765259
845.2,0.3248390853404999
845.3000000000001,0.3163987398147583
845.4000000000001,0.317743718624115
845.5,0.3146463930606842
845.6,0.3276508152484894
845.7,0.32264482975006104
845.8000000000001,0.3203754127025604
845.9000000000001,0.3251730501651764
846.0,0.3175135552883148
846.1,0.3220377564430237
846.2,0.31714296340942383
846.3000000000001,0.3191694915294647
846.4000000000001,0.32264405488967896
846.5,0.31779608130455017
846.6,0.3262227177619934
846.7,0.3213396966457367
846.8000000000001,0.32465946674346924
846.9000000000001,0.3205867111682892
847.0,0.3191054165363312
847.1,0.3169756233692169
847.2,0.31439346075057983
847.3000000000001,0.3279348313808441
847.4000000000001,0.32408472895622253
847.5,0.3242630064487457
847.6,0.3153706192970276
847.7,0.32036033272743225
847.8000000000001,0.32333916425704956
847.9000000000001,0.3200188875198364
848.0,0.3223659098148346
848.1,0.3132854104042053
848.2,0.30878615379333496
848.3000000000001,0.3161662817001343
848.4000000000001,0.3241710364818573
848.5,0.3077392876148224
848.6,0.3219531178474426
848.7,0.3178442716598511
848.8000000000001,0.3062068223953247
848.9000000000001,0.3222017288208008
849.0,0.3174767792224884
849.1,0.3059011995792389
849.2,0.3174583613872528
849.3000000000001,0.3129059374332428
849.4000000000001,0.31276562809944153
849.5,0.3119526505470276
849.6,0.3180171549320221
849.7,0.30132219195365906
849.8000000000001,0.3161207437515259
849.9000000000001,0.29936063289642334
850.0,0.3147624135017395
850.1,0.31265613436698914
850.2,0.31655409932136536
850.3000000000001,0.31929999589920044
850.4000000000001,0.3353893458843231
850.5,0.3367827832698822
850.6,0.34795942902565
850.7,0.3590434491634369
850.8000000000001,0.3660982549190521
850.9000000000001,0.3865308165550232
851.0,0.3858088254928589
851.1,0.39004427194595337
851.2,0.3932298421859741
851.3000000000001,0.3867305815219879
851.4000000000001,0.3782885670661926
851.5,0.37385860085487366
851.6,0.36750054359436035
851.7,0.3547251522541046
851.8000000000001,0.35272619128227234
851.9000000000001,0.3545702397823334
852.0,0.3483853042125702
852.1,0.3563004434108734
852.2,0.3537323772907257
852.3000000000001,0.341153621673584
852.4000000000001,0.34078720211982727
852.5,0.3437286913394928
852.6,0.33841806650161743
852.7,0.3472868800163269
852.8000000000001,0.33318305015563965
852.9000000000001,0.3384762108325958
853.0,0.33786246180534363
853.1,0.3261009454727173
853.2,0.33228355646133423
853.3000000000001,0.33384326100349426
853.4000000000001,0.3320319354534149
853.5,0.32406798005104065
853.6,0.3197835087776184
853.7,0.33532559871673584
853.8000000000001,0.32573553919792175
853.9000000000001,0.3276366889476776
854.0,0.3159967362880707
854.1,0.3279016613960266
854.2,0.3221133053302765
854.3000000000001,0.32691285014152527
854.4000000000001,0.3287064731121063
854.5,0.32399359345436096
854.6,0.303863525390625
854.7,0.33276018500328064
854.8000000000001,0.3292889893054962
854.9000000000001,0.330429345369339
855.0,0.3303171992301941
855.1,0.3241043984889984
855.2,0.3323900103569031
855.3000000000001,0.3251006007194519
855.4000000000001,0.3257387578487396
855.5,0.31191855669021606
855.6,0.3248683214187622
855.7,0.3259289562702179
855.8000000000001,0.32943665981292725
855.9000000000001,0.3225821256637573
856.0,0.32175493240356445
856.1,0.31916165351867676
856.2,0.3313653767108917
856.3000000000001,0.32292723655700684
856.4000000000001,0.3303525149822235
856.5,0.32710498571395874
856.6,0.32867687940597534
856.7,0.32418525218963623
856.8000000000001,0.3304421305656433
856.9000000000001,0.32860469818115234
857.0,0.3259902596473694
857.1,0.32963722944259644
857.2,0.32324662804603577
857.3000000000001,0.3307551443576813
857.4000000000001,0.3238723576068878
857.5,0.32989567518234253
857.6,0.32336342334747314
857.7,0.33227741718292236
857.8000000000001,0.3212602138519287
857.9000000000001,0.3317183256149292
858.0,0.3351401686668396
858.1,0.32385578751564026
858.2,0.3222957253456116
858.3000000000001,0.31535646319389343
858.4000000000001,0.32230713963508606
858.5,0.3247588276863098
858.6,0.31787267327308655
858.7,0.3258405923843384
858.8000000000001,0.3343817889690399
858.9000000000001,0.32879480719566345
859.0,0.3221381902694702
859.1,0.31930679082870483
859.2,0.32396793365478516
859.3000000000001,0.32730600237846375
859.4000000000001,0.31938326358795166
859.5,0.3240055441856384
859.6,0.32129937410354614
859.7,0.32498636841773987
859.8000000000001,0.320701539516449
859.9000000000001,0.3168252110481262
860.0,0.3264888525009155
860.1,0.3247539699077606
860.2,0.3225197494029999
860.3000000000001,0.31723299622535706
860.4000000000001,0.32270780205726624
860.5,0.32552987337112427
860.6,0.31450819969177246
860.7,0.3220812976360321
860.8000000000001,0.32423126697540283
860.9000000000001,0.3091728687286377
861.0,0.3256896436214447
861.1,0.31282106041908264
861.2,0.3206690549850464
861.3000000000001,0.32883456349372864
861.4000000000001,0.31283971667289734
861.5,0.3131657540798187
861.6,0.323275625705719
861.7,0.3191318213939667
861.8000000000001,0.3155425786972046
861.9000000000001,0.3265290856361389
862.0,0.3162546753883362
862.1,0.30527645349502563
862.2,0.3235161602497101
862.3000000000001,0.3222668170928955
862.4000000000001,0.31019294261932373
862.5,0.3146846890449524
862.6,0.30399760603904724
862.7,0.307657927274704
862.8000000000001,0.31716105341911316
862.9000000000001,0.31162434816360474
863.0,0.3184322416782379
863.1,0.3023221492767334
863.2,0.3150506317615509
863.3000000000001,0.31594523787498474
863.4000000000001,0.31515753269195557
863.5,0.319839745759964
863.6,0.30977389216423035
863.7,0.3221941292285919
863.8000000000001,0.318133145570755
863.9000000000001,0.30796608328819275
864.0,0.31449803709983826
864.1,0.3152412474155426
864.2,0.30872493982315063
864.3000000000001,0.3090275824069977
864.4000000000001,0.3158547282218933
864.5,0.3166747987270355
864.6,0.3163950741291046
864.7,0.30827632546424866
864.8000000000001,0.31242504715919495
864.9000000000001,0.31751471757888794
865.0,0.30975234508514404
865.1,0.31181424856185913
865.2,0.31539806723594666
865.3000000000001,0.3101937770843506
865.4000000000001,0.31325119733810425
865.5,0.30028626322746277
865.6,0.3064400553703308
865.7,0.3059675693511963
865.8000000000001,0.30778858065605164
865.9000000000001,0.30123409628868103
866.0,0.3074463903903961
866.1,0.30189791321754456
866.2,0.30296850204467773
866.3000000000001,0.300167053937912
866.4000000000001,0.30373209714889526
866.5,0.3102411925792694
866.6,0.30599766969680786
866.7,0.3081929683685303
866.8000000000001,0.30156922340393066
866.9000000000001,0.3099750578403473
867.0,0.30919772386550903
867.1,0.2979263365268707
867.2,0.31314021348953247
867.3000000000001,0.30349862575531006
867.4000000000001,0.30064842104911804
867.5,0.30525311827659607
867.6,0.3249558210372925
867.7,0.333993136882782
867.8000000000001,0.3564194440841675
867.9000000000001,0.3597993850708008
868.0,0.38197165727615356
868.1,0.3719542324542999
868.2,0.38449743390083313
868.3000000000001,0.39757171273231506
868.4000000000001,0.3935699164867401
868.5,0.3955242335796356
868.6,0.3750758469104767
868.7,0.36982548236846924
868.8000000000001,0.36345618963241577
868.9000000000001,0.3537781238555908
869.0,0.35980120301246643
869.1,0.3452507555484772
869.2,0.3449121117591858
869.3000000000001,0.3441668152809143
869.4000000000001,0.33836689591407776
869.5,0.34084203839302063
869.6,0.34460562467575073
869.7,0.3348664939403534
869.8000000000001,0.3371126055717468
869.9000000000001,0.33970993757247925
870.0,0.3195980489253998
870.1,0.3395741283893585
870.2,0.335254967212677
870.3000000000001,0.3367592692375183
870.4000000000001,0.33350032567977905
870.5,0.32545191049575806
870.6,0.3309894800186157
870.7,0.3212105929851532
870.8000000000001,0.3200896382331848
870.9000000000001,0.33229637145996094
871.0,0.33007410168647766
871.1,0.3166424632072449
871.2,0.3291398584842682
871.3000000000001,0.32444578409194946
871.4000000000001,0.32261595129966736
871.5,0.3351438343524933
871.6,0.32191741466522217
871.7,0.32658377289772034
871.8000000000001,0.31348612904548645
871.9000000000001,0.3269008994102478
872.0,0.31880372762680054
872.1,0.3193519413471222
872.2,0.3221934139728546
872.3000000000001,0.3223345875740051
872.4000000000001,0.32957953214645386
872.5,0.3256685733795166
872.6,0.32720401883125305
872.7,0.3199508786201477
872.8000000000001,0.31899869441986084
872.9000000000001,0.3210943341255188
873.0,0.31984901428222656
873.1,0.316885381937027
873.2,0.31195372343063354
873.3000000000001,0.31610164046287537
873.4000000000001,0.3176189959049225
873.5,0.3047771751880646
873.6,0.3191780745983124
873.7,0.32076385617256165
873.8000000000001,0.31223562359809875
873.9000000000001,0.32161545753479004
874.0,0.3241991102695465
874.1,0.31718045473098755
874.2,0.3071076571941376
874.3000000000001,0.3202114999294281
874.4000000000001,0.3055768609046936
874.5,0.31498268246650696
874.6,0.32625269889831543
874.7,0.321486234664917
874.8000000000001,0.3216622471809387
874.9000000000001,0.31209662556648254
875.0,0.31586262583732605
875.1,0.30642595887184143
875.2,0.3196358382701874
875.3000000000001,0.31018686294555664
875.4000000000001,0.3160305917263031
875.5,0.31148621439933777
875.6,0.31771570444107056
875.7,0.3084357678890228
875.8000000000001,0.30887165665626526
875.9000000000001,0.3141603469848633
876.0,0.3166794776916504
876.1,0.3243691921234131
876.2,0.3167829215526581
876.3000000000001,0.3089640736579895
876.4000000000001,0.3043159544467926
876.5,0.31132471561431885
876.6,0.3082728385925293
876.7,0.3104501962661743
876.8000000000001,0.3157588541507721
876.9000000000001,0.30442675948143005
877.0,0.31546586751937866
877.1,0.30946388840675354
877.2,0.3153805136680603
877.3000000000001,0.31768012046813965
877.4000000000001,0.3102056682109833
877.5,0.3167719841003418
877.6,0.3055688440799713
877.7,0.30731335282325745
877.8000000000001,0.3078453838825226
877.9000000000001,0.3070046603679657
878.0,0.3105989396572113
878.1,0.3119116723537445
878.2,0.3119399845600128
878.3000000000001,0.30488157272338867
878.4000000000001,0.3111017048358917
878.5,0.3024248480796814
878.6,0.308730810880661
878.7,0.30361804366111755
878.8000000000001,0.30505481362342834
878.9000000000001,0.3053366243839264
879.0,0.3036704957485199
879.1,0.304468035697937
879.2,0.304981529712677
879.3000000000001,0.30272769927978516
879.4000000000001,0.2905752658843994
879.5,0.29613304138183594
879.6,0.2984367907047272
879.7,0.30765044689178467
879.8000000000001,0.30806097388267517
879.9000000000001,0.3255596160888672
880.0,0.3373126983642578
880.1,0.3449038565158844
880.2,0.36269888281822205
880.3000000000001,0.3814164698123932
880.4000000000001,0.3863465487957001
880.5,0.3894185721874237
880.6,0.40100613236427307
880.7,0.39312314987182617
880.8000000000001,0.39491239190101624
880.9000000000001,0.3841750919818878
881.0,0.36817818880081177
881.1,0.36861923336982727
881.2,0.35813266038894653
881.3000000000001,0.3516431450843811
881.4000000000001,0.35445842146873474
881.5,0.33904799818992615
881.6,0.33747658133506775
881.7,0.3458229601383209
881.8000000000001,0.34478938579559326
881.9000000000001,0.341341495513916
882.0,0.3374902009963989
882.1,0.338137686252594
882.2,0.3312023878097534
882.3000000000001,0.34072574973106384
882.4000000000001,0.33450251817703247
882.5,0.32657021284103394
882.6,0.3250930905342102
882.7,0.3189365565776825
882.8000000000001,0.33030369877815247
882.9000000000001,0.3261268138885498
883.0,0.32934752106666565
883.1,0.326925128698349
883.2,0.32556280493736267
883.3000000000001,0.3230370879173279
883.4000000000001,0.32928135991096497
883.5,0.32736870646476746
883.6,0.3179403245449066
883.7,0.32379239797592163
883.8000000000001,0.3204440176486969
883.9000000000001,0.3288494646549225
884.0,0.3276084065437317
884.1,0.33028075098991394
884.2,0.3277660012245178
884.3000000000001,0.3283906579017639
884.4000000000001,0.3226342499256134
884.5,0.3292505741119385
884.6,0.3158093988895416
884.7,0.32619503140449524
884.8000000000001,0.3289117217063904
884.9000000000001,0.3174508213996887
885.0,0.3186320960521698
885.1,0.3289206922054291
885.2,0.312452107667923
885.3000000000001,0.32019662857055664
885.4000000000001,0.3290700316429138
885.5,0.3244001567363739
885.6,0.3224177658557892
885.7,0.3172747790813446
885.8000000000001,0.32657134532928467
885.9000000000001,0.31953731179237366
886.0,0.3202984631061554
886.1,0.32583487033843994
886.2,0.3176887631416321
886.3000000000001,0.3217993974685669
886.4000000000001,0.31542566418647766
886.5,0.3116472661495209
886.6,0.32627174258232117
886.7,0.30406618118286133
886.8000000000001,0.31198301911354065
886.9000000000001,0.3252829313278198
887.0,0.3221876323223114
887.1,0.32339200377464294
887.2,0.31753894686698914
887.3000000000001,0.3226914405822754
887.4000000000001,0.31850796937942505
887.5,0.3121558427810669
887.6,0.3210379481315613
887.7,0.3172394633293152
887.8000000000001,0.32299408316612244
887.9000000000001,0.31466275453567505
888.0,0.32241877913475037
888.1,0.31455907225608826
888.2,0.32047611474990845
888.3000000000001,0.3217945098876953
888.4000000000001,0.30782783031463623
888.5,0.3145539462566376
888.6,0.3184516727924347
888.7,0.312496542930603
888.8000000000001,0.3008001744747162
888.9000000000001,0.3145841956138611
889.0,0.30843430757522583
889.1,0.31633177399635315
889.2,0.3104924261569977
889.3000000000001,0.31441426277160645
889.4000000000001,0.3021364212036133
889.5,0.3155660927295685
889.6,0.3109012246131897
889.7,0.3063960075378418
889.8000000000001,0.31374478340148926
889.9000000000001,0.3108004629611969
890.0,0.3092949092388153
890.1,0.30663150548934937
890.2,0.3088947534561157
890.3000000000001,0.3119298219680786
890.4000000000001,0.3060685694217682
890.5,0.30940213799476624
890.6,0.3032994866371155
890.7,0.3062145709991455
890.8000000000001,0.30224087834358215
890.9000000000001,0.3128146529197693
891.0,0.3060263991355896
891.1,0.3063139319419861
891.2,0.2982713282108307
891.3000000000001,0.30411139130592346
891.4000000000001,0.30202850699424744
891.5,0.3078470230102539
891.6,0.3037070631980896
891.7,0.3306140601634979
891.8000000000001,0.3474438488483429
891.9000000000001,0.3541746139526367
892.0,0.3652897775173187
892.1,0.36591240763664246
892.2,0.38514015078544617
892.3000000000001,0.4006655216217041
892.4000000000001,0.3999132812023163
892.5,0.4030422866344452
892.6,0.4013696312904358
892.7,0.40089914202690125
892.8000000000001,0.3967065215110779
892.9000000000001,0.386353462934494
893.0,0.38741379976272583
893.1,0.37797608971595764
893.2,0.3677546977996826
893.3000000000001,0.35468822717666626
893.4000000000001,0.3549138009548187
893.5,0.353772908449173
893.6,0.3498248755931854
893.7,0.34856921434402466
893.8000000000001,0.35067418217658997
893.9000000000001,0.34888339042663574
894.0,0.34869033098220825
894.1,0.34048888087272644
894.2,0.32782310247421265
894.3000000000001,0.34653979539871216
894.4000000000001,0.33681222796440125
894.5,0.33721908926963806
894.6,0.323722779750824
894.7,0.3340087831020355
894.8000000000001,0.3233835995197296
894.9000000000001,0.3145284056663513
895.0,0.3241080343723297
895.1,0.3217771351337433
895.2,0.33000239729881287
895.3000000000001,0.33184054493904114
895.4000000000001,0.3217000663280487
895.5,0.326469749212265
895.6,0.32802602648735046
895.7,0.3354997932910919
895.8000000000001,0.3218797445297241
895.9000000000001,0.31241869926452637
896.0,0.3290170729160309
896.1,0.3323379158973694
896.2,0.3208026587963104
896.3000000000001,0.33046746253967285
896.4000000000001,0.3308996558189392
896.5,0.3324965536594391
896.6,0.32387775182724
896.7,0.3254697322845459
896.8000000000001,0.32565200328826904
896.9000000000001,0.3322133421897888
897.0,0.3202457129955292
897.1,0.32730135321617126
897.2,0.3311842679977417
897.3000000000001,0.326072096824646
897.4000000000001,0.3368375897407532
897.5,0.32680538296699524
897.6,0.32976579666137695
897.7,0.33093470335006714
897.8000000000001,0.3167828619480133
897.9000000000001,0.3064943850040436
898.0,0.3265553116798401
898.1,0.3172941207885742
898.2,0.33122819662094116
898.3000000000001,0.3296797275543213
898.4000000000001,0.33329057693481445
898.5,0.3283160924911499
898.6,0.3354301154613495
898.7,0.3284347355365753
898.8000000000001,0.32339558005332947
898.9000000000001,0.33493053913116455
899.0,0.32185447216033936
899.1,0.3281552791595459
899.2,0.3259688913822174
899.3000000000001,0.3274897634983063
899.4000000000001,0.32497698068618774
899.5,0.3240567743778229
899.6,0.3245956003665924
899.7,0.32911884784698486
899.8000000000001,0.3321000933647156
899.9000000000001,0.31792154908180237
900.0,0.3250158131122589
900.1,0.32412564754486084
900.2,0.3262297213077545
900.3000000000001,0.3220798969268799
900.4000000000001,0.32319512963294983
900.5,0.31904882192611694
900.6,0.3252841532230377
900.7,0.3177478313446045
900.8000000000001,0.3259769082069397
900.9000000000001,0.32472074031829834
901.0,0.323630690574646
901.1,0.3224470317363739
901.2,0.3284699022769928
901.3000000000001,0.33445465564727783
901.4000000000001,0.32395610213279724
901.5,0.329498827457428
901.6,0.32504794001579285
901.7,0.3261950612068176
901.8000000000001,0.3296654224395752
901.9000000000001,0.32725515961647034
902.0,0.32095351815223694
902.1,0.3210272490978241
902.2,0.32637202739715576
902.3000000000001,0.32744190096855164
902.4000000000001,0.3183441758155823
902.5,0.3290540874004364
902.6,0.32117006182670593
902.7,0.3206295073032379
902.8000000000001,0.32420018315315247
902.9000000000001,0.32564646005630493
903.0,0.3218410909175873
903.1,0.32170969247817993
903.2,0.30964404344558716
903.3000000000001,0.32245057821273804
903.4000000000001,0.3138638734817505
903.5,0.305382639169693
903.6,0.3286116123199463
903.7,0.3257802426815033
903.8000000000001,0.3152332901954651
903.9000000000001,0.31673064827919006
904.0,0.3218681216239929
904.1,0.3248133659362793
904.2,0.3158765733242035
904.3000000000001,0.3196653127670288
904.4000000000001,0.3194833993911743
904.5,0.3157826364040375
904.6,0.3141174018383026
904.7,0.3184431195259094
904.8000000000001,0.3208504915237427
904.9000000000001,0.3197169899940491
905.0,0.3186165690422058
905.1,0.31876811385154724
905.2,0.301519513130188
905.3000000000001,0.3226565718650818
905.4000000000001,0.31915220618247986
905.5,0.3144035041332245
905.6,0.31867942214012146
905.7,0.3216428756713867
905.8000000000001,0.31645870208740234
905.9000000000001,0.32349178194999695
906.0,0.2980969250202179
906.1,0.3147819936275482
906.2,0.3141506016254425
906.3000000000001,0.3135637044906616
906.4000000000001,0.3259456753730774
906.5,0.334288090467453
906.6,0.33817359805107117
906.7,0.3603415787220001
906.8000000000001,0.367561012506485
906.9000000000001,0.383449524641037
907.0,0.39276406168937683
907.1,0.39657118916511536
907.2,0.3951422870159149
907.3000000000001,0.3861140012741089
907.4000000000001,0.38675108551979065
907.5,0.3798341453075409
907.6,0.3622935712337494
907.7,0.3686044216156006
907.8000000000001,0.36365485191345215
907.9000000000001,0.3531656563282013
908.0,0.3552411198616028
908.1,0.35923853516578674
908.2,0.351610392332077
908.3000000000001,0.35053983330726624
908.4000000000001,0.34182289242744446
908.5,0.3389594554901123
908.6,0.34194323420524597
908.7,0.33222436904907227
908.8000000000001,0.33834341168403625
908.9000000000001,0.34350666403770447
909.0,0.3352161645889282
909.1,0.3342582583427429
909.2,0.324724018573761
909.3000000000001,0.30896908044815063
909.4000000000001,0.32726654410362244
909.5,0.32477766275405884
909.6,0.32954710721969604
909.7,0.32847216725349426
909.8000000000001,0.3315693140029907
909.9000000000001,0.3256784975528717
910.0,0.3218575119972229
910.1,0.3370567858219147
910.2,0.3080621063709259
910.3000000000001,0.33108586072921753
910.4000000000001,0.32295817136764526
910.5,0.3284384310245514
910.6,0.32454559206962585
910.7,0.3173050880432129
910.8000000000001,0.3234730362892151
910.9000000000001,0.3327651619911194
911.0,0.3193668723106384
911.1,0.33289769291877747
911.2,0.329428493976593
911.3000000000001,0.3221333622932434
911.4000000000001,0.3333333730697632
911.5,0.3227629065513611
911.6,0.3344033658504486
911.7,0.33448654413223267
911.8000000000001,0.3198130428791046
911.9000000000001,0.329012006521225
912.0,0.3277621567249298
912.1,0.3228749930858612
912.2,0.3300139904022217
912.3000000000001,0.3297690749168396
912.4000000000001,0.31968027353286743
912.5,0.3263775110244751
912.6,0.3316456377506256
912.7,0.329769104719162
912.8000000000001,0.32769638299942017
912.9000000000001,0.329145222902298
913.0000000000001,0.3183436393737793
913.1,0.33318737149238586
913.2,0.3305188715457916
913.3000000000001,0.33038264513015747
913.4000000000001,0.3302065432071686
913.5000000000001,0.3349873125553131
913.6,0.32993295788764954
913.7,0.32522138953208923
913.8000000000001,0.3257146179676056
913.9000000000001,0.32839450240135193
914.0000000000001,0.32051578164100647
914.1,0.3265233635902405
914.2,0.31986987590789795
914.3000000000001,0.3214026093482971
914.4000000000001,0.3258707523345947
914.5000000000001,0.3264196515083313
914.6,0.32355132699012756
914.7,0.33251333236694336
914.8000000000001,0.32100585103034973
914.9000000000001,0.3296511471271515
915.0000000000001,0.3302042782306671
915.1,0.33279189467430115
915.2,0.32624807953834534
915.3000000000001,0.32641950249671936
915.4000000000001,0.3311827778816223
915.5000000000001,0.3289157748222351
915.6,0.3290705382823944
915.7,0.32710933685302734
915.8000000000001,0.31806421279907227
915.9000000000001,0.33036932349205017
916.0000000000001,0.323693186044693
916.1,0.3193119466304779
916.2,0.3257474899291992
916.3000000000001,0.32703229784965515
916.4000000000001,0.32894450426101685
916.5000000000001,0.32751962542533875
916.6,0.32850077748298645
916.7,0.32001638412475586
916.8000000000001,0.31637904047966003
916.9000000000001,0.3117387294769287
917.0000000000001,0.3264927566051483
917.1,0.3258277177810669
917.2,0.31879615783691406
917.3000000000001,0.3167054355144501
917.4000000000001,0.3242347240447998
917.5000000000001,0.3111720085144043
917.6,0.31042513251304626
917.7,0.32672929763793945
917.8000000000001,0.32857123017311096
917.9000000000001,0.3196555972099304
918.0000000000001,0.3195987045764923
918.1,0.30538177490234375
918.2,0.3138677179813385
918.3000000000001,0.31677138805389404
918.4000000000001,0.3151184618473053
918.5000000000001,0.3115723133087158
918.6,0.3076293468475342
918.7,0.31400761008262634
918.8000000000001,0.3134573698043823
918.9000000000001,0.30944719910621643
919.0000000000001,0.3103455901145935
919.1,0.3091243803501129
919.2,0.3131278455257416
919.3000000000001,0.31478628516197205
919.4000000000001,0.316586971282959
919.5000000000001,0.3201923370361328
919.6,0.31258365511894226
919.7,0.31324371695518494
919.8000000000001,0.31634005904197693
919.9000000000001,0.32155290246009827
920.0000000000001,0.31814342737197876
920.1,0.31209808588027954
920.2,0.31525105237960815
920.3000000000001,0.312037855386734
920.4000000000001,0.3080517053604126
920.5000000000001,0.3096250891685486
920.6,0.3152894675731659
920.7,0.3121016025543213
920.8000000000001,0.31110256910324097
920.9000000000001,0.31322401762008667
921.0000000000001,0.3111681342124939
921.1,0.30220064520835876
921.2,0.3134549856185913
921.3000000000001,0.3134680390357971
921.4000000000001,0.30272966623306274
921.5000000000001,0.3093191385269165
921.6,0.31309017539024353
921.7,0.30163758993148804
921.8000000000001,0.30634957551956177
921.9000000000001,0.3055059015750885
922.0000000000001,0.30228883028030396
922.1,0.30086424946784973
922.2,0.31002169847488403
922.3000000000001,0.3108644485473633
922.4000000000001,0.3111707866191864
922.5000000000001,0.30484116077423096
922.6,0.31106439232826233
922.7,0.3082243800163269
922.8000000000001,0.3071277141571045
922.9000000000001,0.3039320707321167
923.0000000000001,0.2995474636554718
923.1,0.30859625339508057
923.2,0.30541905760765076
923.3000000000001,0.30292320251464844
923.4000000000001,0.30833277106285095
923.5000000000001,0.32259246706962585
923.6,0.3394831418991089
923.7,0.35307344794273376
923.8000000000001,0.36401984095573425
923.9000000000001,0.37699776887893677
924.0000000000001,0.3922755718231201
924.1,0.40489661693573
924.2,0.40264180302619934
924.3000000000001,0.4002886712551117
924.4000000000001,0.3914000689983368
924.5000000000001,0.3888603150844574
924.6,0.38321453332901
924.7,0.36457329988479614
924.8000000000001,0.37069782614707947
924.9000000000001,0.3688281774520874
925.0000000000001,0.3605625033378601
925.1,0.354487806558609
925.2,0.34351396560668945
925.3000000000001,0.3467479944229126
925.4000000000001,0.3488211929798126
925.5000000000001,0.34514176845550537
925.6,0.34800735116004944
925.7,0.3456786274909973
925.8000000000001,0.3339037299156189
925.9000000000001,0.3391518294811249
926.0000000000001,0.3376951515674591
926.1,0.33269014954566956
926.2,0.33133429288864136
926.3000000000001,0.32855522632598877
926.4000000000001,0.32577863335609436
926.5000000000001,0.33121898770332336
926.6,0.32389357686042786
926.7,0.3190208375453949
926.8000000000001,0.332719087600708
926.9000000000001,0.3336739242076874
927.0000000000001,0.3211161494255066
927.1,0.32401812076568604
927.2,0.32277411222457886
927.3000000000001,0.3182944059371948
927.4000000000001,0.3278329074382782
927.5000000000001,0.32333850860595703
927.6,0.32905012369155884
927.7,0.3280220925807953
927.8000000000001,0.3285190463066101
927.9000000000001,0.324510782957077
928.0000000000001,0.3248887360095978
928.1,0.32242733240127563
928.2,0.3279636800289154
928.3000000000001,0.3308956027030945
928.4000000000001,0.3243645429611206
928.5000000000001,0.32106736302375793
928.6,0.325499951839447
928.7,0.3237510323524475
928.8000000000001,0.32913893461227417
928.9000000000001,0.32704684138298035
929.0000000000001,0.3131876587867737
929.1,0.31920138001441956
929.2,0.32240113615989685
929.3000000000001,0.32447877526283264
929.4000000000001,0.3286677598953247
929.5000000000001,0.3291558027267456
929.6,0.3346558213233948
929.7,0.3257233202457428
929.8000000000001,0.32201310992240906
929.9000000000001,0.3227549195289612
930.0000000000001,0.32560184597969055
930.1,0.323321133852005
930.2,0.32355549931526184
930.3000000000001,0.32033392786979675
930.4000000000001,0.3271092176437378
930.5000000000001,0.3251766562461853
930.6,0.3289567828178406
930.7,0.31367939710617065
930.8000000000001,0.3266879916191101
930.9000000000001,0.3060033321380615
931.0000000000001,0.32870420813560486
931.1,0.32666918635368347
931.2,0.32385677099227905
931.3000000000001,0.3197849988937378
931.4000000000001,0.3200986385345459
931.5000000000001,0.3149144649505615
931.6,0.31474530696868896
931.7,0.3171108365058899
931.8000000000001,0.3110561966896057
931.9000000000001,0.31905457377433777
932.0000000000001,0.32543620467185974
932.1,0.3242732584476471
932.2,0.3121025562286377
932.3000000000001,0.3068089485168457
932.4000000000001,0.3180614113807678
932.5000000000001,0.3219856917858124
932.6,0.3127916753292084
932.7,0.32198476791381836
932.8000000000001,0.31610432267189026
932.9000000000001,0.32194164395332336
933.0000000000001,0.31728944182395935
933.1,0.3071037828922272
933.2,0.32165321707725525
933.3000000000001,0.3204001486301422
933.4000000000001,0.31912675499916077
933.5000000000001,0.311954140663147
933.6,0.3174079358577728
933.7,0.3097500801086426
933.8000000000001,0.314001202583313
933.9000000000001,0.3187776803970337
934.0000000000001,0.31589221954345703
934.1,0.31616392731666565
934.2,0.29272937774658203
934.3000000000001,0.31961268186569214
934.4000000000001,0.3126992881298065
934.5000000000001,0.315863698720932
934.6,0.32233691215515137
934.7,0.33915427327156067
934.8000000000001,0.3476490378379822
934.9000000000001,0.34484967589378357
935.0000000000001,0.36260759830474854
935.1,0.38629573583602905
935.2,0.3899824023246765
935.3000000000001,0.3991193175315857
935.4000000000001,0.4061391055583954
935.5000000000001,0.40470361709594727
935.6,0.405425488948822
935.7,0.396166056394577
935.8000000000001,0.38896188139915466
935.9000000000001,0.37644365429878235
936.0000000000001,0.3671915829181671
936.1,0.36850228905677795
936.2,0.35847207903862
936.3000000000001,0.3583809733390808
936.4000000000001,0.35602593421936035
936.5000000000001,0.35524845123291016
936.6,0.3482814431190491
936.7,0.33345118165016174
936.8000000000001,0.34399840235710144
936.9000000000001,0.3411503732204437
937.0000000000001,0.33698830008506775
937.1,0.32831519842147827
937.2,0.344626247882843
937.3000000000001,0.338785320520401
937.4000000000001,0.3314625322818756
937.5000000000001,0.331564724445343
937.6,0.330791175365448
937.7,0.3363599181175232
937.8000000000001,0.3160838484764099
937.9000000000001,0.32657700777053833
938.0000000000001,0.3271695077419281
938.1,0.31696444749832153
938.2,0.32019510865211487
938.3000000000001,0.3235816955566406
938.4000000000001,0.3369729816913605
938.5000000000001,0.33166930079460144
938.6,0.33032527565956116
938.7,0.3257775604724884
938.8000000000001,0.32449910044670105
938.9000000000001,0.322902649641037
939.0000000000001,0.3324579894542694
939.1,0.33443596959114075
939.2,0.32938525080680847
939.3000000000001,0.32805147767066956
939.4000000000001,0.3277967870235443
939.5000000000001,0.32064348459243774
939.6,0.32505616545677185
939.7,0.32743439078330994
939.8000000000001,0.3313172459602356
939.9000000000001,0.3333141505718231
940.0000000000001,0.3239936828613281
940.1,0.32132235169410706
940.2,0.3334570527076721
940.3000000000001,0.3187655806541443
940.4000000000001,0.3216194808483124
940.5000000000001,0.3389503061771393
940.6,0.3286197781562805
940.7,0.33772188425064087
940.8000000000001,0.3130125105381012
940.9000000000001,0.3146423399448395
941.0000000000001,0.33165207505226135
941.1,0.3251408338546753
941.2,0.3231792449951172
941.3000000000001,0.3282514810562134
941.4000000000001,0.3281215727329254
941.5000000000001,0.3240004777908325
941.6,0.3329731225967407
941.7,0.3175129294395447
941.8000000000001,0.3221515417098999
941.9000000000001,0.3251515328884125
942.0000000000001,0.3198525011539459
942.1,0.33247461915016174
942.2,0.33199724555015564
942.3000000000001,0.32652801275253296
942.4000000000001,0.3314220607280731
942.5000000000001,0.32489272952079773
942.6,0.33101901412010193
942.7,0.33240410685539246
942.8000000000001,0.3253902196884155
942.9000000000001,0.32850733399391174
943.0000000000001,0.3241428732872009
943.1,0.32737037539482117
943.2,0.3289134204387665
943.3000000000001,0.32507428526878357
943.4000000000001,0.31110870838165283
943.5000000000001,0.3293720483779907
943.6,0.3238318860530853
943.7,0.32342031598091125
943.8000000000001,0.33367088437080383
943.9000000000001,0.325690358877182
944.0000000000001,0.32495710253715515
944.1,0.32199931144714355
944.2,0.32938846945762634
944.3000000000001,0.32171034812927246
944.4000000000001,0.324966698884964
944.5000000000001,0.3243353068828583
944.6,0.3264344036579132
944.7,0.31039366126060486
944.8000000000001,0.3234471380710602
944.9000000000001,0.3269827663898468
945.0000000000001,0.33163952827453613
945.1,0.3257831633090973
945.2,0.32008248567581177
945.3000000000001,0.3245689868927002
945.4000000000001,0.33100444078445435
945.5000000000001,0.3229433298110962
945.6,0.32894960045814514
945.7,0.32308268547058105
945.8000000000001,0.328018456697464
945.9000000000001,0.3279116749763489
946.0000000000001,0.3239419460296631
946.1,0.325845867395401
946.2,0.32195326685905457
946.3000000000001,0.32577523589134216
946.4000000000001,0.33266085386276245
946.5000000000001,0.3268927335739136
946.6,0.3230437636375427
946.7,0.31888696551322937
946.8000000000001,0.3290461599826813
946.9000000000001,0.32179778814315796
947.0000000000001,0.32308629155158997
947.1,0.32851558923721313
947.2,0.3168209493160248
947.3000000000001,0.32275527715682983
947.4000000000001,0.3320956528186798
947.5000000000001,0.3299819827079773
947.6,0.3232755959033966
947.7,0.32425618171691895
947.8000000000001,0.3277055323123932
947.9000000000001,0.3162165880203247
948.0000000000001,0.3277481496334076
948.1,0.3214637339115143
948.2,0.3234410285949707
948.3000000000001,0.3123859167098999
948.4000000000001,0.3194774091243744
948.5000000000001,0.32451263070106506
948.6,0.32315927743911743
948.7,0.3171675503253937
948.8000000000001,0.3181162178516388
948.9000000000001,0.31559354066848755
949.0000000000001,0.32374107837677
949.1,0.31852462887763977
949.2,0.3188495337963104
949.3000000000001,0.3222830295562744
949.4000000000001,0.32307499647140503
949.5000000000001,0.320085346698761
949.6,0.3203423321247101
949.7,0.3226361572742462
949.8000000000001,0.3135488033294678
949.9000000000001,0.3127816617488861
950.0000000000001,0.31588464975357056
950.1,0.3168054223060608
950.2,0.3131273686885834
950.3000000000001,0.3102865219116211
950.4000000000001,0.3163771629333496
950.5000000000001,0.3056532144546509
950.6,0.31680163741111755
950.7,0.31376534700393677
950.8000000000001,0.3165040612220764
950.9000000000001,0.32279452681541443
951.0000000000001,0.317720502614975
951.1,0.30996954441070557
951.2,0.3121984004974365
951.3000000000001,0.31750422716140747
951.4000000000001,0.3110131323337555
951.5000000000001,0.31343939900398254
951.6,0.30713707208633423
951.7,0.2986636459827423
951.8000000000001,0.31323081254959106
951.9000000000001,0.31150972843170166
952.0000000000001,0.30630192160606384
952.1,0.31345027685165405
952.2,0.32735615968704224
952.3000000000001,0.3520127534866333
952.4000000000001,0.3622411787509918
952.5000000000001,0.37795042991638184
952.6,0.37968337535858154
952.7,0.3931010365486145
952.8000000000001,0.40304216742515564
952.9000000000001,0.4032370150089264
953.0000000000001,0.3962426781654358
953.1,0.39704135060310364
953.2,0.39439043402671814
953.3000000000001,0.3789098560810089
953.4000000000001,0.37715089321136475
953.5000000000001,0.37043190002441406
953.6,0.36405476927757263
953.7,0.359345018863678
953.8000000000001,0.35488080978393555
953.9000000000001,0.34953761100769043
954.0000000000001,0.35096779465675354
954.1,0.35059240460395813
954.2,0.3395530879497528
954.3000000000001,0.3434368371963501
954.4000000000001,0.3359030485153198
954.5000000000001,0.33709895610809326
954.6,0.33569851517677307
954.7,0.33347979187965393
954.8000000000001,0.33188682794570923
954.9000000000001,0.3254335820674896
955.0000000000001,0.32769662141799927
955.1,0.327745646238327
955.2,0.32415327429771423
955.3000000000001,0.331256240606308
955.4000000000001,0.3267575800418854
955.5000000000001,0.3270222544670105
955.6,0.3231510818004608
955.7,0.3333404064178467
955.8000000000001,0.3292405605316162
955.9000000000001,0.3325176239013672
956.0000000000001,0.33361494541168213
956.1,0.32843589782714844
956.2,0.3320753872394562
956.3000000000001,0.3290948271751404
956.4000000000001,0.3324858248233795
956.5000000000001,0.32692182064056396
956.6,0.32784929871559143
956.7,0.33225828409194946
956.8000000000001,0.3322254419326782
956.9000000000001,0.33132240176200867
957.0000000000001,0.32781660556793213
957.1,0.31988856196403503
957.2,0.32579725980758667
957.3000000000001,0.32885801792144775
957.4000000000001,0.32289251685142517
957.5000000000001,0.3207918703556061
957.6,0.3313620686531067
957.7,0.32233545184135437
957.8000000000001,0.32320889830589294
957.9000000000001,0.32041773200035095
958.0000000000001,0.3281347453594208
958.1,0.3209393322467804
958.2,0.31937357783317566
958.3000000000001,0.32674288749694824
958.4000000000001,0.3262968361377716
958.5000000000001,0.3191523253917694
958.6,0.32223907113075256
958.7,0.32993635535240173
958.8000000000001,0.33018434047698975
958.9000000000001,0.32497498393058777
959.0000000000001,0.33230072259902954
959.1,0.32212814688682556
959.2,0.32156309485435486
959.3000000000001,0.3182203471660614
959.4000000000001,0.3280807435512543
959.5000000000001,0.31865453720092773
959.6,0.323490172624588
959.7,0.33062663674354553
959.8000000000001,0.3372471332550049
959.9000000000001,0.3316190540790558
960.0000000000001,0.33534419536590576
960.1,0.32362639904022217
960.2,0.3071892559528351
960.3000000000001,0.3221709728240967
960.4000000000001,0.3239213228225708
960.5000000000001,0.32491934299468994
960.6,0.31891685724258423
960.7,0.3203045725822449
960.8000000000001,0.32319122552871704
960.9000000000001,0.32045918703079224
961.0000000000001,0.32701361179351807
961.1,0.3304619789123535
961.2,0.320992648601532
961.3000000000001,0.32203271985054016
961.4000000000001,0.3231334984302521
961.5000000000001,0.32742443680763245
961.6,0.32362034916877747
961.7,0.32666829228401184
961.8000000000001,0.3185994327068329
961.9000000000001,0.32407277822494507
962.0000000000001,0.32170048356056213
962.1,0.3256174623966217
962.2,0.3224292993545532
962.3000000000001,0.3214282691478729
962.4000000000001,0.3224733769893646
962.5000000000001,0.3172067403793335
962.6,0.3291095197200775
962.7,0.3179549276828766
962.8000000000001,0.3144479990005493
962.9000000000001,0.31552594900131226
963.0000000000001,0.32594549655914307
963.1,0.32081612944602966
963.2,0.32516053318977356
963.3000000000001,0.3256261348724365
963.4000000000001,0.32911795377731323
963.5000000000001,0.3173179626464844
963.6,0.3180437684059143
963.7,0.32253122329711914
963.8000000000001,0.32300281524658203
963.9000000000001,0.32182157039642334
964.0000000000001,0.3239986300468445
964.1,0.32424914836883545
964.2,0.32120323181152344
964.3000000000001,0.3253406882286072
964.4000000000001,0.3191881775856018
964.5000000000001,0.3181731700897217
964.6,0.31094351410865784
964.7,0.31529319286346436
964.8000000000001,0.31555262207984924
964.9000000000001,0.32158610224723816
965.0000000000001,0.30971571803092957
965.1,0.31625282764434814
965.2,0.32111406326293945
965.3000000000001,0.3243018090724945
965.4000000000001,0.3159991204738617
965.5000000000001,0.3038027584552765
965.6,0.3102705478668213
965.7,0.3166615664958954
965.8000000000001,0.30692610144615173
965.9000000000001,0.3094687759876251
966.0000000000001,0.31485629081726074
966.1,0.30994346737861633
966.2,0.31566011905670166
966.3000000000001,0.32235750555992126
966.4000000000001,0.30746567249298096
966.5000000000001,0.3137759864330292
966.6,0.3200767934322357
966.7,0.3120849132537842
966.8000000000001,0.31073278188705444
966.9000000000001,0.30684155225753784
967.0000000000001,0.31550589203834534
967.1,0.31663820147514343
967.2,0.3074122667312622
967.3000000000001,0.31260737776756287
967.4000000000001,0.30999210476875305
967.5000000000001,0.29555341601371765
967.6,0.3057889938354492
967.7,0.299423485994339
967.8000000000001,0.30653026700019836
967.9000000000001,0.31554603576660156
968.0000000000001,0.314162939786911
968.1,0.3350064754486084
968.2,0.3559403717517853
968.3000000000001,0.36066579818725586
968.4000000000001,0.3789702355861664
968.5000000000001,0.38970479369163513
968.6,0.38855984807014465
968.7,0.3983730971813202
968.8000000000001,0.39774730801582336
968.9000000000001,0.3943149745464325
969.0000000000001,0.3882288336753845
969.1,0.38149726390838623
969.2,0.379396915435791
969.3000000000001,0.3664107024669647
969.4000000000001,0.37072044610977173
969.5000000000001,0.3576326072216034
969.6,0.347517192363739
969.7,0.3498380780220032
969.8000000000001,0.34421244263648987
969.9000000000001,0.34779876470565796
970.0000000000001,0.3506520688533783
970.1,0.3357180058956146
970.2,0.34452947974205017
970.3000000000001,0.33506056666374207
970.4000000000001,0.34902745485305786
970.5000000000001,0.33440372347831726
970.6,0.3368043601512909
970.7,0.33439651131629944
970.8000000000001,0.32304632663726807
970.9000000000001,0.33255264163017273
971.0000000000001,0.3280757665634155
971.1,0.3244258463382721
971.2,0.3251168131828308
971.3000000000001,0.32391977310180664
971.4000000000001,0.33186376094818115
971.5000000000001,0.3294930160045624
971.6,0.33107417821884155
971.7,0.3273848593235016
971.8000000000001,0.3176647424697876
971.9000000000001,0.33269450068473816
972.0000000000001,0.3284759819507599
972.1,0.32956013083457947
972.2,0.328453928232193
972.3000000000001,0.32806217670440674
972.4000000000001,0.3203521966934204
972.5000000000001,0.3326930105686188
972.6,0.3285325765609741
972.7,0.3322821259498596
972.8000000000001,0.32453325390815735
972.9000000000001,0.3286358416080475
973.0000000000001,0.31688687205314636
973.1,0.3316589295864105
973.2,0.3288871645927429
973.3000000000001,0.3191678822040558
973.4000000000001,0.33161115646362305
973.5000000000001,0.33074018359184265
973.6,0.3297376334667206
973.7,0.3169272243976593
973.8000000000001,0.3208727240562439
973.9000000000001,0.32192736864089966
974.0000000000001,0.32692763209342957
974.1,0.3284788429737091
974.2,0.3295649290084839
974.3000000000001,0.3288266658782959
974.4000000000001,0.3264077305793762
974.5000000000001,0.32506072521209717
974.6,0.33300450444221497
974.7,0.31849396228790283
974.8000000000001,0.32143348455429077
974.9000000000001,0.32563433051109314
975.0000000000001,0.3263310492038727
975.1,0.33127427101135254
975.2,0.32171785831451416
975.3000000000001,0.3189385235309601
975.4000000000001,0.32403531670570374
975.5000000000001,0.32819175720214844
975.6,0.322218120098114
975.7,0.32053619623184204
975.8000000000001,0.3316076099872589
975.9000000000001,0.31546032428741455
976.0000000000001,0.33083099126815796
976.1,0.3239419758319855
976.2,0.3167038559913635
976.3000000000001,0.32843101024627686
976.4000000000001,0.3122033178806305
976.5000000000001,0.3243907690048218
976.6,0.3189229965209961
976.7,0.3188517093658447
976.8000000000001,0.3253118395805359
976.9000000000001,0.3264673352241516
977.0000000000001,0.3265134394168854
977.1,0.3293618857860565
977.2,0.3213740587234497
977.3000000000001,0.32174426317214966
977.4000000000001,0.32669833302497864
977.5000000000001,0.32608577609062195
977.6,0.32782691717147827
977.7,0.32123854756355286
977.8000000000001,0.3205703794956207
977.9000000000001,0.318720281124115
978.0000000000001,0.3241406977176666
978.1,0.3244462311267853
978.2,0.3165964186191559
978.3000000000001,0.32608890533447266
978.4000000000001,0.32077452540397644
978.5000000000001,0.31829437613487244
978.6,0.3087165057659149
978.7,0.32234063744544983
978.8000000000001,0.31652894616127014
978.9000000000001,0.30729055404663086
979.0000000000001,0.3208266794681549
979.1,0.3189859986305237
979.2,0.3190990686416626
979.3000000000001,0.3181190490722656
979.4000000000001,0.31296324729919434
979.5000000000001,0.3150032162666321
979.6,0.3150002360343933
979.7,0.31551310420036316
979.8000000000001,0.307900071144104
979.9000000000001,0.32017090916633606
980.0000000000001,0.31833183765411377
980.1,0.3167515695095062
980.2,0.3127095699310303
980.3000000000001,0.31166112422943115
980.4000000000001,0.31129077076911926
980.5000000000001,0.31724807620048523
980.6,0.30460110306739807
980.7,0.316421777009964
980.8000000000001,0.3044174909591675
980.9000000000001,0.3064046800136566
981.0000000000001,0.29546400904655457
981.1,0.3113607168197632
981.2,0.3022717535495758
981.3000000000001,0.3053773045539856
981.4000000000001,0.32554030418395996
981.5000000000001,0.32709792256355286
981.6,0.3471340537071228
981.7,0.34524139761924744
981.8000000000001,0.35857582092285156
981.9000000000001,0.37306904792785645
982.0000000000001,0.3903360664844513
982.1,0.38857048749923706
982.2,0.39790400862693787
982.3000000000001,0.40218600630760193
982.4000000000001,0.39104264974594116
982.5000000000001,0.3920125365257263
982.6,0.3844881057739258
982.7,0.3824741244316101
982.8000000000001,0.36975350975990295
982.9000000000001,0.3627692461013794
983.0000000000001,0.3536011278629303
983.1,0.3581736981868744
983.2,0.356875479221344
983.3000000000001,0.3533064126968384
983.4000000000001,0.3414841592311859
983.5000000000001,0.34238311648368835
983.6,0.34607261419296265
983.7,0.3419061601161957
983.8000000000001,0.33553561568260193
983.9000000000001,0.33829954266548157
984.0000000000001,0.3286619484424591
984.1,0.3413723111152649
984.2,0.33411985635757446
984.3000000000001,0.33120065927505493
984.4000000000001,0.33071231842041016
984.5000000000001,0.3332788050174713
984.6,0.3412880301475525
984.7,0.3176763355731964
984.8000000000001,0.3277052342891693
984.9000000000001,0.33193475008010864
985.0000000000001,0.3325790762901306
985.1,0.32696545124053955
985.2,0.3265494406223297
985.3000000000001,0.327324241399765
985.4000000000001,0.32565048336982727
985.5000000000001,0.31505730748176575
985.6,0.32048162817955017
985.7,0.32841500639915466
985.8000000000001,0.3244667649269104
985.9000000000001,0.3244105577468872
986.0000000000001,0.3264446556568146
986.1,0.3141922354698181
986.2,0.3264693021774292
986.3000000000001,0.3326607942581177
986.4000000000001,0.33258765935897827
986.5000000000001,0.326877236366272
986.6,0.3277305066585541
986.7,0.32403701543807983
986.8000000000001,0.31990891695022583
986.9000000000001,0.3357168734073639
987.0000000000001,0.316266804933548
987.1,0.3311482071876526
987.2,0.32907700538635254
987.3000000000001,0.3133002817630768
987.4000000000001,0.3276546001434326
987.5000000000001,0.3258111774921417
987.6,0.3305831253528595
987.7,0.32200297713279724
987.8000000000001,0.3283233642578125
987.9000000000001,0.32981210947036743
988.0000000000001,0.3156334459781647
988.1,0.3337520956993103
988.2,0.31113290786743164
988.3000000000001,0.3313598036766052
988.4000000000001,0.33031681180000305
988.5000000000001,0.32894396781921387
988.6,0.33217164874076843
988.7,0.32030734419822693
988.8000000000001,0.31800323724746704
988.9000000000001,0.3226281404495239
989.0000000000001,0.32824328541755676
989.1,0.3201192617416382
989.2,0.32438790798187256
989.3000000000001,0.3222084939479828
989.4000000000001,0.31952786445617676
989.5000000000001,0.3316096365451813
989.6,0.3219309151172638
989.7,0.325997531414032
989.8000000000001,0.32457244396209717
989.9000000000001,0.3247292935848236
990.0000000000001,0.32256463170051575
990.1,0.3237720727920532
990.2,0.3199198544025421
990.3000000000001,0.32195112109184265
990.4000000000001,0.3186945915222168
990.5000000000001,0.3134201467037201
990.6,0.3243180513381958
990.7,0.3262820839881897
990.8000000000001,0.32339632511138916
990.9000000000001,0.3308701515197754
991.0000000000001,0.3204672634601593
991.1,0.32281428575515747
991.2,0.3141378164291382
991.3000000000001,0.3193635940551758
991.4000000000001,0.324484646320343
991.5000000000001,0.32345977425575256
991.6,0.3162483274936676
991.7,0.31857627630233765
991.8000000000001,0.31543204188346863
991.9000000000001,0.31669944524765015
992.0000000000001,0.3207261860370636
992.1,0.31958654522895813
992.2,0.3226446807384491
992.3000000000001,0.3211512863636017
992.4000000000001,0.3235960900783539
992.5000000000001,0.32220107316970825
992.6,0.32721710205078125
992.7,0.31411656737327576
992.8000000000001,0.32394567131996155
992.9000000000001,0.32079842686653137
993.0000000000001,0.311721533536911
993.1,0.31615105271339417
993.2,0.3140902519226074
993.3000000000001,0.31966015696525574
993.4000000000001,0.3202325999736786
993.5000000000001,0.3157199025154114
993.6,0.32298988103866577
993.7,0.3147183954715729
993.8000000000001,0.315632164478302
993.9000000000001,0.3105927109718323
994.0000000000001,0.31712260842323303
994.1,0.3188818395137787
994.2,0.3110009431838989
994.3000000000001,0.3178556561470032
994.4000000000001,0.3174593448638916
994.5000000000001,0.31286078691482544
994.6,0.30776894092559814
994.7,0.3201832175254822
994.8000000000001,0.31749147176742554
994.9000000000001,0.31325677037239075
995.0000000000001,0.31507381796836853
995.1,0.3045555651187897
995.2,0.30374228954315186
995.3000000000001,0.30322298407554626
995.4000000000001,0.3089457154273987
995.5000000000001,0.3035561144351959
995.6,0.3119562864303589
995.7,0.3080478310585022
995.8000000000001,0.31158411502838135
995.9000000000001,0.3039759397506714
996.0000000000001,0.3113163709640503
996.1,0.31014931201934814
996.2,0.3124115467071533
996.3000000000001,0.31150615215301514
996.4000000000001,0.3061021864414215
996.5000000000001,0.2996351420879364
996.6,0.31188151240348816
996.7,0.30380240082740784
996.8000000000001,0.30227306485176086
996.9000000000001,0.3031975030899048
997.0000000000001,0.32472503185272217
997.1,0.34429362416267395
997.2,0.35193580389022827
997.3000000000001,0.3561806082725525
997.4000000000001,0.3811122179031372
997.5000000000001,0.38905301690101624
997.6,0.39262571930885315
997.7,0.3949052393436432
997.8000000000001,0.38492849469184875
997.9000000000001,0.38453155755996704
998.0000000000001,0.3824692666530609
998.1,0.3617980480194092
998.2,0.3663516044616699
998.3000000000001,0.36265629529953003
998.4000000000001,0.3523223400115967
998.5000000000001,0.3549492061138153
998.6,0.353030264377594
998.7,0.3536098897457123
998.8000000000001,0.3481045067310333
998.9000000000001,0.34725767374038696
999.0000000000001,0.3455134630203247
999.1,0.3403495252132416
999.2,0.33111482858657837
999.3000000000001,0.3423135280609131
999.4000000000001,0.34526965022087097
999.5000000000001,0.3313138782978058
999.6,0.33016300201416016
999.7,0.33434784412384033
999.8000000000001,0.32090213894844055
999.9000000000001,0.3232879042625427
1000.0000000000001,0.32639989256858826
1000.1,0.33240342140197754
1000.2,0.3249126672744751
1000.3000000000001,0.3106856346130371
1000.4000000000001,0.31504201889038086
1000.5000000000001,0.31397128105163574
1000.6,0.3302914500236511
1000.7,0.318215936422348
1000.8000000000001,0.3267284333705902
1000.9000000000001,0.3243504464626312
1001.0000000000001,0.32478392124176025
1001.1,0.3259817957878113
1001.2,0.32808855175971985
1001.3000000000001,0.3163737952709198
1001.4000000000001,0.3300590217113495
1001.5000000000001,0.3255806565284729
1001.6,0.3329004943370819
1001.7,0.33003801107406616
1001.8000000000001,0.33411386609077454
1001.9000000000001,0.3209618628025055
1002.0000000000001,0.3131888508796692
1002.1,0.3267081379890442
1002.2,0.31792664527893066
1002.3000000000001,0.3222862184047699
1002.4000000000001,0.32203614711761475
1002.5000000000001,0.3247692883014679
1002.6,0.3242814838886261
1002.7,0.3286183476448059
1002.8000000000001,0.31713399291038513
1002.9000000000001,0.33013778924942017
1003.0000000000001,0.32787224650382996
1003.1,0.3238740563392639
1003.2,0.32732799649238586
1003.3000000000001,0.32846716046333313
1003.4000000000001,0.3242335319519043
1003.5000000000001,0.32249870896339417
1003.6,0.3182981014251709
1003.7,0.32341960072517395
1003.8000000000001,0.3307424485683441
1003.9000000000001,0.32085663080215454
1004.0000000000001,0.3283897638320923
1004.1,0.31745338439941406
1004.2,0.3311920464038849
1004.3000000000001,0.32014715671539307
1004.4000000000001,0.3251700699329376
1004.5000000000001,0.32072705030441284
1004.6,0.3291177749633789
1004.7,0.30899572372436523
1004.8000000000001,0.32532691955566406
1004.9000000000001,0.31559616327285767
1005.0000000000001,0.3248157799243927
1005.1,0.31978267431259155
1005.2,0.3225059509277344
1005.3000000000001,0.3144480288028717
1005.4000000000001,0.32249924540519714
1005.5000000000001,0.3101035952568054
1005.6,0.3203432261943817
1005.7,0.31314876675605774
1005.8000000000001,0.3215113878250122
1005.9000000000001,0.32035937905311584
1006.0000000000001,0.322980672121048
1006.1,0.3167498707771301
1006.2,0.3216991722583771
1006.3000000000001,0.32001787424087524
1006.4000000000001,0.31765052676200867
1006.5000000000001,0.3067936897277832
1006.6,0.3107079565525055
1006.7,0.3187289535999298
1006.8000000000001,0.3258020579814911
1006.9000000000001,0.31708255410194397
1007.0000000000001,0.31791776418685913
1007.1,0.3133384585380554
1007.2,0.3104535639286041
1007.3000000000001,0.3200961947441101
1007.4000000000001,0.3175574541091919
1007.5000000000001,0.3154933750629425
1007.6,0.3025805354118347
1007.7,0.30981507897377014
1007.8000000000001,0.3159649074077606
1007.9000000000001,0.31510046124458313
1008.0000000000001,0.3110826313495636
1008.1,0.31893619894981384
1008.2,0.3174140751361847
1008.3000000000001,0.3099786341190338
1008.4000000000001,0.31301185488700867
1008.5000000000001,0.3072024881839752
1008.6,0.3154538869857788
1008.7,0.30453160405158997
1008.8000000000001,0.32018908858299255
1008.9000000000001,0.31484538316726685
1009.0000000000001,0.3105165660381317
1009.1,0.308605819940567
1009.2,0.3063499629497528
1009.3000000000001,0.3120836019515991
1009.4000000000001,0.3109647035598755
1009.5000000000001,0.3072495758533478
1009.6,0.30201464891433716
1009.7,0.30770304799079895
1009.8000000000001,0.30590853095054626
1009.9000000000001,0.3061954081058502
1010.0000000000001,0.3002673387527466
1010.1,0.3087526559829712
1010.2,0.31172916293144226
1010.3000000000001,0.3088991045951843
1010.4000000000001,0.30757996439933777
1010.5000000000001,0.29664257168769836
1010.6,0.30860528349876404
1010.7,0.3044183552265167
1010.8000000000001,0.2998252809047699
1010.9000000000001,0.3041553497314453
1011.0000000000001,0.32559481263160706
1011.1,0.33638760447502136
1011.2,0.35559290647506714
1011.3000000000001,0.365873247385025
1011.4000000000001,0.3776284158229828
1011.5000000000001,0.39129793643951416
1011.6,0.3905145227909088
1011.7,0.4014964699745178
1011.8000000000001,0.3898317515850067
1011.9000000000001,0.4048471450805664
1012.0000000000001,0.3944746255874634
1012.1,0.3895230293273926
1012.2,0.380342572927475
1012.3000000000001,0.3633512854576111
1012.4000000000001,0.3628208041191101
1012.5000000000001,0.3413066864013672
1012.6,0.34120482206344604
1012.7,0.3451083302497864
1012.8000000000001,0.3470953404903412
1012.9000000000001,0.348392128944397
1013.0000000000001,0.3447815775871277
1013.1,0.33668506145477295
1013.2,0.3403013050556183
1013.3000000000001,0.33600303530693054
1013.4000000000001,0.3323415517807007
1013.5000000000001,0.3411160409450531
1013.6,0.3352821171283722
1013.7,0.3387603163719177
1013.8000000000001,0.3250473439693451
1013.9000000000001,0.33121511340141296
1014.0000000000001,0.3320296108722687
1014.1,0.3278334438800812
1014.2,0.33214470744132996
1014.3000000000001,0.327742338180542
1014.4000000000001,0.32324671745300293
1014.5000000000001,0.3271920382976532
1014.6,0.3140217959880829
1014.7,0.318706750869751
1014.8000000000001,0.3254985511302948
1014.9000000000001,0.31237754225730896
1015.0000000000001,0.3324681222438812
1015.1,0.3257003128528595
1015.2,0.3142628073692322
1015.3000000000001,0.32510629296302795
1015.4000000000001,0.3307662010192871
1015.5000000000001,0.31703436374664307
1015.6,0.3164149224758148
1015.7,0.326526939868927
1015.8000000000001,0.32842960953712463
1015.9000000000001,0.3222278356552124
1016.0000000000001,0.32560646533966064
1016.1,0.32995715737342834
1016.2,0.3234006464481354
1016.3000000000001,0.32648664712905884
1016.4000000000001,0.3258451521396637
1016.5000000000001,0.32183384895324707
1016.6,0.3241775333881378
1016.7,0.3158673942089081
1016.8000000000001,0.3258354663848877
1016.9000000000001,0.32025834918022156
1017.0000000000001,0.3079376220703125
1017.1,0.32494431734085083
1017.2,0.3209491968154907
1017.3000000000001,0.3240049183368683
1017.4000000000001,0.3172735869884491
1017.5000000000001,0.31610554456710815
1017.6,0.32282835245132446
1017.7,0.3170511722564697
1017.8000000000001,0.3125435709953308
1017.9000000000001,0.3249413073062897
1018.0000000000001,0.3229960799217224
1018.1,0.31835439801216125
1018.2,0.32004114985466003
1018.3000000000001,0.3191496431827545
1018.4000000000001,0.31577068567276
1018.5000000000001,0.3175395727157593
1018.6,0.32092225551605225
1018.7,0.3192595839500427
1018.8000000000001,0.32098355889320374
1018.9000000000001,0.3168913424015045
1019.0000000000001,0.3172154724597931
1019.1,0.3201824724674225
1019.2,0.3179052472114563
1019.3000000000001,0.3164537847042084
1019.4000000000001,0.31714701652526855
1019.5000000000001,0.3138940632343292
1019.6,0.3165070414543152
1019.7,0.30177149176597595
1019.8000000000001,0.3178688883781433
1019.9000000000001,0.3173334002494812
1020.0000000000001,0.322956919670105
1020.1,0.3145502805709839
1020.2,0.31701454520225525
1020.3000000000001,0.31700342893600464
1020.4000000000001,0.3157031238079071
1020.5000000000001,0.3140493929386139
1020.6,0.3151513338088989
1020.7,0.3195510804653168
1020.8000000000001,0.2974919080734253
1020.9000000000001,0.3112819492816925
1021.0000000000001,0.31264814734458923
1021.1,0.3084229826927185
1021.2,0.3213407099246979
1021.3000000000001,0.32384029030799866
1021.4000000000001,0.34167274832725525
1021.5000000000001,0.3486502170562744
1021.6,0.3633897006511688
1021.7,0.365538090467453
1021.8000000000001,0.38506758213043213
1021.9000000000001,0.3916448652744293
1022.0000000000001,0.39840519428253174
1022.1,0.4023880660533905
1022.2,0.38655588030815125
1022.3000000000001,0.3818255364894867
1022.4000000000001,0.37418732047080994
1022.5000000000001,0.36519938707351685
1022.6,0.36382588744163513
1022.7,0.3545147478580475
1022.8000000000001,0.35673075914382935
1022.9000000000001,0.34951841831207275
1023.0000000000001,0.34665581583976746
1023.1,0.35002005100250244
1023.2,0.3412070870399475
1023.3000000000001,0.34849652647972107
1023.4000000000001,0.34150609374046326
1023.5000000000001,0.3411731719970703
1023.6,0.33396902680397034
1023.7,0.33652400970458984
1023.8000000000001,0.3354295492172241
1023.9000000000001,0.338220477104187
1024.0,0.32942721247673035
1024.1000000000001,0.32807037234306335
1024.2,0.3305281400680542
1024.3,0.32749471068382263
1024.4,0.3226666748523712
1024.5,0.32469889521598816
1024.6000000000001,0.32788124680519104
1024.7,0.32668980956077576
1024.8,0.32399967312812805
1024.9,0.32201725244522095
1025.0,0.32741034030914307
1025.1000000000001,0.3214772045612335
1025.2,0.330089807510376
1025.3,0.3207824230194092
1025.4,0.324697881937027
1025.5,0.32288292050361633
1025.6000000000001,0.3347022235393524
1025.7,0.31592968106269836
1025.8,0.32588329911231995
1025.9,0.32459983229637146
1026.0,0.31613412499427795
1026.1000000000001,0.3348354697227478
1026.2,0.32686495780944824
1026.3,0.3280108571052551
1026.4,0.3248351812362671
1026.5,0.32349929213523865
1026.6000000000001,0.32963284850120544
1026.7,0.32167062163352966
1026.8,0.3188447952270508
1026.9,0.3207221031188965
1027.0,0.33096224069595337
1027.1000000000001,0.3331379294395447
1027.2,0.33275991678237915
1027.3,0.32408955693244934
1027.4,0.32549870014190674
1027.5,0.32752981781959534
1027.6000000000001,0.3181694746017456
1027.7,0.32665395736694336
1027.8,0.3246469497680664
1027.9,0.3216872811317444
1028.0,0.33306750655174255
1028.1000000000001,0.33015167713165283
1028.2,0.3196917474269867
1028.3,0.31568610668182373
1028.4,0.3225504755973816
1028.5,0.31876513361930847
1028.6000000000001,0.32051241397857666
1028.7,0.31364116072654724
1028.8,0.3216995596885681
1028.9,0.3247387111186981
1029.0,0.322780966758728
1029.1000000000001,0.3182576596736908
1029.2,0.323673814535141
1029.3,0.32688799500465393
1029.4,0.32946231961250305
1029.5,0.32426074147224426
1029.6000000000001,0.32464054226875305
1029.7,0.3243945837020874
1029.8,0.3232761323451996
1029.9,0.32162436842918396
1030.0,0.3193434774875641
1030.1000000000001,0.3187759518623352
1030.2,0.31888115406036377
1030.3,0.32036370038986206
1030.4,0.3222130835056305
1030.5,0.32903438806533813
1030.6000000000001,0.3216254711151123
1030.7,0.321535587310791
1030.8,0.32364967465400696
1030.9,0.3195045292377472
1031.0,0.31632137298583984
1031.1000000000001,0.32281628251075745
1031.2,0.3164265751838684
1031.3,0.3253526985645294
1031.4,0.3181835114955902
1031.5,0.3160783052444458
1031.6000000000001,0.3110200762748718
1031.7,0.31225985288619995
1031.8,0.32805508375167847
1031.9,0.32155048847198486
1032.0,0.31333744525909424
1032.1000000000001,0.32148733735084534
1032.2,0.32264623045921326
1032.3,0.3229658603668213
1032.4,0.311859130859375
1032.5,0.3175770044326782
1032.6000000000001,0.3176233172416687
1032.7,0.31352296471595764
1032.8,0.310991495847702
1032.9,0.3077865540981293
1033.0,0.32029154896736145
1033.1000000000001,0.32079777121543884
1033.2,0.31538987159729004
1033.3,0.306484192609787
1033.4,0.31758883595466614
1033.5,0.31102800369262695
1033.6000000000001,0.32113996148109436
1033.7,0.3103817403316498
1033.8,0.3067730963230133
1033.9,0.3150482475757599
1034.0,0.3104344606399536
1034.1000000000001,0.308169424533844
1034.2,0.31315717101097107
1034.3,0.31512880325317383
1034.4,0.30445870757102966
1034.5,0.3158498704433441
1034.6000000000001,0.3127410113811493
1034.7,0.3049898147583008
1034.8,0.3148287534713745
1034.9,0.31167957186698914
1035.0,0.3120870590209961
1035.1000000000001,0.315533310174942
1035.2,0.3102404773235321
1035.3,0.31058284640312195
1035.4,0.31311601400375366
1035.5,0.30973538756370544
1035.6000000000001,0.30868908762931824
1035.7,0.3018568754196167
1035.8,0.2966547906398773
1035.9,0.3108195960521698
1036.0,0.29871684312820435
1036.1000000000001,0.30311328172683716
1036.2,0.3173452913761139
1036.3,0.33044010400772095
1036.4,0.34649330377578735
1036.5,0.352276474237442
1036.6000000000001,0.3596729636192322
1036.7,0.3719162940979004
1036.8,0.38715532422065735
1036.9,0.3941086232662201
1037.0,0.39407315850257874
1037.1000000000001,0.3879551887512207
1037.2,0.39737585186958313
1037.3,0.3717400133609772
1037.4,0.3812883794307709
1037.5,0.3648480474948883
1037.6000000000001,0.36282727122306824
1037.7,0.35866910219192505
1037.8,0.35569632053375244
1037.9,0.3546837866306305
1038.0,0.3380374014377594
1038.1000000000001,0.3463976979255676
1038.2,0.34560948610305786
1038.3,0.34921568632125854
1038.4,0.3481912314891815
1038.5,0.3432583212852478
1038.6000000000001,0.3429092764854431
1038.7,0.33536380529403687
1038.8,0.3248101770877838
1038.9,0.33371517062187195
1039.0,0.32105860114097595
1039.1000000000001,0.3353363871574402
1039.2,0.33459165692329407
1039.3,0.32953858375549316
1039.4,0.33212050795555115
1039.5,0.3322235941886902
1039.6000000000001,0.3251744210720062
1039.7,0.3248150050640106
1039.8,0.32200607657432556
1039.9,0.3256036043167114
1040.0,0.322543740272522
1040.1000000000001,0.31698310375213623
1040.2,0.3308884799480438
1040.3,0.31779006123542786
1040.4,0.3233920931816101
1040.5,0.3212607800960541
1040.6000000000001,0.32527023553848267
1040.7,0.3334285318851471
1040.8,0.3192867338657379
1040.9,0.32377052307128906
1041.0,0.32314372062683105
1041.1000000000001,0.3234531283378601
1041.2,0.3214075565338135
1041.3,0.3288521468639374
1041.4,0.3095569312572479
1041.5,0.31855347752571106
1041.6000000000001,0.31532204151153564
1041.7,0.3265584707260132
1041.8,0.31836438179016113
1041.9,0.3266746699810028
1042.0,0.3260945677757263
1042.1000000000001,0.3353049159049988
1042.2,0.31974807381629944
1042.3,0.3265487551689148
1042.4,0.32310745120048523
1042.5,0.30575796961784363
1042.6000000000001,0.3235057294368744
1042.7,0.3208581805229187
1042.8,0.3349442481994629
1042.9,0.32628363370895386
1043.0,0.3245309889316559
1043.1000000000001,0.3175218403339386
1043.2,0.3207748234272003
1043.3,0.3250467777252197
1043.4,0.3139435946941376
1043.5,0.32237282395362854
1043.6000000000001,0.33114778995513916
1043.7,0.3144102990627289
1043.8,0.3150308132171631
1043.9,0.30861085653305054
1044.0,0.323283851146698
1044.1000000000001,0.3178761303424835
1044.2,0.3188725709915161
1044.3,0.3195114731788635
1044.4,0.3223186135292053
1044.5,0.3273616135120392
1044.6000000000001,0.3208896219730377
1044.7,0.31025615334510803
1044.8,0.3265058994293213
1044.9,0.32330453395843506
1045.0,0.32764357328414917
1045.1000000000001,0.3204038739204407
1045.2,0.3198500871658325
1045.3,0.3186652958393097
1045.4,0.3216898739337921
1045.5,0.31328848004341125
1045.6000000000001,0.3171589970588684
1045.7,0.3154115080833435
1045.8,0.3215958774089813
1045.9,0.3016817271709442
1046.0,0.31571564078330994
1046.1000000000001,0.3218531906604767
1046.2,0.30824318528175354
1046.3,0.3101746737957001
1046.4,0.31317785382270813
1046.5,0.31719908118247986
1046.6000000000001,0.3168806731700897
1046.7,0.3178625702857971
1046.8,0.31939664483070374
1046.9,0.3185551166534424
1047.0,0.312328964471817
1047.1000000000001,0.32178395986557007
1047.2,0.3183056116104126
1047.3,0.3085918128490448
1047.4,0.3107444643974304
1047.5,0.3146311044692993
1047.6000000000001,0.31672459840774536
1047.7,0.3087391257286072
1047.8,0.3088775873184204
1047.9,0.31515073776245117
1048.0,0.3103220462799072
1048.1000000000001,0.31404370069503784
1048.2,0.31246185302734375
1048.3,0.2954251766204834
1048.4,0.29621797800064087
1048.5,0.30700111389160156
1048.6000000000001,0.3079111874103546
1048.7,0.3162324130535126
1048.8,0.3340189456939697
1048.9,0.3522365391254425
1049.0,0.3564663231372833
1049.1000000000001,0.36578822135925293
1049.2,0.3839554190635681
1049.3,0.39345893263816833
1049.4,0.39223894476890564
1049.5,0.392545610666275
1049.6000000000001,0.39266490936279297
1049.7,0.38876235485076904
1049.8,0.38458386063575745
1049.9,0.37266191840171814
1050.0,0.36994311213493347
1050.1000000000001,0.35483860969543457
1050.2,0.360877126455307
1050.3,0.35222283005714417
1050.4,0.3498556613922119
1050.5,0.34619805216789246
1050.6000000000001,0.3458921015262604
1050.7,0.3370738625526428
1050.8,0.3437430262565613
1050.9,0.33906787633895874
1051.0,0.3451019525527954
1051.1000000000001,0.3371780812740326
1051.2,0.33593541383743286
1051.3,0.3367481827735901
1051.4,0.33057937026023865
1051.5,0.3264285624027252
1051.6000000000001,0.3362056016921997
1051.7,0.330040842294693
1051.8,0.3320412039756775
1051.9,0.33846399188041687
1052.0,0.32513919472694397
1052.1000000000001,0.32706037163734436
1052.2,0.32840046286582947
1052.3,0.32401663064956665
1052.4,0.328226238489151
1052.5,0.32028016448020935
1052.6000000000001,0.3296610116958618
1052.7,0.3208594024181366
1052.8,0.3255348801612854
1052.9,0.31427618861198425
1053.0,0.3249438405036926
1053.1000000000001,0.3201335370540619
1053.2,0.30569618940353394
1053.3,0.3318325877189636
1053.4,0.3268905580043793
1053.5,0.3269498944282532
1053.6000000000001,0.3180914521217346
1053.7,0.32260552048683167
1053.8,0.3168030083179474
1053.9,0.32709482312202454
1054.0,0.32725128531455994
1054.1000000000001,0.3269059360027313
1054.2,0.33174407482147217
1054.3,0.31170034408569336
1054.4,0.33278387784957886
1054.5,0.3118954002857208
1054.6000000000001,0.32508495450019836
1054.7,0.3249663710594177
1054.8,0.32361358404159546
1054.9,0.3180010914802551
1055.0,0.330503910779953
1055.1000000000001,0.33215221762657166
1055.2,0.3155980110168457
1055.3,0.3186033070087433
1055.4,0.3315393328666687
1055.5,0.31526246666908264
1055.6000000000001,0.3248893618583679
1055.7,0.32037055492401123
1055.8,0.3222661316394806
1055.9,0.32347485423088074
1056.0,0.3109361529350281
1056.1000000000001,0.32517799735069275
1056.2,0.3177975118160248
1056.3,0.3169531226158142
1056.4,0.3162524402141571
1056.5,0.3183336853981018
1056.6000000000001,0.3215027451515198
1056.7,0.3184233009815216
1056.8,0.32733428478240967
1056.9,0.32036057114601135
1057.0,0.30088210105895996
1057.1000000000001,0.32669007778167725
1057.2,0.3273082375526428
1057.3,0.3195549547672272
1057.4,0.3127085566520691
1057.5,0.3245776891708374
1057.6000000000001,0.3126317858695984
1057.7,0.31417426466941833
1057.8,0.3226960301399231
1057.9,0.31942805647850037
1058.0,0.3245280683040619
1058.1000000000001,0.3153436779975891
1058.2,0.3169013559818268
1058.3,0.323409765958786
1058.4,0.31167635321617126
1058.5,0.31036463379859924
1058.6000000000001,0.32029685378074646
1058.7,0.31672611832618713
1058.8,0.31974899768829346
1058.9,0.3188207745552063
1059.0,0.3206256926059723
1059.1000000000001,0.3154769539833069
1059.2,0.3122199773788452
1059.3,0.3169580399990082
1059.4,0.31791579723358154
1059.5,0.32187017798423767
1059.6000000000001,0.320501446723938
1059.7,0.31804341077804565
1059.8,0.31899040937423706
1059.9,0.3154175579547882
1060.0,0.2952098250389099
1060.1000000000001,0.31239020824432373
1060.2,0.32546329498291016
1060.3,0.3134913146495819
1060.4,0.3219700753688812
1060.5,0.33480972051620483
1060.6000000000001,0.3427990972995758
1060.7,0.34792667627334595
1060.8,0.37097567319869995
1060.9,0.3800949156284332
1061.0,0.37821611762046814
1061.1000000000001,0.39163607358932495
1061.2,0.406651109457016
1061.3,0.397427499294281
1061.4,0.39967775344848633
1061.5,0.3911277949810028
1061.6000000000001,0.3867344260215759
1061.7,0.3726080060005188
1061.8,0.34766852855682373
1061.9,0.35754522681236267
1062.0,0.3473782539367676
1062.1000000000001,0.35423311591148376
1062.2,0.3577512502670288
1062.3,0.35522931814193726
1062.4,0.34899020195007324
1062.5,0.34378209710121155
1062.6000000000001,0.3500814735889435
1062.7,0.33489754796028137
1062.8,0.33982956409454346
1062.9,0.336847722530365
1063.0,0.3372148871421814
1063.1000000000001,0.33284273743629456
1063.2,0.3427274823188782
1063.3,0.3424856960773468
1063.4,0.33510276675224304
1063.5,0.32719534635543823
1063.6000000000001,0.33210238814353943
1063.7,0.3292977511882782
1063.8,0.32805952429771423
1063.9,0.3265313506126404
1064.0,0.33503198623657227
1064.1000000000001,0.33173424005508423
1064.2,0.31997331976890564
1064.3,0.32021141052246094
1064.4,0.3253743350505829
1064.5,0.33040109276771545
1064.6000000000001,0.33195871114730835
1064.7,0.3309938311576843
1064.8,0.3291613757610321
1064.9,0.32353276014328003
1065.0,0.33050283789634705
1065.1000000000001,0.31984955072402954
1065.2,0.32156601548194885
1065.3,0.3225039839744568
1065.4,0.33432456851005554
1065.5,0.3231907784938812
1065.6000000000001,0.3222597539424896
1065.7,0.33213260769844055
1065.8,0.3111811578273773
1065.9,0.3243970572948456
1066.0,0.3291122317314148
1066.1000000000001,0.32693514227867126
1066.2,0.3251991868019104
1066.3,0.3293638527393341
1066.4,0.32955220341682434
1066.5,0.3236042559146881
1066.6000000000001,0.33009734749794006
1066.7,0.33333563804626465
1066.8,0.3269595503807068
1066.9,0.32966411113739014
1067.0,0.32227787375450134
1067.1000000000001,0.3129540681838989
1067.2,0.3198854923248291
1067.3,0.3190532326698303
1067.4,0.3224579095840454
1067.5,0.3263506591320038
1067.6000000000001,0.32664868235588074
1067.7,0.315952867269516
1067.8,0.32563382387161255
1067.9,0.32017841935157776
1068.0,0.323606938123703
1068.1000000000001,0.31466320157051086
1068.2,0.3292413353919983
1068.3,0.32243627309799194
1068.4,0.3276846706867218
1068.5,0.32133352756500244
1068.6000000000001,0.311799019575119
1068.7,0.3202899396419525
1068.8,0.328629732131958
1068.9,0.31503477692604065
1069.0,0.30821946263313293
1069.1000000000001,0.32069385051727295
1069.2,0.3206545114517212
1069.3,0.31276577711105347
1069.4,0.32345953583717346
1069.5,0.32696643471717834
1069.6000000000001,0.3170011639595032
1069.7,0.31534138321876526
1069.8,0.3244105875492096
1069.9,0.325338751077652
1070.0,0.32255467772483826
1070.1000000000001,0.32140305638313293
1070.2,0.3123124837875366
1070.3,0.31214195489883423
1070.4,0.3231860101222992
1070.5,0.3119588792324066
1070.6000000000001,0.3209048807621002
1070.7,0.30349335074424744
1070.8,0.31277528405189514
1070.9,0.32125067710876465
1071.0,0.31764599680900574
1071.1000000000001,0.31290295720100403
1071.2,0.31109294295310974
1071.3,0.3173399269580841
1071.4,0.3092903196811676
1071.5,0.3149249255657196
1071.6000000000001,0.30861854553222656
1071.7,0.3102497160434723
1071.8,0.3177831172943115
1071.9,0.316697895526886
1072.0,0.3234925866127014
1072.1000000000001,0.31431844830513
1072.2,0.3166927695274353
1072.3,0.3149869441986084
1072.4,0.3141450583934784
1072.5,0.30471885204315186
1072.6000000000001,0.30905282497406006
1072.7,0.2998349368572235
1072.8,0.3146383464336395
1072.9,0.3162286579608917
1073.0,0.31868836283683777
1073.1000000000001,0.319894403219223
1073.2,0.3319639265537262
1073.3,0.34229597449302673
1073.4,0.3539975583553314
1073.5,0.36892232298851013
1073.6000000000001,0.38009557127952576
1073.7,0.38802826404571533
1073.8,0.3905971348285675
1073.9,0.396457701921463
1074.0,0.3979850113391876
1074.1000000000001,0.3921705186367035
1074.2,0.38619714975357056
1074.3,0.3926577866077423
1074.4,0.3856533467769623
1074.5,0.3672589659690857
1074.6000000000001,0.3556453287601471
1074.7,0.3600750267505646
1074.8,0.35614529252052307
1074.9,0.34527477622032166
1075.0,0.3540303707122803
1075.1000000000001,0.33815813064575195
1075.2,0.3500850796699524
1075.3,0.3446829617023468
1075.4,0.33720383048057556
1075.5,0.3362123668193817
1075.6000000000001,0.3279658257961273
1075.7,0.3452450931072235
1075.8,0.33577823638916016
1075.9,0.337210088968277
1076.0,0.3383725583553314
1076.1000000000001,0.3316216468811035
1076.2,0.3334600627422333
1076.3,0.33318406343460083
1076.4,0.32635948061943054
1076.5,0.32577773928642273
1076.6000000000001,0.3281201124191284
1076.7,0.328039288520813
1076.8,0.3259713351726532
1076.9,0.32667848467826843
1077.0,0.31810230016708374
1077.1000000000001,0.32787302136421204
1077.2,0.3267233073711395
1077.3,0.3321780562400818
1077.4,0.3292182981967926
1077.5,0.32519203424453735
1077.6000000000001,0.32639166712760925
1077.7,0.3301469385623932
1077.8,0.3283916711807251
1077.9,0.32384636998176575
1078.0,0.3235985338687897
1078.1000000000001,0.32341182231903076
1078.2,0.3271176218986511
1078.3,0.3279171288013458
1078.4,0.3199736177921295
1078.5,0.31941357254981995
1078.6000000000001,0.33066418766975403
1078.7,0.33076098561286926
1078.8,0.3340437412261963
1078.9,0.32646793127059937
1079.0,0.3305915296077728
1079.1000000000001,0.3288619816303253
1079.2,0.33311450481414795
1079.3,0.32338565587997437
1079.4,0.32513633370399475
1079.5,0.33022335171699524
1079.6000000000001,0.3232403099536896
1079.7,0.3180975317955017
1079.8,0.33106154203414917
1079.9,0.3312518298625946
1080.0,0.32079946994781494
1080.1000000000001,0.32966116070747375
1080.2,0.3268178105354309
1080.3,0.32904326915740967
1080.4,0.32591935992240906
1080.5,0.3263690769672394
1080.6000000000001,0.33207768201828003
1080.7,0.329433798789978
1080.8,0.3303007483482361
1080.9,0.32407858967781067
1081.0,0.33059176802635193
1081.1000000000001,0.32988524436950684
1081.2,0.3288264274597168
1081.3,0.32652977108955383
1081.4,0.32358595728874207
1081.5,0.3323550522327423
1081.6000000000001,0.3212019205093384
1081.7,0.3241898715496063
1081.8,0.32582348585128784
1081.9,0.3231814503669739
1082.0,0.32273876667022705
1082.1000000000001,0.32112354040145874
1082.2,0.3224094808101654
1082.3,0.31797316670417786
1082.4,0.3274100720882416
1082.5,0.32726094126701355
1082.6000000000001,0.3203759789466858
1082.7,0.31471148133277893
1082.8,0.3203377425670624
1082.9,0.3229646384716034
1083.0,0.32109108567237854
1083.1000000000001,0.32245659828186035
1083.2,0.32517361640930176
1083.3,0.32291072607040405
1083.4,0.32486507296562195
1083.5,0.3157607316970825
1083.6000000000001,0.3207319676876068
1083.7,0.3217027187347412
1083.8,0.328631192445755
1083.9,0.31732073426246643
1084.0,0.3206278681755066
1084.1000000000001,0.3241904675960541
1084.2,0.3207079768180847
1084.3,0.32442963123321533
1084.4,0.31221094727516174
1084.5,0.3202033042907715
1084.6000000000001,0.3184971511363983
1084.7,0.3218860924243927
1084.8,0.3171755075454712
1084.9,0.3273710608482361
1085.0,0.31981438398361206
1085.1000000000001,0.31878194212913513
1085.2,0.3168359696865082
1085.3,0.3151821792125702
1085.4,0.3114696145057678
1085.5,0.31849852204322815
1085.6000000000001,0.31786641478538513
1085.7,0.3180312514305115
1085.8,0.3182207942008972
1085.9,0.3185543119907379
1086.0,0.3149750232696533
1086.1000000000001,0.3084612786769867
1086.2,0.3086979389190674
1086.3,0.3128742575645447
1086.4,0.31060922145843506
1086.5,0.3161616027355194
1086.6000000000001,0.3169209063053131
1086.7,0.31299442052841187
1086.8,0.31680312752723694
1086.9,0.31137362122535706
1087.0,0.3137541711330414
1087.1000000000001,0.3044460713863373
1087.2,0.30527812242507935
1087.3,0.31338900327682495
1087.4,0.3111039996147156
1087.5,0.31984907388687134
1087.6000000000001,0.3167537748813629
1087.7,0.3157441020011902
1087.8,0.30592265725135803
1087.9,0.3018583357334137
1088.0,0.30627304315567017
1088.1000000000001,0.2945728898048401
1088.2,0.30901503562927246
1088.3,0.3095191717147827
1088.4,0.30551737546920776
1088.5,0.3215695321559906
1088.6000000000001,0.33497685194015503
1088.7,0.3467848598957062
1088.8,0.3623356521129608
1088.9,0.3656335771083832
1089.0,0.39103254675865173
1089.1000000000001,0.38530847430229187
1089.2,0.3966272175312042
1089.3,0.4055783450603485
1089.4,0.399665504693985
1089.5,0.39593449234962463
1089.6000000000001,0.38570767641067505
1089.7,0.37980911135673523
1089.8,0.3627920150756836
1089.9,0.36447247862815857
1090.0,0.35436463356018066
1090.1000000000001,0.33947646617889404
1090.2,0.3508926331996918
1090.3,0.331505686044693
1090.4,0.3468354046344757
1090.5,0.3418651819229126
1090.6000000000001,0.34372660517692566
1090.7,0.3339832127094269
1090.8,0.34052032232284546
1090.9,0.34015366435050964
1091.0,0.3301851451396942
1091.1000000000001,0.33676764369010925
1091.2,0.33259958028793335
1091.3,0.3327690660953522
1091.4,0.3344513773918152
1091.5,0.3274547755718231
1091.6000000000001,0.3281024396419525
1091.7,0.3300424814224243
1091.8,0.3264096677303314
1091.9,0.3333095908164978
1092.0,0.3212383985519409
1092.1000000000001,0.3226318359375
1092.2,0.3276621103286743
1092.3,0.32647958397865295
1092.4,0.3237757384777069
1092.5,0.33238720893859863
1092.6000000000001,0.3211888074874878
1092.7,0.3228456377983093
1092.8,0.32290583848953247
1092.9,0.32777896523475647
1093.0,0.3235991299152374
1093.1000000000001,0.33022579550743103
1093.2,0.3262641429901123
1093.3,0.32404249906539917
1093.4,0.3227181136608124
1093.5,0.3345349133014679
1093.6000000000001,0.326459139585495
1093.7,0.32883936166763306
1093.8,0.3232772946357727
1093.9,0.3260025382041931
1094.0,0.32574525475502014
1094.1000000000001,0.32128748297691345
1094.2,0.3219362497329712
1094.3,0.31971344351768494
1094.4,0.32173556089401245
1094.5,0.3227270245552063
1094.6000000000001,0.3279026448726654
1094.7,0.3196382224559784
1094.8,0.31384068727493286
1094.9,0.31253373622894287
1095.0,0.3254271447658539
1095.1000000000001,0.31196656823158264
1095.2,0.3209601938724518
1095.3000000000002,0.3238474428653717
1095.4,0.3136727511882782
1095.5,0.31912776827812195
1095.6000000000001,0.32504579424858093
1095.7,0.3265925347805023
1095.8000000000002,0.3044397234916687
1095.9,0.3253740668296814
1096.0,0.3173138201236725
1096.1000000000001,0.31963416934013367
1096.2,0.31488609313964844
1096.3000000000002,0.31968945264816284
1096.4,0.3105997145175934
1096.5,0.30913442373275757
1096.6000000000001,0.3180488049983978
1096.7,0.3187762200832367
1096.8000000000002,0.30826014280319214
1096.9,0.30959826707839966
1097.0,0.31399214267730713
1097.1000000000001,0.3149465322494507
1097.2,0.3035123944282532
1097.3000000000002,0.3076757788658142
1097.4,0.31471022963523865
1097.5,0.3120254576206207
1097.6000000000001,0.3099343776702881
1097.7,0.31966015696525574
1097.8000000000002,0.31928497552871704
1097.9,0.313686341047287
1098.0,0.31799471378326416
1098.1000000000001,0.31563782691955566
1098.2,0.31493818759918213
1098.3000000000002,0.30940327048301697
1098.4,0.3109426200389862
1098.5,0.31475433707237244
1098.6000000000001,0.3141007423400879
1098.7,0.3099903166294098
1098.8000000000002,0.3145298957824707
1098.9,0.30290061235427856
1099.0,0.3075573742389679
1099.1000000000001,0.3124619126319885
1099.2,0.30023255944252014
1099.3000000000002,0.3149760961532593
1099.4,0.2979135513305664
1099.5,0.30579403042793274
1099.6000000000001,0.3081646263599396
1099.7,0.3101905882358551
1099.8000000000002,0.3239438235759735
1099.9,0.3328954577445984
1100.0,0.3354782164096832
1100.1000000000001,0.34525689482688904
1100.2,0.37238144874572754
1100.3000000000002,0.38256749510765076
1100.4,0.39279618859291077
1100.5,0.39847037196159363
1100.6000000000001,0.40635713934898376
1100.7,0.3943342864513397
1100.8000000000002,0.4007745385169983
1100.9,0.3845222592353821
1101.0,0.3827900290489197
1101.1000000000001,0.3831843137741089
1101.2,0.3748459815979004
1101.3000000000002,0.3578164279460907
1101.4,0.35654011368751526
1101.5,0.35501182079315186
1101.6000000000001,0.35171040892601013
1101.7,0.3507966101169586
1101.8000000000002,0.3472135066986084
1101.9,0.3344595730304718
1102.0,0.34357669949531555
1102.1000000000001,0.3336854577064514
1102.2,0.3417299687862396
1102.3000000000002,0.34163087606430054
1102.4,0.33975884318351746
1102.5,0.3276563584804535
1102.6000000000001,0.34178683161735535
1102.7,0.3309439718723297
1102.8000000000002,0.3314395546913147
1102.9,0.3319805860519409
1103.0,0.3327385187149048
1103.1000000000001,0.3334046006202698
1103.2,0.33067116141319275
1103.3000000000002,0.3317292630672455
1103.4,0.32143688201904297
1103.5,0.3248143494129181
1103.6000000000001,0.32781147956848145
1103.7,0.3295409083366394
1103.8000000000002,0.309927761554718
1103.9,0.32597237825393677
1104.0,0.3225723206996918
1104.1000000000001,0.3272651135921478
1104.2,0.3251097798347473
1104.3000000000002,0.3172212541103363
1104.4,0.3288097083568573
1104.5,0.32034069299697876
1104.6000000000001,0.32281526923179626
1104.7,0.32799237966537476
1104.8000000000002,0.32787495851516724
1104.9,0.33237171173095703
1105.0,0.3206463158130646
1105.1000000000001,0.3221210539340973
1105.2,0.32887011766433716
1105.3000000000002,0.3326050639152527
1105.4,0.3308500051498413
1105.5,0.33043450117111206
1105.6000000000001,0.3251053988933563
1105.7,0.33590540289878845
1105.8000000000002,0.31350934505462646
1105.9,0.33255699276924133
1106.0,0.3229409158229828
1106.1000000000001,0.32094940543174744
1106.2,0.3326948881149292
1106.3000000000002,0.3144668936729431
1106.4,0.33110472559928894
1106.5,0.3268633186817169
1106.6000000000001,0.3275358974933624
1106.7,0.3170667886734009
1106.8000000000002,0.3326428532600403
1106.9,0.3116905689239502
1107.0,0.3264024257659912
1107.1000000000001,0.3276621401309967
1107.2,0.3308054208755493
1107.3000000000002,0.3275383710861206
1107.4,0.31864944100379944
1107.5,0.32963404059410095
1107.6000000000001,0.33283987641334534
1107.7,0.3310578763484955
1107.8000000000002,0.32889530062675476
1107.9,0.3283466696739197
1108.0,0.32587066292762756
1108.1000000000001,0.337703138589859
1108.2,0.31675273180007935
1108.3000000000002,0.32078027725219727
1108.4,0.3253385126590729
1108.5,0.33263733983039856
1108.6000000000001,0.3269812762737274
1108.7,0.3240590989589691
1108.8000000000002,0.3260822594165802
1108.9,0.32225728034973145
1109.0,0.3270171582698822
1109.1000000000001,0.32314789295196533
1109.2,0.3319211006164551
1109.3000000000002,0.3332439661026001
1109.4,0.31771788001060486
1109.5,0.329623818397522
1109.6000000000001,0.3260873854160309
1109.7,0.32546278834342957
1109.8000000000002,0.3161223232746124
1109.9,0.329475462436676
1110.0,0.3259616792201996
1110.1000000000001,0.32812121510505676
1110.2,0.31984007358551025
1110.3000000000002,0.32977551221847534
1110.4,0.3260648548603058
1110.5,0.32917746901512146
1110.6000000000001,0.32434603571891785
1110.7,0.3206060230731964
1110.8000000000002,0.33029934763908386
1110.9,0.3245254456996918
1111.0,0.3182658851146698
1111.1000000000001,0.3212033212184906
1111.2,0.33277183771133423
1111.3000000000002,0.326249361038208
1111.4,0.32435107231140137
1111.5,0.32524433732032776
1111.6000000000001,0.3274271488189697
1111.7,0.3310905992984772
1111.8000000000002,0.32015475630760193
1111.9,0.3182796537876129
1112.0,0.3141503632068634
1112.1000000000001,0.3281606435775757
1112.2,0.3244847357273102
1112.3000000000002,0.32642635703086853
1112.4,0.3276505172252655
1112.5,0.31974083185195923
1112.6000000000001,0.32580482959747314
1112.7,0.31881359219551086
1112.8000000000002,0.3176826536655426
1112.9,0.3187655508518219
1113.0,0.322988361120224
1113.1000000000001,0.3192373812198639
1113.2,0.3254971206188202
1113.3000000000002,0.310392826795578
1113.4,0.3200376629829407
1113.5,0.31924501061439514
1113.6000000000001,0.30543053150177
1113.7,0.32511141896247864
1113.8000000000002,0.3239261507987976
1113.9,0.3249507546424866
1114.0,0.30810707807540894
1114.1000000000001,0.3147255480289459
1114.2,0.31638625264167786
1114.3000000000002,0.3120979964733124
1114.4,0.3144285976886749
1114.5,0.3075699508190155
1114.6000000000001,0.3179781436920166
1114.7,0.31548359990119934
1114.8000000000002,0.3149576783180237
1114.9,0.3213440775871277
1115.0,0.31867220997810364
1115.1000000000001,0.31002986431121826
1115.2,0.3068002462387085
1115.3000000000002,0.3164554834365845
1115.4,0.3178662955760956
1115.5,0.3097635805606842
1115.6000000000001,0.31044235825538635
1115.7,0.3178274631500244
1115.8000000000002,0.3185688853263855
1115.9,0.3163904547691345
1116.0,0.31976157426834106
1116.1000000000001,0.320456862449646
1116.2,0.31522706151008606
1116.3000000000002,0.3169545829296112
1116.4,0.3108259439468384
1116.5,0.31599143147468567
1116.6000000000001,0.3080674707889557
1116.7,0.3103705048561096
1116.8000000000002,0.3148379921913147
1116.9,0.30266013741493225
1117.0,0.3126263916492462
1117.1000000000001,0.3058449625968933
1117.2,0.31756392121315
1117.3000000000002,0.3061807155609131
1117.4,0.31429681181907654
1117.5,0.30692267417907715
1117.6000000000001,0.3118382692337036
1117.7,0.3046557605266571
1117.8000000000002,0.31397387385368347
1117.9,0.3116060495376587
1118.0,0.310129851102829
1118.1000000000001,0.3074565827846527
1118.2,0.3037928342819214
1118.3000000000002,0.3064839243888855
1118.4,0.30407217144966125
1118.5,0.3100649118423462
1118.6000000000001,0.3060697615146637
1118.7,0.3063693344593048
1118.8000000000002,0.3110091984272003
1118.9,0.30271193385124207
1119.0,0.3087700605392456
1119.1000000000001,0.28325626254081726
1119.2,0.2935831844806671
1119.3000000000002,0.2987286150455475
1119.4,0.31421419978141785
1119.5,0.3166370689868927
1119.6000000000001,0.3223499655723572
1119.7,0.33640989661216736
1119.8000000000002,0.3474426567554474
1119.9,0.356900155544281
1120.0,0.3742832839488983
1120.1000000000001,0.37519681453704834
1120.2,0.3851601481437683
1120.3000000000002,0.38422340154647827
1120.4,0.3963991105556488
1120.5,0.3939932882785797
1120.6000000000001,0.36907997727394104
1120.7,0.3847688138484955
1120.8000000000002,0.36543509364128113
1120.9,0.3480229377746582
1121.0,0.3478755056858063
1121.1000000000001,0.34738633036613464
1121.2,0.34811535477638245
1121.3000000000002,0.3500010669231415
1121.4,0.3448857069015503
1121.5,0.34212225675582886
1121.6000000000001,0.33228662610054016
1121.7,0.3456438183784485
1121.8000000000002,0.33739733695983887
1121.9,0.3386528193950653
1122.0,0.3376564681529999
1122.1000000000001,0.33519017696380615
1122.2,0.3389241695404053
1122.3000000000002,0.33684074878692627
1122.4,0.3417240381240845
1122.5,0.32719364762306213
1122.6000000000001,0.3246169686317444
1122.7,0.3235023617744446
1122.8000000000002,0.3274379372596741
1122.9,0.32951024174690247
1123.0,0.32265719771385193
1123.1000000000001,0.32773923873901367
1123.2,0.32724735140800476
1123.3000000000002,0.3228187561035156
1123.4,0.3273949921131134
1123.5,0.3219951093196869
1123.6000000000001,0.3229951858520508
1123.7,0.3258552849292755
1123.8000000000002,0.32257217168807983
1123.9,0.3251689374446869
1124.0,0.3250768482685089
1124.1000000000001,0.324147492647171
1124.2,0.3195960819721222
1124.3000000000002,0.30836793780326843
1124.4,0.326077401638031
1124.5,0.3262028992176056
1124.6000000000001,0.3248099684715271
1124.7,0.32370424270629883
1124.8000000000002,0.31828638911247253
1124.9,0.3197323977947235
1125.0,0.3253058195114136
1125.1000000000001,0.3199564516544342
1125.2,0.32875242829322815
1125.3000000000002,0.3188929855823517
1125.4,0.3269539177417755
1125.5,0.329276442527771
1125.6000000000001,0.3169960081577301
1125.7,0.328708291053772
1125.8000000000002,0.3161361515522003
1125.9,0.3217145502567291
1126.0,0.3126640021800995
1126.1000000000001,0.312068372964859
1126.2,0.32210856676101685
1126.3000000000002,0.3074297308921814
1126.4,0.3202762007713318
1126.5,0.31638744473457336
1126.6000000000001,0.3167971670627594
1126.7,0.31868690252304077
1126.8000000000002,0.31067943572998047
1126.9,0.3241744041442871
1127.0,0.31690120697021484
1127.1000000000001,0.3182547688484192
1127.2,0.3095831573009491
1127.3000000000002,0.3145664632320404
1127.4,0.32024019956588745
1127.5,0.32553839683532715
1127.6000000000001,0.3108144700527191
1127.7,0.3186698257923126
1127.8000000000002,0.3194005489349365
1127.9,0.30853068828582764
1128.0,0.321068674325943
1128.1000000000001,0.31880030035972595
1128.2,0.30660009384155273
1128.3000000000002,0.3166907727718353
1128.4,0.3201368451118469
1128.5,0.31279420852661133
1128.6000000000001,0.31239554286003113
1128.7,0.31786391139030457
1128.8000000000002,0.3095911145210266
1128.9,0.30458277463912964
1129.0,0.3169330060482025
1129.1000000000001,0.31075796484947205
1129.2,0.31255432963371277
1129.3000000000002,0.3061691224575043
1129.4,0.31100785732269287
1129.5,0.306306391954422
1129.6000000000001,0.31499966979026794
1129.7,0.3184780180454254
1129.8000000000002,0.31083279848098755
1129.9,0.30483177304267883
1130.0,0.3096301853656769
1130.1000000000001,0.29729679226875305
1130.2,0.3159835934638977
1130.3000000000002,0.3090496361255646
1130.4,0.3062971234321594
1130.5,0.3124719262123108
1130.6000000000001,0.32589685916900635
1130.7,0.34282633662223816
1130.8000000000002,0.3423311710357666
1130.9,0.37003833055496216
1131.0,0.37343451380729675
1131.1000000000001,0.38194897770881653
1131.2,0.4025195240974426
1131.3000000000002,0.40209105610847473
1131.4,0.4029199481010437
1131.5,0.39635732769966125
1131.6000000000001,0.37328609824180603
1131.7,0.3798777461051941
1131.8000000000002,0.3719269931316376
1131.9,0.36868607997894287
1132.0,0.36229604482650757
1132.1000000000001,0.3573513627052307
1132.2,0.3546118438243866
1132.3000000000002,0.35432398319244385
1132.4,0.3440801799297333
1132.5,0.34157299995422363
1132.6000000000001,0.3415274918079376
1132.7,0.3322681784629822
1132.8000000000002,0.3419228792190552
1132.9,0.3382985293865204
1133.0,0.33382219076156616
1133.1000000000001,0.34428754448890686
1133.2,0.33900442719459534
1133.3000000000002,0.33360180258750916
1133.4,0.3254146873950958
1133.5,0.32303735613822937
1133.6000000000001,0.3357653319835663
1133.7,0.3316434323787689
1133.8000000000002,0.3346026837825775
1133.9,0.320295512676239
1134.0,0.3303907811641693
1134.1000000000001,0.3232657015323639
1134.2,0.32745105028152466
1134.3000000000002,0.3314261734485626
1134.4,0.3258398771286011
1134.5,0.3242899477481842
1134.6000000000001,0.31479886174201965
1134.7,0.32922714948654175
1134.8000000000002,0.3281603455543518
1134.9,0.32105207443237305
1135.0,0.3328949213027954
1135.1000000000001,0.3286096155643463
1135.2,0.32392093539237976
1135.3000000000002,0.3241944909095764
1135.4,0.3264024555683136
1135.5,0.32281744480133057
1135.6000000000001,0.3283156156539917
1135.7,0.3329426050186157
1135.8000000000002,0.3284795582294464
1135.9,0.31014466285705566
1136.0,0.3209383487701416
1136.1000000000001,0.32610979676246643
1136.2,0.3275676965713501
1136.3000000000002,0.32268503308296204
1136.4,0.3265799283981323
1136.5,0.32591837644577026
1136.6000000000001,0.3279329836368561
1136.7,0.3241916000843048
1136.8000000000002,0.324157178401947
1136.9,0.3280990719795227
1137.0,0.32327520847320557
1137.1000000000001,0.324925035238266
1137.2,0.32591894268989563
1137.3000000000002,0.3226509690284729
1137.4,0.3269144594669342
1137.5,0.32818111777305603
1137.6000000000001,0.3229575455188751
1137.7,0.32552194595336914
1137.8000000000002,0.3214992880821228
1137.9,0.3235597312450409
1138.0,0.3225381076335907
1138.1000000000001,0.32111912965774536
1138.2,0.31606772541999817
1138.3000000000002,0.31134355068206787
1138.4,0.3180525004863739
1138.5,0.3203974664211273
1138.6000000000001,0.31723886728286743
1138.7,0.32856783270835876
1138.8000000000002,0.3237120807170868
1138.9,0.3195050060749054
1139.0,0.3265829086303711
1139.1000000000001,0.3235089182853699
1139.2,0.3182166516780853
1139.3000000000002,0.32285237312316895
1139.4,0.31988808512687683
1139.5,0.3226514458656311
1139.6000000000001,0.31121304631233215
1139.7,0.31276735663414
1139.8000000000002,0.3098374903202057
1139.9,0.3139458894729614
1140.0,0.32064762711524963
1140.1000000000001,0.31120383739471436
1140.2,0.30822259187698364
1140.3000000000002,0.3160409927368164
1140.4,0.30811065435409546
1140.5,0.31452667713165283
1140.6000000000001,0.313117116689682
1140.7,0.31730568408966064
1140.8000000000002,0.3203447461128235
1140.9,0.30011826753616333
1141.0,0.3220272362232208
1141.1000000000001,0.31994137167930603
1141.2,0.30293506383895874
1141.3000000000002,0.31477874517440796
1141.4,0.31917229294776917
1141.5,0.310414582490921
1141.6000000000001,0.31917139887809753
1141.7,0.31222572922706604
1141.8000000000002,0.31548187136650085
1141.9,0.31647565960884094
1142.0,0.30612245202064514
1142.1000000000001,0.3063836991786957
1142.2,0.3102383613586426
1142.3000000000002,0.3084460496902466
1142.4,0.3095564842224121
1142.5,0.296460896730423
1142.6000000000001,0.3108227252960205
1142.7,0.3058798611164093
1142.8000000000002,0.31286728382110596
1142.9,0.31852447986602783
1143.0,0.3267946243286133
1143.1000000000001,0.34313124418258667
1143.2,0.34856194257736206
1143.3000000000002,0.3632814884185791
1143.4,0.37271618843078613
1143.5,0.37047961354255676
1143.6000000000001,0.382103830575943
1143.7,0.3954218924045563
1143.8000000000002,0.39651504158973694
1143.9,0.3861142694950104
1144.0,0.3979841470718384
1144.1000000000001,0.3802851438522339
1144.2,0.3769354224205017
1144.3000000000002,0.37543636560440063
1144.4,0.36000707745552063
1144.5,0.3613486886024475
1144.6000000000001,0.36252647638320923
1144.7,0.35717636346817017
1144.8000000000002,0.35887646675109863
1144.9,0.35039886832237244
1145.0,0.344814270734787
1145.1000000000001,0.34328821301460266
1145.2,0.33870941400527954
1145.3000000000002,0.3310982286930084
1145.4,0.3366917669773102
1145.5,0.3327188491821289
1145.6000000000001,0.33991432189941406
1145.7,0.3394339382648468
1145.8000000000002,0.3256734013557434
1145.9,0.3348122835159302
1146.0,0.320106565952301
1146.1000000000001,0.3323558270931244
1146.2,0.3222024738788605
1146.3000000000002,0.32061177492141724
1146.4,0.33138981461524963
1146.5,0.32928770780563354
1146.6000000000001,0.32992634177207947
1146.7,0.3273317813873291
1146.8000000000002,0.3296419382095337
1146.9,0.32338836789131165
1147.0,0.32821667194366455
1147.1000000000001,0.326534241437912
1147.2,0.3311038911342621
1147.3000000000002,0.33338966965675354
1147.4,0.3264836072921753
1147.5,0.33251717686653137
1147.6000000000001,0.33076703548431396
1147.7,0.3264758288860321
1147.8000000000002,0.3311339318752289
1147.9,0.3160244822502136
1148.0,0.32177838683128357
1148.1000000000001,0.3343518376350403
1148.2,0.3238455057144165
1148.3000000000002,0.3254759609699249
1148.4,0.3216153383255005
1148.5,0.3241831064224243
1148.6000000000001,0.3200047016143799
1148.7,0.32637202739715576
1148.8000000000002,0.3207622468471527
1148.9,0.330840140581131
1149.0,0.32224106788635254
1149.1000000000001,0.31966832280158997
1149.2,0.31809866428375244
1149.3000000000002,0.33066314458847046
1149.4,0.32992950081825256
1149.5,0.3291528820991516
1149.6000000000001,0.33156415820121765
1149.7,0.3153609037399292
1149.8000000000002,0.3300849199295044
1149.9,0.3290414810180664
1150.0,0.325747549533844
1150.1000000000001,0.32385146617889404
1150.2,0.3267059624195099
1150.3000000000002,0.32274892926216125
1150.4,0.32690760493278503
1150.5,0.32488173246383667
1150.6000000000001,0.3182779550552368
1150.7,0.32186219096183777
1150.8000000000002,0.3292010724544525
1150.9,0.3248617649078369
1151.0,0.3274478018283844
1151.1000000000001,0.31972911953926086
1151.2,0.3228447735309601
1151.3000000000002,0.3266943395137787
1151.4,0.32696640491485596
1151.5,0.31787416338920593
1151.6000000000001,0.3167576193809509
1151.7,0.3221995532512665
1151.8000000000002,0.32466059923171997
1151.9,0.3248685896396637
1152.0,0.31038880348205566
1152.1000000000001,0.31542980670928955
1152.2,0.32248520851135254
1152.3000000000002,0.3235832452774048
1152.4,0.32572972774505615
1152.5,0.31770867109298706
1152.6000000000001,0.3191817104816437
1152.7,0.3142613470554352
1152.8000000000002,0.32025378942489624
1152.9,0.3205627202987671
1153.0,0.32217344641685486
1153.1000000000001,0.31506213545799255
1153.2,0.3093426525592804
1153.3000000000002,0.3125878870487213
1153.4,0.31951087713241577
1153.5,0.32088685035705566
1153.6000000000001,0.31904351711273193
1153.7,0.31748923659324646
1153.8000000000002,0.3156336545944214
1153.9,0.3182067573070526
1154.0,0.32062849402427673
1154.1000000000001,0.31556063890457153
1154.2,0.3177880346775055
1154.3000000000002,0.316937655210495
1154.4,0.3090868294239044
1154.5,0.3173200190067291
1154.6000000000001,0.31911513209342957
1154.7,0.3151104748249054
1154.8000000000002,0.31358256936073303
1154.9,0.30504053831100464
1155.0,0.31570568680763245
1155.1000000000001,0.3185754716396332
1155.2,0.3084639012813568
1155.3000000000002,0.31909650564193726
1155.4,0.3124009966850281
1155.5,0.30693450570106506
1155.6000000000001,0.32085707783699036
1155.7,0.30731725692749023
1155.8000000000002,0.31752899289131165
1155.9,0.3072327971458435
1156.0,0.3097105026245117
1156.1000000000001,0.31367090344429016
1156.2,0.3142338991165161
1156.3000000000002,0.318310409784317
1156.4,0.32116520404815674
1156.5,0.3162747025489807
1156.6000000000001,0.3101821839809418
1156.7,0.31281229853630066
1156.8000000000002,0.3113139569759369
1156.9,0.2952248752117157
1157.0,0.30481165647506714
1157.1000000000001,0.2981407940387726
1157.2,0.31366318464279175
1157.3000000000002,0.3109118938446045
1157.4,0.3241821229457855
1157.5,0.34366732835769653
1157.6000000000001,0.3589376211166382
1157.7,0.36436188220977783
1157.8000000000002,0.3726136386394501
1157.9,0.3822669982910156
1158.0,0.39312583208084106
1158.1000000000001,0.38881349563598633
1158.2,0.39239194989204407
1158.3000000000002,0.38476744294166565
1158.4,0.37900683283805847
1158.5,0.3774190843105316
1158.6000000000001,0.3589911460876465
1158.7,0.3585909605026245
1158.8000000000002,0.35977745056152344
1158.9,0.35427767038345337
1159.0,0.35741090774536133
1159.1000000000001,0.35211655497550964
1159.2,0.35861513018608093
1159.3000000000002,0.34976625442504883
1159.4,0.32651934027671814
1159.5,0.33377575874328613
1159.6000000000001,0.3425818979740143
1159.7,0.34014129638671875
1159.8000000000002,0.33924564719200134
1159.9,0.3334973156452179
1160.0,0.3307438790798187
1160.1000000000001,0.33819425106048584
1160.2,0.3226793110370636
1160.3000000000002,0.32682785391807556
1160.4,0.32790398597717285
1160.5,0.3333640992641449
1160.6000000000001,0.32609987258911133
1160.7,0.33020439743995667
1160.8000000000002,0.3383752107620239
1160.9,0.33211618661880493
1161.0,0.32085558772087097
1161.1000000000001,0.3173150420188904
1161.2,0.3090108633041382
1161.3000000000002,0.32956910133361816
1161.4,0.3171361982822418
1161.5,0.3246793746948242
1161.6000000000001,0.3273164629936218
1161.7,0.32644230127334595
1161.8000000000002,0.3311997056007385
1161.9,0.32204797863960266
1162.0,0.32601481676101685
1162.1000000000001,0.3196537494659424
1162.2,0.33196568489074707
1162.3000000000002,0.3297002911567688
1162.4,0.32857295870780945
1162.5,0.3302662968635559
1162.6000000000001,0.3234398663043976
1162.7,0.3220154643058777
1162.8000000000002,0.3293808102607727
1162.9,0.3162921071052551
1163.0,0.32940614223480225
1163.1000000000001,0.32407140731811523
1163.2,0.33097362518310547
1163.3000000000002,0.3270380198955536
1163.4,0.3290141224861145
1163.5,0.32180023193359375
1163.6000000000001,0.33000579476356506
1163.7,0.3158736824989319
1163.8000000000002,0.32283511757850647
1163.9,0.31840187311172485
1164.0,0.31791800260543823
1164.1000000000001,0.32756417989730835
1164.2,0.32368114590644836
1164.3000000000002,0.32096579670906067
1164.4,0.3313283324241638
1164.5,0.32517364621162415
1164.6000000000001,0.3188123404979706
1164.7,0.32294321060180664
1164.8000000000002,0.32697033882141113
1164.9,0.3230741024017334
1165.0,0.32167136669158936
1165.1000000000001,0.32519394159317017
1165.2,0.3244868218898773
1165.3000000000002,0.31763580441474915
1165.4,0.32244595885276794
1165.5,0.3215424716472626
1165.6000000000001,0.31779515743255615
1165.7,0.32733818888664246
1165.8000000000002,0.3242371678352356
1165.9,0.3210466504096985
1166.0,0.3235529363155365
1166.1000000000001,0.3239247798919678
1166.2,0.3147018849849701
1166.3000000000002,0.3204817473888397
1166.4,0.3296118378639221
1166.5,0.3215528428554535
1166.6000000000001,0.32022035121917725
1166.7,0.30801329016685486
1166.8000000000002,0.32065802812576294
1166.9,0.3243354260921478
1167.0,0.3193025588989258
1167.1000000000001,0.32123443484306335
1167.2,0.31223833560943604
1167.3000000000002,0.31889864802360535
1167.4,0.3162286579608917
1167.5,0.32206106185913086
1167.6000000000001,0.32010796666145325
1167.7,0.3087959289550781
1167.8000000000002,0.32004159688949585
1167.9,0.3230205476284027
1168.0,0.31735995411872864
1168.1000000000001,0.312919944524765
1168.2,0.3188827633857727
1168.3000000000002,0.3207026720046997
1168.4,0.32132667303085327
1168.5,0.31610915064811707
1168.6000000000001,0.31740784645080566
1168.7,0.3164558410644531
1168.8000000000002,0.31910592317581177
1168.9,0.3196575939655304
1169.0,0.31215915083885193
1169.1000000000001,0.31112024188041687
1169.2,0.3215799033641815
1169.3000000000002,0.3090564012527466
1169.4,0.3093796372413635
1169.5,0.3194024860858917
1169.6000000000001,0.32087722420692444
1169.7,0.3134138584136963
1169.8000000000002,0.31264209747314453
1169.9,0.3163638114929199
1170.0,0.3094673156738281
1170.1000000000001,0.30549049377441406
1170.2,0.3137589395046234
1170.3000000000002,0.3030683100223541
1170.4,0.3159101605415344
1170.5,0.31572532653808594
1170.6000000000001,0.31296786665916443
1170.7,0.31994909048080444
1170.8000000000002,0.31241127848625183
1170.9,0.31294286251068115
1171.0,0.3108384311199188
1171.1000000000001,0.30075040459632874
1171.2,0.30521416664123535
1171.3000000000002,0.30657464265823364
1171.4,0.3087245225906372
1171.5,0.30916833877563477
1171.6000000000001,0.31030577421188354
1171.7,0.3063686192035675
1171.8000000000002,0.3119279742240906
1171.9,0.3104601204395294
1172.0,0.3001158833503723
1172.1000000000001,0.30636557936668396
1172.2,0.31116190552711487
1172.3000000000002,0.308736652135849
1172.4,0.30684688687324524
1172.5,0.31069958209991455
1172.6000000000001,0.300460547208786
1172.7,0.30937299132347107
1172.8000000000002,0.31407028436660767
1172.9,0.30445852875709534
1173.0,0.3008042871952057
1173.1000000000001,0.29816728830337524
1173.2,0.297727108001709
1173.3000000000002,0.30680447816848755
1173.4,0.2985694706439972
1173.5,0.31168994307518005
1173.6000000000001,0.3182213604450226
1173.7,0.3444145917892456
1173.8000000000002,0.3515351116657257
1173.9,0.36095476150512695
1174.0,0.375047504901886
1174.1000000000001,0.3904663026332855
1174.2,0.3909231126308441
1174.3000000000002,0.4030143916606903
1174.4,0.3995521068572998
1174.5,0.3861446976661682
1174.6000000000001,0.38809454441070557
1174.7,0.375696063041687
1174.8000000000002,0.369556188583374
1174.9,0.3643604516983032
1175.0,0.3483843207359314
1175.1000000000001,0.3595728874206543
1175.2,0.34552374482154846
1175.3000000000002,0.34684377908706665
1175.4,0.342755526304245
1175.5,0.3412541151046753
1175.6000000000001,0.33766883611679077
1175.7,0.3460146188735962
1175.8000000000002,0.3418659269809723
1175.9,0.3391594886779785
1176.0,0.326196551322937
1176.1000000000001,0.33252817392349243
1176.2,0.33759528398513794
1176.3000000000002,0.32060933113098145
1176.4,0.3295673727989197
1176.5,0.33079323172569275
1176.6000000000001,0.33101722598075867
1176.7,0.3302563428878784
1176.8000000000002,0.32875365018844604
1176.9,0.31899282336235046
1177.0,0.3211459815502167
1177.1000000000001,0.3270428478717804
1177.2,0.32522520422935486
1177.3000000000002,0.3216424882411957
1177.4,0.33020609617233276
1177.5,0.3250286281108856
1177.6000000000001,0.3273749351501465
1177.7,0.33049067854881287
1177.8000000000002,0.3181307315826416
1177.9,0.3259798288345337
1178.0,0.32227835059165955
1178.1000000000001,0.312045156955719
1178.2,0.32166212797164917
1178.3000000000002,0.3283936083316803
1178.4,0.3245900273323059
1178.5,0.3269769549369812
1178.6000000000001,0.31881844997406006
1178.7,0.331266313791275
1178.8000000000002,0.3154924809932709
1178.9,0.3257976472377777
1179.0,0.3165275454521179
1179.1000000000001,0.32053911685943604
1179.2,0.3232992887496948
1179.3000000000002,0.3277886211872101
1179.4,0.32581454515457153
1179.5,0.3216770589351654
1179.6000000000001,0.31520453095436096
1179.7,0.3152957558631897
1179.8000000000002,0.31559425592422485
1179.9,0.3190906345844269
1180.0,0.31994500756263733
1180.1000000000001,0.31354057788848877
1180.2,0.321247935295105
1180.3000000000002,0.31181731820106506
1180.4,0.31758058071136475
1180.5,0.3182131052017212
1180.6000000000001,0.31091639399528503
1180.7,0.3277457356452942
1180.8000000000002,0.32755810022354126
1180.9,0.3255576193332672
1181.0,0.31829413771629333
1181.1000000000001,0.322931706905365
1181.2,0.31858062744140625
1181.3000000000002,0.3090444803237915
1181.4,0.31882497668266296
1181.5,0.3159184753894806
1181.6000000000001,0.3174143433570862
1181.7,0.31112802028656006
1181.8000000000002,0.3142595887184143
1181.9,0.3111574351787567
1182.0,0.3211032450199127
1182.1000000000001,0.32222965359687805
1182.2,0.30787894129753113
1182.3000000000002,0.30625253915786743
1182.4,0.3219083547592163
1182.5,0.3173981308937073
1182.6000000000001,0.3197233974933624
1182.7,0.31484612822532654
1182.8000000000002,0.31200554966926575
1182.9,0.31800684332847595
1183.0,0.3115130364894867
1183.1000000000001,0.3183692693710327
1183.2,0.30753210186958313
1183.3000000000002,0.3067858815193176
1183.4,0.3099280893802643
1183.5,0.31227126717567444
1183.6000000000001,0.31457164883613586
1183.7,0.3103809058666229
1183.8000000000002,0.31395718455314636
1183.9,0.3159469664096832
1184.0,0.31504902243614197
1184.1000000000001,0.3054305911064148
1184.2,0.3122875988483429
1184.3000000000002,0.3017159700393677
1184.4,0.31688520312309265
1184.5,0.3118678033351898
1184.6000000000001,0.3096315264701843
1184.7,0.2924948036670685
1184.8000000000002,0.3018321394920349
1184.9,0.3100973963737488
1185.0,0.309806764125824
1185.1000000000001,0.31278517842292786
1185.2,0.33370015025138855
1185.3000000000002,0.3463346064090729
1185.4,0.3439885973930359
1185.5,0.3701985776424408
1185.6000000000001,0.38856321573257446
1185.7,0.38836345076560974
1185.8000000000002,0.38915932178497314
1185.9,0.39634832739830017
1186.0,0.39481592178344727
1186.1000000000001,0.39072737097740173
1186.2,0.3794754445552826
1186.3000000000002,0.3559665083885193
1186.4,0.35844686627388
1186.5,0.34841716289520264
1186.6000000000001,0.3428669571876526
1186.7,0.3497660756111145
1186.8000000000002,0.34418976306915283
1186.9,0.3347056806087494
1187.0,0.3355598449707031
1187.1000000000001,0.3398842215538025
1187.2,0.3438259959220886
1187.3000000000002,0.3316008150577545
1187.4,0.33192968368530273
1187.5,0.3341498374938965
1187.6000000000001,0.33123353123664856
1187.7,0.32888495922088623
1187.8000000000002,0.32837244868278503
1187.9,0.32644137740135193
1188.0,0.3329657018184662
1188.1000000000001,0.33362194895744324
1188.2,0.32719719409942627
1188.3000000000002,0.3111608028411865
1188.4,0.32700085639953613
1188.5,0.323559433221817
1188.6000000000001,0.3257269561290741
1188.7,0.3218155801296234
1188.8000000000002,0.32296469807624817
1188.9,0.328639954328537
1189.0,0.3337090015411377
1189.1000000000001,0.3281242251396179
1189.2,0.32632210850715637
1189.3000000000002,0.33033832907676697
1189.4,0.3238987326622009
1189.5,0.320406436920166
1189.6000000000001,0.3282478153705597
1189.7,0.325729101896286
1189.8000000000002,0.31657370924949646
1189.9,0.32952210307121277
1190.0,0.323688805103302
1190.1000000000001,0.3275047242641449
1190.2,0.32520875334739685
1190.3000000000002,0.32186615467071533
1190.4,0.31974416971206665
1190.5,0.3287324905395508
1190.6000000000001,0.3340928554534912
1190.7,0.32489556074142456
1190.8000000000002,0.3256703019142151
1190.9,0.33074358105659485
1191.0,0.31160810589790344
1191.1000000000001,0.3209436237812042
1191.2,0.3205600678920746
1191.3000000000002,0.3179680109024048
1191.4,0.3284464478492737
1191.5,0.32511910796165466
1191.6000000000001,0.3171224594116211
1191.7,0.32064780592918396
1191.8000000000002,0.32285505533218384
1191.9,0.31906741857528687
1192.0,0.3263843357563019
1192.1000000000001,0.32254138588905334
1192.2,0.3162035346031189
1192.3000000000002,0.32488682866096497
1192.4,0.32661470770835876
1192.5,0.31974244117736816
1192.6000000000001,0.3169071674346924
1192.7,0.32300129532814026
1192.8000000000002,0.31776946783065796
1192.9,0.3222350478172302
1193.0,0.3250836133956909
1193.1000000000001,0.3112747371196747
1193.2,0.3243398368358612
1193.3000000000002,0.3168805241584778
1193.4,0.3162342607975006
1193.5,0.31630316376686096
1193.6000000000001,0.3196483254432678
1193.7,0.3130871653556824
1193.8000000000002,0.3135649263858795
1193.9,0.3135777413845062
1194.0,0.31548720598220825
1194.1000000000001,0.3070800304412842
1194.2,0.31313827633857727
1194.3000000000002,0.32042086124420166
1194.4,0.3160494565963745
1194.5,0.3113574981689453
1194.6000000000001,0.3136783838272095
1194.7,0.3226168751716614
1194.8000000000002,0.3142120838165283
1194.9,0.3174120783805847
1195.0,0.3204585909843445
1195.1000000000001,0.31255611777305603
1195.2,0.311881959438324
1195.3000000000002,0.31130149960517883
1195.4,0.3194231688976288
1195.5,0.3158218562602997
1195.6000000000001,0.2984199523925781
1195.7,0.3116876184940338
1195.8000000000002,0.30746152997016907
1195.9,0.3157452940940857
1196.0,0.32279467582702637
1196.1000000000001,0.33517900109291077
1196.2,0.3491823375225067
1196.3000000000002,0.35376331210136414
1196.4,0.37707942724227905
1196.5,0.3884737193584442
1196.6000000000001,0.4026179313659668
1196.7,0.4104349911212921
1196.8000000000002,0.4142734408378601
1196.9,0.4159668982028961
1197.0,0.39963364601135254
1197.1000000000001,0.40126800537109375
1197.2,0.39838337898254395
1197.3000000000002,0.3700845241546631
1197.4,0.37346768379211426
1197.5,0.36937835812568665
1197.6000000000001,0.36079081892967224
1197.7,0.36129334568977356
1197.8000000000002,0.3490314185619354
1197.9,0.3588394820690155
1198.0,0.35132545232772827
1198.1000000000001,0.34892070293426514
1198.2,0.35294216871261597
1198.3000000000002,0.3488383889198303
1198.4,0.3406711518764496
1198.5,0.3368126153945923
1198.6000000000001,0.34500348567962646
1198.7,0.34246015548706055
1198.8000000000002,0.33247268199920654
1198.9,0.3293110430240631
1199.0,0.3182026147842407
1199.1000000000001,0.3253685534000397
1199.2,0.31894615292549133
1199.3000000000002,0.3202151954174042
1199.4,0.333039253950119
1199.5,0.3242209553718567
1199.6000000000001,0.33299052715301514
1199.7,0.32797175645828247
1199.8000000000002,0.3099285066127777
1199.9,0.328485906124115
1200.0,0.3308585286140442
1200.1000000000001,0.323130339384079
1200.2,0.32978692650794983
1200.3000000000002,0.3345387279987335
1200.4,0.3218093812465668
1200.5,0.3300025761127472
1200.6000000000001,0.33265382051467896
1200.7,0.32741084694862366
1200.8000000000002,0.32475394010543823
1200.9,0.31918635964393616
1201.0,0.3316587805747986
1201.1000000000001,0.3252100348472595
1201.2,0.3295745849609375
1201.3000000000002,0.32873091101646423
1201.4,0.32475900650024414
1201.5,0.3265901803970337
1201.6000000000001,0.31360864639282227
1201.7,0.327362984418869
1201.8000000000002,0.319548100233078
1201.9,0.3215119242668152
1202.0,0.319738507270813
1202.1000000000001,0.3214259743690491
1202.2,0.3281170427799225
1202.3000000000002,0.3321361541748047
1202.4,0.3308008909225464
1202.5,0.33232736587524414
1202.6000000000001,0.32549163699150085
1202.7,0.32046422362327576
1202.8000000000002,0.3227430582046509
1202.9,0.3114047348499298
1203.0,0.3242108225822449
1203.1000000000001,0.33058032393455505
1203.2,0.3168494999408722
1203.3000000000002,0.32318150997161865
1203.4,0.3090146780014038
1203.5,0.3254387676715851
1203.6000000000001,0.32772189378738403
1203.7,0.32704633474349976
1203.8000000000002,0.3142365515232086
1203.9,0.325061172246933
1204.0,0.3211641311645508
1204.1000000000001,0.3197484612464905
1204.2,0.321254700422287
1204.3000000000002,0.3254510760307312
1204.4,0.3192962408065796
1204.5,0.32012829184532166
1204.6000000000001,0.3165954053401947
1204.7,0.31501486897468567
1204.8000000000002,0.3249542713165283
1204.9,0.32109636068344116
1205.0,0.3211705684661865
1205.1000000000001,0.3220279812812805
1205.2,0.3258362114429474
1205.3000000000002,0.3129143714904785
1205.4,0.3222745954990387
1205.5,0.3190896213054657
1205.6000000000001,0.3222997188568115
1205.7,0.3239603638648987
1205.8000000000002,0.3208521008491516
1205.9,0.3182137608528137
1206.0,0.31835076212882996
1206.1000000000001,0.31002599000930786
1206.2,0.3061603903770447
1206.3000000000002,0.3132302761077881
1206.4,0.3255062997341156
1206.5,0.322681725025177
1206.6000000000001,0.32367441058158875
1206.7,0.3191802501678467
1206.8000000000002,0.30877864360809326
1206.9,0.3149842917919159
1207.0,0.3155587315559387
1207.1000000000001,0.31764477491378784
1207.2,0.31465357542037964
1207.3000000000002,0.2990157902240753
1207.4,0.3108215034008026
1207.5,0.31628793478012085
1207.6000000000001,0.3239328861236572
1207.7,0.31268638372421265
1207.8000000000002,0.3248332142829895
1207.9,0.3369903266429901
1208.0,0.3553254008293152
1208.1000000000001,0.37319645285606384
1208.2,0.3857468366622925
1208.3000000000002,0.38873085379600525
1208.4,0.3909897804260254
1208.5,0.39674997329711914
1208.6000000000001,0.4069971442222595
1208.7,0.39512401819229126
1208.8000000000002,0.39045581221580505
1208.9,0.37981081008911133
1209.0,0.3756219446659088
1209.1000000000001,0.3658496141433716
1209.2,0.37038981914520264
1209.3000000000002,0.3515109121799469
1209.4,0.35705482959747314
1209.5,0.35389554500579834
1209.6000000000001,0.346390962600708
1209.7,0.33459576964378357
1209.8000000000002,0.3540102541446686
1209.9,0.3355414867401123
1210.0,0.34113794565200806
1210.1000000000001,0.3280274569988251
1210.2,0.340530663728714
1210.3000000000002,0.33980441093444824
1210.4,0.343103289604187
1210.5,0.3234882652759552
1210.6000000000001,0.3363524079322815
1210.7,0.332163542509079
1210.8000000000002,0.32022950053215027
1210.9,0.32765981554985046
1211.0,0.3121170997619629
1211.1000000000001,0.3249416947364807
1211.2,0.32216012477874756
1211.3000000000002,0.3169929087162018
1211.4,0.3244221806526184
1211.5,0.3149331510066986
1211.6000000000001,0.33224809169769287
1211.7,0.3304317891597748
1211.8000000000002,0.331706702709198
1211.9,0.32251858711242676
1212.0,0.3304090201854706
1212.1000000000001,0.3340621292591095
1212.2,0.3300911784172058
1212.3000000000002,0.33450260758399963
1212.4,0.3287957012653351
1212.5,0.32845616340637207
1212.6000000000001,0.3213959038257599
1212.7,0.3289167881011963
1212.8000000000002,0.3320610225200653
1212.9,0.33088916540145874
1213.0,0.32025042176246643
1213.1000000000001,0.32707151770591736
1213.2,0.33535853028297424
1213.3000000000002,0.3303142786026001
1213.4,0.32510215044021606
1213.5,0.32233136892318726
1213.6000000000001,0.3274870812892914
1213.7,0.3249976634979248
1213.8000000000002,0.3278280198574066
1213.9,0.32419484853744507
1214.0,0.3340415954589844
1214.1000000000001,0.3346087634563446
1214.2,0.32559648156166077
1214.3000000000002,0.32005971670150757
1214.4,0.3237041234970093
1214.5,0.32844090461730957
1214.6000000000001,0.33198150992393494
1214.7,0.32333123683929443
1214.8000000000002,0.3263452649116516
1214.9,0.32432571053504944
1215.0,0.33131155371665955
1215.1000000000001,0.3200722634792328
1215.2,0.3081207573413849
1215.3000000000002,0.3237026333808899
1215.4,0.3220360577106476
1215.5,0.32867658138275146
1215.6000000000001,0.3232966363430023
1215.7,0.32046443223953247
1215.8000000000002,0.31854793429374695
1215.9,0.32922524213790894
1216.0,0.3305543065071106
1216.1000000000001,0.3298032581806183
1216.2,0.3315930962562561
1216.3000000000002,0.3319683372974396
1216.4,0.3190860450267792
1216.5,0.32183682918548584
1216.6000000000001,0.32766345143318176
1216.7,0.3303240239620209
1216.8000000000002,0.33301275968551636
1216.9,0.3308911621570587
1217.0,0.32570573687553406
1217.1000000000001,0.32744210958480835
1217.2,0.32641956210136414
1217.3000000000002,0.32412394881248474
1217.4,0.3224855363368988
1217.5,0.32251378893852234
1217.6000000000001,0.32014527916908264
1217.7,0.3309624195098877
1217.8000000000002,0.32632455229759216
1217.9,0.32606980204582214
1218.0,0.3267655372619629
1218.1000000000001,0.3266873061656952
1218.2,0.3299049139022827
1218.3000000000002,0.3294999301433563
1218.4,0.32746633887290955
1218.5,0.3263333737850189
1218.6000000000001,0.3237966001033783
1218.7,0.3229745328426361
1218.8000000000002,0.3245410621166229
1218.9,0.32944950461387634
1219.0,0.325067937374115
1219.1000000000001,0.32845166325569153
1219.2,0.3212018609046936
1219.3000000000002,0.33149436116218567
1219.4,0.31888294219970703
1219.5,0.32524675130844116
1219.6000000000001,0.3269004821777344
1219.7,0.31574496626853943
1219.8000000000002,0.31125858426094055
1219.9,0.32112038135528564
1220.0,0.3235955238342285
1220.1000000000001,0.31899556517601013
1220.2,0.32100334763526917
1220.3000000000002,0.3264719843864441
1220.4,0.3269577622413635
1220.5,0.3213939368724823
1220.6000000000001,0.3255188465118408
1220.7,0.3203292489051819
1220.8000000000002,0.3171510398387909
1220.9,0.3150389492511749
1221.0,0.3224295973777771
1221.1000000000001,0.3188818097114563
1221.2,0.31805118918418884
1221.3000000000002,0.3232850134372711
1221.4,0.3220004141330719
1221.5,0.32247117161750793
1221.6000000000001,0.3204142153263092
1221.7,0.3181792199611664
1221.8000000000002,0.3293168842792511
1221.9,0.32219091057777405
1222.0,0.32055336236953735
1222.1000000000001,0.322637140750885
1222.2,0.32412198185920715
1222.3000000000002,0.31625327467918396
1222.4,0.3220612406730652
1222.5,0.3201184868812561
1222.6000000000001,0.31965088844299316
1222.7,0.32424396276474
1222.8000000000002,0.3204886317253113
1222.9,0.3201414942741394
1223.0,0.3193264901638031
1223.1000000000001,0.3212830126285553
1223.2,0.30767136812210083
1223.3000000000002,0.3215908408164978
1223.4,0.31121957302093506
1223.5,0.3202263116836548
1223.6000000000001,0.3192712366580963
1223.7,0.32044270634651184
1223.8000000000002,0.31784382462501526
1223.9,0.3229138255119324
1224.0,0.3093659579753876
1224.1000000000001,0.3138435482978821
1224.2,0.3152264356613159
1224.3000000000002,0.3180079162120819
1224.4,0.3185027837753296
1224.5,0.31425175070762634
1224.6000000000001,0.30972641706466675
1224.7,0.3125436007976532
1224.8000000000002,0.30340149998664856
1224.9,0.31551048159599304
1225.0,0.3030623197555542
1225.1000000000001,0.3171027898788452
1225.2,0.31174376606941223
1225.3000000000002,0.31674203276634216
1225.4,0.30639246106147766
1225.5,0.31696048378944397
1225.6000000000001,0.3076621890068054
1225.7,0.3028428852558136
1225.8000000000002,0.31115463376045227
1225.9,0.3107137382030487
1226.0,0.31018152832984924
1226.1000000000001,0.3109048902988434
1226.2,0.30905500054359436
1226.3000000000002,0.304905503988266
1226.4,0.3028033971786499
1226.5,0.3104148507118225
1226.6000000000001,0.31353604793548584
1226.7,0.3114931881427765
1226.8000000000002,0.3123513460159302
1226.9,0.3079618811607361
1227.0,0.29722726345062256
1227.1000000000001,0.30223000049591064
1227.2,0.3040733337402344
1227.3000000000002,0.3067220151424408
1227.4,0.2977513372898102
1227.5,0.3184798061847687
1227.6000000000001,0.3499594032764435
1227.7,0.3503085672855377
1227.8000000000002,0.3597671091556549
1227.9,0.3850367069244385
1228.0,0.39260926842689514
1228.1000000000001,0.3900322914123535
1228.2,0.3942532241344452
1228.3000000000002,0.3941356837749481
1228.4,0.39730706810951233
1228.5,0.38731929659843445
1228.6000000000001,0.388685405254364
1228.7,0.3730250895023346
1228.8000000000002,0.37532660365104675
1228.9,0.3646499812602997
1229.0,0.3531058728694916
1229.1000000000001,0.3564620912075043
1229.2,0.34789055585861206
1229.3000000000002,0.3450358808040619
1229.4,0.34223273396492004
1229.5,0.34516584873199463
1229.6000000000001,0.338335245847702
1229.7,0.3339247703552246
1229.8000000000002,0.3315039575099945
1229.9,0.3360018730163574
1230.0,0.3389037251472473
1230.1000000000001,0.3302312195301056
1230.2,0.336428701877594
1230.3000000000002,0.33225640654563904
1230.4,0.33023494482040405
1230.5,0.33202287554740906
1230.6000000000001,0.3335091173648834
1230.7,0.33399203419685364
1230.8000000000002,0.3235868513584137
1230.9,0.32655924558639526
1231.0,0.3244801461696625
1231.1000000000001,0.32657021284103394
1231.2,0.3303815424442291
1231.3000000000002,0.3295256197452545
1231.4,0.32111260294914246
1231.5,0.32791364192962646
1231.6000000000001,0.3198670446872711
1231.7,0.330616295337677
1231.8000000000002,0.32718077301979065
1231.9,0.32941409945487976
1232.0,0.3313520848751068
1232.1000000000001,0.3292700946331024
1232.2,0.331877201795578
1232.3000000000002,0.32399672269821167
1232.4,0.3327552378177643
1232.5,0.33134564757347107
1232.6000000000001,0.3284505307674408
1232.7,0.3241111934185028
1232.8000000000002,0.3278430104255676
1232.9,0.31961220502853394
1233.0,0.32520487904548645
1233.1000000000001,0.3223368525505066
1233.2,0.3215563893318176
1233.3000000000002,0.32345736026763916
1233.4,0.32232987880706787
1233.5,0.32677358388900757
1233.6000000000001,0.31677985191345215
1233.7,0.3175797760486603
1233.8000000000002,0.3231932520866394
1233.9,0.3245658576488495
1234.0,0.3285325765609741
1234.1000000000001,0.31886157393455505
1234.2,0.3308965563774109
1234.3000000000002,0.32548078894615173
1234.4,0.3206879794597626
1234.5,0.32230329513549805
1234.6000000000001,0.31564295291900635
1234.7,0.31754782795906067
1234.8000000000002,0.3174738585948944
1234.9,0.3284013271331787
1235.0,0.3148522973060608
1235.1000000000001,0.3221585750579834
1235.2,0.3193294405937195
1235.3000000000002,0.32346484065055847
1235.4,0.30487310886383057
1235.5,0.3226269781589508
1235.6000000000001,0.32041043043136597
1235.7,0.3283208906650543
1235.8000000000002,0.315085768699646
1235.9,0.3175911009311676
1236.0,0.3097701966762543
1236.1000000000001,0.32089266180992126
1236.2,0.31821221113204956
1236.3000000000002,0.321365624666214
1236.4,0.31519991159439087
1236.5,0.31660953164100647
1236.6000000000001,0.32340747117996216
1236.7,0.3211730122566223
1236.8000000000002,0.3137252926826477
1236.9,0.3150762915611267
1237.0,0.31400251388549805
1237.1000000000001,0.3093300759792328
1237.2,0.30898386240005493
1237.3000000000002,0.31980082392692566
1237.4,0.3185187578201294
1237.5,0.30942031741142273
1237.6000000000001,0.32252392172813416
1237.7,0.3157047629356384
1237.8000000000002,0.3207274079322815
1237.9,0.3168463706970215
1238.0,0.3042072057723999
1238.1000000000001,0.3154332637786865
1238.2,0.3178696036338806
1238.3000000000002,0.3226589560508728
1238.4,0.31395748257637024
1238.5,0.3146626353263855
1238.6000000000001,0.31282877922058105
1238.7,0.31425347924232483
1238.8000000000002,0.3042202591896057
1238.9,0.31475207209587097
1239.0,0.31057584285736084
1239.1000000000001,0.30933594703674316
1239.2,0.30380240082740784
1239.3000000000002,0.3018731474876404
1239.4,0.3015215992927551
1239.5,0.31303077936172485
1239.6000000000001,0.3101165294647217
1239.7,0.31357765197753906
1239.8000000000002,0.30211755633354187
1239.9,0.30816635489463806
1240.0,0.29931214451789856
1240.1000000000001,0.30862462520599365
1240.2,0.3118290901184082
1240.3000000000002,0.31135720014572144
1240.4,0.31967395544052124
1240.5,0.3200099468231201
1240.6000000000001,0.34185338020324707
1240.7,0.356069415807724
1240.8000000000002,0.3573644757270813
1240.9,0.37955790758132935
1241.0,0.3878791630268097
1241.1000000000001,0.396144300699234
1241.2,0.3958617150783539
1241.3000000000002,0.3842669427394867
1241.4,0.39071667194366455
1241.5,0.38074856996536255
1241.6000000000001,0.3738928437232971
1241.7,0.3560710847377777
1241.8000000000002,0.35085371136665344
1241.9,0.354463130235672
1242.0,0.34796181321144104
1242.1000000000001,0.3515959680080414
1242.2,0.3240976631641388
1242.3000000000002,0.3419446349143982
1242.4,0.34053775668144226
1242.5,0.33702167868614197
1242.6000000000001,0.33681556582450867
1242.7,0.333458811044693
1242.8000000000002,0.34216025471687317
1242.9,0.33415892720222473
1243.0,0.3376087546348572
1243.1000000000001,0.33679577708244324
1243.2,0.332329124212265
1243.3000000000002,0.33150389790534973
1243.4,0.3280254900455475
1243.5,0.33388692140579224
1243.6000000000001,0.32236239314079285
1243.7,0.32725685834884644
1243.8000000000002,0.33208897709846497
1243.9,0.31807559728622437
1244.0,0.32868245244026184
1244.1000000000001,0.32716473937034607
1244.2,0.32785820960998535
1244.3000000000002,0.33226707577705383
1244.4,0.32429683208465576
1244.5,0.3246200978755951
1244.6000000000001,0.327877938747406
1244.7,0.3280995190143585
1244.8000000000002,0.3214638829231262
1244.9,0.33258408308029175
1245.0,0.32431963086128235
1245.1000000000001,0.3277612626552582
1245.2,0.32226088643074036
1245.3000000000002,0.3123273551464081
1245.4,0.30714455246925354
1245.5,0.32505863904953003
1245.6000000000001,0.3286834955215454
1245.7,0.32759472727775574
1245.8000000000002,0.3174324333667755
1245.9,0.32954227924346924
1246.0,0.31203460693359375
1246.1000000000001,0.32759079337120056
1246.2,0.3262292444705963
1246.3000000000002,0.32092952728271484
1246.4,0.32339000701904297
1246.5,0.32277992367744446
1246.6000000000001,0.32240548729896545
1246.7,0.33107084035873413
1246.8000000000002,0.3140217065811157
1246.9,0.33072394132614136
1247.0,0.32191938161849976
1247.1000000000001,0.3235689103603363
1247.2,0.31764698028564453
1247.3000000000002,0.32224902510643005
1247.4,0.3240509331226349
1247.5,0.31869110465049744
1247.6000000000001,0.3229562044143677
1247.7,0.3208257853984833
1247.8000000000002,0.3171693980693817
1247.9,0.3268067538738251
1248.0,0.3141162097454071
1248.1000000000001,0.32574865221977234
1248.2,0.3122037947177887
1248.3000000000002,0.314718633890152
1248.4,0.3241027593612671
1248.5,0.3288430869579315
1248.6000000000001,0.31315502524375916
1248.7,0.32304057478904724
1248.8000000000002,0.3147125244140625
1248.9,0.3100340664386749
1249.0,0.320206880569458
1249.1000000000001,0.30981704592704773
1249.2,0.3243705928325653
1249.3000000000002,0.3175913691520691
1249.4,0.3087555170059204
1249.5,0.31211164593696594
1249.6000000000001,0.3160564601421356
1249.7,0.31027576327323914
1249.8000000000002,0.323509156703949
1249.9,0.3225453495979309
1250.0,0.31906217336654663
1250.1000000000001,0.32465848326683044
1250.2,0.3115869462490082
1250.3000000000002,0.31252190470695496
1250.4,0.30217140913009644
1250.5,0.3206799626350403
1250.6000000000001,0.3070034086704254
1250.7,0.30688419938087463
1250.8000000000002,0.3189822733402252
1250.9,0.32107052206993103
1251.0,0.3100799024105072
1251.1000000000001,0.3120753765106201
1251.2,0.30888649821281433
1251.3000000000002,0.31374314427375793
1251.4,0.3133135437965393
1251.5,0.3144768476486206
1251.6000000000001,0.3149314224720001
1251.7,0.3138984739780426
1251.8000000000002,0.3064904510974884
1251.9,0.3049274682998657
1252.0,0.31396791338920593
1252.1000000000001,0.3113178610801697
1252.2,0.3139186203479767
1252.3000000000002,0.3122493624687195
1252.4,0.3109719157218933
1252.5,0.3007093369960785
1252.6000000000001,0.30575594305992126
1252.7,0.3031781017780304
1252.8000000000002,0.29410603642463684
1252.9,0.2993577718734741
1253.0,0.30352166295051575
1253.1000000000001,0.3189651072025299
1253.2,0.31818318367004395
1253.3000000000002,0.328213632106781
1253.4,0.3461258113384247
1253.5,0.3652040660381317
1253.6000000000001,0.3772580027580261
1253.7,0.3886267840862274
1253.8000000000002,0.401143878698349
1253.9,0.4055095911026001
1254.0,0.405089795589447
1254.1000000000001,0.4045426547527313
1254.2,0.40169960260391235
1254.3000000000002,0.38950926065444946
1254.4,0.38673123717308044
1254.5,0.378730446100235
1254.6000000000001,0.37167873978614807
1254.7,0.3710549771785736
1254.8000000000002,0.36263859272003174
1254.9,0.35517004132270813
1255.0,0.3530290722846985
1255.1000000000001,0.3463805317878723
1255.2,0.34641584753990173
1255.3000000000002,0.34348341822624207
1255.4,0.3461316227912903
1255.5,0.3421376049518585
1255.6000000000001,0.34556716680526733
1255.7,0.33420151472091675
1255.8000000000002,0.3371635675430298
1255.9,0.3385227620601654
1256.0,0.3323895037174225
1256.1000000000001,0.3366239070892334
1256.2,0.32904717326164246
1256.3000000000002,0.33551058173179626
1256.4,0.3286079466342926
1256.5,0.3270193338394165
1256.6000000000001,0.3281986713409424
1256.7,0.30772653222084045
1256.8000000000002,0.3285744786262512
1256.9,0.33332595229148865
1257.0,0.32993632555007935
1257.1000000000001,0.3264489471912384
1257.2,0.3257927894592285
1257.3000000000002,0.32204800844192505
1257.4,0.3293491303920746
1257.5,0.33095914125442505
1257.6000000000001,0.3263813257217407
1257.7,0.33295804262161255
1257.8000000000002,0.32380402088165283
1257.9,0.3288290798664093
1258.0,0.33212900161743164
1258.1000000000001,0.3214377462863922
1258.2,0.32422155141830444
1258.3000000000002,0.32372230291366577
1258.4,0.3218311369419098
1258.5,0.3270876705646515
1258.6000000000001,0.3279609978199005
1258.7,0.3247641324996948
1258.8000000000002,0.31790691614151
1258.9,0.3233027756214142
1259.0,0.3228568136692047
1259.1000000000001,0.3133518397808075
1259.2,0.3260773718357086
1259.3000000000002,0.3235941231250763
1259.4,0.3145509958267212
1259.5,0.32060569524765015
1259.6000000000001,0.3219960331916809
1259.7,0.32255488634109497
1259.8000000000002,0.3190903067588806
1259.9,0.3199782967567444
1260.0,0.32140859961509705
1260.1000000000001,0.31965509057044983
1260.2,0.314957857131958
1260.3000000000002,0.3309161961078644
1260.4,0.3137943744659424
1260.5,0.3281891345977783
1260.6000000000001,0.3102959990501404
1260.7,0.3148457407951355
1260.8000000000002,0.32858410477638245
1260.9,0.3226676881313324
1261.0,0.3190326690673828
1261.1000000000001,0.3242794871330261
1261.2,0.32236653566360474
1261.3000000000002,0.31848493218421936
1261.4,0.31995415687561035
1261.5,0.315489262342453
1261.6000000000001,0.3189484179019928
1261.7,0.3108874559402466
1261.8000000000002,0.3179618716239929
1261.9,0.3160356283187866
1262.0,0.3176670968532562
1262.1000000000001,0.3140625059604645
1262.2,0.3162291646003723
1262.3000000000002,0.31349873542785645
1262.4,0.3151423931121826
1262.5,0.3177225589752197
1262.6000000000001,0.3170440196990967
1262.7,0.31620243191719055
1262.8000000000002,0.3125077784061432
1262.9,0.3038957715034485
1263.0,0.3160859942436218
1263.1000000000001,0.3149726390838623
1263.2,0.3132939040660858
1263.3000000000002,0.31230318546295166
1263.4,0.31116580963134766
1263.5,0.3097667396068573
1263.6000000000001,0.3155812919139862
1263.7,0.30875253677368164
1263.8000000000002,0.3077506124973297
1263.9,0.3121255040168762
1264.0,0.31437915563583374
1264.1000000000001,0.3163791298866272
1264.2,0.3084181547164917
1264.3000000000002,0.3109123110771179
1264.4,0.30762970447540283
1264.5,0.30859610438346863
1264.6000000000001,0.3088306188583374
1264.7,0.30526989698410034
1264.8000000000002,0.29774209856987
1264.9,0.30189645290374756
1265.0,0.30121496319770813
1265.1000000000001,0.30645039677619934
1265.2,0.31383493542671204
1265.3000000000002,0.3257185220718384
1265.4,0.3397490680217743
1265.5,0.3587958812713623
1265.6000000000001,0.35869890451431274
1265.7,0.36590296030044556
1265.8000000000002,0.39271217584609985
1265.9,0.39250198006629944
1266.0,0.3898162245750427
1266.1000000000001,0.39143797755241394
1266.2,0.38148555159568787
1266.3000000000002,0.36869192123413086
1266.4,0.35214030742645264
1266.5,0.3577103912830353
1266.6000000000001,0.3571966588497162
1266.7,0.35151252150535583
1266.8000000000002,0.3446093201637268
1266.9,0.35098040103912354
1267.0,0.34527337551116943
1267.1000000000001,0.3398265242576599
1267.2,0.34211963415145874
1267.3000000000002,0.3387470245361328
1267.4,0.33652326464653015
1267.5,0.3375113606452942
1267.6000000000001,0.33263731002807617
1267.7,0.3259294331073761
1267.8000000000002,0.3262927532196045
1267.9,0.32810476422309875
1268.0,0.3294130861759186
1268.1000000000001,0.32500341534614563
1268.2,0.32996922731399536
1268.3000000000002,0.33818745613098145
1268.4,0.3359711170196533
1268.5,0.32722029089927673
1268.6000000000001,0.3224436342716217
1268.7,0.3253222107887268
1268.8000000000002,0.3321928381919861
1268.9,0.3281407654285431
1269.0,0.32231560349464417
1269.1000000000001,0.32046326994895935
1269.2,0.32952001690864563
1269.3000000000002,0.32530635595321655
1269.4,0.3344559371471405
1269.5,0.32469913363456726
1269.6000000000001,0.32237887382507324
1269.7,0.32762980461120605
1269.8000000000002,0.32777881622314453
1269.9,0.3289375603199005
1270.0,0.3228922486305237
1270.1000000000001,0.3225269019603729
1270.2,0.32496222853660583
1270.3000000000002,0.3266608417034149
1270.4,0.31754207611083984
1270.5,0.3229866027832031
1270.6000000000001,0.33060315251350403
1270.7,0.3175184428691864
1270.8000000000002,0.32455313205718994
1270.9,0.3285198509693146
1271.0,0.32032954692840576
1271.1000000000001,0.3101843297481537
1271.2,0.320578932762146
1271.3000000000002,0.3246539831161499
1271.4,0.32783734798431396
1271.5,0.3239596486091614
1271.6000000000001,0.3239379823207855
1271.7,0.321241170167923
1271.8000000000002,0.3190779685974121
1271.9,0.32286641001701355
1272.0,0.324991375207901
1272.1000000000001,0.3089882433414459
1272.2,0.3227393329143524
1272.3000000000002,0.3140279948711395
1272.4,0.31147530674934387
1272.5,0.32470646500587463
1272.6000000000001,0.3126068413257599
1272.7,0.32102206349372864
1272.8000000000002,0.31859341263771057
1272.9,0.31452566385269165
1273.0,0.3189985752105713
1273.1000000000001,0.3136754333972931
1273.2,0.31399181485176086
1273.3000000000002,0.3093959093093872
1273.4,0.30967918038368225
1273.5,0.31680840253829956
1273.6000000000001,0.31867799162864685
1273.7,0.31995365023612976
1273.8000000000002,0.3166642189025879
1273.9,0.3149176836013794
1274.0,0.31643038988113403
1274.1000000000001,0.32252737879753113
1274.2,0.31600695848464966
1274.3000000000002,0.3232930898666382
1274.4,0.3191770911216736
1274.5,0.30616164207458496
1274.6000000000001,0.3183625638484955
1274.7,0.31553834676742554
1274.8000000000002,0.3117544949054718
1274.9,0.3151879906654358
1275.0,0.3082883358001709
1275.1000000000001,0.3061872124671936
1275.2,0.3078133761882782
1275.3000000000002,0.30874374508857727
1275.4,0.3143584132194519
1275.5,0.3179570138454437
1275.6000000000001,0.30911216139793396
1275.7,0.30560219287872314
1275.8000000000002,0.30502018332481384
1275.9,0.31536945700645447
1276.0,0.310712993144989
1276.1000000000001,0.3129917085170746
1276.2,0.3160313665866852
1276.3000000000002,0.3123722970485687
1276.4,0.3144187033176422
1276.5,0.30575716495513916
1276.6000000000001,0.31222259998321533
1276.7,0.31370028853416443
1276.8000000000002,0.31126052141189575
1276.9,0.3071300983428955
1277.0,0.30885452032089233
1277.1000000000001,0.30955517292022705
1277.2,0.31504425406455994
1277.3000000000002,0.3101890981197357
1277.4,0.30693262815475464
1277.5,0.3113049268722534
1277.6000000000001,0.3023022711277008
1277.7,0.30904093384742737
1277.8000000000002,0.30636289715766907
1277.9,0.30462121963500977
1278.0,0.2986661195755005
1278.1000000000001,0.30543285608291626
1278.2,0.3012021780014038
1278.3000000000002,0.3002068102359772
1278.4,0.3112282454967499
1278.5,0.33602428436279297
1278.6000000000001,0.3381052315235138
1278.7,0.3439328372478485
1278.8000000000002,0.36130228638648987
1278.9,0.3830050230026245
1279.0,0.3920964300632477
1279.1000000000001,0.39958423376083374
1279.2,0.3941916525363922
1279.3000000000002,0.3899964988231659
1279.4,0.39217501878738403
1279.5,0.38149747252464294
1279.6000000000001,0.3709679841995239
1279.7,0.37473779916763306
1279.8000000000002,0.3702847361564636
1279.9,0.3611937463283539
1280.0,0.35571032762527466
1280.1000000000001,0.3499167263507843
1280.2,0.34499871730804443
1280.3000000000002,0.3461478352546692
1280.4,0.3368176519870758
1280.5,0.34220391511917114
1280.6000000000001,0.34204375743865967
1280.7,0.3389950394630432
1280.8000000000002,0.34451061487197876
1280.9,0.3402910828590393
1281.0,0.33461615443229675
1281.1000000000001,0.33066216111183167
1281.2,0.324573278427124
1281.3000000000002,0.33193784952163696
1281.4,0.32162702083587646
1281.5,0.3302658796310425
1281.6000000000001,0.32420614361763
1281.7,0.3297300934791565
1281.8000000000002,0.3256487548351288
1281.9,0.3158005177974701
1282.0,0.3351477384567261
1282.1000000000001,0.3226138949394226
1282.2,0.3293492794036865
1282.3000000000002,0.3221527934074402
1282.4,0.32986411452293396
1282.5,0.31967395544052124
1282.6000000000001,0.31805142760276794
1282.7,0.3293856382369995
1282.8000000000002,0.3301689326763153
1282.9,0.31653785705566406
1283.0,0.32167842984199524
1283.1000000000001,0.31713300943374634
1283.2,0.32165250182151794
1283.3000000000002,0.3244282305240631
1283.4,0.3239695131778717
1283.5,0.32006216049194336
1283.6000000000001,0.3223833441734314
1283.7,0.32411956787109375
1283.8000000000002,0.3269140422344208
1283.9,0.3236754834651947
1284.0,0.3229212760925293
1284.1000000000001,0.31537318229675293
1284.2,0.32006797194480896
1284.3000000000002,0.31763625144958496
1284.4,0.3133954107761383
1284.5,0.3192671537399292
1284.6000000000001,0.3253191411495209
1284.7,0.32502490282058716
1284.8000000000002,0.32273411750793457
1284.9,0.3196123242378235
1285.0,0.3216724097728729
1285.1000000000001,0.3221066892147064
1285.2,0.3078649938106537
1285.3000000000002,0.31857210397720337
1285.4,0.3234829008579254
1285.5,0.32397526502609253
1285.6000000000001,0.3217259347438812
1285.7,0.3206455707550049
1285.8000000000002,0.31534358859062195
1285.9,0.3131541907787323
1286.0,0.31742769479751587
1286.1000000000001,0.3201395571231842
1286.2,0.3216109871864319
1286.3000000000002,0.31244704127311707
1286.4,0.31802600622177124
1286.5,0.32147255539894104
1286.6000000000001,0.3162517249584198
1286.7,0.3137492537498474
1286.8000000000002,0.32151782512664795
1286.9,0.3174968361854553
1287.0,0.3144817352294922
1287.1000000000001,0.31479397416114807
1287.2,0.31165897846221924
1287.3000000000002,0.31683504581451416
1287.4,0.3198220133781433
1287.5,0.31166595220565796
1287.6000000000001,0.3152305781841278
1287.7,0.31530702114105225
1287.8000000000002,0.31964632868766785
1287.9,0.3233812749385834
1288.0,0.3144363760948181
1288.1000000000001,0.31560227274894714
1288.2,0.32190462946891785
1288.3000000000002,0.31051748991012573
1288.4,0.3140488564968109
1288.5,0.3146015703678131
1288.6000000000001,0.3149815499782562
1288.7,0.31315794587135315
1288.8000000000002,0.30929553508758545
1288.9,0.31440791487693787
1289.0,0.30097320675849915
1289.1000000000001,0.30824920535087585
1289.2,0.30398762226104736
1289.3000000000002,0.30510658025741577
1289.4,0.3019242286682129
1289.5,0.3113276958465576
1289.6000000000001,0.30037856101989746
1289.7,0.3144216537475586
1289.8000000000002,0.3076938986778259
1289.9,0.3138066232204437
1290.0,0.30578646063804626
1290.1000000000001,0.3074871003627777
1290.2,0.30169621109962463
1290.3000000000002,0.3120240867137909
1290.4,0.31100353598594666
1290.5,0.3053003251552582
1290.6000000000001,0.3094623386859894
1290.7,0.306782990694046
1290.8000000000002,0.3024289309978485
1290.9,0.3031408190727234
1291.0,0.30638498067855835
1291.1000000000001,0.29559481143951416
1291.2,0.310878187417984
1291.3000000000002,0.29523801803588867
1291.4,0.3117171823978424
1291.5,0.30315107107162476
1291.6000000000001,0.32527410984039307
1291.7,0.33911868929862976
1291.8000000000002,0.3523864448070526
1291.9,0.36124321818351746
1292.0,0.3766767680644989
1292.1000000000001,0.38169777393341064
1292.2,0.381825715303421
1292.3000000000002,0.4037821292877197
1292.4,0.39298391342163086
1292.5,0.39240026473999023
1292.6000000000001,0.3917815685272217
1292.7,0.3898772895336151
1292.8000000000002,0.3772187829017639
1292.9,0.3582782745361328
1293.0,0.3641021251678467
1293.1000000000001,0.35651013255119324
1293.2,0.3519977927207947
1293.3000000000002,0.35561463236808777
1293.4,0.34879931807518005
1293.5,0.3469142019748688
1293.6000000000001,0.33424633741378784
1293.7,0.34200623631477356
1293.8000000000002,0.3462720811367035
1293.9,0.3466776907444
1294.0,0.3331300616264343
1294.1000000000001,0.33582720160484314
1294.2,0.33192846179008484
1294.3000000000002,0.3270775079727173
1294.4,0.32692453265190125
1294.5,0.33704453706741333
1294.6000000000001,0.31908583641052246
1294.7,0.3255766034126282
1294.8000000000002,0.33154067397117615
1294.9,0.32377129793167114
1295.0,0.316569447517395
1295.1000000000001,0.3226172626018524
1295.2,0.32872211933135986
1295.3000000000002,0.3296124339103699
1295.4,0.32791125774383545
1295.5,0.32512909173965454
1295.6000000000001,0.3257647752761841
1295.7,0.3233416974544525
1295.8000000000002,0.325247585773468
1295.9,0.32762154936790466
1296.0,0.32934075593948364
1296.1000000000001,0.3239684998989105
1296.2,0.3267228305339813
1296.3000000000002,0.3181694746017456
1296.4,0.32205668091773987
1296.5,0.32448962330818176
1296.6000000000001,0.32301583886146545
1296.7,0.31753623485565186
1296.8000000000002,0.3241541087627411
1296.9,0.3206069767475128
1297.0,0.32146868109703064
1297.1000000000001,0.32009410858154297
1297.2,0.31877899169921875
1297.3000000000002,0.32904455065727234
1297.4,0.3246101140975952
1297.5,0.3288758397102356
1297.6000000000001,0.322285920381546
1297.7,0.3223801255226135
1297.8000000000002,0.32906222343444824
1297.9,0.318582147359848
1298.0,0.3275744616985321
1298.1000000000001,0.3169463276863098
1298.2,0.32835206389427185
1298.3000000000002,0.3182661533355713
1298.4,0.3281215727329254
1298.5,0.3258294463157654
1298.6000000000001,0.3290702998638153
1298.7,0.32247528433799744
1298.8000000000002,0.3192031681537628
1298.9,0.3240770995616913
1299.0,0.3254877030849457
1299.1000000000001,0.3282822370529175
1299.2,0.3230394124984741
1299.3000000000002,0.3275674283504486
1299.4,0.3199802339076996
1299.5,0.3202536404132843
1299.6000000000001,0.3277897834777832
1299.7,0.31956785917282104
1299.8000000000002,0.31874579191207886
1299.9,0.3207915425300598
1300.0,0.3206057548522949
1300.1000000000001,0.3251531422138214
1300.2,0.31760460138320923
1300.3000000000002,0.3255200684070587
1300.4,0.32281726598739624
1300.5,0.3222852051258087
1300.6000000000001,0.3244791328907013
1300.7,0.31923428177833557
1300.8000000000002,0.31529349088668823
1300.9,0.32238367199897766
1301.0,0.30807745456695557
1301.1000000000001,0.3158574402332306
1301.2,0.3213322162628174
1301.3000000000002,0.3168281316757202
1301.4,0.31358757615089417
1301.5,0.3223748803138733
1301.6000000000001,0.3215245306491852
1301.7,0.32086890935897827
1301.8000000000002,0.31483620405197144
1301.9,0.3214491009712219
1302.0,0.31531617045402527
1302.1000000000001,0.31432634592056274
1302.2,0.31706514954566956
1302.3000000000002,0.3149667978286743
1302.4,0.3127901256084442
1302.5,0.3069773018360138
1302.6000000000001,0.3212490975856781
1302.7,0.3171389698982239
1302.8000000000002,0.31290048360824585
1302.9,0.31418657302856445
1303.0,0.31387826800346375
1303.1000000000001,0.30656376481056213
1303.2,0.30793076753616333
1303.3000000000002,0.30976513028144836
1303.4,0.31330952048301697
1303.5,0.3138502240180969
1303.6000000000001,0.3123803436756134
1303.7,0.3105534613132477
1303.8000000000002,0.3111315071582794
1303.9,0.30589771270751953
1304.0,0.30962225794792175
1304.1000000000001,0.31745803356170654
1304.2,0.3143007159233093
1304.3000000000002,0.31290721893310547
1304.4,0.31271615624427795
1304.5,0.30877670645713806
1304.6000000000001,0.3092694580554962
1304.7,0.3039684295654297
1304.8000000000002,0.31132641434669495
1304.9,0.3157888352870941
1305.0,0.3024062514305115
1305.1000000000001,0.309015691280365
1305.2,0.3144715130329132
1305.3000000000002,0.30475184321403503
1305.4,0.3086473047733307
1305.5,0.30661579966545105
1305.6000000000001,0.30678579211235046
1305.7,0.3048955798149109
1305.8000000000002,0.30869060754776
1305.9,0.3000226616859436
1306.0,0.29848599433898926
1306.1000000000001,0.30449360609054565
1306.2,0.29627835750579834
1306.3000000000002,0.30386263132095337
1306.4,0.3070750832557678
1306.5,0.33064374327659607
1306.6000000000001,0.3386446237564087
1306.7,0.355177104473114
1306.8000000000002,0.36462241411209106
1306.9,0.385553777217865
1307.0,0.38978949189186096
1307.1000000000001,0.4042247533798218
1307.2,0.40332284569740295
1307.3000000000002,0.39351686835289
1307.4,0.3915323317050934
1307.5,0.38823121786117554
1307.6000000000001,0.38003453612327576
1307.7,0.36558741331100464
1307.8000000000002,0.35623636841773987
1307.9,0.35598015785217285
1308.0,0.35094591975212097
1308.1000000000001,0.345053106546402
1308.2,0.34713900089263916
1308.3000000000002,0.34056544303894043
1308.4,0.32744425535202026
1308.5,0.3420216143131256
1308.6000000000001,0.34261569380760193
1308.7,0.33678826689720154
1308.8000000000002,0.3399568796157837
1308.9,0.33869385719299316
1309.0,0.3357561230659485
1309.1000000000001,0.3339366018772125
1309.2,0.32699599862098694
1309.3000000000002,0.3388393223285675
1309.4,0.33182021975517273
1309.5,0.33293616771698
1309.6000000000001,0.32593947649002075
1309.7,0.3278724253177643
1309.8000000000002,0.32238295674324036
1309.9,0.3153587579727173
1310.0,0.325192928314209
1310.1000000000001,0.33162280917167664
1310.2,0.3267751932144165
1310.3000000000002,0.3265528976917267
1310.4,0.3277495205402374
1310.5,0.31454500555992126
1310.6000000000001,0.32335254549980164
1310.7,0.31457066535949707
1310.8000000000002,0.3223284184932709
1310.9,0.311235636472702
1311.0,0.32965806126594543
1311.1000000000001,0.32702985405921936
1311.2,0.32907527685165405
1311.3000000000002,0.32139602303504944
1311.4,0.3160019516944885
1311.5,0.32414010167121887
1311.6000000000001,0.3223538398742676
1311.7,0.3177233636379242
1311.8000000000002,0.32559582591056824
1311.9,0.33009710907936096
1312.0,0.3188869059085846
1312.1000000000001,0.3307725191116333
1312.2,0.3206304907798767
1312.3000000000002,0.3186570703983307
1312.4,0.31953728199005127
1312.5,0.3237929046154022
1312.6000000000001,0.3239389955997467
1312.7,0.3160768449306488
1312.8000000000002,0.3221982717514038
1312.9,0.32206130027770996
1313.0,0.32525908946990967
1313.1000000000001,0.3269157111644745
1313.2,0.32901453971862793
1313.3000000000002,0.31326940655708313
1313.4,0.32454901933670044
1313.5,0.31685611605644226
1313.6000000000001,0.32028692960739136
1313.7,0.3138941526412964
1313.8000000000002,0.32364222407341003
1313.9,0.3229837417602539
1314.0,0.29994115233421326
1314.1000000000001,0.32515087723731995
1314.2,0.32358846068382263
1314.3000000000002,0.31885966658592224
1314.4,0.3271920680999756
1314.5,0.33979958295822144
1314.6000000000001,0.3511123061180115
1314.7,0.3691085875034332
1314.8000000000002,0.37624937295913696
1314.9,0.3772115409374237
1315.0,0.3942396640777588
1315.1000000000001,0.40257084369659424
1315.2,0.4033316671848297
1315.3000000000002,0.4043601453304291
1315.4,0.39877355098724365
1315.5,0.3860934376716614
1315.6000000000001,0.3782467246055603
1315.7,0.3741634488105774
1315.8000000000002,0.3615388572216034
1315.9,0.3656550943851471
1316.0,0.3596351146697998
1316.1000000000001,0.3536084294319153
1316.2,0.35057148337364197
1316.3000000000002,0.337104469537735
1316.4,0.346356600522995
1316.5,0.3476311266422272
1316.6000000000001,0.34435713291168213
1316.7,0.3391495943069458
1316.8000000000002,0.33503544330596924
1316.9,0.3411000072956085
1317.0,0.3250448703765869
1317.1000000000001,0.33483970165252686
1317.2,0.324875146150589
1317.3000000000002,0.32712292671203613
1317.4,0.32362812757492065
1317.5,0.3240433931350708
1317.6000000000001,0.3249862492084503
1317.7,0.3301317095756531
1317.8000000000002,0.31908881664276123
1317.9,0.32268813252449036
1318.0,0.32123127579689026
1318.1000000000001,0.33085229992866516
1318.2,0.32245737314224243
1318.3000000000002,0.3211541473865509
1318.4,0.337395578622818
1318.5,0.3210819959640503
1318.6000000000001,0.32152873277664185
1318.7,0.32500213384628296
1318.8000000000002,0.33767107129096985
1318.9,0.3260285556316376
1319.0,0.32923954725265503
1319.1000000000001,0.3276827335357666
1319.2,0.32378825545310974
1319.3000000000002,0.33319228887557983
1319.4,0.3334366977214813
1319.5,0.3256908655166626
1319.6000000000001,0.3204859495162964
1319.7,0.3297976553440094
1319.8000000000002,0.33077847957611084
1319.9,0.32810333371162415
1320.0,0.333934485912323
1320.1000000000001,0.3229798972606659
1320.2,0.32526692748069763
1320.3000000000002,0.31535542011260986
1320.4,0.3234541416168213
1320.5,0.334947407245636
1320.6000000000001,0.317396879196167
1320.7,0.31549710035324097
1320.8000000000002,0.3143160045146942
1320.9,0.3316473066806793
1321.0,0.31914591789245605
1321.1000000000001,0.3194523751735687
1321.2,0.3268566131591797
1321.3000000000002,0.32722869515419006
1321.4,0.32503753900527954
1321.5,0.3246884047985077
1321.6000000000001,0.3169180154800415
1321.7,0.3268624544143677
1321.8000000000002,0.32803183794021606
1321.9,0.3206866681575775
1322.0,0.31776779890060425
1322.1000000000001,0.3279428780078888
1322.2,0.3266770541667938
1322.3000000000002,0.32565930485725403
1322.4,0.3310624659061432
1322.5,0.3323104679584503
1322.6000000000001,0.332803338766098
1322.7,0.3248147964477539
1322.8000000000002,0.3179839849472046
1322.9,0.32123589515686035
1323.0,0.3299098312854767
1323.1000000000001,0.3303525745868683
1323.2,0.3154703676700592
1323.3000000000002,0.32084712386131287
1323.4,0.327568382024765
1323.5,0.3272290825843811
1323.6000000000001,0.32481932640075684
1323.7,0.315092533826828
1323.8000000000002,0.32041266560554504
1323.9,0.3245862126350403
1324.0,0.3202400505542755
1324.1000000000001,0.33137038350105286
1324.2,0.3125913739204407
1324.3000000000002,0.320167601108551
1324.4,0.31534692645072937
1324.5,0.3127796947956085
1324.6000000000001,0.31996291875839233
1324.7,0.3188173174858093
1324.8000000000002,0.316474974155426
1324.9,0.3209729492664337
1325.0,0.325036883354187
1325.1000000000001,0.3157239854335785
1325.2,0.3173258304595947
1325.3000000000002,0.3200500011444092
1325.4,0.320618212223053
1325.5,0.32375168800354004
1325.6000000000001,0.30641046166419983
1325.7,0.3100467324256897
1325.8000000000002,0.3129151165485382
1325.9,0.3237994313240051
1326.0,0.3216652572154999
1326.1000000000001,0.30388250946998596
1326.2,0.3123592734336853
1326.3000000000002,0.3227154016494751
1326.4,0.31267809867858887
1326.5,0.31591323018074036
1326.6000000000001,0.3160991072654724
1326.7,0.31103983521461487
1326.8000000000002,0.29950276017189026
1326.9,0.31280437111854553
1327.0,0.31662315130233765
1327.1000000000001,0.3165293335914612
1327.2,0.3250298500061035
1327.3000000000002,0.3396969139575958
1327.4,0.3543606996536255
1327.5,0.36829110980033875
1327.6000000000001,0.36990100145339966
1327.7,0.37247470021247864
1327.8000000000002,0.39070025086402893
1327.9,0.4045097827911377
1328.0,0.4007490277290344
1328.1000000000001,0.4060960114002228
1328.2,0.4049184024333954
1328.3000000000002,0.3970577120780945
1328.4,0.39442840218544006
1328.5,0.3784387707710266
1328.6000000000001,0.37726107239723206
1328.7,0.3739056885242462
1328.8000000000002,0.3616756498813629
1328.9,0.36079415678977966
1329.0,0.3600262403488159
1329.1000000000001,0.35011789202690125
1329.2,0.35353320837020874
1329.3000000000002,0.34487029910087585
1329.4,0.34711697697639465
1329.5,0.33929452300071716
1329.6000000000001,0.3238624334335327
1329.7,0.34293267130851746
1329.8000000000002,0.33761337399482727
1329.9,0.33195576071739197
1330.0,0.32793983817100525
1330.1000000000001,0.334818959236145
1330.2,0.3350277245044708
1330.3000000000002,0.3267905116081238
1330.4,0.3167581558227539
1330.5,0.32285282015800476
1330.6000000000001,0.3200390040874481
1330.7,0.32386359572410583
1330.8000000000002,0.32472550868988037
1330.9,0.33693966269493103
1331.0,0.3246373236179352
1331.1000000000001,0.32566818594932556
1331.2,0.325872540473938
1331.3000000000002,0.3254004120826721
1331.4,0.3283519148826599
1331.5,0.33150848746299744
1331.6000000000001,0.3332112729549408
1331.7,0.3233485221862793
1331.8000000000002,0.3330119550228119
1331.9,0.32547950744628906
1332.0,0.3288201689720154
1332.1000000000001,0.33008086681365967
1332.2,0.3216068148612976
1332.3000000000002,0.3242984116077423
1332.4,0.3263571560382843
1332.5,0.32983657717704773
1332.6000000000001,0.33085331320762634
1332.7,0.3287144601345062
1332.8000000000002,0.3180609345436096
1332.9,0.3320598602294922
1333.0,0.33401525020599365
1333.1000000000001,0.3233548700809479
1333.2,0.3263705372810364
1333.3000000000002,0.3168180584907532
1333.4,0.32136231660842896
1333.5,0.32322221994400024
1333.6000000000001,0.3208446204662323
1333.7,0.32591280341148376
1333.8000000000002,0.3292597830295563
1333.9,0.32302895188331604
1334.0,0.3259342610836029
1334.1000000000001,0.32355910539627075
1334.2,0.33013054728507996
1334.3000000000002,0.3334433436393738
1334.4,0.32821881771087646
1334.5,0.3254692256450653
1334.6000000000001,0.31818652153015137
1334.7,0.32481810450553894
1334.8000000000002,0.33078739047050476
1334.9,0.3302062749862671
1335.0,0.33282703161239624
1335.1000000000001,0.32002660632133484
1335.2,0.32926324009895325
1335.3000000000002,0.3251350522041321
1335.4,0.32039034366607666
1335.5,0.3183150887489319
1335.6000000000001,0.33254340291023254
1335.7,0.32882946729660034
1335.8000000000002,0.32236427068710327
1335.9,0.32860052585601807
1336.0,0.3275197148323059
1336.1000000000001,0.32824692130088806
1336.2,0.3220270574092865
1336.3000000000002,0.32677459716796875
1336.4,0.3236420750617981
1336.5,0.32124167680740356
1336.6000000000001,0.3222203850746155
1336.7,0.32568150758743286
1336.8000000000002,0.3289049565792084
1336.9,0.3200044631958008
1337.0,0.3215632736682892
1337.1000000000001,0.32279089093208313
1337.2,0.32488298416137695
1337.3000000000002,0.32331669330596924
1337.4,0.3232623040676117
1337.5,0.3268815875053406
1337.6000000000001,0.323581725358963
1337.7,0.32321012020111084
1337.8000000000002,0.3181499242782593
1337.9,0.31948551535606384
1338.0,0.31041544675827026
1338.1000000000001,0.31495916843414307
1338.2,0.3197453022003174
1338.3000000000002,0.3181329667568207
1338.4,0.3166894018650055
1338.5,0.3277877867221832
1338.6000000000001,0.31445667147636414
1338.7,0.31955721974372864
1338.8000000000002,0.3116086721420288
1338.9,0.3162457346916199
1339.0,0.31694716215133667
1339.1000000000001,0.3206058442592621
1339.2,0.3253249228000641
1339.3000000000002,0.312155157327652
1339.4,0.3159544765949249
1339.5,0.3220641613006592
1339.6000000000001,0.32368889451026917
1339.7,0.3059936463832855
1339.8000000000002,0.31994399428367615
1339.9,0.31178218126296997
1340.0,0.3164631426334381
1340.1000000000001,0.3078359365463257
1340.2,0.3130686283111572
1340.3000000000002,0.31755831837654114
1340.4,0.3096764385700226
1340.5,0.31290027499198914
1340.6000000000001,0.3103662431240082
1340.7,0.31375494599342346
1340.8000000000002,0.3181823790073395
1340.9,0.3074095547199249
1341.0,0.317257821559906
1341.1000000000001,0.31791651248931885
1341.2,0.32378605008125305
1341.3000000000002,0.316740483045578
1341.4,0.307687908411026
1341.5,0.3139490485191345
1341.6000000000001,0.3132416605949402
1341.7,0.30771753191947937
1341.8000000000002,0.3108491599559784
1341.9,0.3197373151779175
1342.0,0.30768975615501404
1342.1000000000001,0.30540981888771057
1342.2,0.3132181167602539
1342.3000000000002,0.311145156621933
1342.4,0.30349448323249817
1342.5,0.30798667669296265
1342.6000000000001,0.312330424785614
1342.7,0.2999095618724823
1342.8000000000002,0.3001801371574402
1342.9,0.3039223551750183
1343.0,0.30617430806159973
1343.1000000000001,0.3179745674133301
1343.2,0.3363012969493866
1343.3000000000002,0.3422237038612366
1343.4,0.3489574193954468
1343.5,0.3669830560684204
1343.6000000000001,0.3696422874927521
1343.7,0.38202646374702454
1343.8000000000002,0.397258460521698
1343.9,0.39666324853897095
1344.0,0.3981733024120331
1344.1000000000001,0.39010581374168396
1344.2,0.3790481984615326
1344.3000000000002,0.36987820267677307
1344.4,0.3683182895183563
1344.5,0.3568805456161499
1344.6000000000001,0.35530799627304077
1344.7,0.35795095562934875
1344.8000000000002,0.34738218784332275
1344.9,0.352258563041687
1345.0,0.3466068208217621
1345.1000000000001,0.34495052695274353
1345.2,0.34393009543418884
1345.3000000000002,0.34123334288597107
1345.4,0.3351290822029114
1345.5,0.33970245718955994
1345.6000000000001,0.3316144645214081
1345.7,0.33805471658706665
1345.8000000000002,0.33955901861190796
1345.9,0.32680559158325195
1346.0,0.3207356035709381
1346.1000000000001,0.3280990421772003
1346.2,0.32563963532447815
1346.3000000000002,0.3380572199821472
1346.4,0.33011966943740845
1346.5,0.3213441073894501
1346.6000000000001,0.33062422275543213
1346.7,0.3135288655757904
1346.8000000000002,0.31663569808006287
1346.9,0.3254208266735077
1347.0,0.3273541033267975
1347.1000000000001,0.32387253642082214
1347.2,0.33228862285614014
1347.3000000000002,0.3246592879295349
1347.4,0.3222617506980896
1347.5,0.32489269971847534
1347.6000000000001,0.32712793350219727
1347.7,0.3369327783584595
1347.8000000000002,0.32419276237487793
1347.9,0.32435107231140137
1348.0,0.31956717371940613
1348.1000000000001,0.321613073348999
1348.2,0.32881760597229004
1348.3000000000002,0.3300178349018097
1348.4,0.32568690180778503
1348.5,0.3241702616214752
1348.6000000000001,0.3198174238204956
1348.7,0.3250243067741394
1348.8000000000002,0.3284418284893036
1348.9,0.31991201639175415
1349.0,0.32819634675979614
1349.1000000000001,0.32362690567970276
1349.2,0.3260800540447235
1349.3000000000002,0.3140862286090851
1349.4,0.3190993666648865
1349.5,0.3250114917755127
1349.6000000000001,0.3199883699417114
1349.7,0.32363036274909973
1349.8000000000002,0.3248060643672943
1349.9,0.32248789072036743
1350.0,0.3127352297306061
1350.1000000000001,0.32053568959236145
1350.2,0.318942666053772
1350.3000000000002,0.31984397768974304
1350.4,0.3211626708507538
1350.5,0.3220248818397522
1350.6000000000001,0.32029101252555847
1350.7,0.32008105516433716
1350.8000000000002,0.3048132061958313
1350.9,0.3224217891693115
1351.0,0.30863818526268005
1351.1000000000001,0.3160005211830139
1351.2,0.3275846540927887
1351.3000000000002,0.31615135073661804
1351.4,0.3205094337463379
1351.5,0.2953050136566162
1351.6000000000001,0.3199595510959625
1351.7,0.3112930655479431
1351.8000000000002,0.3139601945877075
1351.9,0.32732081413269043
1352.0,0.32700422406196594
1352.1000000000001,0.3499112129211426
1352.2,0.3545152544975281
1352.3000000000002,0.3739914894104004
1352.4,0.3773370385169983
1352.5,0.3890078663825989
1352.6000000000001,0.3986121118068695
1352.7,0.40666326880455017
1352.8000000000002,0.4021559953689575
1352.9,0.39914941787719727
1353.0,0.3973620533943176
1353.1000000000001,0.39270031452178955
1353.2,0.36990100145339966
1353.3000000000002,0.36903390288352966
1353.4,0.36005979776382446
1353.5,0.364313542842865
1353.6000000000001,0.34751096367836
1353.7,0.3587738275527954
1353.8000000000002,0.35169297456741333
1353.9,0.35357606410980225
1354.0,0.3518178164958954
1354.1000000000001,0.34887024760246277
1354.2,0.34525173902511597
1354.3000000000002,0.3450887203216553
1354.4,0.335979700088501
1354.5,0.3375513553619385
1354.6000000000001,0.3305232524871826
1354.7,0.3381046950817108
1354.8000000000002,0.32700595259666443
1354.9,0.326792448759079
1355.0,0.32835471630096436
1355.1000000000001,0.33769264817237854
1355.2,0.3295278549194336
1355.3000000000002,0.335661917924881
1355.4,0.3292168974876404
1355.5,0.3294508457183838
1355.6000000000001,0.3269099295139313
1355.7,0.31904375553131104
1355.8000000000002,0.33167949318885803
1355.9,0.3302479386329651
1356.0,0.32574647665023804
1356.1000000000001,0.3184182643890381
1356.2,0.31648629903793335
1356.3000000000002,0.3174448013305664
1356.4,0.3276931941509247
1356.5,0.32996299862861633
1356.6000000000001,0.32833391427993774
1356.7,0.3265593945980072
1356.8000000000002,0.33019155263900757
1356.9,0.3264182507991791
1357.0,0.3203103542327881
1357.1000000000001,0.3277556598186493
1357.2,0.3262583315372467
1357.3000000000002,0.3283637762069702
1357.4,0.31334635615348816
1357.5,0.3268449008464813
1357.6000000000001,0.32966673374176025
1357.7,0.3339308202266693
1357.8000000000002,0.3290387988090515
1357.9,0.326496958732605
1358.0,0.3248205780982971
1358.1000000000001,0.3216443359851837
1358.2,0.32493293285369873
1358.3000000000002,0.3231935203075409
1358.4,0.32667651772499084
1358.5,0.32647037506103516
1358.6000000000001,0.3273644745349884
1358.7,0.330777108669281
1358.8000000000002,0.32656294107437134
1358.9,0.33308595418930054
1359.0,0.31969135999679565
1359.1000000000001,0.32593271136283875
1359.2,0.32851123809814453
1359.3000000000002,0.3281484544277191
1359.4,0.3321532607078552
1359.5,0.33224260807037354
1359.6000000000001,0.3260082006454468
1359.7,0.3256711959838867
1359.8000000000002,0.32821252942085266
1359.9,0.3213479816913605
1360.0,0.3283308446407318
1360.1000000000001,0.3181629478931427
1360.2,0.3242388665676117
1360.3000000000002,0.3202487826347351
1360.4,0.3258083760738373
1360.5,0.3227531909942627
1360.6000000000001,0.3226453959941864
1360.7,0.3261624276638031
1360.8000000000002,0.3296922743320465
1360.9,0.3251853585243225
1361.0,0.3282642960548401
1361.1000000000001,0.3300707936286926
1361.2,0.3196223974227905
1361.3000000000002,0.31600990891456604
1361.4,0.32509276270866394
1361.5,0.3234561085700989
1361.6000000000001,0.3211124837398529
1361.7,0.32853588461875916
1361.8000000000002,0.3218943774700165
1361.9,0.3270372450351715
1362.0,0.31964775919914246
1362.1000000000001,0.32299479842185974
1362.2,0.3247579038143158
1362.3000000000002,0.32366836071014404
1362.4,0.32439950108528137
1362.5,0.3244979679584503
1362.6000000000001,0.3283642828464508
1362.7,0.32258740067481995
1362.8000000000002,0.3309422433376312
1362.9,0.32008758187294006
1363.0,0.31046345829963684
1363.1000000000001,0.3275812268257141
1363.2,0.3267427682876587
1363.3000000000002,0.3214838206768036
1363.4,0.31791049242019653
1363.5,0.32081857323646545
1363.6000000000001,0.3233983516693115
1363.7,0.32257577776908875
1363.8000000000002,0.3215477764606476
1363.9,0.3203272521495819
1364.0,0.30630937218666077
1364.1000000000001,0.3214739263057709
1364.2,0.32756295800209045
1364.3000000000002,0.3285953402519226
1364.4,0.31894490122795105
1364.5,0.31656330823898315
1364.6000000000001,0.3048801124095917
1364.7,0.31913015246391296
1364.8000000000002,0.3198099434375763
1364.9,0.3049124479293823
1365.0,0.30814868211746216
1365.1000000000001,0.3186984062194824
1365.2,0.31969693303108215
1365.3000000000002,0.3150336742401123
1365.4,0.3187119960784912
1365.5,0.32309645414352417
1365.6000000000001,0.32344281673431396
1365.7,0.32070156931877136
1365.8000000000002,0.31379348039627075
1365.9,0.3170233368873596
1366.0,0.32342708110809326
1366.1000000000001,0.3107720911502838
1366.2,0.3206707537174225
1366.3000000000002,0.31318697333335876
1366.4,0.3145715296268463
1366.5,0.31583309173583984
1366.6000000000001,0.30808401107788086
1366.7,0.3154314458370209
1366.8000000000002,0.3110296428203583
1366.9,0.3060374855995178
1367.0,0.3102759122848511
1367.1000000000001,0.3147609531879425
1367.2,0.31488141417503357
1367.3000000000002,0.30314087867736816
1367.4,0.3131468892097473
1367.5,0.3193819522857666
1367.6000000000001,0.2986083924770355
1367.7,0.3127802014350891
1367.8000000000002,0.30590516328811646
1367.9,0.3129269778728485
1368.0,0.31768253445625305
1368.1000000000001,0.32653820514678955
1368.2,0.3417443335056305
1368.3000000000002,0.3563063442707062
1368.4,0.3663237392902374
1368.5,0.3785531222820282
1368.6000000000001,0.3881399929523468
1368.7,0.3926108777523041
1368.8000000000002,0.39844226837158203
1368.9,0.4017404019832611
1369.0,0.3930746912956238
1369.1000000000001,0.3906491994857788
1369.2,0.38315606117248535
1369.3000000000002,0.378842294216156
1369.4,0.3709010183811188
1369.5,0.36131352186203003
1369.6000000000001,0.35329824686050415
1369.7,0.355999618768692
1369.8000000000002,0.3510499596595764
1369.9,0.3421653211116791
1370.0,0.3483900725841522
1370.1000000000001,0.3439598083496094
1370.2,0.3428913950920105
1370.3000000000002,0.341842919588089
1370.4,0.3438841998577118
1370.5,0.3392156660556793
1370.6000000000001,0.33552852272987366
1370.7,0.33347082138061523
1370.8000000000002,0.33818531036376953
1370.9,0.3305011987686157
1371.0,0.3250371813774109
1371.1000000000001,0.31516698002815247
1371.2,0.31561279296875
1371.3000000000002,0.3300447165966034
1371.4,0.31995028257369995
1371.5,0.3351750075817108
1371.6000000000001,0.3278193175792694
1371.7,0.317625492811203
1371.8000000000002,0.3098316788673401
1371.9,0.323965847492218
1372.0,0.3266333341598511
1372.1000000000001,0.3282676935195923
1372.2,0.33342820405960083
1372.3000000000002,0.32958653569221497
1372.4,0.3238465189933777
1372.5,0.3253110945224762
1372.6000000000001,0.32059669494628906
1372.7,0.32350167632102966
1372.8000000000002,0.31393173336982727
1372.9,0.32251712679862976
1373.0,0.3289791941642761
1373.1000000000001,0.3325467109680176
1373.2,0.32889166474342346
1373.3000000000002,0.32122376561164856
1373.4,0.3231758773326874
1373.5,0.3301951289176941
1373.6000000000001,0.3297145664691925
1373.7,0.3251490890979767
1373.8000000000002,0.32945144176483154
1373.9,0.3250015079975128
1374.0,0.3234858214855194
1374.1000000000001,0.32449713349342346
1374.2,0.3297683000564575
1374.3000000000002,0.3267580270767212
1374.4,0.32589998841285706
1374.5,0.3138595223426819
1374.6000000000001,0.32470250129699707
1374.7,0.33425790071487427
1374.8000000000002,0.32894062995910645
1374.9,0.32585474848747253
1375.0,0.31471553444862366
1375.1000000000001,0.3269490897655487
1375.2,0.3224443793296814
1375.3000000000002,0.32391470670700073
1375.4,0.3301452398300171
1375.5,0.32116764783859253
1375.6000000000001,0.3329924941062927
1375.7,0.3275853395462036
1375.8000000000002,0.3269331455230713
1375.9,0.31556186079978943
1376.0,0.3238823711872101
1376.1000000000001,0.32907038927078247
1376.2,0.324108749628067
1376.3000000000002,0.32240399718284607
1376.4,0.32128459215164185
1376.5,0.30459755659103394
1376.6000000000001,0.3220881223678589
1376.7,0.3208887279033661
1376.8000000000002,0.3182929456233978
1376.9,0.3204726576805115
1377.0,0.32821834087371826
1377.1000000000001,0.32458022236824036
1377.2,0.3258974850177765
1377.3000000000002,0.3177239000797272
1377.4,0.3239605724811554
1377.5,0.31681281328201294
1377.6000000000001,0.3229318857192993
1377.7,0.3263309597969055
1377.8000000000002,0.3169470429420471
1377.9,0.3268376886844635
1378.0,0.3189702332019806
1378.1000000000001,0.31829458475112915
1378.2,0.32570528984069824
1378.3000000000002,0.32097747921943665
1378.4,0.312505304813385
1378.5,0.3211153447628021
1378.6000000000001,0.30936890840530396
1378.7,0.3130333423614502
1378.8000000000002,0.31679490208625793
1378.9,0.3237689435482025
1379.0,0.3247062563896179
1379.1000000000001,0.3238625228404999
1379.2,0.3158523738384247
1379.3000000000002,0.3076404333114624
1379.4,0.3121044933795929
1379.5,0.3049961030483246
1379.6000000000001,0.32083070278167725
1379.7,0.3228664994239807
1379.8000000000002,0.32010579109191895
1379.9,0.31310388445854187
1380.0,0.3055269718170166
1380.1000000000001,0.3161238729953766
1380.2,0.31225788593292236
1380.3000000000002,0.3123025894165039
1380.4,0.30688217282295227
1380.5,0.31470730900764465
1380.6000000000001,0.3126351535320282
1380.7,0.3113252818584442
1380.8000000000002,0.31152039766311646
1380.9,0.3106658160686493
1381.0,0.3075748383998871
1381.1000000000001,0.3125004768371582
1381.2,0.3088892698287964
1381.3000000000002,0.31588879227638245
1381.4,0.3092878758907318
1381.5,0.31184130907058716
1381.6000000000001,0.31574347615242004
1381.7,0.3078309893608093
1381.8000000000002,0.31600192189216614
1381.9,0.30875900387763977
1382.0,0.30308806896209717
1382.1000000000001,0.3113003373146057
1382.2,0.31503796577453613
1382.3000000000002,0.31037095189094543
1382.4,0.3032677471637726
1382.5,0.3043917119503021
1382.6000000000001,0.31532660126686096
1382.7,0.30766817927360535
1382.8000000000002,0.29445576667785645
1382.9,0.30705949664115906
1383.0,0.3049345314502716
1383.1000000000001,0.3145410418510437
1383.2,0.31129926443099976
1383.3000000000002,0.33148351311683655
1383.4,0.33829647302627563
1383.5,0.3493921458721161
1383.6000000000001,0.3586823642253876
1383.7,0.38648325204849243
1383.8000000000002,0.3913361728191376
1383.9,0.39871758222579956
1384.0,0.3890018165111542
1384.1000000000001,0.39629489183425903
1384.2,0.3863610327243805
1384.3000000000002,0.38523462414741516
1384.4,0.37618258595466614
1384.5,0.37575477361679077
1384.6000000000001,0.3592257499694824
1384.7,0.36183446645736694
1384.8000000000002,0.34521356225013733
1384.9,0.34639817476272583
1385.0,0.34471988677978516
1385.1000000000001,0.34412097930908203
1385.2,0.3426785469055176
1385.3000000000002,0.34701988101005554
1385.4,0.3343946635723114
1385.5,0.3375057578086853
1385.6000000000001,0.34930580854415894
1385.7,0.3445549011230469
1385.8000000000002,0.34329256415367126
1385.9,0.3344320058822632
1386.0,0.32616257667541504
1386.1000000000001,0.33969345688819885
1386.2,0.3239525258541107
1386.3000000000002,0.333705335855484
1386.4,0.3280967175960541
1386.5,0.3283650279045105
1386.6000000000001,0.3261488676071167
1386.7,0.3202713429927826
1386.8000000000002,0.33310526609420776
1386.9,0.31944164633750916
1387.0,0.3204367756843567
1387.1000000000001,0.3243997097015381
1387.2,0.3293936252593994
1387.3000000000002,0.3289650082588196
1387.4,0.32878705859184265
1387.5,0.32958388328552246
1387.6000000000001,0.3312666714191437
1387.7,0.32290175557136536
1387.8000000000002,0.32934120297431946
1387.9,0.321132630109787
1388.0,0.3297065198421478
1388.1000000000001,0.3232421278953552
1388.2,0.3258785307407379
1388.3000000000002,0.32144853472709656
1388.4,0.3265744149684906
1388.5,0.32880541682243347
1388.6000000000001,0.3226454555988312
1388.7,0.3154517114162445
1388.8000000000002,0.3182353973388672
1388.9,0.3237074911594391
1389.0,0.32119041681289673
1389.1000000000001,0.3268316984176636
1389.2,0.31130650639533997
1389.3000000000002,0.32439908385276794
1389.4,0.32110345363616943
1389.5,0.3195926249027252
1389.6000000000001,0.32419252395629883
1389.7,0.30671241879463196
1389.8000000000002,0.31937626004219055
1389.9,0.31893405318260193
1390.0,0.31903183460235596
1390.1000000000001,0.32850122451782227
1390.2,0.31188255548477173
1390.3000000000002,0.3173265755176544
1390.4,0.32750025391578674
1390.5,0.3225025534629822
1390.6000000000001,0.32353100180625916
1390.7,0.32220539450645447
1390.8000000000002,0.321017861366272
1390.9,0.3122832179069519
1391.0,0.3135280907154083
1391.1000000000001,0.31820714473724365
1391.2,0.32319697737693787
1391.3000000000002,0.3132585287094116
1391.4,0.30794456601142883
1391.5,0.31119126081466675
1391.6000000000001,0.3120388984680176
1391.7,0.3193269670009613
1391.8000000000002,0.3107164800167084
1391.9,0.3071722090244293
1392.0,0.3146192729473114
1392.1000000000001,0.31473106145858765
1392.2,0.3100728988647461
1392.3000000000002,0.3137897551059723
1392.4,0.3195399045944214
1392.5,0.3150334656238556
1392.6000000000001,0.30615195631980896
1392.7,0.3145481050014496
1392.8000000000002,0.30960190296173096
1392.9,0.3121519684791565
1393.0,0.303077757358551
1393.1000000000001,0.31743451952934265
1393.2,0.31174811720848083
1393.3000000000002,0.31267184019088745
1393.4,0.3080088794231415
1393.5,0.318570077419281
1393.6000000000001,0.31534773111343384
1393.7,0.3167334794998169
1393.8000000000002,0.3036273121833801
1393.9,0.313357949256897
1394.0,0.3069160580635071
1394.1000000000001,0.3027300536632538
1394.2,0.3089357316493988
1394.3000000000002,0.3107105791568756
1394.4,0.3071378767490387
1394.5,0.30742430686950684
1394.6000000000001,0.30434539914131165
1394.7,0.29731300473213196
1394.8000000000002,0.30288246273994446
1394.9,0.3026323914527893
1395.0,0.3133710026741028
1395.1000000000001,0.30498751997947693
1395.2,0.3289473056793213
1395.3000000000002,0.3403138220310211
1395.4,0.3632992208003998
1395.5,0.3640568256378174
1395.6000000000001,0.39266303181648254
1395.7,0.38964271545410156
1395.8000000000002,0.39337900280952454
1395.9,0.3983306586742401
1396.0,0.39953669905662537
1396.1000000000001,0.38423603773117065
1396.2,0.38388195633888245
1396.3000000000002,0.38023602962493896
1396.4,0.37071213126182556
1396.5,0.3667149841785431
1396.6000000000001,0.3636981248855591
1396.7,0.3481849431991577
1396.8000000000002,0.3596020042896271
1396.9,0.34675976634025574
1397.0,0.34434249997138977
1397.1000000000001,0.3483511209487915
1397.2,0.3408968448638916
1397.3000000000002,0.34338653087615967
1397.4,0.34641626477241516
1397.5,0.34324073791503906
1397.6000000000001,0.3374887704849243
1397.7,0.33837878704071045
1397.8000000000002,0.322733998298645
1397.9,0.33127617835998535
1398.0,0.3246769607067108
1398.1000000000001,0.3311218023300171
1398.2,0.3334762156009674
1398.3000000000002,0.323842853307724
1398.4,0.3098444938659668
1398.5,0.32241594791412354
1398.6000000000001,0.3291521370410919
1398.7,0.3307347893714905
1398.8000000000002,0.32509350776672363
1398.9,0.326176255941391
1399.0,0.32178714871406555
1399.1000000000001,0.32805725932121277
1399.2,0.3256750702857971
1399.3000000000002,0.32570233941078186
1399.4,0.32431238889694214
1399.5,0.3312750458717346
1399.6000000000001,0.3187187612056732
1399.7,0.3243434727191925
1399.8000000000002,0.3247196674346924
1399.9,0.32733267545700073
1400.0,0.33100008964538574
1400.1000000000001,0.32133904099464417
1400.2,0.3191702961921692
1400.3000000000002,0.32198306918144226
1400.4,0.3271559178829193
1400.5,0.3245410621166229
1400.6000000000001,0.30755215883255005
1400.7,0.3202647566795349
1400.8000000000002,0.3245917558670044
1400.9,0.31799086928367615
1401.0,0.31935229897499084
1401.1000000000001,0.3125252425670624
1401.2,0.31963518261909485
1401.3000000000002,0.3178097903728485
1401.4,0.3028300106525421
1401.5,0.3220005929470062
1401.6000000000001,0.3160496652126312
1401.7,0.32052305340766907
1401.8000000000002,0.3183191120624542
1401.9,0.31813305616378784
1402.0,0.3197629451751709
1402.1000000000001,0.3128449022769928
1402.2,0.3200390636920929
1402.3000000000002,0.3238862454891205
1402.4,0.3247183561325073
1402.5,0.32135194540023804
1402.6000000000001,0.3153418302536011
1402.7,0.32436996698379517
1402.8000000000002,0.3177477717399597
1402.9,0.3111596703529358
1403.0,0.3201102912425995
1403.1000000000001,0.3152373135089874
1403.2,0.3170316219329834
1403.3000000000002,0.32206323742866516
1403.4,0.3091427683830261
1403.5,0.3173031806945801
1403.6000000000001,0.3151222765445709
1403.7,0.3023010492324829
1403.8000000000002,0.31329745054244995
1403.9,0.31909897923469543
1404.0,0.31134018301963806
1404.1000000000001,0.3120878338813782
1404.2,0.3186942934989929
1404.3000000000002,0.3130244016647339
1404.4,0.32588204741477966
1404.5,0.3220105469226837
1404.6000000000001,0.3140530288219452
1404.7,0.30354639887809753
1404.8000000000002,0.31575486063957214
1404.9,0.3175438344478607
1405.0,0.30928146839141846
1405.1000000000001,0.3137921392917633
1405.2,0.31416040658950806
1405.3000000000002,0.3094230890274048
1405.4,0.3089444041252136
1405.5,0.31482791900634766
1405.6000000000001,0.3055749237537384
1405.7,0.3081223964691162
1405.8000000000002,0.3076418936252594
1405.9,0.30992579460144043
1406.0,0.3119884729385376
1406.1000000000001,0.3022179901599884
1406.2,0.2961801588535309
1406.3000000000002,0.3089403212070465
1406.4,0.3093142509460449
1406.5,0.30504539608955383
1406.6000000000001,0.3100866377353668
1406.7,0.3317691683769226
1406.8000000000002,0.34212934970855713
1406.9,0.3481904864311218
1407.0,0.3661540150642395
1407.1000000000001,0.3781088590621948
1407.2,0.38230061531066895
1407.3000000000002,0.39629894495010376
1407.4,0.3925136923789978
1407.5,0.399245947599411
1407.6000000000001,0.39446425437927246
1407.7,0.4016311466693878
1407.8000000000002,0.39226987957954407
1407.9,0.3888086676597595
1408.0,0.36316558718681335
1408.1000000000001,0.3543374836444855
1408.2,0.3640890419483185
1408.3000000000002,0.3572704493999481
1408.4,0.3606135845184326
1408.5,0.3559015393257141
1408.6000000000001,0.3520679473876953
1408.7,0.3473871350288391
1408.8000000000002,0.34294459223747253
1408.9,0.3318244218826294
1409.0,0.3446630835533142
1409.1000000000001,0.33060964941978455
1409.2,0.3380207419395447
1409.3000000000002,0.33550092577934265
1409.4,0.34020739793777466
1409.5,0.33942535519599915
1409.6000000000001,0.33320826292037964
1409.7,0.3290526866912842
1409.8000000000002,0.3300001621246338
1409.9,0.33376067876815796
1410.0,0.3195075988769531
1410.1000000000001,0.32179296016693115
1410.2,0.31919875741004944
1410.3000000000002,0.3334241509437561
1410.4,0.33036476373672485
1410.5,0.3270268440246582
1410.6000000000001,0.3263804018497467
1410.7,0.3286711275577545
1410.8000000000002,0.31786713004112244
1410.9,0.3287271559238434
1411.0,0.32946234941482544
1411.1000000000001,0.33601921796798706
1411.2,0.3310145139694214
1411.3000000000002,0.31716397404670715
1411.4,0.33323994278907776
1411.5,0.3311208188533783
1411.6000000000001,0.3220559060573578
1411.7,0.3258960247039795
1411.8000000000002,0.32588669657707214
1411.9,0.319021612405777
1412.0,0.32218238711357117
1412.1000000000001,0.3248150646686554
1412.2,0.3236239552497864
1412.3000000000002,0.3271818161010742
1412.4,0.33485478162765503
1412.5,0.32770466804504395
1412.6000000000001,0.3271043300628662
1412.7,0.31854721903800964
1412.8000000000002,0.3311097323894501
1412.9,0.330401748418808
1413.0,0.3172226846218109
1413.1000000000001,0.3302331566810608
1413.2,0.33048123121261597
1413.3000000000002,0.3275514543056488
1413.4,0.3276262581348419
1413.5,0.3234376907348633
1413.6000000000001,0.32013142108917236
1413.7,0.3208291530609131
1413.8000000000002,0.32558903098106384
1413.9,0.3251473307609558
1414.0,0.3285350799560547
1414.1000000000001,0.32144859433174133
1414.2,0.3245466351509094
1414.3000000000002,0.3090627193450928
1414.4,0.3154805600643158
1414.5,0.32455772161483765
1414.6000000000001,0.3236924707889557
1414.7,0.32693228125572205
1414.8000000000002,0.32529133558273315
1414.9,0.32116904854774475
1415.0,0.3088086247444153
1415.1000000000001,0.3203277587890625
1415.2,0.32811233401298523
1415.3000000000002,0.3229188919067383
1415.4,0.3301706612110138
1415.5,0.32768353819847107
1415.6000000000001,0.3173438012599945
1415.7,0.32403457164764404
1415.8000000000002,0.32083964347839355
1415.9,0.3251146674156189
1416.0,0.32773348689079285
1416.1000000000001,0.32722917199134827
1416.2,0.3278549909591675
1416.3000000000002,0.31775376200675964
1416.4,0.3221261203289032
1416.5,0.32025060057640076
1416.6000000000001,0.31473997235298157
1416.7,0.32322487235069275
1416.8000000000002,0.31867194175720215
1416.9,0.3163433372974396
1417.0,0.321611225605011
1417.1000000000001,0.3192242980003357
1417.2,0.3218347728252411
1417.3000000000002,0.3258482813835144
1417.4,0.3271101415157318
1417.5,0.32375675439834595
1417.6000000000001,0.30901747941970825
1417.7,0.3091756999492645
1417.8000000000002,0.31937408447265625
1417.9,0.321771502494812
1418.0,0.3199176490306854
1418.1000000000001,0.3156992197036743
1418.2,0.3077380061149597
1418.3000000000002,0.31499019265174866
1418.4,0.3103570342063904
1418.5,0.32508689165115356
1418.6000000000001,0.3205254375934601
1418.7,0.3219638764858246
1418.8000000000002,0.3147240877151489
1418.9,0.3166780173778534
1419.0,0.31735044717788696
1419.1000000000001,0.312975138425827
1419.2,0.31999143958091736
1419.3000000000002,0.314860075712204
1419.4,0.3197365701198578
1419.5,0.31444305181503296
1419.6000000000001,0.32589098811149597
1419.7,0.3215460181236267
1419.8000000000002,0.30970481038093567
1419.9,0.3133085370063782
1420.0,0.3092718720436096
1420.1000000000001,0.3231411576271057
1420.2,0.31920620799064636
1420.3000000000002,0.3157620429992676
1420.4,0.32308027148246765
1420.5,0.3121112287044525
1420.6000000000001,0.3189956843852997
1420.7,0.32159119844436646
1420.8000000000002,0.30421289801597595
1420.9,0.30850571393966675
1421.0,0.3068820834159851
1421.1000000000001,0.31650012731552124
1421.2,0.3090224862098694
1421.3000000000002,0.312453955411911
1421.4,0.3026042580604553
1421.5,0.3135932683944702
1421.6000000000001,0.3037739098072052
1421.7,0.3153567612171173
1421.8000000000002,0.31057822704315186
1421.9,0.31325316429138184
1422.0,0.3111458420753479
1422.1000000000001,0.31270310282707214
1422.2,0.31258630752563477
1422.3000000000002,0.31050607562065125
1422.4,0.30427661538124084
1422.5,0.3143630623817444
1422.6000000000001,0.31339097023010254
1422.7,0.3045903444290161
1422.8000000000002,0.30334389209747314
1422.9,0.3140028119087219
1423.0,0.3056466579437256
1423.1000000000001,0.3052431344985962
1423.2,0.3126246929168701
1423.3000000000002,0.3009655773639679
1423.4,0.3026635944843292
1423.5,0.301947683095932
1423.6000000000001,0.3042260408401489
1423.7,0.30619245767593384
1423.8000000000002,0.3015318810939789
1423.9,0.3012750446796417
1424.0,0.3006778955459595
1424.1000000000001,0.3090730607509613
1424.2,0.3071591556072235
1424.3000000000002,0.30024948716163635
1424.4,0.3031681180000305
1424.5,0.30086231231689453
1424.6000000000001,0.2979505956172943
1424.7,0.2903359532356262
1424.8000000000002,0.28458401560783386
1424.9,0.29863807559013367
1425.0,0.3134625554084778
1425.1000000000001,0.32150548696517944
1425.2,0.34000441431999207
1425.3000000000002,0.35467568039894104
1425.4,0.3703981935977936
1425.5,0.3787594139575958
1425.6000000000001,0.3822285830974579
1425.7,0.39876115322113037
1425.8000000000002,0.39419710636138916
1425.9,0.3875257968902588
1426.0,0.3772726356983185
1426.1000000000001,0.38094809651374817
1426.2,0.36841773986816406
1426.3000000000002,0.3647720515727997
1426.4,0.3558112382888794
1426.5,0.35447943210601807
1426.6000000000001,0.35036593675613403
1426.7,0.341831237077713
1426.8000000000002,0.3462611734867096
1426.9,0.33577099442481995
1427.0,0.33911675214767456
1427.1000000000001,0.3436123728752136
1427.2,0.340492844581604
1427.3000000000002,0.3289119303226471
1427.4,0.3403856158256531
1427.5,0.33312690258026123
1427.6000000000001,0.329312801361084
1427.7,0.3295571804046631
1427.8000000000002,0.3214796185493469
1427.9,0.32219022512435913
1428.0,0.3269839882850647
1428.1000000000001,0.3237188160419464
1428.2,0.323334664106369
1428.3000000000002,0.3284025192260742
1428.4,0.32305821776390076
1428.5,0.3182195723056793
1428.6000000000001,0.32382750511169434
1428.7,0.3217317461967468
1428.8000000000002,0.3224286735057831
1428.9,0.31862127780914307
1429.0,0.31816619634628296
1429.1000000000001,0.32085689902305603
1429.2,0.32495903968811035
1429.3000000000002,0.32421013712882996
1429.4,0.31431716680526733
1429.5,0.31663769483566284
1429.6000000000001,0.32344844937324524
1429.7,0.322038471698761
1429.8000000000002,0.31220176815986633
1429.9,0.3199961483478546
1430.0,0.32080695033073425
1430.1000000000001,0.3203500509262085
1430.2,0.32464757561683655
1430.3000000000002,0.3181443214416504
1430.4,0.30962124466896057
1430.5,0.3214457035064697
1430.6000000000001,0.3150824308395386
1430.7,0.3176531493663788
1430.8000000000002,0.32381367683410645
1430.9,0.30955320596694946
1431.0,0.3154411315917969
1431.1000000000001,0.31129831075668335
1431.2,0.31537967920303345
1431.3000000000002,0.31735557317733765
1431.4,0.30715975165367126
1431.5,0.3178218901157379
1431.6000000000001,0.31700941920280457
1431.7,0.3204812705516815
1431.8000000000002,0.32291024923324585
1431.9,0.31463173031806946
1432.0,0.3132582902908325
1432.1000000000001,0.310605525970459
1432.2,0.31641167402267456
1432.3000000000002,0.3035089373588562
1432.4,0.31301745772361755
1432.5,0.31478437781333923
1432.6000000000001,0.31927892565727234
1432.7,0.3174329400062561
1432.8000000000002,0.316010057926178
1432.9,0.30726489424705505
1433.0,0.3076625466346741
1433.1000000000001,0.3119412958621979
1433.2,0.3032287359237671
1433.3000000000002,0.30322301387786865
1433.4,0.307476669549942
1433.5,0.31785571575164795
1433.6000000000001,0.30964380502700806
1433.7,0.3080027997493744
1433.8000000000002,0.3092067241668701
1433.9,0.31029433012008667
1434.0,0.3123164474964142
1434.1000000000001,0.3075839877128601
1434.2,0.3108896017074585
1434.3000000000002,0.3086090385913849
1434.4,0.2947206199169159
1434.5,0.3081248104572296
1434.6000000000001,0.31339141726493835
1434.7,0.3047977387905121
1434.8000000000002,0.30868756771087646
1434.9,0.32720962166786194
1435.0,0.33804506063461304
1435.1000000000001,0.3547149896621704
1435.2,0.3597336411476135
1435.3000000000002,0.3821856379508972
1435.4,0.38492780923843384
1435.5,0.3938595950603485
1435.6000000000001,0.3958044946193695
1435.7,0.4001563489437103
1435.8000000000002,0.38595154881477356
1435.9,0.3877113163471222
1436.0,0.3679836690425873
1436.1000000000001,0.3715764582157135
1436.2,0.36411550641059875
1436.3000000000002,0.35053539276123047
1436.4,0.3509020209312439
1436.5,0.3556821644306183
1436.6000000000001,0.33997637033462524
1436.7,0.34323734045028687
1436.8000000000002,0.3321593105792999
1436.9,0.3343735933303833
1437.0,0.3358091711997986
1437.1000000000001,0.33372384309768677
1437.2,0.3364446759223938
1437.3000000000002,0.32643944025039673
1437.4,0.3380246162414551
1437.5,0.3387991487979889
1437.6000000000001,0.32945138216018677
1437.7,0.33578914403915405
1437.8000000000002,0.3282293975353241
1437.9,0.33460429310798645
1438.0,0.32113462686538696
1438.1000000000001,0.3169049918651581
1438.2,0.3321491777896881
1438.3000000000002,0.32318753004074097
1438.4,0.3259162902832031
1438.5,0.3342915177345276
1438.6000000000001,0.3076923191547394
1438.7,0.33161982893943787
1438.8000000000002,0.3255891501903534
1438.9,0.3323107659816742
1439.0,0.3189283013343811
1439.1000000000001,0.3257695138454437
1439.2,0.33092719316482544
1439.3000000000002,0.3246627748012543
1439.4,0.3195854127407074
1439.5,0.3211330771446228
1439.6000000000001,0.3273138105869293
1439.7,0.32685181498527527
1439.8000000000002,0.33267802000045776
1439.9,0.33202406764030457
1440.0,0.3185836970806122
1440.1000000000001,0.3374205231666565
1440.2,0.3276507556438446
1440.3000000000002,0.32756271958351135
1440.4,0.3217593729496002
1440.5,0.3284226059913635
1440.6000000000001,0.3221600651741028
1440.7,0.32125112414360046
1440.8000000000002,0.3359639346599579
1440.9,0.3325882852077484
1441.0,0.3253970444202423
1441.1000000000001,0.32036030292510986
1441.2,0.33426645398139954
1441.3000000000002,0.31569206714630127
1441.4,0.3228362202644348
1441.5,0.32556721568107605
1441.6000000000001,0.32649409770965576
1441.7,0.3265926241874695
1441.8000000000002,0.3261043131351471
1441.9,0.3317951261997223
1442.0,0.3282405436038971
1442.1000000000001,0.3245353400707245
1442.2,0.3180968761444092
1442.3000000000002,0.314767062664032
1442.4,0.3266557455062866
1442.5,0.31713488698005676
1442.6000000000001,0.32267147302627563
1442.7,0.32562851905822754
1442.8000000000002,0.3254474103450775
1442.9,0.323130339384079
1443.0,0.3169507384300232
1443.1000000000001,0.33287766575813293
1443.2,0.32375475764274597
1443.3000000000002,0.3247414231300354
1443.4,0.31597900390625
1443.5,0.3270103931427002
1443.6000000000001,0.3263208866119385
1443.7,0.32223138213157654
1443.8000000000002,0.32290780544281006
1443.9,0.3215649425983429
1444.0,0.3189602494239807
1444.1000000000001,0.3177563548088074
1444.2,0.317802757024765
1444.3000000000002,0.3268245458602905
1444.4,0.31451553106307983
1444.5,0.3222917318344116
1444.6000000000001,0.3240903317928314
1444.7,0.3207312822341919
1444.8000000000002,0.32375308871269226
1444.9,0.31832215189933777
1445.0,0.3202698826789856
1445.1000000000001,0.3232252597808838
1445.2,0.32333624362945557
1445.3000000000002,0.3278721570968628
1445.4,0.3228665292263031
1445.5,0.31260761618614197
1445.6000000000001,0.3047925531864166
1445.7,0.3153752386569977
1445.8000000000002,0.30852437019348145
1445.9,0.31496462225914
1446.0,0.3154841363430023
1446.1000000000001,0.32611313462257385
1446.2,0.3246086537837982
1446.3000000000002,0.3190801739692688
1446.4,0.3206583857536316
1446.5,0.31948038935661316
1446.6000000000001,0.3150900900363922
1446.7,0.3204062879085541
1446.8000000000002,0.3107016682624817
1446.9,0.3175402581691742
1447.0,0.30948853492736816
1447.1000000000001,0.3149178922176361
1447.2,0.3142254650592804
1447.3000000000002,0.31364676356315613
1447.4,0.311126172542572
1447.5,0.3101678788661957
1447.6000000000001,0.31385570764541626
1447.7,0.3126693069934845
1447.8000000000002,0.30964478850364685
1447.9,0.31791889667510986
1448.0,0.31539058685302734
1448.1000000000001,0.31290075182914734
1448.2,0.3118898868560791
1448.3000000000002,0.31279370188713074
1448.4,0.3149164021015167
1448.5,0.3085845112800598
1448.6000000000001,0.2960246205329895
1448.7,0.31102272868156433
1448.8000000000002,0.30798017978668213
1448.9,0.3124304711818695
1449.0,0.3203074038028717
1449.1000000000001,0.33268770575523376
1449.2,0.342108815908432
1449.3000000000002,0.3621011972427368
1449.4,0.3739907443523407
1449.5,0.3883172571659088
1449.6000000000001,0.39750751852989197
1449.7,0.4000277519226074
1449.8000000000002,0.39594727754592896
1449.9,0.40219399333000183
1450.0,0.39193934202194214
1450.1000000000001,0.3798767328262329
1450.2,0.37752193212509155
1450.3000000000002,0.3655751049518585
1450.4,0.36330413818359375
1450.5,0.3646380305290222
1450.6000000000001,0.3600910007953644
1450.7,0.3512747585773468
1450.8000000000002,0.34114232659339905
1450.9,0.3447929918766022
1451.0,0.3513185381889343
1451.1000000000001,0.34781455993652344
1451.2,0.3319450318813324
1451.3000000000002,0.34754782915115356
1451.4,0.3413190543651581
1451.5,0.34247493743896484
1451.6000000000001,0.3398105502128601
1451.7,0.3379659354686737
1451.8000000000002,0.33106401562690735
1451.9,0.3232247829437256
1452.0,0.32322707772254944
1452.1000000000001,0.33179470896720886
1452.2,0.3285379409790039
1452.3000000000002,0.3295440971851349
1452.4,0.3317730724811554
1452.5,0.32621464133262634
1452.6000000000001,0.32210925221443176
1452.7,0.3259310722351074
1452.8000000000002,0.32840338349342346
1452.9,0.325881689786911
1453.0,0.3263978958129883
1453.1000000000001,0.3317437171936035
1453.2,0.32695260643959045
1453.3000000000002,0.32944953441619873
1453.4,0.32684361934661865
1453.5,0.31964367628097534
1453.6000000000001,0.3197062313556671
1453.7,0.32668593525886536
1453.8000000000002,0.3241177499294281
1453.9,0.3295842409133911
1454.0,0.3247005045413971
1454.1000000000001,0.3313935399055481
1454.2,0.3283671438694
1454.3000000000002,0.3245464861392975
1454.4,0.32791489362716675
1454.5,0.3355349004268646
1454.6000000000001,0.32060855627059937
1454.7,0.3263728618621826
1454.8000000000002,0.32654252648353577
1454.9,0.3262576162815094
1455.0,0.32892411947250366
1455.1000000000001,0.32822185754776
1455.2,0.32183775305747986
1455.3000000000002,0.3182670474052429
1455.4,0.3220973014831543
1455.5,0.3163520097732544
1455.6000000000001,0.325514018535614
1455.7,0.32829880714416504
1455.8000000000002,0.3315577208995819
1455.9,0.32341268658638
1456.0,0.31158819794654846
1456.1000000000001,0.3270706832408905
1456.2,0.32532402873039246
1456.3000000000002,0.32332706451416016
1456.4,0.3275083601474762
1456.5,0.316482812166214
1456.6000000000001,0.3159065544605255
1456.7,0.3201492726802826
1456.8000000000002,0.31936439871788025
1456.9,0.3259262442588806
1457.0,0.3145720958709717
1457.1000000000001,0.31640785932540894
1457.2,0.32004255056381226
1457.3000000000002,0.3171510100364685
1457.4,0.3256412744522095
1457.5,0.3205792307853699
1457.6000000000001,0.3044045567512512
1457.7,0.318791002035141
1457.8000000000002,0.3201925754547119
1457.9,0.32426726818084717
1458.0,0.31847861409187317
1458.1000000000001,0.3176500201225281
1458.2,0.31047937273979187
1458.3000000000002,0.3176358640193939
1458.4,0.315805047750473
1458.5,0.3228595554828644
1458.6000000000001,0.31280288100242615
1458.7,0.3138636350631714
1458.8000000000002,0.3102090060710907
1458.9,0.3105463981628418
1459.0,0.3130101263523102
1459.1000000000001,0.3182939291000366
1459.2,0.3110518753528595
1459.3000000000002,0.3179629147052765
1459.4,0.312362402677536
1459.5,0.3238896131515503
1459.6000000000001,0.3154500722885132
1459.7,0.3209719955921173
1459.8000000000002,0.31846189498901367
1459.9,0.31141868233680725
1460.0,0.31598615646362305
1460.1000000000001,0.3153247535228729
1460.2,0.31592628359794617
1460.3000000000002,0.30918458104133606
1460.4,0.3100200593471527
1460.5,0.3185519278049469
1460.6000000000001,0.31755074858665466
1460.7,0.3111199140548706
1460.8000000000002,0.3038856089115143
1460.9,0.3148927390575409
1461.0,0.30841025710105896
1461.1000000000001,0.32155469059944153
1461.2,0.30639973282814026
1461.3000000000002,0.3115747570991516
1461.4,0.30117300152778625
1461.5,0.3154290020465851
1461.6000000000001,0.3167122006416321
1461.7,0.3081662356853485
1461.8000000000002,0.3136415481567383
1461.9,0.29968103766441345
1462.0,0.28727778792381287
1462.1000000000001,0.31296631693840027
1462.2,0.3072652518749237
1462.3000000000002,0.3206571042537689
1462.4,0.324209064245224
1462.5,0.3352779448032379
1462.6000000000001,0.351952463388443
1462.7,0.36622050404548645
1462.8000000000002,0.37377700209617615
1462.9,0.3858073353767395
1463.0,0.39552244544029236
1463.1000000000001,0.4078877568244934
1463.2,0.40025854110717773
1463.3000000000002,0.4029015004634857
1463.4,0.40061017870903015
1463.5,0.38143858313560486
1463.6000000000001,0.38405588269233704
1463.7,0.3732351064682007
1463.8000000000002,0.37412455677986145
1463.9,0.35316142439842224
1464.0,0.35654696822166443
1464.1000000000001,0.3510216474533081
1464.2,0.3554094135761261
1464.3000000000002,0.354219913482666
1464.4,0.33029016852378845
1464.5,0.3455198407173157
1464.6000000000001,0.3451029062271118
1464.7,0.33471834659576416
1464.8000000000002,0.33660078048706055
1464.9,0.3354697823524475
1465.0,0.3381362557411194
1465.1000000000001,0.3427780270576477
1465.2,0.3365095853805542
1465.3000000000002,0.3365827202796936
1465.4,0.33328777551651
1465.5,0.3292975127696991
1465.6000000000001,0.33100566267967224
1465.7,0.3315468430519104
1465.8000000000002,0.3312542140483856
1465.9,0.32940950989723206
1466.0,0.3268909156322479
1466.1000000000001,0.331442266702652
1466.2,0.3245311975479126
1466.3000000000002,0.3345673680305481
1466.4,0.3283027410507202
1466.5,0.32678383588790894
1466.6000000000001,0.335798054933548
1466.7,0.32574915885925293
1466.8000000000002,0.31567683815956116
1466.9,0.3247990310192108
1467.0,0.33198121190071106
1467.1000000000001,0.3267333209514618
1467.2,0.3281991183757782
1467.3000000000002,0.31992194056510925
1467.4,0.31756365299224854
1467.5,0.3178269565105438
1467.6000000000001,0.3323996067047119
1467.7,0.32911285758018494
1467.8000000000002,0.32441771030426025
1467.9,0.3243057131767273
1468.0,0.32249507308006287
1468.1000000000001,0.32691022753715515
1468.2,0.32312580943107605
1468.3000000000002,0.3288554549217224
1468.4,0.3287418484687805
1468.5,0.3212573528289795
1468.6000000000001,0.3274490535259247
1468.7,0.3237023949623108
1468.8000000000002,0.32484471797943115
1468.9,0.33109989762306213
1469.0,0.3246835768222809
1469.1000000000001,0.3274022340774536
1469.2,0.31513962149620056
1469.3000000000002,0.31814464926719666
1469.4,0.3281581699848175
1469.5,0.32683801651000977
1469.6000000000001,0.3139830231666565
1469.7,0.3284854292869568
1469.8000000000002,0.3315899670124054
1469.9,0.32606443762779236
1470.0,0.32915177941322327
1470.1000000000001,0.33121243119239807
1470.2,0.32867053151130676
1470.3000000000002,0.3285689353942871
1470.4,0.3240346610546112
1470.5,0.3276905119419098
1470.6000000000001,0.31482255458831787
1470.7,0.3193509578704834
1470.8000000000002,0.31153884530067444
1470.9,0.32256609201431274
1471.0,0.3182273209095001
1471.1000000000001,0.3218154013156891
1471.2,0.32786688208580017
1471.3000000000002,0.3186659514904022
1471.4,0.3169592022895813
1471.5,0.311781108379364
1471.6000000000001,0.3120676577091217
1471.7,0.3222423791885376
1471.8000000000002,0.3216046094894409
1471.9,0.32684409618377686
1472.0,0.3175676763057709
1472.1000000000001,0.32259875535964966
1472.2,0.3177356421947479
1472.3000000000002,0.320455402135849
1472.4,0.3192305266857147
1472.5,0.31927064061164856
1472.6000000000001,0.32862740755081177
1472.7,0.3100234568119049
1472.8000000000002,0.3274485170841217
1472.9,0.3171383738517761
1473.0,0.32099679112434387
1473.1000000000001,0.3073398470878601
1473.2,0.31146493554115295
1473.3000000000002,0.322404682636261
1473.4,0.3247860074043274
1473.5,0.3102007806301117
1473.6000000000001,0.31466901302337646
1473.7,0.3217316269874573
1473.8000000000002,0.30831456184387207
1473.9,0.31746435165405273
1474.0,0.315001517534256
1474.1000000000001,0.32033225893974304
1474.2,0.31782442331314087
1474.3000000000002,0.3136272728443146
1474.4,0.31782266497612
1474.5,0.3181803822517395
1474.6000000000001,0.3181361258029938
1474.7,0.30794793367385864
1474.8000000000002,0.31723836064338684
1474.9,0.3157322406768799
1475.0,0.31596246361732483
1475.1000000000001,0.306671142578125
1475.2,0.30953413248062134
1475.3000000000002,0.315444678068161
1475.4,0.30781665444374084
1475.5,0.3242911398410797
1475.6000000000001,0.3138401508331299
1475.7,0.3141005337238312
1475.8000000000002,0.31734520196914673
1475.9,0.3085156977176666
1476.0,0.3193550407886505
1476.1000000000001,0.3057272732257843
1476.2,0.3133538067340851
1476.3000000000002,0.3165464699268341
1476.4,0.32152700424194336
1476.5,0.30447280406951904
1476.6000000000001,0.3149816393852234
1476.7,0.31645748019218445
1476.8000000000002,0.30540212988853455
1476.9,0.3077969551086426
1477.0,0.3095831573009491
1477.1000000000001,0.2975616753101349
1477.2,0.3053411543369293
1477.3000000000002,0.3103666305541992
1477.4,0.3083399534225464
1477.5,0.32504594326019287
1477.6000000000001,0.3255871832370758
1477.7,0.34723159670829773
1477.8000000000002,0.35589227080345154
1477.9,0.374342679977417
1478.0,0.3801875412464142
1478.1000000000001,0.39592498540878296
1478.2,0.3917889893054962
1478.3000000000002,0.3929476737976074
1478.4,0.4035468101501465
1478.5,0.3932032883167267
1478.6000000000001,0.3792867958545685
1478.7,0.377013623714447
1478.8000000000002,0.36931905150413513
1478.9,0.3607683777809143
1479.0,0.35200265049934387
1479.1000000000001,0.35035353899002075
1479.2,0.352136492729187
1479.3000000000002,0.35824981331825256
1479.4,0.34273386001586914
1479.5,0.3446294963359833
1479.6000000000001,0.3397749066352844
1479.7,0.3316780924797058
1479.8000000000002,0.3431028425693512
1479.9,0.3366691470146179
1480.0,0.33501967787742615
1480.1000000000001,0.3266086280345917
1480.2,0.3281152844429016
1480.3000000000002,0.31823334097862244
1480.4,0.32808563113212585
1480.5,0.33460646867752075
1480.6000000000001,0.3273100256919861
1480.7,0.3318898677825928
1480.8000000000002,0.3286992013454437
1480.9,0.3313122093677521
1481.0,0.33240842819213867
1481.1000000000001,0.31529608368873596
1481.2,0.31935685873031616
1481.3000000000002,0.3316331207752228
1481.4,0.328114777803421
1481.5,0.32253900170326233
1481.6000000000001,0.3234420716762543
1481.7,0.33005449175834656
1481.8000000000002,0.32709240913391113
1481.9,0.32708409428596497
1482.0,0.3277488052845001
1482.1000000000001,0.3201780617237091
1482.2,0.3276270031929016
1482.3000000000002,0.3249208629131317
1482.4,0.331680029630661
1482.5,0.32215166091918945
1482.6000000000001,0.3209577798843384
1482.7,0.3174104690551758
1482.8000000000002,0.3153339624404907
1482.9,0.3239322900772095
1483.0,0.33363935351371765
1483.1000000000001,0.32456278800964355
1483.2,0.3136853575706482
1483.3000000000002,0.3209379315376282
1483.4,0.32921114563941956
1483.5,0.32257550954818726
1483.6000000000001,0.3237728774547577
1483.7,0.32229936122894287
1483.8000000000002,0.3215153217315674
1483.9,0.3285691738128662
1484.0,0.31930938363075256
1484.1000000000001,0.30996569991111755
1484.2,0.32507967948913574
1484.3000000000002,0.3110957443714142
1484.4,0.31765440106391907
1484.5,0.32062846422195435
1484.6000000000001,0.3116491138935089
1484.7,0.3169574439525604
1484.8000000000002,0.3313508629798889
1484.9,0.3198339343070984
1485.0,0.3197777271270752
1485.1000000000001,0.32255855202674866
1485.2,0.32434725761413574
1485.3000000000002,0.3074668049812317
1485.4,0.32449498772621155
1485.5,0.319237619638443
1485.6000000000001,0.31675779819488525
1485.7,0.3151102364063263
1485.8000000000002,0.31609538197517395
1485.9,0.32205674052238464
1486.0,0.3220561742782593
1486.1000000000001,0.3226504623889923
1486.2,0.32061466574668884
1486.3000000000002,0.3161751329898834
1486.4,0.30929920077323914
1486.5,0.32214441895484924
1486.6000000000001,0.3107421100139618
1486.7,0.320934921503067
1486.8000000000002,0.31888124346733093
1486.9,0.3183669447898865
1487.0,0.3193092346191406
1487.1000000000001,0.3131501078605652
1487.2,0.30685243010520935
1487.3000000000002,0.3092697560787201
1487.4,0.31910833716392517
1487.5,0.31464800238609314
1487.6000000000001,0.3178853690624237
1487.7,0.3146834373474121
1487.8000000000002,0.306943416595459
1487.9,0.31995388865470886
1488.0,0.31570401787757874
1488.1000000000001,0.3108074963092804
1488.2,0.30914971232414246
1488.3000000000002,0.3097144663333893
1488.4,0.30912545323371887
1488.5,0.2989945709705353
1488.6000000000001,0.3069755434989929
1488.7,0.3064827620983124
1488.8000000000002,0.3147813677787781
1488.9,0.3242262005805969
1489.0,0.327858567237854
1489.1000000000001,0.34675493836402893
1489.2,0.35694703459739685
1489.3000000000002,0.3714979887008667
1489.4,0.3848448395729065
1489.5,0.38399049639701843
1489.6000000000001,0.39442649483680725
1489.7,0.4060748219490051
1489.8000000000002,0.40119853615760803
1489.9,0.39325007796287537
1490.0,0.38659045100212097
1490.1000000000001,0.38016724586486816
1490.2,0.3747812509536743
1490.3000000000002,0.3732433617115021
1490.4,0.3620709776878357
1490.5,0.348880410194397
1490.6000000000001,0.35196930170059204
1490.7,0.34654954075813293
1490.8000000000002,0.3523113429546356
1490.9,0.3487308621406555
1491.0,0.34530016779899597
1491.1000000000001,0.33955949544906616
1491.2,0.335267573595047
1491.3000000000002,0.3295075595378876
1491.4,0.3282361328601837
1491.5,0.33736252784729004
1491.6000000000001,0.3294909596443176
1491.7,0.33284056186676025
1491.8000000000002,0.3296491205692291
1491.9,0.3321603834629059
1492.0,0.32757818698883057
1492.1000000000001,0.3296855092048645
1492.2,0.3261571228504181
1492.3000000000002,0.312624454498291
1492.4,0.3250877857208252
1492.5,0.31203895807266235
1492.6000000000001,0.31504249572753906
1492.7,0.32767337560653687
1492.8000000000002,0.3255600929260254
1492.9,0.3280552923679352
1493.0,0.31612926721572876
1493.1000000000001,0.32992732524871826
1493.2,0.3230389952659607
1493.3000000000002,0.3286207616329193
1493.4,0.3292218744754791
1493.5,0.31947022676467896
1493.6000000000001,0.326204776763916
1493.7,0.3312934637069702
1493.8000000000002,0.335509717464447
1493.9,0.3297085464000702
1494.0,0.33041617274284363
1494.1000000000001,0.3257588744163513
1494.2,0.3120865523815155
1494.3000000000002,0.3251570761203766
1494.4,0.31691959500312805
1494.5,0.32325655221939087
1494.6000000000001,0.3245764970779419
1494.7,0.3183436691761017
1494.8000000000002,0.31840822100639343
1494.9,0.32591360807418823
1495.0,0.32261186838150024
1495.1000000000001,0.3199998736381531
1495.2,0.32847654819488525
1495.3000000000002,0.31565189361572266
1495.4,0.3218100070953369
1495.5,0.3257119357585907
1495.6000000000001,0.3277736306190491
1495.7,0.3226051926612854
1495.8000000000002,0.33007508516311646
1495.9,0.3275662660598755
1496.0,0.3267078697681427
1496.1000000000001,0.31404322385787964
1496.2,0.32548269629478455
1496.3000000000002,0.32168588042259216
1496.4,0.31935685873031616
1496.5,0.3258384168148041
1496.6000000000001,0.32337772846221924
1496.7,0.3243018090724945
1496.8000000000002,0.3169896900653839
1496.9,0.3166998028755188
1497.0,0.32749244570732117
1497.1000000000001,0.32788076996803284
1497.2,0.3180898427963257
1497.3000000000002,0.32823434472084045
1497.4,0.31545957922935486
1497.5,0.32215821743011475
1497.6000000000001,0.3223540186882019
1497.7,0.3212796747684479
1497.8000000000002,0.31800413131713867
1497.9,0.31874892115592957
1498.0,0.31450310349464417
1498.1000000000001,0.30526548624038696
1498.2,0.31077510118484497
1498.3000000000002,0.3138681650161743
1498.4,0.30896472930908203
1498.5,0.305173397064209
1498.6000000000001,0.31576859951019287
1498.7,0.31437116861343384
1498.8000000000002,0.3151771128177643
1498.9,0.3182547986507416
1499.0,0.3168875575065613
1499.1000000000001,0.31448811292648315
1499.2,0.3222179710865021
1499.3000000000002,0.31564459204673767
1499.4,0.31233835220336914
1499.5,0.31817877292633057
1499.6000000000001,0.31073635816574097
1499.7,0.3120720684528351
1499.8000000000002,0.31568002700805664
1499.9,0.30994221568107605
1500.0,0.317541241645813
1500.1000000000001,0.29895836114883423
1500.2,0.31409385800361633
1500.3000000000002,0.3141929805278778
1500.4,0.31537964940071106
1500.5,0.32103171944618225
1500.6000000000001,0.33655670285224915
1500.7,0.33622968196868896
1500.8000000000002,0.3565526008605957
1500.9,0.362822949886322
1501.0,0.3854947090148926
1501.1000000000001,0.38915175199508667
1501.2,0.3949223458766937
1501.3000000000002,0.38338467478752136
1501.4,0.38654395937919617
1501.5,0.3826717436313629
1501.6000000000001,0.3782151937484741
1501.7,0.3619089126586914
1501.8000000000002,0.3640488386154175
1501.9,0.3500225245952606
1502.0,0.3473353087902069
1502.1000000000001,0.34858083724975586
1502.2,0.34998181462287903
1502.3000000000002,0.33766624331474304
1502.4,0.34308600425720215
1502.5,0.34638798236846924
1502.6000000000001,0.3383448123931885
1502.7,0.3373831510543823
1502.8000000000002,0.3370230793952942
1502.9,0.3325659930706024
1503.0,0.3352712094783783
1503.1000000000001,0.3380008637905121
1503.2,0.3350943326950073
1503.3000000000002,0.3331936299800873
1503.4,0.32993635535240173
1503.5,0.32939422130584717
1503.6000000000001,0.32864341139793396
1503.7,0.3232312500476837
1503.8000000000002,0.3228016495704651
1503.9,0.31863677501678467
1504.0,0.3292919099330902
1504.1000000000001,0.32106220722198486
1504.2,0.3259231746196747
1504.3000000000002,0.32648301124572754
1504.4,0.3198503851890564
1504.5,0.32980138063430786
1504.6000000000001,0.3183521032333374
1504.7,0.32463183999061584
1504.8000000000002,0.3277152478694916
1504.9,0.33085355162620544
1505.0,0.32554009556770325
1505.1000000000001,0.3190068006515503
1505.2,0.32388362288475037
1505.3000000000002,0.32094094157218933
1505.4,0.32936379313468933
1505.5,0.3254145085811615
1505.6000000000001,0.33173421025276184
1505.7,0.3267224133014679
1505.8000000000002,0.32576701045036316
1505.9,0.32753223180770874
1506.0,0.3303498923778534
1506.1000000000001,0.32241496443748474
1506.2,0.32273587584495544
1506.3000000000002,0.3228611648082733
1506.4,0.32143956422805786
1506.5,0.3269694745540619
1506.6000000000001,0.32562974095344543
1506.7,0.32323309779167175
1506.8000000000002,0.3184492588043213
1506.9,0.3200879395008087
1507.0,0.3256427049636841
1507.1000000000001,0.319915771484375
1507.2,0.3240017890930176
1507.3000000000002,0.324154794216156
1507.4,0.31948626041412354
1507.5,0.318355530500412
1507.6000000000001,0.3214120864868164
1507.7,0.31835758686065674
1507.8000000000002,0.30984678864479065
1507.9,0.31426292657852173
1508.0,0.31802263855934143
1508.1000000000001,0.3287436068058014
1508.2,0.31310805678367615
1508.3000000000002,0.3206369876861572
1508.4,0.3199308216571808
1508.5,0.327485054731369
1508.6000000000001,0.3176060914993286
1508.7,0.3176879286766052
1508.8000000000002,0.315316766500473
1508.9,0.314602255821228
1509.0,0.31784719228744507
1509.1000000000001,0.31202539801597595
1509.2,0.31184622645378113
1509.3000000000002,0.3215672969818115
1509.4,0.3244591951370239
1509.5,0.3208497166633606
1509.6000000000001,0.31426718831062317
1509.7,0.3189820945262909
1509.8000000000002,0.30710697174072266
1509.9,0.3126949071884155
1510.0,0.32207053899765015
1510.1000000000001,0.32004523277282715
1510.2,0.3189113736152649
1510.3000000000002,0.3197983205318451
1510.4,0.30485957860946655
1510.5,0.31495264172554016
1510.6000000000001,0.31730350852012634
1510.7,0.31674855947494507
1510.8000000000002,0.3128846287727356
1510.9,0.31854957342147827
1511.0,0.3147449791431427
1511.1000000000001,0.3150752782821655
1511.2,0.31444886326789856
1511.3000000000002,0.31783387064933777
1511.4,0.3178618252277374
1511.5,0.30861374735832214
1511.6000000000001,0.3074958920478821
1511.7,0.3152432143688202
1511.8000000000002,0.31082651019096375
1511.9,0.3164030611515045
1512.0,0.3048239052295685
1512.1000000000001,0.30919763445854187
1512.2,0.3123246133327484
1512.3000000000002,0.3082132637500763
1512.4,0.3112597167491913
1512.5,0.3118731379508972
1512.6000000000001,0.30179068446159363
1512.7,0.30220550298690796
1512.8000000000002,0.3115766644477844
1512.9,0.30725210905075073
1513.0,0.30718308687210083
1513.1000000000001,0.312892347574234
1513.2,0.29139813780784607
1513.3000000000002,0.3104301393032074
1513.4,0.3116256296634674
1513.5,0.3084971010684967
1513.6000000000001,0.3076708912849426
1513.7,0.3333090543746948
1513.8000000000002,0.34181806445121765
1513.9,0.36223384737968445
1514.0,0.36657559871673584
1514.1000000000001,0.37641873955726624
1514.2,0.3884256184101105
1514.3000000000002,0.3998105823993683
1514.4,0.39963555335998535
1514.5,0.40169811248779297
1514.6000000000001,0.3935525715351105
1514.7,0.3908737599849701
1514.8000000000002,0.3831561207771301
1514.9,0.36505991220474243
1515.0,0.3548547029495239
1515.1000000000001,0.35361146926879883
1515.2,0.3486664295196533
1515.3000000000002,0.3401956558227539
1515.4,0.34480994939804077
1515.5,0.3391776978969574
1515.6000000000001,0.3448418080806732
1515.7,0.3391839265823364
1515.8000000000002,0.3427240252494812
1515.9,0.3394479751586914
1516.0,0.3253680467605591
1516.1000000000001,0.33697858452796936
1516.2,0.33156633377075195
1516.3000000000002,0.33358678221702576
1516.4,0.3336905539035797
1516.5,0.32966911792755127
1516.6000000000001,0.31779953837394714
1516.7,0.33297884464263916
1516.8000000000002,0.33016279339790344
1516.9,0.3274073898792267
1517.0,0.3204593360424042
1517.1000000000001,0.3269014060497284
1517.2,0.3221992552280426
1517.3000000000002,0.32551291584968567
1517.4,0.32702234387397766
1517.5,0.31962230801582336
1517.6000000000001,0.3236936628818512
1517.7,0.32801637053489685
1517.8000000000002,0.3255624771118164
1517.9,0.32833272218704224
1518.0,0.316010981798172
1518.1000000000001,0.32236236333847046
1518.2,0.32326915860176086
1518.3000000000002,0.31795263290405273
1518.4,0.3139258325099945
1518.5,0.3160480856895447
1518.6000000000001,0.325377881526947
1518.7,0.3165854215621948
1518.8000000000002,0.3221058249473572
1518.9,0.3214266300201416
1519.0,0.3109481930732727
1519.1000000000001,0.32591572403907776
1519.2,0.318173885345459
1519.3000000000002,0.3114255666732788
1519.4,0.31759607791900635
1519.5,0.32470929622650146
1519.6000000000001,0.31265363097190857
1519.7,0.31674692034721375
1519.8000000000002,0.317645788192749
1519.9,0.31395891308784485
1520.0,0.3151729702949524
1520.1000000000001,0.3150104284286499
1520.2,0.31151875853538513
1520.3000000000002,0.30638688802719116
1520.4,0.31073251366615295
1520.5,0.32481274008750916
1520.6000000000001,0.3202648460865021
1520.7,0.31220898032188416
1520.8000000000002,0.31650689244270325
1520.9,0.31820520758628845
1521.0,0.3202206492424011
1521.1000000000001,0.32220086455345154
1521.2,0.32603639364242554
1521.3000000000002,0.3147013783454895
1521.4,0.3143983781337738
1521.5,0.31657806038856506
1521.6000000000001,0.3153345286846161
1521.7,0.31397709250450134
1521.8000000000002,0.3084961771965027
1521.9,0.30798351764678955
1522.0,0.3178821802139282
1522.1000000000001,0.3115050196647644
1522.2,0.3144182562828064
1522.3000000000002,0.3084898293018341
1522.4,0.299159437417984
1522.5,0.3104499280452728
1522.6000000000001,0.3135523200035095
1522.7,0.3057444095611572
1522.8000000000002,0.3174878656864166
1522.9,0.3310805559158325
1523.0,0.3529132604598999
1523.1000000000001,0.35211777687072754
1523.2,0.3712470531463623
1523.3000000000002,0.38980698585510254
1523.4,0.40016281604766846
1523.5,0.40362226963043213
1523.6000000000001,0.3955296277999878
1523.7,0.39079931378364563
1523.8000000000002,0.38796812295913696
1523.9,0.38182830810546875
1524.0,0.3705475628376007
1524.1000000000001,0.37887927889823914
1524.2,0.36954227089881897
1524.3000000000002,0.3532654941082001
1524.4,0.3556044101715088
1524.5,0.3419560194015503
1524.6000000000001,0.34703847765922546
1524.7,0.3411635160446167
1524.8000000000002,0.33765894174575806
1524.9,0.3403049409389496
1525.0,0.33687007427215576
1525.1000000000001,0.33956000208854675
1525.2,0.3395385146141052
1525.3000000000002,0.3399966061115265
1525.4,0.3235665559768677
1525.5,0.33604714274406433
1525.6000000000001,0.3346247375011444
1525.7,0.330202579498291
1525.8000000000002,0.33233842253685
1525.9,0.32997825741767883
1526.0,0.3269104063510895
1526.1000000000001,0.3339628577232361
1526.2,0.3220159709453583
1526.3000000000002,0.3247290849685669
1526.4,0.33395272493362427
1526.5,0.3255613446235657
1526.6000000000001,0.3360917270183563
1526.7,0.3324022591114044
1526.8000000000002,0.3242804706096649
1526.9,0.32181158661842346
1527.0,0.32723596692085266
1527.1000000000001,0.32489633560180664
1527.2,0.3284614682197571
1527.3000000000002,0.3294801414012909
1527.4,0.3301982879638672
1527.5,0.3258648216724396
1527.6000000000001,0.32736822962760925
1527.7,0.32508301734924316
1527.8000000000002,0.3247095048427582
1527.9,0.3129470944404602
1528.0,0.3238203823566437
1528.1000000000001,0.3303930163383484
1528.2,0.32282114028930664
1528.3000000000002,0.3297436833381653
1528.4,0.3284032940864563
1528.5,0.31799137592315674
1528.6000000000001,0.3291124999523163
1528.7,0.32559123635292053
1528.8000000000002,0.3205649256706238
1528.9,0.33251067996025085
1529.0,0.321008563041687
1529.1000000000001,0.31585779786109924
1529.2,0.32018375396728516
1529.3000000000002,0.3246822655200958
1529.4,0.3166158199310303
1529.5,0.3165798783302307
1529.6000000000001,0.32866474986076355
1529.7,0.3269973695278168
1529.8000000000002,0.32437703013420105
1529.9,0.32686498761177063
1530.0,0.3198685050010681
1530.1000000000001,0.32323524355888367
1530.2,0.3344525396823883
1530.3000000000002,0.32310017943382263
1530.4,0.3214597702026367
1530.5,0.323037326335907
1530.6000000000001,0.3190848231315613
1530.7,0.3286481499671936
1530.8000000000002,0.3222413957118988
1530.9,0.31815752387046814
1531.0,0.3215771019458771
1531.1000000000001,0.32012060284614563
1531.2,0.3205587565898895
1531.3000000000002,0.3185926675796509
1531.4,0.3148123323917389
1531.5,0.3220294117927551
1531.6000000000001,0.31641167402267456
1531.7,0.3209249675273895
1531.8000000000002,0.3118634819984436
1531.9,0.31993892788887024
1532.0,0.32091838121414185
1532.1000000000001,0.3179231584072113
1532.2,0.31055060029029846
1532.3000000000002,0.3213403820991516
1532.4,0.3205033540725708
1532.5,0.31169915199279785
1532.6000000000001,0.3110269010066986
1532.7,0.30726757645606995
1532.8000000000002,0.3148442208766937
1532.9,0.30973824858665466
1533.0,0.31346145272254944
1533.1000000000001,0.31819117069244385
1533.2,0.3156731128692627
1533.3000000000002,0.30796563625335693
1533.4,0.3166622221469879
1533.5,0.3049209415912628
1533.6000000000001,0.3116675019264221
1533.7,0.31726592779159546
1533.8000000000002,0.31757378578186035
1533.9,0.31238389015197754
1534.0,0.30833977460861206
1534.1000000000001,0.3185092508792877
1534.2,0.31432247161865234
1534.3000000000002,0.3113715648651123
1534.4,0.31361421942710876
1534.5,0.32031339406967163
1534.6000000000001,0.3119455575942993
1534.7,0.31370553374290466
1534.8000000000002,0.3010146915912628
1534.9,0.31327852606773376
1535.0,0.30459558963775635
1535.1000000000001,0.30427056550979614
1535.2,0.30600878596305847
1535.3000000000002,0.313812792301178
1535.4,0.3033435642719269
1535.5,0.30790603160858154
1535.6000000000001,0.3132934868335724
1535.7,0.30811047554016113
1535.8000000000002,0.30270814895629883
1535.9,0.2953391373157501
1536.0,0.3053874969482422
1536.1000000000001,0.3154503107070923
1536.2,0.30965909361839294
1536.3000000000002,0.3042434751987457
1536.4,0.32732048630714417
1536.5,0.3398021459579468
1536.6000000000001,0.35691073536872864
1536.7,0.37482890486717224
1536.8000000000002,0.37779027223587036
1536.9,0.3876049816608429
1537.0,0.39166128635406494
1537.1000000000001,0.3872408866882324
1537.2,0.3969936966896057
1537.3000000000002,0.3857373297214508
1537.4,0.3842109739780426
1537.5,0.37466001510620117
1537.6000000000001,0.37325501441955566
1537.7,0.3491957187652588
1537.8000000000002,0.3457813858985901
1537.9,0.3390669524669647
1538.0,0.34247928857803345
1538.1000000000001,0.3499770164489746
1538.2,0.34215235710144043
1538.3000000000002,0.3379186689853668
1538.4,0.3436034619808197
1538.5,0.3352484703063965
1538.6000000000001,0.33706364035606384
1538.7,0.3346800208091736
1538.8000000000002,0.3354871869087219
1538.9,0.32919842004776
1539.0,0.3169357180595398
1539.1000000000001,0.32742780447006226
1539.2,0.32911670207977295
1539.3000000000002,0.3203587532043457
1539.4,0.3245127499103546
1539.5,0.31675729155540466
1539.6000000000001,0.32138463854789734
1539.7,0.3104875683784485
1539.8000000000002,0.31847816705703735
1539.9,0.3275160789489746
1540.0,0.32530543208122253
1540.1000000000001,0.3194635808467865
1540.2,0.3172338604927063
1540.3000000000002,0.32024097442626953
1540.4,0.32478341460227966
1540.5,0.32298094034194946
1540.6000000000001,0.32696348428726196
1540.7,0.32271909713745117
1540.8000000000002,0.31704434752464294
1540.9,0.31866034865379333
1541.0,0.3112761676311493
1541.1000000000001,0.3156733810901642
1541.2,0.31627538800239563
1541.3000000000002,0.32018065452575684
1541.4,0.31979799270629883
1541.5,0.3211245834827423
1541.6000000000001,0.31847450137138367
1541.7,0.31967297196388245
1541.8000000000002,0.31574222445487976
1541.9,0.32178518176078796
1542.0,0.3157379925251007
1542.1000000000001,0.31477004289627075
1542.2,0.31993892788887024
1542.3000000000002,0.3080154359340668
1542.4,0.3183634877204895
1542.5,0.3129929006099701
1542.6000000000001,0.30814534425735474
1542.7,0.3142330050468445
1542.8000000000002,0.3108327388763428
1542.9,0.31847843527793884
1543.0,0.3167940080165863
1543.1000000000001,0.31592294573783875
1543.2,0.3128567337989807
1543.3000000000002,0.31348466873168945
1543.4,0.31256523728370667
1543.5,0.31755056977272034
1543.6000000000001,0.31330981850624084
1543.7,0.3071589767932892
1543.8000000000002,0.31545329093933105
1543.9,0.2969663739204407
1544.0,0.3140450716018677
1544.1000000000001,0.3147974908351898
1544.2,0.31100156903266907
1544.3000000000002,0.3167983591556549
1544.4,0.3347577750682831
1544.5,0.3311429023742676
1544.6000000000001,0.3639112710952759
1544.7,0.37025582790374756
1544.8000000000002,0.378356009721756
1544.9,0.3936285972595215
1545.0,0.3980250954627991
1545.1000000000001,0.3895196318626404
1545.2,0.39609280228614807
1545.3000000000002,0.3777298629283905
1545.4,0.369274377822876
1545.5,0.3629145622253418
1545.6000000000001,0.36042842268943787
1545.7,0.36117082834243774
1545.8000000000002,0.35248464345932007
1545.9,0.35174238681793213
1546.0,0.35391995310783386
1546.1000000000001,0.3414372503757477
1546.2,0.344997376203537
1546.3000000000002,0.3336118459701538
1546.4,0.3358268141746521
1546.5,0.34651750326156616
1546.6000000000001,0.34589850902557373
1546.7,0.3474200367927551
1546.8000000000002,0.3368067741394043
1546.9,0.32969969511032104
1547.0,0.3195253610610962
1547.1000000000001,0.3288773000240326
1547.2,0.33188140392303467
1547.3000000000002,0.332891047000885
1547.4,0.33046025037765503
1547.5,0.32861000299453735
1547.6000000000001,0.328742653131485
1547.7,0.3220981955528259
1547.8000000000002,0.32666099071502686
1547.9,0.33131489157676697
1548.0,0.32700228691101074
1548.1000000000001,0.3206596374511719
1548.2,0.33361098170280457
1548.3000000000002,0.3205357789993286
1548.4,0.3321892321109772
1548.5,0.3343939185142517
1548.6000000000001,0.32691386342048645
1548.7,0.3204716742038727
1548.8000000000002,0.33045700192451477
1548.9,0.32028427720069885
1549.0,0.3203265368938446
1549.1000000000001,0.32721173763275146
1549.2,0.3240745961666107
1549.3000000000002,0.3368459641933441
1549.4,0.3237766921520233
1549.5,0.32950153946876526
1549.6000000000001,0.3329263925552368
1549.7,0.32140597701072693
1549.8000000000002,0.3318481743335724
1549.9,0.32678431272506714
1550.0,0.32748064398765564
1550.1000000000001,0.32607778906822205
1550.2,0.3185001015663147
1550.3000000000002,0.32886457443237305
1550.4,0.32050809264183044
1550.5,0.325019508600235
1550.6000000000001,0.32101139426231384
1550.7,0.3187703490257263
1550.8000000000002,0.31892991065979004
1550.9,0.3161473870277405
1551.0,0.322488933801651
1551.1000000000001,0.32209962606430054
1551.2,0.32608750462532043
1551.3000000000002,0.32007989287376404
1551.4,0.3245379328727722
1551.5,0.3215635120868683
1551.6000000000001,0.32201099395751953
1551.7,0.32204005122184753
1551.8000000000002,0.32286420464515686
1551.9,0.3212214410305023
1552.0,0.31563836336135864
1552.1000000000001,0.3198421001434326
1552.2,0.3280894160270691
1552.3000000000002,0.3200046718120575
1552.4,0.3185364007949829
1552.5,0.31589269638061523
1552.6000000000001,0.32013139128685
1552.7,0.31703469157218933
1552.8000000000002,0.31654390692710876
1552.9,0.3227802515029907
1553.0,0.3138324022293091
1553.1000000000001,0.3143523633480072
1553.2,0.32122939825057983
1553.3000000000002,0.3173624575138092
1553.4,0.3218323290348053
1553.5,0.3219723403453827
1553.6000000000001,0.3168718218803406
1553.7,0.30557215213775635
1553.8000000000002,0.31958848237991333
1553.9,0.31763648986816406
1554.0,0.3105323314666748
1554.1000000000001,0.3120034635066986
1554.2,0.3150804936885834
1554.3000000000002,0.3169417381286621
1554.4,0.31554892659187317
1554.5,0.30981114506721497
1554.6000000000001,0.32651573419570923
1554.7,0.3046254813671112
1554.8000000000002,0.313808411359787
1554.9,0.3165135681629181
1555.0,0.31541869044303894
1555.1000000000001,0.3017319440841675
1555.2,0.3139374554157257
1555.3000000000002,0.3139002323150635
1555.4,0.310845285654068
1555.5,0.317714124917984
1555.6000000000001,0.31561633944511414
1555.7,0.31896838545799255
1555.8000000000002,0.31012603640556335
1555.9,0.31439754366874695
1556.0,0.30611324310302734
1556.1000000000001,0.2989785969257355
1556.2,0.3164505064487457
1556.3000000000002,0.3137668967247009
1556.4,0.3022898733615875
1556.5,0.3214891254901886
1556.6000000000001,0.3339046239852905
1556.7,0.3382454514503479
1556.8000000000002,0.35923415422439575
1556.9,0.37262749671936035
1557.0,0.37852466106414795
1557.1000000000001,0.3841913938522339
1557.2,0.3952074944972992
1557.3000000000002,0.40541383624076843
1557.4,0.390292763710022
1557.5,0.3958595097064972
1557.6000000000001,0.39260202646255493
1557.7,0.38119348883628845
1557.8000000000002,0.3668038547039032
1557.9,0.3592132329940796
1558.0,0.3552722930908203
1558.1000000000001,0.34820058941841125
1558.2,0.3379742503166199
1558.3000000000002,0.34978941082954407
1558.4,0.3476858139038086
1558.5,0.34282395243644714
1558.6000000000001,0.34541648626327515
1558.7,0.3370611369609833
1558.8000000000002,0.3410308361053467
1558.9,0.3396916687488556
1559.0,0.3306664824485779
1559.1000000000001,0.3373231887817383
1559.2,0.33958566188812256
1559.3000000000002,0.3352431058883667
1559.4,0.326569139957428
1559.5,0.32210028171539307
1559.6000000000001,0.3323071300983429
1559.7,0.32442083954811096
1559.8000000000002,0.32965072989463806
1559.9,0.32706689834594727
1560.0,0.3261362612247467
1560.1000000000001,0.3228055536746979
1560.2,0.32226890325546265
1560.3000000000002,0.32465556263923645
1560.4,0.33693692088127136
1560.5,0.3277674615383148
1560.6000000000001,0.3279995024204254
1560.7,0.3208267390727997
1560.8000000000002,0.323659211397171
1560.9,0.32176631689071655
1561.0,0.32558658719062805
1561.1000000000001,0.3292737305164337
1561.2,0.32140451669692993
1561.3000000000002,0.3215557336807251
1561.4,0.32890141010284424
1561.5,0.31969016790390015
1561.6000000000001,0.3258657455444336
1561.7,0.33098846673965454
1561.8000000000002,0.3190745711326599
1561.9,0.31265124678611755
1562.0,0.32444486021995544
1562.1000000000001,0.31572088599205017
1562.2,0.32040831446647644
1562.3000000000002,0.3255636990070343
1562.4,0.3255220055580139
1562.5,0.31894269585609436
1562.6000000000001,0.3286421597003937
1562.7,0.3221423625946045
1562.8000000000002,0.32051053643226624
1562.9,0.31709998846054077
1563.0,0.32318925857543945
1563.1000000000001,0.32206565141677856
1563.2,0.32378900051116943
1563.3000000000002,0.32371383905410767
1563.4,0.3180711269378662
1563.5,0.3199062645435333
1563.6000000000001,0.31520605087280273
1563.7,0.3184385299682617
1563.8000000000002,0.32368677854537964
1563.9,0.32144641876220703
1564.0,0.3170623779296875
1564.1000000000001,0.3204479217529297
1564.2,0.31958410143852234
1564.3000000000002,0.3097361624240875
1564.4,0.30529412627220154
1564.5,0.3058178126811981
1564.6000000000001,0.3234546184539795
1564.7,0.3169996440410614
1564.8000000000002,0.31955355405807495
1564.9,0.31120261549949646
1565.0,0.315717488527298
1565.1000000000001,0.32195359468460083
1565.2,0.32515981793403625
1565.3000000000002,0.3196200132369995
1565.4,0.3194812536239624
1565.5,0.31851726770401
1565.6000000000001,0.30865350365638733
1565.7,0.3131904602050781
1565.8000000000002,0.30930665135383606
1565.9,0.30850252509117126
1566.0,0.3112119436264038
1566.1000000000001,0.3146783113479614
1566.2,0.31671038269996643
1566.3000000000002,0.30506157875061035
1566.4,0.3119436800479889
1566.5,0.309607595205307
1566.6000000000001,0.30688509345054626
1566.7,0.3083714246749878
1566.8000000000002,0.3183397352695465
1566.9,0.3149908781051636
1567.0,0.3186763525009155
1567.1000000000001,0.3186516761779785
1567.2,0.31551069021224976
1567.3000000000002,0.31545165181159973
1567.4,0.30413001775741577
1567.5,0.30460503697395325
1567.6000000000001,0.30856385827064514
1567.7,0.30618157982826233
1567.8000000000002,0.3084549903869629
1567.9,0.30091533064842224
1568.0,0.3006564676761627
1568.1000000000001,0.3121383488178253
1568.2,0.30772730708122253
1568.3000000000002,0.3141435384750366
1568.4,0.3067108690738678
1568.5,0.30899375677108765
1568.6000000000001,0.29941222071647644
1568.7,0.31202077865600586
1568.8000000000002,0.3009353280067444
1568.9,0.30037063360214233
1569.0,0.32093653082847595
1569.1000000000001,0.3220403790473938
1569.2,0.33509376645088196
1569.3000000000002,0.3453718423843384
1569.4,0.35797828435897827
1569.5,0.3690548241138458
1569.6000000000001,0.3760391175746918
1569.7,0.3899129331111908
1569.8000000000002,0.3919887840747833
1569.9,0.38675737380981445
1570.0,0.38205504417419434
1570.1000000000001,0.3827590048313141
1570.2,0.37002623081207275
1570.3000000000002,0.36948055028915405
1570.4,0.35714930295944214
1570.5,0.3558349609375
1570.6000000000001,0.36179327964782715
1570.7,0.3342494070529938
1570.8000000000002,0.34813693165779114
1570.9,0.3394933044910431
1571.0,0.34769096970558167
1571.1000000000001,0.34411922097206116
1571.2,0.332864373922348
1571.3000000000002,0.34066641330718994
1571.4,0.3392094671726227
1571.5,0.34502193331718445
1571.6000000000001,0.34060052037239075
1571.7,0.32975533604621887
1571.8000000000002,0.33235394954681396
1571.9,0.3345975875854492
1572.0,0.3277416229248047
1572.1000000000001,0.3328401446342468
1572.2,0.33787697553634644
1572.3000000000002,0.330038458108902
1572.4,0.3354426622390747
1572.5,0.3228980600833893
1572.6000000000001,0.32429972290992737
1572.7,0.325276643037796
1572.8000000000002,0.33025074005126953
1572.9,0.31568241119384766
1573.0,0.31424129009246826
1573.1000000000001,0.32794633507728577
1573.2,0.3269375264644623
1573.3000000000002,0.3157496750354767
1573.4,0.3298459053039551
1573.5,0.33342206478118896
1573.6000000000001,0.3276660144329071
1573.7,0.3242194354534149
1573.8000000000002,0.32615089416503906
1573.9,0.3233577609062195
1574.0,0.32908087968826294
1574.1000000000001,0.3269386291503906
1574.2,0.32893943786621094
1574.3000000000002,0.3209150433540344
1574.4,0.32345929741859436
1574.5,0.3271905481815338
1574.6000000000001,0.32562974095344543
1574.7,0.32441797852516174
1574.8000000000002,0.32264164090156555
1574.9,0.31967881321907043
1575.0,0.320835143327713
1575.1000000000001,0.3293524384498596
1575.2,0.32312583923339844
1575.3000000000002,0.3290044665336609
1575.4,0.3177427351474762
1575.5,0.32298773527145386
1575.6000000000001,0.32804393768310547
1575.7,0.3285251259803772
1575.8000000000002,0.32181787490844727
1575.9,0.324201762676239
1576.0,0.32209789752960205
1576.1000000000001,0.3348083198070526
1576.2,0.3155888617038727
1576.3000000000002,0.3139886260032654
1576.4,0.3201732635498047
1576.5,0.32323703169822693
1576.6000000000001,0.3257509469985962
1576.7,0.32704001665115356
1576.8000000000002,0.3235110640525818
1576.9,0.3283469080924988
1577.0,0.32186463475227356
1577.1000000000001,0.3311265707015991
1577.2,0.3239816725254059
1577.3000000000002,0.3142508268356323
1577.4,0.31752029061317444
1577.5,0.31938472390174866
1577.6000000000001,0.32638540863990784
1577.7,0.32437342405319214
1577.8000000000002,0.32729777693748474
1577.9,0.3215218484401703
1578.0,0.3137100040912628
1578.1000000000001,0.315109521150589
1578.2,0.31719842553138733
1578.3000000000002,0.3269893229007721
1578.4,0.31345638632774353
1578.5,0.32590338587760925
1578.6000000000001,0.3195956349372864
1578.7,0.32163161039352417
1578.8000000000002,0.3207356035709381
1578.9,0.32759538292884827
1579.0,0.32001733779907227
1579.1000000000001,0.3175106644630432
1579.2,0.3125331699848175
1579.3000000000002,0.3182390034198761
1579.4,0.32020360231399536
1579.5,0.31122222542762756
1579.6000000000001,0.31549519300460815
1579.7,0.3223912715911865
1579.8000000000002,0.3101673722267151
1579.9,0.31874117255210876
1580.0,0.3148778975009918
1580.1000000000001,0.3101862370967865
1580.2,0.32510533928871155
1580.3000000000002,0.3226436972618103
1580.4,0.32145190238952637
1580.5,0.30698657035827637
1580.6000000000001,0.30259355902671814
1580.7,0.3156943619251251
1580.8000000000002,0.3189607858657837
1580.9,0.3010790944099426
1581.0,0.3082609176635742
1581.1000000000001,0.31099751591682434
1581.2,0.31100961565971375
1581.3000000000002,0.319123774766922
1581.4,0.3087581694126129
1581.5,0.30764007568359375
1581.6000000000001,0.3101460635662079
1581.7,0.32105115056037903
1581.8000000000002,0.3100522756576538
1581.9,0.30467689037323
1582.0,0.3170199394226074
1582.1000000000001,0.31660962104797363
1582.2,0.3071219027042389
1582.3000000000002,0.29786229133605957
1582.4,0.3065601885318756
1582.5,0.31481924653053284
1582.6000000000001,0.3063275218009949
1582.7,0.305937260389328
1582.8000000000002,0.3275589942932129
1582.9,0.34496036171913147
1583.0,0.3627377152442932
1583.1000000000001,0.37063154578208923
1583.2,0.38391613960266113
1583.3000000000002,0.39695173501968384
1583.4,0.3934582769870758
1583.5,0.40173372626304626
1583.6000000000001,0.40426206588745117
1583.7,0.39544224739074707
1583.8000000000002,0.3806404173374176
1583.9,0.3798252046108246
1584.0,0.37700948119163513
1584.1000000000001,0.3581322133541107
1584.2,0.34536656737327576
1584.3000000000002,0.34820741415023804
1584.4,0.34369009733200073
1584.5,0.3390856683254242
1584.6000000000001,0.3370897173881531
1584.7,0.34338700771331787
1584.8000000000002,0.34437304735183716
1584.9,0.346969872713089
1585.0,0.33878543972969055
1585.1000000000001,0.3375939130783081
1585.2,0.3397517800331116
1585.3000000000002,0.3373473286628723
1585.4,0.3314987123012543
1585.5,0.3334948718547821
1585.6000000000001,0.3366177976131439
1585.7,0.32806017994880676
1585.8000000000002,0.3276737332344055
1585.9,0.3299272954463959
1586.0,0.32902488112449646
1586.1000000000001,0.33125919103622437
1586.2,0.3306129276752472
1586.3000000000002,0.33183321356773376
1586.4,0.33188769221305847
1586.5,0.3244970440864563
1586.6000000000001,0.3281839191913605
1586.7,0.32845979928970337
1586.8000000000002,0.3242241144180298
1586.9,0.32770276069641113
1587.0,0.32317110896110535
1587.1000000000001,0.32598236203193665
1587.2,0.3257814943790436
1587.3000000000002,0.3291088938713074
1587.4,0.33121258020401
1587.5,0.3155270218849182
1587.6000000000001,0.32123038172721863
1587.7,0.3204859495162964
1587.8000000000002,0.32500559091567993
1587.9,0.32426026463508606
1588.0,0.33033275604248047
1588.1000000000001,0.3103121519088745
1588.2,0.3225284218788147
1588.3000000000002,0.3234495520591736
1588.4,0.32883450388908386
1588.5,0.3216319978237152
1588.6000000000001,0.3285180628299713
1588.7,0.3283421993255615
1588.8000000000002,0.3184856176376343
1588.9,0.32414710521698
1589.0,0.3230002820491791
1589.1000000000001,0.32248151302337646
1589.2,0.3216998875141144
1589.3000000000002,0.32158321142196655
1589.4,0.32335981726646423
1589.5,0.32108503580093384
1589.6000000000001,0.32864466309547424
1589.7,0.3260185122489929
1589.8000000000002,0.3268429934978485
1589.9,0.3211611211299896
1590.0,0.3163835406303406
1590.1000000000001,0.32036831974983215
1590.2,0.3151763081550598
1590.3000000000002,0.3174934685230255
1590.4,0.32600557804107666
1590.5,0.3099990785121918
1590.6000000000001,0.3126959204673767
1590.7,0.31180131435394287
1590.8000000000002,0.32087427377700806
1590.9,0.3140440881252289
1591.0,0.31660085916519165
1591.1000000000001,0.3147696852684021
1591.2,0.3181302845478058
1591.3000000000002,0.3191765546798706
1591.4,0.3165356516838074
1591.5,0.3145195245742798
1591.6000000000001,0.3073042631149292
1591.7,0.31810975074768066
1591.8000000000002,0.3182653784751892
1591.9,0.3204394280910492
1592.0,0.31780752539634705
1592.1000000000001,0.31253060698509216
1592.2,0.31299370527267456
1592.3000000000002,0.31768229603767395
1592.4,0.31810465455055237
1592.5,0.3149677515029907
1592.6000000000001,0.3006373345851898
1592.7,0.31900325417518616
1592.8000000000002,0.319702684879303
1592.9,0.3005532920360565
1593.0,0.3063713312149048
1593.1000000000001,0.3133598268032074
1593.2,0.31936222314834595
1593.3000000000002,0.3118457794189453
1593.4,0.3121408522129059
1593.5,0.3125152289867401
1593.6000000000001,0.3126942813396454
1593.7,0.31375351548194885
1593.8000000000002,0.30738842487335205
1593.9,0.31351885199546814
1594.0,0.31260040402412415
1594.1000000000001,0.30652672052383423
1594.2,0.3119337558746338
1594.3000000000002,0.3118983805179596
1594.4,0.306465208530426
1594.5,0.30028021335601807
1594.6000000000001,0.3123709261417389
1594.7,0.30659306049346924
1594.8000000000002,0.3111143708229065
1594.9,0.3051241636276245
1595.0,0.3075644373893738
1595.1000000000001,0.30850571393966675
1595.2,0.30997446179389954
1595.3000000000002,0.30926844477653503
1595.4,0.3036881685256958
1595.5,0.3098675012588501
1595.6000000000001,0.31147199869155884
1595.7,0.30490872263908386
1595.8000000000002,0.29959896206855774
1595.9,0.29854318499565125
1596.0,0.3036350607872009
1596.1000000000001,0.3094541132450104
1596.2,0.31155163049697876
1596.3000000000002,0.3207830786705017
1596.4,0.3431432843208313
1596.5,0.34582406282424927
1596.6000000000001,0.3652712404727936
1596.7,0.3754243552684784
1596.8000000000002,0.39562079310417175
1596.9,0.39172255992889404
1597.0,0.3905579745769501
1597.1000000000001,0.3874901235103607
1597.2,0.37836432456970215
1597.3000000000002,0.3806889057159424
1597.4,0.36787909269332886
1597.5,0.37115946412086487
1597.6000000000001,0.352602481842041
1597.7,0.34432560205459595
1597.8000000000002,0.34904053807258606
1597.9,0.3379957377910614
1598.0,0.3380853235721588
1598.1000000000001,0.34000498056411743
1598.2,0.34390532970428467
1598.3000000000002,0.33293670415878296
1598.4,0.3293118476867676
1598.5,0.3276665508747101
1598.6000000000001,0.34041517972946167
1598.7,0.32603928446769714
1598.8000000000002,0.3290899693965912
1598.9,0.3324401378631592
1599.0,0.3276247978210449
1599.1000000000001,0.3268771171569824
1599.2,0.3211991786956787
1599.3000000000002,0.32688382267951965
1599.4,0.328378826379776
1599.5,0.32227179408073425
1599.6000000000001,0.3282608091831207
1599.7,0.32280978560447693
1599.8000000000002,0.32246264815330505
1599.9,0.3229098618030548
1600.0,0.3240692913532257
1600.1000000000001,0.3222186863422394
1600.2,0.3218386471271515
1600.3000000000002,0.3213665187358856
1600.4,0.31984248757362366
1600.5,0.3123871386051178
1600.6000000000001,0.3237520158290863
1600.7,0.3158379793167114
1600.8000000000002,0.3247872292995453
1600.9,0.31529977917671204
1601.0,0.32438573241233826
1601.1000000000001,0.3213118016719818
1601.2,0.3116329610347748
1601.3000000000002,0.3177182376384735
1601.4,0.32141149044036865
1601.5,0.327272891998291
1601.6000000000001,0.32544830441474915
1601.7,0.3236501216888428
1601.8000000000002,0.31062051653862
1601.9,0.31875941157341003
1602.0,0.31062349677085876
1602.1000000000001,0.32252776622772217
1602.2,0.319187730550766
1602.3000000000002,0.31740325689315796
1602.4,0.31594622135162354
1602.5,0.3128896653652191
1602.6000000000001,0.3129180073738098
1602.7,0.3246612250804901
1602.8000000000002,0.31083840131759644
1602.9,0.32368409633636475
1603.0,0.3197474181652069
1603.1000000000001,0.3140659034252167
1603.2,0.31691229343414307
1603.3000000000002,0.32024216651916504
1603.4,0.3114875555038452
1603.5,0.31590181589126587
1603.6000000000001,0.3239237666130066
1603.7,0.3146357834339142
1603.8000000000002,0.299509197473526
1603.9,0.3177151679992676
1604.0,0.32002606987953186
1604.1000000000001,0.30829399824142456
1604.2,0.30778512358665466
1604.3000000000002,0.32668328285217285
1604.4,0.3473599851131439
1604.5,0.3567444682121277
1604.6000000000001,0.3601284921169281
1604.7,0.38659390807151794
1604.8000000000002,0.38590362668037415
1604.9,0.3973865211009979
1605.0,0.4055442214012146
1605.1000000000001,0.39170393347740173
1605.2,0.39879170060157776
1605.3000000000002,0.39535853266716003
1605.4,0.3858133554458618
1605.5,0.37503424286842346
1605.6000000000001,0.3586888313293457
1605.7,0.36204880475997925
1605.8000000000002,0.3546140491962433
1605.9,0.3574942648410797
1606.0,0.35762786865234375
1606.1000000000001,0.3433740437030792
1606.2,0.3413287401199341
1606.3000000000002,0.342852383852005
1606.4,0.3409370183944702
1606.5,0.33771181106567383
1606.6000000000001,0.3416099548339844
1606.7,0.34020882844924927
1606.8000000000002,0.3345951437950134
1606.9,0.34590187668800354
1607.0,0.32490023970603943
1607.1000000000001,0.3220498561859131
1607.2,0.3298405110836029
1607.3000000000002,0.3331567943096161
1607.4,0.32675084471702576
1607.5,0.32809630036354065
1607.6000000000001,0.332722544670105
1607.7,0.3344051241874695
1607.8000000000002,0.32870686054229736
1607.9,0.32958734035491943
1608.0,0.3341410160064697
1608.1000000000001,0.3206712603569031
1608.2,0.3298441469669342
1608.3000000000002,0.32869952917099
1608.4,0.3311693072319031
1608.5,0.3251517713069916
1608.6000000000001,0.3206557333469391
1608.7,0.3117503523826599
1608.8000000000002,0.32353276014328003
1608.9,0.33000314235687256
1609.0,0.3296307921409607
1609.1000000000001,0.33040401339530945
1609.2,0.3241156339645386
1609.3000000000002,0.3323574364185333
1609.4,0.31973400712013245
1609.5,0.32314494252204895
1609.6000000000001,0.3281288743019104
1609.7,0.3291252851486206
1609.8000000000002,0.3238731324672699
1609.9,0.330464631319046
1610.0,0.3299811780452728
1610.1000000000001,0.32782572507858276
1610.2,0.32731035351753235
1610.3000000000002,0.32708466053009033
1610.4,0.33128082752227783
1610.5,0.32550713419914246
1610.6000000000001,0.3263320326805115
1610.7,0.3231242597103119
1610.8000000000002,0.33011534810066223
1610.9,0.3291940689086914
1611.0,0.3207823634147644
1611.1000000000001,0.32742226123809814
1611.2,0.33072492480278015
1611.3000000000002,0.3172624111175537
1611.4,0.32590451836586
1611.5,0.32408660650253296
1611.6000000000001,0.31834715604782104
1611.7,0.3166328966617584
1611.8000000000002,0.3270833194255829
1611.9,0.31645214557647705
1612.0,0.3209052085876465
1612.1000000000001,0.32525891065597534
1612.2,0.32616230845451355
1612.3000000000002,0.32453784346580505
1612.4,0.323332816362381
1612.5,0.3230780065059662
1612.6000000000001,0.32675108313560486
1612.7,0.3299197554588318
1612.8000000000002,0.32392486929893494
1612.9,0.31587645411491394
1613.0,0.3293132483959198
1613.1000000000001,0.3200807571411133
1613.2,0.3246821463108063
1613.3000000000002,0.3170677423477173
1613.4,0.31793656945228577
1613.5,0.3246458172798157
1613.6000000000001,0.3225564956665039
1613.7,0.327532023191452
1613.8000000000002,0.3229725956916809
1613.9,0.3211946189403534
1614.0,0.32293879985809326
1614.1000000000001,0.32811689376831055
1614.2,0.31962040066719055
1614.3000000000002,0.31748998165130615
1614.4,0.3191757798194885
1614.5,0.3244953751564026
1614.6000000000001,0.3224009573459625
1614.7,0.32152464985847473
1614.8000000000002,0.32553035020828247
1614.9,0.31747132539749146
1615.0,0.3167341947555542
1615.1000000000001,0.31791019439697266
1615.2,0.3168472945690155
1615.3000000000002,0.3104543089866638
1615.4,0.31791266798973083
1615.5,0.30938291549682617
1615.6000000000001,0.31787073612213135
1615.7,0.3000432848930359
1615.8000000000002,0.3160654306411743
1615.9,0.3125411868095398
1616.0,0.3057129681110382
1616.1000000000001,0.31576400995254517
1616.2,0.31045499444007874
1616.3000000000002,0.316468745470047
1616.4,0.32238277792930603
1616.5,0.3254980146884918
1616.6000000000001,0.3196313679218292
1616.7,0.31366807222366333
1616.8000000000002,0.31396251916885376
1616.9,0.32132992148399353
1617.0,0.3199010193347931
1617.1000000000001,0.31631535291671753
1617.2,0.31557196378707886
1617.3000000000002,0.30737143754959106
1617.4,0.2986028492450714
1617.5,0.3185034692287445
1617.6000000000001,0.31355708837509155
1617.7,0.32208895683288574
1617.8000000000002,0.3231694996356964
1617.9,0.32407888770103455
1618.0,0.3404031991958618
1618.1000000000001,0.3553694784641266
1618.2,0.3769315779209137
1618.3000000000002,0.3706073760986328
1618.4,0.3917770981788635
1618.5,0.3924902677536011
1618.6000000000001,0.3917272388935089
1618.7,0.38893234729766846
1618.8000000000002,0.3846064507961273
1618.9,0.38033580780029297
1619.0,0.37390419840812683
1619.1000000000001,0.36421626806259155
1619.2,0.3522084355354309
1619.3000000000002,0.3490971326828003
1619.4,0.35640624165534973
1619.5,0.3412153422832489
1619.6000000000001,0.34579232335090637
1619.7,0.3444652259349823
1619.8000000000002,0.3452335298061371
1619.9,0.33491548895835876
1620.0,0.34716475009918213
1620.1000000000001,0.3439529538154602
1620.2,0.33591580390930176
1620.3000000000002,0.34350889921188354
1620.4,0.321877658367157
1620.5,0.320284366607666
1620.6000000000001,0.33409518003463745
1620.7,0.32643792033195496
1620.8000000000002,0.3252892792224884
1620.9,0.3347698152065277
1621.0,0.332684189081192
1621.1000000000001,0.3259935677051544
1621.2,0.3300093710422516
1621.3000000000002,0.3258688747882843
1621.4,0.30960503220558167
1621.5,0.30355268716812134
1621.6000000000001,0.3336987793445587
1621.7,0.33164557814598083
1621.8000000000002,0.32813140749931335
1621.9,0.32728996872901917
1622.0,0.32254526019096375
1622.1000000000001,0.309160053730011
1622.2,0.3157048225402832
1622.3000000000002,0.31951552629470825
1622.4,0.32263150811195374
1622.5,0.32269400358200073
1622.6000000000001,0.3194330334663391
1622.7,0.31411898136138916
1622.8000000000002,0.32839420437812805
1622.9,0.3246120512485504
1623.0,0.32657289505004883
1623.1000000000001,0.3226189613342285
1623.2,0.32527509331703186
1623.3000000000002,0.33143749833106995
1623.4,0.33329135179519653
1623.5,0.3255620002746582
1623.6000000000001,0.3157151937484741
1623.7,0.3234926164150238
1623.8000000000002,0.3290480077266693
1623.9,0.31873956322669983
1624.0,0.3148210942745209
1624.1000000000001,0.32961201667785645
1624.2,0.32403725385665894
1624.3000000000002,0.31798431277275085
1624.4,0.30413487553596497
1624.5,0.3222995102405548
1624.6000000000001,0.32386982440948486
1624.7,0.32427525520324707
1624.8000000000002,0.3229560852050781
1624.9,0.3214227557182312
1625.0,0.3272089958190918
1625.1000000000001,0.32376280426979065
1625.2,0.32135307788848877
1625.3000000000002,0.3286129832267761
1625.4,0.32535871863365173
1625.5,0.32970306277275085
1625.6000000000001,0.3246404528617859
1625.7,0.32477080821990967
1625.8000000000002,0.32795700430870056
1625.9,0.33023253083229065
1626.0,0.32192566990852356
1626.1000000000001,0.31783950328826904
1626.2,0.3185306191444397
1626.3000000000002,0.31221795082092285
1626.4,0.3216823935508728
1626.5,0.3230128884315491
1626.6000000000001,0.3149391710758209
1626.7,0.3236507773399353
1626.8000000000002,0.3247688114643097
1626.9,0.3238736093044281
1627.0,0.3186558783054352
1627.1000000000001,0.31318461894989014
1627.2,0.3185229003429413
1627.3000000000002,0.3158988356590271
1627.4,0.32241812348365784
1627.5,0.32012560963630676
1627.6000000000001,0.3225487470626831
1627.7,0.3122560381889343
1627.8000000000002,0.3117140531539917
1627.9,0.3197367191314697
1628.0,0.3146219253540039
1628.1000000000001,0.3234979510307312
1628.2,0.30928418040275574
1628.3000000000002,0.3071999251842499
1628.4,0.3117845356464386
1628.5,0.31553059816360474
1628.6000000000001,0.31416943669319153
1628.7,0.31710222363471985
1628.8000000000002,0.31391391158103943
1628.9,0.3168763220310211
1629.0,0.3076234757900238
1629.1000000000001,0.3111379146575928
1629.2,0.30815479159355164
1629.3000000000002,0.3155888319015503
1629.4,0.3180437386035919
1629.5,0.3148307502269745
1629.6000000000001,0.30612173676490784
1629.7,0.3170364499092102
1629.8000000000002,0.3152260482311249
1629.9,0.3083428740501404
1630.0,0.29921337962150574
1630.1000000000001,0.3192712068557739
1630.2,0.31420066952705383
1630.3000000000002,0.3113733232021332
1630.4,0.3055620491504669
1630.5,0.33852922916412354
1630.6000000000001,0.3468589782714844
1630.7,0.3447411060333252
1630.8000000000002,0.35071638226509094
1630.9,0.369253545999527
1631.0,0.3779337704181671
1631.1000000000001,0.38113999366760254
1631.2,0.3881857693195343
1631.3000000000002,0.39847123622894287
1631.4,0.3926503658294678
1631.5,0.3827848732471466
1631.6000000000001,0.3877635598182678
1631.7,0.37413719296455383
1631.8000000000002,0.3619416356086731
1631.9,0.35197222232818604
1632.0,0.35580912232398987
1632.1000000000001,0.3571797013282776
1632.2,0.35096657276153564
1632.3000000000002,0.3532189726829529
1632.4,0.35954222083091736
1632.5,0.35070183873176575
1632.6000000000001,0.3481464087963104
1632.7,0.34390518069267273
1632.8000000000002,0.3355743885040283
1632.9,0.33291053771972656
1633.0,0.31956472992897034
1633.1000000000001,0.3313928246498108
1633.2,0.33459874987602234
1633.3000000000002,0.33095312118530273
1633.4,0.329491525888443
1633.5,0.33058905601501465
1633.6000000000001,0.32172101736068726
1633.7,0.33211690187454224
1633.8000000000002,0.32185593247413635
1633.9,0.3300507664680481
1634.0,0.3272092342376709
1634.1000000000001,0.31751158833503723
1634.2,0.3364213705062866
1634.3000000000002,0.33014532923698425
1634.4,0.32178178429603577
1634.5,0.32715141773223877
1634.6000000000001,0.3275984823703766
1634.7,0.32013073563575745
1634.8000000000002,0.3263690173625946
1634.9,0.32459864020347595
1635.0,0.3226344883441925
1635.1000000000001,0.32618826627731323
1635.2,0.3230201005935669
1635.3000000000002,0.32004061341285706
1635.4,0.3191486895084381
1635.5,0.3169471025466919
1635.6000000000001,0.30741697549819946
1635.7,0.3148730397224426
1635.8000000000002,0.32442665100097656
1635.9,0.3133173882961273
1636.0,0.31158578395843506
1636.1000000000001,0.3252531886100769
1636.2,0.32238510251045227
1636.3000000000002,0.320080041885376
1636.4,0.31980764865875244
1636.5,0.312520831823349
1636.6000000000001,0.31612950563430786
1636.7,0.3165445923805237
1636.8000000000002,0.32446032762527466
1636.9,0.31093713641166687
1637.0,0.31831029057502747
1637.1000000000001,0.3167216181755066
1637.2,0.3169078826904297
1637.3000000000002,0.3145023584365845
1637.4,0.3223843276500702
1637.5,0.32088416814804077
1637.6000000000001,0.3263533413410187
1637.7,0.31654495000839233
1637.8000000000002,0.3157097399234772
1637.9,0.3170417547225952
1638.0,0.3060022294521332
1638.1000000000001,0.3189748227596283
1638.2,0.3115062415599823
1638.3000000000002,0.3143124580383301
1638.4,0.3186195194721222
1638.5,0.2997790575027466
1638.6000000000001,0.3180805742740631
1638.7,0.31085205078125
1638.8000000000002,0.3173075020313263
1638.9,0.3244631290435791
1639.0,0.3295988440513611
1639.1000000000001,0.3464595079421997
1639.2,0.3603086471557617
1639.3000000000002,0.3627479672431946
1639.4,0.385288268327713
1639.5,0.3885142207145691
1639.6000000000001,0.3939487040042877
1639.7,0.4028930962085724
1639.8000000000002,0.38843074440956116
1639.9,0.3825604021549225
1640.0,0.3867270350456238
1640.1000000000001,0.38039618730545044
1640.2,0.3781162202358246
1640.3000000000002,0.36308810114860535
1640.4,0.3584148585796356
1640.5,0.35998624563217163
1640.6000000000001,0.35299423336982727
1640.7,0.346104234457016
1640.8000000000002,0.3476921021938324
1640.9,0.33442533016204834
1641.0,0.34731215238571167
1641.1000000000001,0.3497091829776764
1641.2,0.3282771408557892
1641.3000000000002,0.3416065573692322
1641.4,0.34170234203338623
1641.5,0.3334764838218689
1641.6000000000001,0.3273589611053467
1641.7,0.33315160870552063
1641.8000000000002,0.33839669823646545
1641.9,0.3339919149875641
1642.0,0.3287876546382904
1642.1000000000001,0.32710543274879456
1642.2,0.3311678469181061
1642.3000000000002,0.3331005573272705
1642.4,0.3208489418029785
1642.5,0.32541635632514954
1642.6000000000001,0.329507976770401
1642.7,0.3219411075115204
1642.8000000000002,0.32641953229904175
1642.9,0.32143136858940125
1643.0,0.3270604908466339
1643.1000000000001,0.31884410977363586
1643.2,0.32271987199783325
1643.3000000000002,0.3278234601020813
1643.4,0.3265421986579895
1643.5,0.33171308040618896
1643.6000000000001,0.3292351961135864
1643.7,0.330495685338974
1643.8000000000002,0.32678020000457764
1643.9,0.32554343342781067
1644.0,0.32470184564590454
1644.1000000000001,0.324701726436615
1644.2,0.32987162470817566
1644.3000000000002,0.3286379277706146
1644.4,0.3144344985485077
1644.5,0.3255101442337036
1644.6000000000001,0.312870055437088
1644.7,0.32729122042655945
1644.8000000000002,0.3245709240436554
1644.9,0.32840240001678467
1645.0,0.3268947899341583
1645.1000000000001,0.31820955872535706
1645.2,0.32371199131011963
1645.3000000000002,0.32407432794570923
1645.4,0.3283008933067322
1645.5,0.32154136896133423
1645.6000000000001,0.3243284821510315
1645.7,0.32468119263648987
1645.8000000000002,0.3313243091106415
1645.9,0.31501129269599915
1646.0,0.3138830363750458
1646.1000000000001,0.3285214304924011
1646.2,0.3209294080734253
1646.3000000000002,0.3235816955566406
1646.4,0.3331053853034973
1646.5,0.3228417634963989
1646.6000000000001,0.32614055275917053
1646.7,0.32849475741386414
1646.8000000000002,0.3271074891090393
1646.9,0.32115438580513
1647.0,0.32350340485572815
1647.1000000000001,0.3208436071872711
1647.2,0.3242054283618927
1647.3000000000002,0.320224404335022
1647.4,0.32602545619010925
1647.5,0.3137773871421814
1647.6000000000001,0.31634148955345154
1647.7,0.31339871883392334
1647.8000000000002,0.32719114422798157
1647.9,0.3204684555530548
1648.0,0.3292781412601471
1648.1000000000001,0.3204338252544403
1648.2,0.32448431849479675
1648.3000000000002,0.3245888352394104
1648.4,0.3240145444869995
1648.5,0.3205128610134125
1648.6000000000001,0.3190052807331085
1648.7,0.32457712292671204
1648.8000000000002,0.3115319609642029
1648.9,0.3222026824951172
1649.0,0.3177214562892914
1649.1000000000001,0.31587353348731995
1649.2,0.3212222754955292
1649.3000000000002,0.3168220520019531
1649.4,0.32122793793678284
1649.5,0.32139015197753906
1649.6000000000001,0.31509897112846375
1649.7,0.31769320368766785
1649.8000000000002,0.31283336877822876
1649.9,0.31778469681739807
1650.0,0.30683115124702454
1650.1000000000001,0.31661850214004517
1650.2,0.32030487060546875
1650.3000000000002,0.3117455244064331
1650.4,0.3153267502784729
1650.5,0.3190836012363434
1650.6000000000001,0.31906336545944214
1650.7,0.3162960112094879
1650.8000000000002,0.3168949782848358
1650.9,0.31541916728019714
1651.0,0.31853246688842773
1651.1000000000001,0.31583139300346375
1651.2,0.31648847460746765
1651.3000000000002,0.3103686273097992
1651.4,0.3176625967025757
1651.5,0.311557799577713
1651.6000000000001,0.31000253558158875
1651.7,0.3105275332927704
1651.8000000000002,0.31759098172187805
1651.9,0.31764572858810425
1652.0,0.3128756284713745
1652.1000000000001,0.30608776211738586
1652.2,0.312238872051239
1652.3000000000002,0.3153202533721924
1652.4,0.30799251794815063
1652.5,0.30905067920684814
1652.6000000000001,0.31736496090888977
1652.7,0.3148355185985565
1652.8000000000002,0.3124815821647644
1652.9,0.29665666818618774
1653.0,0.31013596057891846
1653.1000000000001,0.3039724826812744
1653.2,0.29562628269195557
1653.3000000000002,0.30780667066574097
1653.4,0.31842759251594543
1653.5,0.33600348234176636
1653.6000000000001,0.34237101674079895
1653.7,0.36421576142311096
1653.8000000000002,0.37252554297447205
1653.9,0.38782209157943726
1654.0,0.3838661313056946
1654.1000000000001,0.40224844217300415
1654.2,0.37129828333854675
1654.3000000000002,0.3954426646232605
1654.4,0.3919464647769928
1654.5,0.3869938254356384
1654.6000000000001,0.3823462426662445
1654.7,0.3694629669189453
1654.8000000000002,0.36262622475624084
1654.9,0.36058008670806885
1655.0,0.3520887792110443
1655.1000000000001,0.34402161836624146
1655.2,0.3435823321342468
1655.3000000000002,0.34840837121009827
1655.4,0.34564894437789917
1655.5,0.3408649265766144
1655.6000000000001,0.3364148437976837
1655.7,0.3350764214992523
1655.8000000000002,0.3415376842021942
1655.9,0.33462777733802795
1656.0,0.3381722569465637
1656.1000000000001,0.3349000811576843
1656.2,0.32882198691368103
1656.3000000000002,0.32999271154403687
1656.4,0.3422929644584656
1656.5,0.3284139931201935
1656.6000000000001,0.3219783306121826
1656.7,0.3322674632072449
1656.8000000000002,0.3292710483074188
1656.9,0.3195149004459381
1657.0,0.32527410984039307
1657.1000000000001,0.32132479548454285
1657.2,0.3260761797428131
1657.3000000000002,0.32575511932373047
1657.4,0.3270278573036194
1657.5,0.3308548629283905
1657.6000000000001,0.3325086832046509
1657.7,0.32950732111930847
1657.8000000000002,0.3228001594543457
1657.9,0.32598400115966797
1658.0,0.3205825090408325
1658.1000000000001,0.32702216506004333
1658.2,0.3216491937637329
1658.3000000000002,0.3246012032032013
1658.4,0.3225846290588379
1658.5,0.33222833275794983
1658.6000000000001,0.3229743242263794
1658.7,0.33200669288635254
1658.8000000000002,0.3235799968242645
1658.9,0.32153794169425964
1659.0,0.3258771598339081
1659.1000000000001,0.3238464295864105
1659.2,0.3287227749824524
1659.3000000000002,0.3281688690185547
1659.4,0.3196799159049988
1659.5,0.3196597993373871
1659.6000000000001,0.31929513812065125
1659.7,0.3207637071609497
1659.8000000000002,0.32469987869262695
1659.9,0.31619423627853394
1660.0,0.32998231053352356
1660.1000000000001,0.33167189359664917
1660.2,0.32144325971603394
1660.3000000000002,0.3047080934047699
1660.4,0.32192835211753845
1660.5,0.3194344639778137
1660.6000000000001,0.32739725708961487
1660.7,0.3193339407444
1660.8000000000002,0.3167509138584137
1660.9,0.3296681344509125
1661.0,0.32200145721435547
1661.1000000000001,0.314187616109848
1661.2,0.32058313488960266
1661.3000000000002,0.3277231454849243
1661.4,0.3176558315753937
1661.5,0.3182520270347595
1661.6000000000001,0.31862515211105347
1661.7,0.31607720255851746
1661.8000000000002,0.31473544239997864
1661.9,0.32538753747940063
1662.0,0.31261950731277466
1662.1000000000001,0.3164341449737549
1662.2,0.3200662136077881
1662.3000000000002,0.32250097393989563
1662.4,0.3085659444332123
1662.5,0.32054829597473145
1662.6000000000001,0.31052008271217346
1662.7,0.32141801714897156
1662.8000000000002,0.317348837852478
1662.9,0.31434720754623413
1663.0,0.3183431625366211
1663.1000000000001,0.31930819153785706
1663.2,0.31406107544898987
1663.3000000000002,0.3145628869533539
1663.4,0.32221269607543945
1663.5,0.30870217084884644
1663.6000000000001,0.3194323182106018
1663.7,0.29774564504623413
1663.8000000000002,0.3168708086013794
1663.9,0.3065848648548126
1664.0,0.3120701014995575
1664.1000000000001,0.31656646728515625
1664.2,0.32209277153015137
1664.3000000000002,0.35291269421577454
1664.4,0.3576362133026123
1664.5,0.3741028606891632
1664.6000000000001,0.3898044228553772
1664.7,0.3881513178348541
1664.8000000000002,0.3933502435684204
1664.9,0.39630621671676636
1665.0,0.40364497900009155
1665.1000000000001,0.3975278437137604
1665.2,0.3834032416343689
1665.3000000000002,0.3636457026004791
1665.4,0.36432355642318726
1665.5,0.362384557723999
1665.6000000000001,0.35969278216362
1665.7,0.3513488471508026
1665.8000000000002,0.34949156641960144
1665.9,0.3545651137828827
1666.0,0.34750083088874817
1666.1000000000001,0.3400326073169708
1666.2,0.3462240397930145
1666.3000000000002,0.3395691514015198
1666.4,0.3352927565574646
1666.5,0.33675065636634827
1666.6000000000001,0.33179521560668945
1666.7,0.3275274336338043
1666.8000000000002,0.33436742424964905
1666.9,0.3228742480278015
1667.0,0.3299510180950165
1667.1000000000001,0.31990551948547363
1667.2,0.3276611566543579
1667.3000000000002,0.321549654006958
1667.4,0.33212152123451233
1667.5,0.3381422162055969
1667.6000000000001,0.3371350169181824
1667.7,0.3244047164916992
1667.8000000000002,0.32114237546920776
1667.9,0.31300491094589233
1668.0,0.3168363869190216
1668.1000000000001,0.3252483010292053
1668.2,0.32251569628715515
1668.3000000000002,0.3257361948490143
1668.4,0.33266934752464294
1668.5,0.3203744888305664
1668.6000000000001,0.3263586461544037
1668.7,0.3155967891216278
1668.8000000000002,0.32383987307548523
1668.9,0.3247692286968231
1669.0,0.3322463631629944
1669.1000000000001,0.3214257061481476
1669.2,0.3250254988670349
1669.3000000000002,0.30688562989234924
1669.4,0.3236736059188843
1669.5,0.31467440724372864
1669.6000000000001,0.3150259256362915
1669.7,0.32070982456207275
1669.8000000000002,0.3269231617450714
1669.9,0.32219767570495605
1670.0,0.3229127526283264
1670.1000000000001,0.3316197693347931
1670.2,0.3174999952316284
1670.3000000000002,0.3274732828140259
1670.4,0.329479843378067
1670.5,0.3268115818500519
1670.6000000000001,0.3285404443740845
1670.7,0.3196643888950348
1670.8000000000002,0.3316965699195862
1670.9,0.31571516394615173
1671.0,0.3294859230518341
1671.1000000000001,0.32388144731521606
1671.2,0.32515645027160645
1671.3000000000002,0.33031758666038513
1671.4,0.3246576488018036
1671.5,0.3270489275455475
1671.6000000000001,0.3227176368236542
1671.7,0.3212893605232239
1671.8000000000002,0.31802594661712646
1671.9,0.3214606046676636
1672.0,0.3262869417667389
1672.1000000000001,0.3243582546710968
1672.2,0.32312583923339844
1672.3000000000002,0.3316260576248169
1672.4,0.3300386667251587
1672.5,0.32536664605140686
1672.6000000000001,0.33194291591644287
1672.7,0.32545414566993713
1672.8000000000002,0.3176279664039612
1672.9,0.3192247152328491
1673.0,0.33053523302078247
1673.1000000000001,0.32183021306991577
1673.2,0.3227153718471527
1673.3000000000002,0.319463312625885
1673.4,0.32171231508255005
1673.5,0.32785558700561523
1673.6000000000001,0.3149353265762329
1673.7,0.32549533247947693
1673.8000000000002,0.31703779101371765
1673.9,0.3195571303367615
1674.0,0.3196106553077698
1674.1000000000001,0.32450905442237854
1674.2,0.31728437542915344
1674.3000000000002,0.3125768303871155
1674.4,0.32019856572151184
1674.5,0.32368916273117065
1674.6000000000001,0.3253597617149353
1674.7,0.29826709628105164
1674.8000000000002,0.3213719129562378
1674.9,0.3161458671092987
1675.0,0.32133352756500244
1675.1000000000001,0.33686551451683044
1675.2,0.34757301211357117
1675.3000000000002,0.3558283746242523
1675.4,0.36388370394706726
1675.5,0.3868325352668762
1675.6000000000001,0.38825127482414246
1675.7,0.4052770137786865
1675.8000000000002,0.4155949652194977
1675.9,0.40703168511390686
1676.0,0.4007875919342041
1676.1000000000001,0.39836832880973816
1676.2,0.38543936610221863
1676.3000000000002,0.3888360559940338
1676.4,0.3788948655128479
1676.5,0.36626073718070984
1676.6000000000001,0.36409085988998413
1676.7,0.360820472240448
1676.8000000000002,0.3449600636959076
1676.9,0.35903868079185486
1677.0,0.3458714485168457
1677.1000000000001,0.34283381700515747
1677.2,0.3434005379676819
1677.3000000000002,0.34522849321365356
1677.4,0.3432864546775818
1677.5,0.3323207497596741
1677.6000000000001,0.34083911776542664
1677.7,0.32996392250061035
1677.8000000000002,0.337414026260376
1677.9,0.3302087187767029
1678.0,0.331216424703598
1678.1000000000001,0.3307591378688812
1678.2,0.31907111406326294
1678.3000000000002,0.325262188911438
1678.4,0.33304357528686523
1678.5,0.3297906816005707
1678.6000000000001,0.32511627674102783
1678.7,0.3224146068096161
1678.8000000000002,0.3215203881263733
1678.9,0.3278033435344696
1679.0,0.32438206672668457
1679.1000000000001,0.3308597803115845
1679.2,0.32391881942749023
1679.3000000000002,0.3366243243217468
1679.4,0.3296915888786316
1679.5,0.32285401225090027
1679.6000000000001,0.32797637581825256
1679.7,0.3224332630634308
1679.8000000000002,0.3145938515663147
1679.9,0.3140929341316223
1680.0,0.3256535530090332
1680.1000000000001,0.3199581801891327
1680.2,0.3204323351383209
1680.3000000000002,0.3294617831707001
1680.4,0.32488831877708435
1680.5,0.33171963691711426
1680.6000000000001,0.3248591721057892
1680.7,0.3235686421394348
1680.8000000000002,0.32009419798851013
1680.9,0.3227914571762085
1681.0,0.32594361901283264
1681.1000000000001,0.32379281520843506
1681.2,0.3224540054798126
1681.3000000000002,0.3240787386894226
1681.4,0.31015434861183167
1681.5,0.3290490210056305
1681.6000000000001,0.32131680846214294
1681.7,0.3263898491859436
1681.8000000000002,0.3207758069038391
1681.9,0.32667800784111023
1682.0,0.32720932364463806
1682.1000000000001,0.32679441571235657
1682.2,0.31687477231025696
1682.3000000000002,0.3252178132534027
1682.4,0.33139243721961975
1682.5,0.3234250247478485
1682.6000000000001,0.3043615520000458
1682.7,0.3213545083999634
1682.8000000000002,0.32085490226745605
1682.9,0.3217199742794037
1683.0,0.32650643587112427
1683.1000000000001,0.3251565396785736
1683.2,0.32107287645339966
1683.3000000000002,0.32218027114868164
1683.4,0.3175361454486847
1683.5,0.32774731516838074
1683.6000000000001,0.31466585397720337
1683.7,0.3059048652648926
1683.8000000000002,0.31988808512687683
1683.9,0.31444302201271057
1684.0,0.3213140666484833
1684.1000000000001,0.3227914869785309
1684.2,0.3196152150630951
1684.3000000000002,0.3278701603412628
1684.4,0.3182081878185272
1684.5,0.32034358382225037
1684.6000000000001,0.3212255537509918
1684.7,0.3087252974510193
1684.8000000000002,0.32201987504959106
1684.9,0.31983745098114014
1685.0,0.3188095688819885
1685.1000000000001,0.3211374580860138
1685.2,0.319327712059021
1685.3000000000002,0.3202829658985138
1685.4,0.3034907579421997
1685.5,0.3194176256656647
1685.6000000000001,0.314322829246521
1685.7,0.3120128810405731
1685.8000000000002,0.31795188784599304
1685.9,0.32103514671325684
1686.0,0.3182651400566101
1686.1000000000001,0.30518877506256104
1686.2,0.31431010365486145
1686.3000000000002,0.3137345314025879
1686.4,0.3129892945289612
1686.5,0.3162493109703064
1686.6000000000001,0.31309378147125244
1686.7,0.30273765325546265
1686.8000000000002,0.3079063892364502
1686.9,0.31733888387680054
1687.0,0.3160122036933899
1687.1000000000001,0.3152245581150055
1687.2,0.3117322623729706
1687.3000000000002,0.30539295077323914
1687.4,0.3128032386302948
1687.5,0.2969534695148468
1687.6000000000001,0.305359810590744
1687.7,0.31720834970474243
1687.8000000000002,0.3140116333961487
1687.9,0.32095399498939514
1688.0,0.3412237763404846
1688.1000000000001,0.345527321100235
1688.2,0.35148143768310547
1688.3000000000002,0.372534841299057
1688.4,0.3752345144748688
1688.5,0.38976624608039856
1688.6000000000001,0.3964865207672119
1688.7,0.40791377425193787
1688.8000000000002,0.39764976501464844
1688.9,0.3878372311592102
1689.0,0.3947063684463501
1689.1000000000001,0.3852471709251404
1689.2,0.38416627049446106
1689.3000000000002,0.3605799078941345
1689.4,0.363075315952301
1689.5,0.3607758581638336
1689.6000000000001,0.34854423999786377
1689.7,0.3480996787548065
1689.8000000000002,0.3519008755683899
1689.9,0.3392256796360016
1690.0,0.34387171268463135
1690.1000000000001,0.34432730078697205
1690.2,0.344097375869751
1690.3000000000002,0.3130933940410614
1690.4,0.33759915828704834
1690.5,0.3244893550872803
1690.6000000000001,0.32974982261657715
1690.7,0.33069270849227905
1690.8000000000002,0.3187199532985687
1690.9,0.33631187677383423
1691.0,0.3266969323158264
1691.1000000000001,0.3315173387527466
1691.2,0.3259207606315613
1691.3000000000002,0.323322057723999
1691.4,0.32408007979393005
1691.5,0.32756516337394714
1691.6000000000001,0.32110166549682617
1691.7,0.3228965401649475
1691.8000000000002,0.3324425220489502
1691.9,0.3189932703971863
1692.0,0.32759329676628113
1692.1000000000001,0.3244427442550659
1692.2,0.32711443305015564
1692.3000000000002,0.3268178105354309
1692.4,0.3299767076969147
1692.5,0.3222849369049072
1692.6000000000001,0.3264252841472626
1692.7,0.32107120752334595
1692.8000000000002,0.32012948393821716
1692.9,0.32367753982543945
1693.0,0.32858806848526
1693.1000000000001,0.32810869812965393
1693.2,0.3244200646877289
1693.3000000000002,0.32802313566207886
1693.4,0.32561492919921875
1693.5,0.3284135162830353
1693.6000000000001,0.3297199308872223
1693.7,0.3248087465763092
1693.8000000000002,0.3301609754562378
1693.9,0.33014369010925293
1694.0,0.330855131149292
1694.1000000000001,0.32374417781829834
1694.2,0.3226243853569031
1694.3000000000002,0.33374831080436707
1694.4,0.3276304602622986
1694.5,0.3312268555164337
1694.6000000000001,0.3145761489868164
1694.7,0.331275999546051
1694.8000000000002,0.3270784914493561
1694.9,0.3222881257534027
1695.0,0.3337116241455078
1695.1000000000001,0.32522138953208923
1695.2,0.3252214193344116
1695.3000000000002,0.3202112019062042
1695.4,0.330374151468277
1695.5,0.33235517144203186
1695.6000000000001,0.3211517333984375
1695.7,0.328434020280838
1695.8000000000002,0.3173752725124359
1695.9,0.3228716552257538
1696.0,0.3313870429992676
1696.1000000000001,0.32722100615501404
1696.2,0.328036904335022
1696.3000000000002,0.32746294140815735
1696.4,0.3259647488594055
1696.5,0.32842451333999634
1696.6000000000001,0.3230327069759369
1696.7,0.329690158367157
1696.8000000000002,0.33147677779197693
1696.9,0.32684123516082764
1697.0,0.33025214076042175
1697.1000000000001,0.330276221036911
1697.2,0.33099812269210815
1697.3000000000002,0.33035755157470703
1697.4,0.3301521837711334
1697.5,0.32901135087013245
1697.6000000000001,0.32149359583854675
1697.7,0.32601386308670044
1697.8000000000002,0.32839900255203247
1697.9,0.3297199010848999
1698.0,0.3155061900615692
1698.1000000000001,0.32792529463768005
1698.2,0.31424418091773987
1698.3000000000002,0.3319290280342102
1698.4,0.32327383756637573
1698.5,0.32102063298225403
1698.6000000000001,0.32621508836746216
1698.7,0.32694321870803833
1698.8000000000002,0.3314574062824249
1698.9,0.3271108865737915
1699.0,0.3151177167892456
1699.1000000000001,0.3195207118988037
1699.2,0.32451131939888
1699.3000000000002,0.3270142674446106
1699.4,0.3263792097568512
1699.5,0.32549527287483215
1699.6000000000001,0.3284987509250641
1699.7,0.3232106566429138
1699.8000000000002,0.3266431987285614
1699.9,0.3261933922767639
1700.0,0.31912723183631897
1700.1000000000001,0.3255285322666168
1700.2,0.328971266746521
1700.3000000000002,0.3248783349990845
1700.4,0.3237714469432831
1700.5,0.3242400586605072
1700.6000000000001,0.3213597536087036
1700.7,0.32219499349594116
1700.8000000000002,0.32381269335746765
1700.9,0.3240181505680084
1701.0,0.3203607201576233
1701.1000000000001,0.31348058581352234
1701.2,0.32051363587379456
1701.3000000000002,0.3205748498439789
1701.4,0.3156163692474365
1701.5,0.3111884891986847
1701.6000000000001,0.3102698028087616
1701.7,0.3185109496116638
1701.8000000000002,0.31497663259506226
1701.9,0.3100585639476776
1702.0,0.3169616758823395
1702.1000000000001,0.32663100957870483
1702.2,0.31393715739250183
1702.3000000000002,0.3110322058200836
1702.4,0.31199368834495544
1702.5,0.3105265200138092
1702.6000000000001,0.32189998030662537
1702.7,0.3168911635875702
1702.8000000000002,0.31284287571907043
1702.9,0.3175014853477478
1703.0,0.31913113594055176
1703.1000000000001,0.32094523310661316
1703.2,0.31265613436698914
1703.3000000000002,0.3174269199371338
1703.4,0.31734439730644226
1703.5,0.31480416655540466
1703.6000000000001,0.3185860812664032
1703.7,0.3131776750087738
1703.8000000000002,0.31190893054008484
1703.9,0.3144869804382324
1704.0,0.31067681312561035
1704.1000000000001,0.312054842710495
1704.2,0.31501680612564087
1704.3000000000002,0.3049872815608978
1704.4,0.31527140736579895
1704.5,0.30361127853393555
1704.6000000000001,0.2997322082519531
1704.7,0.30795857310295105
1704.8000000000002,0.30204594135284424
1704.9,0.3089866042137146
1705.0,0.32769349217414856
1705.1000000000001,0.320658415555954
1705.2,0.34230002760887146
1705.3000000000002,0.3589329719543457
1705.4,0.3711692690849304
1705.5,0.3860202729701996
1705.6000000000001,0.396097868680954
1705.7,0.392640084028244
1705.8000000000002,0.40708842873573303
1705.9,0.4093089699745178
1706.0,0.39818885922431946
1706.1000000000001,0.3857111632823944
1706.2,0.3886784315109253
1706.3000000000002,0.3746294677257538
1706.4,0.3684716522693634
1706.5,0.3584887683391571
1706.6000000000001,0.3637638986110687
1706.7,0.348012238740921
1706.8000000000002,0.3500003218650818
1706.9,0.3474403917789459
1707.0,0.34009015560150146
1707.1000000000001,0.3427647054195404
1707.2,0.33200863003730774
1707.3000000000002,0.34098297357559204
1707.4,0.3274938762187958
1707.5,0.33587193489074707
1707.6000000000001,0.3370320796966553
1707.7,0.3380613625049591
1707.8000000000002,0.3340197503566742
1707.9,0.33462515473365784
1708.0,0.33328700065612793
1708.1000000000001,0.33097442984580994
1708.2,0.3297678232192993
1708.3000000000002,0.3333580493927002
1708.4,0.32835450768470764
1708.5,0.32504528760910034
1708.6000000000001,0.32974764704704285
1708.7,0.32361945509910583
1708.8000000000002,0.32696059346199036
1708.9,0.3235282003879547
1709.0,0.3221193850040436
1709.1000000000001,0.32866165041923523
1709.2,0.3186875283718109
1709.3000000000002,0.3258684575557709
1709.4,0.32205113768577576
1709.5,0.3206390142440796
1709.6000000000001,0.3294559121131897
1709.7,0.33284446597099304
1709.8000000000002,0.33247116208076477
1709.9,0.3222101926803589
1710.0,0.3264129161834717
1710.1000000000001,0.3229254484176636
1710.2,0.3232903480529785
1710.3000000000002,0.3179490566253662
1710.4,0.32909929752349854
1710.5,0.3274148106575012
1710.6000000000001,0.3271894156932831
1710.7,0.32769083976745605
1710.8000000000002,0.3273759186267853
1710.9,0.32075923681259155
1711.0,0.3305714428424835
1711.1000000000001,0.32796940207481384
1711.2,0.32893791794776917
1711.3000000000002,0.32524374127388
1711.4,0.32621538639068604
1711.5,0.3280603885650635
1711.6000000000001,0.32227933406829834
1711.7,0.31987738609313965
1711.8000000000002,0.32661426067352295
1711.9,0.3186633288860321
1712.0,0.3247950077056885
1712.1000000000001,0.3276703357696533
1712.2,0.3223283588886261
1712.3000000000002,0.33115968108177185
1712.4,0.3187570869922638
1712.5,0.3215867578983307
1712.6000000000001,0.32688865065574646
1712.7,0.31852373480796814
1712.8000000000002,0.3241494596004486
1712.9,0.3192780911922455
1713.0,0.3206515908241272
1713.1000000000001,0.32861873507499695
1713.2,0.31266021728515625
1713.3000000000002,0.32091736793518066
1713.4,0.32143598794937134
1713.5,0.3251219093799591
1713.6000000000001,0.3237124979496002
1713.7,0.32208794355392456
1713.8000000000002,0.3160441517829895
1713.9,0.3201436996459961
1714.0,0.32678651809692383
1714.1000000000001,0.3203844130039215
1714.2,0.3208487033843994
1714.3000000000002,0.3327730596065521
1714.4,0.3180258572101593
1714.5,0.3145292401313782
1714.6000000000001,0.3194577693939209
1714.7,0.32991331815719604
1714.8000000000002,0.31912410259246826
1714.9,0.30717718601226807
1715.0,0.3211483657360077
1715.1000000000001,0.31945130228996277
1715.2,0.3143858015537262
1715.3000000000002,0.3134932816028595
1715.4,0.31359583139419556
1715.5,0.3124285340309143
1715.6000000000001,0.31369197368621826
1715.7,0.31582674384117126
1715.8000000000002,0.308662086725235
1715.9,0.3154279291629791
1716.0,0.3213266432285309
1716.1000000000001,0.3117833435535431
1716.2,0.3114890158176422
1716.3000000000002,0.30813002586364746
1716.4,0.31534236669540405
1716.5,0.31483325362205505
1716.6000000000001,0.3043103814125061
1716.7,0.31173744797706604
1716.8000000000002,0.30841413140296936
1716.9,0.31164389848709106
1717.0,0.3109838664531708
1717.1000000000001,0.3059910535812378
1717.2,0.3100131154060364
1717.3000000000002,0.3139444589614868
1717.4,0.30770862102508545
1717.5,0.3117264211177826
1717.6000000000001,0.29975879192352295
1717.7,0.30375728011131287
1717.8000000000002,0.3056612014770508
1717.9,0.31023526191711426
1718.0,0.316384494304657
1718.1000000000001,0.31766942143440247
1718.2,0.34461528062820435
1718.3000000000002,0.35372164845466614
1718.4,0.37731900811195374
1718.5,0.3714805245399475
1718.6000000000001,0.3810843825340271
1718.7,0.3931223154067993
1718.8000000000002,0.4035528898239136
1718.9,0.40082308650016785
1719.0,0.39881712198257446
1719.1000000000001,0.39564988017082214
1719.2,0.3926064670085907
1719.3000000000002,0.3802354335784912
1719.4,0.3739476501941681
1719.5,0.36170628666877747
1719.6000000000001,0.3616102337837219
1719.7,0.3597759008407593
1719.8000000000002,0.34731149673461914
1719.9,0.34431880712509155
1720.0,0.3504793047904968
1720.1000000000001,0.3377011716365814
1720.2,0.3420729637145996
1720.3000000000002,0.33371931314468384
1720.4,0.3410147428512573
1720.5,0.3384353220462799
1720.6000000000001,0.34092849493026733
1720.7,0.34423279762268066
1720.8000000000002,0.32406118512153625
1720.9,0.329222172498703
1721.0,0.32537439465522766
1721.1000000000001,0.32731106877326965
1721.2,0.3273650109767914
1721.3000000000002,0.32973700761795044
1721.4,0.3327774703502655
1721.5,0.3284476101398468
1721.6000000000001,0.32257455587387085
1721.7,0.3222833573818207
1721.8000000000002,0.32959675788879395
1721.9,0.3298197388648987
1722.0,0.3226567804813385
1722.1000000000001,0.3271198272705078
1722.2,0.33026373386383057
1722.3000000000002,0.3273952305316925
1722.4,0.3184228241443634
1722.5,0.3298632502555847
1722.6000000000001,0.32390153408050537
1722.7,0.3187755048274994
1722.8000000000002,0.32374098896980286
1722.9,0.32318493723869324
1723.0,0.3225310146808624
1723.1000000000001,0.3140089511871338
1723.2,0.31830549240112305
1723.3000000000002,0.32959336042404175
1723.4,0.3228720426559448
1723.5,0.3294227123260498
1723.6000000000001,0.3295237123966217
1723.7,0.32153189182281494
1723.8000000000002,0.32343441247940063
1723.9,0.3313473165035248
1724.0,0.3228185474872589
1724.1000000000001,0.3138313591480255
1724.2,0.32734644412994385
1724.3000000000002,0.32660287618637085
1724.4,0.33070722222328186
1724.5,0.31570446491241455
1724.6000000000001,0.33447980880737305
1724.7,0.3120231032371521
1724.8000000000002,0.3211449086666107
1724.9,0.32791316509246826
1725.0,0.3213142454624176
1725.1000000000001,0.319058358669281
1725.2,0.32672324776649475
1725.3000000000002,0.33063891530036926
1725.4,0.3265967071056366
1725.5,0.3285408616065979
1725.6000000000001,0.31850874423980713
1725.7,0.3254827558994293
1725.8000000000002,0.32109931111335754
1725.9,0.31828707456588745
1726.0,0.32377710938453674
1726.1000000000001,0.3211962878704071
1726.2,0.3290640413761139
1726.3000000000002,0.3276040852069855
1726.4,0.32573479413986206
1726.5,0.32185474038124084
1726.6000000000001,0.32540038228034973
1726.7,0.33137062191963196
1726.8000000000002,0.33051347732543945
1726.9,0.3053269684314728
1727.0,0.319915235042572
1727.1000000000001,0.3278670310974121
1727.2,0.3186551034450531
1727.3000000000002,0.3227180540561676
1727.4,0.30520713329315186
1727.5,0.32579123973846436
1727.6000000000001,0.3187851309776306
1727.7,0.3261719346046448
1727.8000000000002,0.31956568360328674
1727.9,0.32220035791397095
1728.0,0.32274606823921204
1728.1000000000001,0.3198511302471161
1728.2,0.31669309735298157
1728.3000000000002,0.32754868268966675
1728.4,0.32256245613098145
1728.5,0.31541907787323
1728.6000000000001,0.31727632880210876
1728.7,0.3216615617275238
1728.8000000000002,0.32020726799964905
1728.9,0.3142854869365692
1729.0,0.32091841101646423
1729.1000000000001,0.31860587000846863
1729.2,0.3182351291179657
1729.3000000000002,0.31873589754104614
1729.4,0.32419493794441223
1729.5,0.31981712579727173
1729.6000000000001,0.31385743618011475
1729.7,0.31777337193489075
1729.8000000000002,0.31471166014671326
1729.9,0.3207227289676666
1730.0,0.31517481803894043
1730.1000000000001,0.3188822567462921
1730.2,0.30987563729286194
1730.3000000000002,0.3067484498023987
1730.4,0.3210875391960144
1730.5,0.3033994138240814
1730.6000000000001,0.3126453161239624
1730.7,0.310303658246994
1730.8000000000002,0.31370532512664795
1730.9,0.31268441677093506
1731.0,0.31428542733192444
1731.1000000000001,0.3190179169178009
1731.2,0.31163910031318665
1731.3000000000002,0.31318122148513794
1731.4,0.3072715997695923
1731.5,0.31660234928131104
1731.6000000000001,0.31288760900497437
1731.7,0.31686434149742126
1731.8000000000002,0.3043282926082611
1731.9,0.31329092383384705
1732.0,0.3137705326080322
1732.1000000000001,0.3089340627193451
1732.2,0.3138977289199829
1732.3000000000002,0.30626606941223145
1732.4,0.31330040097236633
1732.5,0.3045286238193512
1732.6000000000001,0.3054128587245941
1732.7,0.309949666261673
1732.8000000000002,0.31102293729782104
1732.9,0.3111043870449066
1733.0,0.3156757950782776
1733.1000000000001,0.2962918281555176
1733.2,0.30915144085884094
1733.3000000000002,0.31006357073783875
1733.4,0.30450859665870667
1733.5,0.31969916820526123
1733.6000000000001,0.327127069234848
1733.7,0.33758285641670227
1733.8000000000002,0.35170361399650574
1733.9,0.3561108708381653
1734.0,0.3732990026473999
1734.1000000000001,0.3772512674331665
1734.2,0.38105127215385437
1734.3000000000002,0.3858042061328888
1734.4,0.39452576637268066
1734.5,0.39463362097740173
1734.6000000000001,0.38584020733833313
1734.7,0.38543856143951416
1734.8000000000002,0.3669472634792328
1734.9,0.3685089945793152
1735.0,0.34909647703170776
1735.1000000000001,0.3521604835987091
1735.2,0.3483150601387024
1735.3000000000002,0.35797396302223206
1735.4,0.35679325461387634
1735.5,0.3494430482387543
1735.6000000000001,0.3533044457435608
1735.7,0.34202054142951965
1735.8000000000002,0.3379594087600708
1735.9,0.34917646646499634
1736.0,0.3393833637237549
1736.1000000000001,0.33903980255126953
1736.2,0.32939019799232483
1736.3000000000002,0.339521586894989
1736.4,0.3349643051624298
1736.5,0.3229832351207733
1736.6000000000001,0.33381134271621704
1736.7,0.33499830961227417
1736.8000000000002,0.32603129744529724
1736.9,0.3268084228038788
1737.0,0.3183424472808838
1737.1000000000001,0.33174625039100647
1737.2,0.33085495233535767
1737.3000000000002,0.32319390773773193
1737.4,0.3248762786388397
1737.5,0.32761573791503906
1737.6000000000001,0.3241223692893982
1737.7,0.32190006971359253
1737.8000000000002,0.3201148509979248
1737.9,0.30783650279045105
1738.0,0.3216717839241028
1738.1000000000001,0.3207985460758209
1738.2,0.3266676068305969
1738.3000000000002,0.326898455619812
1738.4,0.32782357931137085
1738.5,0.33192428946495056
1738.6000000000001,0.3212025463581085
1738.7,0.3285650610923767
1738.8000000000002,0.32217857241630554
1738.9,0.33106300234794617
1739.0,0.32385483384132385
1739.1000000000001,0.3189777433872223
1739.2,0.3283035457134247
1739.3000000000002,0.3289419710636139
1739.4,0.3190893232822418
1739.5,0.32322385907173157
1739.6000000000001,0.3216865360736847
1739.7,0.3258715271949768
1739.8000000000002,0.32757633924484253
1739.9,0.33417946100234985
1740.0,0.3158968985080719
1740.1000000000001,0.3212370276451111
1740.2,0.3178061544895172
1740.3000000000002,0.3215220868587494
1740.4,0.3204425275325775
1740.5,0.3245609998703003
1740.6000000000001,0.323455810546875
1740.7,0.32508453726768494
1740.8000000000002,0.32290661334991455
1740.9,0.3254701495170593
1741.0,0.325054794549942
1741.1000000000001,0.3202355206012726
1741.2,0.31364747881889343
1741.3000000000002,0.32303285598754883
1741.4,0.31999990344047546
1741.5,0.31787845492362976
1741.6000000000001,0.31718358397483826
1741.7,0.31358563899993896
1741.8000000000002,0.3179205358028412
1741.9,0.3136284351348877
1742.0,0.32046249508857727
1742.1000000000001,0.3206317722797394
1742.2,0.3187519311904907
1742.3000000000002,0.3190743029117584
1742.4,0.3130020201206207
1742.5,0.3186001777648926
1742.6000000000001,0.3131241798400879
1742.7,0.3201309144496918
1742.8000000000002,0.319449245929718
1742.9,0.32019758224487305
1743.0,0.3112688362598419
1743.1000000000001,0.30997908115386963
1743.2,0.3204071521759033
1743.3000000000002,0.30880147218704224
1743.4,0.31197988986968994
1743.5,0.31037789583206177
1743.6000000000001,0.32067036628723145
1743.7,0.3089108169078827
1743.8000000000002,0.3051666021347046
1743.9,0.32221519947052
1744.0,0.31032654643058777
1744.1000000000001,0.31964245438575745
1744.2,0.31008270382881165
1744.3000000000002,0.3103019595146179
1744.4,0.30247727036476135
1744.5,0.31207627058029175
1744.6000000000001,0.3119390308856964
1744.7,0.31444665789604187
1744.8000000000002,0.3096531629562378
1744.9,0.3169272840023041
1745.0,0.3140938878059387
1745.1000000000001,0.31481942534446716
1745.2,0.30734607577323914
1745.3000000000002,0.3086969256401062
1745.4,0.3091312050819397
1745.5,0.31421563029289246
1745.6000000000001,0.3143255412578583
1745.7,0.30768054723739624
1745.8000000000002,0.3004528284072876
1745.9,0.3061663806438446
1746.0,0.3057222366333008
1746.1000000000001,0.3091011643409729
1746.2,0.3123302459716797
1746.3000000000002,0.3070473074913025
1746.4,0.30852609872817993
1746.5,0.30548807978630066
1746.6000000000001,0.3095647394657135
1746.7,0.2894357740879059
1746.8000000000002,0.303953617811203
1746.9,0.30965325236320496
1747.0,0.3124599754810333
1747.1000000000001,0.32132989168167114
1747.2,0.32050228118896484
1747.3000000000002,0.33693835139274597
1747.4,0.35918372869491577
1747.5,0.3558148443698883
1747.6000000000001,0.3712505102157593
1747.7,0.3898990750312805
1747.8000000000002,0.37925297021865845
1747.9,0.39482641220092773
1748.0,0.3837122917175293
1748.1000000000001,0.3805796504020691
1748.2,0.3806346356868744
1748.3000000000002,0.3706953227519989
1748.4,0.3593101501464844
1748.5,0.3517492711544037
1748.6000000000001,0.35177576541900635
1748.7,0.35180675983428955
1748.8000000000002,0.33761829137802124
1748.9,0.33306896686553955
1749.0,0.34489813446998596
1749.1000000000001,0.33548831939697266
1749.2,0.3425557017326355
1749.3000000000002,0.3258358836174011
1749.4,0.34161415696144104
1749.5,0.34006640315055847
1749.6000000000001,0.3378475606441498
1749.7,0.33135730028152466
1749.8000000000002,0.32626980543136597
1749.9,0.3360765278339386
1750.0,0.33171477913856506
1750.1000000000001,0.331884503364563
1750.2,0.3251146376132965
1750.3000000000002,0.33257612586021423
1750.4,0.3216646909713745
1750.5,0.32937631011009216
1750.6000000000001,0.32520297169685364
1750.7,0.32466742396354675
1750.8000000000002,0.32764774560928345
1750.9,0.3205374777317047
1751.0,0.32379835844039917
1751.1000000000001,0.326298326253891
1751.2,0.32266965508461
1751.3000000000002,0.3221800923347473
1751.4,0.31916913390159607
1751.5,0.3127043843269348
1751.6000000000001,0.31673464179039
1751.7,0.32327380776405334
1751.8000000000002,0.29884201288223267
1751.9,0.325198233127594
1752.0,0.32133719325065613
1752.1000000000001,0.33040979504585266
1752.2,0.32942676544189453
1752.3000000000002,0.33423805236816406
1752.4,0.35261744260787964
1752.5,0.3684315085411072
1752.6000000000001,0.3779980540275574
1752.7,0.3839353024959564
1752.8000000000002,0.40298762917518616
1752.9,0.4058839678764343
1753.0,0.41127896308898926
1753.1000000000001,0.4134470522403717
1753.2,0.3996470272541046
1753.3000000000002,0.3992328643798828
1753.4,0.38810521364212036
1753.5,0.3784253001213074
1753.6000000000001,0.36912864446640015
1753.7,0.37304621934890747
1753.8000000000002,0.3603430390357971
1753.9,0.3466815948486328
1754.0,0.35235363245010376
1754.1000000000001,0.3457721471786499
1754.2,0.3555896580219269
1754.3000000000002,0.34693682193756104
1754.4,0.3263912796974182
1754.5,0.33722278475761414
1754.6000000000001,0.33971747756004333
1754.7,0.3406769037246704
1754.8000000000002,0.33059436082839966
1754.9,0.3305332660675049
1755.0,0.3286280333995819
1755.1000000000001,0.3199833333492279
1755.2,0.32741573452949524
1755.3000000000002,0.327532023191452
1755.4,0.32161957025527954
1755.5,0.31617191433906555
1755.6000000000001,0.33232569694519043
1755.7,0.3292395770549774
1755.8000000000002,0.3327307403087616
1755.9,0.3181094825267792
1756.0,0.3358207941055298
1756.1000000000001,0.32630759477615356
1756.2,0.3260590732097626
1756.3000000000002,0.3278317153453827
1756.4,0.3256849944591522
1756.5,0.3212027847766876
1756.6000000000001,0.3269766569137573
1756.7,0.3320499062538147
1756.8000000000002,0.33143049478530884
1756.9,0.3163149058818817
1757.0,0.3292909562587738
1757.1000000000001,0.32604503631591797
1757.2,0.3342856168746948
1757.3000000000002,0.32665321230888367
1757.4,0.32617366313934326
1757.5,0.32740068435668945
1757.6000000000001,0.31928756833076477
1757.7,0.32745862007141113
1757.8000000000002,0.33125898241996765
1757.9,0.3278525471687317
1758.0,0.32430264353752136
1758.1000000000001,0.3259150981903076
1758.2,0.3290501534938812
1758.3000000000002,0.33145466446876526
1758.4,0.3210983872413635
1758.5,0.33195698261260986
1758.6000000000001,0.3188069462776184
1758.7,0.31918779015541077
1758.8000000000002,0.31997257471084595
1758.9,0.31588882207870483
1759.0,0.3246009647846222
1759.1000000000001,0.32814013957977295
1759.2,0.3151950240135193
1759.3000000000002,0.3301524519920349
1759.4,0.33453303575515747
1759.5,0.3233351707458496
1759.6000000000001,0.3261907994747162
1759.7,0.3200312852859497
1759.8000000000002,0.3293379545211792
1759.9,0.3240247964859009
1760.0,0.32638314366340637
1760.1000000000001,0.3290991485118866
1760.2,0.32311922311782837
1760.3000000000002,0.32997116446495056
1760.4,0.32204774022102356
1760.5,0.32851994037628174
1760.6000000000001,0.32910841703414917
1760.7,0.3305567502975464
1760.8000000000002,0.3266819417476654
1760.9,0.33472105860710144
1761.0,0.3280460238456726
1761.1000000000001,0.31966227293014526
1761.2,0.33533525466918945
1761.3000000000002,0.31699445843696594
1761.4,0.3251115679740906
1761.5,0.324275940656662
1761.6000000000001,0.327639102935791
1761.7,0.32533034682273865
1761.8000000000002,0.31923994421958923
1761.9,0.32797524333000183
1762.0,0.3277483880519867
1762.1000000000001,0.3191892206668854
1762.2,0.3200220465660095
1762.3000000000002,0.32889407873153687
1762.4,0.31681013107299805
1762.5,0.31750407814979553
1762.6000000000001,0.3277464210987091
1762.7,0.3296288549900055
1762.8000000000002,0.3203412592411041
1762.9,0.3168497085571289
1763.0,0.3227291405200958
1763.1000000000001,0.3236778974533081
1763.2,0.3146849274635315
1763.3000000000002,0.32966139912605286
1763.4,0.32427269220352173
1763.5,0.32875847816467285
1763.6000000000001,0.32501712441444397
1763.7,0.3277464509010315
1763.8000000000002,0.3292824625968933
1763.9,0.3196375072002411
1764.0,0.3232094943523407
1764.1000000000001,0.3258328139781952
1764.2,0.31334421038627625
1764.3000000000002,0.31693461537361145
1764.4,0.32878750562667847
1764.5,0.319356769323349
1764.6000000000001,0.31879839301109314
1764.7,0.315421462059021
1764.8000000000002,0.3151424825191498
1764.9,0.31951388716697693
1765.0,0.3196203112602234
1765.1000000000001,0.31378722190856934
1765.2,0.3200318217277527
1765.3000000000002,0.3220265507698059
1765.4,0.32420873641967773
1765.5,0.32135576009750366
1765.6000000000001,0.320407897233963
1765.7,0.3241514265537262
1765.8000000000002,0.31033214926719666
1765.9,0.32444489002227783
1766.0,0.3249109089374542
1766.1000000000001,0.3199431300163269
1766.2,0.31378069519996643
1766.3000000000002,0.32438284158706665
1766.4,0.3173997104167938
1766.5,0.3216259479522705
1766.6000000000001,0.3113490343093872
1766.7,0.3106386363506317
1766.8000000000002,0.31588423252105713
1766.9,0.3209850490093231
1767.0,0.31311556696891785
1767.1000000000001,0.31402334570884705
1767.2,0.30806466937065125
1767.3000000000002,0.31712785363197327
1767.4,0.3234516978263855
1767.5,0.3149981200695038
1767.6000000000001,0.31601861119270325
1767.7,0.3130567967891693
1767.8000000000002,0.31532779335975647
1767.9,0.3079289197921753
1768.0,0.29947054386138916
1768.1000000000001,0.3052915036678314
1768.2,0.31911906599998474
1768.3000000000002,0.30332279205322266
1768.4,0.3209912180900574
1768.5,0.32583853602409363
1768.6000000000001,0.34834325313568115
1768.7,0.3549950420856476
1768.8000000000002,0.3742034435272217
1768.9,0.38911738991737366
1769.0,0.39049965143203735
1769.1000000000001,0.405433714389801
1769.2,0.39357253909111023
1769.3000000000002,0.3893641233444214
1769.4,0.3882838785648346
1769.5,0.37714242935180664
1769.6000000000001,0.3764329254627228
1769.7,0.37470194697380066
1769.8000000000002,0.36102792620658875
1769.9,0.35783377289772034
1770.0,0.3538004457950592
1770.1000000000001,0.34887197613716125
1770.2,0.34881508350372314
1770.3000000000002,0.3418145775794983
1770.4,0.3408958315849304
1770.5,0.34424546360969543
1770.6000000000001,0.33972084522247314
1770.7,0.34099724888801575
1770.8000000000002,0.32709944248199463
1770.9,0.33657822012901306
1771.0,0.32589396834373474
1771.1000000000001,0.3310501277446747
1771.2,0.31678223609924316
1771.3000000000002,0.32239091396331787
1771.4,0.33023107051849365
1771.5,0.3318976163864136
1771.6000000000001,0.3214271366596222
1771.7,0.33434683084487915
1771.8000000000002,0.32835111021995544
1771.9,0.32877621054649353
1772.0,0.3206290900707245
1772.1000000000001,0.32770243287086487
1772.2,0.3302583694458008
1772.3000000000002,0.3294241726398468
1772.4,0.3322649598121643
1772.5,0.33183369040489197
1772.6000000000001,0.32987430691719055
1772.7,0.32371649146080017
1772.8000000000002,0.33400195837020874
1772.9,0.33020785450935364
1773.0,0.3212021291255951
1773.1000000000001,0.3260367810726166
1773.2,0.3232508897781372
1773.3000000000002,0.3236866891384125
1773.4,0.3233169913291931
1773.5,0.32780739665031433
1773.6000000000001,0.3286278247833252
1773.7,0.33495575189590454
1773.8000000000002,0.32176247239112854
1773.9,0.3318416476249695
1774.0,0.3254016637802124
1774.1000000000001,0.3271879553794861
1774.2,0.32240909337997437
1774.3000000000002,0.328825980424881
1774.4,0.323702871799469
1774.5,0.3273731470108032
1774.6000000000001,0.32753604650497437
1774.7,0.3263167142868042
1774.8000000000002,0.3276122510433197
1774.9,0.3271801769733429
1775.0,0.326785147190094
1775.1000000000001,0.32586491107940674
1775.2,0.3215208053588867
1775.3000000000002,0.3263251781463623
1775.4,0.33172282576560974
1775.5,0.3288377821445465
1775.6000000000001,0.32813718914985657
1775.7,0.3248709440231323
1775.8000000000002,0.3338688015937805
1775.9,0.32135215401649475
1776.0,0.3303423523902893
1776.1000000000001,0.32097628712654114
1776.2,0.33198249340057373
1776.3000000000002,0.322859525680542
1776.4,0.3246566653251648
1776.5,0.33058464527130127
1776.6000000000001,0.3246380686759949
1776.7,0.3188365697860718
1776.8000000000002,0.3272605240345001
1776.9,0.32014000415802
1777.0,0.3124453127384186
1777.1000000000001,0.3300085961818695
1777.2,0.316398561000824
1777.3000000000002,0.3239250183105469
1777.4,0.32843226194381714
1777.5,0.3152284324169159
1777.6000000000001,0.3235456347465515
1777.7,0.3087126910686493
1777.8000000000002,0.32285526394844055
1777.9,0.328886479139328
1778.0,0.32252147793769836
1778.1000000000001,0.3245733380317688
1778.2,0.3132062554359436
1778.3000000000002,0.31464719772338867
1778.4,0.32859694957733154
1778.5,0.31688448786735535
1778.6000000000001,0.3273174464702606
1778.7,0.3275013267993927
1778.8000000000002,0.32191193103790283
1778.9,0.31416478753089905
1779.0,0.3227090537548065
1779.1000000000001,0.32793307304382324
1779.2,0.3217203915119171
1779.3000000000002,0.3150826394557953
1779.4,0.3279651701450348
1779.5,0.32405397295951843
1779.6000000000001,0.32255038619041443
1779.7,0.3209846615791321
1779.8000000000002,0.3151133358478546
1779.9,0.31380701065063477
1780.0,0.32607293128967285
1780.1000000000001,0.31606993079185486
1780.2,0.30649852752685547
1780.3000000000002,0.32150760293006897
1780.4,0.3166911005973816
1780.5,0.3207341432571411
1780.6000000000001,0.3122159540653229
1780.7,0.32227978110313416
1780.8000000000002,0.3071366846561432
1780.9,0.31756675243377686
1781.0,0.3140208125114441
1781.1000000000001,0.3167872726917267
1781.2,0.3176799714565277
1781.3000000000002,0.31347841024398804
1781.4,0.31688937544822693
1781.5,0.30896997451782227
1781.6000000000001,0.31698447465896606
1781.7,0.3147355020046234
1781.8000000000002,0.31115609407424927
1781.9,0.315952330827713
1782.0,0.32160627841949463
1782.1000000000001,0.31780362129211426
1782.2,0.30604562163352966
1782.3000000000002,0.3103766143321991
1782.4,0.3110777735710144
1782.5,0.3155701160430908
1782.6000000000001,0.3134061098098755
1782.7,0.30354031920433044
1782.8000000000002,0.3135448694229126
1782.9,0.29897359013557434
1783.0,0.3055528998374939
1783.1000000000001,0.3159123659133911
1783.2,0.3097051978111267
1783.3000000000002,0.31209883093833923
1783.4,0.3289647400379181
1783.5,0.3486623167991638
1783.6000000000001,0.3573255240917206
1783.7,0.3645865321159363
1783.8000000000002,0.37932464480400085
1783.9,0.3841269314289093
1784.0,0.3977234959602356
1784.1000000000001,0.39897263050079346
1784.2,0.39507603645324707
1784.3000000000002,0.40041622519493103
1784.4,0.3891200125217438
1784.5,0.3819749355316162
1784.6000000000001,0.37383946776390076
1784.7,0.37339165806770325
1784.8000000000002,0.3590189516544342
1784.9,0.3566068410873413
1785.0,0.3509281873703003
1785.1000000000001,0.35619986057281494
1785.2,0.3568284809589386
1785.3000000000002,0.3447561264038086
1785.4,0.3384377360343933
1785.5,0.34512221813201904
1785.6000000000001,0.3415457010269165
1785.7,0.3357517123222351
1785.8000000000002,0.33459219336509705
1785.9,0.3414314389228821
1786.0,0.3281242251396179
1786.1000000000001,0.3290906250476837
1786.2,0.34040141105651855
1786.3000000000002,0.3347569406032562
1786.4,0.3266381621360779
1786.5,0.3296090066432953
1786.6000000000001,0.31657499074935913
1786.7,0.32224714756011963
1786.8000000000002,0.3233160078525543
1786.9,0.3313535749912262
1787.0,0.32922258973121643
1787.1000000000001,0.32570895552635193
1787.2,0.3259044587612152
1787.3000000000002,0.3277962803840637
1787.4,0.3210770785808563
1787.5,0.3265708386898041
1787.6000000000001,0.33105602860450745
1787.7,0.3219206631183624
1787.8000000000002,0.3280908167362213
1787.9,0.3342142105102539
1788.0,0.3197375237941742
1788.1000000000001,0.33425137400627136
1788.2,0.3239302635192871
1788.3000000000002,0.3295888602733612
1788.4,0.3294409513473511
1788.5,0.33057525753974915
1788.6000000000001,0.3239727318286896
1788.7,0.3217507004737854
1788.8000000000002,0.3269563317298889
1788.9,0.32697105407714844
1789.0,0.33398884534835815
1789.1000000000001,0.3252400755882263
1789.2,0.32450488209724426
1789.3000000000002,0.3287963569164276
1789.4,0.32846924662590027
1789.5,0.33914798498153687
1789.6000000000001,0.3187074363231659
1789.7,0.32904961705207825
1789.8000000000002,0.33338335156440735
1789.9,0.32562583684921265
1790.0,0.3269309103488922
1790.1000000000001,0.33029282093048096
1790.2,0.3157011568546295
1790.3000000000002,0.31735751032829285
1790.4,0.32262682914733887
1790.5,0.3265046179294586
1790.6000000000001,0.3292231857776642
1790.7,0.32721444964408875
1790.8000000000002,0.3215444087982178
1790.9,0.31870749592781067
1791.0,0.3262620270252228
1791.1000000000001,0.3223259150981903
1791.2,0.32547274231910706
1791.3000000000002,0.32604169845581055
1791.4,0.3235802948474884
1791.5,0.3277450203895569
1791.6000000000001,0.32257214188575745
1791.7,0.3296842575073242
1791.8000000000002,0.3312583863735199
1791.9,0.3206471800804138
1792.0,0.323570191860199
1792.1000000000001,0.3289436399936676
1792.2,0.3232082724571228
1792.3000000000002,0.3225315511226654
1792.4,0.3217458128929138
1792.5,0.33388885855674744
1792.6000000000001,0.3307183086872101
1792.7,0.32655149698257446
1792.8000000000002,0.32739385962486267
1792.9,0.3248737156391144
1793.0,0.3277248442173004
1793.1000000000001,0.3213464021682739
1793.2,0.31550610065460205
1793.3000000000002,0.32775941491127014
1793.4,0.3235119879245758
1793.5,0.3274705410003662
1793.6000000000001,0.3264175355434418
1793.7,0.325759619474411
1793.8000000000002,0.32439061999320984
1793.9,0.321316123008728
1794.0,0.328238844871521
1794.1000000000001,0.33110058307647705
1794.2,0.32189592719078064
1794.3000000000002,0.3165220320224762
1794.4,0.3194952607154846
1794.5,0.3210960328578949
1794.6000000000001,0.3277592062950134
1794.7,0.3193184733390808
1794.8000000000002,0.3226531445980072
1794.9,0.3132163882255554
1795.0,0.3240809142589569
1795.1000000000001,0.31677740812301636
1795.2,0.32060834765434265
1795.3000000000002,0.3127528429031372
1795.4,0.3158714473247528
1795.5,0.3177710175514221
1795.6000000000001,0.31632888317108154
1795.7,0.3238270580768585
1795.8000000000002,0.32080355286598206
1795.9,0.3218529224395752
1796.0,0.3279586732387543
1796.1000000000001,0.3185872733592987
1796.2,0.3227534890174866
1796.3000000000002,0.3154619336128235
1796.4,0.3153125047683716
1796.5,0.32017838954925537
1796.6000000000001,0.3160518705844879
1796.7,0.3186473846435547
1796.8000000000002,0.3160911202430725
1796.9,0.3091917335987091
1797.0,0.3037208318710327
1797.1000000000001,0.3122889995574951
1797.2,0.3091704249382019
1797.3000000000002,0.3062542974948883
1797.4,0.3176875710487366
1797.5,0.3206103444099426
1797.6000000000001,0.3087294399738312
1797.7,0.3102131187915802
1797.8000000000002,0.3109185993671417
1797.9,0.3220427632331848
1798.0,0.31580549478530884
1798.1000000000001,0.3127416968345642
1798.2,0.31365343928337097
1798.3000000000002,0.31020769476890564
1798.4,0.30689918994903564
1798.5,0.31076961755752563
1798.6000000000001,0.3121592700481415
1798.7,0.31208696961402893
1798.8000000000002,0.30976900458335876
1798.9,0.3119978904724121
1799.0,0.3144223988056183
1799.1000000000001,0.31454041600227356
1799.2,0.3110596239566803
1799.3000000000002,0.30075323581695557
1799.4,0.3124326169490814
1799.5,0.3080815076828003
1799.6000000000001,0.3153383731842041
1799.7,0.3129802644252777
1799.8000000000002,0.3116529881954193
1799.9,0.3093414902687073
1800.0,0.30207908153533936
1800.1000000000001,0.3137344717979431
1800.2,0.3004268705844879
1800.3000000000002,0.30787697434425354
1800.4,0.3026953637599945
1800.5,0.3038792312145233
1800.6000000000001,0.3043399751186371
1800.7,0.3050181567668915
1800.8000000000002,0.30378469824790955
1800.9,0.3046312630176544
1801.0,0.2968011796474457
1801.1000000000001,0.30757758021354675
1801.2,0.30639639496803284
1801.3000000000002,0.31224268674850464
1801.4,0.31811589002609253
1801.5,0.33253908157348633
1801.6000000000001,0.3420308828353882
1801.7,0.36807379126548767
1801.8000000000002,0.36648738384246826
1801.9,0.36386290192604065
1802.0,0.38084322214126587
1802.1000000000001,0.3932543694972992
1802.2,0.39763331413269043
1802.3000000000002,0.38640210032463074
1802.4,0.39572644233703613
1802.5,0.38941577076911926
1802.6000000000001,0.3801633417606354
1802.7,0.38144081830978394
1802.8000000000002,0.3747599720954895
1802.9,0.3511792719364166
1803.0,0.35724806785583496
1803.1000000000001,0.3517475128173828
1803.2,0.3553401231765747
1803.3000000000002,0.3484826385974884
1803.4,0.3474150002002716
1803.5,0.33825695514678955
1803.6000000000001,0.338826447725296
1803.7,0.33123621344566345
1803.8000000000002,0.335993230342865
1803.9,0.3433822989463806
1804.0,0.33499062061309814
1804.1000000000001,0.33847305178642273
1804.2,0.3388860821723938
1804.3000000000002,0.33185136318206787
1804.4,0.33521395921707153
1804.5,0.33675846457481384
1804.6000000000001,0.3147221505641937
1804.7,0.3315632939338684
1804.8000000000002,0.33081889152526855
1804.9,0.3272098898887634
1805.0,0.32502469420433044
1805.1000000000001,0.33156630396842957
1805.2,0.3202277421951294
1805.3000000000002,0.33086273074150085
1805.4,0.32410764694213867
1805.5,0.3250582218170166
1805.6000000000001,0.32162460684776306
1805.7,0.32843756675720215
1805.8000000000002,0.33292868733406067
1805.9,0.32500800490379333
1806.0,0.32835853099823
1806.1000000000001,0.3236766755580902
1806.2,0.32855144143104553
1806.3000000000002,0.32376828789711
1806.4,0.30883315205574036
1806.5,0.32599106431007385
1806.6000000000001,0.3250153958797455
1806.7,0.3275972306728363
1806.8000000000002,0.3182111382484436
1806.9,0.32026907801628113
1807.0,0.33066093921661377
1807.1000000000001,0.3197867274284363
1807.2,0.3257448971271515
1807.3000000000002,0.32924994826316833
1807.4,0.3221403956413269
1807.5,0.3207464814186096
1807.6000000000001,0.32459756731987
1807.7,0.3148397207260132
1807.8000000000002,0.32115471363067627
1807.9,0.323295533657074
1808.0,0.3254580795764923
1808.1000000000001,0.32796433568000793
1808.2,0.32298967242240906
1808.3000000000002,0.3190515339374542
1808.4,0.3186325132846832
1808.5,0.32135963439941406
1808.6000000000001,0.32604753971099854
1808.7,0.3244934380054474
1808.8000000000002,0.31600627303123474
1808.9,0.32315710186958313
1809.0,0.31724074482917786
1809.1000000000001,0.3180827796459198
1809.2,0.3178956210613251
1809.3000000000002,0.3193170428276062
1809.4,0.31961789727211
1809.5,0.3236410617828369
1809.6000000000001,0.3164258897304535
1809.7,0.31460610032081604
1809.8000000000002,0.31664058566093445
1809.9,0.3210831582546234
1810.0,0.3170042335987091
1810.1000000000001,0.3170264661312103
1810.2,0.3214570879936218
1810.3000000000002,0.31131410598754883
1810.4,0.32193973660469055
1810.5,0.3140031695365906
1810.6000000000001,0.30998045206069946
1810.7,0.31831032037734985
1810.8000000000002,0.3136337399482727
1810.9,0.31981024146080017
1811.0,0.30600738525390625
1811.1000000000001,0.3150879442691803
1811.2,0.31381720304489136
1811.3000000000002,0.3101232647895813
1811.4,0.3050701320171356
1811.5,0.3116162419319153
1811.6000000000001,0.3135206997394562
1811.7,0.3208683431148529
1811.8000000000002,0.3107951581478119
1811.9,0.31582772731781006
1812.0,0.3117963671684265
1812.1000000000001,0.3065658509731293
1812.2,0.31301796436309814
1812.3000000000002,0.31379246711730957
1812.4,0.3136143982410431
1812.5,0.3096596300601959
1812.6000000000001,0.3175145089626312
1812.7,0.3005639612674713
1812.8000000000002,0.30790266394615173
1812.9,0.3149827718734741
1813.0,0.30750274658203125
1813.1000000000001,0.31081607937812805
1813.2,0.29484182596206665
1813.3000000000002,0.30603212118148804
1813.4,0.3075258731842041
1813.5,0.30207496881484985
1813.6000000000001,0.3111412227153778
1813.7,0.3174684941768646
1813.8000000000002,0.33462971448898315
1813.9,0.3559531271457672
1814.0,0.37884336709976196
1814.1000000000001,0.36735081672668457
1814.2,0.3884170651435852
1814.3000000000002,0.3939545452594757
1814.4,0.39401066303253174
1814.5,0.39246147871017456
1814.6000000000001,0.39640840888023376
1814.7,0.38333860039711
1814.8000000000002,0.37541505694389343
1814.9,0.37307578325271606
1815.0,0.3673534691333771
1815.1000000000001,0.3608151078224182
1815.2,0.35269567370414734
1815.3000000000002,0.34604117274284363
1815.4,0.3526287376880646
1815.5,0.3577277362346649
1815.6000000000001,0.3384320139884949
1815.7,0.34391945600509644
1815.8000000000002,0.34198877215385437
1815.9,0.3486047685146332
1816.0,0.34572455286979675
1816.1000000000001,0.3435753881931305
1816.2,0.3420804738998413
1816.3000000000002,0.32931289076805115
1816.4,0.32881730794906616
1816.5,0.3268861174583435
1816.6000000000001,0.3278622031211853
1816.7,0.32804906368255615
1816.8000000000002,0.31396621465682983
1816.9,0.3263939321041107
1817.0,0.3209417164325714
1817.1000000000001,0.3297440707683563
1817.2,0.32289445400238037
1817.3000000000002,0.32502785325050354
1817.4,0.32646816968917847
1817.5,0.3329614996910095
1817.6000000000001,0.33182844519615173
1817.7,0.3266676962375641
1817.8000000000002,0.32908064126968384
1817.9,0.3232367932796478
1818.0,0.32545459270477295
1818.1000000000001,0.328743577003479
1818.2,0.3189842998981476
1818.3000000000002,0.3219362795352936
1818.4,0.3198374807834625
1818.5,0.3353162407875061
1818.6000000000001,0.32719823718070984
1818.7,0.32485687732696533
1818.8000000000002,0.33070454001426697
1818.9,0.32748353481292725
1819.0,0.3307136595249176
1819.1000000000001,0.3173893690109253
1819.2,0.32716047763824463
1819.3000000000002,0.32868534326553345
1819.4,0.3259483873844147
1819.5,0.3264172375202179
1819.6000000000001,0.32459917664527893
1819.7,0.3243749141693115
1819.8000000000002,0.33006367087364197
1819.9,0.32736775279045105
1820.0,0.3263659179210663
1820.1000000000001,0.32691481709480286
1820.2,0.3219882845878601
1820.3000000000002,0.3256259560585022
1820.4,0.32453855872154236
1820.5,0.32724684476852417
1820.6000000000001,0.3239995539188385
1820.7,0.3248422145843506
1820.8000000000002,0.3312036693096161
1820.9,0.32401904463768005
1821.0,0.3311215937137604
1821.1000000000001,0.32511866092681885
1821.2,0.3213708698749542
1821.3000000000002,0.3275541663169861
1821.4,0.32836222648620605
1821.5,0.32432955503463745
1821.6000000000001,0.32175710797309875
1821.7,0.3174378573894501
1821.8000000000002,0.31611546874046326
1821.9,0.33029821515083313
1822.0,0.31888046860694885
1822.1000000000001,0.3171650767326355
1822.2,0.3330584466457367
1822.3000000000002,0.320380300283432
1822.4,0.3277737498283386
1822.5,0.32639241218566895
1822.6000000000001,0.32788950204849243
1822.7,0.32761844992637634
1822.8000000000002,0.3195316791534424
1822.9,0.32355377078056335
1823.0,0.32728949189186096
1823.1000000000001,0.31603965163230896
1823.2,0.32703205943107605
1823.3000000000002,0.3184007406234741
1823.4,0.3230529725551605
1823.5,0.3221220374107361
1823.6000000000001,0.3203640580177307
1823.7,0.31992167234420776
1823.8000000000002,0.3278091251850128
1823.9,0.3176594376564026
1824.0,0.32339856028556824
1824.1000000000001,0.3227156102657318
1824.2,0.3212462067604065
1824.3000000000002,0.3142024874687195
1824.4,0.3166328966617584
1824.5,0.3253077268600464
1824.6000000000001,0.3210659325122833
1824.7,0.3213064968585968
1824.8000000000002,0.32134005427360535
1824.9,0.31641581654548645
1825.0,0.31201136112213135
1825.1000000000001,0.3113998472690582
1825.2,0.31436437368392944
1825.3000000000002,0.3154962956905365
1825.4,0.31180283427238464
1825.5000000000002,0.3195471167564392
1825.6000000000001,0.3172145187854767
1825.7,0.3125295042991638
1825.8000000000002,0.3193550109863281
1825.9,0.3187830448150635
1826.0000000000002,0.3101392090320587
1826.1000000000001,0.31887567043304443
1826.2,0.3162163496017456
1826.3000000000002,0.3034093976020813
1826.4,0.30979856848716736
1826.5000000000002,0.31859731674194336
1826.6000000000001,0.3061719536781311
1826.7,0.30528882145881653
1826.8000000000002,0.314272940158844
1826.9,0.3104846477508545
1827.0000000000002,0.30695581436157227
1827.1000000000001,0.3113398551940918
1827.2,0.32129916548728943
1827.3000000000002,0.30410611629486084
1827.4,0.3176470398902893
1827.5000000000002,0.3181173503398895
1827.6000000000001,0.3176611363887787
1827.7,0.3174895942211151
1827.8000000000002,0.3138035535812378
1827.9,0.3028731644153595
1828.0000000000002,0.31175562739372253
1828.1000000000001,0.30965209007263184
1828.2,0.30748048424720764
1828.3000000000002,0.31754550337791443
1828.4,0.30655014514923096
1828.5000000000002,0.3117571473121643
1828.6000000000001,0.303440123796463
1828.7,0.31494128704071045
1828.8000000000002,0.3153347671031952
1828.9,0.30071884393692017
1829.0000000000002,0.30650633573532104
1829.1000000000001,0.3052373230457306
1829.2,0.3092728555202484
1829.3000000000002,0.3040274381637573
1829.4,0.30525335669517517
1829.5000000000002,0.30967462062835693
1829.6000000000001,0.3046573996543884
1829.7,0.3005262017250061
1829.8000000000002,0.3086438477039337
1829.9,0.3064258396625519
1830.0000000000002,0.2969008684158325
1830.1000000000001,0.30527886748313904
1830.2,0.3061722218990326
1830.3000000000002,0.30508384108543396
1830.4,0.31933319568634033
1830.5000000000002,0.3353724777698517
1830.6000000000001,0.34179890155792236
1830.7,0.3461410701274872
1830.8000000000002,0.37065812945365906
1830.9,0.3810819089412689
1831.0000000000002,0.3903668522834778
1831.1000000000001,0.38726380467414856
1831.2,0.3865620493888855
1831.3000000000002,0.383113294839859
1831.4,0.3810780346393585
1831.5000000000002,0.3643952012062073
1831.6000000000001,0.3609853982925415
1831.7,0.3605046570301056
1831.8000000000002,0.3469401001930237
1831.9,0.3434094786643982
1832.0000000000002,0.3466603755950928
1832.1000000000001,0.34021127223968506
1832.2,0.3328927159309387
1832.3000000000002,0.3341212570667267
1832.4,0.3405171036720276
1832.5000000000002,0.33935341238975525
1832.6000000000001,0.32680797576904297
1832.7,0.33344781398773193
1832.8000000000002,0.33683663606643677
1832.9,0.33636948466300964
1833.0000000000002,0.3312026858329773
1833.1000000000001,0.31947270035743713
1833.2,0.3249303698539734
1833.3000000000002,0.3236989676952362
1833.4,0.3152804970741272
1833.5000000000002,0.3297707736492157
1833.6000000000001,0.3277617394924164
1833.7,0.33226338028907776
1833.8000000000002,0.3237547278404236
1833.9,0.3222218155860901
1834.0000000000002,0.32611632347106934
1834.1000000000001,0.3174889385700226
1834.2,0.3268260955810547
1834.3000000000002,0.325291246175766
1834.4,0.3213151693344116
1834.5000000000002,0.32484161853790283
1834.6000000000001,0.312007874250412
1834.7,0.32725733518600464
1834.8000000000002,0.33254972100257874
1834.9,0.3212178647518158
1835.0000000000002,0.3180164098739624
1835.1000000000001,0.33049434423446655
1835.2,0.3274924159049988
1835.3000000000002,0.31727489829063416
1835.4,0.32432278990745544
1835.5000000000002,0.32063695788383484
1835.6000000000001,0.3252144455909729
1835.7,0.32617291808128357
1835.8000000000002,0.31139951944351196
1835.9,0.3253099322319031
1836.0000000000002,0.3228335380554199
1836.1000000000001,0.3233415186405182
1836.2,0.30818888545036316
1836.3000000000002,0.3187456429004669
1836.4,0.31903478503227234
1836.5000000000002,0.3207838833332062
1836.6000000000001,0.3118339776992798
1836.7,0.3112144470214844
1836.8000000000002,0.31344082951545715
1836.9,0.31258007884025574
1837.0000000000002,0.313018798828125
1837.1000000000001,0.31638291478157043
1837.2,0.32133039832115173
1837.3000000000002,0.3211229741573334
1837.4,0.3202737867832184
1837.5000000000002,0.30839040875434875
1837.6000000000001,0.3185853660106659
1837.7,0.31870320439338684
1837.8000000000002,0.3175294101238251
1837.9,0.31322765350341797
1838.0000000000002,0.32278236746788025
1838.1000000000001,0.31038910150527954
1838.2,0.3175157308578491
1838.3000000000002,0.31204548478126526
1838.4,0.3165110647678375
1838.5000000000002,0.31448352336883545
1838.6000000000001,0.3189755380153656
1838.7,0.31314653158187866
1838.8000000000002,0.30782178044319153
1838.9,0.31015545129776
1839.0000000000002,0.31344929337501526
1839.1000000000001,0.31008344888687134
1839.2,0.3086768090724945
1839.3000000000002,0.30821821093559265
1839.4,0.31466495990753174
1839.5000000000002,0.3180570900440216
1839.6000000000001,0.3147457242012024
1839.7,0.30428701639175415
1839.8000000000002,0.3018853962421417
1839.9,0.3121180236339569
1840.0000000000002,0.29946446418762207
1840.1000000000001,0.305594265460968
1840.2,0.3102837800979614
1840.3000000000002,0.31045860052108765
1840.4,0.31136462092399597
1840.5000000000002,0.3300648033618927
1840.6000000000001,0.3474203944206238
1840.7,0.3557099401950836
1840.8000000000002,0.36703526973724365
1840.9,0.38850024342536926
1841.0000000000002,0.39246538281440735
1841.1000000000001,0.40765273571014404
1841.2,0.3966095447540283
1841.3000000000002,0.40379199385643005
1841.4,0.39821913838386536
1841.5000000000002,0.38895681500434875
1841.6000000000001,0.36514386534690857
1841.7,0.35951536893844604
1841.8000000000002,0.3647238612174988
1841.9,0.34327977895736694
1842.0000000000002,0.3608800768852234
1842.1000000000001,0.34939125180244446
1842.2,0.3406841456890106
1842.3000000000002,0.35057610273361206
1842.4,0.3257316052913666
1842.5000000000002,0.3407022953033447
1842.6000000000001,0.3331315219402313
1842.7,0.3228193521499634
1842.8000000000002,0.3314228355884552
1842.9,0.33116501569747925
1843.0000000000002,0.3319878578186035
1843.1000000000001,0.33784398436546326
1843.2,0.33438706398010254
1843.3000000000002,0.3294215500354767
1843.4,0.32784053683280945
1843.5000000000002,0.33035460114479065
1843.6000000000001,0.3319093585014343
1843.7,0.32617002725601196
1843.8000000000002,0.3243268132209778
1843.9,0.3237672746181488
1844.0000000000002,0.3262139558792114
1844.1000000000001,0.3154817223548889
1844.2,0.32819709181785583
1844.3000000000002,0.3282395899295807
1844.4,0.31230050325393677
1844.5000000000002,0.32935285568237305
1844.6000000000001,0.32373327016830444
1844.7,0.329799085855484
1844.8000000000002,0.31565946340560913
1844.9,0.32636725902557373
1845.0000000000002,0.324222207069397
1845.1000000000001,0.3188604414463043
1845.2,0.31574931740760803
1845.3000000000002,0.3162539601325989
1845.4,0.3257443904876709
1845.5000000000002,0.3174239695072174
1845.6000000000001,0.3295089304447174
1845.7,0.3242957592010498
1845.8000000000002,0.3241693079471588
1845.9,0.3225211799144745
1846.0000000000002,0.32658666372299194
1846.1000000000001,0.31930893659591675
1846.2,0.3249906599521637
1846.3000000000002,0.30735287070274353
1846.4,0.3176289498806
1846.5000000000002,0.31921491026878357
1846.6000000000001,0.3178883492946625
1846.7,0.3205462098121643
1846.8000000000002,0.3094629645347595
1846.9,0.3219703435897827
1847.0000000000002,0.3227688670158386
1847.1000000000001,0.3200744092464447
1847.2,0.32168424129486084
1847.3000000000002,0.3148931562900543
1847.4,0.3188541829586029
1847.5000000000002,0.32288864254951477
1847.6000000000001,0.3198215961456299
1847.7,0.32001471519470215
1847.8000000000002,0.32205402851104736
1847.9,0.30864912271499634
1848.0000000000002,0.319627970457077
1848.1000000000001,0.30925118923187256
1848.2,0.3194553256034851
1848.3000000000002,0.3145427703857422
1848.4,0.3148808479309082
1848.5000000000002,0.3144585192203522
1848.6000000000001,0.30184096097946167
1848.7,0.31786227226257324
1848.8000000000002,0.30417782068252563
1848.9,0.3119014501571655
1849.0000000000002,0.3210974335670471
1849.1000000000001,0.31559088826179504
1849.2,0.3143579065799713
1849.3000000000002,0.31070956587791443
1849.4,0.3124951124191284
1849.5000000000002,0.3090667724609375
1849.6000000000001,0.31495949625968933
1849.7,0.3171846866607666
1849.8000000000002,0.3060574531555176
1849.9,0.3091062903404236
1850.0000000000002,0.3132335841655731
1850.1000000000001,0.3061075508594513
1850.2,0.30459731817245483
1850.3000000000002,0.31344786286354065
1850.4,0.3160755932331085
1850.5000000000002,0.31412604451179504
1850.6000000000001,0.31312403082847595
1850.7,0.30255383253097534
1850.8000000000002,0.3136211633682251
1850.9,0.30828720331192017
1851.0000000000002,0.3078517019748688
1851.1000000000001,0.31395265460014343
1851.2,0.3042605221271515
1851.3000000000002,0.2961636483669281
1851.4,0.30634814500808716
1851.5000000000002,0.31023603677749634
1851.6000000000001,0.3026910126209259
1851.7,0.3132227659225464
1851.8000000000002,0.3372606337070465
1851.9,0.3431771993637085
1852.0000000000002,0.3470936417579651
1852.1000000000001,0.3692944049835205
1852.2,0.38107064366340637
1852.3000000000002,0.37652742862701416
1852.4,0.3780307173728943
1852.5000000000002,0.40018171072006226
1852.6000000000001,0.3957059383392334
1852.7,0.391216903924942
1852.8000000000002,0.3920038640499115
1852.9,0.36959928274154663
1853.0000000000002,0.3698274493217468
1853.1000000000001,0.3589438498020172
1853.2,0.3622559607028961
1853.3000000000002,0.3523039221763611
1853.4,0.33655136823654175
1853.5000000000002,0.34940165281295776
1853.6000000000001,0.35083192586898804
1853.7,0.34831807017326355
1853.8000000000002,0.3374387323856354
1853.9,0.3390859067440033
1854.0000000000002,0.327278733253479
1854.1000000000001,0.3419543206691742
1854.2,0.3349415957927704
1854.3000000000002,0.3338220417499542
1854.4,0.3344714343547821
1854.5000000000002,0.33599528670310974
1854.6000000000001,0.3344581127166748
1854.7,0.32996559143066406
1854.8000000000002,0.32694005966186523
1854.9,0.32617858052253723
1855.0000000000002,0.31950584053993225
1855.1000000000001,0.335997998714447
1855.2,0.33070114254951477
1855.3000000000002,0.32570332288742065
1855.4,0.31957072019577026
1855.5000000000002,0.32382866740226746
1855.6000000000001,0.3272342383861542
1855.7,0.32758817076683044
1855.8000000000002,0.3249918818473816
1855.9,0.3284720182418823
1856.0000000000002,0.32796233892440796
1856.1000000000001,0.3273827135562897
1856.2,0.31874901056289673
1856.3000000000002,0.313678503036499
1856.4,0.3239716589450836
1856.5000000000002,0.3238512873649597
1856.6000000000001,0.31321460008621216
1856.7,0.3189784586429596
1856.8000000000002,0.320593923330307
1856.9,0.32349810004234314
1857.0000000000002,0.3290708363056183
1857.1000000000001,0.3158836364746094
1857.2,0.31909507513046265
1857.3000000000002,0.32051652669906616
1857.4,0.32231226563453674
1857.5000000000002,0.318869024515152
1857.6000000000001,0.31519389152526855
1857.7,0.31638771295547485
1857.8000000000002,0.31825780868530273
1857.9,0.3090778887271881
1858.0000000000002,0.324332058429718
1858.1000000000001,0.329804003238678
1858.2,0.3201371431350708
1858.3000000000002,0.32095399498939514
1858.4,0.32151180505752563
1858.5000000000002,0.3167634904384613
1858.6000000000001,0.30817240476608276
1858.7,0.3248558044433594
1858.8000000000002,0.32157641649246216
1858.9,0.31865859031677246
1859.0000000000002,0.3055340349674225
1859.1000000000001,0.32170140743255615
1859.2,0.31751111149787903
1859.3000000000002,0.314229816198349
1859.4,0.317178338766098
1859.5000000000002,0.32215121388435364
1859.6000000000001,0.31585970520973206
1859.7,0.32140839099884033
1859.8000000000002,0.30197566747665405
1859.9,0.3160385191440582
1860.0000000000002,0.3165125846862793
1860.1000000000001,0.3150658905506134
1860.2,0.3205762803554535
1860.3000000000002,0.31646811962127686
1860.4,0.3098870515823364
1860.5000000000002,0.3099629282951355
1860.6000000000001,0.31353873014450073
1860.7,0.3013472259044647
1860.8000000000002,0.31569766998291016
1860.9,0.3152742087841034
1861.0000000000002,0.29988300800323486
1861.1000000000001,0.31409573554992676
1861.2,0.3117203116416931
1861.3000000000002,0.3132012188434601
1861.4,0.3272826373577118
1861.5000000000002,0.33826714754104614
1861.6000000000001,0.35115179419517517
1861.7,0.3555397391319275
1861.8000000000002,0.37329867482185364
1861.9,0.3903016149997711
1862.0000000000002,0.3980077803134918
1862.1000000000001,0.40159010887145996
1862.2,0.40332359075546265
1862.3000000000002,0.40390968322753906
1862.4,0.3880746364593506
1862.5000000000002,0.39278480410575867
1862.6000000000001,0.38320624828338623
1862.7,0.3844910264015198
1862.8000000000002,0.36598533391952515
1862.9,0.3630438446998596
1863.0000000000002,0.36077114939689636
1863.1000000000001,0.3525819182395935
1863.2,0.3521948754787445
1863.3000000000002,0.34825071692466736
1863.4,0.34306344389915466
1863.5000000000002,0.3432120680809021
1863.6000000000001,0.3381179869174957
1863.7,0.32779034972190857
1863.8000000000002,0.33877092599868774
1863.9,0.3375695049762726
1864.0000000000002,0.34350496530532837
1864.1000000000001,0.3341294825077057
1864.2,0.34099459648132324
1864.3000000000002,0.3310353755950928
1864.4,0.335121750831604
1864.5000000000002,0.3336164653301239
1864.6000000000001,0.33742576837539673
1864.7,0.32195430994033813
1864.8000000000002,0.33213165402412415
1864.9,0.32554614543914795
1865.0000000000002,0.32716450095176697
1865.1000000000001,0.32801344990730286
1865.2,0.32418322563171387
1865.3000000000002,0.327873557806015
1865.4,0.3261287212371826
1865.5000000000002,0.3290511667728424
1865.6000000000001,0.3194446265697479
1865.7,0.3222349286079407
1865.8000000000002,0.32861799001693726
1865.9,0.3205680251121521
1866.0000000000002,0.332609623670578
1866.1000000000001,0.3282056450843811
1866.2,0.3302554190158844
1866.3000000000002,0.3261091411113739
1866.4,0.32834315299987793
1866.5000000000002,0.32671844959259033
1866.6000000000001,0.32299017906188965
1866.7,0.32944929599761963
1866.8000000000002,0.32719895243644714
1866.9,0.3253103494644165
1867.0000000000002,0.32358306646347046
1867.1000000000001,0.3270561099052429
1867.2,0.32484838366508484
1867.3000000000002,0.33325695991516113
1867.4,0.32291099429130554
1867.5000000000002,0.32466503977775574
1867.6000000000001,0.32294178009033203
1867.7,0.3289603292942047
1867.8000000000002,0.33083754777908325
1867.9,0.31771641969680786
1868.0000000000002,0.3147147297859192
1868.1000000000001,0.32182812690734863
1868.2,0.32530418038368225
1868.3000000000002,0.3149668574333191
1868.4,0.33144205808639526
1868.5000000000002,0.31546083092689514
1868.6000000000001,0.3276660442352295
1868.7,0.33365800976753235
1868.8000000000002,0.32321199774742126
1868.9,0.3179124593734741
1869.0000000000002,0.32801514863967896
1869.1000000000001,0.3238390386104584
1869.2,0.3317883014678955
1869.3000000000002,0.322735071182251
1869.4,0.3297992944717407
1869.5000000000002,0.3271115720272064
1869.6000000000001,0.3195939362049103
1869.7,0.32616329193115234
1869.8000000000002,0.32575440406799316
1869.9,0.32548877596855164
1870.0000000000002,0.32879775762557983
1870.1000000000001,0.3154791295528412
1870.2,0.3201424181461334
1870.3000000000002,0.3280930817127228
1870.4,0.3213140368461609
1870.5000000000002,0.3196142613887787
1870.6000000000001,0.3215600550174713
1870.7,0.3125148117542267
1870.8000000000002,0.31987640261650085
1870.9,0.3159816861152649
1871.0000000000002,0.32338687777519226
1871.1000000000001,0.31572914123535156
1871.2,0.320560097694397
1871.3000000000002,0.32313692569732666
1871.4,0.3180466592311859
1871.5000000000002,0.3190161883831024
1871.6000000000001,0.3208622932434082
1871.7,0.30857622623443604
1871.8000000000002,0.32034316658973694
1871.9,0.31714707612991333
1872.0000000000002,0.32272112369537354
1872.1000000000001,0.3097725808620453
1872.2,0.3226066529750824
1872.3000000000002,0.32612577080726624
1872.4,0.3236139118671417
1872.5000000000002,0.3141959011554718
1872.6000000000001,0.3242582678794861
1872.7,0.32192859053611755
1872.8000000000002,0.32367146015167236
1872.9,0.31960028409957886
1873.0000000000002,0.3156352639198303
1873.1000000000001,0.32667186856269836
1873.2,0.31186312437057495
1873.3000000000002,0.3129093647003174
1873.4,0.31739869713783264
1873.5000000000002,0.30794933438301086
1873.6000000000001,0.3238599896430969
1873.7,0.3115440905094147
1873.8000000000002,0.3144141435623169
1873.9,0.32113707065582275
1874.0000000000002,0.3143055737018585
1874.1000000000001,0.3161420226097107
1874.2,0.310160756111145
1874.3000000000002,0.3100510537624359
1874.4,0.30333685874938965
1874.5000000000002,0.3178412914276123
1874.6000000000001,0.31505128741264343
1874.7,0.317840576171875
1874.8000000000002,0.3222251534461975
1874.9,0.30879727005958557
1875.0000000000002,0.3083426356315613
1875.1000000000001,0.30879825353622437
1875.2,0.3180268704891205
1875.3000000000002,0.3158911466598511
1875.4,0.30760657787323
1875.5000000000002,0.31168729066848755
1875.6000000000001,0.3122383654117584
1875.7,0.3061090409755707
1875.8000000000002,0.30469757318496704
1875.9,0.32081475853919983
1876.0000000000002,0.31625816226005554
1876.1000000000001,0.3055274486541748
1876.2,0.3143520951271057
1876.3000000000002,0.3023274540901184
1876.4,0.30959856510162354
1876.5000000000002,0.3095993101596832
1876.6000000000001,0.30703771114349365
1876.7,0.31020399928092957
1876.8000000000002,0.30939924716949463
1876.9,0.31005576252937317
1877.0000000000002,0.30172163248062134
1877.1000000000001,0.3120599687099457
1877.2,0.3034667372703552
1877.3000000000002,0.3024849593639374
1877.4,0.31165811419487
1877.5000000000002,0.30437803268432617
1877.6000000000001,0.3116943836212158
1877.7,0.3028513789176941
1877.8000000000002,0.29720377922058105
1877.9,0.30438071489334106
1878.0000000000002,0.3123326599597931
1878.1000000000001,0.3020038306713104
1878.2,0.3089340925216675
1878.3000000000002,0.3285270035266876
1878.4,0.3325960636138916
1878.5000000000002,0.3457900881767273
1878.6000000000001,0.3581647276878357
1878.7,0.36317819356918335
1878.8000000000002,0.3816679120063782
1878.9,0.39394649863243103
1879.0000000000002,0.38992345333099365
1879.1000000000001,0.388691246509552
1879.2,0.3849930167198181
1879.3000000000002,0.3782905042171478
1879.4,0.36735132336616516
1879.5000000000002,0.36718130111694336
1879.6000000000001,0.35196465253829956
1879.7,0.35439741611480713
1879.8000000000002,0.35465994477272034
1879.9,0.3535538613796234
1880.0000000000002,0.33517420291900635
1880.1000000000001,0.34453949332237244
1880.2,0.3467400074005127
1880.3000000000002,0.3470401465892792
1880.4,0.3388631343841553
1880.5000000000002,0.3321709632873535
1880.6000000000001,0.3472665250301361
1880.7,0.33301085233688354
1880.8000000000002,0.33695077896118164
1880.9,0.3392219543457031
1881.0000000000002,0.32996129989624023
1881.1000000000001,0.3303423523902893
1881.2,0.33744046092033386
1881.3000000000002,0.32740873098373413
1881.4,0.3275117576122284
1881.5000000000002,0.3292088806629181
1881.6000000000001,0.3324548006057739
1881.7,0.32748574018478394
1881.8000000000002,0.3307918608188629
1881.9,0.3310481607913971
1882.0000000000002,0.3217222988605499
1882.1000000000001,0.3268423080444336
1882.2,0.32658323645591736
1882.3000000000002,0.3295007050037384
1882.4,0.331840455532074
1882.5000000000002,0.32633572816848755
1882.6000000000001,0.33053672313690186
1882.7,0.3283931612968445
1882.8000000000002,0.32572564482688904
1882.9,0.3208632171154022
1883.0000000000002,0.3200630843639374
1883.1000000000001,0.32675501704216003
1883.2,0.3257800042629242
1883.3000000000002,0.32042622566223145
1883.4,0.3276864290237427
1883.5000000000002,0.3216249346733093
1883.6000000000001,0.3210374116897583
1883.7,0.32143935561180115
1883.8000000000002,0.3209083676338196
1883.9,0.32629847526550293
1884.0000000000002,0.322403222322464
1884.1000000000001,0.31564411520957947
1884.2,0.32018768787384033
1884.3000000000002,0.3195977210998535
1884.4,0.3122469186782837
1884.5000000000002,0.32937490940093994
1884.6000000000001,0.3268883526325226
1884.7,0.31826260685920715
1884.8000000000002,0.32102763652801514
1884.9,0.3263169527053833
1885.0000000000002,0.32420170307159424
1885.1000000000001,0.3220885396003723
1885.2,0.3180162012577057
1885.3000000000002,0.3115029036998749
1885.4,0.31683143973350525
1885.5000000000002,0.3227611780166626
1885.6000000000001,0.3193434178829193
1885.7,0.3122837543487549
1885.8000000000002,0.31293898820877075
1885.9,0.3232029676437378
1886.0000000000002,0.3085586130619049
1886.1000000000001,0.3226126432418823
1886.2,0.3234342336654663
1886.3000000000002,0.31922242045402527
1886.4,0.324044793844223
1886.5000000000002,0.32072052359580994
1886.6000000000001,0.30359378457069397
1886.7,0.31531867384910583
1886.8000000000002,0.3199091851711273
1886.9,0.31352975964546204
1887.0000000000002,0.30762866139411926
1887.1000000000001,0.31962352991104126
1887.2,0.3172134459018707
1887.3000000000002,0.32027897238731384
1887.4,0.31791359186172485
1887.5000000000002,0.30974167585372925
1887.6000000000001,0.3154173195362091
1887.7,0.3210897445678711
1887.8000000000002,0.3160826861858368
1887.9,0.31932270526885986
1888.0000000000002,0.3087615370750427
1888.1000000000001,0.31152987480163574
1888.2,0.3139627277851105
1888.3000000000002,0.3096555173397064
1888.4,0.3142530024051666
1888.5000000000002,0.3162127137184143
1888.6000000000001,0.31183725595474243
1888.7,0.3074706196784973
1888.8000000000002,0.3122596740722656
1888.9,0.30840668082237244
1889.0000000000002,0.3063144087791443
1889.1000000000001,0.30895328521728516
1889.2,0.3025120496749878
1889.3000000000002,0.30479174852371216
1889.4,0.3179897964000702
1889.5000000000002,0.3109433650970459
1889.6000000000001,0.3104992210865021
1889.7,0.30562713742256165
1889.8000000000002,0.30983901023864746
1889.9,0.3025467097759247
1890.0000000000002,0.3081474006175995
1890.1000000000001,0.30760425329208374
1890.2,0.29626038670539856
1890.3000000000002,0.3129422962665558
1890.4,0.310332715511322
1890.5000000000002,0.31102797389030457
1890.6000000000001,0.31895607709884644
1890.7,0.33155468106269836
1890.8000000000002,0.34532973170280457
1890.9,0.3489222228527069
1891.0000000000002,0.36908817291259766
1891.1000000000001,0.3857422471046448
1891.2,0.3969466984272003
1891.3000000000002,0.39796605706214905
1891.4,0.3968035876750946
1891.5000000000002,0.3984479010105133
1891.6000000000001,0.39188864827156067
1891.7,0.3897402286529541
1891.8000000000002,0.3666093051433563
1891.9,0.363290935754776
1892.0000000000002,0.3564835488796234
1892.1000000000001,0.3586621582508087
1892.2,0.3523212671279907
1892.3000000000002,0.34727081656455994
1892.4,0.3432990610599518
1892.5000000000002,0.342781662940979
1892.6000000000001,0.3386800289154053
1892.7,0.3489511013031006
1892.8000000000002,0.34303632378578186
1892.9,0.3431686758995056
1893.0000000000002,0.3436235785484314
1893.1000000000001,0.34291642904281616
1893.2,0.3336298167705536
1893.3000000000002,0.33749833703041077
1893.4,0.3263547718524933
1893.5000000000002,0.32424452900886536
1893.6000000000001,0.330563485622406
1893.7,0.3299904763698578
1893.8000000000002,0.3237304091453552
1893.9,0.3280055820941925
1894.0000000000002,0.3296281397342682
1894.1000000000001,0.3218536674976349
1894.2,0.32955750823020935
1894.3000000000002,0.32917913794517517
1894.4,0.32971394062042236
1894.5000000000002,0.3154653012752533
1894.6000000000001,0.32429516315460205
1894.7,0.32048842310905457
1894.8000000000002,0.32244956493377686
1894.9,0.3235696256160736
1895.0000000000002,0.32715731859207153
1895.1000000000001,0.3229684829711914
1895.2,0.31943172216415405
1895.3000000000002,0.32244017720222473
1895.4,0.3255423307418823
1895.5000000000002,0.3272494077682495
1895.6000000000001,0.33090344071388245
1895.7,0.3245748281478882
1895.8000000000002,0.3242521584033966
1895.9,0.3244386613368988
1896.0000000000002,0.3229554295539856
1896.1000000000001,0.3229411244392395
1896.2,0.3069908916950226
1896.3000000000002,0.32902953028678894
1896.4,0.3250739574432373
1896.5000000000002,0.31450355052948
1896.6000000000001,0.31977561116218567
1896.7,0.32617947459220886
1896.8000000000002,0.32640698552131653
1896.9,0.32806411385536194
1897.0000000000002,0.32572731375694275
1897.1000000000001,0.31635650992393494
1897.2,0.3166762590408325
1897.3000000000002,0.3237221837043762
1897.4,0.32275164127349854
1897.5000000000002,0.31646472215652466
1897.6000000000001,0.31908443570137024
1897.7,0.3184857666492462
1897.8000000000002,0.3203830122947693
1897.9,0.3198498487472534
1898.0000000000002,0.3195303976535797
1898.1000000000001,0.3142983615398407
1898.2,0.31863099336624146
1898.3000000000002,0.318246066570282
1898.4,0.3105922043323517
1898.5000000000002,0.3122062683105469
1898.6000000000001,0.3140837550163269
1898.7,0.323415070772171
1898.8000000000002,0.31476885080337524
1898.9,0.31896090507507324
1899.0000000000002,0.31759729981422424
1899.1000000000001,0.31765440106391907
1899.2,0.31588807702064514
1899.3000000000002,0.317653089761734
1899.4,0.29989099502563477
1899.5000000000002,0.314140260219574
1899.6000000000001,0.3177933096885681
1899.7,0.3149947226047516
1899.8000000000002,0.31906744837760925
1899.9,0.33176189661026
1900.0000000000002,0.3436790704727173
1900.1000000000001,0.36185622215270996
1900.2,0.3588792681694031
1900.3000000000002,0.38198554515838623
1900.4,0.3869718909263611
1900.5000000000002,0.38450315594673157
1900.6000000000001,0.40130993723869324
1900.7,0.3980761766433716
1900.8000000000002,0.402948260307312
1900.9,0.39245671033859253
1901.0000000000002,0.3782992660999298
1901.1000000000001,0.3705047070980072
1901.2,0.3670842945575714
1901.3000000000002,0.3556145131587982
1901.4,0.352093368768692
1901.5000000000002,0.3540724813938141
1901.6000000000001,0.3468135893344879
1901.7,0.34567874670028687
1901.8000000000002,0.3472170829772949
1901.9,0.34328916668891907
1902.0000000000002,0.33947837352752686
1902.1000000000001,0.34825319051742554
1902.2,0.3407828211784363
1902.3000000000002,0.3369528651237488
1902.4,0.3355115056037903
1902.5000000000002,0.33994248509407043
1902.6000000000001,0.3266226351261139
1902.7,0.33072206377983093
1902.8000000000002,0.3324776887893677
1902.9,0.32975664734840393
1903.0000000000002,0.334685355424881
1903.1000000000001,0.33301493525505066
1903.2,0.32121095061302185
1903.3000000000002,0.32734453678131104
1903.4,0.32802343368530273
1903.5000000000002,0.3255790174007416
1903.6000000000001,0.3291699290275574
1903.7,0.3249792456626892
1903.8000000000002,0.3227013945579529
1903.9,0.32577401399612427
1904.0000000000002,0.33108416199684143
1904.1000000000001,0.3258635401725769
1904.2,0.32982006669044495
1904.3000000000002,0.3328375816345215
1904.4,0.3270704746246338
1904.5000000000002,0.33018529415130615
1904.6000000000001,0.333549827337265
1904.7,0.3307155966758728
1904.8000000000002,0.32793310284614563
1904.9,0.3304181694984436
1905.0000000000002,0.3212600350379944
1905.1000000000001,0.3257198929786682
1905.2,0.33163535594940186
1905.3000000000002,0.32828283309936523
1905.4,0.3203587532043457
1905.5000000000002,0.32082104682922363
1905.6000000000001,0.3266766667366028
1905.7,0.3218044340610504
1905.8000000000002,0.31482356786727905
1905.9,0.32748740911483765
1906.0000000000002,0.3161846399307251
1906.1000000000001,0.3284512162208557
1906.2,0.31810441613197327
1906.3000000000002,0.3107462525367737
1906.4,0.32393181324005127
1906.5000000000002,0.32044297456741333
1906.6000000000001,0.3263915777206421
1906.7,0.31737321615219116
1906.8000000000002,0.3209761083126068
1906.9,0.32079771161079407
1907.0000000000002,0.3205401301383972
1907.1000000000001,0.32187026739120483
1907.2,0.32378360629081726
1907.3000000000002,0.32962751388549805
1907.4,0.32756462693214417
1907.5000000000002,0.3263130784034729
1907.6000000000001,0.32674074172973633
1907.7,0.32203876972198486
1907.8000000000002,0.3222935199737549
1907.9,0.32390156388282776
1908.0000000000002,0.32548514008522034
1908.1000000000001,0.32294848561286926
1908.2,0.3245909810066223
1908.3000000000002,0.30966511368751526
1908.4,0.33127641677856445
1908.5000000000002,0.3165278732776642
1908.6000000000001,0.3114386796951294
1908.7,0.3171498477458954
1908.8000000000002,0.32488617300987244
1908.9,0.3175675570964813
1909.0000000000002,0.3151850998401642
1909.1000000000001,0.3130854070186615
1909.2,0.32645487785339355
1909.3000000000002,0.32542696595191956
1909.4,0.3216401934623718
1909.5000000000002,0.320519357919693
1909.6000000000001,0.3181438744068146
1909.7,0.3175242841243744
1909.8000000000002,0.3165678381919861
1909.9,0.3233942687511444
1910.0000000000002,0.32097867131233215
1910.1000000000001,0.3234916031360626
1910.2,0.31582337617874146
1910.3000000000002,0.31553828716278076
1910.4,0.321047306060791
1910.5000000000002,0.30788761377334595
1910.6000000000001,0.3197861313819885
1910.7,0.30717405676841736
1910.8000000000002,0.31382662057876587
1910.9,0.32072094082832336
1911.0000000000002,0.313497930765152
1911.1000000000001,0.32073795795440674
1911.2,0.321234792470932
1911.3000000000002,0.3174782693386078
1911.4,0.31764307618141174
1911.5000000000002,0.32199227809906006
1911.6000000000001,0.3096223473548889
1911.7,0.30916962027549744
1911.8000000000002,0.3196561634540558
1911.9,0.32236018776893616
1912.0000000000002,0.31261542439460754
1912.1000000000001,0.31214281916618347
1912.2,0.3091476261615753
1912.3000000000002,0.3190939426422119
1912.4,0.31108614802360535
1912.5000000000002,0.31732791662216187
1912.6000000000001,0.3118850290775299
1912.7,0.310630202293396
1912.8000000000002,0.3052518963813782
1912.9,0.3113440275192261
1913.0000000000002,0.3136938214302063
1913.1000000000001,0.3167240023612976
1913.2,0.30821049213409424
1913.3000000000002,0.31519731879234314
1913.4,0.3104812800884247
1913.5000000000002,0.30751359462738037
1913.6000000000001,0.3077274262905121
1913.7,0.30888962745666504
1913.8000000000002,0.30644601583480835
1913.9,0.30883774161338806
1914.0000000000002,0.3110339641571045
1914.1000000000001,0.31549516320228577
1914.2,0.30959582328796387
1914.3000000000002,0.30865955352783203
1914.4,0.3061826527118683
1914.5000000000002,0.30227673053741455
1914.6000000000001,0.3026066720485687
1914.7,0.3031473159790039
1914.8000000000002,0.3020373582839966
1914.9,0.3049421012401581
1915.0000000000002,0.3120873272418976
1915.1000000000001,0.3002892732620239
1915.2,0.30731916427612305
1915.3000000000002,0.2984124720096588
1915.4,0.29948487877845764
1915.5000000000002,0.2934342920780182
1915.6000000000001,0.2996528446674347
1915.7,0.314621239900589
1915.8000000000002,0.32451608777046204
1915.9,0.32463499903678894
1916.0000000000002,0.35162171721458435
1916.1000000000001,0.36315351724624634
1916.2,0.3744441568851471
1916.3000000000002,0.3849122226238251
1916.4,0.39386239647865295
1916.5000000000002,0.39008718729019165
1916.6000000000001,0.39413565397262573
1916.7,0.38889196515083313
1916.8000000000002,0.3796818256378174
1916.9,0.36172229051589966
1917.0000000000002,0.3684283494949341
1917.1000000000001,0.35927268862724304
1917.2,0.3426133692264557
1917.3000000000002,0.327715665102005
1917.4,0.33528125286102295
1917.5000000000002,0.3434067666530609
1917.6000000000001,0.3469371497631073
1917.7,0.34418919682502747
1917.8000000000002,0.3342325687408447
1917.9,0.3372866213321686
1918.0000000000002,0.335235059261322
1918.1000000000001,0.34110328555107117
1918.2,0.3429051637649536
1918.3000000000002,0.34099358320236206
1918.4,0.3361304700374603
1918.5000000000002,0.33016255497932434
1918.6000000000001,0.32511183619499207
1918.7,0.32153451442718506
1918.8000000000002,0.32570528984069824
1918.9,0.30926939845085144
1919.0000000000002,0.3229440152645111
1919.1000000000001,0.32757458090782166
1919.2,0.3287396728992462
1919.3000000000002,0.32684704661369324
1919.4,0.32211554050445557
1919.5000000000002,0.3252915143966675
1919.6000000000001,0.32085564732551575
1919.7,0.3218667507171631
1919.8000000000002,0.31352314352989197
1919.9,0.31985339522361755
1920.0000000000002,0.31992295384407043
1920.1000000000001,0.3243960738182068
1920.2,0.3275437355041504
1920.3000000000002,0.3244229257106781
1920.4,0.3255172073841095
1920.5000000000002,0.31593260169029236
1920.6000000000001,0.3166363537311554
1920.7,0.3266812264919281
1920.8000000000002,0.3279280364513397
1920.9,0.3227303922176361
1921.0000000000002,0.31895124912261963
1921.1000000000001,0.3260961174964905
1921.2,0.3067304193973541
1921.3000000000002,0.3237440288066864
1921.4,0.3167083263397217
1921.5000000000002,0.31790775060653687
1921.6000000000001,0.3251481354236603
1921.7,0.3191511631011963
1921.8000000000002,0.3232841193675995
1921.9,0.31640252470970154
1922.0000000000002,0.3117392361164093
1922.1000000000001,0.32191964983940125
1922.2,0.31783920526504517
1922.3000000000002,0.3212125301361084
1922.4,0.32192814350128174
1922.5000000000002,0.3151949644088745
1922.6000000000001,0.3147054612636566
1922.7,0.3215726613998413
1922.8000000000002,0.3193952739238739
1922.9,0.31471917033195496
1923.0000000000002,0.31708985567092896
1923.1000000000001,0.31589895486831665
1923.2,0.31592321395874023
1923.3000000000002,0.3155302107334137
1923.4,0.3097061216831207
1923.5000000000002,0.31185248494148254
1923.6000000000001,0.317815899848938
1923.7,0.32132476568222046
1923.8000000000002,0.3177020847797394
1923.9,0.3226967453956604
1924.0000000000002,0.31389492750167847
1924.1000000000001,0.3141460418701172
1924.2,0.31604546308517456
1924.3000000000002,0.30974525213241577
1924.4,0.31116196513175964
1924.5000000000002,0.3087399899959564
1924.6000000000001,0.3223889172077179
1924.7,0.3162003457546234
1924.8000000000002,0.31514987349510193
1924.9,0.31545183062553406
1925.0000000000002,0.31245508790016174
1925.1000000000001,0.3127361834049225
1925.2,0.31317147612571716
1925.3000000000002,0.29371336102485657
1925.4,0.3059804141521454
1925.5000000000002,0.30898573994636536
1925.6000000000001,0.30687445402145386
1925.7,0.31801989674568176
1925.8000000000002,0.3282204866409302
1925.9,0.3399118483066559
1926.0000000000002,0.3605923056602478
1926.1000000000001,0.36185115575790405
1926.2,0.3836810886859894
1926.3000000000002,0.3897312879562378
1926.4,0.39449626207351685
1926.5000000000002,0.3944533169269562
1926.6000000000001,0.39747485518455505
1926.7,0.39463192224502563
1926.8000000000002,0.3853297829627991
1926.9,0.36738887429237366
1927.0000000000002,0.36484262347221375
1927.1000000000001,0.36358126997947693
1927.2,0.3599565327167511
1927.3000000000002,0.35030946135520935
1927.4,0.3510442078113556
1927.5000000000002,0.35349902510643005
1927.6000000000001,0.3387889266014099
1927.7,0.3418940305709839
1927.8000000000002,0.3377106785774231
1927.9,0.34242135286331177
1928.0000000000002,0.3416193425655365
1928.1000000000001,0.33371472358703613
1928.2,0.3387191593647003
1928.3000000000002,0.33965954184532166
1928.4,0.3261755108833313
1928.5000000000002,0.3326220214366913
1928.6000000000001,0.332969069480896
1928.7,0.3234459161758423
1928.8000000000002,0.32927462458610535
1928.9,0.3216693103313446
1929.0000000000002,0.31503990292549133
1929.1000000000001,0.3309078514575958
1929.2,0.32534554600715637
1929.3000000000002,0.33050668239593506
1929.4,0.324944406747818
1929.5000000000002,0.32747986912727356
1929.6000000000001,0.33226990699768066
1929.7,0.3236519694328308
1929.8000000000002,0.32533344626426697
1929.9,0.3274235725402832
1930.0000000000002,0.33004119992256165
1930.1000000000001,0.32774609327316284
1930.2,0.3270145356655121
1930.3000000000002,0.3247581124305725
1930.4,0.3276585340499878
1930.5000000000002,0.3228393495082855
1930.6000000000001,0.3317153751850128
1930.7,0.32133975625038147
1930.8000000000002,0.3290705978870392
1930.9,0.3277566730976105
1931.0000000000002,0.3193668723106384
1931.1000000000001,0.32666444778442383
1931.2,0.32338201999664307
1931.3000000000002,0.32996705174446106
1931.4,0.32881662249565125
1931.5000000000002,0.32972976565361023
1931.6000000000001,0.33008283376693726
1931.7,0.3240613043308258
1931.8000000000002,0.3189961910247803
1931.9,0.3211849331855774
1932.0000000000002,0.3172333538532257
1932.1000000000001,0.3229767978191376
1932.2,0.3217949867248535
1932.3000000000002,0.32366907596588135
1932.4,0.3229283094406128
1932.5000000000002,0.32757219672203064
1932.6000000000001,0.3127511739730835
1932.7,0.32578396797180176
1932.8000000000002,0.3195217251777649
1932.9,0.3205126225948334
1933.0000000000002,0.32606273889541626
1933.1000000000001,0.333554208278656
1933.2,0.32846304774284363
1933.3000000000002,0.32124999165534973
1933.4,0.31219831109046936
1933.5000000000002,0.32705187797546387
1933.6000000000001,0.3272552788257599
1933.7,0.32252079248428345
1933.8000000000002,0.31998440623283386
1933.9,0.3163616955280304
1934.0000000000002,0.3276832401752472
1934.1000000000001,0.31653669476509094
1934.2,0.3125181496143341
1934.3000000000002,0.31944963335990906
1934.4,0.31401774287223816
1934.5000000000002,0.3261735737323761
1934.6000000000001,0.3178919851779938
1934.7,0.3146373927593231
1934.8000000000002,0.31889739632606506
1934.9,0.32454508543014526
1935.0000000000002,0.3192339539527893
1935.1000000000001,0.32365942001342773
1935.2,0.311577707529068
1935.3000000000002,0.3129362463951111
1935.4,0.31785959005355835
1935.5000000000002,0.316156268119812
1935.6000000000001,0.3169015645980835
1935.7,0.323427677154541
1935.8000000000002,0.3194183111190796
1935.9,0.3139190375804901
1936.0000000000002,0.3145729601383209
1936.1000000000001,0.31783297657966614
1936.2,0.31715890765190125
1936.3000000000002,0.31956446170806885
1936.4,0.3146895468235016
1936.5000000000002,0.3169723451137543
1936.6000000000001,0.3152814507484436
1936.7,0.30047735571861267
1936.8000000000002,0.3120609521865845
1936.9,0.31645700335502625
1937.0000000000002,0.315606951713562
1937.1000000000001,0.31435027718544006
1937.2,0.31916457414627075
1937.3000000000002,0.3113679885864258
1937.4,0.3024870753288269
1937.5000000000002,0.3179319500923157
1937.6000000000001,0.31749510765075684
1937.7,0.2995157837867737
1937.8000000000002,0.3108261525630951
1937.9,0.31092870235443115
1938.0000000000002,0.31513339281082153
1938.1000000000001,0.311012327671051
1938.2,0.33084636926651
1938.3000000000002,0.3584083318710327
1938.4,0.3622451424598694
1938.5000000000002,0.3708777129650116
1938.6000000000001,0.38853445649147034
1938.7,0.39193418622016907
1938.8000000000002,0.3924414813518524
1938.9,0.3995918333530426
1939.0000000000002,0.4016093611717224
1939.1000000000001,0.40527668595314026
1939.2,0.3961157500743866
1939.3000000000002,0.3820197582244873
1939.4,0.37781456112861633
1939.5000000000002,0.37038668990135193
1939.6000000000001,0.3662773370742798
1939.7,0.35747334361076355
1939.8000000000002,0.35904088616371155
1939.9,0.3527567982673645
1940.0000000000002,0.3501667082309723
1940.1000000000001,0.34453192353248596
1940.2,0.3457755446434021
1940.3000000000002,0.3461727797985077
1940.4,0.3436906039714813
1940.5000000000002,0.3385259211063385
1940.6000000000001,0.34153109788894653
1940.7,0.3352090120315552
1940.8000000000002,0.3381519317626953
1940.9,0.32456377148628235
1941.0000000000002,0.33185216784477234
1941.1000000000001,0.3307114839553833
1941.2,0.3293057680130005
1941.3000000000002,0.3316814601421356
1941.4,0.3088357746601105
1941.5000000000002,0.3342711627483368
1941.6000000000001,0.3321257531642914
1941.7,0.32580071687698364
1941.8000000000002,0.3213307559490204
1941.9,0.31896674633026123
1942.0000000000002,0.3234381377696991
1942.1000000000001,0.32941752672195435
1942.2,0.3272289037704468
1942.3000000000002,0.3286210298538208
1942.4,0.3269980847835541
1942.5000000000002,0.3268797993659973
1942.6000000000001,0.3236382007598877
1942.7,0.32929426431655884
1942.8000000000002,0.3230140209197998
1942.9,0.3267022371292114
1943.0000000000002,0.3101631700992584
1943.1000000000001,0.3305504620075226
1943.2,0.3245563805103302
1943.3000000000002,0.32848048210144043
1943.4,0.322773814201355
1943.5000000000002,0.3275894224643707
1943.6000000000001,0.3304244577884674
1943.7,0.3267255425453186
1943.8000000000002,0.3165353834629059
1943.9,0.32486388087272644
1944.0000000000002,0.3221154808998108
1944.1000000000001,0.32799825072288513
1944.2,0.324207067489624
1944.3000000000002,0.32574620842933655
1944.4,0.32153597474098206
1944.5000000000002,0.3295067250728607
1944.6000000000001,0.31330060958862305
1944.7,0.3233223557472229
1944.8000000000002,0.3241303861141205
1944.9,0.3187624216079712
1945.0000000000002,0.3220314383506775
1945.1000000000001,0.33462679386138916
1945.2,0.33026543259620667
1945.3000000000002,0.3255535066127777
1945.4,0.32513654232025146
1945.5000000000002,0.32400599122047424
1945.6000000000001,0.31837040185928345
1945.7,0.3183538019657135
1945.8000000000002,0.3246426284313202
1945.9,0.3233244717121124
1946.0000000000002,0.3167092502117157
1946.1000000000001,0.3255488872528076
1946.2,0.3229824900627136
1946.3000000000002,0.3169189989566803
1946.4,0.31091371178627014
1946.5000000000002,0.32787343859672546
1946.6000000000001,0.31831640005111694
1946.7,0.31589823961257935
1946.8000000000002,0.3216346502304077
1946.9,0.3145386278629303
1947.0000000000002,0.32276150584220886
1947.1000000000001,0.313362181186676
1947.2,0.3081510066986084
1947.3000000000002,0.31271064281463623
1947.4,0.3128589391708374
1947.5000000000002,0.3161401152610779
1947.6000000000001,0.318650484085083
1947.7,0.3208799660205841
1947.8000000000002,0.3106900155544281
1947.9,0.3121442496776581
1948.0000000000002,0.31775301694869995
1948.1000000000001,0.31125596165657043
1948.2,0.3123913109302521
1948.3000000000002,0.3224494755268097
1948.4,0.3137829005718231
1948.5000000000002,0.3183354437351227
1948.6000000000001,0.3134304881095886
1948.7,0.3161969780921936
1948.8000000000002,0.3080613315105438
1948.9,0.31306055188179016
1949.0000000000002,0.3174353837966919
1949.1000000000001,0.3138032555580139
1949.2,0.3090355098247528
1949.3000000000002,0.3149029612541199
1949.4,0.30429956316947937
1949.5000000000002,0.31291893124580383
1949.6000000000001,0.31535813212394714
1949.7,0.3081939220428467
1949.8000000000002,0.3098313510417938
1949.9,0.3148212432861328
1950.0000000000002,0.3119940459728241
1950.1000000000001,0.3123032748699188
1950.2,0.312286913394928
1950.3000000000002,0.3075111210346222
1950.4,0.3095038831233978
1950.5000000000002,0.30720946192741394
1950.6000000000001,0.2982262670993805
1950.7,0.3072000741958618
1950.8000000000002,0.3128677308559418
1950.9,0.312324196100235
1951.0000000000002,0.30519452691078186
1951.1000000000001,0.3309818208217621
1951.2,0.34744974970817566
1951.3000000000002,0.3573870062828064
1951.4,0.3694327771663666
1951.5000000000002,0.3784131109714508
1951.6000000000001,0.39007803797721863
1951.7,0.39339444041252136
1951.8000000000002,0.3889746069908142
1951.9,0.38919907808303833
1952.0000000000002,0.38170355558395386
1952.1000000000001,0.3752517104148865
1952.2,0.3734915256500244
1952.3000000000002,0.36542370915412903
1952.4,0.35502204298973083
1952.5000000000002,0.3543579578399658
1952.6000000000001,0.3480041027069092
1952.7,0.34260353446006775
1952.8000000000002,0.34025317430496216
1952.9,0.3291216194629669
1953.0000000000002,0.3430900573730469
1953.1000000000001,0.3345513641834259
1953.2,0.3422330319881439
1953.3000000000002,0.331197053194046
1953.4,0.3359881043434143
1953.5000000000002,0.33349481225013733
1953.6000000000001,0.3317756652832031
1953.7,0.33466994762420654
1953.8000000000002,0.33106788992881775
1953.9,0.33101701736450195
1954.0000000000002,0.32231834530830383
1954.1000000000001,0.32612642645835876
1954.2,0.3173374831676483
1954.3000000000002,0.33227548003196716
1954.4,0.3335379958152771
1954.5000000000002,0.328622967004776
1954.6000000000001,0.32937484979629517
1954.7,0.32914096117019653
1954.8000000000002,0.32702261209487915
1954.9,0.331240713596344
1955.0000000000002,0.32220107316970825
1955.1000000000001,0.3272189199924469
1955.2,0.3177119493484497
1955.3000000000002,0.32422319054603577
1955.4,0.3293916583061218
1955.5000000000002,0.3270421624183655
1955.6000000000001,0.3207850754261017
1955.7,0.3219851851463318
1955.8000000000002,0.32669124007225037
1955.9,0.32635828852653503
1956.0000000000002,0.3171619176864624
1956.1000000000001,0.3248475193977356
1956.2,0.32988935708999634
1956.3000000000002,0.3250550627708435
1956.4,0.31964462995529175
1956.5000000000002,0.32114988565444946
1956.6000000000001,0.31220561265945435
1956.7,0.32253825664520264
1956.8000000000002,0.32437917590141296
1956.9,0.3121853470802307
1957.0000000000002,0.32668212056159973
1957.1000000000001,0.3246806561946869
1957.2,0.3267274498939514
1957.3000000000002,0.3224455416202545
1957.4,0.32452523708343506
1957.5000000000002,0.31900399923324585
1957.6000000000001,0.3266383111476898
1957.7,0.3131950795650482
1957.8000000000002,0.3194935917854309
1957.9,0.3167021870613098
1958.0000000000002,0.3253273665904999
1958.1000000000001,0.3228125274181366
1958.2,0.32286733388900757
1958.3000000000002,0.31980466842651367
1958.4,0.3175268769264221
1958.5000000000002,0.3247385621070862
1958.6000000000001,0.3110925257205963
1958.7,0.3106713891029358
1958.8000000000002,0.30441024899482727
1958.9,0.3162587881088257
1959.0000000000002,0.3180716037750244
1959.1000000000001,0.3149711787700653
1959.2,0.3236137628555298
1959.3000000000002,0.3106352388858795
1959.4,0.32239553332328796
1959.5000000000002,0.307698518037796
1959.6000000000001,0.3092525601387024
1959.7,0.3175796866416931
1959.8000000000002,0.3195498287677765
1959.9,0.3197014331817627
1960.0000000000002,0.3241603672504425
1960.1000000000001,0.32234182953834534
1960.2,0.3122272789478302
1960.3000000000002,0.3135160505771637
1960.4,0.3216918110847473
1960.5000000000002,0.30982375144958496
1960.6000000000001,0.3162192702293396
1960.7,0.31896498799324036
1960.8000000000002,0.3125963509082794
1960.9,0.3155950903892517
1961.0000000000002,0.30485743284225464
1961.1000000000001,0.30455875396728516
1961.2,0.30754226446151733
1961.3000000000002,0.3151077628135681
1961.4,0.30875787138938904
1961.5000000000002,0.3084279000759125
1961.6000000000001,0.31244903802871704
1961.7,0.3069861829280853
1961.8000000000002,0.3062235713005066
1961.9,0.3173117935657501
1962.0000000000002,0.3072855770587921
1962.1000000000001,0.305764377117157
1962.2,0.29948970675468445
1962.3000000000002,0.30035197734832764
1962.4,0.31283119320869446
1962.5000000000002,0.2932823896408081
1962.6000000000001,0.32489150762557983
1962.7,0.3318735957145691
1962.8000000000002,0.3316505551338196
1962.9,0.35356852412223816
1963.0000000000002,0.3707686960697174
1963.1000000000001,0.38013628125190735
1963.2,0.3953413665294647
1963.3000000000002,0.39885616302490234
1963.4,0.41138315200805664
1963.5000000000002,0.4077686071395874
1963.6000000000001,0.3955204486846924
1963.7,0.3993605077266693
1963.8000000000002,0.38915422558784485
1963.9,0.38160425424575806
1964.0000000000002,0.37371277809143066
1964.1000000000001,0.35183629393577576
1964.2,0.3553890883922577
1964.3000000000002,0.3328217566013336
1964.4,0.35832780599594116
1964.5000000000002,0.347190260887146
1964.6000000000001,0.3489205241203308
1964.7,0.33511170744895935
1964.8000000000002,0.34678640961647034
1964.9,0.34630489349365234
1965.0000000000002,0.3339971601963043
1965.1000000000001,0.34432539343833923
1965.2,0.3320862650871277
1965.3000000000002,0.33299490809440613
1965.4,0.33424925804138184
1965.5000000000002,0.3303288519382477
1965.6000000000001,0.33587774634361267
1965.7,0.3343605399131775
1965.8000000000002,0.32716211676597595
1965.9,0.33224454522132874
1966.0000000000002,0.32933706045150757
1966.1000000000001,0.32327863574028015
1966.2,0.3289927542209625
1966.3000000000002,0.3372774124145508
1966.4,0.33652690052986145
1966.5000000000002,0.33039915561676025
1966.6000000000001,0.3303099274635315
1966.7,0.3188437521457672
1966.8000000000002,0.328442245721817
1966.9,0.32605162262916565
1967.0000000000002,0.3280312418937683
1967.1000000000001,0.32581621408462524
1967.2,0.31843605637550354
1967.3000000000002,0.32814010977745056
1967.4,0.32953619956970215
1967.5000000000002,0.310356467962265
1967.6000000000001,0.3273662328720093
1967.7,0.32594841718673706
1967.8000000000002,0.32983580231666565
1967.9,0.3215603828430176
1968.0000000000002,0.32264891266822815
1968.1000000000001,0.324649453163147
1968.2,0.32332855463027954
1968.3000000000002,0.32125189900398254
1968.4,0.3194611370563507
1968.5000000000002,0.32874467968940735
1968.6000000000001,0.32366690039634705
1968.7,0.32738539576530457
1968.8000000000002,0.3164568841457367
1968.9,0.3232448995113373
1969.0000000000002,0.31795254349708557
1969.1000000000001,0.32050225138664246
1969.2,0.328584760427475
1969.3000000000002,0.3265446126461029
1969.4,0.3239360451698303
1969.5000000000002,0.325582355260849
1969.6000000000001,0.3140290677547455
1969.7,0.322469562292099
1969.8000000000002,0.32869940996170044
1969.9,0.31883132457733154
1970.0000000000002,0.32041406631469727
1970.1000000000001,0.3186244070529938
1970.2,0.3287658989429474
1970.3000000000002,0.32682234048843384
1970.4,0.3260244131088257
1970.5000000000002,0.32416969537734985
1970.6000000000001,0.3206406235694885
1970.7,0.31692516803741455
1970.8000000000002,0.32349690794944763
1970.9,0.32560640573501587
1971.0000000000002,0.3279949426651001
1971.1000000000001,0.319448858499527
1971.2,0.32590368390083313
1971.3000000000002,0.32007190585136414
1971.4,0.3143680989742279
1971.5000000000002,0.31966719031333923
1971.6000000000001,0.3183863162994385
1971.7,0.3146728575229645
1971.8000000000002,0.318417489528656
1971.9,0.3219171464443207
1972.0000000000002,0.32050850987434387
1972.1000000000001,0.31789475679397583
1972.2,0.3085956573486328
1972.3000000000002,0.32311829924583435
1972.4,0.3207102417945862
1972.5000000000002,0.31553003191947937
1972.6000000000001,0.31400066614151
1972.7,0.317545086145401
1972.8000000000002,0.30206331610679626
1972.9,0.30445554852485657
1973.0000000000002,0.317278653383255
1973.1000000000001,0.3100877106189728
1973.2,0.30959197878837585
1973.3000000000002,0.3173368275165558
1973.4,0.31713613867759705
1973.5000000000002,0.299364298582077
1973.6000000000001,0.3139950633049011
1973.7,0.31588807702064514
1973.8000000000002,0.3127637207508087
1973.9,0.3159787356853485
1974.0000000000002,0.33165040612220764
1974.1000000000001,0.3481598198413849
1974.2,0.35076555609703064
1974.3000000000002,0.3540101945400238
1974.4,0.3763345181941986
1974.5000000000002,0.3840307593345642
1974.6000000000001,0.3981916606426239
1974.7,0.39543911814689636
1974.8000000000002,0.39886096119880676
1974.9,0.3906650245189667
1975.0000000000002,0.38838058710098267
1975.1000000000001,0.3801755905151367
1975.2,0.3773252069950104
1975.3000000000002,0.3698063790798187
1975.4,0.3449040353298187
1975.5000000000002,0.35400304198265076
1975.6000000000001,0.36028796434402466
1975.7,0.3513582944869995
1975.8000000000002,0.3463447391986847
1975.9,0.34406912326812744
1976.0000000000002,0.3438725471496582
1976.1000000000001,0.33446168899536133
1976.2,0.33506718277931213
1976.3000000000002,0.3356247842311859
1976.4,0.332749605178833
1976.5000000000002,0.33682534098625183
1976.6000000000001,0.3421249985694885
1976.7,0.33086761832237244
1976.8000000000002,0.3270358145236969
1976.9,0.319599986076355
1977.0000000000002,0.31962522864341736
1977.1000000000001,0.33455222845077515
1977.2,0.32498711347579956
1977.3000000000002,0.31746619939804077
1977.4,0.3190591037273407
1977.5000000000002,0.3302273154258728
1977.6000000000001,0.3237486183643341
1977.7,0.33044886589050293
1977.8000000000002,0.3307535648345947
1977.9,0.32528048753738403
1978.0000000000002,0.3234320878982544
1978.1000000000001,0.3272341787815094
1978.2,0.32279691100120544
1978.3000000000002,0.3356640040874481
1978.4,0.32648810744285583
1978.5000000000002,0.32280439138412476
1978.6000000000001,0.3262206017971039
1978.7,0.3251510262489319
1978.8000000000002,0.32362300157546997
1978.9,0.3268323540687561
1979.0000000000002,0.3202041685581207
1979.1000000000001,0.3271912634372711
1979.2,0.3290923833847046
1979.3000000000002,0.3298413157463074
1979.4,0.32665306329727173
1979.5000000000002,0.3193582594394684
1979.6000000000001,0.32411256432533264
1979.7,0.3273776173591614
1979.8000000000002,0.3315882682800293
1979.9,0.32864388823509216
1980.0000000000002,0.3281928300857544
1980.1000000000001,0.31732794642448425
1980.2,0.3238127529621124
1980.3000000000002,0.3163987398147583
1980.4,0.3312687277793884
1980.5000000000002,0.3281855583190918
1980.6000000000001,0.3179883658885956
1980.7,0.3241291642189026
1980.8000000000002,0.32919803261756897
1980.9,0.3252864480018616
1981.0000000000002,0.3239583969116211
1981.1000000000001,0.3184126317501068
1981.2,0.3313544988632202
1981.3000000000002,0.32922571897506714
1981.4,0.3175264894962311
1981.5000000000002,0.32661429047584534
1981.6000000000001,0.3300218880176544
1981.7,0.33177411556243896
1981.8000000000002,0.32277339696884155
1981.9,0.3193392753601074
1982.0000000000002,0.3261307179927826
1982.1000000000001,0.3209574222564697
1982.2,0.3246963620185852
1982.3000000000002,0.3156188428401947
1982.4,0.3265356123447418
1982.5000000000002,0.32050812244415283
1982.6000000000001,0.31820908188819885
1982.7,0.3143988251686096
1982.8000000000002,0.3265795409679413
1982.9,0.3265831470489502
1983.0000000000002,0.3256356716156006
1983.1000000000001,0.3262055218219757
1983.2,0.3254345953464508
1983.3000000000002,0.3181581199169159
1983.4,0.3152630031108856
1983.5000000000002,0.32116881012916565
1983.6000000000001,0.32458895444869995
1983.7,0.3228926360607147
1983.8000000000002,0.3241618573665619
1983.9,0.31913650035858154
1984.0000000000002,0.32555776834487915
1984.1000000000001,0.3205261826515198
1984.2,0.32017895579338074
1984.3000000000002,0.3230852484703064
1984.4,0.3302554488182068
1984.5000000000002,0.3205908238887787
1984.6000000000001,0.3134697675704956
1984.7,0.31910261511802673
1984.8000000000002,0.3242107033729553
1984.9,0.31846022605895996
1985.0000000000002,0.31478962302207947
1985.1000000000001,0.31601810455322266
1985.2,0.3134976327419281
1985.3000000000002,0.3136066496372223
1985.4,0.3174598515033722
1985.5000000000002,0.31252118945121765
1985.6000000000001,0.32042616605758667
1985.7,0.3137887120246887
1985.8000000000002,0.32153987884521484
1985.9,0.32270464301109314
1986.0000000000002,0.3090590834617615
1986.1000000000001,0.3096822202205658
1986.2,0.3137100636959076
1986.3000000000002,0.31881505250930786
1986.4,0.31675344705581665
1986.5000000000002,0.3192612826824188
1986.6000000000001,0.30982789397239685
1986.7,0.3145047128200531
1986.8000000000002,0.3134678900241852
1986.9,0.3238461911678314
1987.0000000000002,0.31631016731262207
1987.1000000000001,0.31146278977394104
1987.2,0.3174664378166199
1987.3000000000002,0.31129026412963867
1987.4,0.3066614270210266
1987.5000000000002,0.3075827658176422
1987.6000000000001,0.3156367540359497
1987.7,0.3172514736652374
1987.8000000000002,0.3060718774795532
1987.9,0.3056570291519165
1988.0000000000002,0.30948328971862793
1988.1000000000001,0.3158873915672302
1988.2,0.31613728404045105
1988.3000000000002,0.3123439848423004
1988.4,0.3153795301914215
1988.5000000000002,0.30961495637893677
1988.6000000000001,0.31444501876831055
1988.7,0.3086884021759033
1988.8000000000002,0.3031344413757324
1988.9,0.30381760001182556
1989.0000000000002,0.3080509305000305
1989.1000000000001,0.3078184723854065
1989.2,0.3121722936630249
1989.3000000000002,0.3084160089492798
1989.4,0.31078675389289856
1989.5000000000002,0.2992000877857208
1989.6000000000001,0.31042298674583435
1989.7,0.30385464429855347
1989.8000000000002,0.30971023440361023
1989.9,0.31001943349838257
1990.0000000000002,0.3231024444103241
1990.1000000000001,0.33043041825294495
1990.2,0.3545767664909363
1990.3000000000002,0.3550691306591034
1990.4,0.3832818865776062
1990.5000000000002,0.38920727372169495
1990.6000000000001,0.3908434510231018
1990.7,0.406591534614563
1990.8000000000002,0.4013447165489197
1990.9,0.4030303955078125
1991.0000000000002,0.3931776285171509
1991.1000000000001,0.3821311593055725
1991.2,0.3848198652267456
1991.3000000000002,0.3779921233654022
1991.4,0.361255019903183
1991.5000000000002,0.35674965381622314
1991.6000000000001,0.3568275272846222
1991.7,0.3530040979385376
1991.8000000000002,0.3573479950428009
1991.9,0.3470078110694885
1992.0000000000002,0.345568984746933
1992.1000000000001,0.3456012010574341
1992.2,0.3344545066356659
1992.3000000000002,0.34075677394866943
1992.4,0.33651742339134216
1992.5000000000002,0.34596359729766846
1992.6000000000001,0.3362242877483368
1992.7,0.33664649724960327
1992.8000000000002,0.3382532000541687
1992.9,0.3321453630924225
1993.0000000000002,0.3326076567173004
1993.1000000000001,0.3241901099681854
1993.2,0.33551111817359924
1993.3000000000002,0.3293410837650299
1993.4,0.3276573419570923
1993.5000000000002,0.3328930735588074
1993.6000000000001,0.32117024064064026
1993.7,0.33595457673072815
1993.8000000000002,0.3240480124950409
1993.9,0.3284803330898285
1994.0000000000002,0.32997602224349976
1994.1000000000001,0.32697242498397827
1994.2,0.3311067521572113
1994.3000000000002,0.3315272927284241
1994.4,0.33000510931015015
1994.5000000000002,0.32366880774497986
1994.6000000000001,0.32567358016967773
1994.7,0.323085218667984
1994.8000000000002,0.3208859860897064
1994.9,0.3208294212818146
1995.0000000000002,0.3225155174732208
1995.1000000000001,0.3224179744720459
1995.2,0.33121830224990845
1995.3000000000002,0.3329267203807831
1995.4,0.3137606382369995
1995.5000000000002,0.3280858099460602
1995.6000000000001,0.32958653569221497
1995.7,0.32993414998054504
1995.8000000000002,0.3212273418903351
1995.9,0.3196590840816498
1996.0000000000002,0.3273175060749054
1996.1000000000001,0.32605627179145813
1996.2,0.31611868739128113
1996.3000000000002,0.32566073536872864
1996.4,0.3332104980945587
1996.5000000000002,0.316416472196579
1996.6000000000001,0.3203296363353729
1996.7,0.3208986520767212
1996.8000000000002,0.323687344789505
1996.9,0.3245529532432556
1997.0000000000002,0.3234874904155731
1997.1000000000001,0.32788702845573425
1997.2,0.32349827885627747
1997.3000000000002,0.31961730122566223
1997.4,0.3291280269622803
1997.5000000000002,0.31671667098999023
1997.6000000000001,0.32253459095954895
1997.7,0.3253079950809479
1997.8000000000002,0.32571545243263245
1997.9,0.32327795028686523
1998.0000000000002,0.3256176710128784
1998.1000000000001,0.3281577229499817
1998.2,0.3192952275276184
1998.3000000000002,0.3155985176563263
1998.4,0.3258112668991089
1998.5000000000002,0.3240276873111725
1998.6000000000001,0.32044121623039246
1998.7,0.31950241327285767
1998.8000000000002,0.3183330297470093
1998.9,0.32184723019599915
1999.0000000000002,0.3190933167934418
1999.1000000000001,0.3211306929588318
1999.2,0.31917625665664673
1999.3000000000002,0.32127436995506287
1999.4,0.32261577248573303
1999.5000000000002,0.3225761651992798
1999.6000000000001,0.32039573788642883
1999.7,0.31638792157173157
1999.8000000000002,0.30906587839126587
1999.9,0.31547868251800537
2000.0000000000002,0.3127214312553406
2000.1000000000001,0.31164729595184326
2000.2,0.3194150924682617
2000.3000000000002,0.31732094287872314
2000.4,0.31607091426849365
2000.5000000000002,0.3186454176902771
2000.6000000000001,0.32072576880455017
2000.7,0.30622950196266174
2000.8000000000002,0.3135562837123871
2000.9,0.32018837332725525
2001.0000000000002,0.3174399435520172
2001.1000000000001,0.3241080641746521
2001.2,0.3193499743938446
2001.3000000000002,0.3140995502471924
2001.4,0.3099503517150879
2001.5000000000002,0.30881139636039734
2001.6000000000001,0.3208087086677551
2001.7,0.3130325376987457
2001.8000000000002,0.30881282687187195
2001.9,0.30738863348960876
2002.0000000000002,0.3086516559123993
2002.1000000000001,0.306475967168808
2002.2,0.31015363335609436
2002.3000000000002,0.3117006719112396
2002.4,0.3051827549934387
2002.5000000000002,0.314776748418808
2002.6000000000001,0.31637099385261536
2002.7,0.3022605776786804
2002.8000000000002,0.3147858679294586
2002.9,0.3085232675075531
2003.0000000000002,0.29897230863571167
2003.1000000000001,0.3178255558013916
2003.2,0.2994166314601898
2003.3000000000002,0.30306127667427063
2003.4,0.30788737535476685
2003.5000000000002,0.3370684087276459
2003.6000000000001,0.3445385992527008
2003.7,0.3635205924510956
2003.8000000000002,0.36687415838241577
2003.9,0.36980560421943665
2004.0000000000002,0.38991913199424744
2004.1000000000001,0.3956715762615204
2004.2,0.3926437497138977
2004.3000000000002,0.3916276693344116
2004.4,0.39371103048324585
2004.5000000000002,0.38870084285736084
2004.6000000000001,0.38438448309898376
2004.7,0.37711548805236816
2004.8000000000002,0.355241984128952
2004.9,0.3633306920528412
2005.0000000000002,0.3594716489315033
2005.1000000000001,0.3485765755176544
2005.2,0.3485926687717438
2005.3000000000002,0.3449670970439911
2005.4,0.33202171325683594
2005.5000000000002,0.34253305196762085
2005.6000000000001,0.3411290943622589
2005.7,0.3463565409183502
2005.8000000000002,0.3426183760166168
2005.9,0.33537182211875916
2006.0000000000002,0.34219202399253845
2006.1000000000001,0.3394968807697296
2006.2,0.3349694609642029
2006.3000000000002,0.32877102494239807
2006.4,0.3332701623439789
2006.5000000000002,0.3290797472000122
2006.6000000000001,0.3357638120651245
2006.7,0.3334260582923889
2006.8000000000002,0.3279874622821808
2006.9,0.32342150807380676
2007.0000000000002,0.3247344493865967
2007.1000000000001,0.32310107350349426
2007.2,0.3325249254703522
2007.3000000000002,0.33009395003318787
2007.4,0.3272089958190918
2007.5000000000002,0.33024609088897705
2007.6000000000001,0.331114262342453
2007.7,0.3339385986328125
2007.8000000000002,0.3200189173221588
2007.9,0.32900065183639526
2008.0000000000002,0.3261110484600067
2008.1000000000001,0.32257795333862305
2008.2,0.3190001845359802
2008.3000000000002,0.325111985206604
2008.4,0.33361709117889404
2008.5000000000002,0.31390124559402466
2008.6000000000001,0.330379456281662
2008.7,0.32064586877822876
2008.8000000000002,0.3261537551879883
2008.9,0.33042001724243164
2009.0000000000002,0.32685092091560364
2009.1000000000001,0.3210216760635376
2009.2,0.32179489731788635
2009.3000000000002,0.3171732425689697
2009.4,0.3298771381378174
2009.5000000000002,0.3302336037158966
2009.6000000000001,0.3259604871273041
2009.7,0.3261401951313019
2009.8000000000002,0.3255167305469513
2009.9,0.32176899909973145
2010.0000000000002,0.33382436633110046
2010.1000000000001,0.32955020666122437
2010.2,0.3212057650089264
2010.3000000000002,0.32629141211509705
2010.4,0.3205384314060211
2010.5000000000002,0.33161821961402893
2010.6000000000001,0.3322232961654663
2010.7,0.32541823387145996
2010.8000000000002,0.3178779184818268
2010.9,0.3236284852027893
2011.0000000000002,0.3237035572528839
2011.1000000000001,0.31952187418937683
2011.2,0.3157995939254761
2011.3000000000002,0.320759654045105
2011.4,0.3277839720249176
2011.5000000000002,0.3235795497894287
2011.6000000000001,0.31933119893074036
2011.7,0.33103078603744507
2011.8000000000002,0.3172130584716797
2011.9,0.3210223317146301
2012.0000000000002,0.3187902569770813
2012.1000000000001,0.3175686001777649
2012.2,0.3159337639808655
2012.3000000000002,0.3271865248680115
2012.4,0.32265326380729675
2012.5000000000002,0.3196575939655304
2012.6000000000001,0.3215898275375366
2012.7,0.30814290046691895
2012.8000000000002,0.3125981390476227
2012.9,0.32093286514282227
2013.0000000000002,0.3176810145378113
2013.1000000000001,0.30495429039001465
2013.2,0.3073541224002838
2013.3000000000002,0.3272770345211029
2013.4,0.3206460177898407
2013.5000000000002,0.3139351010322571
2013.6000000000001,0.30898088216781616
2013.7,0.3133004903793335
2013.8000000000002,0.3267991542816162
2013.9,0.3228728175163269
2014.0000000000002,0.31756410002708435
2014.1000000000001,0.3100564479827881
2014.2,0.31422844529151917
2014.3000000000002,0.3080720007419586
2014.4,0.31004995107650757
2014.5000000000002,0.3186239004135132
2014.6000000000001,0.31788170337677
2014.7,0.32111597061157227
2014.8000000000002,0.31811466813087463
2014.9,0.3109559416770935
2015.0000000000002,0.3193413317203522
2015.1000000000001,0.31646692752838135
2015.2,0.3173842430114746
2015.3000000000002,0.3123128414154053
2015.4,0.30834150314331055
2015.5000000000002,0.3122847080230713
2015.6000000000001,0.3168042302131653
2015.7,0.3168550431728363
2015.8000000000002,0.31076088547706604
2015.9,0.3027736246585846
2016.0000000000002,0.30229222774505615
2016.1000000000001,0.3038766384124756
2016.2,0.31212353706359863
2016.3000000000002,0.31138360500335693
2016.4,0.2994910478591919
2016.5000000000002,0.3146294355392456
2016.6000000000001,0.30687183141708374
2016.7,0.311700701713562
2016.8000000000002,0.32027631998062134
2016.9,0.32942160964012146
2017.0000000000002,0.3310559093952179
2017.1000000000001,0.3599250018596649
2017.2,0.3524163067340851
2017.3000000000002,0.3748708665370941
2017.4,0.390174925327301
2017.5000000000002,0.38849952816963196
2017.6000000000001,0.4036562740802765
2017.7,0.4028998613357544
2017.8000000000002,0.3965149521827698
2017.9,0.3974094092845917
2018.0000000000002,0.38529151678085327
2018.1000000000001,0.39146408438682556
2018.2,0.3763306438922882
2018.3000000000002,0.37524229288101196
2018.4,0.36910003423690796
2018.5000000000002,0.35870444774627686
2018.6000000000001,0.3534110188484192
2018.7,0.35626232624053955
2018.8000000000002,0.3566320538520813
2018.9,0.3492962121963501
2019.0000000000002,0.34945887327194214
2019.1000000000001,0.344200998544693
2019.2,0.3318539559841156
2019.3000000000002,0.34067732095718384
2019.4,0.33554807305336
2019.5000000000002,0.3420538902282715
2019.6000000000001,0.33579766750335693
2019.7,0.3281663656234741
2019.8000000000002,0.33678799867630005
2019.9,0.3279774487018585
2020.0000000000002,0.326516330242157
2020.1000000000001,0.3225383758544922
2020.2,0.323990136384964
2020.3000000000002,0.327693372964859
2020.4,0.32931965589523315
2020.5000000000002,0.3256663978099823
2020.6000000000001,0.32787463068962097
2020.7,0.32614603638648987
2020.8000000000002,0.3293655216693878
2020.9,0.3128010034561157
2021.0000000000002,0.3304627537727356
2021.1000000000001,0.32933714985847473
2021.2,0.3306185007095337
2021.3000000000002,0.3271206319332123
2021.4,0.3198264539241791
2021.5000000000002,0.3242972493171692
2021.6000000000001,0.3291356563568115
2021.7,0.32981520891189575
2021.8000000000002,0.3203876316547394
2021.9,0.32675859332084656
2022.0000000000002,0.3297492563724518
2022.1000000000001,0.3276174068450928
2022.2,0.321303129196167
2022.3000000000002,0.33043408393859863
2022.4,0.33007529377937317
2022.5000000000002,0.33074501156806946
2022.6000000000001,0.32340100407600403
2022.7,0.3258606195449829
2022.8000000000002,0.32129326462745667
2022.9,0.3295189142227173
2023.0000000000002,0.31908828020095825
2023.1000000000001,0.3256525993347168
2023.2,0.32656487822532654
2023.3000000000002,0.3194870352745056
2023.4,0.330610990524292
2023.5000000000002,0.3325386643409729
2023.6000000000001,0.33140793442726135
2023.7,0.3321164846420288
2023.8000000000002,0.326732873916626
2023.9,0.3286372721195221
2024.0000000000002,0.32144296169281006
2024.1000000000001,0.31867367029190063
2024.2,0.3304954469203949
2024.3000000000002,0.324151873588562
2024.4,0.3317324221134186
2024.5000000000002,0.3287930190563202
2024.6000000000001,0.32579806447029114
2024.7,0.3315233886241913
2024.8000000000002,0.3281530737876892
2024.9,0.3217424154281616
2025.0000000000002,0.3290005624294281
2025.1000000000001,0.32160282135009766
2025.2,0.3293088674545288
2025.3000000000002,0.3189427852630615
2025.4,0.3303951621055603
2025.5000000000002,0.3234585225582123
2025.6000000000001,0.3264343738555908
2025.7,0.3171846568584442
2025.8000000000002,0.33351242542266846
2025.9,0.32193249464035034
2026.0000000000002,0.3246694803237915
2026.1000000000001,0.3210875391960144
2026.2,0.332307904958725
2026.3000000000002,0.32192671298980713
2026.4,0.3152863085269928
2026.5000000000002,0.3255728483200073
2026.6000000000001,0.31839221715927124
2026.7,0.3210395276546478
2026.8000000000002,0.3236517310142517
2026.9,0.32146987318992615
2027.0000000000002,0.3195323050022125
2027.1000000000001,0.3213171362876892
2027.2,0.3212164342403412
2027.3000000000002,0.32071083784103394
2027.4,0.3231557011604309
2027.5000000000002,0.308881938457489
2027.6000000000001,0.3204268217086792
2027.7,0.3261852562427521
2027.8000000000002,0.3196069300174713
2027.9,0.3142673969268799
2028.0000000000002,0.3212891221046448
2028.1000000000001,0.3282037079334259
2028.2,0.31661105155944824
2028.3000000000002,0.32313382625579834
2028.4,0.32094165682792664
2028.5000000000002,0.3187471032142639
2028.6000000000001,0.32328349351882935
2028.7,0.3148447871208191
2028.8000000000002,0.3143104910850525
2028.9,0.3265291452407837
2029.0000000000002,0.3034384250640869
2029.1000000000001,0.3144305646419525
2029.2,0.32108014822006226
2029.3000000000002,0.3083011507987976
2029.4,0.30970895290374756
2029.5000000000002,0.3212955594062805
2029.6000000000001,0.3215460479259491
2029.7,0.31467780470848083
2029.8000000000002,0.31080251932144165
2029.9,0.3173113167285919
2030.0000000000002,0.3170795142650604
2030.1000000000001,0.32170215249061584
2030.2,0.3173269033432007
2030.3000000000002,0.3160877823829651
2030.4,0.3171195685863495
2030.5000000000002,0.3107636272907257
2030.6000000000001,0.3173152506351471
2030.7,0.31789910793304443
2030.8000000000002,0.31968632340431213
2030.9,0.3129246234893799
2031.0000000000002,0.3181546628475189
2031.1000000000001,0.30747994780540466
2031.2,0.3122674226760864
2031.3000000000002,0.31176725029945374
2031.4,0.3175387382507324
2031.5000000000002,0.31102535128593445
2031.6000000000001,0.3069545328617096
2031.7,0.30444297194480896
2031.8000000000002,0.3093501925468445
2031.9,0.3026062846183777
2032.0000000000002,0.30658644437789917
2032.1000000000001,0.3044595718383789
2032.2,0.30837392807006836
2032.3000000000002,0.31353119015693665
2032.4,0.3140069544315338
2032.5000000000002,0.3059733808040619
2032.6000000000001,0.3114772140979767
2032.7,0.29874974489212036
2032.8000000000002,0.31902405619621277
2032.9,0.31136131286621094
2033.0000000000002,0.3144308924674988
2033.1000000000001,0.3186466097831726
2033.2,0.32923758029937744
2033.3000000000002,0.33267277479171753
2033.4,0.3548794090747833
2033.5000000000002,0.36888861656188965
2033.6000000000001,0.3787700831890106
2033.7,0.38806384801864624
2033.8000000000002,0.38461971282958984
2033.9,0.4007534682750702
2034.0000000000002,0.39078861474990845
2034.1000000000001,0.39274659752845764
2034.2,0.39012184739112854
2034.3000000000002,0.37962356209754944
2034.4,0.37558692693710327
2034.5000000000002,0.3667490482330322
2034.6000000000001,0.3530900478363037
2034.7,0.3546181321144104
2034.8000000000002,0.35161441564559937
2034.9,0.34580984711647034
2035.0000000000002,0.3414645791053772
2035.1000000000001,0.3451579511165619
2035.2,0.33571335673332214
2035.3000000000002,0.33652448654174805
2035.4,0.3396398425102234
2035.5000000000002,0.34123706817626953
2035.6000000000001,0.33576878905296326
2035.7,0.3301101624965668
2035.8000000000002,0.3390224575996399
2035.9,0.32938632369041443
2036.0000000000002,0.3311347961425781
2036.1000000000001,0.33354291319847107
2036.2,0.3312133252620697
2036.3000000000002,0.32675790786743164
2036.4,0.32801100611686707
2036.5000000000002,0.32431283593177795
2036.6000000000001,0.326721727848053
2036.7,0.31613025069236755
2036.8000000000002,0.32773691415786743
2036.9,0.33137744665145874
2037.0000000000002,0.3323357105255127
2037.1000000000001,0.33262765407562256
2037.2,0.3207851052284241
2037.3000000000002,0.3258100152015686
2037.4,0.3236542344093323
2037.5000000000002,0.3191981017589569
2037.6000000000001,0.32978132367134094
2037.7,0.32747402787208557
2037.8000000000002,0.3181086480617523
2037.9,0.328808456659317
2038.0000000000002,0.3261370062828064
2038.1000000000001,0.32642361521720886
2038.2,0.32857975363731384
2038.3000000000002,0.3225344717502594
2038.4,0.324476420879364
2038.5000000000002,0.3149349093437195
2038.6000000000001,0.3194236159324646
2038.7,0.3249255418777466
2038.8000000000002,0.3264380097389221
2038.9,0.3235537111759186
2039.0000000000002,0.3294958770275116
2039.1000000000001,0.32711565494537354
2039.2,0.3232502341270447
2039.3000000000002,0.32238268852233887
2039.4,0.32922524213790894
2039.5000000000002,0.3152528703212738
2039.6000000000001,0.3331299126148224
2039.7,0.3285275399684906
2039.8000000000002,0.31651630997657776
2039.9,0.3295012414455414
2040.0000000000002,0.3039971590042114
2040.1000000000001,0.3129020631313324
2040.2,0.31756776571273804
2040.3000000000002,0.3214738667011261
2040.4,0.3293742537498474
2040.5000000000002,0.30999755859375
2040.6000000000001,0.32170698046684265
2040.7,0.3209746181964874
2040.8000000000002,0.3212592899799347
2040.9,0.32802173495292664
2041.0000000000002,0.3241298794746399
2041.1000000000001,0.3264743685722351
2041.2,0.32391905784606934
2041.3000000000002,0.32018885016441345
2041.4,0.32133251428604126
2041.5000000000002,0.32861167192459106
2041.6000000000001,0.3273274898529053
2041.7,0.3225349485874176
2041.8000000000002,0.3166099190711975
2041.9,0.3234874904155731
2042.0000000000002,0.32248255610466003
2042.1000000000001,0.320505291223526
2042.2,0.3184400200843811
2042.3000000000002,0.3267443776130676
2042.4,0.3171095848083496
2042.5000000000002,0.31141236424446106
2042.6000000000001,0.32344502210617065
2042.7,0.3164685368537903
2042.8000000000002,0.31470322608947754
2042.9,0.3238008916378021
2043.0000000000002,0.3166378140449524
2043.1000000000001,0.3229697048664093
2043.2,0.3146964907646179
2043.3000000000002,0.31656089425086975
2043.4,0.31901684403419495
2043.5000000000002,0.317642480134964
2043.6000000000001,0.30839404463768005
2043.7,0.31309840083122253
2043.8000000000002,0.31299689412117004
2043.9,0.3211723864078522
2044.0000000000002,0.3050464689731598
2044.1000000000001,0.3174283504486084
2044.2,0.3084856867790222
2044.3000000000002,0.3210407495498657
2044.4,0.30772775411605835
2044.5000000000002,0.3185480535030365
2044.6000000000001,0.3005126416683197
2044.7,0.3154849112033844
2044.8000000000002,0.308661550283432
2044.9,0.3149050176143646
2045.0000000000002,0.3122158348560333
2045.1000000000001,0.31005504727363586
2045.2,0.29592010378837585
2045.3000000000002,0.3125636875629425
2045.4,0.29731371998786926
2045.5000000000002,0.31554144620895386
2045.6000000000001,0.32025763392448425
2045.7,0.33900922536849976
2045.8000000000002,0.35301467776298523
2045.9,0.3480103015899658
2046.0000000000002,0.38295677304267883
2046.1000000000001,0.38393500447273254
2046.2,0.39432597160339355
2046.3000000000002,0.40478038787841797
2046.4,0.4060319662094116
2046.5000000000002,0.3990406394004822
2046.6000000000001,0.40079036355018616
2046.7,0.39551541209220886
2046.8000000000002,0.3872828483581543
2046.9,0.38219788670539856
2047.0000000000002,0.3571278154850006
2047.1000000000001,0.36058396100997925
2047.2,0.35463470220565796
2047.3000000000002,0.34132319688796997
2047.4,0.3491842746734619
2047.5000000000002,0.35538700222969055
2047.6000000000001,0.34251850843429565
2047.7,0.34080439805984497
2047.8000000000002,0.3405824303627014
2047.9,0.3273598849773407
2048.0,0.34060198068618774
2048.1,0.3405168950557709
2048.2000000000003,0.3334501385688782
2048.3,0.33655378222465515
2048.4,0.3398990035057068
2048.5,0.3255504071712494
2048.6,0.3319697976112366
2048.7000000000003,0.3092610538005829
2048.8,0.3263285756111145
2048.9,0.32586124539375305
2049.0,0.32575738430023193
2049.1,0.3276752829551697
2049.2000000000003,0.3240990936756134
2049.3,0.33051586151123047
2049.4,0.32798701524734497
2049.5,0.3271636962890625
2049.6,0.32418638467788696
2049.7000000000003,0.3192179203033447
2049.8,0.32156482338905334
2049.9,0.3249240815639496
2050.0,0.3256574869155884
2050.1,0.32507017254829407
2050.2000000000003,0.32752513885498047
2050.3,0.3333113193511963
2050.4,0.3296721577644348
2050.5,0.33087441325187683
2050.6,0.3262068033218384
2050.7000000000003,0.3330850601196289
2050.8,0.32494670152664185
2050.9,0.32607167959213257
2051.0,0.3266627788543701
2051.1,0.3243933916091919
2051.2000000000003,0.32928165793418884
2051.3,0.3313957154750824
2051.4,0.31828173995018005
2051.5,0.330777108669281
2051.6,0.3233986794948578
2051.7000000000003,0.32965436577796936
2051.8,0.3267500698566437
2051.9,0.32624971866607666
2052.0,0.32642608880996704
2052.1,0.32110223174095154
2052.2000000000003,0.32276323437690735
2052.3,0.32037511467933655
2052.4,0.3285607397556305
2052.5,0.32821398973464966
2052.6,0.32072049379348755
2052.7000000000003,0.32473036646842957
2052.8,0.3266828656196594
2052.9,0.32670360803604126
2053.0,0.3277105689048767
2053.1,0.3240296244621277
2053.2000000000003,0.32019534707069397
2053.3,0.3246647119522095
2053.4,0.3315943479537964
2053.5,0.32573235034942627
2053.6,0.31611526012420654
2053.7000000000003,0.3285404145717621
2053.8,0.321994423866272
2053.9,0.32703593373298645
2054.0,0.325526624917984
2054.1,0.32093915343284607
2054.2000000000003,0.3226696848869324
2054.3,0.3306905925273895
2054.4,0.3224926292896271
2054.5,0.3177652359008789
2054.6,0.32401496171951294
2054.7000000000003,0.32071903347969055
2054.8,0.32244616746902466
2054.9,0.31021368503570557
2055.0,0.32246941328048706
2055.1,0.3249225914478302
2055.2000000000003,0.3226158320903778
2055.3,0.31921204924583435
2055.4,0.31682083010673523
2055.5,0.3192402720451355
2055.6,0.32234588265419006
2055.7000000000003,0.3170514702796936
2055.8,0.31812340021133423
2055.9,0.31771576404571533
2056.0,0.3131836950778961
2056.1,0.3202008903026581
2056.2000000000003,0.32536476850509644
2056.3,0.32257476449012756
2056.4,0.30777400732040405
2056.5,0.3187938630580902
2056.6,0.32029813528060913
2056.7000000000003,0.31956207752227783
2056.8,0.32032832503318787
2056.9,0.3237629234790802
2057.0,0.31401142477989197
2057.1,0.3123987019062042
2057.2000000000003,0.3150463104248047
2057.3,0.30864495038986206
2057.4,0.31582438945770264
2057.5,0.3200884461402893
2057.6,0.31849929690361023
2057.7000000000003,0.3076001703739166
2057.8,0.3204514980316162
2057.9,0.3235362470149994
2058.0,0.3184315264225006
2058.1,0.30875247716903687
2058.2000000000003,0.3223162293434143
2058.3,0.31822577118873596
2058.4,0.31250813603401184
2058.5,0.314800500869751
2058.6,0.30480292439460754
2058.7000000000003,0.31131505966186523
2058.8,0.3150486350059509
2058.9,0.30862104892730713
2059.0,0.31305697560310364
2059.1,0.3101421594619751
2059.2000000000003,0.3078519105911255
2059.3,0.3013145923614502
2059.4,0.2987730801105499
2059.5,0.3058556914329529
2059.6,0.3063987195491791
2059.7000000000003,0.31055107712745667
2059.8,0.3165907561779022
2059.9,0.33600810170173645
2060.0,0.34776270389556885
2060.1,0.35749396681785583
2060.2000000000003,0.370627224445343
2060.3,0.38577863574028015
2060.4,0.40109676122665405
2060.5,0.40132296085357666
2060.6,0.39968550205230713
2060.7000000000003,0.3963494598865509
2060.8,0.3868796229362488
2060.9,0.3745172619819641
2061.0,0.37052401900291443
2061.1,0.36367467045783997
2061.2000000000003,0.34706950187683105
2061.3,0.3535010814666748
2061.4,0.3483872711658478
2061.5,0.3459465503692627
2061.6,0.3457925319671631
2061.7000000000003,0.3420729339122772
2061.8,0.3448988199234009
2061.9,0.34268298745155334
2062.0,0.33416348695755005
2062.1,0.3330218493938446
2062.2000000000003,0.33193621039390564
2062.3,0.33138105273246765
2062.4,0.33372294902801514
2062.5,0.32877930998802185
2062.6,0.3228709399700165
2062.7000000000003,0.33243823051452637
2062.8,0.3262190520763397
2062.9,0.3163556754589081
2063.0,0.32101988792419434
2063.1,0.33154091238975525
2063.2000000000003,0.32868891954421997
2063.3,0.33083221316337585
2063.4,0.3318078815937042
2063.5,0.3277965188026428
2063.6,0.32928693294525146
2063.7000000000003,0.32899966835975647
2063.8,0.31918323040008545
2063.9,0.3309469521045685
2064.0,0.32586753368377686
2064.1,0.3268274962902069
2064.2000000000003,0.3304842412471771
2064.3,0.3208950161933899
2064.4,0.3245096504688263
2064.5,0.32633399963378906
2064.6,0.3223195970058441
2064.7000000000003,0.31577280163764954
2064.8,0.32294222712516785
2064.9,0.3267107307910919
2065.0,0.31801164150238037
2065.1,0.3286767601966858
2065.2000000000003,0.32116103172302246
2065.3,0.3172796368598938
2065.4,0.3174651861190796
2065.5,0.3190823197364807
2065.6,0.3314562439918518
2065.7000000000003,0.3323720693588257
2065.8,0.32123130559921265
2065.9,0.3268864154815674
2066.0,0.31653594970703125
2066.1,0.32740792632102966
2066.2000000000003,0.32448136806488037
2066.3,0.3211197555065155
2066.4,0.32236894965171814
2066.5,0.32527121901512146
2066.6,0.3190804421901703
2066.7000000000003,0.3276444971561432
2066.8,0.324893593788147
2066.9,0.31440773606300354
2067.0,0.31717708706855774
2067.1,0.3158482611179352
2067.2000000000003,0.3168098032474518
2067.3,0.315875768661499
2067.4,0.32620570063591003
2067.5,0.31924670934677124
2067.6,0.31021061539649963
2067.7000000000003,0.31890037655830383
2067.8,0.3173864781856537
2067.9,0.31087204813957214
2068.0,0.3132054805755615
2068.1,0.3143000900745392
2068.2000000000003,0.31778189539909363
2068.3,0.3094746768474579
2068.4,0.3154425621032715
2068.5,0.3083055019378662
2068.6,0.3195652663707733
2068.7000000000003,0.314744770526886
2068.8,0.32215556502342224
2068.9,0.3175223767757416
2069.0,0.30254560708999634
2069.1,0.32046636939048767
2069.2000000000003,0.3168543875217438
2069.3,0.3237835466861725
2069.4,0.31319597363471985
2069.5,0.32485345005989075
2069.6,0.3162376582622528
2069.7000000000003,0.3190373480319977
2069.8,0.3118526041507721
2069.9,0.29897239804267883
2070.0,0.30769577622413635
2070.1,0.32082122564315796
2070.2000000000003,0.3035835325717926
2070.3,0.31520113348960876
2070.4,0.3309507668018341
2070.5,0.34647542238235474
2070.6,0.3485276699066162
2070.7000000000003,0.35780829191207886
2070.8,0.371727854013443
2070.9,0.37832584977149963
2071.0,0.3924020230770111
2071.1,0.3967851996421814
2071.2000000000003,0.38435691595077515
2071.3,0.39582958817481995
2071.4,0.3920389413833618
2071.5,0.3812781274318695
2071.6,0.3788360059261322
2071.7000000000003,0.36587145924568176
2071.8,0.35655832290649414
2071.9,0.3526320457458496
2072.0,0.3607354462146759
2072.1,0.34810566902160645
2072.2000000000003,0.3503694236278534
2072.3,0.3487987220287323
2072.4,0.35133400559425354
2072.5,0.3406621813774109
2072.6,0.3460182547569275
2072.7000000000003,0.34014299511909485
2072.8,0.34451860189437866
2072.9,0.3392001688480377
2073.0,0.3371563255786896
2073.1,0.3361579477787018
2073.2000000000003,0.3398486375808716
2073.3,0.3314193785190582
2073.4,0.3241735100746155
2073.5,0.3328589200973511
2073.6,0.3216347396373749
2073.7000000000003,0.3232364058494568
2073.8,0.32913950085639954
2073.9,0.32417571544647217
2074.0,0.3248491585254669
2074.1,0.3257303833961487
2074.2000000000003,0.3190671503543854
2074.3,0.32616862654685974
2074.4,0.3258953392505646
2074.5,0.327234148979187
2074.6,0.32445502281188965
2074.7000000000003,0.3316958248615265
2074.8,0.3329194486141205
2074.9,0.3234747052192688
2075.0,0.33239835500717163
2075.1,0.32699504494667053
2075.2000000000003,0.3265097141265869
2075.3,0.3364253044128418
2075.4,0.3347069323062897
2075.5,0.33138081431388855
2075.6,0.31693020462989807
2075.7000000000003,0.3225608468055725
2075.8,0.32478442788124084
2075.9,0.3260246217250824
2076.0,0.3239445388317108
2076.1,0.3316746652126312
2076.2000000000003,0.31555861234664917
2076.3,0.32381999492645264
2076.4,0.32413026690483093
2076.5,0.3240124583244324
2076.6,0.33546534180641174
2076.7000000000003,0.33142369985580444
2076.8,0.3256509304046631
2076.9,0.3322815001010895
2077.0,0.32632479071617126
2077.1,0.31769803166389465
2077.2000000000003,0.32059410214424133
2077.3,0.32392922043800354
2077.4,0.32861000299453735
2077.5,0.32635265588760376
2077.6,0.3158206343650818
2077.7000000000003,0.33149564266204834
2077.8,0.3227900266647339
2077.9,0.3259766399860382
2078.0,0.33551478385925293
2078.1,0.3139042854309082
2078.2000000000003,0.3297349512577057
2078.3,0.32468941807746887
2078.4,0.3245536684989929
2078.5,0.3294636309146881
2078.6,0.32531067728996277
2078.7000000000003,0.32905375957489014
2078.8,0.3251250088214874
2078.9,0.313973993062973
2079.0,0.3252466917037964
2079.1,0.33220866322517395
2079.2000000000003,0.3288893401622772
2079.3,0.326031893491745
2079.4,0.3289036154747009
2079.5,0.32923024892807007
2079.6,0.3259434103965759
2079.7000000000003,0.3260796070098877
2079.8,0.32353678345680237
2079.9,0.32219448685646057
2080.0,0.32747435569763184
2080.1,0.3222131133079529
2080.2000000000003,0.3236611783504486
2080.3,0.32154399156570435
2080.4,0.32486990094184875
2080.5,0.3230494260787964
2080.6,0.3260793685913086
2080.7000000000003,0.3221123516559601
2080.8,0.32680556178092957
2080.9,0.3164694905281067
2081.0,0.3196011781692505
2081.1,0.32759180665016174
2081.2000000000003,0.3207765221595764
2081.3,0.31020310521125793
2081.4,0.3230578601360321
2081.5,0.3148573637008667
2081.6,0.32943829894065857
2081.7000000000003,0.3167276978492737
2081.8,0.3187606632709503
2081.9,0.3075793385505676
2082.0,0.3232250511646271
2082.1,0.31215575337409973
2082.2000000000003,0.31577226519584656
2082.3,0.3156000077724457
2082.4,0.32136601209640503
2082.5,0.3232612609863281
2082.6,0.31711533665657043
2082.7000000000003,0.30983537435531616
2082.8,0.32095301151275635
2082.9,0.3034811019897461
2083.0,0.32583916187286377
2083.1,0.3227154314517975
2083.2000000000003,0.3118686378002167
2083.3,0.318975031375885
2083.4,0.31743425130844116
2083.5,0.31670820713043213
2083.6,0.3152690529823303
2083.7000000000003,0.3151755928993225
2083.8,0.30720335245132446
2083.9,0.3162500262260437
2084.0,0.316560834646225
2084.1,0.303457111120224
2084.2000000000003,0.3210996091365814
2084.3,0.31449127197265625
2084.4,0.3236973285675049
2084.5,0.3189777731895447
2084.6,0.30796191096305847
2084.7000000000003,0.31644341349601746
2084.8,0.313648521900177
2084.9,0.31737619638442993
2085.0,0.32028594613075256
2085.1,0.31079384684562683
2085.2000000000003,0.32343772053718567
2085.3,0.3078770339488983
2085.4,0.30696162581443787
2085.5,0.3111381232738495
2085.6,0.32365885376930237
2085.7000000000003,0.31306490302085876
2085.8,0.3128829300403595
2085.9,0.31556686758995056
2086.0,0.31336039304733276
2086.1,0.3043127655982971
2086.2000000000003,0.3116450309753418
2086.3,0.31534647941589355
2086.4,0.31043708324432373
2086.5,0.30911821126937866
2086.6,0.30329492688179016
2086.7000000000003,0.30244699120521545
2086.8,0.3077649772167206
2086.9,0.30231359601020813
2087.0,0.3141544461250305
2087.1,0.3119555413722992
2087.2000000000003,0.3131773769855499
2087.3,0.31341490149497986
2087.4,0.31610628962516785
2087.5,0.29849570989608765
2087.6,0.3056793212890625
2087.7000000000003,0.3025953769683838
2087.8,0.30614805221557617
2087.9,0.3173992931842804
2088.0,0.33392810821533203
2088.1,0.3269179165363312
2088.2000000000003,0.34668824076652527
2088.3,0.3619673252105713
2088.4,0.3748820126056671
2088.5,0.3854933977127075
2088.6,0.3953670561313629
2088.7000000000003,0.3983429968357086
2088.8,0.39688146114349365
2088.9,0.38670310378074646
2089.0,0.373174786567688
2089.1,0.38096871972084045
2089.2000000000003,0.3728686571121216
2089.3,0.35658398270606995
2089.4,0.348318487405777
2089.5,0.3573535680770874
2089.6,0.35049471259117126
2089.7000000000003,0.35819241404533386
2089.8,0.346187025308609
2089.9,0.3432798981666565
2090.0,0.3442476987838745
2090.1,0.34348219633102417
2090.2000000000003,0.34232887625694275
2090.3,0.3372191786766052
2090.4,0.34248247742652893
2090.5,0.33492350578308105
2090.6,0.3381873667240143
2090.7000000000003,0.3295205533504486
2090.8,0.3170556426048279
2090.9,0.32564544677734375
2091.0,0.3234504461288452
2091.1,0.3273153007030487
2091.2000000000003,0.32495349645614624
2091.3,0.3249274790287018
2091.4,0.3252279460430145
2091.5,0.3272269368171692
2091.6,0.3261244595050812
2091.7000000000003,0.33107486367225647
2091.8,0.3252129852771759
2091.9,0.32649946212768555
2092.0,0.33322617411613464
2092.1,0.3344092071056366
2092.2000000000003,0.3234730660915375
2092.3,0.3299638032913208
2092.4,0.3252626657485962
2092.5,0.3165201246738434
2092.6,0.3282114267349243
2092.7000000000003,0.32588961720466614
2092.8,0.3266364634037018
2092.9,0.326923668384552
2093.0,0.3200050890445709
2093.1,0.32866936922073364
2093.2000000000003,0.3205580413341522
2093.3,0.33035093545913696
2093.4,0.33122846484184265
2093.5,0.33025991916656494
2093.6,0.32037362456321716
2093.7000000000003,0.3276101350784302
2093.8,0.3310956656932831
2093.9,0.3282213509082794
2094.0,0.3293178379535675
2094.1,0.3290943503379822
2094.2000000000003,0.32927924394607544
2094.3,0.3276677131652832
2094.4,0.3338387608528137
2094.5,0.32720986008644104
2094.6,0.3019987940788269
2094.7000000000003,0.32785969972610474
2094.8,0.3206622898578644
2094.9,0.3184715807437897
2095.0,0.3301407992839813
2095.1,0.32193320989608765
2095.2000000000003,0.3279443681240082
2095.3,0.3263553977012634
2095.4,0.32969406247138977
2095.5,0.31839853525161743
2095.6,0.31708404421806335
2095.7000000000003,0.3257007896900177
2095.8,0.3268088400363922
2095.9,0.32322296500205994
2096.0,0.3320695757865906
2096.1,0.32288652658462524
2096.2000000000003,0.3265964984893799
2096.3,0.3172873854637146
2096.4,0.32696831226348877
2096.5,0.32158926129341125
2096.6,0.3281092345714569
2096.7000000000003,0.3209608495235443
2096.8,0.3150232434272766
2096.9,0.32373926043510437
2097.0,0.3212558329105377
2097.1,0.3221013844013214
2097.2000000000003,0.32325950264930725
2097.3,0.3234824538230896
2097.4,0.32623517513275146
2097.5,0.31855323910713196
2097.6,0.32462257146835327
2097.7000000000003,0.323156476020813
2097.8,0.3260587453842163
2097.9,0.31843945384025574
2098.0,0.31165578961372375
2098.1,0.32443779706954956
2098.2000000000003,0.3182370960712433
2098.3,0.3147108852863312
2098.4,0.3214743733406067
2098.5,0.3201432526111603
2098.6,0.32152798771858215
2098.7000000000003,0.3200225830078125
2098.8,0.3228412866592407
2098.9,0.312459260225296
2099.0,0.31397274136543274
2099.1,0.31496575474739075
2099.2000000000003,0.3233296573162079
2099.3,0.3217495381832123
2099.4,0.3194555938243866
2099.5,0.31634074449539185
2099.6,0.31783634424209595
2099.7000000000003,0.3170938789844513
2099.8,0.3182627856731415
2099.9,0.3057771325111389
2100.0,0.3129177689552307
2100.1,0.30777257680892944
2100.2000000000003,0.3031521141529083
2100.3,0.3034806549549103
2100.4,0.31143632531166077
2100.5,0.3223477005958557
2100.6,0.31473565101623535
2100.7000000000003,0.3086963891983032
2100.8,0.3229232132434845
2100.9,0.3157128691673279
2101.0,0.3129163384437561
2101.1,0.30836981534957886
2101.2000000000003,0.30740126967430115
2101.3,0.31018057465553284
2101.4,0.30790916085243225
2101.5,0.30916503071784973
2101.6,0.3179895579814911
2101.7000000000003,0.3182646930217743
2101.8,0.316221684217453
2101.9,0.31248751282691956
2102.0,0.31182190775871277
2102.1,0.308974951505661
2102.2000000000003,0.3106478452682495
2102.3,0.30736953020095825
2102.4,0.31306755542755127
2102.5,0.3088262975215912
2102.6,0.3133668005466461
2102.7000000000003,0.30397018790245056
2102.8,0.3183348476886749
2102.9,0.31182482838630676
2103.0,0.3136969804763794
2103.1,0.3042123317718506
2103.2000000000003,0.314982533454895
2103.3,0.2993604242801666
2103.4,0.3072540760040283
2103.5,0.30614861845970154
2103.6,0.30687636137008667
2103.7000000000003,0.31692206859588623
2103.8,0.339118093252182
2103.9,0.3482153117656708
2104.0,0.36157363653182983
2104.1,0.36985355615615845
2104.2000000000003,0.3727409839630127
2104.3,0.38043808937072754
2104.4,0.40160122513771057
2104.5,0.4053192138671875
2104.6,0.39381927251815796
2104.7000000000003,0.39859816431999207
2104.8,0.39587947726249695
2104.9,0.38524356484413147
2105.0,0.38354745507240295
2105.1,0.37592509388923645
2105.2000000000003,0.3772774934768677
2105.3,0.3699890971183777
2105.4,0.3554447293281555
2105.5,0.35323089361190796
2105.6,0.35526132583618164
2105.7000000000003,0.35265716910362244
2105.8,0.3504776954650879
2105.9,0.3397037088871002
2106.0,0.3352687954902649
2106.1,0.33939674496650696
2106.2000000000003,0.34184592962265015
2106.3,0.33728885650634766
2106.4,0.3363274931907654
2106.5,0.3348376154899597
2106.6,0.3357221782207489
2106.7000000000003,0.3357749283313751
2106.8,0.3351322114467621
2106.9,0.3144831955432892
2107.0,0.32404783368110657
2107.1,0.32589536905288696
2107.2000000000003,0.3305612802505493
2107.3,0.32753878831863403
2107.4,0.3271486461162567
2107.5,0.32954421639442444
2107.6,0.3223995268344879
2107.7000000000003,0.31975969672203064
2107.8,0.31981560587882996
2107.9,0.31877318024635315
2108.0,0.3289417326450348
2108.1,0.326860249042511
2108.2000000000003,0.3314420282840729
2108.3,0.3248045742511749
2108.4,0.322530597448349
2108.5,0.3198202848434448
2108.6,0.3232707381248474
2108.7000000000003,0.3262637257575989
2108.8,0.3318457305431366
2108.9,0.3210355341434479
2109.0,0.3247714340686798
2109.1,0.3264778256416321
2109.2000000000003,0.32350510358810425
2109.3,0.3138934075832367
2109.4,0.3251478970050812
2109.5,0.3311755359172821
2109.6,0.3281187415122986
2109.7000000000003,0.3123292624950409
2109.8,0.3291255831718445
2109.9,0.3319176733493805
2110.0,0.325365275144577
2110.1,0.3263998031616211
2110.2000000000003,0.31960830092430115
2110.3,0.3112477660179138
2110.4,0.3331085741519928
2110.5,0.3273788392543793
2110.6,0.31588321924209595
2110.7000000000003,0.3139239549636841
2110.8,0.333319753408432
2110.9,0.3179241418838501
2111.0,0.32502827048301697
2111.1,0.3176424503326416
2111.2000000000003,0.3143090605735779
2111.3,0.3158547878265381
2111.4,0.31350433826446533
2111.5,0.3178515136241913
2111.6,0.31815001368522644
2111.7000000000003,0.3195978105068207
2111.8,0.31937623023986816
2111.9,0.30894801020622253
2112.0,0.3171253800392151
2112.1,0.31983211636543274
2112.2000000000003,0.3294695019721985
2112.3,0.3119798004627228
2112.4,0.3258523643016815
2112.5,0.3233407437801361
2112.6,0.32195529341697693
2112.7000000000003,0.317188560962677
2112.8,0.3165420889854431
2112.9,0.3173352777957916
2113.0,0.3154650032520294
2113.1,0.31716474890708923
2113.2000000000003,0.314097136259079
2113.3,0.32188940048217773
2113.4,0.316938191652298
2113.5,0.3121161162853241
2113.6,0.3175790011882782
2113.7000000000003,0.31841298937797546
2113.8,0.31019800901412964
2113.9,0.32080861926078796
2114.0,0.3240398168563843
2114.1,0.31928643584251404
2114.2000000000003,0.3182969391345978
2114.3,0.3211294412612915
2114.4,0.31368523836135864
2114.5,0.31233423948287964
2114.6,0.3145298659801483
2114.7000000000003,0.3128945827484131
2114.8,0.3064723312854767
2114.9,0.3145391345024109
2115.0,0.3084709346294403
2115.1,0.3045976459980011
2115.2000000000003,0.3096126914024353
2115.3,0.30912598967552185
2115.4,0.3063638508319855
2115.5,0.31236082315444946
2115.6,0.31111210584640503
2115.7000000000003,0.313276082277298
2115.8,0.3088792860507965
2115.9,0.30365505814552307
2116.0,0.30590417981147766
2116.1,0.3202395439147949
2116.2000000000003,0.3046918213367462
2116.3,0.3106173276901245
2116.4,0.3029192090034485
2116.5,0.312102347612381
2116.6,0.30643343925476074
2116.7000000000003,0.3026430308818817
2116.8,0.31138819456100464
2116.9,0.31414151191711426
2117.0,0.31191277503967285
2117.1,0.30972594022750854
2117.2000000000003,0.3077913820743561
2117.3,0.30900663137435913
2117.4,0.3110811710357666
2117.5,0.3068203926086426
2117.6,0.3096327483654022
2117.7000000000003,0.3127596974372864
2117.8,0.3083339035511017
2117.9,0.2932760715484619
2118.0,0.30997270345687866
2118.1,0.3033722937107086
2118.2000000000003,0.3041309416294098
2118.3,0.31494176387786865
2118.4,0.322240948677063
2118.5,0.34011736512184143
2118.6,0.35487520694732666
2118.7000000000003,0.37931621074676514
2118.8,0.38085103034973145
2118.9,0.3983566462993622
2119.0,0.3945670425891876
2119.1,0.3941303789615631
2119.2000000000003,0.39364948868751526
2119.3,0.37957438826560974
2119.4,0.37516453862190247
2119.5,0.3725263178348541
2119.6,0.3678309917449951
2119.7000000000003,0.36453986167907715
2119.8,0.3635212481021881
2119.9,0.3500059247016907
2120.0,0.34302565455436707
2120.1,0.344441682100296
2120.2000000000003,0.3437359631061554
2120.3,0.3445228636264801
2120.4,0.3450701832771301
2120.5,0.3439984619617462
2120.6,0.3263770341873169
2120.7000000000003,0.3466685116291046
2120.8,0.33673661947250366
2120.9,0.3348332941532135
2121.0,0.3306455612182617
2121.1,0.33264368772506714
2121.2000000000003,0.33007723093032837
2121.3,0.326864093542099
2121.4,0.33209139108657837
2121.5,0.32490861415863037
2121.6,0.3193436861038208
2121.7000000000003,0.3353603780269623
2121.8,0.3153845965862274
2121.9,0.32244673371315
2122.0,0.3198740780353546
2122.1,0.3212369382381439
2122.2000000000003,0.3284893333911896
2122.3,0.3249181807041168
2122.4,0.3223807215690613
2122.5,0.32764899730682373
2122.6,0.3210483491420746
2122.7000000000003,0.3280779719352722
2122.8,0.32098567485809326
2122.9,0.33293524384498596
2123.0,0.32713279128074646
2123.1,0.3245358467102051
2123.2000000000003,0.3165588974952698
2123.3,0.3211427927017212
2123.4,0.32350578904151917
2123.5,0.32319849729537964
2123.6,0.32688453793525696
2123.7000000000003,0.3232090473175049
2123.8,0.3199957609176636
2123.9,0.32151710987091064
2124.0,0.3263019323348999
2124.1,0.32093966007232666
2124.2000000000003,0.32060855627059937
2124.3,0.3192443251609802
2124.4,0.30822518467903137
2124.5,0.3119554817676544
2124.6,0.3236609697341919
2124.7000000000003,0.31421518325805664
2124.8,0.32513427734375
2124.9,0.32065895199775696
2125.0,0.315295547246933
2125.1,0.32617315649986267
2125.2000000000003,0.31755027174949646
2125.3,0.3278883099555969
2125.4,0.3208048939704895
2125.5,0.31656110286712646
2125.6,0.31268954277038574
2125.7000000000003,0.30753809213638306
2125.8,0.321199506521225
2125.9,0.31667065620422363
2126.0,0.3207038342952728
2126.1,0.31584474444389343
2126.2000000000003,0.31506237387657166
2126.3,0.31800413131713867
2126.4,0.3215455412864685
2126.5,0.3228459656238556
2126.6,0.3170338571071625
2126.7000000000003,0.31764528155326843
2126.8,0.31153032183647156
2126.9,0.31855013966560364
2127.0,0.31016480922698975
2127.1,0.3063918650150299
2127.2000000000003,0.31013742089271545
2127.3,0.3152308464050293
2127.4,0.31997600197792053
2127.5,0.31575390696525574
2127.6,0.31585729122161865
2127.7000000000003,0.2995463013648987
2127.8,0.31159645318984985
2127.9,0.3162354528903961
2128.0,0.308708518743515
2128.1,0.3190422058105469
2128.2000000000003,0.332074910402298
2128.3,0.3523913025856018
2128.4,0.3495224118232727
2128.5,0.3666189908981323
2128.6,0.3772358298301697
2128.7000000000003,0.3926173746585846
2128.8,0.39546874165534973
2128.9,0.4081991910934448
2129.0,0.40765857696533203
2129.1,0.4066103994846344
2129.2000000000003,0.3899185359477997
2129.3,0.3870221674442291
2129.4,0.3869091868400574
2129.5,0.3855823278427124
2129.6,0.3668502867221832
2129.7000000000003,0.36051517724990845
2129.8,0.351045161485672
2129.9,0.35830923914909363
2130.0,0.3554481863975525
2130.1,0.35105636715888977
2130.2000000000003,0.34125325083732605
2130.3,0.3459751605987549
2130.4,0.3494069576263428
2130.5,0.3475908041000366
2130.6,0.33636152744293213
2130.7000000000003,0.33812904357910156
2130.8,0.34186819195747375
2130.9,0.33727675676345825
2131.0,0.32798296213150024
2131.1,0.3322613537311554
2131.2000000000003,0.3324151933193207
2131.3,0.3324525058269501
2131.4,0.3307187259197235
2131.5,0.3320504128932953
2131.6,0.3303399384021759
2131.7000000000003,0.32479044795036316
2131.8,0.32403627038002014
2131.9,0.31624835729599
2132.0,0.33155426383018494
2132.1,0.322698175907135
2132.2000000000003,0.3315235674381256
2132.3,0.32910212874412537
2132.4,0.324196457862854
2132.5,0.3329516351222992
2132.6,0.32721787691116333
2132.7000000000003,0.31320464611053467
2132.8,0.3274648189544678
2132.9,0.32384732365608215
2133.0,0.3292312026023865
2133.1,0.3348376750946045
2133.2000000000003,0.3292064368724823
2133.3,0.3289194405078888
2133.4,0.33138129115104675
2133.5,0.32779908180236816
2133.6,0.3344602882862091
2133.7000000000003,0.325740784406662
2133.8,0.3223523497581482
2133.9,0.3264056444168091
2134.0,0.3248702585697174
2134.1,0.32446396350860596
2134.2000000000003,0.3257518708705902
2134.3,0.33526405692100525
2134.4,0.32442983984947205
2134.5,0.31714534759521484
2134.6,0.32710981369018555
2134.7000000000003,0.3312477767467499
2134.8,0.3287074565887451
2134.9,0.3197427988052368
2135.0,0.33102184534072876
2135.1,0.325918585062027
2135.2000000000003,0.32249438762664795
2135.3,0.32564836740493774
2135.4,0.32364973425865173
2135.5,0.324910044670105
2135.6,0.3237672746181488
2135.7000000000003,0.3322192132472992
2135.8,0.32736530900001526
2135.9,0.3227092921733856
2136.0,0.3252113461494446
2136.1,0.32987546920776367
2136.2000000000003,0.3281841278076172
2136.3,0.32732605934143066
2136.4,0.31914466619491577
2136.5,0.3241842985153198
2136.6,0.3195372521877289
2136.7000000000003,0.31913575530052185
2136.8,0.32728198170661926
2136.9,0.3188927471637726
2137.0,0.31658995151519775
2137.1,0.31821557879447937
2137.2000000000003,0.31910440325737
2137.3,0.3237256705760956
2137.4,0.3249756097793579
2137.5,0.31303736567497253
2137.6,0.32927289605140686
2137.7000000000003,0.32610028982162476
2137.8,0.3197137415409088
2137.9,0.32673364877700806
2138.0,0.3079502284526825
2138.1,0.32419583201408386
2138.2000000000003,0.31102097034454346
2138.3,0.323131263256073
2138.4,0.3248404860496521
2138.5,0.3142678439617157
2138.6,0.32185280323028564
2138.7000000000003,0.32222679257392883
2138.8,0.318866103887558
2138.9,0.3196637034416199
2139.0,0.3183978497982025
2139.1,0.3202999234199524
2139.2000000000003,0.3126097023487091
2139.3,0.32671093940734863
2139.4,0.3109939992427826
2139.5,0.3171188235282898
2139.6,0.3182368278503418
2139.7000000000003,0.3236916661262512
2139.8,0.3181542158126831
2139.9,0.3187846541404724
2140.0,0.3138766586780548
2140.1,0.31192368268966675
2140.2000000000003,0.31696510314941406
2140.3,0.3137158751487732
2140.4,0.31722337007522583
2140.5,0.31426528096199036
2140.6,0.3170558512210846
2140.7000000000003,0.32294178009033203
2140.8,0.3166610598564148
2140.9,0.3033430874347687
2141.0,0.31674128770828247
2141.1,0.3145756423473358
2141.2000000000003,0.31784915924072266
2141.3,0.31346383690834045
2141.4,0.313058465719223
2141.5,0.30493345856666565
2141.6,0.3041517734527588
2141.7000000000003,0.30326417088508606
2141.8,0.31207454204559326
2141.9,0.30116957426071167
2142.0,0.30802491307258606
2142.1,0.3093722462654114
2142.2000000000003,0.30509206652641296
2142.3,0.30774641036987305
2142.4,0.30706915259361267
2142.5,0.30692869424819946
2142.6,0.3084879517555237
2142.7000000000003,0.30609455704689026
2142.8,0.30819782614707947
2142.9,0.31007492542266846
2143.0,0.30772626399993896
2143.1,0.31703197956085205
2143.2000000000003,0.3105453550815582
2143.3,0.3042634129524231
2143.4,0.2973291277885437
2143.5,0.30993029475212097
2143.6,0.30390414595603943
2143.7000000000003,0.3077208995819092
2143.8,0.3119864761829376
2143.9,0.32004112005233765
2144.0,0.3271715044975281
2144.1,0.3474713861942291
2144.2000000000003,0.34838852286338806
2144.3,0.3586200177669525
2144.4,0.37235015630722046
2144.5,0.3805467486381531
2144.6,0.3876657783985138
2144.7000000000003,0.3886234760284424
2144.8,0.3872196674346924
2144.9,0.37793996930122375
2145.0,0.3812757730484009
2145.1,0.38592728972435
2145.2000000000003,0.37584397196769714
2145.3,0.3788296580314636
2145.4,0.3695647120475769
2145.5,0.3614824116230011
2145.6,0.35851654410362244
2145.7000000000003,0.3625502288341522
2145.8,0.35067713260650635
2145.9,0.34769293665885925
2146.0,0.339570552110672
2146.1,0.34543898701667786
2146.2000000000003,0.34269553422927856
2146.3,0.33848726749420166
2146.4,0.33612290024757385
2146.5,0.3310113549232483
2146.6,0.3336169123649597
2146.7000000000003,0.33464181423187256
2146.8,0.33646413683891296
2146.9,0.33507460355758667
2147.0,0.3290592432022095
2147.1,0.3264177143573761
2147.2000000000003,0.3326990604400635
2147.3,0.32271039485931396
2147.4,0.32541996240615845
2147.5,0.32665157318115234
2147.6,0.3235047459602356
2147.7000000000003,0.32336774468421936
2147.8,0.32298052310943604
2147.9,0.32646340131759644
2148.0,0.3293716013431549
2148.1,0.3335878849029541
2148.2000000000003,0.3303396701812744
2148.3,0.3296821117401123
2148.4,0.3362489938735962
2148.5,0.33035632967948914
2148.6,0.31981733441352844
2148.7000000000003,0.32452329993247986
2148.8,0.3267403244972229
2148.9,0.31495556235313416
2149.0,0.3288247287273407
2149.1,0.33247819542884827
2149.2000000000003,0.3207622468471527
2149.3,0.3294760584831238
2149.4,0.3224765956401825
2149.5,0.32168805599212646
2149.6,0.3313344717025757
2149.7000000000003,0.3216402232646942
2149.8,0.3350863754749298
2149.9,0.3324313759803772
2150.0,0.3200880289077759
2150.1,0.32364821434020996
2150.2000000000003,0.3320431113243103
2150.3,0.3297451436519623
2150.4,0.32680100202560425
2150.5,0.3364770710468292
2150.6,0.3307221233844757
2150.7000000000003,0.3255326449871063
2150.8,0.3291216492652893
2150.9,0.33127841353416443
2151.0,0.33343324065208435
2151.1,0.32882148027420044
2151.2000000000003,0.3275267481803894
2151.3,0.32558250427246094
2151.4,0.3245029151439667
2151.5,0.3312530219554901
2151.6,0.32604631781578064
2151.7000000000003,0.3266024887561798
2151.8,0.3257213234901428
2151.9,0.334295392036438
2152.0,0.32781243324279785
2152.1,0.32773852348327637
2152.2000000000003,0.3251434564590454
2152.3,0.31318768858909607
2152.4,0.3282492160797119
2152.5,0.31632304191589355
2152.6,0.3318136930465698
2152.7000000000003,0.33047422766685486
2152.8,0.33231425285339355
2152.9,0.3275236189365387
2153.0,0.3271356523036957
2153.1,0.32765528559684753
2153.2000000000003,0.3226805627346039
2153.3,0.335113525390625
2153.4,0.3281869888305664
2153.5,0.3243578374385834
2153.6,0.3297576308250427
2153.7000000000003,0.32639458775520325
2153.8,0.3345339000225067
2153.9,0.33362919092178345
2154.0,0.3251064717769623
2154.1,0.3236681818962097
2154.2000000000003,0.329546183347702
2154.3,0.3247041404247284
2154.4,0.3253093361854553
2154.5,0.32967329025268555
2154.6,0.3276342451572418
2154.7000000000003,0.3207913637161255
2154.8,0.3174785077571869
2154.9,0.3258720636367798
2155.0,0.3240211009979248
2155.1,0.3260490894317627
2155.2000000000003,0.3242010772228241
2155.3,0.3197309672832489
2155.4,0.3236807584762573
2155.5,0.3259817659854889
2155.6,0.32943129539489746
2155.7000000000003,0.32423487305641174
2155.8,0.33096787333488464
2155.9,0.3281078338623047
2156.0,0.3258296251296997
2156.1,0.3183322548866272
2156.2000000000003,0.32300838828086853
2156.3,0.3195367157459259
2156.4,0.3210940361022949
2156.5,0.32366523146629333
2156.6,0.324828565120697
2156.7000000000003,0.33033353090286255
2156.8,0.3254588544368744
2156.9,0.3234468698501587
2157.0,0.3264649510383606
2157.1,0.3239690959453583
2157.2000000000003,0.32371610403060913
2157.3,0.3134889006614685
2157.4,0.318999320268631
2157.5,0.32984718680381775
2157.6,0.300947904586792
2157.7000000000003,0.31870484352111816
2157.8,0.3064379096031189
2157.9,0.3147781491279602
2158.0,0.32082927227020264
2158.1,0.3140740692615509
2158.2000000000003,0.3157500922679901
2158.3,0.31661316752433777
2158.4,0.32081276178359985
2158.5,0.3194081485271454
2158.6,0.32291775941848755
2158.7000000000003,0.3086299002170563
2158.8,0.3214055597782135
2158.9,0.32020696997642517
2159.0,0.3227422833442688
2159.1,0.3181488513946533
2159.2000000000003,0.3094272315502167
2159.3,0.31687161326408386
2159.4,0.3109893500804901
2159.5,0.3126209080219269
2159.6,0.3174995183944702
2159.7000000000003,0.3177115321159363
2159.8,0.32011571526527405
2159.9,0.31667447090148926
2160.0,0.3067290484905243
2160.1,0.30422988533973694
2160.2000000000003,0.31518056988716125
2160.3,0.31212177872657776
2160.4,0.3104366362094879
2160.5,0.31187668442726135
2160.6,0.3190712630748749
2160.7000000000003,0.3127616345882416
2160.8,0.30785104632377625
2160.9,0.3157818019390106
2161.0,0.3149172067642212
2161.1,0.31417712569236755
2161.2000000000003,0.30668744444847107
2161.3,0.2990053594112396
2161.4,0.3144482970237732
2161.5,0.30526822805404663
2161.6,0.3179803192615509
2161.7000000000003,0.3247503638267517
2161.8,0.32797542214393616
2161.9,0.3532595932483673
2162.0,0.36631035804748535
2162.1,0.37700915336608887
2162.2000000000003,0.37955617904663086
2162.3,0.3983241617679596
2162.4,0.4107540249824524
2162.5,0.4055984318256378
2162.6,0.4049414396286011
2162.7000000000003,0.39490488171577454
2162.8,0.3935283422470093
2162.9,0.39003652334213257
2163.0,0.37710800766944885
2163.1,0.3775297999382019
2163.2000000000003,0.36878442764282227
2163.3,0.36053550243377686
2163.4,0.358247309923172
2163.5,0.35576796531677246
2163.6,0.3563091456890106
2163.7000000000003,0.3490857779979706
2163.8,0.35387200117111206
2163.9,0.34421804547309875
2164.0,0.340412974357605
2164.1,0.337924987077713
2164.2000000000003,0.3306288421154022
2164.3,0.33240583539009094
2164.4,0.31548210978507996
2164.5,0.32744359970092773
2164.6,0.33181822299957275
2164.7000000000003,0.33496353030204773
2164.8,0.33266815543174744
2164.9,0.32578137516975403
2165.0,0.3286803960800171
2165.1,0.334302693605423
2165.2000000000003,0.3317733108997345
2165.3,0.32976216077804565
2165.4,0.32490670680999756
2165.5,0.3318493962287903
2165.6,0.31889668107032776
2165.7000000000003,0.3256579339504242
2165.8,0.3190772831439972
2165.9,0.3254624009132385
2166.0,0.3354889154434204
2166.1,0.33019211888313293
2166.2000000000003,0.3354492783546448
2166.3,0.32634037733078003
2166.4,0.3205670118331909
2166.5,0.32217636704444885
2166.6,0.32562366127967834
2166.7000000000003,0.32885363698005676
2166.8,0.327637642621994
2166.9,0.32197678089141846
2167.0,0.3293355703353882
2167.1,0.32046762108802795
2167.2000000000003,0.32568639516830444
2167.3,0.3301944434642792
2167.4,0.3334692716598511
2167.5,0.32967981696128845
2167.6,0.32204023003578186
2167.7000000000003,0.32271045446395874
2167.8,0.3293406367301941
2167.9,0.3317754864692688
2168.0,0.32130250334739685
2168.1,0.3265383541584015
2168.2000000000003,0.3271320164203644
2168.3,0.32025763392448425
2168.4,0.33168846368789673
2168.5,0.33292561769485474
2168.6,0.3256148397922516
2168.7000000000003,0.3221384882926941
2168.8,0.3292114734649658
2168.9,0.32789304852485657
2169.0,0.32656487822532654
2169.1,0.31790149211883545
2169.2000000000003,0.32478946447372437
2169.3,0.33594009280204773
2169.4,0.3261961340904236
2169.5,0.31929585337638855
2169.6,0.3254532217979431
2169.7000000000003,0.32693883776664734
2169.8,0.3263496458530426
2169.9,0.318386048078537
2170.0,0.32506200671195984
2170.1,0.3191271126270294
2170.2000000000003,0.3164202868938446
2170.3,0.3172561228275299
2170.4,0.32367321848869324
2170.5,0.32164424657821655
2170.6,0.3264302611351013
2170.7000000000003,0.32405325770378113
2170.8,0.32751598954200745
2170.9,0.3291237950325012
2171.0,0.31621095538139343
2171.1,0.3166140913963318
2171.2000000000003,0.3257242739200592
2171.3,0.313826322555542
2171.4,0.31273752450942993
2171.5,0.3148678243160248
2171.6,0.32566580176353455
2171.7000000000003,0.32831820845603943
2171.8,0.3221193552017212
2171.9,0.32327255606651306
2172.0,0.32427123188972473
2172.1,0.31748050451278687
2172.2000000000003,0.32690441608428955
2172.3,0.32439741492271423
2172.4,0.31941354274749756
2172.5,0.3221668601036072
2172.6,0.3151637017726898
2172.7000000000003,0.32499611377716064
2172.8,0.3263508081436157
2172.9,0.3270304203033447
2173.0,0.32649537920951843
2173.1,0.32207003235816956
2173.2000000000003,0.31887370347976685
2173.3,0.30762553215026855
2173.4,0.32276129722595215
2173.5,0.31639936566352844
2173.6,0.3175937831401825
2173.7000000000003,0.3210625946521759
2173.8,0.31917086243629456
2173.9,0.3231051564216614
2174.0,0.3143637478351593
2174.1,0.31867122650146484
2174.2000000000003,0.31922048330307007
2174.3,0.31653398275375366
2174.4,0.315743625164032
2174.5,0.32171639800071716
2174.6,0.31525135040283203
2174.7000000000003,0.31590816378593445
2174.8,0.3218519985675812
2174.9,0.3190268576145172
2175.0,0.3219316005706787
2175.1,0.3150075376033783
2175.2000000000003,0.3125031292438507
2175.3,0.31558939814567566
2175.4,0.3169366419315338
2175.5,0.3100852966308594
2175.6,0.3161805272102356
2175.7000000000003,0.30807968974113464
2175.8,0.319633424282074
2175.9,0.3111620247364044
2176.0,0.3182385265827179
2176.1,0.3024413287639618
2176.2000000000003,0.3199944794178009
2176.3,0.32186585664749146
2176.4,0.3107004761695862
2176.5,0.3131515085697174
2176.6,0.30927586555480957
2176.7000000000003,0.3172345459461212
2176.8,0.30473464727401733
2176.9,0.30188390612602234
2177.0,0.31775030493736267
2177.1,0.3131175935268402
2177.2000000000003,0.29949524998664856
2177.3,0.2902680039405823
2177.4,0.30463099479675293
2177.5,0.3123949468135834
2177.6,0.31945711374282837
2177.7000000000003,0.3362911343574524
2177.8,0.3394733667373657
2177.9,0.3622158467769623
2178.0,0.3773534893989563
2178.1,0.38667768239974976
2178.2000000000003,0.39805829524993896
2178.3,0.4001140594482422
2178.4,0.39594215154647827
2178.5,0.39966121315956116
2178.6,0.3893142342567444
2178.7000000000003,0.3738318085670471
2178.8,0.3713451623916626
2178.9,0.36888933181762695
2179.0,0.37206965684890747
2179.1,0.3588097393512726
2179.2000000000003,0.3607735335826874
2179.3,0.35100749135017395
2179.4,0.35151156783103943
2179.5,0.34686776995658875
2179.6,0.3436874449253082
2179.7000000000003,0.3483017683029175
2179.8,0.3455260694026947
2179.9,0.3478625416755676
2180.0,0.34275496006011963
2180.1,0.34361252188682556
2180.2000000000003,0.3356187343597412
2180.3,0.3328488767147064
2180.4,0.3256610631942749
2180.5,0.32726413011550903
2180.6,0.32947373390197754
2180.7000000000003,0.33082079887390137
2180.8,0.3304670453071594
2180.9,0.33267149329185486
2181.0,0.32511982321739197
2181.1,0.3312511742115021
2181.2000000000003,0.32977062463760376
2181.3,0.3324609696865082
2181.4,0.3279990255832672
2181.5,0.3258448839187622
2181.6,0.3259434401988983
2181.7000000000003,0.3260100483894348
2181.8,0.31753242015838623
2181.9,0.32806453108787537
2182.0,0.3231208324432373
2182.1,0.31970006227493286
2182.2000000000003,0.3268603980541229
2182.3,0.31860092282295227
2182.4,0.3257778584957123
2182.5,0.3243998885154724
2182.6,0.3259093761444092
2182.7000000000003,0.32390499114990234
2182.8,0.32351163029670715
2182.9,0.33814284205436707
2183.0,0.32928159832954407
2183.1,0.3212814927101135
2183.2000000000003,0.3164079487323761
2183.3,0.31883004307746887
2183.4,0.3229864537715912
2183.5,0.3303198516368866
2183.6,0.32623958587646484
2183.7000000000003,0.32170766592025757
2183.8,0.3295850157737732
2183.9,0.3294142186641693
2184.0,0.32501405477523804
2184.1,0.32912442088127136
2184.2000000000003,0.32278972864151
2184.3,0.31873348355293274
2184.4,0.3266805410385132
2184.5,0.3243044316768646
2184.6,0.31579717993736267
2184.7000000000003,0.3278087377548218
2184.8,0.32389968633651733
2184.9,0.3157968521118164
2185.0,0.32691723108291626
2185.1,0.32974162697792053
2185.2000000000003,0.3251384198665619
2185.3,0.3182551860809326
2185.4,0.3264993727207184
2185.5,0.32819700241088867
2185.6,0.3239966630935669
2185.7000000000003,0.32310646772384644
2185.8,0.32634982466697693
2185.9,0.32144463062286377
2186.0,0.3213794529438019
2186.1,0.32489559054374695
2186.2000000000003,0.31314459443092346
2186.3,0.32512781023979187
2186.4,0.32354921102523804
2186.5,0.3255918025970459
2186.6,0.32025599479675293
2186.7000000000003,0.3208006024360657
2186.8,0.31825971603393555
2186.9,0.3264217674732208
2187.0,0.32558658719062805
2187.1,0.32038313150405884
2187.2000000000003,0.31858402490615845
2187.3,0.32442599534988403
2187.4,0.31955066323280334
2187.5,0.31942257285118103
2187.6,0.32033252716064453
2187.7000000000003,0.3160278797149658
2187.8,0.3230745196342468
2187.9,0.3190259337425232
2188.0,0.32009026408195496
2188.1,0.31511834263801575
2188.2000000000003,0.3216903805732727
2188.3,0.32333439588546753
2188.4,0.31736910343170166
2188.5,0.31573429703712463
2188.6,0.32171887159347534
2188.7000000000003,0.31533434987068176
2188.8,0.3241334557533264
2188.9,0.31135469675064087
2189.0,0.31775274872779846
2189.1,0.31656354665756226
2189.2000000000003,0.31727856397628784
2189.3,0.3065318763256073
2189.4,0.3131927251815796
2189.5,0.314485639333725
2189.6,0.31342029571533203
2189.7000000000003,0.3172161877155304
2189.8,0.3116876482963562
2189.9,0.31608960032463074
2190.0,0.3078192472457886
2190.1,0.3184037506580353
2190.2000000000003,0.31853896379470825
2190.3,0.31703731417655945
2190.4,0.3171992003917694
2190.5,0.3139392137527466
2190.6000000000004,0.30642449855804443
2190.7000000000003,0.3091636002063751
2190.8,0.31055009365081787
2190.9,0.3232477903366089
2191.0,0.3090580999851227
2191.1000000000004,0.3176778256893158
2191.2000000000003,0.30753692984580994
2191.3,0.31243520975112915
2191.4,0.31243038177490234
2191.5,0.3037460148334503
2191.6000000000004,0.312599778175354
2191.7000000000003,0.30842915177345276
2191.8,0.3055119216442108
2191.9,0.30103227496147156
2192.0,0.3107275664806366
2192.1000000000004,0.3037884533405304
2192.2000000000003,0.3086417019367218
2192.3,0.3082715570926666
2192.4,0.3013613224029541
2192.5,0.3061389625072479
2192.6000000000004,0.3081739842891693
2192.7000000000003,0.30456340312957764
2192.8,0.30783358216285706
2192.9,0.3010868430137634
2193.0,0.30977603793144226
2193.1000000000004,0.3092018961906433
2193.2000000000003,0.29558268189430237
2193.3,0.3058706521987915
2193.4,0.3016783893108368
2193.5,0.29894769191741943
2193.6000000000004,0.315079003572464
2193.7000000000003,0.3059139549732208
2193.8,0.339391827583313
2193.9,0.34833213686943054
2194.0,0.3560592234134674
2194.1000000000004,0.374712198972702
2194.2000000000003,0.38778606057167053
2194.3,0.3983948826789856
2194.4,0.4045725464820862
2194.5,0.39177724719047546
2194.6000000000004,0.3998410105705261
2194.7000000000003,0.38734936714172363
2194.8,0.3721713125705719
2194.9,0.3537980914115906
2195.0,0.3456811308860779
2195.1000000000004,0.35487470030784607
2195.2000000000003,0.35169070959091187
2195.3,0.35090962052345276
2195.4,0.34043505787849426
2195.5,0.33172956109046936
2195.6000000000004,0.33598592877388
2195.7000000000003,0.34111130237579346
2195.8,0.33087557554244995
2195.9,0.34251752495765686
2196.0,0.3332407772541046
2196.1000000000004,0.33524808287620544
2196.2000000000003,0.3330828547477722
2196.3,0.33402374386787415
2196.4,0.32577863335609436
2196.5,0.32737985253334045
2196.6000000000004,0.31730902194976807
2196.7000000000003,0.3368206024169922
2196.8,0.3316888213157654
2196.9,0.3238491117954254
2197.0,0.3278476893901825
2197.1000000000004,0.3321945369243622
2197.2000000000003,0.3295498192310333
2197.3,0.3117217421531677
2197.4,0.3257945477962494
2197.5,0.32706400752067566
2197.6000000000004,0.3257594108581543
2197.7000000000003,0.32320091128349304
2197.8,0.3244422376155853
2197.9,0.33153584599494934
2198.0,0.3238013684749603
2198.1000000000004,0.32781997323036194
2198.2000000000003,0.32804742455482483
2198.3,0.3162063658237457
2198.4,0.317913681268692
2198.5,0.33247652649879456
2198.6000000000004,0.31976327300071716
2198.7000000000003,0.3280273675918579
2198.8,0.32495397329330444
2198.9,0.3327849507331848
2199.0,0.31105661392211914
2199.1000000000004,0.323865681886673
2199.2000000000003,0.3163601756095886
2199.3,0.32478517293930054
2199.4,0.31235411763191223
2199.5,0.3215772211551666
2199.6000000000004,0.3160932958126068
2199.7000000000003,0.32563304901123047
2199.8,0.31922194361686707
2199.9,0.3232749402523041
2200.0,0.3207239806652069
2200.1000000000004,0.31832972168922424
2200.2000000000003,0.3203905522823334
2200.3,0.3229081928730011
2200.4,0.3219841718673706
2200.5,0.3125535547733307
2200.6000000000004,0.3190675973892212
2200.7000000000003,0.3180329203605652
2200.8,0.3188629746437073
2200.9,0.3123665750026703
2201.0,0.3209592401981354
2201.1000000000004,0.31670090556144714
2201.2000000000003,0.3192165791988373
2201.3,0.317227303981781
2201.4,0.3169148862361908
2201.5,0.31283336877822876
2201.6000000000004,0.302028626203537
2201.7000000000003,0.3193899989128113
2201.8,0.32162585854530334
2201.9,0.30953744053840637
2202.0,0.31829237937927246
2202.1000000000004,0.30238059163093567
2202.2000000000003,0.3044418394565582
2202.3,0.3059772253036499
2202.4,0.3208165466785431
2202.5,0.3198171555995941
2202.6000000000004,0.31558144092559814
2202.7000000000003,0.3121623992919922
2202.8,0.31254294514656067
2202.9,0.31468766927719116
2203.0,0.3115656077861786
2203.1000000000004,0.31564563512802124
2203.2000000000003,0.3066912889480591
2203.3,0.31285732984542847
2203.4,0.313462495803833
2203.5,0.31171175837516785
2203.6000000000004,0.31157809495925903
2203.7000000000003,0.3148398697376251
2203.8,0.30914419889450073
2203.9,0.31008413434028625
2204.0,0.28752395510673523
2204.1000000000004,0.314010888338089
2204.2000000000003,0.3132995665073395
2204.3,0.31559133529663086
2204.4,0.32241007685661316
2204.5,0.3308400809764862
2204.6000000000004,0.33861425518989563
2204.7000000000003,0.3677409589290619
2204.8,0.3732026517391205
2204.9,0.378338485956192
2205.0,0.3887973129749298
2205.1000000000004,0.39769330620765686
2205.2000000000003,0.39294958114624023
2205.3,0.39254021644592285
2205.4,0.3953883945941925
2205.5,0.3868010938167572
2205.6000000000004,0.37303394079208374
2205.7000000000003,0.3731022775173187
2205.8,0.36264675855636597
2205.9,0.35754144191741943
2206.0,0.35854682326316833
2206.1000000000004,0.35820165276527405
2206.2000000000003,0.35003897547721863
2206.3,0.3488849401473999
2206.4,0.34437263011932373
2206.5,0.33978915214538574
2206.6000000000004,0.34087681770324707
2206.7000000000003,0.3361184597015381
2206.8,0.32393717765808105
2206.9,0.3231717646121979
2207.0,0.34257471561431885
2207.1000000000004,0.3362220525741577
2207.2000000000003,0.3309750258922577
2207.3,0.3346021771430969
2207.4,0.3284112513065338
2207.5,0.32450100779533386
2207.6000000000004,0.3381067216396332
2207.7000000000003,0.32385939359664917
2207.8,0.33146968483924866
2207.9,0.3227899372577667
2208.0,0.3299824893474579
2208.1000000000004,0.33180883526802063
2208.2000000000003,0.3243684470653534
2208.3,0.3320519030094147
2208.4,0.320873886346817
2208.5,0.32757148146629333
2208.6000000000004,0.32525375485420227
2208.7000000000003,0.3322238326072693
2208.8,0.326183021068573
2208.9,0.3325132429599762
2209.0,0.3263547122478485
2209.1000000000004,0.3332948088645935
2209.2000000000003,0.328419029712677
2209.3,0.3346479833126068
2209.4,0.3362955152988434
2209.5,0.3350949287414551
2209.6000000000004,0.33108022809028625
2209.7000000000003,0.32028740644454956
2209.8,0.3266952931880951
2209.9,0.325431764125824
2210.0,0.33072248101234436
2210.1000000000004,0.3273850381374359
2210.2000000000003,0.3219856917858124
2210.3,0.32661840319633484
2210.4,0.326894074678421
2210.5,0.3253970444202423
2210.6000000000004,0.33288702368736267
2210.7000000000003,0.32755476236343384
2210.8,0.31629687547683716
2210.9,0.3297956585884094
2211.0,0.3284360468387604
2211.1000000000004,0.32400739192962646
2211.2000000000003,0.3312981128692627
2211.3,0.32228460907936096
2211.4,0.32933494448661804
2211.5,0.32333171367645264
2211.6000000000004,0.3056386411190033
2211.7000000000003,0.3281501829624176
2211.8,0.3171505630016327
2211.9,0.33089855313301086
2212.0,0.3326283097267151
2212.1000000000004,0.32910048961639404
2212.2000000000003,0.3285691738128662
2212.3,0.3252563178539276
2212.4,0.32175272703170776
2212.5,0.32265564799308777
2212.6000000000004,0.3273737132549286
2212.7000000000003,0.32317987084388733
2212.8,0.3266785144805908
2212.9,0.32475656270980835
2213.0,0.3282075524330139
2213.1000000000004,0.3251148462295532
2213.2000000000003,0.3201027810573578
2213.3,0.3252646327018738
2213.4,0.31829139590263367
2213.5,0.3250596225261688
2213.6000000000004,0.31458181142807007
2213.7000000000003,0.326337993144989
2213.8,0.32387953996658325
2213.9,0.3204401135444641
2214.0,0.3281862139701843
2214.1000000000004,0.3194243311882019
2214.2000000000003,0.31712520122528076
2214.3,0.32037636637687683
2214.4,0.3182801604270935
2214.5,0.3305650055408478
2214.6000000000004,0.3215263783931732
2214.7000000000003,0.32259994745254517
2214.8,0.323049932718277
2214.9,0.3192720413208008
2215.0,0.32142361998558044
2215.1000000000004,0.32756009697914124
2215.2000000000003,0.30714794993400574
2215.3,0.32207581400871277
2215.4,0.3141319751739502
2215.5,0.3219016492366791
2215.6000000000004,0.31327101588249207
2215.7000000000003,0.32168224453926086
2215.8,0.32111188769340515
2215.9,0.31352558732032776
2216.0,0.31500256061553955
2216.1000000000004,0.32568153738975525
2216.2000000000003,0.31260401010513306
2216.3,0.31126198172569275
2216.4,0.3139449656009674
2216.5,0.30661872029304504
2216.6000000000004,0.3184155523777008
2216.7000000000003,0.3186616599559784
2216.8,0.310496985912323
2216.9,0.318344384431839
2217.0,0.3149138391017914
2217.1000000000004,0.31378263235092163
2217.2000000000003,0.31999102234840393
2217.3,0.3181058466434479
2217.4,0.3051300644874573
2217.5,0.31375738978385925
2217.6000000000004,0.3170660436153412
2217.7000000000003,0.3101018965244293
2217.8,0.3104133903980255
2217.9,0.3114897608757019
2218.0,0.314083069562912
2218.1000000000004,0.31386590003967285
2218.2000000000003,0.3090134859085083
2218.3,0.3102586567401886
2218.4,0.300981342792511
2218.5,0.3146209716796875
2218.6000000000004,0.32092413306236267
2218.7000000000003,0.30969637632369995
2218.8,0.317417711019516
2218.9,0.30631139874458313
2219.0,0.3101627826690674
2219.1000000000004,0.2994260787963867
2219.2000000000003,0.30632415413856506
2219.3,0.31129759550094604
2219.4,0.31717804074287415
2219.5,0.3230865001678467
2219.6000000000004,0.33590826392173767
2219.7000000000003,0.3492344319820404
2219.8,0.3476289212703705
2219.9,0.3706425130367279
2220.0,0.3889058530330658
2220.1000000000004,0.3832854926586151
2220.2000000000003,0.40224117040634155
2220.3,0.3925437033176422
2220.4,0.40523141622543335
2220.5,0.39750048518180847
2220.6000000000004,0.384842187166214
2220.7000000000003,0.3754091262817383
2220.8,0.36366933584213257
2220.9,0.35468292236328125
2221.0,0.35485294461250305
2221.1000000000004,0.3362469971179962
2221.2000000000003,0.3407055735588074
2221.3,0.34658244252204895
2221.4,0.34523841738700867
2221.5,0.345707505941391
2221.6000000000004,0.341814786195755
2221.7000000000003,0.337446004152298
2221.8,0.34115976095199585
2221.9,0.3337850868701935
2222.0,0.33861270546913147
2222.1000000000004,0.33139410614967346
2222.2000000000003,0.3440099060535431
2222.3,0.326188862323761
2222.4,0.32822418212890625
2222.5,0.3321862518787384
2222.6000000000004,0.33339476585388184
2222.7000000000003,0.32647526264190674
2222.8,0.32453450560569763
2222.9,0.3288673460483551
2223.0,0.32743939757347107
2223.1000000000004,0.3356424570083618
2223.2000000000003,0.32966598868370056
2223.3,0.3227866590023041
2223.4,0.3275779187679291
2223.5,0.33217617869377136
2223.6000000000004,0.325875461101532
2223.7000000000003,0.3217249810695648
2223.8,0.32907381653785706
2223.9,0.32969382405281067
2224.0,0.3196142613887787
2224.1000000000004,0.32871708273887634
2224.2000000000003,0.32856953144073486
2224.3,0.3258984386920929
2224.4,0.3268544673919678
2224.5,0.3194360136985779
2224.6000000000004,0.3269282579421997
2224.7000000000003,0.31905192136764526
2224.8,0.3332683742046356
2224.9,0.31050965189933777
2225.0,0.3211141526699066
2225.1000000000004,0.32641613483428955
2225.2000000000003,0.32111209630966187
2225.3,0.3271849453449249
2225.4,0.3233063220977783
2225.5,0.3325161933898926
2225.6000000000004,0.32131150364875793
2225.7000000000003,0.32875123620033264
2225.8,0.3300198018550873
2225.9,0.32100027799606323
2226.0,0.3268902003765106
2226.1000000000004,0.32158780097961426
2226.2000000000003,0.3182540237903595
2226.3,0.31881579756736755
2226.4,0.3187214434146881
2226.5,0.3259884715080261
2226.6000000000004,0.32121023535728455
2226.7000000000003,0.31672874093055725
2226.8,0.31896036863327026
2226.9,0.3084728419780731
2227.0,0.31997591257095337
2227.1000000000004,0.3235376477241516
2227.2000000000003,0.31822067499160767
2227.3,0.3083357810974121
2227.4,0.3093671500682831
2227.5,0.3131618797779083
2227.6000000000004,0.3186725676059723
2227.7000000000003,0.3212600648403168
2227.8,0.31877273321151733
2227.9,0.30800577998161316
2228.0,0.3083673119544983
2228.1000000000004,0.3200237452983856
2228.2000000000003,0.3207007944583893
2228.3,0.318162739276886
2228.4,0.31287091970443726
2228.5,0.32206788659095764
2228.6000000000004,0.3141799569129944
2228.7000000000003,0.3170715868473053
2228.8,0.3167860209941864
2228.9,0.31042754650115967
2229.0,0.3253766596317291
2229.1000000000004,0.32612180709838867
2229.2000000000003,0.3195748031139374
2229.3,0.3168063461780548
2229.4,0.30665382742881775
2229.5,0.3123585283756256
2229.6000000000004,0.31790488958358765
2229.7000000000003,0.30252137780189514
2229.8,0.30822885036468506
2229.9,0.3004299998283386
2230.0,0.31020715832710266
2230.1000000000004,0.3070182502269745
2230.2000000000003,0.3110159635543823
2230.3,0.3132352828979492
2230.4,0.31741854548454285
2230.5,0.3119189143180847
2230.6000000000004,0.31638190150260925
2230.7000000000003,0.315401554107666
2230.8,0.3123837113380432
2230.9,0.3056078255176544
2231.0,0.30817490816116333
2231.1000000000004,0.3126586973667145
2231.2000000000003,0.3159778118133545
2231.3,0.3048335909843445
2231.4,0.31213197112083435
2231.5,0.3097212016582489
2231.6000000000004,0.3032974898815155
2231.7000000000003,0.313117653131485
2231.8,0.2988160252571106
2231.9,0.3086797893047333
2232.0,0.30192500352859497
2232.1000000000004,0.3116995096206665
2232.2000000000003,0.3123522102832794
2232.3,0.33386069536209106
2232.4,0.3489743769168854
2232.5,0.3616183400154114
2232.6000000000004,0.3674994111061096
2232.7000000000003,0.37079954147338867
2232.8,0.3886643052101135
2232.9,0.39472874999046326
2233.0,0.3919149339199066
2233.1000000000004,0.38460618257522583
2233.2000000000003,0.38604453206062317
2233.3,0.3636288642883301
2233.4,0.37186646461486816
2233.5,0.35830411314964294
2233.6000000000004,0.3538048565387726
2233.7000000000003,0.3522179424762726
2233.8,0.3510509133338928
2233.9,0.34592968225479126
2234.0,0.3460918664932251
2234.1000000000004,0.3369967043399811
2234.2000000000003,0.3352784514427185
2234.3,0.3294926583766937
2234.4,0.3385448455810547
2234.5,0.3259510397911072
2234.6000000000004,0.33485299348831177
2234.7000000000003,0.3295455873012543
2234.8,0.3343980610370636
2234.9,0.32357919216156006
2235.0,0.3304483890533447
2235.1000000000004,0.3324093818664551
2235.2000000000003,0.32765015959739685
2235.3,0.3260459899902344
2235.4,0.3217107951641083
2235.5,0.3318389356136322
2235.6000000000004,0.3288940489292145
2235.7000000000003,0.3319300413131714
2235.8,0.32401418685913086
2235.9,0.31905171275138855
2236.0,0.32620128989219666
2236.1000000000004,0.31334030628204346
2236.2000000000003,0.3273623585700989
2236.3,0.32081273198127747
2236.4,0.32803839445114136
2236.5,0.3331490457057953
2236.6000000000004,0.3271274268627167
2236.7000000000003,0.3213706612586975
2236.8,0.32771340012550354
2236.9,0.31773361563682556
2237.0,0.33195924758911133
2237.1000000000004,0.33080756664276123
2237.2000000000003,0.315176397562027
2237.3,0.32395607233047485
2237.4,0.32113415002822876
2237.5,0.3268193304538727
2237.6000000000004,0.3324137330055237
2237.7000000000003,0.3240163028240204
2237.8,0.3226470649242401
2237.9,0.31885120272636414
2238.0,0.32318925857543945
2238.1000000000004,0.32636338472366333
2238.2000000000003,0.31461966037750244
2238.3,0.3262758255004883
2238.4,0.3230503499507904
2238.5,0.322664737701416
2238.6000000000004,0.32563239336013794
2238.7000000000003,0.32448261976242065
2238.8,0.32821473479270935
2238.9,0.315775603055954
2239.0,0.3190409541130066
2239.1000000000004,0.32233208417892456
2239.2000000000003,0.31564778089523315
2239.3,0.3106412887573242
2239.4,0.317300021648407
2239.5,0.3184879422187805
2239.6000000000004,0.3254310190677643
2239.7000000000003,0.3175419569015503
2239.8,0.3225260376930237
2239.9,0.3070363402366638
2240.0,0.3149363696575165
2240.1000000000004,0.30844414234161377
2240.2000000000003,0.31468263268470764
2240.3,0.31549617648124695
2240.4,0.30286476016044617
2240.5,0.3215041160583496
2240.6000000000004,0.3118734359741211
2240.7000000000003,0.314097136259079
2240.8,0.3224332630634308
2240.9,0.30969861149787903
2241.0,0.32224351167678833
2241.1000000000004,0.32099777460098267
2241.2000000000003,0.31321659684181213
2241.3,0.3169490098953247
2241.4,0.32058385014533997
2241.5,0.3116532266139984
2241.6000000000004,0.3126257658004761
2241.7000000000003,0.31757858395576477
2241.8,0.3118478059768677
2241.9,0.3164714574813843
2242.0,0.31532353162765503
2242.1000000000004,0.3116673231124878
2242.2000000000003,0.30279541015625
2242.3,0.3214472234249115
2242.4,0.30492037534713745
2242.5,0.3019110858440399
2242.6000000000004,0.30865490436553955
2242.7000000000003,0.3147711455821991
2242.8,0.31123387813568115
2242.9,0.300157755613327
2243.0,0.31016504764556885
2243.1000000000004,0.30837780237197876
2243.2000000000003,0.30642229318618774
2243.3,0.2990962862968445
2243.4,0.3111557364463806
2243.5,0.3105555772781372
2243.6000000000004,0.3101666569709778
2243.7000000000003,0.3169045150279999
2243.8,0.3351435661315918
2243.9,0.3464864194393158
2244.0,0.3516619801521301
2244.1000000000004,0.36143627762794495
2244.2000000000003,0.36893150210380554
2244.3,0.38690587878227234
2244.4,0.39138635993003845
2244.5,0.40796664357185364
2244.6000000000004,0.40096578001976013
2244.7000000000003,0.3972667455673218
2244.8,0.3906593322753906
2244.9,0.3730875849723816
2245.0,0.3723751902580261
2245.1000000000004,0.38353267312049866
2245.2000000000003,0.35939815640449524
2245.3,0.36090517044067383
2245.4,0.356034517288208
2245.5,0.360363245010376
2245.6000000000004,0.34771785140037537
2245.7000000000003,0.3568459153175354
2245.8,0.341827929019928
2245.9,0.3412257432937622
2246.0,0.34760335087776184
2246.1000000000004,0.3448965847492218
2246.2000000000003,0.3458263874053955
2246.3,0.3400071859359741
2246.4,0.3432675898075104
2246.5,0.34386131167411804
2246.6000000000004,0.3309482932090759
2246.7000000000003,0.3369869291782379
2246.8,0.3379914164543152
2246.9,0.3371959328651428
2247.0,0.333696573972702
2247.1000000000004,0.3333393335342407
2247.2000000000003,0.3320768475532532
2247.3,0.3295825719833374
2247.4,0.3310350775718689
2247.5,0.320857435464859
2247.6000000000004,0.3256395161151886
2247.7000000000003,0.32346928119659424
2247.8,0.32529833912849426
2247.9,0.3305480182170868
2248.0,0.33086737990379333
2248.1000000000004,0.32162484526634216
2248.2000000000003,0.3251453936100006
2248.3,0.3322126865386963
2248.4,0.3314874470233917
2248.5,0.3173573315143585
2248.6000000000004,0.31877025961875916
2248.7000000000003,0.3240562677383423
2248.8,0.32812848687171936
2248.9,0.3294965624809265
2249.0,0.31594815850257874
2249.1000000000004,0.324291467666626
2249.2000000000003,0.3204158842563629
2249.3,0.32318228483200073
2249.4,0.3305530548095703
2249.5,0.32799720764160156
2249.6000000000004,0.31826379895210266
2249.7000000000003,0.3209072947502136
2249.8,0.33421528339385986
2249.9,0.32425597310066223
2250.0,0.32044434547424316
2250.1000000000004,0.33052513003349304
2250.2000000000003,0.3298073709011078
2250.3,0.32209786772727966
2250.4,0.3237352669239044
2250.5,0.33208030462265015
2250.6000000000004,0.33062559366226196
2250.7000000000003,0.3278486132621765
2250.8,0.32758352160453796
2250.9,0.32640305161476135
2251.0,0.325962096452713
2251.1000000000004,0.3234822452068329
2251.2000000000003,0.3201315402984619
2251.3,0.32215064764022827
2251.4,0.32464995980262756
2251.5,0.32386162877082825
2251.6000000000004,0.32337453961372375
2251.7000000000003,0.32870668172836304
2251.8,0.31743380427360535
2251.9,0.3210088014602661
2252.0,0.3219793438911438
2252.1000000000004,0.32063886523246765
2252.2000000000003,0.32380977272987366
2252.3,0.31895479559898376
2252.4,0.32117530703544617
2252.5,0.316068559885025
2252.6000000000004,0.3180384933948517
2252.7000000000003,0.3187926709651947
2252.8,0.32059231400489807
2252.9,0.31840065121650696
2253.0,0.3179630637168884
2253.1000000000004,0.3143126964569092
2253.2000000000003,0.3206424415111542
2253.3,0.32003316283226013
2253.4,0.3228504955768585
2253.5,0.3103910982608795
2253.6000000000004,0.3178446888923645
2253.7000000000003,0.3219175934791565
2253.8,0.3122606873512268
2253.9,0.32975709438323975
2254.0,0.3131445050239563
2254.1000000000004,0.31056883931159973
2254.2000000000003,0.32015126943588257
2254.3,0.3156906068325043
2254.4,0.31776371598243713
2254.5,0.315091997385025
2254.6000000000004,0.30609452724456787
2254.7000000000003,0.31868284940719604
2254.8,0.32098105549812317
2254.9,0.31559181213378906
2255.0,0.32588228583335876
2255.1000000000004,0.3055602014064789
2255.2000000000003,0.31434813141822815
2255.3,0.2974424660205841
2255.4,0.31481364369392395
2255.5,0.31001827120780945
2255.6000000000004,0.3156762421131134
2255.7000000000003,0.32071149349212646
2255.8,0.3469507694244385
2255.9,0.34997615218162537
2256.0,0.3632144331932068
2256.1000000000004,0.38142356276512146
2256.2000000000003,0.3887009620666504
2256.3,0.4048176407814026
2256.4,0.40495407581329346
2256.5,0.3959124684333801
2256.6000000000004,0.4038161039352417
2256.7000000000003,0.38683465123176575
2256.8,0.38947680592536926
2256.9,0.38058900833129883
2257.0,0.37158969044685364
2257.1000000000004,0.3657013475894928
2257.2000000000003,0.35650843381881714
2257.3,0.35475751757621765
2257.4,0.3489612638950348
2257.5,0.35348111391067505
2257.6000000000004,0.3408527970314026
2257.7000000000003,0.34250253438949585
2257.8,0.34163597226142883
2257.9,0.33813223242759705
2258.0,0.337288498878479
2258.1000000000004,0.3331924378871918
2258.2000000000003,0.3400220274925232
2258.3,0.3308682441711426
2258.4,0.33131492137908936
2258.5,0.325698584318161
2258.6000000000004,0.32817384600639343
2258.7000000000003,0.3333064615726471
2258.8,0.32409727573394775
2258.9,0.3269366919994354
2259.0,0.32800793647766113
2259.1000000000004,0.32895195484161377
2259.2000000000003,0.3291589617729187
2259.3,0.33219173550605774
2259.4,0.328378289937973
2259.5,0.32664501667022705
2259.6000000000004,0.31837862730026245
2259.7000000000003,0.3206864297389984
2259.8,0.3224560022354126
2259.9,0.3352661728858948
2260.0,0.3266908526420593
2260.1000000000004,0.3229673504829407
2260.2000000000003,0.3293541967868805
2260.3,0.3273913860321045
2260.4,0.3242655396461487
2260.5,0.323708713054657
2260.6000000000004,0.32465487718582153
2260.7000000000003,0.32754382491111755
2260.8,0.33424606919288635
2260.9,0.32727324962615967
2261.0,0.3244766294956207
2261.1000000000004,0.3291775584220886
2261.2000000000003,0.32738596200942993
2261.3,0.32724729180336
2261.4,0.33004429936408997
2261.5,0.32563766837120056
2261.6000000000004,0.3235715925693512
2261.7000000000003,0.3283764719963074
2261.8,0.3283090889453888
2261.9,0.3249182105064392
2262.0,0.326280415058136
2262.1000000000004,0.32491642236709595
2262.2000000000003,0.3353731632232666
2262.3,0.3190735876560211
2262.4,0.32642948627471924
2262.5,0.3163927495479584
2262.6000000000004,0.3178451955318451
2262.7000000000003,0.3341650366783142
2262.8,0.32921406626701355
2262.9,0.32115745544433594
2263.0,0.3223862648010254
2263.1000000000004,0.32134294509887695
2263.2000000000003,0.3326053023338318
2263.3,0.3215974271297455
2263.4,0.32136252522468567
2263.5,0.32904699444770813
2263.6000000000004,0.3287745714187622
2263.7000000000003,0.32082095742225647
2263.8,0.32718321681022644
2263.9,0.3218509554862976
2264.0,0.3258867859840393
2264.1000000000004,0.32054582238197327
2264.2000000000003,0.3227580189704895
2264.3,0.3201623558998108
2264.4,0.3253979980945587
2264.5,0.31334301829338074
2264.6000000000004,0.3240933120250702
2264.7000000000003,0.32223138213157654
2264.8,0.31326824426651
2264.9,0.31802451610565186
2265.0,0.3070790469646454
2265.1000000000004,0.308368057012558
2265.2000000000003,0.3189195692539215
2265.3,0.31550538539886475
2265.4,0.31848621368408203
2265.5,0.3208017945289612
2265.6000000000004,0.3171609044075012
2265.7000000000003,0.30372974276542664
2265.8,0.3126387596130371
2265.9,0.3213694393634796
2266.0,0.31567421555519104
2266.1000000000004,0.31101489067077637
2266.2000000000003,0.3173144459724426
2266.3,0.32211899757385254
2266.4,0.3123425841331482
2266.5,0.3205970823764801
2266.6000000000004,0.3289601504802704
2266.7000000000003,0.3117098808288574
2266.8,0.32012176513671875
2266.9,0.3194349408149719
2267.0,0.31380438804626465
2267.1000000000004,0.31255269050598145
2267.2000000000003,0.32002049684524536
2267.3,0.3010842502117157
2267.4,0.3164718747138977
2267.5,0.31695556640625
2267.6000000000004,0.31264689564704895
2267.7000000000003,0.3050432503223419
2267.8,0.31476351618766785
2267.9,0.31588903069496155
2268.0,0.31699618697166443
2268.1000000000004,0.3094625174999237
2268.2000000000003,0.30624109506607056
2268.3,0.31435272097587585
2268.4,0.316401869058609
2268.5,0.3181013762950897
2268.6000000000004,0.31443843245506287
2268.7000000000003,0.3080371916294098
2268.8,0.3139229118824005
2268.9,0.30635493993759155
2269.0,0.31270360946655273
2269.1000000000004,0.3141583502292633
2269.2000000000003,0.3106100857257843
2269.3,0.3034609854221344
2269.4,0.3138951361179352
2269.5,0.31680789589881897
2269.6000000000004,0.3043595552444458
2269.7000000000003,0.3111572861671448
2269.8,0.3123437762260437
2269.9,0.30414000153541565
2270.0,0.3145357668399811
2270.1000000000004,0.29504337906837463
2270.2000000000003,0.3080209195613861
2270.3,0.3110447824001312
2270.4,0.31091970205307007
2270.5,0.31476303935050964
2270.6000000000004,0.3275156319141388
2270.7000000000003,0.33495059609413147
2270.8,0.36084988713264465
2270.9,0.36595967411994934
2271.0,0.3792653977870941
2271.1000000000004,0.39188477396965027
2271.2000000000003,0.398051381111145
2271.3,0.404157817363739
2271.4,0.39920663833618164
2271.5,0.3874100148677826
2271.6000000000004,0.37999001145362854
2271.7000000000003,0.37982386350631714
2271.8,0.3805578052997589
2271.9,0.3618845045566559
2272.0,0.3564799726009369
2272.1000000000004,0.34544363617897034
2272.2000000000003,0.34382447600364685
2272.3,0.351437509059906
2272.4,0.34786269068717957
2272.5,0.3448374569416046
2272.6000000000004,0.3400854170322418
2272.7000000000003,0.3471790850162506
2272.8,0.34170782566070557
2272.9,0.345162570476532
2273.0,0.33407530188560486
2273.1000000000004,0.34417423605918884
2273.2000000000003,0.3356088399887085
2273.3,0.33183300495147705
2273.4,0.3320598900318146
2273.5,0.3322651982307434
2273.6000000000004,0.3270856738090515
2273.7000000000003,0.33077186346054077
2273.8,0.33437225222587585
2273.9,0.323003888130188
2274.0,0.3215099573135376
2274.1000000000004,0.32382306456565857
2274.2000000000003,0.3250465989112854
2274.3,0.328789085149765
2274.4,0.3276393413543701
2274.5,0.32314106822013855
2274.6000000000004,0.316480815410614
2274.7000000000003,0.32853594422340393
2274.8,0.3215508759021759
2274.9,0.33025237917900085
2275.0,0.31819966435432434
2275.1000000000004,0.32770198583602905
2275.2000000000003,0.31835973262786865
2275.3,0.3285428285598755
2275.4,0.33157879114151
2275.5,0.3308534622192383
2275.6000000000004,0.32251375913619995
2275.7000000000003,0.3212541341781616
2275.8,0.3185390830039978
2275.9,0.3160606920719147
2276.0,0.3310353457927704
2276.1000000000004,0.31945332884788513
2276.2000000000003,0.3275049030780792
2276.3,0.3150228261947632
2276.4,0.32542741298675537
2276.5,0.32202786207199097
2276.6000000000004,0.322174608707428
2276.7000000000003,0.321208655834198
2276.8,0.3142481744289398
2276.9,0.3178551495075226
2277.0,0.3293280303478241
2277.1000000000004,0.3286427855491638
2277.2000000000003,0.32196906208992004
2277.3,0.3173200786113739
2277.4,0.3217131495475769
2277.5,0.32320261001586914
2277.6000000000004,0.32604461908340454
2277.7000000000003,0.32192695140838623
2277.8,0.3098181486129761
2277.9,0.32002076506614685
2278.0,0.32015880942344666
2278.1000000000004,0.3172012269496918
2278.2000000000003,0.3223142921924591
2278.3,0.3168340027332306
2278.4,0.321798175573349
2278.5,0.3265557587146759
2278.6000000000004,0.31304576992988586
2278.7000000000003,0.3229276239871979
2278.8,0.31380513310432434
2278.9,0.3219861388206482
2279.0,0.3136199116706848
2279.1000000000004,0.31132805347442627
2279.2000000000003,0.3123701810836792
2279.3,0.3175269663333893
2279.4,0.3165413737297058
2279.5,0.3208813965320587
2279.6000000000004,0.31994161009788513
2279.7000000000003,0.3057306408882141
2279.8,0.30879300832748413
2279.9,0.3203289210796356
2280.0,0.3131099343299866
2280.1000000000004,0.3135397136211395
2280.2000000000003,0.32588815689086914
2280.3,0.3216225504875183
2280.4,0.31162765622138977
2280.5,0.31210070848464966
2280.6000000000004,0.3192294239997864
2280.7000000000003,0.3086422383785248
2280.8,0.3053106963634491
2280.9,0.31346768140792847
2281.0,0.31374385952949524
2281.1000000000004,0.3113718032836914
2281.2000000000003,0.30689868330955505
2281.3,0.30871570110321045
2281.4,0.31153982877731323
2281.5,0.317024290561676
2281.6000000000004,0.31157585978507996
2281.7000000000003,0.3109137713909149
2281.8,0.31672531366348267
2281.9,0.30986014008522034
2282.0,0.3093169629573822
2282.1000000000004,0.29891759157180786
2282.2000000000003,0.3031363785266876
2282.3,0.30756571888923645
2282.4,0.30981335043907166
2282.5,0.31029683351516724
2282.6000000000004,0.3314061760902405
2282.7000000000003,0.34143903851509094
2282.8,0.35677799582481384
2282.9,0.36937156319618225
2283.0,0.3778265416622162
2283.1000000000004,0.39158567786216736
2283.2000000000003,0.39736783504486084
2283.3,0.3996689021587372
2283.4,0.3993014395236969
2283.5,0.40128663182258606
2283.6000000000004,0.39280447363853455
2283.7000000000003,0.37376540899276733
2283.8,0.37252020835876465
2283.9,0.3716350495815277
2284.0,0.3524985909461975
2284.1000000000004,0.35469940304756165
2284.2000000000003,0.35280686616897583
2284.3,0.3510810136795044
2284.4,0.3559151589870453
2284.5,0.3511326313018799
2284.6000000000004,0.34435203671455383
2284.7000000000003,0.3410525321960449
2284.8,0.33087581396102905
2284.9,0.3327772915363312
2285.0,0.3359679877758026
2285.1000000000004,0.3380799889564514
2285.2000000000003,0.3272230625152588
2285.3,0.32962051033973694
2285.4,0.3358343839645386
2285.5,0.32596784830093384
2285.6000000000004,0.33541715145111084
2285.7000000000003,0.3217502534389496
2285.8,0.32784560322761536
2285.9,0.33360111713409424
2286.0,0.3318574130535126
2286.1000000000004,0.32570669054985046
2286.2000000000003,0.33636146783828735
2286.3,0.3175368010997772
2286.4,0.3270772397518158
2286.5,0.3185226321220398
2286.6000000000004,0.3305887281894684
2286.7000000000003,0.3236699104309082
2286.8,0.3232969045639038
2286.9,0.3317597508430481
2287.0,0.31359997391700745
2287.1000000000004,0.3226562738418579
2287.2000000000003,0.3321922719478607
2287.3,0.33160099387168884
2287.4,0.32726457715034485
2287.5,0.32719743251800537
2287.6000000000004,0.32321545481681824
2287.7000000000003,0.3278062641620636
2287.8,0.3279469609260559
2287.9,0.3307148218154907
2288.0,0.3235940933227539
2288.1000000000004,0.31610703468322754
2288.2000000000003,0.31936585903167725
2288.3,0.3244633376598358
2288.4,0.3270859122276306
2288.5,0.32612088322639465
2288.6000000000004,0.3243587911128998
2288.7000000000003,0.31002920866012573
2288.8,0.32022249698638916
2288.9,0.32477328181266785
2289.0,0.3195923864841461
2289.1000000000004,0.332286536693573
2289.2000000000003,0.3188416063785553
2289.3,0.33223333954811096
2289.4,0.330366313457489
2289.5,0.3258325159549713
2289.6000000000004,0.32589560747146606
2289.7000000000003,0.31728455424308777
2289.8,0.3303180932998657
2289.9,0.31890660524368286
2290.0,0.3245941400527954
2290.1000000000004,0.3263869285583496
2290.2000000000003,0.3263271749019623
2290.3,0.3247045576572418
2290.4,0.3235151767730713
2290.5,0.31751948595046997
2290.6000000000004,0.32523098587989807
2290.7000000000003,0.3246905207633972
2290.8,0.32627150416374207
2290.9,0.3192380964756012
2291.0,0.31039518117904663
2291.1000000000004,0.3270255923271179
2291.2000000000003,0.3183877170085907
2291.3,0.3203483521938324
2291.4,0.322889506816864
2291.5,0.3213565945625305
2291.6000000000004,0.31643596291542053
2291.7000000000003,0.3224963843822479
2291.8,0.3109563887119293
2291.9,0.3229736089706421
2292.0,0.3162130117416382
2292.1000000000004,0.31028491258621216
2292.2000000000003,0.3176724314689636
2292.3,0.31220901012420654
2292.4,0.3182215392589569
2292.5,0.3162659704685211
2292.6000000000004,0.3216710686683655
2292.7000000000003,0.3140546381473541
2292.8,0.3190327286720276
2292.9,0.3216390907764435
2293.0,0.32316073775291443
2293.1000000000004,0.3228044807910919
2293.2000000000003,0.3077738583087921
2293.3,0.3123249113559723
2293.4,0.3091707229614258
2293.5,0.30569717288017273
2293.6000000000004,0.30708521604537964
2293.7000000000003,0.31669875979423523
2293.8,0.31849536299705505
2293.9,0.31134507060050964
2294.0,0.31032446026802063
2294.1000000000004,0.3147954046726227
2294.2000000000003,0.30814486742019653
2294.3,0.31779199838638306
2294.4,0.30695992708206177
2294.5,0.3147742450237274
2294.6000000000004,0.3069429099559784
2294.7000000000003,0.3086394965648651
2294.8,0.3099530339241028
2294.9,0.3124563694000244
2295.0,0.3102909326553345
2295.1000000000004,0.3124418258666992
2295.2000000000003,0.30527263879776
2295.3,0.3112355172634125
2295.4,0.3033401370048523
2295.5,0.3136509954929352
2295.6000000000004,0.3103719651699066
2295.7000000000003,0.3056555688381195
2295.8,0.30882951617240906
2295.9,0.31176871061325073
2296.0,0.3096331059932709
2296.1000000000004,0.30765610933303833
2296.2000000000003,0.3054380416870117
2296.3,0.3082020878791809
2296.4,0.30347421765327454
2296.5,0.3067760467529297
2296.6000000000004,0.2991979718208313
2296.7000000000003,0.3032887876033783
2296.8,0.2981228828430176
2296.9,0.3135669529438019
2297.0,0.3224095106124878
2297.1000000000004,0.32192277908325195
2297.2000000000003,0.34245097637176514
2297.3,0.3449786901473999
2297.4,0.3662833571434021
2297.5,0.38287779688835144
2297.6000000000004,0.38257646560668945
2297.7000000000003,0.3992510139942169
2297.8,0.37923353910446167
2297.9,0.3981506824493408
2298.0,0.3915201723575592
2298.1000000000004,0.3881399929523468
2298.2000000000003,0.3859221339225769
2298.3,0.38235509395599365
2298.4,0.37896397709846497
2298.5,0.3579041063785553
2298.6000000000004,0.3607034385204315
2298.7000000000003,0.34975630044937134
2298.8,0.3541344106197357
2298.9,0.3489050567150116
2299.0,0.3428739607334137
2299.1000000000004,0.3398294150829315
2299.2000000000003,0.3473588228225708
2299.3,0.3370278775691986
2299.4,0.34554675221443176
2299.5,0.33594393730163574
2299.6000000000004,0.3370271623134613
2299.7000000000003,0.33877840638160706
2299.8,0.32290205359458923
2299.9,0.3201353847980499
2300.0,0.33712074160575867
2300.1000000000004,0.3312234580516815
2300.2000000000003,0.3305806517601013
2300.3,0.31422513723373413
2300.4,0.3379112780094147
2300.5,0.32899099588394165
2300.6000000000004,0.3274634778499603
2300.7000000000003,0.33016374707221985
2300.8,0.3254958987236023
2300.9,0.32760336995124817
2301.0,0.3199177086353302
2301.1000000000004,0.3339034616947174
2301.2000000000003,0.312993586063385
2301.3,0.3226523995399475
2301.4,0.3282981216907501
2301.5,0.3330061435699463
2301.6000000000004,0.33311229944229126
2301.7000000000003,0.3255002498626709
2301.8,0.33065077662467957
2301.9,0.3223493993282318
2302.0,0.3297324776649475
2302.1000000000004,0.33182230591773987
2302.2000000000003,0.3310551345348358
2302.3,0.32757630944252014
2302.4,0.33549973368644714
2302.5,0.3193841278553009
2302.6000000000004,0.31720539927482605
2302.7000000000003,0.3291628062725067
2302.8,0.3264690935611725
2302.9,0.3284093141555786
2303.0,0.3175519108772278
2303.1000000000004,0.3273092806339264
2303.2000000000003,0.32477468252182007
2303.3,0.31982123851776123
2303.4,0.33113089203834534
2303.5,0.319416344165802
2303.6000000000004,0.31444883346557617
2303.7000000000003,0.31472790241241455
2303.8,0.315674751996994
2303.9,0.32914724946022034
2304.0,0.32195040583610535
2304.1000000000004,0.3111330568790436
2304.2000000000003,0.326271116733551
2304.3,0.32214468717575073
2304.4,0.30798086524009705
2304.5,0.31807059049606323
2304.6000000000004,0.3185548484325409
2304.7000000000003,0.3185056447982788
2304.8,0.3241647183895111
2304.9,0.32755598425865173
2305.0,0.31976211071014404
2305.1000000000004,0.3224693834781647
2305.2000000000003,0.32087084650993347
2305.3,0.3148352801799774
2305.4,0.31534549593925476
2305.5,0.3094789981842041
2305.6000000000004,0.3151545226573944
2305.7000000000003,0.31766557693481445
2305.8,0.32413557171821594
2305.9,0.3178249001502991
2306.0,0.317058265209198
2306.1000000000004,0.31029629707336426
2306.2000000000003,0.3259783089160919
2306.3,0.3131440579891205
2306.4,0.3185024559497833
2306.5,0.30817747116088867
2306.6000000000004,0.3086966872215271
2306.7000000000003,0.3097074329853058
2306.8,0.322062611579895
2306.9,0.30547472834587097
2307.0,0.3129109740257263
2307.1000000000004,0.3243977129459381
2307.2000000000003,0.3077719807624817
2307.3,0.31587567925453186
2307.4,0.31852179765701294
2307.5,0.3179273009300232
2307.6000000000004,0.3130844235420227
2307.7000000000003,0.3170256018638611
2307.8,0.3170034885406494
2307.9,0.3151424825191498
2308.0,0.31897658109664917
2308.1000000000004,0.32110080122947693
2308.2000000000003,0.3163047432899475
2308.3,0.31973761320114136
2308.4,0.3080260455608368
2308.5,0.3021712601184845
2308.6000000000004,0.3150107264518738
2308.7000000000003,0.30915170907974243
2308.8,0.31089943647384644
2308.9,0.31281739473342896
2309.0,0.30533185601234436
2309.1000000000004,0.3106503188610077
2309.2000000000003,0.31835705041885376
2309.3,0.30338484048843384
2309.4,0.31142786145210266
2309.5,0.3115508258342743
2309.6000000000004,0.30651766061782837
2309.7000000000003,0.31108367443084717
2309.8,0.2926347851753235
2309.9,0.3053469955921173
2310.0,0.3004300594329834
2310.1000000000004,0.30741092562675476
2310.2000000000003,0.32212936878204346
2310.3,0.3248269259929657
2310.4,0.33367109298706055
2310.5,0.34592244029045105
2310.6000000000004,0.35308638215065
2310.7000000000003,0.38049012422561646
2310.8,0.3818053901195526
2310.9,0.38957709074020386
2311.0,0.39236223697662354
2311.1000000000004,0.39440348744392395
2311.2000000000003,0.3926195204257965
2311.3,0.3946544826030731
2311.4,0.37650665640830994
2311.5,0.3724217712879181
2311.6000000000004,0.36076030135154724
2311.7000000000003,0.35573676228523254
2311.8,0.3521091043949127
2311.9,0.34545958042144775
2312.0,0.3318423628807068
2312.1000000000004,0.3420279622077942
2312.2000000000003,0.34088245034217834
2312.3,0.3389917314052582
2312.4,0.3336066007614136
2312.5,0.3351978361606598
2312.6000000000004,0.33884719014167786
2312.7000000000003,0.33336517214775085
2312.8,0.3283713459968567
2312.9,0.3293142318725586
2313.0,0.33255624771118164
2313.1000000000004,0.32966169714927673
2313.2000000000003,0.335624098777771
2313.3,0.3273203372955322
2313.4,0.33065155148506165
2313.5,0.3250317871570587
2313.6000000000004,0.33076730370521545
2313.7000000000003,0.33311358094215393
2313.8,0.32559776306152344
2313.9,0.32221171259880066
2314.0,0.3283361792564392
2314.1000000000004,0.3335876166820526
2314.2000000000003,0.328004390001297
2314.3,0.31800559163093567
2314.4,0.32734063267707825
2314.5,0.3186063766479492
2314.6000000000004,0.3155929744243622
2314.7000000000003,0.32168442010879517
2314.8,0.3246191442012787
2314.9,0.3297099173069
2315.0,0.3277440369129181
2315.1000000000004,0.330848753452301
2315.2000000000003,0.33136215806007385
2315.3,0.32298749685287476
2315.4,0.31445977091789246
2315.5,0.32642894983291626
2315.6000000000004,0.31843334436416626
2315.7000000000003,0.3234670162200928
2315.8,0.3232729136943817
2315.9,0.31874167919158936
2316.0,0.30821675062179565
2316.1000000000004,0.3262118697166443
2316.2000000000003,0.3261311650276184
2316.3,0.321399450302124
2316.4,0.32675206661224365
2316.5,0.3254129886627197
2316.6000000000004,0.32623183727264404
2316.7000000000003,0.32187384366989136
2316.8,0.31508922576904297
2316.9,0.3219328224658966
2317.0,0.31739476323127747
2317.1000000000004,0.32059046626091003
2317.2000000000003,0.3216817080974579
2317.3,0.316916286945343
2317.4,0.31410443782806396
2317.5,0.3212323486804962
2317.6000000000004,0.32621753215789795
2317.7000000000003,0.3162758946418762
2317.8,0.3150409460067749
2317.9,0.3152454197406769
2318.0,0.3180680274963379
2318.1000000000004,0.3164055645465851
2318.2000000000003,0.3255763351917267
2318.3,0.3137606084346771
2318.4,0.32121923565864563
2318.5,0.32092857360839844
2318.6000000000004,0.30733999609947205
2318.7000000000003,0.30851495265960693
2318.8,0.31481650471687317
2318.9,0.31278127431869507
2319.0,0.31609416007995605
2319.1000000000004,0.31513920426368713
2319.2000000000003,0.3201703131198883
2319.3,0.3101961016654968
2319.4,0.31542500853538513
2319.5,0.3159855604171753
2319.6000000000004,0.3152703642845154
2319.7000000000003,0.31292474269866943
2319.8,0.3056361675262451
2319.9,0.3137494921684265
2320.0,0.3176456093788147
2320.1000000000004,0.3053896427154541
2320.2000000000003,0.3066689372062683
2320.3,0.31200549006462097
2320.4,0.30806565284729004
2320.5,0.30914658308029175
2320.6000000000004,0.30341628193855286
2320.7000000000003,0.31165778636932373
2320.8,0.31366121768951416
2320.9,0.3104745149612427
2321.0,0.30211731791496277
2321.1000000000004,0.31604769825935364
2321.2000000000003,0.3112350404262543
2321.3,0.3083726763725281
2321.4,0.30224931240081787
2321.5,0.29800543189048767
2321.6000000000004,0.30696991086006165
2321.7000000000003,0.30975839495658875
2321.8,0.31478068232536316
2321.9,0.3068186640739441
2322.0,0.3291704058647156
2322.1000000000004,0.3423954248428345
2322.2000000000003,0.3500734269618988
2322.3,0.36608821153640747
2322.4,0.3765913248062134
2322.5,0.3918122947216034
2322.6000000000004,0.390359491109848
2322.7000000000003,0.4035298824310303
2322.8,0.40236806869506836
2322.9,0.4018322825431824
2323.0,0.4009453058242798
2323.1000000000004,0.39430034160614014
2323.2000000000003,0.38229912519454956
2323.3,0.38074174523353577
2323.4,0.37080398201942444
2323.5,0.36762648820877075
2323.6000000000004,0.35988280177116394
2323.7000000000003,0.3619481325149536
2323.8,0.35932913422584534
2323.9,0.35199061036109924
2324.0,0.34948816895484924
2324.1000000000004,0.33940383791923523
2324.2000000000003,0.35225996375083923
2324.3,0.34502747654914856
2324.4,0.35075855255126953
2324.5,0.34833332896232605
2324.6000000000004,0.33516889810562134
2324.7000000000003,0.33769771456718445
2324.8,0.33060765266418457
2324.9,0.34118005633354187
2325.0,0.3295900821685791
2325.1000000000004,0.32492682337760925
2325.2000000000003,0.3326098918914795
2325.3,0.3282177150249481
2325.4,0.3263043463230133
2325.5,0.3265449106693268
2325.6000000000004,0.3197115957736969
2325.7000000000003,0.3346858024597168
2325.8,0.3268401026725769
2325.9,0.33547115325927734
2326.0,0.32223454117774963
2326.1000000000004,0.3255034387111664
2326.2000000000003,0.33205777406692505
2326.3,0.3322299122810364
2326.4,0.32733508944511414
2326.5,0.32886603474617004
2326.6000000000004,0.32996562123298645
2326.7000000000003,0.327976256608963
2326.8,0.3298977017402649
2326.9,0.32519975304603577
2327.0,0.3252442479133606
2327.1000000000004,0.3255755305290222
2327.2000000000003,0.33258235454559326
2327.3,0.33151912689208984
2327.4,0.3235270082950592
2327.5,0.3318063020706177
2327.6000000000004,0.32481521368026733
2327.7000000000003,0.32337963581085205
2327.8,0.32692718505859375
2327.9,0.3330875337123871
2328.0,0.3339568078517914
2328.1000000000004,0.3279014527797699
2328.2000000000003,0.3305988311767578
2328.3,0.33890920877456665
2328.4,0.33429428935050964
2328.5,0.32593363523483276
2328.6000000000004,0.324578195810318
2328.7000000000003,0.3099622428417206
2328.8,0.33135008811950684
2328.9,0.3268257677555084
2329.0,0.33244428038597107
2329.1000000000004,0.3294748365879059
2329.2000000000003,0.3307236433029175
2329.3,0.33462095260620117
2329.4,0.3363169729709625
2329.5,0.32935383915901184
2329.6000000000004,0.3309664726257324
2329.7000000000003,0.3279847204685211
2329.8,0.33090803027153015
2329.9,0.3374914824962616
2330.0,0.32657352089881897
2330.1000000000004,0.333875834941864
2330.2000000000003,0.3250950872898102
2330.3,0.3244170546531677
2330.4,0.32967302203178406
2330.5,0.33036455512046814
2330.6000000000004,0.3239964246749878
2330.7000000000003,0.32805052399635315
2330.8,0.322083055973053
2330.9,0.32941535115242004
2331.0,0.3225366771221161
2331.1000000000004,0.3128192126750946
2331.2000000000003,0.31564852595329285
2331.3,0.3328964412212372
2331.4,0.3321421146392822
2331.5,0.3281722664833069
2331.6000000000004,0.322493314743042
2331.7000000000003,0.3270696699619293
2331.8,0.32589268684387207
2331.9,0.31901928782463074
2332.0,0.3207019567489624
2332.1000000000004,0.3192524015903473
2332.2000000000003,0.3252030611038208
2332.3,0.3273724615573883
2332.4,0.32615309953689575
2332.5,0.3304916024208069
2332.6000000000004,0.32154083251953125
2332.7000000000003,0.32388201355934143
2332.8,0.3257427513599396
2332.9,0.3307396471500397
2333.0,0.32357698678970337
2333.1000000000004,0.3287806808948517
2333.2000000000003,0.3260073661804199
2333.3,0.31797629594802856
2333.4,0.3249613642692566
2333.5,0.3227313756942749
2333.6000000000004,0.3196195363998413
2333.7000000000003,0.32279154658317566
2333.8,0.316041499376297
2333.9,0.32240670919418335
2334.0,0.3243127465248108
2334.1000000000004,0.31713059544563293
2334.2000000000003,0.3244197964668274
2334.3,0.3115304708480835
2334.4,0.31732437014579773
2334.5,0.3203730583190918
2334.6000000000004,0.31785741448402405
2334.7000000000003,0.3180345296859741
2334.8,0.3271328806877136
2334.9,0.31671103835105896
2335.0,0.3190059959888458
2335.1000000000004,0.3143589198589325
2335.2000000000003,0.3199552297592163
2335.3,0.3197074830532074
2335.4,0.3273155093193054
2335.5,0.30721864104270935
2335.6000000000004,0.32147714495658875
2335.7000000000003,0.2979201078414917
2335.8,0.31249892711639404
2335.9,0.3221134841442108
2336.0,0.3223229944705963
2336.1000000000004,0.3175736963748932
2336.2000000000003,0.33255085349082947
2336.3,0.35635173320770264
2336.4,0.3598708212375641
2336.5,0.3802720308303833
2336.6000000000004,0.38692519068717957
2336.7000000000003,0.3916763663291931
2336.8,0.4064755439758301
2336.9,0.39617687463760376
2337.0,0.38221049308776855
2337.1000000000004,0.38913074135780334
2337.2000000000003,0.3825751543045044
2337.3,0.37712225317955017
2337.4,0.36789950728416443
2337.5,0.3604073226451874
2337.6000000000004,0.36068812012672424
2337.7000000000003,0.3482736647129059
2337.8,0.35361915826797485
2337.9,0.3371444046497345
2338.0,0.33923640847206116
2338.1000000000004,0.33883729577064514
2338.2000000000003,0.34007665514945984
2338.3,0.34356316924095154
2338.4,0.33535274863243103
2338.5,0.3390335738658905
2338.6000000000004,0.33681800961494446
2338.7000000000003,0.33005595207214355
2338.8,0.3326350450515747
2338.9,0.3378574252128601
2339.0,0.3273662030696869
2339.1000000000004,0.32765689492225647
2339.2000000000003,0.3253069519996643
2339.3,0.31900525093078613
2339.4,0.3222264349460602
2339.5,0.32681867480278015
2339.6000000000004,0.3196505308151245
2339.7000000000003,0.33077725768089294
2339.8,0.3320629894733429
2339.9,0.3191685676574707
2340.0,0.3264775276184082
2340.1000000000004,0.3358588218688965
2340.2000000000003,0.3202567994594574
2340.3,0.32831311225891113
2340.4,0.33123981952667236
2340.5,0.3266294300556183
2340.6000000000004,0.3179882764816284
2340.7000000000003,0.32621678709983826
2340.8,0.32382482290267944
2340.9,0.31994906067848206
2341.0,0.3262176215648651
2341.1000000000004,0.3307205140590668
2341.2000000000003,0.3312367796897888
2341.3,0.32624754309654236
2341.4,0.31246593594551086
2341.5,0.3179786503314972
2341.6000000000004,0.32927507162094116
2341.7000000000003,0.32199087738990784
2341.8,0.3265811502933502
2341.9,0.3280540406703949
2342.0,0.32751819491386414
2342.1000000000004,0.32385843992233276
2342.2000000000003,0.3318214416503906
2342.3,0.32718369364738464
2342.4,0.32897642254829407
2342.5,0.3210861086845398
2342.6000000000004,0.3315800726413727
2342.7000000000003,0.32435664534568787
2342.8,0.32255008816719055
2342.9,0.32434961199760437
2343.0,0.32232600450515747
2343.1000000000004,0.32873210310935974
2343.2000000000003,0.32501882314682007
2343.3,0.3213013708591461
2343.4,0.32477399706840515
2343.5,0.32118770480155945
2343.6000000000004,0.3215620219707489
2343.7000000000003,0.32474184036254883
2343.8,0.3201228082180023
2343.9,0.3310241103172302
2344.0,0.32485654950141907
2344.1000000000004,0.3222337067127228
2344.2000000000003,0.33019375801086426
2344.3,0.3275687098503113
2344.4,0.32404062151908875
2344.5,0.321470707654953
2344.6000000000004,0.3252696394920349
2344.7000000000003,0.32486680150032043
2344.8,0.3230716288089752
2344.9,0.32120317220687866
2345.0,0.3182634711265564
2345.1000000000004,0.31291842460632324
2345.2000000000003,0.3194519579410553
2345.3,0.32498571276664734
2345.4,0.3195992410182953
2345.5,0.3241492509841919
2345.6000000000004,0.32396361231803894
2345.7000000000003,0.31909337639808655
2345.8,0.3238656520843506
2345.9,0.3236347734928131
2346.0,0.3168944716453552
2346.1000000000004,0.3232818841934204
2346.2000000000003,0.32073959708213806
2346.3,0.31909269094467163
2346.4,0.3218875825405121
2346.5,0.3215263783931732
2346.6000000000004,0.320679634809494
2346.7000000000003,0.3161144554615021
2346.8,0.31304359436035156
2346.9,0.32147058844566345
2347.0,0.3191925883293152
2347.1000000000004,0.321450412273407
2347.2000000000003,0.31583693623542786
2347.3,0.3255150616168976
2347.4,0.3187880516052246
2347.5,0.3134780824184418
2347.6000000000004,0.31349417567253113
2347.7000000000003,0.3173222839832306
2347.8,0.3147449195384979
2347.9,0.3169088363647461
2348.0,0.31544291973114014
2348.1000000000004,0.31533047556877136
2348.2000000000003,0.3152938783168793
2348.3,0.3155616521835327
2348.4,0.31204864382743835
2348.5,0.3090205192565918
2348.6000000000004,0.3138571083545685
2348.7000000000003,0.3087519109249115
2348.8,0.31080707907676697
2348.9,0.30770808458328247
2349.0,0.30372828245162964
2349.1000000000004,0.3184102475643158
2349.2000000000003,0.3104490041732788
2349.3,0.320048987865448
2349.4,0.31197047233581543
2349.5,0.3180466592311859
2349.6000000000004,0.3048763871192932
2349.7000000000003,0.314418762922287
2349.8,0.3067482113838196
2349.9,0.30914735794067383
2350.0,0.31165772676467896
2350.1000000000004,0.30578213930130005
2350.2000000000003,0.31547513604164124
2350.3,0.3121410608291626
2350.4,0.3056100308895111
2350.5,0.3029835522174835
2350.6000000000004,0.3116953670978546
2350.7000000000003,0.301279753446579
2350.8,0.30056753754615784
2350.9,0.30916303396224976
2351.0,0.3042927384376526
2351.1000000000004,0.3127422034740448
2351.2000000000003,0.31126466393470764
2351.3,0.3069123923778534
2351.4,0.311421275138855
2351.5,0.3094334304332733
2351.6000000000004,0.3136844336986542
2351.7000000000003,0.3030395209789276
2351.8,0.2999211847782135
2351.9,0.3110767602920532
2352.0,0.3002678453922272
2352.1000000000004,0.30498814582824707
2352.2000000000003,0.31726977229118347
2352.3,0.3394222855567932
2352.4,0.3294837176799774
2352.5,0.3515128195285797
2352.6000000000004,0.37111037969589233
2352.7000000000003,0.37856367230415344
2352.8,0.3898090720176697
2352.9,0.40082472562789917
2353.0,0.3963576853275299
2353.1000000000004,0.3966207206249237
2353.2000000000003,0.3961964547634125
2353.3,0.3868676424026489
2353.4,0.3668725788593292
2353.5,0.3667650818824768
2353.6000000000004,0.3546861410140991
2353.7000000000003,0.3377859592437744
2353.8,0.3558216691017151
2353.9,0.3448318541049957
2354.0,0.3500538170337677
2354.1000000000004,0.3414019048213959
2354.2000000000003,0.3516993820667267
2354.3,0.34519580006599426
2354.4,0.33851131796836853
2354.5,0.3383239507675171
2354.6000000000004,0.34322282671928406
2354.7000000000003,0.33410409092903137
2354.8,0.3412160575389862
2354.9,0.3372011184692383
2355.0,0.3305802345275879
2355.1000000000004,0.3215750753879547
2355.2000000000003,0.3270907402038574
2355.3,0.32561928033828735
2355.4,0.3234291672706604
2355.5,0.3325570523738861
2355.6000000000004,0.3277304172515869
2355.7000000000003,0.3225041925907135
2355.8,0.3300532102584839
2355.9,0.3164134621620178
2356.0,0.32786980271339417
2356.1000000000004,0.33490005135536194
2356.2000000000003,0.3192744255065918
2356.3,0.32853925228118896
2356.4,0.3307205140590668
2356.5,0.3227691054344177
2356.6000000000004,0.3221532702445984
2356.7000000000003,0.3239671289920807
2356.8,0.3249414265155792
2356.9,0.32634034752845764
2357.0,0.3249461054801941
2357.1000000000004,0.32392174005508423
2357.2000000000003,0.32496917247772217
2357.3,0.3253270387649536
2357.4,0.32340696454048157
2357.5,0.3229047656059265
2357.6000000000004,0.3270246386528015
2357.7000000000003,0.3241769075393677
2357.8,0.3296639621257782
2357.9,0.32067376375198364
2358.0,0.3197762668132782
2358.1000000000004,0.3175346851348877
2358.2000000000003,0.3242494463920593
2358.3,0.3233034312725067
2358.4,0.3217908442020416
2358.5,0.3231324851512909
2358.6000000000004,0.32332196831703186
2358.7000000000003,0.311805784702301
2358.8,0.32405585050582886
2358.9,0.3248691260814667
2359.0,0.32570141553878784
2359.1000000000004,0.3319747745990753
2359.2000000000003,0.31431928277015686
2359.3,0.323038786649704
2359.4,0.3158806264400482
2359.5,0.32084792852401733
2359.6000000000004,0.326338529586792
2359.7000000000003,0.3266773819923401
2359.8,0.3213931620121002
2359.9,0.3195379376411438
2360.0,0.31818458437919617
2360.1000000000004,0.3260677754878998
2360.2000000000003,0.32394057512283325
2360.3,0.3132767677307129
2360.4,0.31024783849716187
2360.5,0.30810484290122986
2360.6000000000004,0.3232274651527405
2360.7000000000003,0.31588706374168396
2360.8,0.3183208703994751
2360.9,0.30712419748306274
2361.0,0.31879207491874695
2361.1000000000004,0.315877765417099
2361.2000000000003,0.3182174265384674
2361.3,0.3074548840522766
2361.4,0.3193279802799225
2361.5,0.3108330965042114
2361.6000000000004,0.3163641691207886
2361.7000000000003,0.3108774423599243
2361.8,0.30214568972587585
2361.9,0.3147190809249878
2362.0,0.31635138392448425
2362.1000000000004,0.32033589482307434
2362.2000000000003,0.3132604658603668
2362.3,0.3165980279445648
2362.4,0.3112812936306
2362.5,0.31040751934051514
2362.6000000000004,0.2936773896217346
2362.7000000000003,0.31311336159706116
2362.8,0.30780908465385437
2362.9,0.3040980100631714
2363.0,0.3270781636238098
2363.1000000000004,0.33873671293258667
2363.2000000000003,0.33838242292404175
2363.3,0.36259910464286804
2363.4,0.3690234124660492
2363.5,0.3819124400615692
2363.6000000000004,0.39283430576324463
2363.7000000000003,0.39581599831581116
2363.8,0.3893642723560333
2363.9,0.4026299715042114
2364.0,0.39010950922966003
2364.1000000000004,0.37757444381713867
2364.2000000000003,0.38295063376426697
2364.3,0.37202656269073486
2364.4,0.36229005455970764
2364.5,0.35964223742485046
2364.6000000000004,0.3560445010662079
2364.7000000000003,0.35427114367485046
2364.8,0.3534368872642517
2364.9,0.34046196937561035
2365.0,0.3509478271007538
2365.1000000000004,0.33471521735191345
2365.2000000000003,0.32226359844207764
2365.3,0.33771562576293945
2365.4,0.3433048129081726
2365.5,0.32966092228889465
2365.6000000000004,0.3426293730735779
2365.7000000000003,0.33073028922080994
2365.8,0.3284335136413574
2365.9,0.32706400752067566
2366.0,0.32639768719673157
2366.1000000000004,0.3263547420501709
2366.2000000000003,0.3241242468357086
2366.3,0.3267183005809784
2366.4,0.32862111926078796
2366.5,0.3341969847679138
2366.6000000000004,0.329408198595047
2366.7000000000003,0.3300669491291046
2366.8,0.3140857517719269
2366.9,0.31806817650794983
2367.0,0.33272093534469604
2367.1000000000004,0.32922470569610596
2367.2000000000003,0.3313114643096924
2367.3,0.3249344229698181
2367.4,0.32937952876091003
2367.5,0.32112574577331543
2367.6000000000004,0.3289456069469452
2367.7000000000003,0.32271355390548706
2367.8,0.3290271759033203
2367.9,0.3131181299686432
2368.0,0.3321925699710846
2368.1000000000004,0.33221235871315
2368.2000000000003,0.33067676424980164
2368.3,0.3308493196964264
2368.4,0.3388369679450989
2368.5,0.32719653844833374
2368.6000000000004,0.3229871392250061
2368.7000000000003,0.3186633288860321
2368.8,0.331266850233078
2368.9,0.3201877772808075
2369.0,0.3332906663417816
2369.1000000000004,0.3284872770309448
2369.2000000000003,0.33081692457199097
2369.3,0.32828614115715027
2369.4,0.3326093554496765
2369.5,0.3227315843105316
2369.6000000000004,0.32231858372688293
2369.7000000000003,0.32992497086524963
2369.8,0.32823917269706726
2369.9,0.3240482807159424
2370.0,0.32335272431373596
2370.1000000000004,0.32509762048721313
2370.2000000000003,0.33425024151802063
2370.3,0.3255506455898285
2370.4,0.3307165801525116
2370.5,0.3295459449291229
2370.6000000000004,0.3338269889354706
2370.7000000000003,0.32402583956718445
2370.8,0.32923606038093567
2370.9,0.32462963461875916
2371.0,0.32264575362205505
2371.1000000000004,0.3330785632133484
2371.2000000000003,0.32928913831710815
2371.3,0.3092137575149536
2371.4,0.32510483264923096
2371.5,0.32839614152908325
2371.6000000000004,0.3175959885120392
2371.7000000000003,0.3232384920120239
2371.8,0.32529813051223755
2371.9,0.3191417455673218
2372.0,0.3203882575035095
2372.1000000000004,0.3181707561016083
2372.2000000000003,0.3219349980354309
2372.3,0.3196254074573517
2372.4,0.3220807611942291
2372.5,0.32194578647613525
2372.6000000000004,0.3186272084712982
2372.7000000000003,0.3229979872703552
2372.8,0.3176042139530182
2372.9,0.3210301697254181
2373.0,0.3141924738883972
2373.1000000000004,0.3220958113670349
2373.2000000000003,0.32449275255203247
2373.3,0.3216002285480499
2373.4,0.324325829744339
2373.5,0.32244130969047546
2373.6000000000004,0.32440927624702454
2373.7000000000003,0.30947640538215637
2373.8,0.32429924607276917
2373.9,0.32246753573417664
2374.0,0.32513320446014404
2374.1000000000004,0.3125663101673126
2374.2000000000003,0.31798213720321655
2374.3,0.32320913672447205
2374.4,0.3188212215900421
2374.5,0.31725814938545227
2374.6000000000004,0.3172854781150818
2374.7000000000003,0.31410691142082214
2374.8,0.3192417025566101
2374.9,0.3203023374080658
2375.0,0.31774643063545227
2375.1000000000004,0.3145797550678253
2375.2000000000003,0.3201199769973755
2375.3,0.31586509943008423
2375.4,0.3116888701915741
2375.5,0.3190428912639618
2375.6000000000004,0.319841206073761
2375.7000000000003,0.31105005741119385
2375.8,0.3210010230541229
2375.9,0.3195042610168457
2376.0,0.3161698877811432
2376.1000000000004,0.31518757343292236
2376.2000000000003,0.31711456179618835
2376.3,0.31605809926986694
2376.4,0.3102901577949524
2376.5,0.31177619099617004
2376.6000000000004,0.3109095096588135
2376.7000000000003,0.3137817084789276
2376.8,0.30030810832977295
2376.9,0.30937883257865906
2377.0,0.3115849494934082
2377.1000000000004,0.31398826837539673
2377.2000000000003,0.29720181226730347
2377.3,0.29994112253189087
2377.4,0.31556016206741333
2377.5,0.3163665235042572
2377.6000000000004,0.32841044664382935
2377.7000000000003,0.3313843011856079
2377.8,0.3468494415283203
2377.9,0.3459473252296448
2378.0,0.36078816652297974
2378.1000000000004,0.3711678385734558
2378.2000000000003,0.3955073058605194
2378.3,0.39670035243034363
2378.4,0.3986462950706482
2378.5,0.39663276076316833
2378.6000000000004,0.38354477286338806
2378.7000000000003,0.39479491114616394
2378.8,0.38767769932746887
2378.9,0.38492581248283386
2379.0,0.3754831552505493
2379.1000000000004,0.3595944941043854
2379.2000000000003,0.36277297139167786
2379.3,0.36294087767601013
2379.4,0.35949820280075073
2379.5,0.35486432909965515
2379.6000000000004,0.3416350185871124
2379.7000000000003,0.3471483588218689
2379.8,0.34535351395606995
2379.9,0.3375260829925537
2380.0,0.34172719717025757
2380.1000000000004,0.34430375695228577
2380.2000000000003,0.3355131149291992
2380.3,0.3441486060619354
2380.4,0.3441821038722992
2380.5,0.3258447051048279
2380.6000000000004,0.3428925573825836
2380.7000000000003,0.33012786507606506
2380.8,0.32631048560142517
2380.9,0.3237811028957367
2381.0,0.32408687472343445
2381.1000000000004,0.3280932605266571
2381.2000000000003,0.327218621969223
2381.3,0.32625070214271545
2381.4,0.3177425265312195
2381.5,0.3225150406360626
2381.6000000000004,0.3296160399913788
2381.7000000000003,0.32804498076438904
2381.8,0.3298330008983612
2381.9,0.33322203159332275
2382.0,0.3294806480407715
2382.1000000000004,0.3329851031303406
2382.2000000000003,0.3325170576572418
2382.3,0.32876157760620117
2382.4,0.31432485580444336
2382.5,0.3264278769493103
2382.6000000000004,0.32599616050720215
2382.7000000000003,0.3236205577850342
2382.8,0.33445852994918823
2382.9,0.3245241343975067
2383.0,0.3250841498374939
2383.1000000000004,0.32518160343170166
2383.2000000000003,0.31954437494277954
2383.3,0.32802167534828186
2383.4,0.32289090752601624
2383.5,0.33283156156539917
2383.6000000000004,0.3253425061702728
2383.7000000000003,0.3199094235897064
2383.8,0.32680970430374146
2383.9,0.3207171559333801
2384.0,0.3211662173271179
2384.1000000000004,0.33224889636039734
2384.2000000000003,0.33520546555519104
2384.3,0.3241007924079895
2384.4,0.3264305591583252
2384.5,0.3277646601200104
2384.6000000000004,0.31938406825065613
2384.7000000000003,0.32577240467071533
2384.8,0.32624176144599915
2384.9,0.3251042068004608
2385.0,0.3245695233345032
2385.1000000000004,0.3288770020008087
2385.2000000000003,0.32445985078811646
2385.3,0.3199456036090851
2385.4,0.3252452611923218
2385.5,0.32279515266418457
2385.6000000000004,0.31729692220687866
2385.7000000000003,0.32068848609924316
2385.8,0.33306148648262024
2385.9,0.32242196798324585
2386.0,0.3266529440879822
2386.1000000000004,0.3251364529132843
2386.2000000000003,0.32315734028816223
2386.3,0.32638049125671387
2386.4,0.3243173062801361
2386.5,0.33128848671913147
2386.6000000000004,0.3194725513458252
2386.7000000000003,0.314750611782074
2386.8,0.32138559222221375
2386.9,0.3057921826839447
2387.0,0.32968032360076904
2387.1000000000004,0.3204779326915741
2387.2000000000003,0.3281993567943573
2387.3,0.3150813579559326
2387.4,0.3233400285243988
2387.5,0.318037211894989
2387.6000000000004,0.317800372838974
2387.7000000000003,0.31111857295036316
2387.8,0.3176558017730713
2387.9,0.32478731870651245
2388.0,0.323642373085022
2388.1000000000004,0.32098445296287537
2388.2000000000003,0.316091388463974
2388.3,0.3296036124229431
2388.4,0.3121465742588043
2388.5,0.30679306387901306
2388.6000000000004,0.3233524560928345
2388.7000000000003,0.3141344487667084
2388.8,0.31610751152038574
2388.9,0.3085002601146698
2389.0,0.32104185223579407
2389.1000000000004,0.3161779046058655
2389.2000000000003,0.307970255613327
2389.3,0.31622186303138733
2389.4,0.3196428418159485
2389.5,0.321075975894928
2389.6000000000004,0.3224066197872162
2389.7000000000003,0.3231343924999237
2389.8,0.3259488046169281
2389.9,0.3171420991420746
2390.0,0.32028302550315857
2390.1000000000004,0.3101269602775574
2390.2000000000003,0.3196682333946228
2390.3,0.3077832758426666
2390.4,0.30804795026779175
2390.5,0.31695660948753357
2390.6000000000004,0.31734710931777954
2390.7000000000003,0.314419686794281
2390.8,0.318997323513031
2390.9,0.31174641847610474
2391.0,0.308444619178772
2391.1000000000004,0.31813791394233704
2391.2000000000003,0.3108435273170471
2391.3,0.3137761652469635
2391.4,0.3089730143547058
2391.5,0.3214934468269348
2391.6000000000004,0.31384652853012085
2391.7000000000003,0.301502525806427
2391.8,0.31339529156684875
2391.9,0.3109009861946106
2392.0,0.3085750639438629
2392.1000000000004,0.3093557059764862
2392.2000000000003,0.29997432231903076
2392.3,0.3161831200122833
2392.4,0.2906825840473175
2392.5,0.31401604413986206
2392.6000000000004,0.3135765492916107
2392.7000000000003,0.33173736929893494
2392.8,0.35453546047210693
2392.9,0.37043145298957825
2393.0,0.3671853244304657
2393.1000000000004,0.39354613423347473
2393.2000000000003,0.3836778998374939
2393.3,0.3997472822666168
2393.4,0.39352527260780334
2393.5,0.3944926857948303
2393.6000000000004,0.38431668281555176
2393.7000000000003,0.38239845633506775
2393.8,0.3687386214733124
2393.9,0.3615258038043976
2394.0,0.36693376302719116
2394.1000000000004,0.3572981655597687
2394.2000000000003,0.34775006771087646
2394.3,0.3516184091567993
2394.4,0.3461606800556183
2394.5,0.3441852629184723
2394.6000000000004,0.33846959471702576
2394.7000000000003,0.33995145559310913
2394.8,0.3302592933177948
2394.9,0.34521543979644775
2395.0,0.33669817447662354
2395.1000000000004,0.3269708454608917
2395.2000000000003,0.32796669006347656
2395.3,0.33708032965660095
2395.4,0.3349582850933075
2395.5,0.32052886486053467
2395.6000000000004,0.3181723654270172
2395.7000000000003,0.32618334889411926
2395.8,0.32464468479156494
2395.9,0.32903051376342773
2396.0,0.31256651878356934
2396.1000000000004,0.32695186138153076
2396.2000000000003,0.32853126525878906
2396.3,0.3299846053123474
2396.4,0.32575902342796326
2396.5,0.33426716923713684
2396.6000000000004,0.3309282660484314
2396.7000000000003,0.32492727041244507
2396.8,0.3211623430252075
2396.9,0.31495600938796997
2397.0,0.33018991351127625
2397.1000000000004,0.3126271963119507
2397.2000000000003,0.325520783662796
2397.3,0.32587093114852905
2397.4,0.32717588543891907
2397.5,0.3298299014568329
2397.6000000000004,0.3187084197998047
2397.7000000000003,0.32864782214164734
2397.8,0.327403724193573
2397.9,0.3258935213088989
2398.0,0.32439038157463074
2398.1000000000004,0.3161087930202484
2398.2000000000003,0.3256954550743103
2398.3,0.3323219418525696
2398.4,0.32551485300064087
2398.5,0.32688838243484497
2398.6000000000004,0.3288062512874603
2398.7000000000003,0.3243749439716339
2398.8,0.32113468647003174
2398.9,0.3261890411376953
2399.0,0.30944952368736267
2399.1000000000004,0.3257237672805786
2399.2000000000003,0.3110692799091339
2399.3,0.31691974401474
2399.4,0.32232940196990967
2399.5,0.32041364908218384
2399.6000000000004,0.3235109746456146
2399.7000000000003,0.3313141167163849
2399.8,0.3294534385204315
2399.9,0.3160278797149658
2400.0,0.3214211165904999
2400.1000000000004,0.3267571032047272
2400.2000000000003,0.31685295701026917
2400.3,0.321750283241272
2400.4,0.31575849652290344
2400.5,0.31999263167381287
2400.6000000000004,0.3153282105922699
2400.7000000000003,0.32276085019111633
2400.8,0.31167200207710266
2400.9,0.32444149255752563
2401.0,0.3121262490749359
2401.1000000000004,0.32040899991989136
2401.2000000000003,0.32483866810798645
2401.3,0.31702059507369995
2401.4,0.31642448902130127
2401.5,0.3186436593532562
2401.6000000000004,0.3128463327884674
2401.7000000000003,0.3127121329307556
2401.8,0.31874215602874756
2401.9,0.3150646686553955
2402.0,0.31598684191703796
2402.1000000000004,0.31915614008903503
2402.2000000000003,0.32005271315574646
2402.3,0.322314977645874
2402.4,0.307979553937912
2402.5,0.31839150190353394
2402.6000000000004,0.3165905177593231
2402.7000000000003,0.30869463086128235
2402.8,0.31770217418670654
2402.9,0.31931257247924805
2403.0,0.30892831087112427
2403.1000000000004,0.30758482217788696
2403.2000000000003,0.3108106851577759
2403.3,0.31086069345474243
2403.4,0.31421205401420593
2403.5,0.314260870218277
2403.6000000000004,0.3235650360584259
2403.7000000000003,0.31393495202064514
2403.8,0.3171665668487549
2403.9,0.30933666229248047
2404.0,0.3110255002975464
2404.1000000000004,0.31298184394836426
2404.2000000000003,0.31024399399757385
2404.3,0.3040829300880432
2404.4,0.30517852306365967
2404.5,0.3123740553855896
2404.6000000000004,0.3149326741695404
2404.7000000000003,0.3149392902851105
2404.8,0.31138408184051514
2404.9,0.30068445205688477
2405.0,0.30359891057014465
2405.1000000000004,0.31110870838165283
2405.2000000000003,0.2946992516517639
2405.3,0.3116985857486725
2405.4,0.3039734959602356
2405.5,0.30154961347579956
2405.6000000000004,0.31281837821006775
2405.7000000000003,0.3211418390274048
2405.8,0.3472442626953125
2405.9,0.36541813611984253
2406.0,0.3709016740322113
2406.1000000000004,0.37829676270484924
2406.2000000000003,0.38178202509880066
2406.3,0.39297977089881897
2406.4,0.400778591632843
2406.5,0.39777955412864685
2406.6000000000004,0.38787755370140076
2406.7000000000003,0.38656094670295715
2406.8,0.3807191550731659
2406.9,0.378844678401947
2407.0,0.3743883967399597
2407.1000000000004,0.3590899109840393
2407.2000000000003,0.36321941018104553
2407.3,0.35086116194725037
2407.4,0.34646016359329224
2407.5,0.3410302400588989
2407.6000000000004,0.3516024947166443
2407.7000000000003,0.34115275740623474
2407.8,0.34610608220100403
2407.9,0.3245398998260498
2408.0,0.33321478962898254
2408.1000000000004,0.3292697072029114
2408.2000000000003,0.3373786211013794
2408.3,0.33264756202697754
2408.4,0.33337581157684326
2408.5,0.33756813406944275
2408.6000000000004,0.32242700457572937
2408.7000000000003,0.3342027962207794
2408.8,0.3258449137210846
2408.9,0.3165164887905121
2409.0,0.32840675115585327
2409.1000000000004,0.33228790760040283
2409.2000000000003,0.3280751705169678
2409.3,0.326894611120224
2409.4,0.3327409625053406
2409.5,0.3301251530647278
2409.6000000000004,0.3272706866264343
2409.7000000000003,0.33367350697517395
2409.8,0.33539918065071106
2409.9,0.32335254549980164
2410.0,0.33153799176216125
2410.1000000000004,0.31582167744636536
2410.2000000000003,0.3268834352493286
2410.3,0.32752981781959534
2410.4,0.32878559827804565
2410.5,0.3265502154827118
2410.6000000000004,0.3299243152141571
2410.7000000000003,0.31556612253189087
2410.8,0.3253592848777771
2410.9,0.3254377841949463
2411.0,0.3259772062301636
2411.1000000000004,0.3319399952888489
2411.2000000000003,0.3166257441043854
2411.3,0.3100990355014801
2411.4,0.3213595449924469
2411.5,0.32573843002319336
2411.6000000000004,0.3251129984855652
2411.7000000000003,0.32893016934394836
2411.8,0.32793667912483215
2411.9,0.3296871781349182
2412.0,0.32558712363243103
2412.1000000000004,0.3188638985157013
2412.2000000000003,0.32049301266670227
2412.3,0.3255070447921753
2412.4,0.324781596660614
2412.5,0.32355090975761414
2412.6000000000004,0.32151520252227783
2412.7000000000003,0.3240051567554474
2412.8,0.322240948677063
2412.9,0.3207024037837982
2413.0,0.3274660110473633
2413.1000000000004,0.3243616223335266
2413.2000000000003,0.3261522054672241
2413.3,0.3178664743900299
2413.4,0.3235940933227539
2413.5,0.3134288489818573
2413.6000000000004,0.309248685836792
2413.7000000000003,0.3165159821510315
2413.8,0.3166455924510956
2413.9,0.3125554621219635
2414.0,0.30650943517684937
2414.1000000000004,0.3215869069099426
2414.2000000000003,0.3145063817501068
2414.3,0.32088643312454224
2414.4,0.3178355395793915
2414.5,0.3233230412006378
2414.6000000000004,0.30904167890548706
2414.7000000000003,0.31533515453338623
2414.8,0.314847856760025
2414.9,0.31500446796417236
2415.0,0.3212720453739166
2415.1000000000004,0.3170541524887085
2415.2000000000003,0.31497037410736084
2415.3,0.3121815323829651
2415.4,0.31646114587783813
2415.5,0.31905514001846313
2415.6000000000004,0.31590956449508667
2415.7000000000003,0.3234612047672272
2415.8,0.3056337237358093
2415.9,0.3141656517982483
2416.0,0.3042152523994446
2416.1000000000004,0.3177622854709625
2416.2000000000003,0.3172812759876251
2416.3,0.31458497047424316
2416.4,0.3170185089111328
2416.5,0.3000554144382477
2416.6000000000004,0.3114452660083771
2416.7000000000003,0.31364840269088745
2416.8,0.3109002411365509
2416.9,0.3134748339653015
2417.0,0.3028988540172577
2417.1000000000004,0.31382399797439575
2417.2000000000003,0.305942565202713
2417.3,0.31373926997184753
2417.4,0.3155348300933838
2417.5,0.30403459072113037
2417.6000000000004,0.3046500086784363
2417.7000000000003,0.30513912439346313
2417.8,0.3112264573574066
2417.9,0.31374073028564453
2418.0,0.30286258459091187
2418.1000000000004,0.31166818737983704
2418.2000000000003,0.3036074638366699
2418.3,0.3007863163948059
2418.4,0.3109360337257385
2418.5,0.3026511073112488
2418.6000000000004,0.31068816781044006
2418.7000000000003,0.3079349100589752
2418.8,0.31313708424568176
2418.9,0.3051113784313202
2419.0,0.31125345826148987
2419.1000000000004,0.3101915121078491
2419.2000000000003,0.30544739961624146
2419.3,0.30715978145599365
2419.4,0.3009784519672394
2419.5,0.31149402260780334
2419.6000000000004,0.300874799489975
2419.7000000000003,0.300554096698761
2419.8,0.3091360330581665
2419.9,0.30339279770851135
2420.0,0.3022978901863098
2420.1000000000004,0.3073153495788574
2420.2000000000003,0.30812308192253113
2420.3,0.3064652979373932
2420.4,0.2897774577140808
2420.5,0.3091018795967102
2420.6000000000004,0.30358096957206726
2420.7000000000003,0.3001653254032135
2420.8,0.3139295279979706
2420.9,0.32729271054267883
2421.0,0.3300270736217499
2421.1000000000004,0.3433450162410736
2421.2000000000003,0.3559894859790802
2421.3,0.37624427676200867
2421.4,0.3761989176273346
2421.5,0.39097803831100464
2421.6000000000004,0.3828642964363098
2421.7000000000003,0.3854595124721527
2421.8,0.38721349835395813
2421.9,0.38435208797454834
2422.0,0.3766801655292511
2422.1000000000004,0.36804065108299255
2422.2000000000003,0.3560958504676819
2422.3,0.3485427498817444
2422.4,0.3612768352031708
2422.5,0.35496246814727783
2422.6000000000004,0.35304415225982666
2422.7000000000003,0.34564128518104553
2422.8,0.34204432368278503
2422.9,0.3393391966819763
2423.0,0.34282511472702026
2423.1000000000004,0.34327584505081177
2423.2000000000003,0.3327554166316986
2423.3,0.33736324310302734
2423.4,0.33403387665748596
2423.5,0.3377639651298523
2423.6000000000004,0.3161427974700928
2423.7000000000003,0.3270673155784607
2423.8,0.3333885669708252
2423.9,0.32740652561187744
2424.0,0.3316420614719391
2424.1000000000004,0.3216361403465271
2424.2000000000003,0.32772141695022583
2424.3,0.330882728099823
2424.4,0.32469162344932556
2424.5,0.33352363109588623
2424.6000000000004,0.3308684527873993
2424.7000000000003,0.3279825448989868
2424.8,0.32058417797088623
2424.9,0.32070282101631165
2425.0,0.32343006134033203
2425.1000000000004,0.31912702322006226
2425.2000000000003,0.32451605796813965
2425.3,0.3191055357456207
2425.4,0.33050864934921265
2425.5,0.326275497674942
2425.6000000000004,0.32906660437583923
2425.7000000000003,0.3293920159339905
2425.8,0.33069199323654175
2425.9,0.3210042119026184
2426.0,0.32945752143859863
2426.1000000000004,0.3247051537036896
2426.2000000000003,0.3267706632614136
2426.3,0.32596418261528015
2426.4,0.32638755440711975
2426.5,0.316549152135849
2426.6000000000004,0.3302657902240753
2426.7000000000003,0.3256959915161133
2426.8,0.3168388605117798
2426.9,0.3235568404197693
