[INFO] [launch]: All log files can be found below /home/abc/.ros/log/2026-10-08-02-11-52-133112-123-235565
[INFO] [launch]: Default logging verbosity is set to INFO
[INFO] [robot_state_publisher-1]: process started with pid [235574]
[INFO] [gzserver-2]: process started with pid [235578]
[robot_state_publisher-1] [WARN] [1791396712.264846992] [kdl_parser]: The root link base_footprint has an inertia specified in the URDF, but KDL does not support a root link with an inertia.  As a workaround, you can add an extra dummy link to your URDF.
[robot_state_publisher-1] [INFO] [1791396712.264900573] [robot_state_publisher]: got segment base_footprint
[robot_state_publisher-1] [INFO] [1791396712.264937798] [robot_state_publisher]: got segment base_link
[robot_state_publisher-1] [INFO] [1791396712.264941134] [robot_state_publisher]: got segment camera_Link
[robot_state_publisher-1] [INFO] [1791396712.264943684] [robot_state_publisher]: got segment deco_cover_Link
[robot_state_publisher-1] [INFO] [1791396712.264946919] [robot_state_publisher]: got segment left_front_wheel_Link
[robot_state_publisher-1] [INFO] [1791396712.264949503] [robot_state_publisher]: got segment left_rear_wheel_Link
[robot_state_publisher-1] [INFO] [1791396712.264951813] [robot_state_publisher]: got segment lidar_Link
[robot_state_publisher-1] [INFO] [1791396712.264954156] [robot_state_publisher]: got segment right_front_wheel_Link
[robot_state_publisher-1] [INFO] [1791396712.264956441] [robot_state_publisher]: got segment right_rear_wheel_Link
[gzserver-2] Gazebo multi-robot simulator, version 11.10.2
[gzserver-2] Copyright (C) 2012 Open Source Robotics Foundation.
[gzserver-2] Released under the Apache 2 License.
[gzserver-2] http://gazebosim.org
[gzserver-2] 
[gzserver-2] [1;33m[Wrn] [gazebo_ros_init.cpp:178] [0m[1;33m
[gzserver-2] #     # ####### ####### ###  #####  #######
[gzserver-2] ##    # #     #    #     #  #     # #
[gzserver-2] # #   # #     #    #     #  #       #
[gzserver-2] #  #  # #     #    #     #  #       #####
[gzserver-2] #   # # #     #    #     #  #       #
[gzserver-2] #    ## #     #    #     #  #     # #
[gzserver-2] #     # #######    #    ###  #####  #######
[gzserver-2] 
[gzserver-2] This version of Gazebo, now called Gazebo classic, reaches end-of-life
[gzserver-2] in January 2025. Users are highly encouraged to migrate to the new Gazebo
[gzserver-2] using our migration guides (https://gazebosim.org/docs/latest/gazebo_classic_migration?utm_source=gazebo_ros_pkgs&utm_medium=cli)
[gzserver-2] 
[gzserver-2] [0m[1;33m
[INFO] [spawn_entity.py-3]: process started with pid [236144]
[spawn_entity.py-3] [INFO] [1791396715.599004075] [spawn_entity]: Spawn Entity started
[spawn_entity.py-3] [INFO] [1791396715.599289467] [spawn_entity]: Loading entity published on topic robot_description
[spawn_entity.py-3] [INFO] [1791396715.600325637] [spawn_entity]: Waiting for entity xml on robot_description
[spawn_entity.py-3] [INFO] [1791396715.610964203] [spawn_entity]: Waiting for service /spawn_entity, timeout = 30
[spawn_entity.py-3] [INFO] [1791396715.611123856] [spawn_entity]: Waiting for service /spawn_entity
[spawn_entity.py-3] [INFO] [1791396715.612819681] [spawn_entity]: Calling service /spawn_entity
[spawn_entity.py-3] [INFO] [1791396715.912250212] [spawn_entity]: Spawn status: SpawnEntity: Successfully spawned entity [auto_mower]
[gzserver-2] [1;32m[Msg] [0m[1;32mWaiting for master.[0m[1;32m
[gzserver-2] [0m[1;32m[0m[1;32m[0m[1;32m[Msg] [0m[1;32mConnected to gazebo master @ [0m[1;32mhttp://127.0.0.1:11490[0m[1;32m
[gzserver-2] [0m[1;32m[0m[1;32m[0m[1;32m[Msg] [0m[1;32mPublicized address: [0m[1;32m192.168.177.7[0m[1;32m
[gzserver-2] [0m[1;32m[0m[1;32m[0m[1;32m[Msg] [0m[1;32mLoading world file [[0m[1;32m/home/abc/auto_mower_nav_backup_4-11（复件）/论文输出/实验/scripts/worlds/lawn_world_rtf2.world[0m[1;32m][0m[1;32m
[gzserver-2] [0m[1;33m[0m[1;33m[0m[1;33m[Wrn] [Event.cc:61] [0m[1;33mWarning: Deleting a connection right after creation. [0m[1;33mMake sure to save the ConnectionPtr from a Connect call
[INFO] [spawn_entity.py-3]: process has finished cleanly [pid 236144]
[gzserver-2] [0m[INFO] [1791396716.047779800] [camera_controller]: Publishing camera info to [/camera/camera_info]
[gzserver-2] [1;33m[Wrn] [Visual.cc:1056] [0m[1;33mUnable to get Material[[0m[1;33mGazebo/Brown[0m[1;33m] for Geometry[[0m[1;33mdog::link::body_visual[0m[1;33m. Object will appear white
[gzserver-2] [0m[1;33m[Wrn] [Visual.cc:1056] [0m[1;33mUnable to get Material[[0m[1;33mGazebo/Brown[0m[1;33m] for Geometry[[0m[1;33mdog::link::body_visual[0m[1;33m. Object will appear white
[gzserver-2] [0m[1;33m[Wrn] [Visual.cc:1056] [0m[1;33mUnable to get Material[[0m[1;33mGazebo/Brown[0m[1;33m] for Geometry[[0m[1;33mdog::link::head_visual[0m[1;33m. Object will appear white
[gzserver-2] [0m[1;33m[Wrn] [Visual.cc:1056] [0m[1;33mUnable to get Material[[0m[1;33mGazebo/Brown[0m[1;33m] for Geometry[[0m[1;33mdog::link::head_visual[0m[1;33m. Object will appear white
[gzserver-2] [0m[1;33m[Wrn] [Visual.cc:1056] [0m[1;33mUnable to get Material[[0m[1;33mGazebo/Brown[0m[1;33m] for Geometry[[0m[1;33mdog::link::leg1_visual[0m[1;33m. Object will appear white
[gzserver-2] [0m[1;33m[Wrn] [Visual.cc:1056] [0m[1;33mUnable to get Material[[0m[1;33mGazebo/Brown[0m[1;33m] for Geometry[[0m[1;33mdog::link::leg1_visual[0m[1;33m. Object will appear white
[gzserver-2] [0m[1;33m[Wrn] [Visual.cc:1056] [0m[1;33mUnable to get Material[[0m[1;33mGazebo/Brown[0m[1;33m] for Geometry[[0m[1;33mdog::link::leg2_visual[0m[1;33m. Object will appear white
[gzserver-2] [0m[1;33m[Wrn] [Visual.cc:1056] [0m[1;33mUnable to get Material[[0m[1;33mGazebo/Brown[0m[1;33m] for Geometry[[0m[1;33mdog::link::leg2_visual[0m[1;33m. Object will appear white
[gzserver-2] [0m[1;33m[Wrn] [Visual.cc:1056] [0m[1;33mUnable to get Material[[0m[1;33mGazebo/Brown[0m[1;33m] for Geometry[[0m[1;33mdog::link::leg3_visual[0m[1;33m. Object will appear white
[gzserver-2] [0m[1;33m[Wrn] [Visual.cc:1056] [0m[1;33mUnable to get Material[[0m[1;33mGazebo/Brown[0m[1;33m] for Geometry[[0m[1;33mdog::link::leg3_visual[0m[1;33m. Object will appear white
[gzserver-2] [0m[1;33m[Wrn] [Visual.cc:1056] [0m[1;33mUnable to get Material[[0m[1;33mGazebo/Brown[0m[1;33m] for Geometry[[0m[1;33mdog::link::leg4_visual[0m[1;33m. Object will appear white
[gzserver-2] [0m[1;33m[Wrn] [Visual.cc:1056] [0m[1;33mUnable to get Material[[0m[1;33mGazebo/Brown[0m[1;33m] for Geometry[[0m[1;33mdog::link::leg4_visual[0m[1;33m. Object will appear white
[gzserver-2] [0m[1;33m[Wrn] [Visual.cc:1056] [0m[1;33mUnable to get Material[[0m[1;33mGazebo/Brown[0m[1;33m] for Geometry[[0m[1;33mdog::link::tail_visual[0m[1;33m. Object will appear white
[gzserver-2] [0m[1;33m[Wrn] [Visual.cc:1056] [0m[1;33mUnable to get Material[[0m[1;33mGazebo/Brown[0m[1;33m] for Geometry[[0m[1;33mdog::link::tail_visual[0m[1;33m. Object will appear white
[gzserver-2] [0m[INFO] [1791396716.121706948] [diff_drive]: Wheel pair 1 separation set to [0.526460m]
[gzserver-2] [INFO] [1791396716.121731692] [diff_drive]: Wheel pair 1 diameter set to [0.176000m]
[gzserver-2] [INFO] [1791396716.122252272] [diff_drive]: Subscribed to [/cmd_vel]
[gzserver-2] [INFO] [1791396716.123494833] [diff_drive]: Advertise odometry on [/odom]
[gzserver-2] [INFO] [1791396716.124780160] [diff_drive]: Publishing odom transforms between [odom] and [base_footprint]
[gzserver-2] [INFO] [1791396716.130133652] [joint_state_publisher]: Going to publish joint [joint_left_front_wheel_Link]
[gzserver-2] [INFO] [1791396716.130152277] [joint_state_publisher]: Going to publish joint [joint_right_front_wheel_Link]
[gzserver-2] [INFO] [1791396716.130156427] [joint_state_publisher]: Going to publish joint [joint_left_rear_wheel_Link]
[gzserver-2] [INFO] [1791396716.130162623] [joint_state_publisher]: Going to publish joint [joint_right_rear_wheel_Link]
[gzserver-2] [INFO] [1791396716.130165641] [joint_state_publisher]: Going to publish joint [joint_camera_Link]
[INFO] [async_slam_toolbox_node-4]: process started with pid [236338]
[async_slam_toolbox_node-4] [INFO] [1791396718.261485751] [slam_toolbox]: Node using stack size 40000000
[async_slam_toolbox_node-4] [INFO] [1791396718.612019227] [slam_toolbox]: Using solver plugin solver_plugins::CeresSolver
[async_slam_toolbox_node-4] [INFO] [1791396718.612145772] [slam_toolbox]: CeresSolver: Using SCHUR_JACOBI preconditioner.
[async_slam_toolbox_node-4] Registering sensor: [Custom Described Lidar]
[INFO] [python3-5]: process started with pid [236456]
[INFO] [python3-6]: process started with pid [236460]
[python3-6] [INFO] [1791396720.696479870] [metrics_recorder]: 📼 记录器启动, out_dir=/home/abc/auto_mower_nav_backup_4-11（复件）/论文输出/实验/data/sciB_ablation_rect6_laser_only_r2
[python3-5] [INFO] [1791396720.712207326] [coverage_planner]: 🌱 CoveragePlanner 已启动
[python3-5] [INFO] [1791396720.712433673] [coverage_planner]:    边界记录模式: 启动后自动记录 odom，走完后发布 /record_boundary False 即可
[python3-5] [INFO] [1791396720.714173012] [coverage_planner]: 🧪 实验变体启动: strategy=multi one_pass=True use_vision=False boundary_constraint=True 边界顶点数=4
[python3-5] [INFO] [1791396720.715549934] [coverage_planner]: 等待 SLAM 地图 ...
[python3-5] [INFO] [1791396721.337795638] [coverage_planner]: 等待 SLAM 地图 ...
[python3-5] [INFO] [1791396722.338742215] [coverage_planner]: 等待 SLAM 地图 ...
[python3-5] [INFO] [1791396728.344105232] [coverage_planner]: 🧪 注入边界多边形: 121 点
[python3-5] [INFO] [1791396728.344307080] [coverage_planner]: 处理边界轨迹，原始点 121 个
[python3-5] [INFO] [1791396728.344510607] [coverage_planner]: 简化后 121 个点
[python3-5] [INFO] [1791396728.344670977] [coverage_planner]: 首尾距离: 0.00m
[python3-5] [INFO] [1791396728.344827323] [coverage_planner]: 已闭合多边形
[python3-5] [INFO] [1791396728.345239779] [coverage_planner]: ✅ 边界完成: 122 个顶点, x=-3.0~3.0, y=-3.0~3.0
[python3-5] [INFO] [1791396728.355336797] [coverage_planner]: 边界已内缩 0.4m，航点离边界更安全
[python3-5] [INFO] [1791396728.361233401] [coverage_planner]: 方向 0.0°: 143 航点, 连接代价 5.7m
[python3-5] [INFO] [1791396728.361683343] [coverage_planner]: 边界已内缩 0.4m，航点离边界更安全
[python3-5] [INFO] [1791396728.371665377] [coverage_planner]: 方向 30.0°: 146 航点, 连接代价 13.7m
[python3-5] [INFO] [1791396728.372131040] [coverage_planner]: 边界已内缩 0.4m，航点离边界更安全
[python3-5] [INFO] [1791396728.383579831] [coverage_planner]: 方向 60.0°: 146 航点, 连接代价 13.9m
[python3-5] [INFO] [1791396728.384042625] [coverage_planner]: 边界已内缩 0.4m，航点离边界更安全
[python3-5] [INFO] [1791396728.389766770] [coverage_planner]: 方向 90.0°: 143 航点, 连接代价 5.4m
[python3-5] [INFO] [1791396728.390255969] [coverage_planner]: 边界已内缩 0.4m，航点离边界更安全
[python3-5] [INFO] [1791396728.400033788] [coverage_planner]: 方向 120.0°: 146 航点, 连接代价 10.3m
[python3-5] [INFO] [1791396728.400478358] [coverage_planner]: 边界已内缩 0.4m，航点离边界更安全
[python3-5] [INFO] [1791396728.412805303] [coverage_planner]: 方向 150.0°: 146 航点, 连接代价 10.3m
[python3-5] [INFO] [1791396728.413023262] [coverage_planner]: ✅ [strategy=multi] 选定条纹方向: 90.0° (连接代价 5.4m)
[python3-5] [INFO] [1791396728.424439062] [coverage_planner]: 🚀 开始覆盖导航，共 143 个航点，从航点0出发
[python3-5] [INFO] [1791396728.425261419] [coverage_planner]: 🧪 真值障碍过滤航点: 143 -> 123
[python3-6] [INFO] [1791396728.441133738] [metrics_recorder]: 📼 覆盖开始: 123 个规划航点, t=28.1
[python3-5] [INFO] [1791396728.442331496] [coverage_planner]: 状态:ROTATE 目标0:(-2.6,-2.6)
[python3-5] [INFO] [1791396728.444831185] [coverage_planner]: 状态:ROTATE 目标0:(-2.6,-2.6)
[python3-5] [INFO] [1791396728.494933663] [coverage_planner]: 状态:ROTATE 目标0:(-2.6,-2.6)
[python3-5] [INFO] [1791396728.544725259] [coverage_planner]: 状态:ROTATE 目标0:(-2.6,-2.6)
[python3-5] [INFO] [1791396728.595314587] [coverage_planner]: 状态:ROTATE 目标0:(-2.6,-2.6)
[python3-5] [INFO] [1791396728.645068734] [coverage_planner]: 状态:ROTATE 目标0:(-2.6,-2.6)
[python3-5] [INFO] [1791396728.695142332] [coverage_planner]: 状态:ROTATE 目标0:(-2.6,-2.6)
[python3-5] [INFO] [1791396728.746032627] [coverage_planner]: 状态:ROTATE 目标0:(-2.6,-2.6)
[python3-5] [INFO] [1791396728.797111557] [coverage_planner]: 状态:ROTATE 目标0:(-2.6,-2.6)
[python3-5] [INFO] [1791396728.846168207] [coverage_planner]: 状态:ROTATE 目标0:(-2.6,-2.6)
[python3-5] [INFO] [1791396728.896085271] [coverage_planner]: 状态:ROTATE 目标0:(-2.6,-2.6)
[python3-5] [INFO] [1791396728.946454704] [coverage_planner]: 状态:ROTATE 目标0:(-2.6,-2.6)
[python3-5] [INFO] [1791396728.996085054] [coverage_planner]: 状态:ROTATE 目标0:(-2.6,-2.6)
[python3-5] [INFO] [1791396729.046241942] [coverage_planner]: 状态:ROTATE 目标0:(-2.6,-2.6)
[python3-5] [INFO] [1791396729.096346554] [coverage_planner]: 状态:ROTATE 目标0:(-2.6,-2.6)
[python3-5] [INFO] [1791396729.145991543] [coverage_planner]: 状态:ROTATE 目标0:(-2.6,-2.6)
[python3-5] [INFO] [1791396729.196501824] [coverage_planner]: 状态:ROTATE 目标0:(-2.6,-2.6)
[python3-5] [INFO] [1791396729.246439884] [coverage_planner]: 状态:ROTATE 目标0:(-2.6,-2.6)
[python3-5] [INFO] [1791396729.296926665] [coverage_planner]: 状态:ROTATE 目标0:(-2.6,-2.6)
[python3-5] [INFO] [1791396729.346288163] [coverage_planner]: 状态:ROTATE 目标0:(-2.6,-2.6)
[python3-5] [INFO] [1791396729.397352143] [coverage_planner]: 状态:ROTATE 目标0:(-2.6,-2.6)
[python3-5] [INFO] [1791396729.446528570] [coverage_planner]: 状态:ROTATE 目标0:(-2.6,-2.6)
[python3-5] [INFO] [1791396729.496420839] [coverage_planner]: 状态:ROTATE 目标0:(-2.6,-2.6)
[python3-5] [INFO] [1791396729.546183814] [coverage_planner]: 状态:ROTATE 目标0:(-2.6,-2.6)
[python3-5] [INFO] [1791396729.596068839] [coverage_planner]: 状态:ROTATE 目标0:(-2.6,-2.6)
[python3-5] [INFO] [1791396729.648580332] [coverage_planner]: 状态:ROTATE 目标0:(-2.6,-2.6)
[python3-5] [INFO] [1791396729.696921911] [coverage_planner]: 状态:ROTATE 目标0:(-2.6,-2.6)
[python3-5] [INFO] [1791396729.746756089] [coverage_planner]: 状态:ROTATE 目标0:(-2.6,-2.6)
[python3-5] [INFO] [1791396729.797344288] [coverage_planner]: 状态:ROTATE 目标0:(-2.6,-2.6)
[python3-5] [INFO] [1791396729.846650711] [coverage_planner]: 状态:ROTATE 目标0:(-2.6,-2.6)
[python3-5] [INFO] [1791396729.896850918] [coverage_planner]: 状态:ROTATE 目标0:(-2.6,-2.6)
[python3-5] [INFO] [1791396729.946392590] [coverage_planner]: 状态:ROTATE 目标0:(-2.6,-2.6)
[python3-5] [INFO] [1791396729.997168430] [coverage_planner]: 状态:ROTATE 目标0:(-2.6,-2.6)
[python3-5] [INFO] [1791396730.046919984] [coverage_planner]: 状态:ROTATE 目标0:(-2.6,-2.6)
[python3-5] [INFO] [1791396730.096336691] [coverage_planner]: 状态:ROTATE 目标0:(-2.6,-2.6)
[python3-5] [INFO] [1791396730.147199436] [coverage_planner]: 状态:ROTATE 目标0:(-2.6,-2.6)
[python3-5] [INFO] [1791396730.196892750] [coverage_planner]: 状态:ROTATE 目标0:(-2.6,-2.6)
[python3-5] [INFO] [1791396730.246794874] [coverage_planner]: 状态:ROTATE 目标0:(-2.6,-2.6)
[python3-5] [INFO] [1791396730.296894887] [coverage_planner]: 状态:ROTATE 目标0:(-2.6,-2.6)
[python3-5] [INFO] [1791396730.346965423] [coverage_planner]: 状态:ROTATE 目标0:(-2.6,-2.6)
[python3-5] [INFO] [1791396730.397153849] [coverage_planner]: 状态:ROTATE 目标0:(-2.6,-2.6)
[python3-5] [INFO] [1791396730.449850202] [coverage_planner]: 状态:ROTATE 目标0:(-2.6,-2.6)
[python3-5] [INFO] [1791396730.498519739] [coverage_planner]: 状态:ROTATE 目标0:(-2.6,-2.6)
[python3-5] [INFO] [1791396730.547937664] [coverage_planner]: 状态:ROTATE 目标0:(-2.6,-2.6)
[python3-5] [INFO] [1791396730.597377831] [coverage_planner]: 状态:ROTATE 目标0:(-2.6,-2.6)
[python3-5] [INFO] [1791396730.647157256] [coverage_planner]: 状态:ROTATE 目标0:(-2.6,-2.6)
[python3-5] [INFO] [1791396730.649805735] [coverage_planner]: 🌀 航点0航线被挡，插入16个绕障圆弧航点
[python3-5] [INFO] [1791396730.696770482] [coverage_planner]: 状态:MOVE 目标0:(-0.9,-1.1)
[python3-5] [INFO] [1791396730.748002319] [coverage_planner]: 状态:MOVE 目标0:(-0.9,-1.1)
[python3-5] [INFO] [1791396730.797542853] [coverage_planner]: 状态:MOVE 目标0:(-0.9,-1.1)
[python3-5] [INFO] [1791396730.847823996] [coverage_planner]: 状态:MOVE 目标0:(-0.9,-1.1)
[python3-5] [INFO] [1791396730.897582564] [coverage_planner]: 状态:MOVE 目标0:(-0.9,-1.1)
[python3-5] [INFO] [1791396730.947501578] [coverage_planner]: 状态:MOVE 目标0:(-0.9,-1.1)
[python3-5] [INFO] [1791396730.997767143] [coverage_planner]: 状态:MOVE 目标0:(-0.9,-1.1)
[python3-5] [INFO] [1791396731.048476140] [coverage_planner]: 状态:MOVE 目标0:(-0.9,-1.1)
[python3-5] [INFO] [1791396731.097375372] [coverage_planner]: 状态:MOVE 目标0:(-0.9,-1.1)
[python3-5] [INFO] [1791396731.147168909] [coverage_planner]: 状态:MOVE 目标0:(-0.9,-1.1)
[python3-5] [INFO] [1791396731.198133222] [coverage_planner]: 状态:MOVE 目标0:(-0.9,-1.1)
[python3-5] [INFO] [1791396731.247996839] [coverage_planner]: 状态:MOVE 目标0:(-0.9,-1.1)
[python3-5] [INFO] [1791396731.297544245] [coverage_planner]: 状态:MOVE 目标0:(-0.9,-1.1)
[python3-5] [INFO] [1791396731.347532949] [coverage_planner]: 状态:MOVE 目标0:(-0.9,-1.1)
[python3-5] [INFO] [1791396731.398078703] [coverage_planner]: 状态:MOVE 目标0:(-0.9,-1.1)
[python3-5] [INFO] [1791396731.448816712] [coverage_planner]: 状态:MOVE 目标0:(-0.9,-1.1)
[python3-5] [INFO] [1791396731.498827031] [coverage_planner]: 状态:MOVE 目标0:(-0.9,-1.1)
[python3-5] [INFO] [1791396731.548221968] [coverage_planner]: 状态:MOVE 目标0:(-0.9,-1.1)
[python3-5] [INFO] [1791396731.597891766] [coverage_planner]: 状态:MOVE 目标0:(-0.9,-1.1)
[python3-5] [INFO] [1791396731.647942376] [coverage_planner]: 状态:MOVE 目标0:(-0.9,-1.1)
[python3-5] [INFO] [1791396731.698301702] [coverage_planner]: 状态:MOVE 目标0:(-0.9,-1.1)
[python3-5] [INFO] [1791396731.748766840] [coverage_planner]: 状态:MOVE 目标0:(-0.9,-1.1)
[python3-5] [INFO] [1791396731.800303720] [coverage_planner]: 状态:MOVE 目标0:(-0.9,-1.1)
[python3-5] [INFO] [1791396731.848407976] [coverage_planner]: 状态:MOVE 目标0:(-0.9,-1.1)
[python3-5] [INFO] [1791396731.898542581] [coverage_planner]: 状态:MOVE 目标0:(-0.9,-1.1)
[python3-5] [INFO] [1791396731.948878641] [coverage_planner]: 状态:MOVE 目标0:(-0.9,-1.1)
[python3-5] [INFO] [1791396731.998497643] [coverage_planner]: 状态:MOVE 目标0:(-0.9,-1.1)
[python3-5] [INFO] [1791396732.050246571] [coverage_planner]: 状态:MOVE 目标0:(-0.9,-1.1)
[python3-5] [INFO] [1791396732.098801783] [coverage_planner]: 状态:MOVE 目标0:(-0.9,-1.1)
[python3-5] [INFO] [1791396732.149104298] [coverage_planner]: 状态:MOVE 目标0:(-0.9,-1.1)
[python3-5] [INFO] [1791396732.198650616] [coverage_planner]: 状态:MOVE 目标0:(-0.9,-1.1)
[python3-5] [INFO] [1791396732.248960619] [coverage_planner]: 状态:MOVE 目标0:(-0.9,-1.1)
[python3-5] [INFO] [1791396732.299472957] [coverage_planner]: 状态:MOVE 目标0:(-0.9,-1.1)
[python3-5] [INFO] [1791396732.347976634] [coverage_planner]: 状态:ROTATE 目标1:(-0.8,-1.3)
[python3-5] [INFO] [1791396732.399156869] [coverage_planner]: 状态:ROTATE 目标1:(-0.8,-1.3)
[python3-5] [INFO] [1791396732.448458624] [coverage_planner]: 状态:ROTATE 目标1:(-0.8,-1.3)
[python3-5] [INFO] [1791396732.499591791] [coverage_planner]: 状态:ROTATE 目标1:(-0.8,-1.3)
[python3-5] [INFO] [1791396732.548702767] [coverage_planner]: 状态:ROTATE 目标1:(-0.8,-1.3)
[python3-5] [INFO] [1791396732.599034407] [coverage_planner]: 状态:ROTATE 目标1:(-0.8,-1.3)
[python3-5] [INFO] [1791396732.648929600] [coverage_planner]: 状态:ROTATE 目标1:(-0.8,-1.3)
[python3-5] [INFO] [1791396732.698776246] [coverage_planner]: 状态:ROTATE 目标1:(-0.8,-1.3)
[python3-5] [INFO] [1791396732.749252409] [coverage_planner]: 状态:ROTATE 目标1:(-0.8,-1.3)
[python3-5] [INFO] [1791396732.800650632] [coverage_planner]: 状态:ROTATE 目标1:(-0.8,-1.3)
[python3-5] [INFO] [1791396732.849528656] [coverage_planner]: 状态:ROTATE 目标1:(-0.8,-1.3)
[python3-5] [INFO] [1791396732.899211397] [coverage_planner]: 状态:ROTATE 目标1:(-0.8,-1.3)
[python3-5] [INFO] [1791396732.950436417] [coverage_planner]: 状态:ROTATE 目标1:(-0.8,-1.3)
[python3-5] [INFO] [1791396733.000271449] [coverage_planner]: 状态:ROTATE 目标1:(-0.8,-1.3)
[python3-5] [INFO] [1791396733.051141298] [coverage_planner]: 状态:ROTATE 目标1:(-0.8,-1.3)
[python3-5] [INFO] [1791396733.099832196] [coverage_planner]: 状态:ROTATE 目标1:(-0.8,-1.3)
[python3-5] [INFO] [1791396733.150178866] [coverage_planner]: 状态:ROTATE 目标1:(-0.8,-1.3)
[python3-5] [INFO] [1791396733.200829113] [coverage_planner]: 状态:ROTATE 目标1:(-0.8,-1.3)
[python3-5] [INFO] [1791396733.251466967] [coverage_planner]: 状态:ROTATE 目标1:(-0.8,-1.3)
[python3-5] [INFO] [1791396733.300649757] [coverage_planner]: 状态:MOVE 目标1:(-0.8,-1.3)
[python3-5] [INFO] [1791396733.350238014] [coverage_planner]: 状态:MOVE 目标1:(-0.8,-1.3)
[python3-5] [INFO] [1791396733.400087664] [coverage_planner]: 状态:MOVE 目标1:(-0.8,-1.3)
[python3-5] [INFO] [1791396733.450194444] [coverage_planner]: 状态:MOVE 目标1:(-0.8,-1.3)
[python3-5] [INFO] [1791396733.499601683] [coverage_planner]: 状态:MOVE 目标1:(-0.8,-1.3)
[python3-5] [INFO] [1791396733.552050889] [coverage_planner]: 状态:MOVE 目标1:(-0.8,-1.3)
[python3-5] [INFO] [1791396733.600108483] [coverage_planner]: 状态:MOVE 目标1:(-0.8,-1.3)
[python3-5] [INFO] [1791396733.649837882] [coverage_planner]: 状态:MOVE 目标1:(-0.8,-1.3)
[python3-5] [INFO] [1791396733.700287314] [coverage_planner]: 状态:MOVE 目标1:(-0.8,-1.3)
[python3-5] [INFO] [1791396733.751607296] [coverage_planner]: 状态:MOVE 目标1:(-0.8,-1.3)
[python3-5] [INFO] [1791396733.800668785] [coverage_planner]: 状态:MOVE 目标1:(-0.8,-1.3)
[python3-5] [INFO] [1791396733.849886635] [coverage_planner]: 状态:MOVE 目标1:(-0.8,-1.3)
[python3-5] [INFO] [1791396733.900289400] [coverage_planner]: 状态:MOVE 目标2:(-0.7,-1.5)
[python3-5] [INFO] [1791396733.951084629] [coverage_planner]: 状态:MOVE 目标2:(-0.7,-1.5)
[python3-5] [INFO] [1791396734.001145487] [coverage_planner]: 状态:MOVE 目标2:(-0.7,-1.5)
[python3-5] [INFO] [1791396734.050028931] [coverage_planner]: 状态:MOVE 目标2:(-0.7,-1.5)
[python3-5] [INFO] [1791396734.101092244] [coverage_planner]: 状态:MOVE 目标2:(-0.7,-1.5)
[python3-5] [INFO] [1791396734.152738362] [coverage_planner]: 状态:MOVE 目标2:(-0.7,-1.5)
[python3-5] [INFO] [1791396734.201805015] [coverage_planner]: 状态:MOVE 目标2:(-0.7,-1.5)
[python3-5] [INFO] [1791396734.251268740] [coverage_planner]: 状态:MOVE 目标2:(-0.7,-1.5)
[python3-5] [INFO] [1791396734.300540438] [coverage_planner]: 状态:MOVE 目标2:(-0.7,-1.5)
[python3-5] [INFO] [1791396734.350677872] [coverage_planner]: 状态:MOVE 目标2:(-0.7,-1.5)
[python3-5] [INFO] [1791396734.400694302] [coverage_planner]: 状态:MOVE 目标2:(-0.7,-1.5)
[python3-5] [INFO] [1791396734.452167645] [coverage_planner]: 状态:MOVE 目标2:(-0.7,-1.5)
[python3-5] [INFO] [1791396734.500483927] [coverage_planner]: 状态:MOVE 目标2:(-0.7,-1.5)
[python3-5] [INFO] [1791396734.550987099] [coverage_planner]: 状态:MOVE 目标2:(-0.7,-1.5)
[python3-5] [WARN] [1791396753.518618280] [coverage_planner]: 触发避障!激光:True(前0.28m) 视觉:False 左空2.68右空0.51
[python3-5] [INFO] [1791396753.518943240] [coverage_planner]: 航点11第1次失败
[python3-5] [INFO] [1791396753.519222135] [coverage_planner]: 连续避障第1次，保持向左绕行
[python3-5] [INFO] [1791396753.519746489] [coverage_planner]: 离边界0.29m，side_dist限制为0.20m
[python3-5] [INFO] [1791396753.520561009] [coverage_planner]: 开始绕行: (-1.05, -2.80)
[python3-5] [INFO] [1791396753.969323288] [coverage_planner]: 绕行完成，回到航点 11
[python3-5] [WARN] [1791396755.070947362] [coverage_planner]: 触发避障!激光:True(前0.30m) 视觉:False 左空2.73右空0.49
[python3-5] [INFO] [1791396755.071344671] [coverage_planner]: 航点11第2次失败
[python3-5] [INFO] [1791396755.071696146] [coverage_planner]: 连续避障第1次，保持向左绕行
[python3-5] [INFO] [1791396755.072256810] [coverage_planner]: 离边界0.33m，side_dist限制为0.20m
[python3-5] [INFO] [1791396755.073637637] [coverage_planner]: 开始绕行: (-1.04, -2.75)
[python3-5] [INFO] [1791396755.570826660] [coverage_planner]: 绕行完成，回到航点 11
[python3-5] [WARN] [1791396756.773274261] [coverage_planner]: 触发避障!激光:True(前0.29m) 视觉:False 左空2.74右空0.49
[python3-5] [INFO] [1791396756.773709002] [coverage_planner]: 航点11第3次失败
[python3-5] [WARN] [1791396756.774136183] [coverage_planner]: 🚨 航点11失败3次，跳过
[python3-5] [WARN] [1791396757.174965047] [coverage_planner]: 触发避障!激光:True(前0.29m) 视觉:False 左空2.74右空0.49
[python3-5] [INFO] [1791396757.175533112] [coverage_planner]: 航点12第1次失败
[python3-5] [INFO] [1791396757.175958562] [coverage_planner]: 连续避障第1次，保持向左绕行
[python3-5] [INFO] [1791396757.176687592] [coverage_planner]: 离边界0.36m，side_dist限制为0.20m
[python3-5] [INFO] [1791396757.178078386] [coverage_planner]: 开始绕行: (-1.05, -2.75)
[python3-5] [INFO] [1791396757.673382567] [coverage_planner]: 绕行完成，回到航点 12
[python3-5] [WARN] [1791396758.823958345] [coverage_planner]: 触发避障!激光:True(前0.30m) 视觉:False 左空2.81右空0.45
[python3-5] [INFO] [1791396758.824378035] [coverage_planner]: 航点12第2次失败
[python3-5] [INFO] [1791396758.824727370] [coverage_planner]: 连续避障第1次，保持向左绕行
[python3-5] [INFO] [1791396758.825334832] [coverage_planner]: 离边界0.42m，side_dist限制为0.20m
[python3-5] [INFO] [1791396758.826323741] [coverage_planner]: 开始绕行: (-1.03, -2.65)
[python3-5] [INFO] [1791396759.373762781] [coverage_planner]: 绕行完成，回到航点 12
[python3-5] [WARN] [1791396760.775950749] [coverage_planner]: 触发避障!激光:True(前0.30m) 视觉:False 左空2.88右空0.40
[python3-5] [INFO] [1791396760.776555267] [coverage_planner]: 航点12第3次失败
[python3-5] [WARN] [1791396760.777182576] [coverage_planner]: 🚨 航点12失败3次，跳过
[python3-5] [WARN] [1791396761.229692511] [coverage_planner]: 触发避障!激光:True(前0.29m) 视觉:False 左空2.88右空0.41
[python3-5] [INFO] [1791396761.230155492] [coverage_planner]: 航点13第1次失败
[python3-5] [INFO] [1791396761.230518085] [coverage_planner]: 连续避障第1次，保持向左绕行
[python3-5] [INFO] [1791396761.231201293] [coverage_planner]: 离边界0.49m，side_dist限制为0.20m
[python3-5] [INFO] [1791396761.232383496] [coverage_planner]: 开始绕行: (-1.04, -2.60)
[python3-5] [WARN] [1791396761.675974533] [coverage_planner]: 前方仍有障碍，跳过航点 13
[python3-5] [WARN] [1791396763.027417033] [coverage_planner]: 触发避障!激光:True(前0.30m) 视觉:False 左空2.95右空0.41
[python3-5] [INFO] [1791396763.027726674] [coverage_planner]: 航点14第1次失败
[python3-5] [INFO] [1791396763.027982570] [coverage_planner]: 连续避障第1次，保持向左绕行
[python3-5] [INFO] [1791396763.028394321] [coverage_planner]: 离边界0.55m，side_dist限制为0.20m
[python3-5] [INFO] [1791396763.029075541] [coverage_planner]: 开始绕行: (-1.04, -2.56)
[python3-5] [WARN] [1791396763.480168812] [coverage_planner]: 前方仍有障碍，跳过航点 14
[python3-5] [WARN] [1791396764.880683595] [coverage_planner]: 触发避障!激光:True(前0.30m) 视觉:False 左空2.99右空0.48
[python3-5] [INFO] [1791396764.881261369] [coverage_planner]: 航点15第1次失败
[python3-5] [INFO] [1791396764.881896556] [coverage_planner]: 连续避障第1次，保持向左绕行
[python3-5] [INFO] [1791396764.882796955] [coverage_planner]: 离边界0.60m，side_dist限制为0.20m
[python3-5] [INFO] [1791396764.884293062] [coverage_planner]: 开始绕行: (-1.05, -2.56)
[python3-5] [WARN] [1791396765.332076448] [coverage_planner]: 前方仍有障碍，跳过航点 15
[python3-5] [WARN] [1791396766.380199018] [coverage_planner]: 触发避障!激光:True(前0.33m) 视觉:False 左空3.03右空0.45
[python3-5] [INFO] [1791396766.380429020] [coverage_planner]: 航点16第1次失败
[python3-5] [INFO] [1791396766.380619044] [coverage_planner]: 连续避障第1次，保持向左绕行
[python3-5] [INFO] [1791396766.380927910] [coverage_planner]: 离边界0.63m，side_dist限制为0.20m
[python3-5] [INFO] [1791396766.381416590] [coverage_planner]: 开始绕行: (-1.00, -2.48)
[python3-5] [WARN] [1791396766.781070748] [coverage_planner]: 前方仍有障碍，跳过航点 16
[python3-5] [INFO] [1791396766.830560646] [coverage_planner]: 🌀 航点17航线被挡，插入3个绕障圆弧航点
[python3-5] [WARN] [1791396768.333879880] [coverage_planner]: 触发避障!激光:True(前0.29m) 视觉:False 左空3.14右空5.11
[python3-5] [INFO] [1791396768.334847414] [coverage_planner]: 航点17第1次失败
[python3-5] [INFO] [1791396768.335328251] [coverage_planner]: 连续避障第1次，保持向左绕行
[python3-5] [INFO] [1791396768.336100358] [coverage_planner]: 离边界0.76m，side_dist限制为0.20m
[python3-5] [INFO] [1791396768.337328081] [coverage_planner]: 开始绕行: (-1.11, -2.52)
[python3-5] [WARN] [1791396769.334385547] [coverage_planner]: 前方仍有障碍，跳过航点 17
[python3-5] [WARN] [1791396771.236845953] [coverage_planner]: 触发避障!激光:True(前0.29m) 视觉:False 左空0.61右空4.99
[python3-5] [INFO] [1791396771.237638295] [coverage_planner]: 航点18第1次失败
[python3-5] [INFO] [1791396771.238327022] [coverage_planner]: 连续避障第1次，保持向左绕行
[python3-5] [INFO] [1791396771.239400609] [coverage_planner]: 侧向激光约束: 绕行方向空间0.61m，side_dist限制为0.41m
[python3-5] [INFO] [1791396771.240897236] [coverage_planner]: 开始绕行: (-1.16, -2.61)
[python3-5] [INFO] [1791396773.286775703] [coverage_planner]: 绕行完成，回到航点 18
[python3-5] [WARN] [1791396775.688248962] [coverage_planner]: 触发避障!激光:True(前0.29m) 视觉:False 左空0.43右空5.10
[python3-5] [INFO] [1791396775.688738073] [coverage_planner]: 航点18第2次失败
[python3-5] [INFO] [1791396775.689178415] [coverage_planner]: 连续避障第1次，保持向左绕行
[python3-5] [INFO] [1791396775.689944088] [coverage_planner]: 离边界0.69m，side_dist限制为0.20m
[python3-5] [INFO] [1791396775.691115890] [coverage_planner]: 开始绕行: (-1.21, -2.64)
[python3-5] [INFO] [1791396777.889534640] [coverage_planner]: 绕行完成，回到航点 18
[python3-5] [WARN] [1791396780.044366821] [coverage_planner]: 触发避障!激光:True(前0.30m) 视觉:False 左空0.54右空5.00
[python3-5] [INFO] [1791396780.045114992] [coverage_planner]: 航点18第3次失败
[python3-5] [WARN] [1791396780.045894972] [coverage_planner]: 🚨 航点18失败3次，跳过
[python3-5] [WARN] [1791396780.692043739] [coverage_planner]: 触发避障!激光:True(前0.30m) 视觉:False 左空0.47右空4.96
[python3-5] [INFO] [1791396780.692385266] [coverage_planner]: 航点19第1次失败
[python3-5] [INFO] [1791396780.692681076] [coverage_planner]: 连续避障第1次，保持向左绕行
[python3-5] [INFO] [1791396780.693201290] [coverage_planner]: 侧向激光约束: 绕行方向空间0.47m，side_dist限制为0.27m
[python3-5] [INFO] [1791396780.694049882] [coverage_planner]: 开始绕行: (-1.22, -2.57)
[python3-5] [INFO] [1791396782.893778412] [coverage_planner]: 绕行完成，回到航点 19
[python3-5] [WARN] [1791396785.295974096] [coverage_planner]: 触发避障!激光:True(前0.30m) 视觉:False 左空0.47右空5.00
[python3-5] [INFO] [1791396785.296554871] [coverage_planner]: 航点19第2次失败
[python3-5] [INFO] [1791396785.297041027] [coverage_planner]: 连续避障第1次，保持向左绕行
[python3-5] [INFO] [1791396785.297834035] [coverage_planner]: 离边界0.78m，side_dist限制为0.20m
[python3-5] [INFO] [1791396785.298726735] [coverage_planner]: 开始绕行: (-1.20, -2.56)
[python3-5] [INFO] [1791396787.497608224] [coverage_planner]: 绕行完成，回到航点 19
[python3-5] [WARN] [1791396790.101094161] [coverage_planner]: 触发避障!激光:True(前0.28m) 视觉:False 左空0.48右空4.98
[python3-5] [INFO] [1791396790.101874599] [coverage_planner]: 航点19第3次失败
[python3-5] [WARN] [1791396790.102631804] [coverage_planner]: 🚨 航点19失败3次，跳过
[python3-5] [INFO] [1791396790.149733788] [coverage_planner]: 🌀 航点20航线被挡，插入2个绕障圆弧航点
[python3-5] [WARN] [1791396790.199739368] [coverage_planner]: 触发避障!激光:True(前0.28m) 视觉:False 左空0.44右空4.97
[python3-5] [INFO] [1791396790.200235469] [coverage_planner]: 航点20第1次失败
[python3-5] [INFO] [1791396790.200692649] [coverage_planner]: 连续避障第1次，保持向左绕行
[python3-5] [INFO] [1791396790.201274636] [coverage_planner]: 侧向激光约束: 绕行方向空间0.44m，side_dist限制为0.24m
[python3-5] [INFO] [1791396790.202055795] [coverage_planner]: 开始绕行: (-1.22, -2.55)
[python3-5] [INFO] [1791396792.355402752] [coverage_planner]: 绕行完成，回到航点 20
[python3-5] [WARN] [1791396794.704077722] [coverage_planner]: 触发避障!激光:True(前0.27m) 视觉:False 左空0.44右空5.02
[python3-5] [INFO] [1791396794.704382203] [coverage_planner]: 航点20第2次失败
[python3-5] [INFO] [1791396794.704639269] [coverage_planner]: 连续避障第1次，保持向左绕行
[python3-5] [INFO] [1791396794.705045582] [coverage_planner]: 侧向激光约束: 绕行方向空间0.44m，side_dist限制为0.24m
[python3-5] [WARN] [1791396794.705873330] [coverage_planner]: 绕行路径穿过障碍物且无法缩小，保守脱困：后退+旋转
[python3-5] [WARN] [1791396794.753896168] [coverage_planner]: 触发避障!激光:True(前0.25m) 视觉:False 左空0.40右空5.03
[python3-5] [INFO] [1791396794.754237164] [coverage_planner]: 航点20第3次失败
[python3-5] [WARN] [1791396794.754425811] [coverage_planner]: 🚨 航点20失败3次，跳过
[python3-5] [WARN] [1791396794.855931992] [coverage_planner]: 触发避障!激光:True(前0.24m) 视觉:False 左空0.40右空4.99
[python3-5] [INFO] [1791396794.856852307] [coverage_planner]: 航点21第1次失败
[python3-5] [INFO] [1791396794.857641918] [coverage_planner]: 连续避障第1次，保持向左绕行
[python3-5] [INFO] [1791396794.858829401] [coverage_planner]: 侧向激光约束: 绕行方向空间0.40m，side_dist限制为0.20m
[python3-5] [WARN] [1791396794.859508065] [coverage_planner]: 侧向空间不足(0.40m)，保守脱困：后退+旋转
[python3-5] [WARN] [1791396794.904241195] [coverage_planner]: 触发避障!激光:True(前0.25m) 视觉:False 左空0.41右空4.99
[python3-5] [INFO] [1791396794.904596573] [coverage_planner]: 航点21第2次失败
[python3-5] [INFO] [1791396794.904898409] [coverage_planner]: 连续避障第2次，保持向左绕行
[python3-5] [INFO] [1791396794.905450308] [coverage_planner]: 侧向激光约束: 绕行方向空间0.41m，side_dist限制为0.21m
[python3-5] [INFO] [1791396794.906410984] [coverage_planner]: 开始绕行: (-1.24, -2.54)
[python3-5] [WARN] [1791396795.154730143] [coverage_planner]: 前方仍有障碍，跳过航点 21
[python3-5] [INFO] [1791396795.205831094] [coverage_planner]: 🌀 航点22航线被挡，插入2个绕障圆弧航点
[python3-5] [WARN] [1791396796.306137712] [coverage_planner]: 触发避障!激光:True(前0.28m) 视觉:False 左空0.46右空4.94
[python3-5] [INFO] [1791396796.306552854] [coverage_planner]: 航点22第1次失败
[python3-5] [INFO] [1791396796.306880655] [coverage_planner]: 连续避障第1次，保持向左绕行
[python3-5] [INFO] [1791396796.307439069] [coverage_planner]: 侧向激光约束: 绕行方向空间0.46m，side_dist限制为0.26m
[python3-5] [INFO] [1791396796.308337847] [coverage_planner]: 开始绕行: (-1.24, -2.51)
[python3-5] [INFO] [1791396798.358642941] [coverage_planner]: 绕行完成，回到航点 22
[python3-5] [WARN] [1791396800.511067554] [coverage_planner]: 触发避障!激光:True(前0.29m) 视觉:False 左空0.52右空4.91
[python3-5] [INFO] [1791396800.511537961] [coverage_planner]: 航点22第2次失败
[python3-5] [INFO] [1791396800.511996634] [coverage_planner]: 连续避障第1次，保持向左绕行
[python3-5] [INFO] [1791396800.512789980] [coverage_planner]: 侧向激光约束: 绕行方向空间0.52m，side_dist限制为0.32m
[python3-5] [INFO] [1791396800.514074900] [coverage_planner]: 开始绕行: (-1.22, -2.54)
[python3-5] [INFO] [1791396802.560177496] [coverage_planner]: 绕行完成，回到航点 22
[python3-5] [WARN] [1791396804.962893886] [coverage_planner]: 触发避障!激光:True(前0.30m) 视觉:False 左空0.46右空4.91
[python3-5] [INFO] [1791396804.963388169] [coverage_planner]: 航点22第3次失败
[python3-5] [WARN] [1791396804.963780313] [coverage_planner]: 🚨 航点22失败3次，跳过
[python3-5] [WARN] [1791396805.064498906] [coverage_planner]: 触发避障!激光:True(前0.28m) 视觉:False 左空0.46右空4.93
[python3-5] [INFO] [1791396805.065549629] [coverage_planner]: 航点23第1次失败
[python3-5] [INFO] [1791396805.066469184] [coverage_planner]: 连续避障第1次，保持向左绕行
[python3-5] [INFO] [1791396805.067780519] [coverage_planner]: 侧向激光约束: 绕行方向空间0.46m，side_dist限制为0.26m
[python3-5] [INFO] [1791396805.069519606] [coverage_planner]: 开始绕行: (-1.23, -2.52)
[python3-5] [INFO] [1791396807.164729917] [coverage_planner]: 绕行完成，回到航点 23
[python3-5] [WARN] [1791396809.616358272] [coverage_planner]: 触发避障!激光:True(前0.28m) 视觉:False 左空0.46右空4.97
[python3-5] [INFO] [1791396809.616788007] [coverage_planner]: 航点23第2次失败
[python3-5] [INFO] [1791396809.617138870] [coverage_planner]: 连续避障第1次，保持向左绕行
[python3-5] [INFO] [1791396809.617729002] [coverage_planner]: 侧向激光约束: 绕行方向空间0.46m，side_dist限制为0.26m
[python3-5] [INFO] [1791396809.618625061] [coverage_planner]: 开始绕行: (-1.25, -2.54)
[python3-5] [WARN] [1791396811.719259193] [coverage_planner]: 前方仍有障碍，跳过航点 23
[python3-5] [INFO] [1791396811.771998580] [coverage_planner]: 🌀 航点24航线被挡，插入2个绕障圆弧航点
[python3-5] [WARN] [1791396814.370158201] [coverage_planner]: 触发避障!激光:True(前0.28m) 视觉:False 左空0.46右空4.99
[python3-5] [INFO] [1791396814.370565160] [coverage_planner]: 航点24第1次失败
[python3-5] [INFO] [1791396814.370929348] [coverage_planner]: 连续避障第1次，保持向左绕行
[python3-5] [INFO] [1791396814.371530945] [coverage_planner]: 侧向激光约束: 绕行方向空间0.46m，side_dist限制为0.26m
[python3-5] [INFO] [1791396814.372394088] [coverage_planner]: 开始绕行: (-1.24, -2.55)
[python3-5] [INFO] [1791396816.522001948] [coverage_planner]: 绕行完成，回到航点 24
[python3-5] [WARN] [1791396818.825002112] [coverage_planner]: 触发避障!激光:True(前0.30m) 视觉:False 左空0.44右空5.00
[python3-5] [INFO] [1791396818.825473709] [coverage_planner]: 航点24第2次失败
[python3-5] [INFO] [1791396818.825861207] [coverage_planner]: 连续避障第1次，保持向左绕行
[python3-5] [INFO] [1791396818.826564277] [coverage_planner]: 离边界0.79m，side_dist限制为0.20m
[python3-5] [INFO] [1791396818.828814665] [coverage_planner]: 开始绕行: (-1.20, -2.55)
[python3-5] [INFO] [1791396820.977911553] [coverage_planner]: 绕行完成，回到航点 24
[python3-5] [WARN] [1791396823.627358644] [coverage_planner]: 触发避障!激光:True(前0.30m) 视觉:False 左空0.45右空5.00
[python3-5] [INFO] [1791396823.627583257] [coverage_planner]: 航点24第3次失败
[python3-5] [WARN] [1791396823.627781676] [coverage_planner]: 🚨 航点24失败3次，跳过
[python3-5] [WARN] [1791396823.728549180] [coverage_planner]: 触发避障!激光:True(前0.28m) 视觉:False 左空0.43右空4.98
[python3-5] [INFO] [1791396823.728914992] [coverage_planner]: 航点25第1次失败
[python3-5] [INFO] [1791396823.729225665] [coverage_planner]: 连续避障第1次，保持向左绕行
[python3-5] [INFO] [1791396823.729750240] [coverage_planner]: 侧向激光约束: 绕行方向空间0.43m，side_dist限制为0.23m
[python3-5] [INFO] [1791396823.730563628] [coverage_planner]: 开始绕行: (-1.24, -2.55)
[python3-5] [INFO] [1791396825.779367614] [coverage_planner]: 绕行完成，回到航点 25
[python3-5] [WARN] [1791396827.981004157] [coverage_planner]: 触发避障!激光:True(前0.27m) 视觉:False 左空0.44右空4.98
[python3-5] [INFO] [1791396827.981486826] [coverage_planner]: 航点25第2次失败
[python3-5] [INFO] [1791396827.981993238] [coverage_planner]: 连续避障第1次，保持向左绕行
[python3-5] [INFO] [1791396827.983509759] [coverage_planner]: 侧向激光约束: 绕行方向空间0.44m，side_dist限制为0.24m
[python3-5] [INFO] [1791396827.984762577] [coverage_planner]: 开始绕行: (-1.21, -2.52)
[python3-5] [INFO] [1791396829.981762191] [coverage_planner]: 绕行完成，回到航点 25
[python3-5] [WARN] [1791396832.435655069] [coverage_planner]: 触发避障!激光:True(前0.29m) 视觉:False 左空0.46右空4.93
[python3-5] [INFO] [1791396832.435938776] [coverage_planner]: 航点25第3次失败
[python3-5] [WARN] [1791396832.436193012] [coverage_planner]: 🚨 航点25失败3次，跳过
[python3-5] [INFO] [1791396832.484838736] [coverage_planner]: 🌀 航点26航线被挡，插入2个绕障圆弧航点
[python3-5] [WARN] [1791396832.535139095] [coverage_planner]: 触发避障!激光:True(前0.28m) 视觉:False 左空0.46右空4.91
[python3-5] [INFO] [1791396832.535535782] [coverage_planner]: 航点26第1次失败
[python3-5] [INFO] [1791396832.535847780] [coverage_planner]: 连续避障第1次，保持向左绕行
[python3-5] [INFO] [1791396832.536395934] [coverage_planner]: 侧向激光约束: 绕行方向空间0.46m，side_dist限制为0.26m
[python3-5] [INFO] [1791396832.537263068] [coverage_planner]: 开始绕行: (-1.22, -2.49)
[python3-5] [INFO] [1791396834.636075948] [coverage_planner]: 绕行完成，回到航点 26
[python3-5] [WARN] [1791396837.087945607] [coverage_planner]: 触发避障!激光:True(前0.26m) 视觉:False 左空0.42右空4.98
[python3-5] [INFO] [1791396837.088242522] [coverage_planner]: 航点26第2次失败
[python3-5] [INFO] [1791396837.088514460] [coverage_planner]: 连续避障第1次，保持向左绕行
[python3-5] [INFO] [1791396837.088996038] [coverage_planner]: 侧向激光约束: 绕行方向空间0.42m，side_dist限制为0.22m
[python3-5] [WARN] [1791396837.089696017] [coverage_planner]: 绕行路径穿过障碍物且无法缩小，保守脱困：后退+旋转
[python3-5] [WARN] [1791396837.139213028] [coverage_planner]: 触发避障!激光:True(前0.25m) 视觉:False 左空0.40右空5.02
[python3-5] [INFO] [1791396837.139922804] [coverage_planner]: 航点26第3次失败
[python3-5] [WARN] [1791396837.140368171] [coverage_planner]: 🚨 航点26失败3次，跳过
[python3-5] [WARN] [1791396837.241224189] [coverage_planner]: 触发避障!激光:True(前0.26m) 视觉:False 左空0.39右空5.03
[python3-5] [INFO] [1791396837.242001178] [coverage_planner]: 航点27第1次失败
[python3-5] [INFO] [1791396837.242724729] [coverage_planner]: 连续避障第1次，保持向左绕行
[python3-5] [INFO] [1791396837.243848438] [coverage_planner]: 离边界0.79m，side_dist限制为0.20m
[python3-5] [INFO] [1791396837.244612820] [coverage_planner]: 侧向激光约束: 绕行方向空间0.39m，side_dist限制为0.19m
[python3-5] [WARN] [1791396837.245392711] [coverage_planner]: 侧向空间不足(0.39m)，保守脱困：后退+旋转
[python3-5] [WARN] [1791396837.288521973] [coverage_planner]: 触发避障!激光:True(前0.29m) 视觉:False 左空0.41右空5.02
[python3-5] [INFO] [1791396837.289124796] [coverage_planner]: 航点27第2次失败
[python3-5] [INFO] [1791396837.289651712] [coverage_planner]: 连续避障第2次，保持向左绕行
[python3-5] [INFO] [1791396837.290172983] [coverage_planner]: 离边界0.79m，side_dist限制为0.20m
[python3-5] [INFO] [1791396837.290679865] [coverage_planner]: 开始绕行: (-1.22, -2.56)
[python3-5] [WARN] [1791396837.488539129] [coverage_planner]: 前方仍有障碍，跳过航点 27
[python3-5] [INFO] [1791396837.538714766] [coverage_planner]: 🌀 航点28航线被挡，插入2个绕障圆弧航点
[python3-5] [WARN] [1791396838.490360464] [coverage_planner]: 触发避障!激光:True(前0.28m) 视觉:False 左空0.43右空4.98
[python3-5] [INFO] [1791396838.490781212] [coverage_planner]: 航点28第1次失败
[python3-5] [INFO] [1791396838.491129115] [coverage_planner]: 连续避障第1次，保持向左绕行
[python3-5] [INFO] [1791396838.491786787] [coverage_planner]: 侧向激光约束: 绕行方向空间0.43m，side_dist限制为0.23m
[python3-5] [INFO] [1791396838.492701000] [coverage_planner]: 开始绕行: (-1.24, -2.52)
[python3-5] [INFO] [1791396840.591366818] [coverage_planner]: 绕行完成，回到航点 28
[python3-5] [WARN] [1791396842.993161618] [coverage_planner]: 触发避障!激光:True(前0.28m) 视觉:False 左空0.41右空5.01
[python3-5] [INFO] [1791396842.993794082] [coverage_planner]: 航点28第2次失败
[python3-5] [INFO] [1791396842.994223206] [coverage_planner]: 连续避障第1次，保持向左绕行
[python3-5] [INFO] [1791396842.994899458] [coverage_planner]: 离边界0.76m，side_dist限制为0.20m
[python3-5] [INFO] [1791396842.995835219] [coverage_planner]: 开始绕行: (-1.22, -2.58)
[python3-5] [INFO] [1791396845.146377795] [coverage_planner]: 绕行完成，回到航点 28
[python3-5] [WARN] [1791396847.548776133] [coverage_planner]: 触发避障!激光:True(前0.29m) 视觉:False 左空0.44右空5.03
[python3-5] [INFO] [1791396847.549234942] [coverage_planner]: 航点28第3次失败
[python3-5] [WARN] [1791396847.549777616] [coverage_planner]: 🚨 航点28失败3次，跳过
[python3-5] [WARN] [1791396847.645383439] [coverage_planner]: 触发避障!激光:True(前0.25m) 视觉:False 左空0.40右空5.00
[python3-5] [INFO] [1791396847.645655697] [coverage_planner]: 航点29第1次失败
[python3-5] [INFO] [1791396847.645958475] [coverage_planner]: 连续避障第1次，保持向左绕行
[python3-5] [INFO] [1791396847.646650357] [coverage_planner]: 离边界0.80m，side_dist限制为0.20m
[python3-5] [WARN] [1791396847.647512055] [coverage_planner]: 绕行路径穿过障碍物且无法缩小，保守脱困：后退+旋转
[python3-5] [WARN] [1791396847.695124234] [coverage_planner]: 触发避障!激光:True(前0.25m) 视觉:False 左空0.41右空5.02
[python3-5] [INFO] [1791396847.695332468] [coverage_planner]: 航点29第2次失败
[python3-5] [INFO] [1791396847.695524594] [coverage_planner]: 连续避障第2次，保持向左绕行
[python3-5] [INFO] [1791396847.695835424] [coverage_planner]: 离边界0.80m，side_dist限制为0.20m
[python3-5] [INFO] [1791396847.696342674] [coverage_planner]: 开始绕行: (-1.23, -2.54)
[python3-5] [WARN] [1791396847.895563795] [coverage_planner]: 前方仍有障碍，跳过航点 29
[python3-5] [INFO] [1791396847.945256501] [coverage_planner]: 🌀 航点30航线被挡，插入2个绕障圆弧航点
[python3-5] [WARN] [1791396848.898043663] [coverage_planner]: 触发避障!激光:True(前0.29m) 视觉:False 左空0.47右空4.98
[python3-5] [INFO] [1791396848.898407653] [coverage_planner]: 航点30第1次失败
[python3-5] [INFO] [1791396848.898714263] [coverage_planner]: 连续避障第1次，保持向左绕行
[python3-5] [INFO] [1791396848.899175169] [coverage_planner]: 侧向激光约束: 绕行方向空间0.47m，side_dist限制为0.27m
[python3-5] [INFO] [1791396848.899938846] [coverage_planner]: 开始绕行: (-1.25, -2.56)
[python3-5] [INFO] [1791396851.048400546] [coverage_planner]: 绕行完成，回到航点 30
[python3-5] [WARN] [1791396853.449738895] [coverage_planner]: 触发避障!激光:True(前0.29m) 视觉:False 左空0.46右空4.98
[python3-5] [INFO] [1791396853.449938763] [coverage_planner]: 航点30第2次失败
[python3-5] [INFO] [1791396853.450104285] [coverage_planner]: 连续避障第1次，保持向左绕行
[python3-5] [INFO] [1791396853.450383592] [coverage_planner]: 侧向激光约束: 绕行方向空间0.46m，side_dist限制为0.26m
[python3-5] [INFO] [1791396853.450865422] [coverage_planner]: 开始绕行: (-1.27, -2.58)
[python3-5] [INFO] [1791396855.552039022] [coverage_planner]: 绕行完成，回到航点 30
[python3-5] [WARN] [1791396857.956944567] [coverage_planner]: 触发避障!激光:True(前0.28m) 视觉:False 左空0.42右空5.03
[python3-5] [INFO] [1791396857.957659404] [coverage_planner]: 航点30第3次失败
[python3-5] [WARN] [1791396857.958374861] [coverage_planner]: 🚨 航点30失败3次，跳过
[python3-5] [WARN] [1791396858.055636502] [coverage_planner]: 触发避障!激光:True(前0.27m) 视觉:False 左空0.40右空5.02
[python3-5] [INFO] [1791396858.056271144] [coverage_planner]: 航点31第1次失败
[python3-5] [INFO] [1791396858.056945438] [coverage_planner]: 连续避障第1次，保持向左绕行
[python3-5] [INFO] [1791396858.057933369] [coverage_planner]: 离边界0.79m，side_dist限制为0.20m
[python3-5] [INFO] [1791396858.058354824] [coverage_planner]: 侧向激光约束: 绕行方向空间0.40m，side_dist限制为0.20m
[python3-5] [WARN] [1791396858.058853753] [coverage_planner]: 侧向空间不足(0.40m)，保守脱困：后退+旋转
[python3-5] [WARN] [1791396858.105930339] [coverage_planner]: 触发避障!激光:True(前0.26m) 视觉:False 左空0.39右空5.03
[python3-5] [INFO] [1791396858.106385159] [coverage_planner]: 航点31第2次失败
[python3-5] [INFO] [1791396858.106819075] [coverage_planner]: 连续避障第2次，保持向左绕行
[python3-5] [INFO] [1791396858.107522342] [coverage_planner]: 离边界0.78m，side_dist限制为0.20m
[python3-5] [INFO] [1791396858.107885602] [coverage_planner]: 侧向激光约束: 绕行方向空间0.39m，side_dist限制为0.19m
[python3-5] [WARN] [1791396858.108230156] [coverage_planner]: 侧向空间不足(0.39m)，保守脱困：后退+旋转
[python3-5] [WARN] [1791396858.155694610] [coverage_planner]: 触发避障!激光:True(前0.27m) 视觉:False 左空0.42右空5.04
[python3-5] [INFO] [1791396858.156180217] [coverage_planner]: 航点31第3次失败
[python3-5] [WARN] [1791396858.156681995] [coverage_planner]: 🚨 航点31失败3次，跳过
[python3-5] [INFO] [1791396858.204894521] [coverage_planner]: 🌀 航点32航线被挡，插入2个绕障圆弧航点
[python3-5] [WARN] [1791396858.654089516] [coverage_planner]: 触发避障!激光:True(前0.28m) 视觉:False 左空0.44右空5.00
[python3-5] [INFO] [1791396858.654289259] [coverage_planner]: 航点32第1次失败
[python3-5] [INFO] [1791396858.654487004] [coverage_planner]: 连续避障第1次，保持向左绕行
[python3-5] [INFO] [1791396858.654812165] [coverage_planner]: 离边界0.80m，side_dist限制为0.20m
[python3-5] [WARN] [1791396858.655256574] [coverage_planner]: 绕行路径穿过障碍物且无法缩小，保守脱困：后退+旋转
[python3-5] [WARN] [1791396858.705076298] [coverage_planner]: 触发避障!激光:True(前0.24m) 视觉:False 左空0.41右空5.03
[python3-5] [INFO] [1791396858.705734297] [coverage_planner]: 航点32第2次失败
[python3-5] [INFO] [1791396858.706201072] [coverage_planner]: 连续避障第2次，保持向左绕行
[python3-5] [INFO] [1791396858.706849018] [coverage_planner]: 侧向激光约束: 绕行方向空间0.41m，side_dist限制为0.21m
[python3-5] [WARN] [1791396858.707598064] [coverage_planner]: 绕行路径穿过障碍物且无法缩小，保守脱困：后退+旋转
[python3-5] [WARN] [1791396858.754271128] [coverage_planner]: 触发避障!激光:True(前0.24m) 视觉:False 左空0.42右空5.04
[python3-5] [INFO] [1791396858.754755591] [coverage_planner]: 航点32第3次失败
[python3-5] [WARN] [1791396858.755285251] [coverage_planner]: 🚨 航点32失败3次，跳过
[python3-5] [WARN] [1791396858.954331341] [coverage_planner]: 触发避障!激光:True(前0.28m) 视觉:False 左空0.44右空4.98
[python3-5] [INFO] [1791396858.954536801] [coverage_planner]: 航点33第1次失败
[python3-5] [INFO] [1791396858.954698843] [coverage_planner]: 连续避障第1次，保持向左绕行
[python3-5] [INFO] [1791396858.955137787] [coverage_planner]: 离边界0.79m，side_dist限制为0.20m
[python3-5] [INFO] [1791396858.955610061] [coverage_planner]: 开始绕行: (-1.21, -2.55)
[python3-5] [INFO] [1791396860.956214266] [coverage_planner]: 绕行完成，回到航点 33
[python3-5] [WARN] [1791396863.459325340] [coverage_planner]: 触发避障!激光:True(前0.27m) 视觉:False 左空0.44右空5.00
[python3-5] [INFO] [1791396863.459622140] [coverage_planner]: 航点33第2次失败
[python3-5] [INFO] [1791396863.459865016] [coverage_planner]: 连续避障第1次，保持向左绕行
[python3-5] [INFO] [1791396863.460228811] [coverage_planner]: 侧向激光约束: 绕行方向空间0.44m，side_dist限制为0.24m
[python3-5] [INFO] [1791396863.460807797] [coverage_planner]: 开始绕行: (-1.24, -2.51)
[python3-5] [INFO] [1791396865.560617871] [coverage_planner]: 绕行完成，回到航点 33
[python3-5] [WARN] [1791396867.914815447] [coverage_planner]: 触发避障!激光:True(前0.30m) 视觉:False 左空0.46右空4.96
[python3-5] [INFO] [1791396867.915478219] [coverage_planner]: 航点33第3次失败
[python3-5] [WARN] [1791396867.916103035] [coverage_planner]: 🚨 航点33失败3次，跳过
[python3-5] [INFO] [1791396867.965381098] [coverage_planner]: 🌀 航点34航线被挡，插入2个绕障圆弧航点
[python3-5] [WARN] [1791396868.012719188] [coverage_planner]: 触发避障!激光:True(前0.28m) 视觉:False 左空0.45右空5.01
[python3-5] [INFO] [1791396868.012917410] [coverage_planner]: 航点34第1次失败
[python3-5] [INFO] [1791396868.013081868] [coverage_planner]: 连续避障第1次，保持向左绕行
[python3-5] [INFO] [1791396868.013355979] [coverage_planner]: 侧向激光约束: 绕行方向空间0.45m，side_dist限制为0.25m
[python3-5] [INFO] [1791396868.013833039] [coverage_planner]: 开始绕行: (-1.24, -2.58)
[python3-5] [INFO] [1791396870.063713703] [coverage_planner]: 绕行完成，回到航点 34
[python3-5] [WARN] [1791396872.566795530] [coverage_planner]: 触发避障!激光:True(前0.29m) 视觉:False 左空0.46右空4.95
[python3-5] [INFO] [1791396872.567332736] [coverage_planner]: 航点34第2次失败
[python3-5] [INFO] [1791396872.567773055] [coverage_planner]: 连续避障第1次，保持向左绕行
[python3-5] [INFO] [1791396872.568485204] [coverage_planner]: 侧向激光约束: 绕行方向空间0.46m，side_dist限制为0.26m
[python3-5] [INFO] [1791396872.569590628] [coverage_planner]: 开始绕行: (-1.23, -2.56)
[python3-5] [INFO] [1791396874.716765656] [coverage_planner]: 绕行完成，回到航点 34
[python3-5] [WARN] [1791396876.917460832] [coverage_planner]: 触发避障!激光:True(前0.30m) 视觉:False 左空0.46右空4.99
[python3-5] [INFO] [1791396876.917652435] [coverage_planner]: 航点34第3次失败
[python3-5] [WARN] [1791396876.917841686] [coverage_planner]: 🚨 航点34失败3次，跳过
[python3-5] [WARN] [1791396877.067384958] [coverage_planner]: 触发避障!激光:True(前0.30m) 视觉:False 左空0.45右空4.99
[python3-5] [INFO] [1791396877.067577525] [coverage_planner]: 航点35第1次失败
[python3-5] [INFO] [1791396877.067733357] [coverage_planner]: 连续避障第1次，保持向左绕行
[python3-5] [INFO] [1791396877.067999438] [coverage_planner]: 离边界0.78m，side_dist限制为0.20m
[python3-5] [INFO] [1791396877.068437828] [coverage_planner]: 开始绕行: (-1.19, -2.56)
[python3-5] [INFO] [1791396879.171082217] [coverage_planner]: 绕行完成，回到航点 35
[python3-5] [WARN] [1791396881.522738943] [coverage_planner]: 触发避障!激光:True(前0.29m) 视觉:False 左空0.49右空4.92
[python3-5] [INFO] [1791396881.523213925] [coverage_planner]: 航点35第2次失败
[python3-5] [INFO] [1791396881.523639018] [coverage_planner]: 连续避障第1次，保持向左绕行
[python3-5] [INFO] [1791396881.524342652] [coverage_planner]: 侧向激光约束: 绕行方向空间0.49m，side_dist限制为0.29m
[python3-5] [INFO] [1791396881.525381372] [coverage_planner]: 开始绕行: (-1.20, -2.52)
[python3-5] [INFO] [1791396883.674787291] [coverage_planner]: 绕行完成，回到航点 35
[python3-5] [WARN] [1791396886.177769047] [coverage_planner]: 触发避障!激光:True(前0.30m) 视觉:False 左空0.47右空4.99
[python3-5] [INFO] [1791396886.178330216] [coverage_planner]: 航点35第3次失败
[python3-5] [WARN] [1791396886.178903248] [coverage_planner]: 🚨 航点35失败3次，跳过
[python3-5] [INFO] [1791396886.227391931] [coverage_planner]: 🌀 航点36航线被挡，插入2个绕障圆弧航点
[python3-5] [WARN] [1791396886.275795071] [coverage_planner]: 触发避障!激光:True(前0.29m) 视觉:False 左空0.44右空5.01
[python3-5] [INFO] [1791396886.276037262] [coverage_planner]: 航点36第1次失败
[python3-5] [INFO] [1791396886.276213398] [coverage_planner]: 连续避障第1次，保持向左绕行
[python3-5] [INFO] [1791396886.276511336] [coverage_planner]: 侧向激光约束: 绕行方向空间0.44m，side_dist限制为0.24m
[python3-5] [INFO] [1791396886.276981392] [coverage_planner]: 开始绕行: (-1.24, -2.56)
[python3-5] [INFO] [1791396888.329362244] [coverage_planner]: 绕行完成，回到航点 36
[python3-5] [WARN] [1791396890.482346014] [coverage_planner]: 触发避障!激光:True(前0.30m) 视觉:False 左空0.45右空5.01
[python3-5] [INFO] [1791396890.482897807] [coverage_planner]: 航点36第2次失败
[python3-5] [INFO] [1791396890.483330399] [coverage_planner]: 连续避障第1次，保持向左绕行
[python3-5] [INFO] [1791396890.484033591] [coverage_planner]: 离边界0.79m，side_dist限制为0.20m
[python3-5] [INFO] [1791396890.485145108] [coverage_planner]: 开始绕行: (-1.19, -2.55)
[python3-5] [INFO] [1791396892.582552672] [coverage_planner]: 绕行完成，回到航点 36
[python3-5] [WARN] [1791396895.036814086] [coverage_planner]: 触发避障!激光:True(前0.29m) 视觉:False 左空0.46右空4.96
[python3-5] [INFO] [1791396895.037435208] [coverage_planner]: 航点36第3次失败
[python3-5] [WARN] [1791396895.038036266] [coverage_planner]: 🚨 航点36失败3次，跳过
[python3-5] [WARN] [1791396895.137119609] [coverage_planner]: 触发避障!激光:True(前0.28m) 视觉:False 左空0.44右空4.95
[python3-5] [INFO] [1791396895.137788332] [coverage_planner]: 航点37第1次失败
[python3-5] [INFO] [1791396895.138355259] [coverage_planner]: 连续避障第1次，保持向左绕行
[python3-5] [INFO] [1791396895.139373793] [coverage_planner]: 侧向激光约束: 绕行方向空间0.44m，side_dist限制为0.24m
[python3-5] [INFO] [1791396895.140734128] [coverage_planner]: 开始绕行: (-1.23, -2.54)
[python3-5] [INFO] [1791396897.238632288] [coverage_planner]: 绕行完成，回到航点 37
[python3-5] [WARN] [1791396899.489625686] [coverage_planner]: 触发避障!激光:True(前0.29m) 视觉:False 左空0.44右空5.01
[python3-5] [INFO] [1791396899.490217802] [coverage_planner]: 航点37第2次失败
[python3-5] [INFO] [1791396899.490729690] [coverage_planner]: 连续避障第1次，保持向左绕行
[python3-5] [INFO] [1791396899.491720487] [coverage_planner]: 离边界0.76m，side_dist限制为0.20m
[python3-5] [INFO] [1791396899.493258893] [coverage_planner]: 开始绕行: (-1.21, -2.58)
[python3-5] [INFO] [1791396901.640927800] [coverage_planner]: 绕行完成，回到航点 37
[python3-5] [WARN] [1791396904.144274766] [coverage_planner]: 触发避障!激光:True(前0.29m) 视觉:False 左空0.45右空5.01
[python3-5] [INFO] [1791396904.144694750] [coverage_planner]: 航点37第3次失败
[python3-5] [WARN] [1791396904.145105322] [coverage_planner]: 🚨 航点37失败3次，跳过
[python3-5] [INFO] [1791396904.194567799] [coverage_planner]: 🌀 航点38航线被挡，插入2个绕障圆弧航点
[python3-5] [WARN] [1791396904.243311871] [coverage_planner]: 触发避障!激光:True(前0.28m) 视觉:False 左空0.43右空4.97
[python3-5] [INFO] [1791396904.243670290] [coverage_planner]: 航点38第1次失败
[python3-5] [INFO] [1791396904.243970007] [coverage_planner]: 连续避障第1次，保持向左绕行
[python3-5] [INFO] [1791396904.244639911] [coverage_planner]: 侧向激光约束: 绕行方向空间0.43m，side_dist限制为0.23m
[python3-5] [INFO] [1791396904.245536049] [coverage_planner]: 开始绕行: (-1.24, -2.56)
[python3-5] [INFO] [1791396906.243360343] [coverage_planner]: 绕行完成，回到航点 38
[python3-5] [WARN] [1791396908.798843679] [coverage_planner]: 触发避障!激光:True(前0.30m) 视觉:False 左空0.48右空4.95
[python3-5] [INFO] [1791396908.799515108] [coverage_planner]: 航点38第2次失败
[python3-5] [INFO] [1791396908.800043428] [coverage_planner]: 连续避障第1次，保持向左绕行
[python3-5] [INFO] [1791396908.801023640] [coverage_planner]: 侧向激光约束: 绕行方向空间0.48m，side_dist限制为0.28m
[python3-5] [INFO] [1791396908.802658262] [coverage_planner]: 开始绕行: (-1.24, -2.55)
[python3-5] [WARN] [1791396910.901135994] [coverage_planner]: 前方仍有障碍，跳过航点 38
[python3-5] [WARN] [1791396913.503781769] [coverage_planner]: 触发避障!激光:True(前0.30m) 视觉:False 左空0.46右空4.97
[python3-5] [INFO] [1791396913.504399341] [coverage_planner]: 航点39第1次失败
[python3-5] [INFO] [1791396913.504935890] [coverage_planner]: 连续避障第1次，保持向左绕行
[python3-5] [INFO] [1791396913.505895286] [coverage_planner]: 侧向激光约束: 绕行方向空间0.46m，side_dist限制为0.26m
[python3-5] [INFO] [1791396913.507317178] [coverage_planner]: 开始绕行: (-1.24, -2.57)
[python3-5] [INFO] [1791396915.605080760] [coverage_planner]: 绕行完成，回到航点 39
[python3-5] [WARN] [1791396917.957375796] [coverage_planner]: 触发避障!激光:True(前0.30m) 视觉:False 左空0.50右空4.96
[python3-5] [INFO] [1791396917.958012002] [coverage_planner]: 航点39第2次失败
[python3-5] [INFO] [1791396917.958537645] [coverage_planner]: 连续避障第1次，保持向左绕行
[python3-5] [INFO] [1791396917.959762837] [coverage_planner]: 侧向激光约束: 绕行方向空间0.50m，side_dist限制为0.30m
[python3-5] [INFO] [1791396917.961278704] [coverage_planner]: 开始绕行: (-1.25, -2.57)
[python3-5] [INFO] [1791396920.107576881] [coverage_planner]: 绕行完成，回到航点 39
[python3-5] [WARN] [1791396922.562057260] [coverage_planner]: 触发避障!激光:True(前0.27m) 视觉:False 左空0.42右空5.00
[python3-5] [INFO] [1791396922.562575820] [coverage_planner]: 航点39第3次失败
[python3-5] [WARN] [1791396922.563039172] [coverage_planner]: 🚨 航点39失败3次，跳过
[python3-5] [INFO] [1791396922.612693264] [coverage_planner]: 🌀 航点40航线被挡，插入2个绕障圆弧航点
[python3-5] [WARN] [1791396922.761975662] [coverage_planner]: 触发避障!激光:True(前0.24m) 视觉:False 左空0.40右空5.02
[python3-5] [INFO] [1791396922.762597730] [coverage_planner]: 航点40第1次失败
[python3-5] [INFO] [1791396922.763128057] [coverage_planner]: 连续避障第1次，保持向左绕行
[python3-5] [INFO] [1791396922.764029452] [coverage_planner]: 侧向激光约束: 绕行方向空间0.40m，side_dist限制为0.20m
[python3-5] [WARN] [1791396922.764546149] [coverage_planner]: 侧向空间不足(0.40m)，保守脱困：后退+旋转
[python3-5] [WARN] [1791396922.812190383] [coverage_planner]: 触发避障!激光:True(前0.24m) 视觉:False 左空0.41右空5.02
[python3-5] [INFO] [1791396922.812800932] [coverage_planner]: 航点40第2次失败
[python3-5] [INFO] [1791396922.813325700] [coverage_planner]: 连续避障第2次，保持向左绕行
[python3-5] [INFO] [1791396922.814250928] [coverage_planner]: 侧向激光约束: 绕行方向空间0.41m，side_dist限制为0.21m
[python3-5] [INFO] [1791396922.815724880] [coverage_planner]: 开始绕行: (-1.24, -2.53)
[python3-5] [WARN] [1791396923.011673308] [coverage_planner]: 前方仍有障碍，跳过航点 40
[python3-5] [WARN] [1791396924.010576695] [coverage_planner]: 触发避障!激光:True(前0.28m) 视觉:False 左空0.46右空4.94
[python3-5] [INFO] [1791396924.010773614] [coverage_planner]: 航点41第1次失败
[python3-5] [INFO] [1791396924.010934845] [coverage_planner]: 连续避障第1次，保持向左绕行
[python3-5] [INFO] [1791396924.011212751] [coverage_planner]: 侧向激光约束: 绕行方向空间0.46m，side_dist限制为0.26m
[python3-5] [INFO] [1791396924.011684460] [coverage_planner]: 开始绕行: (-1.24, -2.53)
[python3-5] [WARN] [1791396926.114146836] [coverage_planner]: 前方仍有障碍，跳过航点 41
[python3-5] [INFO] [1791396926.164963966] [coverage_planner]: 🌀 航点42航线被挡，插入2个绕障圆弧航点
[python3-5] [WARN] [1791396928.364744906] [coverage_planner]: 触发避障!激光:True(前0.29m) 视觉:False 左空0.47右空4.93
[python3-5] [INFO] [1791396928.364984289] [coverage_planner]: 航点42第1次失败
[python3-5] [INFO] [1791396928.365182390] [coverage_planner]: 连续避障第1次，保持向左绕行
[python3-5] [INFO] [1791396928.365573808] [coverage_planner]: 侧向激光约束: 绕行方向空间0.47m，side_dist限制为0.27m
[python3-5] [INFO] [1791396928.366124737] [coverage_planner]: 开始绕行: (-1.21, -2.53)
[python3-5] [INFO] [1791396930.468309851] [coverage_planner]: 绕行完成，回到航点 42
[python3-5] [WARN] [1791396932.668454023] [coverage_planner]: 触发避障!激光:True(前0.28m) 视觉:False 左空0.44右空5.00
[python3-5] [INFO] [1791396932.668674035] [coverage_planner]: 航点42第2次失败
[python3-5] [INFO] [1791396932.668850089] [coverage_planner]: 连续避障第1次，保持向左绕行
[python3-5] [INFO] [1791396932.669137952] [coverage_planner]: 离边界0.78m，side_dist限制为0.20m
[python3-5] [INFO] [1791396932.669616796] [coverage_planner]: 开始绕行: (-1.21, -2.56)
[python3-5] [INFO] [1791396934.772979835] [coverage_planner]: 绕行完成，回到航点 42
[python3-5] [WARN] [1791396936.973061542] [coverage_planner]: 触发避障!激光:True(前0.30m) 视觉:False 左空0.48右空4.95
[python3-5] [INFO] [1791396936.973767391] [coverage_planner]: 航点42第3次失败
[python3-5] [WARN] [1791396936.974506809] [coverage_planner]: 🚨 航点42失败3次，跳过
[python3-5] [WARN] [1791396937.223878508] [coverage_planner]: 触发避障!激光:True(前0.29m) 视觉:False 左空0.47右空4.96
[python3-5] [INFO] [1791396937.224498396] [coverage_planner]: 航点43第1次失败
[python3-5] [INFO] [1791396937.225022507] [coverage_planner]: 连续避障第1次，保持向左绕行
[python3-5] [INFO] [1791396937.225911421] [coverage_planner]: 侧向激光约束: 绕行方向空间0.47m，side_dist限制为0.27m
[python3-5] [INFO] [1791396937.227368163] [coverage_planner]: 开始绕行: (-1.22, -2.53)
[python3-5] [INFO] [1791396939.326368158] [coverage_planner]: 绕行完成，回到航点 43
[python3-5] [WARN] [1791396941.628965087] [coverage_planner]: 触发避障!激光:True(前0.30m) 视觉:False 左空0.48右空4.94
[python3-5] [INFO] [1791396941.629946994] [coverage_planner]: 航点43第2次失败
[python3-5] [INFO] [1791396941.630852777] [coverage_planner]: 连续避障第1次，保持向左绕行
[python3-5] [INFO] [1791396941.632125989] [coverage_planner]: 侧向激光约束: 绕行方向空间0.48m，side_dist限制为0.28m
[python3-5] [INFO] [1791396941.633778285] [coverage_planner]: 开始绕行: (-1.22, -2.55)
[python3-5] [INFO] [1791396943.780457608] [coverage_planner]: 绕行完成，回到航点 43
[python3-5] [WARN] [1791396946.433261816] [coverage_planner]: 触发避障!激光:True(前0.30m) 视觉:False 左空0.46右空4.96
[python3-5] [INFO] [1791396946.433881864] [coverage_planner]: 航点43第3次失败
[python3-5] [WARN] [1791396946.434514591] [coverage_planner]: 🚨 航点43失败3次，跳过
[python3-5] [INFO] [1791396946.483359907] [coverage_planner]: 🌀 航点44航线被挡，插入2个绕障圆弧航点
[python3-5] [WARN] [1791396946.531413717] [coverage_planner]: 触发避障!激光:True(前0.27m) 视觉:False 左空0.43右空4.99
[python3-5] [INFO] [1791396946.531704922] [coverage_planner]: 航点44第1次失败
[python3-5] [INFO] [1791396946.531942316] [coverage_planner]: 连续避障第1次，保持向左绕行
[python3-5] [INFO] [1791396946.532338134] [coverage_planner]: 侧向激光约束: 绕行方向空间0.43m，side_dist限制为0.23m
[python3-5] [INFO] [1791396946.532994052] [coverage_planner]: 开始绕行: (-1.23, -2.52)
[python3-5] [INFO] [1791396948.583286583] [coverage_planner]: 绕行完成，回到航点 44
[python3-5] [WARN] [1791396950.988616880] [coverage_planner]: 触发避障!激光:True(前0.30m) 视觉:False 左空0.46右空4.95
[python3-5] [INFO] [1791396950.989342680] [coverage_planner]: 航点44第2次失败
[python3-5] [INFO] [1791396950.989839725] [coverage_planner]: 连续避障第1次，保持向左绕行
[python3-5] [INFO] [1791396950.990831326] [coverage_planner]: 侧向激光约束: 绕行方向空间0.46m，side_dist限制为0.26m
[python3-5] [INFO] [1791396950.992314636] [coverage_planner]: 开始绕行: (-1.23, -2.57)
[python3-5] [INFO] [1791396953.088132915] [coverage_planner]: 绕行完成，回到航点 44
[python3-5] [WARN] [1791396955.692837029] [coverage_planner]: 触发避障!激光:True(前0.29m) 视觉:False 左空0.44右空4.97
[python3-5] [INFO] [1791396955.693528054] [coverage_planner]: 航点44第3次失败
[python3-5] [WARN] [1791396955.694210721] [coverage_planner]: 🚨 航点44失败3次，跳过
[python3-5] [WARN] [1791396955.790795353] [coverage_planner]: 触发避障!激光:True(前0.28m) 视觉:False 左空0.44右空4.99
[python3-5] [INFO] [1791396955.791312969] [coverage_planner]: 航点45第1次失败
[python3-5] [INFO] [1791396955.791764082] [coverage_planner]: 连续避障第1次，保持向左绕行
[python3-5] [INFO] [1791396955.792591696] [coverage_planner]: 侧向激光约束: 绕行方向空间0.44m，side_dist限制为0.24m
[python3-5] [INFO] [1791396955.794121961] [coverage_planner]: 开始绕行: (-1.24, -2.57)
[python3-5] [INFO] [1791396957.892894051] [coverage_planner]: 绕行完成，回到航点 45
[python3-5] [WARN] [1791396960.246002869] [coverage_planner]: 触发避障!激光:True(前0.29m) 视觉:False 左空0.48右空4.95
[python3-5] [INFO] [1791396960.246694207] [coverage_planner]: 航点45第2次失败
[python3-5] [INFO] [1791396960.247639984] [coverage_planner]: 连续避障第1次，保持向左绕行
[python3-5] [INFO] [1791396960.248743924] [coverage_planner]: 侧向激光约束: 绕行方向空间0.48m，side_dist限制为0.28m
[python3-5] [INFO] [1791396960.250262473] [coverage_planner]: 开始绕行: (-1.24, -2.57)
[python3-5] [WARN] [1791396962.396338301] [coverage_planner]: 前方仍有障碍，跳过航点 45
[python3-5] [INFO] [1791396962.448104979] [coverage_planner]: 🌀 航点46航线被挡，插入2个绕障圆弧航点
[python3-5] [WARN] [1791396964.745961488] [coverage_planner]: 触发避障!激光:True(前0.30m) 视觉:False 左空0.44右空5.02
[python3-5] [INFO] [1791396964.746166812] [coverage_planner]: 航点46第1次失败
[python3-5] [INFO] [1791396964.746332479] [coverage_planner]: 连续避障第1次，保持向左绕行
[python3-5] [INFO] [1791396964.746627377] [coverage_planner]: 离边界0.78m，side_dist限制为0.20m
[python3-5] [INFO] [1791396964.747113075] [coverage_planner]: 开始绕行: (-1.21, -2.56)
[python3-5] [INFO] [1791396966.849144559] [coverage_planner]: 绕行完成，回到航点 46
[python3-5] [WARN] [1791396969.201490058] [coverage_planner]: 触发避障!激光:True(前0.30m) 视觉:False 左空0.52右空4.89
[python3-5] [INFO] [1791396969.202063673] [coverage_planner]: 航点46第2次失败
[python3-5] [INFO] [1791396969.202553673] [coverage_planner]: 连续避障第1次，保持向左绕行
[python3-5] [INFO] [1791396969.203410398] [coverage_planner]: 侧向激光约束: 绕行方向空间0.52m，side_dist限制为0.32m
[python3-5] [INFO] [1791396969.205292377] [coverage_planner]: 开始绕行: (-1.21, -2.52)
[python3-5] [INFO] [1791396971.402508777] [coverage_planner]: 绕行完成，回到航点 46
[python3-5] [WARN] [1791396973.956300869] [coverage_planner]: 触发避障!激光:True(前0.29m) 视觉:False 左空0.46右空4.99
[python3-5] [INFO] [1791396973.956815826] [coverage_planner]: 航点46第3次失败
[python3-5] [WARN] [1791396973.957424165] [coverage_planner]: 🚨 航点46失败3次，跳过
[python3-5] [WARN] [1791396974.056435194] [coverage_planner]: 触发避障!激光:True(前0.29m) 视觉:False 左空0.43右空4.99
[python3-5] [INFO] [1791396974.057135987] [coverage_planner]: 航点47第1次失败
[python3-5] [INFO] [1791396974.057683397] [coverage_planner]: 连续避障第1次，保持向左绕行
[python3-5] [INFO] [1791396974.058571360] [coverage_planner]: 侧向激光约束: 绕行方向空间0.43m，side_dist限制为0.23m
[python3-5] [INFO] [1791396974.059739671] [coverage_planner]: 开始绕行: (-1.23, -2.56)
[python3-5] [INFO] [1791396976.105718446] [coverage_planner]: 绕行完成，回到航点 47
[python3-5] [WARN] [1791396978.559557846] [coverage_planner]: 触发避障!激光:True(前0.26m) 视觉:False 左空0.44右空4.97
[python3-5] [INFO] [1791396978.560053699] [coverage_planner]: 航点47第2次失败
[python3-5] [INFO] [1791396978.560464024] [coverage_planner]: 连续避障第1次，保持向左绕行
[python3-5] [INFO] [1791396978.561183218] [coverage_planner]: 侧向激光约束: 绕行方向空间0.44m，side_dist限制为0.24m
[python3-5] [INFO] [1791396978.562352699] [coverage_planner]: 开始绕行: (-1.22, -2.49)
[python3-5] [INFO] [1791396980.660230673] [coverage_planner]: 绕行完成，回到航点 47
[python3-5] [WARN] [1791396983.113161060] [coverage_planner]: 触发避障!激光:True(前0.29m) 视觉:False 左空0.47右空4.96
[python3-5] [INFO] [1791396983.113583254] [coverage_planner]: 航点47第3次失败
[python3-5] [WARN] [1791396983.114022009] [coverage_planner]: 🚨 航点47失败3次，跳过
[python3-5] [INFO] [1791396983.163589414] [coverage_planner]: 🌀 航点48航线被挡，插入2个绕障圆弧航点
[python3-5] [WARN] [1791396983.212723566] [coverage_planner]: 触发避障!激光:True(前0.28m) 视觉:False 左空0.44右空4.91
[python3-5] [INFO] [1791396983.212908723] [coverage_planner]: 航点48第1次失败
[python3-5] [INFO] [1791396983.213066890] [coverage_planner]: 连续避障第1次，保持向左绕行
[python3-5] [INFO] [1791396983.213334656] [coverage_planner]: 侧向激光约束: 绕行方向空间0.44m，side_dist限制为0.24m
[python3-5] [INFO] [1791396983.213785018] [coverage_planner]: 开始绕行: (-1.23, -2.52)
[python3-5] [WARN] [1791396985.265273215] [coverage_planner]: 前方仍有障碍，跳过航点 48
[python3-5] [WARN] [1791396987.517078232] [coverage_planner]: 触发避障!激光:True(前0.30m) 视觉:False 左空0.52右空4.90
[python3-5] [INFO] [1791396987.517534985] [coverage_planner]: 航点49第1次失败
[python3-5] [INFO] [1791396987.517875195] [coverage_planner]: 连续避障第1次，保持向左绕行
[python3-5] [INFO] [1791396987.518465923] [coverage_planner]: 侧向激光约束: 绕行方向空间0.52m，side_dist限制为0.32m
[python3-5] [INFO] [1791396987.519991253] [coverage_planner]: 开始绕行: (-1.21, -2.53)
[python3-5] [INFO] [1791396989.668502198] [coverage_planner]: 绕行完成，回到航点 49
[python3-5] [WARN] [1791396992.269306225] [coverage_planner]: 触发避障!激光:True(前0.29m) 视觉:False 左空0.43右空5.02
[python3-5] [INFO] [1791396992.269509244] [coverage_planner]: 航点49第2次失败
[python3-5] [INFO] [1791396992.269676363] [coverage_planner]: 连续避障第1次，保持向左绕行
[python3-5] [INFO] [1791396992.269983994] [coverage_planner]: 离边界0.79m，side_dist限制为0.20m
[python3-5] [INFO] [1791396992.270492361] [coverage_planner]: 开始绕行: (-1.22, -2.56)
[python3-5] [INFO] [1791396994.423181608] [coverage_planner]: 绕行完成，回到航点 49
[python3-5] [WARN] [1791396996.925069256] [coverage_planner]: 触发避障!激光:True(前0.26m) 视觉:False 左空0.43右空5.01
[python3-5] [INFO] [1791396996.925670774] [coverage_planner]: 航点49第3次失败
[python3-5] [WARN] [1791396996.926143876] [coverage_planner]: 🚨 航点49失败3次，跳过
[python3-5] [INFO] [1791396996.974186678] [coverage_planner]: 🌀 航点50航线被挡，插入2个绕障圆弧航点
[python3-5] [WARN] [1791396997.023640658] [coverage_planner]: 触发避障!激光:True(前0.24m) 视觉:False 左空0.40右空4.99
[python3-5] [INFO] [1791396997.023914635] [coverage_planner]: 航点50第1次失败
[python3-5] [INFO] [1791396997.024199907] [coverage_planner]: 连续避障第1次，保持向左绕行
[python3-5] [INFO] [1791396997.024659935] [coverage_planner]: 侧向激光约束: 绕行方向空间0.40m，side_dist限制为0.20m
[python3-5] [INFO] [1791396997.025375396] [coverage_planner]: 开始绕行: (-1.23, -2.51)
[python3-5] [INFO] [1791396999.076226993] [coverage_planner]: 绕行完成，回到航点 50
[python3-5] [WARN] [1791397001.379044257] [coverage_planner]: 触发避障!激光:True(前0.29m) 视觉:False 左空0.43右空4.97
[python3-5] [INFO] [1791397001.379731476] [coverage_planner]: 航点50第2次失败
[python3-5] [INFO] [1791397001.380140418] [coverage_planner]: 连续避障第1次，保持向左绕行
[python3-5] [INFO] [1791397001.380970951] [coverage_planner]: 离边界0.79m，side_dist限制为0.20m
[python3-5] [INFO] [1791397001.382140594] [coverage_planner]: 开始绕行: (-1.21, -2.55)
[python3-5] [INFO] [1791397003.479732537] [coverage_planner]: 绕行完成，回到航点 50
[python3-5] [WARN] [1791397006.081372770] [coverage_planner]: 触发避障!激光:True(前0.29m) 视觉:False 左空0.46右空4.96
[python3-5] [INFO] [1791397006.081765922] [coverage_planner]: 航点50第3次失败
[python3-5] [WARN] [1791397006.082122702] [coverage_planner]: 🚨 航点50失败3次，跳过
[python3-5] [WARN] [1791397006.181786985] [coverage_planner]: 触发避障!激光:True(前0.28m) 视觉:False 左空0.44右空4.96
[python3-5] [INFO] [1791397006.182237708] [coverage_planner]: 航点51第1次失败
[python3-5] [INFO] [1791397006.182652629] [coverage_planner]: 连续避障第1次，保持向左绕行
[python3-5] [INFO] [1791397006.183385500] [coverage_planner]: 侧向激光约束: 绕行方向空间0.44m，side_dist限制为0.24m
[python3-5] [INFO] [1791397006.184542255] [coverage_planner]: 开始绕行: (-1.23, -2.53)
[python3-5] [INFO] [1791397008.284121775] [coverage_planner]: 绕行完成，回到航点 51
[python3-5] [WARN] [1791397010.937112538] [coverage_planner]: 触发避障!激光:True(前0.29m) 视觉:False 左空0.46右空4.97
[python3-5] [INFO] [1791397010.937866867] [coverage_planner]: 航点51第2次失败
[python3-5] [INFO] [1791397010.938589891] [coverage_planner]: 连续避障第1次，保持向左绕行
[python3-5] [INFO] [1791397010.939570108] [coverage_planner]: 侧向激光约束: 绕行方向空间0.46m，side_dist限制为0.26m
[python3-5] [INFO] [1791397010.940783906] [coverage_planner]: 开始绕行: (-1.23, -2.56)
[python3-5] [INFO] [1791397013.040751553] [coverage_planner]: 绕行完成，回到航点 51
[python3-5] [WARN] [1791397015.192026554] [coverage_planner]: 触发避障!激光:True(前0.30m) 视觉:False 左空0.47右空4.97
[python3-5] [INFO] [1791397015.192674338] [coverage_planner]: 航点51第3次失败
[python3-5] [WARN] [1791397015.193303605] [coverage_planner]: 🚨 航点51失败3次，跳过
[python3-5] [INFO] [1791397015.240768508] [coverage_planner]: 🌀 航点52航线被挡，插入2个绕障圆弧航点
[python3-5] [WARN] [1791397015.291273251] [coverage_planner]: 触发避障!激光:True(前0.29m) 视觉:False 左空0.45右空4.94
[python3-5] [INFO] [1791397015.291689257] [coverage_planner]: 航点52第1次失败
[python3-5] [INFO] [1791397015.292040962] [coverage_planner]: 连续避障第1次，保持向左绕行
[python3-5] [INFO] [1791397015.292661833] [coverage_planner]: 侧向激光约束: 绕行方向空间0.45m，side_dist限制为0.25m
[python3-5] [INFO] [1791397015.293583712] [coverage_planner]: 开始绕行: (-1.23, -2.55)
[python3-5] [INFO] [1791397017.342274957] [coverage_planner]: 绕行完成，回到航点 52
[python3-5] [WARN] [1791397019.743495450] [coverage_planner]: 触发避障!激光:True(前0.30m) 视觉:False 左空0.46右空4.96
[python3-5] [INFO] [1791397019.743838710] [coverage_planner]: 航点52第2次失败
[python3-5] [INFO] [1791397019.744123173] [coverage_planner]: 连续避障第1次，保持向左绕行
[python3-5] [INFO] [1791397019.744634291] [coverage_planner]: 侧向激光约束: 绕行方向空间0.46m，side_dist限制为0.26m
[python3-5] [INFO] [1791397019.745487630] [coverage_planner]: 开始绕行: (-1.24, -2.56)
[python3-5] [WARN] [1791397021.895745714] [coverage_planner]: 前方仍有障碍，跳过航点 52
[python3-5] [WARN] [1791397024.296892836] [coverage_planner]: 触发避障!激光:True(前0.30m) 视觉:False 左空0.50右空4.94
[python3-5] [INFO] [1791397024.297143758] [coverage_planner]: 航点53第1次失败
[python3-5] [INFO] [1791397024.297370710] [coverage_planner]: 连续避障第1次，保持向左绕行
[python3-5] [INFO] [1791397024.297768176] [coverage_planner]: 侧向激光约束: 绕行方向空间0.50m，side_dist限制为0.30m
[python3-5] [INFO] [1791397024.298418336] [coverage_planner]: 开始绕行: (-1.22, -2.56)
[python3-5] [INFO] [1791397026.450101773] [coverage_planner]: 绕行完成，回到航点 53
[python3-5] [WARN] [1791397028.951735868] [coverage_planner]: 触发避障!激光:True(前0.30m) 视觉:False 左空0.44右空5.00
[python3-5] [INFO] [1791397028.952382447] [coverage_planner]: 航点53第2次失败
[python3-5] [INFO] [1791397028.952823777] [coverage_planner]: 连续避障第1次，保持向左绕行
[python3-5] [INFO] [1791397028.953474882] [coverage_planner]: 离边界0.78m，side_dist限制为0.20m
[python3-5] [INFO] [1791397028.954339978] [coverage_planner]: 开始绕行: (-1.21, -2.57)
[python3-5] [INFO] [1791397031.053426060] [coverage_planner]: 绕行完成，回到航点 53
[python3-5] [WARN] [1791397033.456595281] [coverage_planner]: 触发避障!激光:True(前0.30m) 视觉:False 左空0.45右空4.97
[python3-5] [INFO] [1791397033.457465211] [coverage_planner]: 航点53第3次失败
[python3-5] [WARN] [1791397033.458219655] [coverage_planner]: 🚨 航点53失败3次，跳过
[python3-5] [INFO] [1791397033.506207550] [coverage_planner]: 🌀 航点54航线被挡，插入2个绕障圆弧航点
[python3-5] [WARN] [1791397033.554862757] [coverage_planner]: 触发避障!激光:True(前0.29m) 视觉:False 左空0.43右空5.01
[python3-5] [INFO] [1791397033.555114873] [coverage_planner]: 航点54第1次失败
[python3-5] [INFO] [1791397033.555329743] [coverage_planner]: 连续避障第1次，保持向左绕行
[python3-5] [INFO] [1791397033.555703079] [coverage_planner]: 离边界0.80m，side_dist限制为0.20m
[python3-5] [INFO] [1791397033.556324357] [coverage_planner]: 开始绕行: (-1.21, -2.54)
[python3-5] [INFO] [1791397035.607324995] [coverage_planner]: 绕行完成，回到航点 54
[python3-5] [WARN] [1791397038.160344990] [coverage_planner]: 触发避障!激光:True(前0.29m) 视觉:False 左空0.46右空4.97
[python3-5] [INFO] [1791397038.160924164] [coverage_planner]: 航点54第2次失败
[python3-5] [INFO] [1791397038.161393982] [coverage_planner]: 连续避障第1次，保持向左绕行
[python3-5] [INFO] [1791397038.162061227] [coverage_planner]: 侧向激光约束: 绕行方向空间0.46m，side_dist限制为0.26m
[python3-5] [INFO] [1791397038.162932728] [coverage_planner]: 开始绕行: (-1.23, -2.56)
[python3-5] [INFO] [1791397040.261500693] [coverage_planner]: 绕行完成，回到航点 54
[python3-5] [WARN] [1791397042.712886218] [coverage_planner]: 触发避障!激光:True(前0.30m) 视觉:False 左空0.50右空4.89
[python3-5] [INFO] [1791397042.713171817] [coverage_planner]: 航点54第3次失败
[python3-5] [WARN] [1791397042.713462981] [coverage_planner]: 🚨 航点54失败3次，跳过
[python3-5] [WARN] [1791397042.815400071] [coverage_planner]: 触发避障!激光:True(前0.29m) 视觉:False 左空0.49右空4.92
[python3-5] [INFO] [1791397042.815883981] [coverage_planner]: 航点55第1次失败
[python3-5] [INFO] [1791397042.816303354] [coverage_planner]: 连续避障第1次，保持向左绕行
[python3-5] [INFO] [1791397042.818015278] [coverage_planner]: 侧向激光约束: 绕行方向空间0.49m，side_dist限制为0.29m
[python3-5] [INFO] [1791397042.820030992] [coverage_planner]: 开始绕行: (-1.22, -2.52)
[python3-5] [INFO] [1791397044.865915814] [coverage_planner]: 绕行完成，回到航点 55
[python3-5] [WARN] [1791397047.418940077] [coverage_planner]: 触发避障!激光:True(前0.30m) 视觉:False 左空0.48右空4.94
[python3-5] [INFO] [1791397047.419253964] [coverage_planner]: 航点55第2次失败
[python3-5] [INFO] [1791397047.419476670] [coverage_planner]: 连续避障第1次，保持向左绕行
[python3-5] [INFO] [1791397047.419827611] [coverage_planner]: 侧向激光约束: 绕行方向空间0.48m，side_dist限制为0.28m
[python3-5] [INFO] [1791397047.420307874] [coverage_planner]: 开始绕行: (-1.23, -2.57)
[python3-5] [INFO] [1791397049.570196563] [coverage_planner]: 绕行完成，回到航点 55
[python3-5] [WARN] [1791397052.171725057] [coverage_planner]: 触发避障!激光:True(前0.28m) 视觉:False 左空0.44右空4.98
[python3-5] [INFO] [1791397052.172087475] [coverage_planner]: 航点55第3次失败
[python3-5] [WARN] [1791397052.172449634] [coverage_planner]: 🚨 航点55失败3次，跳过
[python3-5] [INFO] [1791397052.224665843] [coverage_planner]: 🌀 航点56航线被挡，插入2个绕障圆弧航点
[python3-5] [WARN] [1791397052.271368246] [coverage_planner]: 触发避障!激光:True(前0.28m) 视觉:False 左空0.44右空4.98
[python3-5] [INFO] [1791397052.271804221] [coverage_planner]: 航点56第1次失败
[python3-5] [INFO] [1791397052.272028381] [coverage_planner]: 连续避障第1次，保持向左绕行
[python3-5] [INFO] [1791397052.272440111] [coverage_planner]: 侧向激光约束: 绕行方向空间0.44m，side_dist限制为0.24m
[python3-5] [INFO] [1791397052.273193496] [coverage_planner]: 开始绕行: (-1.24, -2.56)
[python3-5] [INFO] [1791397054.323945100] [coverage_planner]: 绕行完成，回到航点 56
[python3-5] [WARN] [1791397056.624611172] [coverage_planner]: 触发避障!激光:True(前0.30m) 视觉:False 左空0.50右空4.96
[python3-5] [INFO] [1791397056.624857506] [coverage_planner]: 航点56第2次失败
[python3-5] [INFO] [1791397056.625046795] [coverage_planner]: 连续避障第1次，保持向左绕行
[python3-5] [INFO] [1791397056.625390814] [coverage_planner]: 侧向激光约束: 绕行方向空间0.50m，side_dist限制为0.30m
[python3-5] [INFO] [1791397056.626060764] [coverage_planner]: 开始绕行: (-1.24, -2.58)
[python3-5] [INFO] [1791397058.775919562] [coverage_planner]: 绕行完成，回到航点 56
[python3-5] [WARN] [1791397061.329386623] [coverage_planner]: 触发避障!激光:True(前0.29m) 视觉:False 左空0.45右空4.95
[python3-5] [INFO] [1791397061.329732707] [coverage_planner]: 航点56第3次失败
[python3-5] [WARN] [1791397061.330088228] [coverage_planner]: 🚨 航点56失败3次，跳过
[python3-5] [WARN] [1791397061.432626888] [coverage_planner]: 触发避障!激光:True(前0.28m) 视觉:False 左空0.42右空4.99
[python3-5] [INFO] [1791397061.433551966] [coverage_planner]: 航点57第1次失败
[python3-5] [INFO] [1791397061.434404579] [coverage_planner]: 连续避障第1次，保持向左绕行
[python3-5] [INFO] [1791397061.435332104] [coverage_planner]: 侧向激光约束: 绕行方向空间0.42m，side_dist限制为0.22m
[python3-5] [INFO] [1791397061.436372906] [coverage_planner]: 开始绕行: (-1.23, -2.54)
[python3-5] [INFO] [1791397063.483008933] [coverage_planner]: 绕行完成，回到航点 57
[python3-5] [WARN] [1791397065.784756040] [coverage_planner]: 触发避障!激光:True(前0.30m) 视觉:False 左空0.45右空5.02
[python3-5] [INFO] [1791397065.785595581] [coverage_planner]: 航点57第2次失败
[python3-5] [INFO] [1791397065.786355307] [coverage_planner]: 连续避障第1次，保持向左绕行
[python3-5] [INFO] [1791397065.787391360] [coverage_planner]: 离边界0.76m，side_dist限制为0.20m
[python3-5] [INFO] [1791397065.788398210] [coverage_planner]: 开始绕行: (-1.21, -2.58)
[python3-5] [INFO] [1791397067.836461187] [coverage_planner]: 绕行完成，回到航点 57
[python3-5] [WARN] [1791397070.236853511] [coverage_planner]: 触发避障!激光:True(前0.30m) 视觉:False 左空0.48右空4.95
[python3-5] [INFO] [1791397070.237598771] [coverage_planner]: 航点57第3次失败
[python3-5] [WARN] [1791397070.238362288] [coverage_planner]: 🚨 航点57失败3次，跳过
[python3-5] [INFO] [1791397070.286926910] [coverage_planner]: 🌀 航点58航线被挡，插入2个绕障圆弧航点
[python3-5] [WARN] [1791397070.335717908] [coverage_planner]: 触发避障!激光:True(前0.29m) 视觉:False 左空0.47右空4.97
[python3-5] [INFO] [1791397070.336059753] [coverage_planner]: 航点58第1次失败
[python3-5] [INFO] [1791397070.336404259] [coverage_planner]: 连续避障第1次，保持向左绕行
[python3-5] [INFO] [1791397070.336981550] [coverage_planner]: 侧向激光约束: 绕行方向空间0.47m，side_dist限制为0.27m
[python3-5] [INFO] [1791397070.337979744] [coverage_planner]: 开始绕行: (-1.24, -2.56)
[python3-5] [INFO] [1791397072.388046388] [coverage_planner]: 绕行完成，回到航点 58
[python3-5] [WARN] [1791397074.891560975] [coverage_planner]: 触发避障!激光:True(前0.30m) 视觉:False 左空0.46右空5.00
[python3-5] [INFO] [1791397074.892186131] [coverage_planner]: 航点58第2次失败
[python3-5] [INFO] [1791397074.892727903] [coverage_planner]: 连续避障第1次，保持向左绕行
[python3-5] [INFO] [1791397074.893635924] [coverage_planner]: 离边界0.80m，side_dist限制为0.20m
[python3-5] [INFO] [1791397074.895102254] [coverage_planner]: 开始绕行: (-1.21, -2.55)
[python3-5] [INFO] [1791397076.990652755] [coverage_planner]: 绕行完成，回到航点 58
[python3-5] [WARN] [1791397079.342485485] [coverage_planner]: 触发避障!激光:True(前0.29m) 视觉:False 左空0.49右空4.97
[python3-5] [INFO] [1791397079.342687880] [coverage_planner]: 航点58第3次失败
[python3-5] [WARN] [1791397079.342885003] [coverage_planner]: 🚨 航点58失败3次，跳过
[python3-5] [WARN] [1791397079.446666521] [coverage_planner]: 触发避障!激光:True(前0.29m) 视觉:False 左空0.48右空4.95
[python3-5] [INFO] [1791397079.447093496] [coverage_planner]: 航点59第1次失败
[python3-5] [INFO] [1791397079.447442218] [coverage_planner]: 连续避障第1次，保持向左绕行
[python3-5] [INFO] [1791397079.448052079] [coverage_planner]: 侧向激光约束: 绕行方向空间0.48m，side_dist限制为0.28m
[python3-5] [INFO] [1791397079.448954682] [coverage_planner]: 开始绕行: (-1.23, -2.56)
[python3-5] [INFO] [1791397081.546302525] [coverage_planner]: 绕行完成，回到航点 59
[python3-5] [WARN] [1791397084.147987610] [coverage_planner]: 触发避障!激光:True(前0.29m) 视觉:False 左空0.48右空4.92
[python3-5] [INFO] [1791397084.148662096] [coverage_planner]: 航点59第2次失败
[python3-5] [INFO] [1791397084.149251442] [coverage_planner]: 连续避障第1次，保持向左绕行
[python3-5] [INFO] [1791397084.150047034] [coverage_planner]: 侧向激光约束: 绕行方向空间0.48m，side_dist限制为0.28m
[python3-5] [INFO] [1791397084.151191628] [coverage_planner]: 开始绕行: (-1.22, -2.54)
[python3-5] [INFO] [1791397086.299292213] [coverage_planner]: 绕行完成，回到航点 59
[python3-5] [WARN] [1791397088.702077950] [coverage_planner]: 触发避障!激光:True(前0.29m) 视觉:False 左空0.44右空5.02
[python3-5] [INFO] [1791397088.702494967] [coverage_planner]: 航点59第3次失败
[python3-5] [WARN] [1791397088.702883865] [coverage_planner]: 🚨 航点59失败3次，跳过
[python3-5] [INFO] [1791397088.754855251] [coverage_planner]: 🌀 航点60航线被挡，插入2个绕障圆弧航点
[python3-5] [WARN] [1791397088.801204233] [coverage_planner]: 触发避障!激光:True(前0.29m) 视觉:False 左空0.42右空5.00
[python3-5] [INFO] [1791397088.801452755] [coverage_planner]: 航点60第1次失败
[python3-5] [INFO] [1791397088.801657715] [coverage_planner]: 连续避障第1次，保持向左绕行
[python3-5] [INFO] [1791397088.802014994] [coverage_planner]: 离边界0.80m，side_dist限制为0.20m
[python3-5] [INFO] [1791397088.802601927] [coverage_planner]: 开始绕行: (-1.22, -2.54)
[python3-5] [INFO] [1791397090.854968205] [coverage_planner]: 绕行完成，回到航点 60
[python3-5] [WARN] [1791397093.457721746] [coverage_planner]: 触发避障!激光:True(前0.30m) 视觉:False 左空0.45右空5.01
[python3-5] [INFO] [1791397093.458224947] [coverage_planner]: 航点60第2次失败
[python3-5] [INFO] [1791397093.458635692] [coverage_planner]: 连续避障第1次，保持向左绕行
[python3-5] [INFO] [1791397093.459768832] [coverage_planner]: 离边界0.77m，side_dist限制为0.20m
[python3-5] [INFO] [1791397093.461335353] [coverage_planner]: 开始绕行: (-1.22, -2.57)
[python3-5] [INFO] [1791397095.608007524] [coverage_planner]: 绕行完成，回到航点 60
[python3-5] [WARN] [1791397098.162111942] [coverage_planner]: 触发避障!激光:True(前0.29m) 视觉:False 左空0.47右空4.96
[python3-5] [INFO] [1791397098.162546333] [coverage_planner]: 航点60第3次失败
[python3-5] [WARN] [1791397098.162962561] [coverage_planner]: 🚨 航点60失败3次，跳过
[python3-5] [WARN] [1791397098.260076355] [coverage_planner]: 触发避障!激光:True(前0.28m) 视觉:False 左空0.45右空4.98
[python3-5] [INFO] [1791397098.260396335] [coverage_planner]: 航点61第1次失败
[python3-5] [INFO] [1791397098.260675782] [coverage_planner]: 连续避障第1次，保持向左绕行
[python3-5] [INFO] [1791397098.261087634] [coverage_planner]: 侧向激光约束: 绕行方向空间0.45m，side_dist限制为0.25m
[python3-5] [INFO] [1791397098.261791645] [coverage_planner]: 开始绕行: (-1.23, -2.54)
[python3-5] [INFO] [1791397100.311654605] [coverage_planner]: 绕行完成，回到航点 61
[python3-5] [WARN] [1791397102.514512653] [coverage_planner]: 触发避障!激光:True(前0.30m) 视觉:False 左空0.44右空5.00
[python3-5] [INFO] [1791397102.514993903] [coverage_planner]: 航点61第2次失败
[python3-5] [INFO] [1791397102.515336168] [coverage_planner]: 连续避障第1次，保持向左绕行
[python3-5] [INFO] [1791397102.515929214] [coverage_planner]: 离边界0.76m，side_dist限制为0.20m
[python3-5] [INFO] [1791397102.517026572] [coverage_planner]: 开始绕行: (-1.20, -2.58)
[python3-5] [INFO] [1791397104.615805073] [coverage_planner]: 绕行完成，回到航点 61
[python3-5] [WARN] [1791397107.070931674] [coverage_planner]: 触发避障!激光:True(前0.30m) 视觉:False 左空0.45右空5.00
[python3-5] [INFO] [1791397107.071795100] [coverage_planner]: 航点61第3次失败
[python3-5] [WARN] [1791397107.072697750] [coverage_planner]: 🚨 航点61失败3次，跳过
[python3-5] [INFO] [1791397107.119090171] [coverage_planner]: 🌀 航点62航线被挡，插入2个绕障圆弧航点
[python3-5] [WARN] [1791397107.167728336] [coverage_planner]: 触发避障!激光:True(前0.28m) 视觉:False 左空0.42右空4.99
[python3-5] [INFO] [1791397107.168091179] [coverage_planner]: 航点62第1次失败
[python3-5] [INFO] [1791397107.168396684] [coverage_planner]: 连续避障第1次，保持向左绕行
[python3-5] [INFO] [1791397107.168922419] [coverage_planner]: 侧向激光约束: 绕行方向空间0.42m，side_dist限制为0.22m
[python3-5] [INFO] [1791397107.169769510] [coverage_planner]: 开始绕行: (-1.22, -2.55)
[python3-5] [INFO] [1791397109.220448453] [coverage_planner]: 绕行完成，回到航点 62
[python3-5] [WARN] [1791397111.722156761] [coverage_planner]: 触发避障!激光:True(前0.30m) 视觉:False 左空0.47右空4.97
[python3-5] [INFO] [1791397111.722671041] [coverage_planner]: 航点62第2次失败
[python3-5] [INFO] [1791397111.723096264] [coverage_planner]: 连续避障第1次，保持向左绕行
[python3-5] [INFO] [1791397111.723773611] [coverage_planner]: 侧向激光约束: 绕行方向空间0.47m，side_dist限制为0.27m
[python3-5] [INFO] [1791397111.724808099] [coverage_planner]: 开始绕行: (-1.24, -2.59)
[python3-5] [INFO] [1791397113.824522266] [coverage_planner]: 绕行完成，回到航点 62
[python3-5] [WARN] [1791397116.224807366] [coverage_planner]: 触发避障!激光:True(前0.29m) 视觉:False 左空0.47右空4.99
[python3-5] [INFO] [1791397116.225283743] [coverage_planner]: 航点62第3次失败
[python3-5] [WARN] [1791397116.225770861] [coverage_planner]: 🚨 航点62失败3次，跳过
[python3-5] [WARN] [1791397116.325383187] [coverage_planner]: 触发避障!激光:True(前0.25m) 视觉:False 左空0.41右空4.99
[python3-5] [INFO] [1791397116.325858485] [coverage_planner]: 航点63第1次失败
[python3-5] [INFO] [1791397116.326236139] [coverage_planner]: 连续避障第1次，保持向左绕行
[python3-5] [INFO] [1791397116.326861053] [coverage_planner]: 侧向激光约束: 绕行方向空间0.41m，side_dist限制为0.21m
[python3-5] [WARN] [1791397116.327657471] [coverage_planner]: 绕行路径穿过障碍物且无法缩小，保守脱困：后退+旋转
[python3-5] [WARN] [1791397116.378374981] [coverage_planner]: 触发避障!激光:True(前0.25m) 视觉:False 左空0.40右空4.99
[python3-5] [INFO] [1791397116.379125259] [coverage_planner]: 航点63第2次失败
[python3-5] [INFO] [1791397116.379700019] [coverage_planner]: 连续避障第2次，保持向左绕行
[python3-5] [INFO] [1791397116.380925219] [coverage_planner]: 侧向激光约束: 绕行方向空间0.40m，side_dist限制为0.20m
[python3-5] [INFO] [1791397116.382436400] [coverage_planner]: 开始绕行: (-1.23, -2.52)
[python3-5] [WARN] [1791397116.577081793] [coverage_planner]: 前方仍有障碍，跳过航点 63
[python3-5] [INFO] [1791397116.624063651] [coverage_planner]: 🌀 航点64航线被挡，插入2个绕障圆弧航点
[python3-5] [WARN] [1791397117.677357554] [coverage_planner]: 触发避障!激光:True(前0.30m) 视觉:False 左空0.50右空4.94
[python3-5] [INFO] [1791397117.678258767] [coverage_planner]: 航点64第1次失败
[python3-5] [INFO] [1791397117.679045449] [coverage_planner]: 连续避障第1次，保持向左绕行
[python3-5] [INFO] [1791397117.680128062] [coverage_planner]: 侧向激光约束: 绕行方向空间0.50m，side_dist限制为0.30m
[python3-5] [INFO] [1791397117.681599181] [coverage_planner]: 开始绕行: (-1.22, -2.56)
[python3-5] [INFO] [1791397119.778115286] [coverage_planner]: 绕行完成，回到航点 64
[python3-5] [WARN] [1791397122.227640394] [coverage_planner]: 触发避障!激光:True(前0.30m) 视觉:False 左空0.45右空4.98
[python3-5] [INFO] [1791397122.227842272] [coverage_planner]: 航点64第2次失败
[python3-5] [INFO] [1791397122.228004946] [coverage_planner]: 连续避障第1次，保持向左绕行
[python3-5] [INFO] [1791397122.228288473] [coverage_planner]: 离边界0.80m，side_dist限制为0.20m
[python3-5] [INFO] [1791397122.228752942] [coverage_planner]: 开始绕行: (-1.20, -2.54)
[python3-5] [INFO] [1791397124.378622907] [coverage_planner]: 绕行完成，回到航点 64
[python3-5] [WARN] [1791397126.883057136] [coverage_planner]: 触发避障!激光:True(前0.29m) 视觉:False 左空0.45右空4.99
[python3-5] [INFO] [1791397126.883638976] [coverage_planner]: 航点64第3次失败
[python3-5] [WARN] [1791397126.884243087] [coverage_planner]: 🚨 航点64失败3次，跳过
[python3-5] [WARN] [1791397126.985846486] [coverage_planner]: 触发避障!激光:True(前0.28m) 视觉:False 左空0.43右空5.00
[python3-5] [INFO] [1791397126.986440871] [coverage_planner]: 航点65第1次失败
[python3-5] [INFO] [1791397126.986964422] [coverage_planner]: 连续避障第1次，保持向左绕行
[python3-5] [INFO] [1791397126.987858057] [coverage_planner]: 侧向激光约束: 绕行方向空间0.43m，side_dist限制为0.23m
[python3-5] [INFO] [1791397126.989281970] [coverage_planner]: 开始绕行: (-1.24, -2.57)
[python3-5] [INFO] [1791397129.035639400] [coverage_planner]: 绕行完成，回到航点 65
[python3-5] [WARN] [1791397131.585417145] [coverage_planner]: 触发避障!激光:True(前0.30m) 视觉:False 左空0.45右空4.97
[python3-5] [INFO] [1791397131.585619660] [coverage_planner]: 航点65第2次失败
[python3-5] [INFO] [1791397131.585781925] [coverage_planner]: 连续避障第1次，保持向左绕行
[python3-5] [INFO] [1791397131.586060632] [coverage_planner]: 离边界0.79m，side_dist限制为0.20m
[python3-5] [INFO] [1791397131.586528639] [coverage_planner]: 开始绕行: (-1.21, -2.55)
[python3-5] [INFO] [1791397133.736243947] [coverage_planner]: 绕行完成，回到航点 65
[python3-5] [WARN] [1791397136.143523299] [coverage_planner]: 触发避障!激光:True(前0.29m) 视觉:False 左空0.48右空4.98
[python3-5] [INFO] [1791397136.144562651] [coverage_planner]: 航点65第3次失败
[python3-5] [WARN] [1791397136.145717279] [coverage_planner]: 🚨 航点65失败3次，跳过
[python3-5] [INFO] [1791397136.191261094] [coverage_planner]: 🌀 航点66航线被挡，插入2个绕障圆弧航点
[python3-5] [WARN] [1791397136.238404906] [coverage_planner]: 触发避障!激光:True(前0.28m) 视觉:False 左空0.47右空4.94
[python3-5] [INFO] [1791397136.238632713] [coverage_planner]: 航点66第1次失败
[python3-5] [INFO] [1791397136.238818593] [coverage_planner]: 连续避障第1次，保持向左绕行
[python3-5] [INFO] [1791397136.239117003] [coverage_planner]: 侧向激光约束: 绕行方向空间0.47m，side_dist限制为0.27m
[python3-5] [INFO] [1791397136.239576896] [coverage_planner]: 开始绕行: (-1.22, -2.52)
[python3-5] [INFO] [1791397138.290369118] [coverage_planner]: 绕行完成，回到航点 66
[python3-5] [WARN] [1791397140.693490693] [coverage_planner]: 触发避障!激光:True(前0.29m) 视觉:False 左空0.45右空5.01
[python3-5] [INFO] [1791397140.693860896] [coverage_planner]: 航点66第2次失败
[python3-5] [INFO] [1791397140.694155998] [coverage_planner]: 连续避障第1次，保持向左绕行
[python3-5] [INFO] [1791397140.694658546] [coverage_planner]: 离边界0.79m，side_dist限制为0.20m
[python3-5] [INFO] [1791397140.695442298] [coverage_planner]: 开始绕行: (-1.21, -2.55)
[python3-5] [INFO] [1791397142.845882548] [coverage_planner]: 绕行完成，回到航点 66
[python3-5] [WARN] [1791397145.499602281] [coverage_planner]: 触发避障!激光:True(前0.29m) 视觉:False 左空0.45右空4.95
[python3-5] [INFO] [1791397145.500239522] [coverage_planner]: 航点66第3次失败
[python3-5] [WARN] [1791397145.500879143] [coverage_planner]: 🚨 航点66失败3次，跳过
[python3-5] [WARN] [1791397145.598006827] [coverage_planner]: 触发避障!激光:True(前0.28m) 视觉:False 左空0.44右空4.96
[python3-5] [INFO] [1791397145.598571029] [coverage_planner]: 航点67第1次失败
[python3-5] [INFO] [1791397145.599058896] [coverage_planner]: 连续避障第1次，保持向左绕行
[python3-5] [INFO] [1791397145.599894806] [coverage_planner]: 侧向激光约束: 绕行方向空间0.44m，side_dist限制为0.24m
[python3-5] [INFO] [1791397145.601321391] [coverage_planner]: 开始绕行: (-1.24, -2.55)
[python3-5] [INFO] [1791397147.698942927] [coverage_planner]: 绕行完成，回到航点 67
[python3-5] [WARN] [1791397150.151259966] [coverage_planner]: 触发避障!激光:True(前0.30m) 视觉:False 左空0.43右空5.05
[python3-5] [INFO] [1791397150.151782398] [coverage_planner]: 航点67第2次失败
[python3-5] [INFO] [1791397150.152239550] [coverage_planner]: 连续避障第1次，保持向左绕行
[python3-5] [INFO] [1791397150.153020002] [coverage_planner]: 离边界0.74m，side_dist限制为0.20m
[python3-5] [INFO] [1791397150.154206417] [coverage_planner]: 开始绕行: (-1.23, -2.60)
[python3-5] [INFO] [1791397152.402632658] [coverage_planner]: 绕行完成，回到航点 67
[python3-5] [WARN] [1791397154.955494644] [coverage_planner]: 触发避障!激光:True(前0.30m) 视觉:False 左空0.46右空4.98
[python3-5] [INFO] [1791397154.956090548] [coverage_planner]: 航点67第3次失败
[python3-5] [WARN] [1791397154.956681319] [coverage_planner]: 🚨 航点67失败3次，跳过
[python3-5] [INFO] [1791397155.006728319] [coverage_planner]: 🌀 航点68航线被挡，插入2个绕障圆弧航点
[python3-5] [WARN] [1791397155.054663726] [coverage_planner]: 触发避障!激光:True(前0.29m) 视觉:False 左空0.44右空4.98
[python3-5] [INFO] [1791397155.055025933] [coverage_planner]: 航点68第1次失败
[python3-5] [INFO] [1791397155.055346047] [coverage_planner]: 连续避障第1次，保持向左绕行
[python3-5] [INFO] [1791397155.055893461] [coverage_planner]: 侧向激光约束: 绕行方向空间0.44m，side_dist限制为0.24m
[python3-5] [INFO] [1791397155.056783942] [coverage_planner]: 开始绕行: (-1.24, -2.57)
[python3-5] [INFO] [1791397157.157618334] [coverage_planner]: 绕行完成，回到航点 68
[python3-5] [WARN] [1791397159.560075381] [coverage_planner]: 触发避障!激光:True(前0.28m) 视觉:False 左空0.44右空5.02
[python3-5] [INFO] [1791397159.560755993] [coverage_planner]: 航点68第2次失败
[python3-5] [INFO] [1791397159.561338020] [coverage_planner]: 连续避障第1次，保持向左绕行
[python3-5] [INFO] [1791397159.562335635] [coverage_planner]: 离边界0.78m，side_dist限制为0.20m
[python3-5] [INFO] [1791397159.563783128] [coverage_planner]: 开始绕行: (-1.20, -2.56)
[python3-5] [INFO] [1791397161.710441624] [coverage_planner]: 绕行完成，回到航点 68
[python3-5] [WARN] [1791397164.312100964] [coverage_planner]: 触发避障!激光:True(前0.30m) 视觉:False 左空0.49右空4.94
[python3-5] [INFO] [1791397164.312598218] [coverage_planner]: 航点68第3次失败
[python3-5] [WARN] [1791397164.313114147] [coverage_planner]: 🚨 航点68失败3次，跳过
[python3-5] [WARN] [1791397164.413931338] [coverage_planner]: 触发避障!激光:True(前0.28m) 视觉:False 左空0.49右空4.93
[python3-5] [INFO] [1791397164.414601382] [coverage_planner]: 航点69第1次失败
[python3-5] [INFO] [1791397164.415134362] [coverage_planner]: 连续避障第1次，保持向左绕行
[python3-5] [INFO] [1791397164.416030604] [coverage_planner]: 侧向激光约束: 绕行方向空间0.49m，side_dist限制为0.29m
[python3-5] [INFO] [1791397164.417468521] [coverage_planner]: 开始绕行: (-1.22, -2.53)
[python3-5] [INFO] [1791397166.514937081] [coverage_planner]: 绕行完成，回到航点 69
[python3-5] [WARN] [1791397168.966681839] [coverage_planner]: 触发避障!激光:True(前0.30m) 视觉:False 左空0.45右空4.97
[python3-5] [INFO] [1791397168.967349484] [coverage_planner]: 航点69第2次失败
[python3-5] [INFO] [1791397168.967883187] [coverage_planner]: 连续避障第1次，保持向左绕行
[python3-5] [INFO] [1791397168.968778564] [coverage_planner]: 侧向激光约束: 绕行方向空间0.45m，side_dist限制为0.25m
[python3-5] [INFO] [1791397168.970138547] [coverage_planner]: 开始绕行: (-1.22, -2.56)
[python3-5] [INFO] [1791397171.067954297] [coverage_planner]: 绕行完成，回到航点 69
[python3-5] [WARN] [1791397173.419924765] [coverage_planner]: 触发避障!激光:True(前0.30m) 视觉:False 左空0.46右空4.95
[python3-5] [INFO] [1791397173.420428471] [coverage_planner]: 航点69第3次失败
[python3-5] [WARN] [1791397173.420943136] [coverage_planner]: 🚨 航点69失败3次，跳过
[python3-5] [INFO] [1791397173.470378831] [coverage_planner]: 🌀 航点70航线被挡，插入2个绕障圆弧航点
[python3-5] [WARN] [1791397173.518203595] [coverage_planner]: 触发避障!激光:True(前0.28m) 视觉:False 左空0.46右空4.96
[python3-5] [INFO] [1791397173.518532156] [coverage_planner]: 航点70第1次失败
[python3-5] [INFO] [1791397173.518783149] [coverage_planner]: 连续避障第1次，保持向左绕行
[python3-5] [INFO] [1791397173.519212039] [coverage_planner]: 侧向激光约束: 绕行方向空间0.46m，side_dist限制为0.26m
[python3-5] [INFO] [1791397173.519915957] [coverage_planner]: 开始绕行: (-1.24, -2.55)
[python3-5] [INFO] [1791397175.573023275] [coverage_planner]: 绕行完成，回到航点 70
[python3-5] [WARN] [1791397178.176457630] [coverage_planner]: 触发避障!激光:True(前0.30m) 视觉:False 左空0.44右空4.97
[python3-5] [INFO] [1791397178.177579712] [coverage_planner]: 航点70第2次失败
[python3-5] [INFO] [1791397178.178206799] [coverage_planner]: 连续避障第1次，保持向左绕行
[python3-5] [INFO] [1791397178.178674476] [coverage_planner]: 离边界0.80m，side_dist限制为0.20m
[python3-5] [INFO] [1791397178.179371510] [coverage_planner]: 开始绕行: (-1.21, -2.54)
[python3-5] [INFO] [1791397180.273696979] [coverage_planner]: 绕行完成，回到航点 70
[python3-5] [WARN] [1791397182.675910331] [coverage_planner]: 触发避障!激光:True(前0.28m) 视觉:False 左空0.44右空4.99
[python3-5] [INFO] [1791397182.676239657] [coverage_planner]: 航点70第3次失败
[python3-5] [WARN] [1791397182.676597345] [coverage_planner]: 🚨 航点70失败3次，跳过
[python3-5] [WARN] [1791397182.776624196] [coverage_planner]: 触发避障!激光:True(前0.29m) 视觉:False 左空0.44右空4.98
[python3-5] [INFO] [1791397182.776971418] [coverage_planner]: 航点71第1次失败
[python3-5] [INFO] [1791397182.777271678] [coverage_planner]: 连续避障第1次，保持向左绕行
[python3-5] [INFO] [1791397182.777772741] [coverage_planner]: 侧向激光约束: 绕行方向空间0.44m，side_dist限制为0.24m
[python3-5] [INFO] [1791397182.778598749] [coverage_planner]: 开始绕行: (-1.23, -2.56)
[python3-5] [INFO] [1791397184.827315215] [coverage_planner]: 绕行完成，回到航点 71
[python3-5] [WARN] [1791397187.180908444] [coverage_planner]: 触发避障!激光:True(前0.30m) 视觉:False 左空0.47右空4.93
[python3-5] [INFO] [1791397187.181418426] [coverage_planner]: 航点71第2次失败
[python3-5] [INFO] [1791397187.181824413] [coverage_planner]: 连续避障第1次，保持向左绕行
[python3-5] [INFO] [1791397187.182526653] [coverage_planner]: 侧向激光约束: 绕行方向空间0.47m，side_dist限制为0.27m
[python3-5] [INFO] [1791397187.183519135] [coverage_planner]: 开始绕行: (-1.21, -2.54)
[python3-5] [INFO] [1791397189.330853893] [coverage_planner]: 绕行完成，回到航点 71
[python3-5] [WARN] [1791397191.784598435] [coverage_planner]: 触发避障!激光:True(前0.29m) 视觉:False 左空0.46右空4.96
[python3-5] [INFO] [1791397191.785164825] [coverage_planner]: 航点71第3次失败
[python3-5] [WARN] [1791397191.785667871] [coverage_planner]: 🚨 航点71失败3次，跳过
[python3-5] [INFO] [1791397191.833662184] [coverage_planner]: 🌀 航点72航线被挡，插入2个绕障圆弧航点
[python3-5] [WARN] [1791397191.882879990] [coverage_planner]: 触发避障!激光:True(前0.28m) 视觉:False 左空0.44右空4.98
[python3-5] [INFO] [1791397191.883219214] [coverage_planner]: 航点72第1次失败
[python3-5] [INFO] [1791397191.883496667] [coverage_planner]: 连续避障第1次，保持向左绕行
[python3-5] [INFO] [1791397191.884058513] [coverage_planner]: 侧向激光约束: 绕行方向空间0.44m，side_dist限制为0.24m
[python3-5] [INFO] [1791397191.884874724] [coverage_planner]: 开始绕行: (-1.24, -2.55)
[python3-5] [INFO] [1791397193.987423537] [coverage_planner]: 绕行完成，回到航点 72
[python3-5] [WARN] [1791397196.536029044] [coverage_planner]: 触发避障!激光:True(前0.30m) 视觉:False 左空0.45右空4.97
[python3-5] [INFO] [1791397196.536371868] [coverage_planner]: 航点72第2次失败
[python3-5] [INFO] [1791397196.536698941] [coverage_planner]: 连续避障第1次，保持向左绕行
[python3-5] [INFO] [1791397196.537236524] [coverage_planner]: 离边界0.80m，side_dist限制为0.20m
[python3-5] [INFO] [1791397196.538218491] [coverage_planner]: 开始绕行: (-1.20, -2.55)
[python3-5] [INFO] [1791397198.687377288] [coverage_planner]: 绕行完成，回到航点 72
[python3-5] [WARN] [1791397201.243028050] [coverage_planner]: 触发避障!激光:True(前0.29m) 视觉:False 左空0.48右空4.95
[python3-5] [INFO] [1791397201.243732828] [coverage_planner]: 航点72第3次失败
[python3-5] [WARN] [1791397201.244416076] [coverage_planner]: 🚨 航点72失败3次，跳过
[python3-5] [WARN] [1791397201.341763095] [coverage_planner]: 触发避障!激光:True(前0.29m) 视觉:False 左空0.45右空4.98
[python3-5] [INFO] [1791397201.342241102] [coverage_planner]: 航点73第1次失败
[python3-5] [INFO] [1791397201.342630935] [coverage_planner]: 连续避障第1次，保持向左绕行
[python3-5] [INFO] [1791397201.343407954] [coverage_planner]: 侧向激光约束: 绕行方向空间0.45m，side_dist限制为0.25m
[python3-5] [INFO] [1791397201.344373749] [coverage_planner]: 开始绕行: (-1.22, -2.54)
[python3-5] [INFO] [1791397203.442844032] [coverage_planner]: 绕行完成，回到航点 73
[python3-5] [WARN] [1791397205.945592913] [coverage_planner]: 触发避障!激光:True(前0.29m) 视觉:False 左空0.46右空4.97
[python3-5] [INFO] [1791397205.946340696] [coverage_planner]: 航点73第2次失败
[python3-5] [INFO] [1791397205.947025134] [coverage_planner]: 连续避障第1次，保持向左绕行
[python3-5] [INFO] [1791397205.948154906] [coverage_planner]: 侧向激光约束: 绕行方向空间0.46m，side_dist限制为0.26m
[python3-5] [INFO] [1791397205.949693543] [coverage_planner]: 开始绕行: (-1.23, -2.57)
[python3-5] [INFO] [1791397208.045679168] [coverage_planner]: 绕行完成，回到航点 73
[python3-5] [WARN] [1791397210.348546248] [coverage_planner]: 触发避障!激光:True(前0.30m) 视觉:False 左空0.45右空4.99
[python3-5] [INFO] [1791397210.349175280] [coverage_planner]: 航点73第3次失败
[python3-5] [WARN] [1791397210.349815220] [coverage_planner]: 🚨 航点73失败3次，跳过
[python3-5] [INFO] [1791397210.398265710] [coverage_planner]: 🌀 航点74航线被挡，插入2个绕障圆弧航点
[python3-5] [WARN] [1791397210.446864687] [coverage_planner]: 触发避障!激光:True(前0.27m) 视觉:False 左空0.43右空4.99
[python3-5] [INFO] [1791397210.447086503] [coverage_planner]: 航点74第1次失败
[python3-5] [INFO] [1791397210.447282100] [coverage_planner]: 连续避障第1次，保持向左绕行
[python3-5] [INFO] [1791397210.447609813] [coverage_planner]: 侧向激光约束: 绕行方向空间0.43m，side_dist限制为0.23m
[python3-5] [INFO] [1791397210.448164080] [coverage_planner]: 开始绕行: (-1.23, -2.55)
[python3-5] [INFO] [1791397212.548912410] [coverage_planner]: 绕行完成，回到航点 74
[python3-5] [WARN] [1791397214.902525943] [coverage_planner]: 触发避障!激光:True(前0.30m) 视觉:False 左空0.44右空5.01
[python3-5] [INFO] [1791397214.903141487] [coverage_planner]: 航点74第2次失败
[python3-5] [INFO] [1791397214.903666801] [coverage_planner]: 连续避障第1次，保持向左绕行
[python3-5] [INFO] [1791397214.904576725] [coverage_planner]: 离边界0.78m，side_dist限制为0.20m
[python3-5] [INFO] [1791397214.906043521] [coverage_planner]: 开始绕行: (-1.21, -2.56)
[python3-5] [INFO] [1791397217.053259861] [coverage_planner]: 绕行完成，回到航点 74
[python3-5] [WARN] [1791397219.554878676] [coverage_planner]: 触发避障!激光:True(前0.29m) 视觉:False 左空0.48右空4.95
[python3-5] [INFO] [1791397219.555426268] [coverage_planner]: 航点74第3次失败
[python3-5] [WARN] [1791397219.556026161] [coverage_planner]: 🚨 航点74失败3次，跳过
[python3-5] [WARN] [1791397219.655666511] [coverage_planner]: 触发避障!激光:True(前0.29m) 视觉:False 左空0.48右空4.94
[python3-5] [INFO] [1791397219.656079309] [coverage_planner]: 航点75第1次失败
[python3-5] [INFO] [1791397219.656395560] [coverage_planner]: 连续避障第1次，保持向左绕行
[python3-5] [INFO] [1791397219.656966605] [coverage_planner]: 侧向激光约束: 绕行方向空间0.48m，side_dist限制为0.28m
[python3-5] [INFO] [1791397219.657826449] [coverage_planner]: 开始绕行: (-1.22, -2.52)
[python3-5] [INFO] [1791397221.707706064] [coverage_planner]: 绕行完成，回到航点 75
[python3-5] [WARN] [1791397224.358468576] [coverage_planner]: 触发避障!激光:True(前0.30m) 视觉:False 左空0.45右空4.99
[python3-5] [INFO] [1791397224.358766368] [coverage_planner]: 航点75第2次失败
[python3-5] [INFO] [1791397224.359001466] [coverage_planner]: 连续避障第1次，保持向左绕行
[python3-5] [INFO] [1791397224.359436619] [coverage_planner]: 离边界0.80m，side_dist限制为0.20m
[python3-5] [INFO] [1791397224.360480162] [coverage_planner]: 开始绕行: (-1.21, -2.54)
[python3-5] [INFO] [1791397226.509731855] [coverage_planner]: 绕行完成，回到航点 75
[python3-5] [WARN] [1791397228.711379597] [coverage_planner]: 触发避障!激光:True(前0.28m) 视觉:False 左空0.48右空4.94
[python3-5] [INFO] [1791397228.711600466] [coverage_planner]: 航点75第3次失败
[python3-5] [WARN] [1791397228.711793298] [coverage_planner]: 🚨 航点75失败3次，跳过
[python3-5] [INFO] [1791397228.762270443] [coverage_planner]: 🌀 航点76航线被挡，插入2个绕障圆弧航点
[python3-5] [WARN] [1791397228.811571051] [coverage_planner]: 触发避障!激光:True(前0.28m) 视觉:False 左空0.48右空4.94
[python3-5] [INFO] [1791397228.811752962] [coverage_planner]: 航点76第1次失败
[python3-5] [INFO] [1791397228.811910380] [coverage_planner]: 连续避障第1次，保持向左绕行
[python3-5] [INFO] [1791397228.812175972] [coverage_planner]: 侧向激光约束: 绕行方向空间0.48m，side_dist限制为0.28m
[python3-5] [INFO] [1791397228.812621437] [coverage_planner]: 开始绕行: (-1.22, -2.56)
[python3-5] [INFO] [1791397230.913387496] [coverage_planner]: 绕行完成，回到航点 76
[python3-5] [WARN] [1791397233.518244400] [coverage_planner]: 触发避障!激光:True(前0.30m) 视觉:False 左空0.47右空4.96
[python3-5] [INFO] [1791397233.518936736] [coverage_planner]: 航点76第2次失败
[python3-5] [INFO] [1791397233.519517165] [coverage_planner]: 连续避障第1次，保持向左绕行
[python3-5] [INFO] [1791397233.520409084] [coverage_planner]: 侧向激光约束: 绕行方向空间0.47m，side_dist限制为0.27m
[python3-5] [INFO] [1791397233.521981158] [coverage_planner]: 开始绕行: (-1.24, -2.59)
[python3-5] [WARN] [1791397235.622386021] [coverage_planner]: 前方仍有障碍，跳过航点 76
[python3-5] [WARN] [1791397237.872780600] [coverage_planner]: 触发避障!激光:True(前0.30m) 视觉:False 左空0.46右空4.98
[python3-5] [INFO] [1791397237.873472217] [coverage_planner]: 航点77第1次失败
[python3-5] [INFO] [1791397237.874040663] [coverage_planner]: 连续避障第1次，保持向左绕行
[python3-5] [INFO] [1791397237.875034108] [coverage_planner]: 侧向激光约束: 绕行方向空间0.46m，side_dist限制为0.26m
[python3-5] [INFO] [1791397237.876452111] [coverage_planner]: 开始绕行: (-1.22, -2.57)
[python3-5] [INFO] [1791397240.074810920] [coverage_planner]: 绕行完成，回到航点 77
[python3-5] [WARN] [1791397242.527153713] [coverage_planner]: 触发避障!激光:True(前0.30m) 视觉:False 左空0.46右空5.01
[python3-5] [INFO] [1791397242.527578878] [coverage_planner]: 航点77第2次失败
[python3-5] [INFO] [1791397242.527931226] [coverage_planner]: 连续避障第1次，保持向左绕行
[python3-5] [INFO] [1791397242.528585668] [coverage_planner]: 离边界0.79m，side_dist限制为0.20m
[python3-5] [INFO] [1791397242.529510985] [coverage_planner]: 开始绕行: (-1.19, -2.55)
[python3-5] [INFO] [1791397244.625600918] [coverage_planner]: 绕行完成，回到航点 77
[python3-5] [WARN] [1791397246.978911924] [coverage_planner]: 触发避障!激光:True(前0.29m) 视觉:False 左空0.45右空4.99
[python3-5] [INFO] [1791397246.979549402] [coverage_planner]: 航点77第3次失败
[python3-5] [WARN] [1791397246.980173016] [coverage_planner]: 🚨 航点77失败3次，跳过
[python3-5] [INFO] [1791397247.029322853] [coverage_planner]: 🌀 航点78航线被挡，插入2个绕障圆弧航点
[python3-5] [WARN] [1791397247.076984606] [coverage_planner]: 触发避障!激光:True(前0.28m) 视觉:False 左空0.46右空4.98
[python3-5] [INFO] [1791397247.077254829] [coverage_planner]: 航点78第1次失败
[python3-5] [INFO] [1791397247.077491531] [coverage_planner]: 连续避障第1次，保持向左绕行
[python3-5] [INFO] [1791397247.077879762] [coverage_planner]: 侧向激光约束: 绕行方向空间0.46m，side_dist限制为0.26m
[python3-5] [INFO] [1791397247.078479426] [coverage_planner]: 开始绕行: (-1.24, -2.57)
[python3-5] [INFO] [1791397249.178613777] [coverage_planner]: 绕行完成，回到航点 78
[python3-5] [WARN] [1791397251.782245563] [coverage_planner]: 触发避障!激光:True(前0.30m) 视觉:False 左空0.43右空5.02
[python3-5] [INFO] [1791397251.782879487] [coverage_planner]: 航点78第2次失败
[python3-5] [INFO] [1791397251.783368200] [coverage_planner]: 连续避障第1次，保持向左绕行
[python3-5] [INFO] [1791397251.784147461] [coverage_planner]: 离边界0.78m，side_dist限制为0.20m
[python3-5] [INFO] [1791397251.785352633] [coverage_planner]: 开始绕行: (-1.22, -2.57)
[python3-5] [INFO] [1791397253.883404707] [coverage_planner]: 绕行完成，回到航点 78
[python3-5] [WARN] [1791397256.436081965] [coverage_planner]: 触发避障!激光:True(前0.29m) 视觉:False 左空0.44右空4.98
[python3-5] [INFO] [1791397256.436564757] [coverage_planner]: 航点78第3次失败
[python3-5] [WARN] [1791397256.437122029] [coverage_planner]: 🚨 航点78失败3次，跳过
[python3-5] [WARN] [1791397256.535307594] [coverage_planner]: 触发避障!激光:True(前0.27m) 视觉:False 左空0.41右空5.01
[python3-5] [INFO] [1791397256.535798867] [coverage_planner]: 航点79第1次失败
[python3-5] [INFO] [1791397256.536287961] [coverage_planner]: 连续避障第1次，保持向左绕行
[python3-5] [INFO] [1791397256.537177924] [coverage_planner]: 离边界0.79m，side_dist限制为0.20m
[python3-5] [INFO] [1791397256.538484189] [coverage_planner]: 开始绕行: (-1.22, -2.55)
[python3-5] [INFO] [1791397258.587651585] [coverage_planner]: 绕行完成，回到航点 79
[python3-5] [WARN] [1791397260.940795187] [coverage_planner]: 触发避障!激光:True(前0.28m) 视觉:False 左空0.46右空5.00
[python3-5] [INFO] [1791397260.941437973] [coverage_planner]: 航点79第2次失败
[python3-5] [INFO] [1791397260.941972509] [coverage_planner]: 连续避障第1次，保持向左绕行
[python3-5] [INFO] [1791397260.942864852] [coverage_planner]: 侧向激光约束: 绕行方向空间0.46m，side_dist限制为0.26m
[python3-5] [INFO] [1791397260.944294513] [coverage_planner]: 开始绕行: (-1.23, -2.57)
[python3-5] [INFO] [1791397263.042071133] [coverage_planner]: 绕行完成，回到航点 79
[python3-5] [WARN] [1791397265.194988712] [coverage_planner]: 触发避障!激光:True(前0.30m) 视觉:False 左空0.48右空4.93
[python3-5] [INFO] [1791397265.195620121] [coverage_planner]: 航点79第3次失败
[python3-5] [WARN] [1791397265.196298622] [coverage_planner]: 🚨 航点79失败3次，跳过
[python3-5] [INFO] [1791397265.246050909] [coverage_planner]: 🌀 航点80航线被挡，插入2个绕障圆弧航点
[python3-5] [WARN] [1791397265.293312289] [coverage_planner]: 触发避障!激光:True(前0.29m) 视觉:False 左空0.45右空4.97
[python3-5] [INFO] [1791397265.293640463] [coverage_planner]: 航点80第1次失败
[python3-5] [INFO] [1791397265.293904953] [coverage_planner]: 连续避障第1次，保持向左绕行
[python3-5] [INFO] [1791397265.294357064] [coverage_planner]: 侧向激光约束: 绕行方向空间0.45m，side_dist限制为0.25m
[python3-5] [INFO] [1791397265.295100454] [coverage_planner]: 开始绕行: (-1.23, -2.56)
[python3-5] [INFO] [1791397267.395813842] [coverage_planner]: 绕行完成，回到航点 80
[python3-5] [WARN] [1791397269.748539530] [coverage_planner]: 触发避障!激光:True(前0.29m) 视觉:False 左空0.45右空4.97
[python3-5] [INFO] [1791397269.749428391] [coverage_planner]: 航点80第2次失败
[python3-5] [INFO] [1791397269.750274123] [coverage_planner]: 连续避障第1次，保持向左绕行
[python3-5] [INFO] [1791397269.751481578] [coverage_planner]: 侧向激光约束: 绕行方向空间0.45m，side_dist限制为0.25m
[python3-5] [INFO] [1791397269.752773071] [coverage_planner]: 开始绕行: (-1.25, -2.56)
[python3-5] [WARN] [1791397271.846741479] [coverage_planner]: 前方仍有障碍，跳过航点 80
[python3-5] [WARN] [1791397274.350048065] [coverage_planner]: 触发避障!激光:True(前0.29m) 视觉:False 左空0.42右空4.98
[python3-5] [INFO] [1791397274.350658981] [coverage_planner]: 航点81第1次失败
[python3-5] [INFO] [1791397274.351020388] [coverage_planner]: 连续避障第1次，保持向左绕行
[python3-5] [INFO] [1791397274.351607077] [coverage_planner]: 离边界0.79m，side_dist限制为0.20m
[python3-5] [INFO] [1791397274.352429242] [coverage_planner]: 开始绕行: (-1.21, -2.55)
[python3-5] [INFO] [1791397276.552608311] [coverage_planner]: 绕行完成，回到航点 81
[python3-5] [WARN] [1791397278.807159115] [coverage_planner]: 触发避障!激光:True(前0.30m) 视觉:False 左空0.50右空4.95
[python3-5] [INFO] [1791397278.807596634] [coverage_planner]: 航点81第2次失败
[python3-5] [INFO] [1791397278.807890731] [coverage_planner]: 连续避障第1次，保持向左绕行
[python3-5] [INFO] [1791397278.808346205] [coverage_planner]: 侧向激光约束: 绕行方向空间0.50m，side_dist限制为0.30m
[python3-5] [INFO] [1791397278.809041463] [coverage_planner]: 开始绕行: (-1.23, -2.58)
[python3-5] [INFO] [1791397280.906053491] [coverage_planner]: 绕行完成，回到航点 81
[python3-5] [WARN] [1791397283.207593705] [coverage_planner]: 触发避障!激光:True(前0.29m) 视觉:False 左空0.51右空4.92
[python3-5] [INFO] [1791397283.208218923] [coverage_planner]: 航点81第3次失败
[python3-5] [WARN] [1791397283.208778509] [coverage_planner]: 🚨 航点81失败3次，跳过
[python3-5] [INFO] [1791397283.257165159] [coverage_planner]: 🌀 航点82航线被挡，插入2个绕障圆弧航点
[python3-5] [WARN] [1791397283.306416131] [coverage_planner]: 触发避障!激光:True(前0.26m) 视觉:False 左空0.46右空4.96
[python3-5] [INFO] [1791397283.306716526] [coverage_planner]: 航点82第1次失败
[python3-5] [INFO] [1791397283.306964405] [coverage_planner]: 连续避障第1次，保持向左绕行
[python3-5] [INFO] [1791397283.307392737] [coverage_planner]: 侧向激光约束: 绕行方向空间0.46m，side_dist限制为0.26m
[python3-5] [INFO] [1791397283.308026145] [coverage_planner]: 开始绕行: (-1.22, -2.49)
[python3-5] [INFO] [1791397285.357561525] [coverage_planner]: 绕行完成，回到航点 82
[python3-5] [WARN] [1791397287.662292313] [coverage_planner]: 触发避障!激光:True(前0.29m) 视觉:False 左空0.47右空4.97
[python3-5] [INFO] [1791397287.662895863] [coverage_planner]: 航点82第2次失败
[python3-5] [INFO] [1791397287.663379196] [coverage_planner]: 连续避障第1次，保持向左绕行
[python3-5] [INFO] [1791397287.664164050] [coverage_planner]: 侧向激光约束: 绕行方向空间0.47m，side_dist限制为0.27m
[python3-5] [INFO] [1791397287.665310810] [coverage_planner]: 开始绕行: (-1.22, -2.58)
[python3-5] [INFO] [1791397289.763029115] [coverage_planner]: 绕行完成，回到航点 82
[python3-5] [WARN] [1791397292.364301155] [coverage_planner]: 触发避障!激光:True(前0.30m) 视觉:False 左空0.46右空4.98
[python3-5] [INFO] [1791397292.364659815] [coverage_planner]: 航点82第3次失败
[python3-5] [WARN] [1791397292.365020695] [coverage_planner]: 🚨 航点82失败3次，跳过
[python3-5] [WARN] [1791397292.464961503] [coverage_planner]: 触发避障!激光:True(前0.29m) 视觉:False 左空0.46右空4.95
[python3-5] [INFO] [1791397292.465489093] [coverage_planner]: 航点83第1次失败
[python3-5] [INFO] [1791397292.465933553] [coverage_planner]: 连续避障第1次，保持向左绕行
[python3-5] [INFO] [1791397292.467116684] [coverage_planner]: 侧向激光约束: 绕行方向空间0.46m，side_dist限制为0.26m
[python3-5] [INFO] [1791397292.469417296] [coverage_planner]: 开始绕行: (-1.23, -2.57)
[python3-5] [INFO] [1791397294.516534893] [coverage_planner]: 绕行完成，回到航点 83
[python3-5] [WARN] [1791397296.867617634] [coverage_planner]: 触发避障!激光:True(前0.30m) 视觉:False 左空0.49右空4.94
[python3-5] [INFO] [1791397296.867894796] [coverage_planner]: 航点83第2次失败
[python3-5] [INFO] [1791397296.868130171] [coverage_planner]: 连续避障第1次，保持向左绕行
[python3-5] [INFO] [1791397296.868524653] [coverage_planner]: 侧向激光约束: 绕行方向空间0.49m，side_dist限制为0.29m
[python3-5] [INFO] [1791397296.869113299] [coverage_planner]: 开始绕行: (-1.22, -2.56)
[python3-5] [INFO] [1791397299.021458883] [coverage_planner]: 绕行完成，回到航点 83
[python3-5] [WARN] [1791397301.422322137] [coverage_planner]: 触发避障!激光:True(前0.30m) 视觉:False 左空0.46右空4.98
[python3-5] [INFO] [1791397301.422943427] [coverage_planner]: 航点83第3次失败
[python3-5] [WARN] [1791397301.423601286] [coverage_planner]: 🚨 航点83失败3次，跳过
[python3-5] [INFO] [1791397301.473212631] [coverage_planner]: 🌀 航点84航线被挡，插入2个绕障圆弧航点
[python3-5] [WARN] [1791397301.521223651] [coverage_planner]: 触发避障!激光:True(前0.28m) 视觉:False 左空0.43右空4.99
[python3-5] [INFO] [1791397301.521531407] [coverage_planner]: 航点84第1次失败
[python3-5] [INFO] [1791397301.521827849] [coverage_planner]: 连续避障第1次，保持向左绕行
[python3-5] [INFO] [1791397301.522241945] [coverage_planner]: 侧向激光约束: 绕行方向空间0.43m，side_dist限制为0.23m
[python3-5] [INFO] [1791397301.522847600] [coverage_planner]: 开始绕行: (-1.23, -2.56)
[python3-5] [INFO] [1791397303.574085302] [coverage_planner]: 绕行完成，回到航点 84
[python3-5] [WARN] [1791397306.027343826] [coverage_planner]: 触发避障!激光:True(前0.30m) 视觉:False 左空0.44右空4.98
[python3-5] [INFO] [1791397306.028018537] [coverage_planner]: 航点84第2次失败
[python3-5] [INFO] [1791397306.028536739] [coverage_planner]: 连续避障第1次，保持向左绕行
[python3-5] [INFO] [1791397306.029396881] [coverage_planner]: 离边界0.79m，side_dist限制为0.20m
[python3-5] [INFO] [1791397306.031058939] [coverage_planner]: 开始绕行: (-1.21, -2.55)
[python3-5] [INFO] [1791397308.179063963] [coverage_planner]: 绕行完成，回到航点 84
[python3-5] [WARN] [1791397310.729556290] [coverage_planner]: 触发避障!激光:True(前0.29m) 视觉:False 左空0.45右空4.96
[python3-5] [INFO] [1791397310.730137524] [coverage_planner]: 航点84第3次失败
[python3-5] [WARN] [1791397310.730725904] [coverage_planner]: 🚨 航点84失败3次，跳过
[python3-5] [WARN] [1791397310.831010020] [coverage_planner]: 触发避障!激光:True(前0.27m) 视觉:False 左空0.45右空5.00
[python3-5] [INFO] [1791397310.831658229] [coverage_planner]: 航点85第1次失败
[python3-5] [INFO] [1791397310.832223828] [coverage_planner]: 连续避障第1次，保持向左绕行
[python3-5] [INFO] [1791397310.833247540] [coverage_planner]: 侧向激光约束: 绕行方向空间0.45m，side_dist限制为0.25m
[python3-5] [INFO] [1791397310.834666234] [coverage_planner]: 开始绕行: (-1.24, -2.56)
[python3-5] [INFO] [1791397312.929627273] [coverage_planner]: 绕行完成，回到航点 85
[python3-5] [WARN] [1791397315.332528017] [coverage_planner]: 触发避障!激光:True(前0.29m) 视觉:False 左空0.43右空5.03
[python3-5] [INFO] [1791397315.332974497] [coverage_planner]: 航点85第2次失败
[python3-5] [INFO] [1791397315.333360647] [coverage_planner]: 连续避障第1次，保持向左绕行
[python3-5] [INFO] [1791397315.334041205] [coverage_planner]: 离边界0.75m，side_dist限制为0.20m
[python3-5] [INFO] [1791397315.335173355] [coverage_planner]: 开始绕行: (-1.23, -2.59)
[python3-5] [INFO] [1791397317.485245573] [coverage_planner]: 绕行完成，回到航点 85
[python3-5] [WARN] [1791397319.987724240] [coverage_planner]: 触发避障!激光:True(前0.29m) 视觉:False 左空0.42右空5.01
[python3-5] [INFO] [1791397319.988207126] [coverage_planner]: 航点85第3次失败
[python3-5] [WARN] [1791397319.988678040] [coverage_planner]: 🚨 航点85失败3次，跳过
[python3-5] [INFO] [1791397320.037823681] [coverage_planner]: 🌀 航点86航线被挡，插入2个绕障圆弧航点
[python3-5] [WARN] [1791397320.085886080] [coverage_planner]: 触发避障!激光:True(前0.28m) 视觉:False 左空0.40右空5.00
[python3-5] [INFO] [1791397320.086158705] [coverage_planner]: 航点86第1次失败
[python3-5] [INFO] [1791397320.086385311] [coverage_planner]: 连续避障第1次，保持向左绕行
[python3-5] [INFO] [1791397320.086772935] [coverage_planner]: 离边界0.79m，side_dist限制为0.20m
[python3-5] [INFO] [1791397320.087349119] [coverage_planner]: 开始绕行: (-1.23, -2.55)
[python3-5] [INFO] [1791397322.138267828] [coverage_planner]: 绕行完成，回到航点 86
[python3-5] [WARN] [1791397324.491811200] [coverage_planner]: 触发避障!激光:True(前0.30m) 视觉:False 左空0.49右空4.96
[python3-5] [INFO] [1791397324.492475738] [coverage_planner]: 航点86第2次失败
[python3-5] [INFO] [1791397324.493053128] [coverage_planner]: 连续避障第1次，保持向左绕行
[python3-5] [INFO] [1791397324.493951562] [coverage_planner]: 侧向激光约束: 绕行方向空间0.49m，side_dist限制为0.29m
[python3-5] [INFO] [1791397324.495255067] [coverage_planner]: 开始绕行: (-1.23, -2.58)
[python3-5] [INFO] [1791397326.641466216] [coverage_planner]: 绕行完成，回到航点 86
[python3-5] [WARN] [1791397328.892637458] [coverage_planner]: 触发避障!激光:True(前0.30m) 视觉:False 左空0.47右空4.95
[python3-5] [INFO] [1791397328.892879826] [coverage_planner]: 航点86第3次失败
[python3-5] [WARN] [1791397328.893083983] [coverage_planner]: 🚨 航点86失败3次，跳过
[python3-5] [WARN] [1791397328.997094255] [coverage_planner]: 触发避障!激光:True(前0.28m) 视觉:False 左空0.45右空4.98
[python3-5] [INFO] [1791397328.998184786] [coverage_planner]: 航点87第1次失败
[python3-5] [INFO] [1791397328.999227330] [coverage_planner]: 连续避障第1次，保持向左绕行
[python3-5] [INFO] [1791397329.000903083] [coverage_planner]: 侧向激光约束: 绕行方向空间0.45m，side_dist限制为0.25m
[python3-5] [INFO] [1791397329.002378026] [coverage_planner]: 开始绕行: (-1.22, -2.55)
[python3-5] [INFO] [1791397331.095500492] [coverage_planner]: 绕行完成，回到航点 87
[python3-5] [WARN] [1791397333.851045081] [coverage_planner]: 触发避障!激光:True(前0.30m) 视觉:False 左空0.44右空5.01
[python3-5] [INFO] [1791397333.851585248] [coverage_planner]: 航点87第2次失败
[python3-5] [INFO] [1791397333.852015802] [coverage_planner]: 连续避障第1次，保持向左绕行
[python3-5] [INFO] [1791397333.852840684] [coverage_planner]: 离边界0.80m，side_dist限制为0.20m
[python3-5] [INFO] [1791397333.853905352] [coverage_planner]: 开始绕行: (-1.21, -2.54)
[python3-5] [INFO] [1791397335.950252523] [coverage_planner]: 绕行完成，回到航点 87
[python3-5] [WARN] [1791397338.401513127] [coverage_planner]: 触发避障!激光:True(前0.30m) 视觉:False 左空0.50右空4.91
[python3-5] [INFO] [1791397338.401913424] [coverage_planner]: 航点87第3次失败
[python3-5] [WARN] [1791397338.402313942] [coverage_planner]: 🚨 航点87失败3次，跳过
[python3-5] [INFO] [1791397338.452417150] [coverage_planner]: 🌀 航点88航线被挡，插入2个绕障圆弧航点
[python3-5] [WARN] [1791397338.501330043] [coverage_planner]: 触发避障!激光:True(前0.27m) 视觉:False 左空0.48右空4.92
[python3-5] [INFO] [1791397338.501712161] [coverage_planner]: 航点88第1次失败
[python3-5] [INFO] [1791397338.502034676] [coverage_planner]: 连续避障第1次，保持向左绕行
[python3-5] [INFO] [1791397338.502607361] [coverage_planner]: 侧向激光约束: 绕行方向空间0.48m，side_dist限制为0.28m
[python3-5] [INFO] [1791397338.503430470] [coverage_planner]: 开始绕行: (-1.22, -2.51)
[python3-5] [INFO] [1791397340.604161304] [coverage_planner]: 绕行完成，回到航点 88
[python3-5] [WARN] [1791397342.704627523] [coverage_planner]: 触发避障!激光:True(前0.30m) 视觉:False 左空0.50右空4.94
[python3-5] [INFO] [1791397342.704925228] [coverage_planner]: 航点88第2次失败
[python3-5] [INFO] [1791397342.705179373] [coverage_planner]: 连续避障第1次，保持向左绕行
[python3-5] [INFO] [1791397342.705641310] [coverage_planner]: 侧向激光约束: 绕行方向空间0.50m，side_dist限制为0.30m
[python3-5] [INFO] [1791397342.706390485] [coverage_planner]: 开始绕行: (-1.21, -2.60)
[python3-5] [INFO] [1791397344.808512028] [coverage_planner]: 绕行完成，回到航点 88
[python3-5] [WARN] [1791397347.311793419] [coverage_planner]: 触发避障!激光:True(前0.30m) 视觉:False 左空0.45右空5.01
[python3-5] [INFO] [1791397347.312312685] [coverage_planner]: 航点88第3次失败
[python3-5] [WARN] [1791397347.312827910] [coverage_planner]: 🚨 航点88失败3次，跳过
[python3-5] [WARN] [1791397347.410287254] [coverage_planner]: 触发避障!激光:True(前0.29m) 视觉:False 左空0.44右空4.99
[python3-5] [INFO] [1791397347.410701626] [coverage_planner]: 航点89第1次失败
[python3-5] [INFO] [1791397347.411050285] [coverage_planner]: 连续避障第1次，保持向左绕行
[python3-5] [INFO] [1791397347.411691276] [coverage_planner]: 离边界0.79m，side_dist限制为0.20m
[python3-5] [INFO] [1791397347.412749687] [coverage_planner]: 开始绕行: (-1.20, -2.55)
[python3-5] [INFO] [1791397349.462872621] [coverage_planner]: 绕行完成，回到航点 89
[python3-5] [WARN] [1791397352.065642301] [coverage_planner]: 触发避障!激光:True(前0.29m) 视觉:False 左空0.48右空4.92
[python3-5] [INFO] [1791397352.066276308] [coverage_planner]: 航点89第2次失败
[python3-5] [INFO] [1791397352.066834706] [coverage_planner]: 连续避障第1次，保持向左绕行
[python3-5] [INFO] [1791397352.067781605] [coverage_planner]: 侧向激光约束: 绕行方向空间0.48m，side_dist限制为0.28m
[python3-5] [INFO] [1791397352.069385988] [coverage_planner]: 开始绕行: (-1.23, -2.55)
[python3-5] [INFO] [1791397354.217961163] [coverage_planner]: 绕行完成，回到航点 89
[python3-5] [WARN] [1791397356.719713907] [coverage_planner]: 触发避障!激光:True(前0.30m) 视觉:False 左空0.44右空4.99
[python3-5] [INFO] [1791397356.720700031] [coverage_planner]: 航点89第3次失败
[python3-5] [WARN] [1791397356.721761295] [coverage_planner]: 🚨 航点89失败3次，跳过
[python3-5] [INFO] [1791397356.768838540] [coverage_planner]: 🌀 航点90航线被挡，插入2个绕障圆弧航点
[python3-5] [WARN] [1791397356.817925587] [coverage_planner]: 触发避障!激光:True(前0.28m) 视觉:False 左空0.43右空5.00
[python3-5] [INFO] [1791397356.818239224] [coverage_planner]: 航点90第1次失败
[python3-5] [INFO] [1791397356.818510885] [coverage_planner]: 连续避障第1次，保持向左绕行
[python3-5] [INFO] [1791397356.818963964] [coverage_planner]: 侧向激光约束: 绕行方向空间0.43m，side_dist限制为0.23m
[python3-5] [INFO] [1791397356.819695143] [coverage_planner]: 开始绕行: (-1.24, -2.56)
[python3-5] [INFO] [1791397358.870985974] [coverage_planner]: 绕行完成，回到航点 90
[python3-5] [WARN] [1791397361.376356888] [coverage_planner]: 触发避障!激光:True(前0.30m) 视觉:False 左空0.47右空4.92
[python3-5] [INFO] [1791397361.377425143] [coverage_planner]: 航点90第2次失败
[python3-5] [INFO] [1791397361.377816283] [coverage_planner]: 连续避障第1次，保持向左绕行
[python3-5] [INFO] [1791397361.378267505] [coverage_planner]: 侧向激光约束: 绕行方向空间0.47m，side_dist限制为0.27m
[python3-5] [INFO] [1791397361.378959164] [coverage_planner]: 开始绕行: (-1.23, -2.55)
[python3-5] [INFO] [1791397363.475382833] [coverage_planner]: 绕行完成，回到航点 90
[python3-5] [WARN] [1791397366.129071360] [coverage_planner]: 触发避障!激光:True(前0.29m) 视觉:False 左空0.45右空4.97
[python3-5] [INFO] [1791397366.129697907] [coverage_planner]: 航点90第3次失败
[python3-5] [WARN] [1791397366.130317192] [coverage_planner]: 🚨 航点90失败3次，跳过
[python3-5] [WARN] [1791397366.229107026] [coverage_planner]: 触发避障!激光:True(前0.27m) 视觉:False 左空0.44右空4.97
[python3-5] [INFO] [1791397366.229733439] [coverage_planner]: 航点91第1次失败
[python3-5] [INFO] [1791397366.230240833] [coverage_planner]: 连续避障第1次，保持向左绕行
[python3-5] [INFO] [1791397366.231088003] [coverage_planner]: 侧向激光约束: 绕行方向空间0.44m，side_dist限制为0.24m
[python3-5] [INFO] [1791397366.232360833] [coverage_planner]: 开始绕行: (-1.24, -2.56)
[python3-5] [INFO] [1791397368.279595437] [coverage_planner]: 绕行完成，回到航点 91
[python3-5] [WARN] [1791397370.680320247] [coverage_planner]: 触发避障!激光:True(前0.30m) 视觉:False 左空0.46右空5.00
[python3-5] [INFO] [1791397370.680527287] [coverage_planner]: 航点91第2次失败
[python3-5] [INFO] [1791397370.680691187] [coverage_planner]: 连续避障第1次，保持向左绕行
[python3-5] [INFO] [1791397370.680975277] [coverage_planner]: 离边界0.78m，side_dist限制为0.20m
[python3-5] [INFO] [1791397370.681435334] [coverage_planner]: 开始绕行: (-1.20, -2.56)
[python3-5] [INFO] [1791397372.833873331] [coverage_planner]: 绕行完成，回到航点 91
[python3-5] [WARN] [1791397375.138430520] [coverage_planner]: 触发避障!激光:True(前0.29m) 视觉:False 左空0.47右空4.98
[python3-5] [INFO] [1791397375.139127498] [coverage_planner]: 航点91第3次失败
[python3-5] [WARN] [1791397375.139822309] [coverage_planner]: 🚨 航点91失败3次，跳过
[python3-5] [INFO] [1791397375.187419886] [coverage_planner]: 🌀 航点92航线被挡，插入2个绕障圆弧航点
[python3-5] [WARN] [1791397375.235027301] [coverage_planner]: 触发避障!激光:True(前0.28m) 视觉:False 左空0.45右空4.97
[python3-5] [INFO] [1791397375.235344785] [coverage_planner]: 航点92第1次失败
[python3-5] [INFO] [1791397375.235616693] [coverage_planner]: 连续避障第1次，保持向左绕行
[python3-5] [INFO] [1791397375.236069335] [coverage_planner]: 侧向激光约束: 绕行方向空间0.45m，side_dist限制为0.25m
[python3-5] [INFO] [1791397375.236811325] [coverage_planner]: 开始绕行: (-1.23, -2.56)
[python3-5] [INFO] [1791397377.337803837] [coverage_planner]: 绕行完成，回到航点 92
[python3-5] [WARN] [1791397379.741843476] [coverage_planner]: 触发避障!激光:True(前0.28m) 视觉:False 左空0.46右空4.96
[python3-5] [INFO] [1791397379.742742439] [coverage_planner]: 航点92第2次失败
[python3-5] [INFO] [1791397379.743310632] [coverage_planner]: 连续避障第1次，保持向左绕行
[python3-5] [INFO] [1791397379.744332440] [coverage_planner]: 侧向激光约束: 绕行方向空间0.46m，side_dist限制为0.26m
[python3-5] [INFO] [1791397379.745983881] [coverage_planner]: 开始绕行: (-1.24, -2.52)
[python3-5] [WARN] [1791397381.741784723] [coverage_planner]: 前方仍有障碍，跳过航点 92
[python3-5] [WARN] [1791397383.743938567] [coverage_planner]: 触发避障!激光:True(前0.29m) 视觉:False 左空0.53右空4.90
[python3-5] [INFO] [1791397383.744479017] [coverage_planner]: 航点93第1次失败
[python3-5] [INFO] [1791397383.744942152] [coverage_planner]: 连续避障第1次，保持向左绕行
[python3-5] [INFO] [1791397383.745668991] [coverage_planner]: 侧向激光约束: 绕行方向空间0.53m，side_dist限制为0.33m
[python3-5] [INFO] [1791397383.746783580] [coverage_planner]: 开始绕行: (-1.20, -2.54)
[python3-5] [INFO] [1791397385.795063981] [coverage_planner]: 绕行完成，回到航点 93
[python3-5] [WARN] [1791397388.546655171] [coverage_planner]: 触发避障!激光:True(前0.29m) 视觉:False 左空0.43右空5.00
[python3-5] [INFO] [1791397388.546996706] [coverage_planner]: 航点93第2次失败
[python3-5] [INFO] [1791397388.547284152] [coverage_planner]: 连续避障第1次，保持向左绕行
[python3-5] [INFO] [1791397388.547793196] [coverage_planner]: 离边界0.79m，side_dist限制为0.20m
[python3-5] [INFO] [1791397388.548615411] [coverage_planner]: 开始绕行: (-1.22, -2.56)
[python3-5] [INFO] [1791397390.647687085] [coverage_planner]: 绕行完成，回到航点 93
[python3-5] [WARN] [1791397392.851680634] [coverage_planner]: 触发避障!激光:True(前0.30m) 视觉:False 左空0.46右空5.02
[python3-5] [INFO] [1791397392.852111513] [coverage_planner]: 航点93第3次失败
[python3-5] [WARN] [1791397392.852498841] [coverage_planner]: 🚨 航点93失败3次，跳过
[python3-5] [INFO] [1791397392.903601738] [coverage_planner]: 🌀 航点94航线被挡，插入2个绕障圆弧航点
[python3-5] [WARN] [1791397392.950283945] [coverage_planner]: 触发避障!激光:True(前0.29m) 视觉:False 左空0.44右空5.01
[python3-5] [INFO] [1791397392.950467427] [coverage_planner]: 航点94第1次失败
[python3-5] [INFO] [1791397392.950622541] [coverage_planner]: 连续避障第1次，保持向左绕行
[python3-5] [INFO] [1791397392.950881237] [coverage_planner]: 离边界0.78m，side_dist限制为0.20m
[python3-5] [INFO] [1791397392.951313007] [coverage_planner]: 开始绕行: (-1.21, -2.56)
[python3-5] [INFO] [1791397395.003427752] [coverage_planner]: 绕行完成，回到航点 94
[python3-5] [WARN] [1791397397.205761029] [coverage_planner]: 触发避障!激光:True(前0.29m) 视觉:False 左空0.50右空4.91
[python3-5] [INFO] [1791397397.206389140] [coverage_planner]: 航点94第2次失败
[python3-5] [INFO] [1791397397.206921910] [coverage_planner]: 连续避障第1次，保持向左绕行
[python3-5] [INFO] [1791397397.207896415] [coverage_planner]: 侧向激光约束: 绕行方向空间0.50m，side_dist限制为0.30m
[python3-5] [INFO] [1791397397.209379106] [coverage_planner]: 开始绕行: (-1.21, -2.54)
[python3-5] [INFO] [1791397399.307111872] [coverage_planner]: 绕行完成，回到航点 94
[python3-5] [WARN] [1791397401.559378263] [coverage_planner]: 触发避障!激光:True(前0.29m) 视觉:False 左空0.45右空5.01
[python3-5] [INFO] [1791397401.560003894] [coverage_planner]: 航点94第3次失败
[python3-5] [WARN] [1791397401.560600858] [coverage_planner]: 🚨 航点94失败3次，跳过
[python3-5] [WARN] [1791397401.659316964] [coverage_planner]: 触发避障!激光:True(前0.28m) 视觉:False 左空0.44右空4.99
[python3-5] [INFO] [1791397401.659806126] [coverage_planner]: 航点95第1次失败
[python3-5] [INFO] [1791397401.660213638] [coverage_planner]: 连续避障第1次，保持向左绕行
[python3-5] [INFO] [1791397401.660885461] [coverage_planner]: 侧向激光约束: 绕行方向空间0.44m，side_dist限制为0.24m
[python3-5] [INFO] [1791397401.662378560] [coverage_planner]: 开始绕行: (-1.23, -2.56)
[python3-5] [INFO] [1791397403.810650323] [coverage_planner]: 绕行完成，回到航点 95
[python3-5] [WARN] [1791397406.262578531] [coverage_planner]: 触发避障!激光:True(前0.29m) 视觉:False 左空0.47右空4.94
[python3-5] [INFO] [1791397406.263183183] [coverage_planner]: 航点95第2次失败
[python3-5] [INFO] [1791397406.263704583] [coverage_planner]: 连续避障第1次，保持向左绕行
[python3-5] [INFO] [1791397406.264593250] [coverage_planner]: 侧向激光约束: 绕行方向空间0.47m，side_dist限制为0.27m
[python3-5] [INFO] [1791397406.265951372] [coverage_planner]: 开始绕行: (-1.22, -2.57)
[python3-5] [INFO] [1791397408.365181242] [coverage_planner]: 绕行完成，回到航点 95
[python3-5] [WARN] [1791397410.769145521] [coverage_planner]: 触发避障!激光:True(前0.29m) 视觉:False 左空0.43右空5.01
[python3-5] [INFO] [1791397410.770194137] [coverage_planner]: 航点95第3次失败
[python3-5] [WARN] [1791397410.771365765] [coverage_planner]: 🚨 航点95失败3次，跳过
[python3-5] [INFO] [1791397410.819318016] [coverage_planner]: 🌀 航点96航线被挡，插入2个绕障圆弧航点
[python3-5] [WARN] [1791397410.865669619] [coverage_planner]: 触发避障!激光:True(前0.28m) 视觉:False 左空0.42右空5.01
[python3-5] [INFO] [1791397410.865858799] [coverage_planner]: 航点96第1次失败
[python3-5] [INFO] [1791397410.866016099] [coverage_planner]: 连续避障第1次，保持向左绕行
[python3-5] [INFO] [1791397410.866303643] [coverage_planner]: 离边界0.79m，side_dist限制为0.20m
[python3-5] [INFO] [1791397410.866789854] [coverage_planner]: 开始绕行: (-1.22, -2.55)
[python3-5] [INFO] [1791397412.968239670] [coverage_planner]: 绕行完成，回到航点 96
[python3-5] [WARN] [1791397415.272472005] [coverage_planner]: 触发避障!激光:True(前0.30m) 视觉:False 左空0.48右空4.96
[python3-5] [INFO] [1791397415.273060037] [coverage_planner]: 航点96第2次失败
[python3-5] [INFO] [1791397415.273600336] [coverage_planner]: 连续避障第1次，保持向左绕行
[python3-5] [INFO] [1791397415.274509341] [coverage_planner]: 侧向激光约束: 绕行方向空间0.48m，side_dist限制为0.28m
[python3-5] [INFO] [1791397415.276000679] [coverage_planner]: 开始绕行: (-1.22, -2.59)
[python3-5] [INFO] [1791397417.422662049] [coverage_planner]: 绕行完成，回到航点 96
[python3-5] [WARN] [1791397419.824630503] [coverage_planner]: 触发避障!激光:True(前0.30m) 视觉:False 左空0.48右空4.92
[python3-5] [INFO] [1791397419.825204152] [coverage_planner]: 航点96第3次失败
[python3-5] [WARN] [1791397419.825792165] [coverage_planner]: 🚨 航点96失败3次，跳过
[python3-5] [WARN] [1791397419.925157563] [coverage_planner]: 触发避障!激光:True(前0.29m) 视觉:False 左空0.46右空4.96
[python3-5] [INFO] [1791397419.925835134] [coverage_planner]: 航点97第1次失败
[python3-5] [INFO] [1791397419.926422312] [coverage_planner]: 连续避障第1次，保持向左绕行
[python3-5] [INFO] [1791397419.927217200] [coverage_planner]: 侧向激光约束: 绕行方向空间0.46m，side_dist限制为0.26m
[python3-5] [INFO] [1791397419.928229183] [coverage_planner]: 开始绕行: (-1.23, -2.54)
[python3-5] [INFO] [1791397422.024281711] [coverage_planner]: 绕行完成，回到航点 97
[python3-5] [WARN] [1791397424.477117251] [coverage_planner]: 触发避障!激光:True(前0.29m) 视觉:False 左空0.44右空4.98
[python3-5] [INFO] [1791397424.477420986] [coverage_planner]: 航点97第2次失败
[python3-5] [INFO] [1791397424.477681633] [coverage_planner]: 连续避障第1次，保持向左绕行
[python3-5] [INFO] [1791397424.478109845] [coverage_planner]: 侧向激光约束: 绕行方向空间0.44m，side_dist限制为0.24m
[python3-5] [INFO] [1791397424.478809237] [coverage_planner]: 开始绕行: (-1.22, -2.56)
[python3-5] [INFO] [1791397426.628842452] [coverage_planner]: 绕行完成，回到航点 97
[python3-5] [WARN] [1791397429.031110716] [coverage_planner]: 触发避障!激光:True(前0.28m) 视觉:False 左空0.45右空4.99
[python3-5] [INFO] [1791397429.031367881] [coverage_planner]: 航点97第3次失败
[python3-5] [WARN] [1791397429.031630806] [coverage_planner]: 🚨 航点97失败3次，跳过
[python3-5] [INFO] [1791397429.083226095] [coverage_planner]: 🌀 航点98航线被挡，插入2个绕障圆弧航点
[python3-5] [WARN] [1791397429.130881843] [coverage_planner]: 触发避障!激光:True(前0.28m) 视觉:False 左空0.43右空4.98
[python3-5] [INFO] [1791397429.131119849] [coverage_planner]: 航点98第1次失败
[python3-5] [INFO] [1791397429.131326565] [coverage_planner]: 连续避障第1次，保持向左绕行
[python3-5] [INFO] [1791397429.131689475] [coverage_planner]: 侧向激光约束: 绕行方向空间0.43m，side_dist限制为0.23m
[python3-5] [INFO] [1791397429.132271938] [coverage_planner]: 开始绕行: (-1.24, -2.55)
[python3-5] [INFO] [1791397431.184839868] [coverage_planner]: 绕行完成，回到航点 98
[python3-5] [WARN] [1791397433.735876605] [coverage_planner]: 触发避障!激光:True(前0.30m) 视觉:False 左空0.44右空4.99
[python3-5] [INFO] [1791397433.736462210] [coverage_planner]: 航点98第2次失败
[python3-5] [INFO] [1791397433.736933469] [coverage_planner]: 连续避障第1次，保持向左绕行
[python3-5] [INFO] [1791397433.737714048] [coverage_planner]: 离边界0.78m，side_dist限制为0.20m
[python3-5] [INFO] [1791397433.738900369] [coverage_planner]: 开始绕行: (-1.21, -2.56)
[python3-5] [INFO] [1791397435.887204946] [coverage_planner]: 绕行完成，回到航点 98
[python3-5] [WARN] [1791397438.391026549] [coverage_planner]: 触发避障!激光:True(前0.30m) 视觉:False 左空0.48右空4.94
[python3-5] [INFO] [1791397438.391543117] [coverage_planner]: 航点98第3次失败
[python3-5] [WARN] [1791397438.392050559] [coverage_planner]: 🚨 航点98失败3次，跳过
[python3-5] [WARN] [1791397438.489889445] [coverage_planner]: 触发避障!激光:True(前0.29m) 视觉:False 左空0.45右空4.96
[python3-5] [INFO] [1791397438.490347750] [coverage_planner]: 航点99第1次失败
[python3-5] [INFO] [1791397438.490739330] [coverage_planner]: 连续避障第1次，保持向左绕行
[python3-5] [INFO] [1791397438.491333498] [coverage_planner]: 侧向激光约束: 绕行方向空间0.45m，side_dist限制为0.25m
[python3-5] [INFO] [1791397438.492281300] [coverage_planner]: 开始绕行: (-1.22, -2.54)
[python3-5] [INFO] [1791397440.541538725] [coverage_planner]: 绕行完成，回到航点 99
[python3-5] [WARN] [1791397442.894947574] [coverage_planner]: 触发避障!激光:True(前0.30m) 视觉:False 左空0.45右空5.01
[python3-5] [INFO] [1791397442.895596478] [coverage_planner]: 航点99第2次失败
[python3-5] [INFO] [1791397442.896114156] [coverage_planner]: 连续避障第1次，保持向左绕行
[python3-5] [INFO] [1791397442.896933627] [coverage_planner]: 离边界0.79m，side_dist限制为0.20m
[python3-5] [INFO] [1791397442.898129528] [coverage_planner]: 开始绕行: (-1.20, -2.55)
[python3-5] [INFO] [1791397445.045166956] [coverage_planner]: 绕行完成，回到航点 99
[python3-5] [WARN] [1791397447.647073871] [coverage_planner]: 触发避障!激光:True(前0.30m) 视觉:False 左空0.47右空4.96
[python3-5] [INFO] [1791397447.647504430] [coverage_planner]: 航点99第3次失败
[python3-5] [WARN] [1791397447.647923072] [coverage_planner]: 🚨 航点99失败3次，跳过
[python3-5] [INFO] [1791397447.698997724] [coverage_planner]: 🌀 航点100航线被挡，插入2个绕障圆弧航点
[python3-5] [WARN] [1791397447.746783500] [coverage_planner]: 触发避障!激光:True(前0.29m) 视觉:False 左空0.47右空4.93
[python3-5] [INFO] [1791397447.747038375] [coverage_planner]: 航点100第1次失败
[python3-5] [INFO] [1791397447.747250086] [coverage_planner]: 连续避障第1次，保持向左绕行
[python3-5] [INFO] [1791397447.747599830] [coverage_planner]: 侧向激光约束: 绕行方向空间0.47m，side_dist限制为0.27m
[python3-5] [INFO] [1791397447.748157766] [coverage_planner]: 开始绕行: (-1.23, -2.53)
[python3-5] [INFO] [1791397449.799541022] [coverage_planner]: 绕行完成，回到航点 100
[python3-5] [WARN] [1791397451.903023020] [coverage_planner]: 触发避障!激光:True(前0.28m) 视觉:False 左空0.48右空4.97
[python3-5] [INFO] [1791397451.903562821] [coverage_planner]: 航点100第2次失败
[python3-5] [INFO] [1791397451.904034784] [coverage_planner]: 连续避障第1次，保持向左绕行
[python3-5] [INFO] [1791397451.904843285] [coverage_planner]: 侧向激光约束: 绕行方向空间0.48m，side_dist限制为0.28m
[python3-5] [INFO] [1791397451.906118795] [coverage_planner]: 开始绕行: (-1.22, -2.55)
[python3-5] [INFO] [1791397454.002514491] [coverage_planner]: 绕行完成，回到航点 100
[python3-5] [WARN] [1791397456.604658406] [coverage_planner]: 触发避障!激光:True(前0.30m) 视觉:False 左空0.48右空4.94
[python3-5] [INFO] [1791397456.605015980] [coverage_planner]: 航点100第3次失败
[python3-5] [WARN] [1791397456.605566562] [coverage_planner]: 🚨 航点100失败3次，跳过
[python3-5] [WARN] [1791397456.703785162] [coverage_planner]: 触发避障!激光:True(前0.29m) 视觉:False 左空0.46右空4.96
[python3-5] [INFO] [1791397456.703986995] [coverage_planner]: 航点101第1次失败
[python3-5] [INFO] [1791397456.704150273] [coverage_planner]: 连续避障第1次，保持向左绕行
[python3-5] [INFO] [1791397456.704437416] [coverage_planner]: 侧向激光约束: 绕行方向空间0.46m，side_dist限制为0.26m
[python3-5] [INFO] [1791397456.704921374] [coverage_planner]: 开始绕行: (-1.22, -2.52)
[python3-5] [INFO] [1791397458.755633594] [coverage_planner]: 绕行完成，回到航点 101
[python3-5] [WARN] [1791397461.210534188] [coverage_planner]: 触发避障!激光:True(前0.27m) 视觉:False 左空0.45右空4.94
[python3-5] [INFO] [1791397461.211158434] [coverage_planner]: 航点101第2次失败
[python3-5] [INFO] [1791397461.211704386] [coverage_planner]: 连续避障第1次，保持向左绕行
[python3-5] [INFO] [1791397461.212603505] [coverage_planner]: 侧向激光约束: 绕行方向空间0.45m，side_dist限制为0.25m
[python3-5] [INFO] [1791397461.213936450] [coverage_planner]: 开始绕行: (-1.24, -2.52)
[python3-5] [INFO] [1791397463.310608127] [coverage_planner]: 绕行完成，回到航点 101
[python3-5] [WARN] [1791397465.713960761] [coverage_planner]: 触发避障!激光:True(前0.29m) 视觉:False 左空0.46右空4.99
[python3-5] [INFO] [1791397465.714461946] [coverage_planner]: 航点101第3次失败
[python3-5] [WARN] [1791397465.714936283] [coverage_planner]: 🚨 航点101失败3次，跳过
[python3-5] [INFO] [1791397465.765704552] [coverage_planner]: 🌀 航点102航线被挡，插入2个绕障圆弧航点
[python3-5] [WARN] [1791397465.811629990] [coverage_planner]: 触发避障!激光:True(前0.29m) 视觉:False 左空0.44右空5.00
[python3-5] [INFO] [1791397465.811814745] [coverage_planner]: 航点102第1次失败
[python3-5] [INFO] [1791397465.811972136] [coverage_planner]: 连续避障第1次，保持向左绕行
[python3-5] [INFO] [1791397465.812233922] [coverage_planner]: 侧向激光约束: 绕行方向空间0.44m，side_dist限制为0.24m
[python3-5] [INFO] [1791397465.812678349] [coverage_planner]: 开始绕行: (-1.23, -2.56)
[python3-5] [INFO] [1791397467.866796342] [coverage_planner]: 绕行完成，回到航点 102
[python3-5] [WARN] [1791397470.167665887] [coverage_planner]: 触发避障!激光:True(前0.28m) 视觉:False 左空0.49右空4.95
[python3-5] [INFO] [1791397470.168175626] [coverage_planner]: 航点102第2次失败
[python3-5] [INFO] [1791397470.168633804] [coverage_planner]: 连续避障第1次，保持向左绕行
[python3-5] [INFO] [1791397470.169422844] [coverage_planner]: 侧向激光约束: 绕行方向空间0.49m，side_dist限制为0.29m
[python3-5] [INFO] [1791397470.170814365] [coverage_planner]: 开始绕行: (-1.23, -2.55)
[python3-5] [INFO] [1791397472.320068057] [coverage_planner]: 绕行完成，回到航点 102
[python3-5] [WARN] [1791397474.771749867] [coverage_planner]: 触发避障!激光:True(前0.30m) 视觉:False 左空0.45右空4.97
[python3-5] [INFO] [1791397474.772222958] [coverage_planner]: 航点102第3次失败
[python3-5] [WARN] [1791397474.772707962] [coverage_planner]: 🚨 航点102失败3次，跳过
[python3-5] [WARN] [1791397474.874737346] [coverage_planner]: 触发避障!激光:True(前0.29m) 视觉:False 左空0.42右空5.04
[python3-5] [INFO] [1791397474.875785246] [coverage_planner]: 航点103第1次失败
[python3-5] [INFO] [1791397474.876944812] [coverage_planner]: 连续避障第1次，保持向左绕行
[python3-5] [INFO] [1791397474.877922042] [coverage_planner]: 离边界0.78m，side_dist限制为0.20m
[python3-5] [INFO] [1791397474.879090121] [coverage_planner]: 开始绕行: (-1.22, -2.56)
[python3-5] [INFO] [1791397476.973837599] [coverage_planner]: 绕行完成，回到航点 103
[python3-5] [WARN] [1791397479.473920488] [coverage_planner]: 触发避障!激光:True(前0.30m) 视觉:False 左空0.44右空4.97
[python3-5] [INFO] [1791397479.474134207] [coverage_planner]: 航点103第2次失败
[python3-5] [INFO] [1791397479.474306216] [coverage_planner]: 连续避障第1次，保持向左绕行
[python3-5] [INFO] [1791397479.474602480] [coverage_planner]: 侧向激光约束: 绕行方向空间0.44m，side_dist限制为0.24m
[python3-5] [INFO] [1791397479.475058502] [coverage_planner]: 开始绕行: (-1.22, -2.57)
[python3-5] [INFO] [1791397481.576487022] [coverage_planner]: 绕行完成，回到航点 103
[python3-5] [WARN] [1791397483.977926052] [coverage_planner]: 触发避障!激光:True(前0.30m) 视觉:False 左空0.47右空4.99
[python3-5] [INFO] [1791397483.978141532] [coverage_planner]: 航点103第3次失败
[python3-5] [WARN] [1791397483.978353884] [coverage_planner]: 🚨 航点103失败3次，跳过
[python3-5] [INFO] [1791397484.028542141] [coverage_planner]: 🌀 航点104航线被挡，插入2个绕障圆弧航点
[python3-5] [WARN] [1791397484.078591939] [coverage_planner]: 触发避障!激光:True(前0.28m) 视觉:False 左空0.45右空4.98
[python3-5] [INFO] [1791397484.078918802] [coverage_planner]: 航点104第1次失败
[python3-5] [INFO] [1791397484.079188422] [coverage_planner]: 连续避障第1次，保持向左绕行
[python3-5] [INFO] [1791397484.079652487] [coverage_planner]: 侧向激光约束: 绕行方向空间0.45m，side_dist限制为0.25m
[python3-5] [INFO] [1791397484.080486646] [coverage_planner]: 开始绕行: (-1.23, -2.56)
[python3-5] [INFO] [1791397486.130531349] [coverage_planner]: 绕行完成，回到航点 104
[python3-5] [WARN] [1791397488.582830111] [coverage_planner]: 触发避障!激光:True(前0.30m) 视觉:False 左空0.52右空4.92
[python3-5] [INFO] [1791397488.583358023] [coverage_planner]: 航点104第2次失败
[python3-5] [INFO] [1791397488.583783232] [coverage_planner]: 连续避障第1次，保持向左绕行
[python3-5] [INFO] [1791397488.584511147] [coverage_planner]: 侧向激光约束: 绕行方向空间0.52m，side_dist限制为0.32m
[python3-5] [INFO] [1791397488.585565394] [coverage_planner]: 开始绕行: (-1.22, -2.55)
[python3-5] [INFO] [1791397490.732920426] [coverage_planner]: 绕行完成，回到航点 104
[python3-5] [WARN] [1791397493.086765940] [coverage_planner]: 触发避障!激光:True(前0.30m) 视觉:False 左空0.47右空4.98
[python3-5] [INFO] [1791397493.087494802] [coverage_planner]: 航点104第3次失败
[python3-5] [WARN] [1791397493.088221043] [coverage_planner]: 🚨 航点104失败3次，跳过
[python3-5] [WARN] [1791397493.186828196] [coverage_planner]: 触发避障!激光:True(前0.29m) 视觉:False 左空0.45右空4.97
[python3-5] [INFO] [1791397493.187312227] [coverage_planner]: 航点105第1次失败
[python3-5] [INFO] [1791397493.187747326] [coverage_planner]: 连续避障第1次，保持向左绕行
[python3-5] [INFO] [1791397493.188539914] [coverage_planner]: 侧向激光约束: 绕行方向空间0.45m，side_dist限制为0.25m
[python3-5] [INFO] [1791397493.189884679] [coverage_planner]: 开始绕行: (-1.22, -2.56)
[python3-5] [INFO] [1791397495.187428665] [coverage_planner]: 绕行完成，回到航点 105
[python3-5] [WARN] [1791397497.538786843] [coverage_planner]: 触发避障!激光:True(前0.30m) 视觉:False 左空0.48右空4.93
[python3-5] [INFO] [1791397497.539256655] [coverage_planner]: 航点105第2次失败
[python3-5] [INFO] [1791397497.539753341] [coverage_planner]: 连续避障第1次，保持向左绕行
[python3-5] [INFO] [1791397497.540292789] [coverage_planner]: 侧向激光约束: 绕行方向空间0.48m，side_dist限制为0.28m
[python3-5] [INFO] [1791397497.540955432] [coverage_planner]: 开始绕行: (-1.21, -2.53)
[python3-5] [INFO] [1791397499.642267603] [coverage_planner]: 绕行完成，回到航点 105
[python3-5] [WARN] [1791397501.994246688] [coverage_planner]: 触发避障!激光:True(前0.30m) 视觉:False 左空0.55右空4.85
[python3-5] [INFO] [1791397501.994875711] [coverage_planner]: 航点105第3次失败
[python3-5] [WARN] [1791397501.995489507] [coverage_planner]: 🚨 航点105失败3次，跳过
[python3-5] [INFO] [1791397502.041537356] [coverage_planner]: 🌀 航点106航线被挡，插入2个绕障圆弧航点
[python3-5] [WARN] [1791397502.091675368] [coverage_planner]: 触发避障!激光:True(前0.27m) 视觉:False 左空0.49右空4.87
[python3-5] [INFO] [1791397502.091880003] [coverage_planner]: 航点106第1次失败
[python3-5] [INFO] [1791397502.092067019] [coverage_planner]: 连续避障第1次，保持向左绕行
[python3-5] [INFO] [1791397502.092394368] [coverage_planner]: 侧向激光约束: 绕行方向空间0.49m，side_dist限制为0.29m
[python3-5] [INFO] [1791397502.092935075] [coverage_planner]: 开始绕行: (-1.20, -2.46)
[python3-5] [INFO] [1791397504.145020870] [coverage_planner]: 绕行完成，回到航点 106
[python3-5] [WARN] [1791397506.447803578] [coverage_planner]: 触发避障!激光:True(前0.29m) 视觉:False 左空0.51右空4.89
[python3-5] [INFO] [1791397506.448377582] [coverage_planner]: 航点106第2次失败
[python3-5] [INFO] [1791397506.448852716] [coverage_planner]: 连续避障第1次，保持向左绕行
[python3-5] [INFO] [1791397506.449581331] [coverage_planner]: 侧向激光约束: 绕行方向空间0.51m，side_dist限制为0.31m
[python3-5] [INFO] [1791397506.450666038] [coverage_planner]: 开始绕行: (-1.21, -2.49)
[python3-5] [INFO] [1791397508.598133284] [coverage_planner]: 绕行完成，回到航点 106
[python3-5] [WARN] [1791397511.049882364] [coverage_planner]: 触发避障!激光:True(前0.29m) 视觉:False 左空0.49右空4.92
[python3-5] [INFO] [1791397511.050184718] [coverage_planner]: 航点106第3次失败
[python3-5] [WARN] [1791397511.050495133] [coverage_planner]: 🚨 航点106失败3次，跳过
[python3-5] [WARN] [1791397511.150125459] [coverage_planner]: 触发避障!激光:True(前0.28m) 视觉:False 左空0.46右空4.95
[python3-5] [INFO] [1791397511.150507206] [coverage_planner]: 航点107第1次失败
[python3-5] [INFO] [1791397511.150796625] [coverage_planner]: 连续避障第1次，保持向左绕行
[python3-5] [INFO] [1791397511.151244252] [coverage_planner]: 侧向激光约束: 绕行方向空间0.46m，side_dist限制为0.26m
[python3-5] [INFO] [1791397511.151967307] [coverage_planner]: 开始绕行: (-1.22, -2.53)
[python3-5] [INFO] [1791397513.202481886] [coverage_planner]: 绕行完成，回到航点 107
[python3-5] [WARN] [1791397515.655304901] [coverage_planner]: 触发避障!激光:True(前0.29m) 视觉:False 左空0.47右空4.93
[python3-5] [INFO] [1791397515.655908241] [coverage_planner]: 航点107第2次失败
[python3-5] [INFO] [1791397515.656407199] [coverage_planner]: 连续避障第1次，保持向左绕行
[python3-5] [INFO] [1791397515.657224420] [coverage_planner]: 侧向激光约束: 绕行方向空间0.47m，side_dist限制为0.27m
[python3-5] [INFO] [1791397515.658391929] [coverage_planner]: 开始绕行: (-1.21, -2.52)
[python3-5] [INFO] [1791397517.756601021] [coverage_planner]: 绕行完成，回到航点 107
[python3-5] [WARN] [1791397520.008884336] [coverage_planner]: 触发避障!激光:True(前0.29m) 视觉:False 左空0.47右空5.00
[python3-5] [INFO] [1791397520.009511501] [coverage_planner]: 航点107第3次失败
[python3-5] [WARN] [1791397520.010129053] [coverage_planner]: 🚨 航点107失败3次，跳过
[python3-5] [INFO] [1791397520.056567610] [coverage_planner]: 🌀 航点108航线被挡，插入2个绕障圆弧航点
[python3-5] [WARN] [1791397520.107154814] [coverage_planner]: 触发避障!激光:True(前0.28m) 视觉:False 左空0.44右空4.95
[python3-5] [INFO] [1791397520.107506024] [coverage_planner]: 航点108第1次失败
[python3-5] [INFO] [1791397520.107794819] [coverage_planner]: 连续避障第1次，保持向左绕行
[python3-5] [INFO] [1791397520.108281068] [coverage_planner]: 侧向激光约束: 绕行方向空间0.44m，side_dist限制为0.24m
[python3-5] [INFO] [1791397520.109116080] [coverage_planner]: 开始绕行: (-1.22, -2.55)
[python3-5] [INFO] [1791397522.162003005] [coverage_planner]: 绕行完成，回到航点 108
[python3-5] [WARN] [1791397524.414592848] [coverage_planner]: 触发避障!激光:True(前0.29m) 视觉:False 左空0.45右空4.98
[python3-5] [INFO] [1791397524.415645491] [coverage_planner]: 航点108第2次失败
[python3-5] [INFO] [1791397524.416105190] [coverage_planner]: 连续避障第1次，保持向左绕行
[python3-5] [INFO] [1791397524.416890263] [coverage_planner]: 侧向激光约束: 绕行方向空间0.45m，side_dist限制为0.25m
[python3-5] [INFO] [1791397524.418625508] [coverage_planner]: 开始绕行: (-1.22, -2.56)
[python3-5] [INFO] [1791397526.512535698] [coverage_planner]: 绕行完成，回到航点 108
[python3-5] [WARN] [1791397528.867151574] [coverage_planner]: 触发避障!激光:True(前0.27m) 视觉:False 左空0.45右空5.01
[python3-5] [INFO] [1791397528.867780608] [coverage_planner]: 航点108第3次失败
[python3-5] [WARN] [1791397528.868418223] [coverage_planner]: 🚨 航点108失败3次，跳过
[python3-5] [WARN] [1791397528.966967267] [coverage_planner]: 触发避障!激光:True(前0.24m) 视觉:False 左空0.40右空4.99
[python3-5] [INFO] [1791397528.967592502] [coverage_planner]: 航点109第1次失败
[python3-5] [INFO] [1791397528.968106772] [coverage_planner]: 连续避障第1次，保持向左绕行
[python3-5] [INFO] [1791397528.968965736] [coverage_planner]: 侧向激光约束: 绕行方向空间0.40m，side_dist限制为0.20m
[python3-5] [WARN] [1791397528.969372183] [coverage_planner]: 侧向空间不足(0.40m)，保守脱困：后退+旋转
[python3-5] [WARN] [1791397529.017243717] [coverage_planner]: 触发避障!激光:True(前0.25m) 视觉:False 左空0.41右空5.00
[python3-5] [INFO] [1791397529.017720388] [coverage_planner]: 航点109第2次失败
[python3-5] [INFO] [1791397529.018090164] [coverage_planner]: 连续避障第2次，保持向左绕行
[python3-5] [INFO] [1791397529.018685814] [coverage_planner]: 侧向激光约束: 绕行方向空间0.41m，side_dist限制为0.21m
[python3-5] [INFO] [1791397529.019707161] [coverage_planner]: 开始绕行: (-1.23, -2.52)
[python3-5] [WARN] [1791397529.266520312] [coverage_planner]: 前方仍有障碍，跳过航点 109
[python3-5] [INFO] [1791397529.317869202] [coverage_planner]: 🌀 航点110航线被挡，插入2个绕障圆弧航点
[python3-5] [WARN] [1791397530.418907554] [coverage_planner]: 触发避障!激光:True(前0.28m) 视觉:False 左空0.49右空4.93
[python3-5] [INFO] [1791397530.419458867] [coverage_planner]: 航点110第1次失败
[python3-5] [INFO] [1791397530.419926757] [coverage_planner]: 连续避障第1次，保持向左绕行
[python3-5] [INFO] [1791397530.420773993] [coverage_planner]: 侧向激光约束: 绕行方向空间0.49m，side_dist限制为0.29m
[python3-5] [INFO] [1791397530.422368293] [coverage_planner]: 开始绕行: (-1.24, -2.52)
[python3-5] [WARN] [1791397532.470149509] [coverage_planner]: 前方仍有障碍，跳过航点 110
[python3-5] [WARN] [1791397534.569152993] [coverage_planner]: 触发避障!激光:True(前0.29m) 视觉:False 左空0.48右空4.95
[python3-5] [INFO] [1791397534.569378146] [coverage_planner]: 航点111第1次失败
[python3-5] [INFO] [1791397534.569576589] [coverage_planner]: 连续避障第1次，保持向左绕行
[python3-5] [INFO] [1791397534.569896139] [coverage_planner]: 侧向激光约束: 绕行方向空间0.48m，side_dist限制为0.28m
[python3-5] [INFO] [1791397534.570447910] [coverage_planner]: 开始绕行: (-1.20, -2.54)
[python3-5] [INFO] [1791397536.622062602] [coverage_planner]: 绕行完成，回到航点 111
[python3-5] [WARN] [1791397539.274649372] [coverage_planner]: 触发避障!激光:True(前0.30m) 视觉:False 左空0.47右空4.97
[python3-5] [INFO] [1791397539.275118932] [coverage_planner]: 航点111第2次失败
[python3-5] [INFO] [1791397539.275473429] [coverage_planner]: 连续避障第1次，保持向左绕行
[python3-5] [INFO] [1791397539.276097280] [coverage_planner]: 侧向激光约束: 绕行方向空间0.47m，side_dist限制为0.27m
[python3-5] [INFO] [1791397539.277109139] [coverage_planner]: 开始绕行: (-1.23, -2.58)
[python3-5] [INFO] [1791397541.426358587] [coverage_planner]: 绕行完成，回到航点 111
[python3-5] [WARN] [1791397543.979376773] [coverage_planner]: 触发避障!激光:True(前0.30m) 视觉:False 左空0.44右空4.98
[python3-5] [INFO] [1791397543.980019657] [coverage_planner]: 航点111第3次失败
[python3-5] [WARN] [1791397543.980661225] [coverage_planner]: 🚨 航点111失败3次，跳过
[python3-5] [INFO] [1791397544.029509295] [coverage_planner]: 🌀 航点112航线被挡，插入2个绕障圆弧航点
[python3-5] [WARN] [1791397544.082768478] [coverage_planner]: 触发避障!激光:True(前0.29m) 视觉:False 左空0.42右空4.99
[python3-5] [INFO] [1791397544.082949881] [coverage_planner]: 航点112第1次失败
[python3-5] [INFO] [1791397544.083104060] [coverage_planner]: 连续避障第1次，保持向左绕行
[python3-5] [INFO] [1791397544.083372886] [coverage_planner]: 侧向激光约束: 绕行方向空间0.42m，side_dist限制为0.22m
[python3-5] [INFO] [1791397544.083829200] [coverage_planner]: 开始绕行: (-1.23, -2.55)
[python3-5] [INFO] [1791397546.130845291] [coverage_planner]: 绕行完成，回到航点 112
[python3-5] [WARN] [1791397548.579746486] [coverage_planner]: 触发避障!激光:True(前0.30m) 视觉:False 左空0.47右空4.99
[python3-5] [INFO] [1791397548.579943676] [coverage_planner]: 航点112第2次失败
[python3-5] [INFO] [1791397548.580103050] [coverage_planner]: 连续避障第1次，保持向左绕行
[python3-5] [INFO] [1791397548.580403123] [coverage_planner]: 侧向激光约束: 绕行方向空间0.47m，side_dist限制为0.27m
[python3-5] [INFO] [1791397548.580888778] [coverage_planner]: 开始绕行: (-1.23, -2.56)
[python3-5] [INFO] [1791397550.784003388] [coverage_planner]: 绕行完成，回到航点 112
[python3-5] [WARN] [1791397553.185336279] [coverage_planner]: 触发避障!激光:True(前0.28m) 视觉:False 左空0.45右空5.03
[python3-5] [INFO] [1791397553.185723358] [coverage_planner]: 航点112第3次失败
[python3-5] [WARN] [1791397553.186139076] [coverage_planner]: 🚨 航点112失败3次，跳过
[python3-5] [WARN] [1791397553.286498201] [coverage_planner]: 触发避障!激光:True(前0.27m) 视觉:False 左空0.42右空4.98
[python3-5] [INFO] [1791397553.287484965] [coverage_planner]: 航点113第1次失败
[python3-5] [INFO] [1791397553.288373912] [coverage_planner]: 连续避障第1次，保持向左绕行
[python3-5] [INFO] [1791397553.289630139] [coverage_planner]: 离边界0.79m，side_dist限制为0.20m
[python3-5] [INFO] [1791397553.291089905] [coverage_planner]: 开始绕行: (-1.22, -2.55)
[python3-5] [INFO] [1791397555.336390159] [coverage_planner]: 绕行完成，回到航点 113
[python3-5] [WARN] [1791397557.689630528] [coverage_planner]: 触发避障!激光:True(前0.29m) 视觉:False 左空0.47右空4.98
[python3-5] [INFO] [1791397557.690151676] [coverage_planner]: 航点113第2次失败
[python3-5] [INFO] [1791397557.690570880] [coverage_planner]: 连续避障第1次，保持向左绕行
[python3-5] [INFO] [1791397557.691249631] [coverage_planner]: 侧向激光约束: 绕行方向空间0.47m，side_dist限制为0.27m
[python3-5] [INFO] [1791397557.692333052] [coverage_planner]: 开始绕行: (-1.22, -2.57)
[python3-5] [INFO] [1791397559.839684925] [coverage_planner]: 绕行完成，回到航点 113
[python3-5] [WARN] [1791397562.243564285] [coverage_planner]: 触发避障!激光:True(前0.30m) 视觉:False 左空0.46右空5.01
[python3-5] [INFO] [1791397562.244175664] [coverage_planner]: 航点113第3次失败
[python3-5] [WARN] [1791397562.244805678] [coverage_planner]: 🚨 航点113失败3次，跳过
[python3-5] [INFO] [1791397562.294217039] [coverage_planner]: 🌀 航点114航线被挡，插入2个绕障圆弧航点
[python3-5] [WARN] [1791397562.341182192] [coverage_planner]: 触发避障!激光:True(前0.28m) 视觉:False 左空0.43右空4.99
[python3-5] [INFO] [1791397562.341400934] [coverage_planner]: 航点114第1次失败
[python3-5] [INFO] [1791397562.341604274] [coverage_planner]: 连续避障第1次，保持向左绕行
[python3-5] [INFO] [1791397562.341936068] [coverage_planner]: 侧向激光约束: 绕行方向空间0.43m，side_dist限制为0.23m
[python3-5] [INFO] [1791397562.342481949] [coverage_planner]: 开始绕行: (-1.23, -2.56)
[python3-5] [INFO] [1791397564.343625434] [coverage_planner]: 绕行完成，回到航点 114
[python3-5] [WARN] [1791397566.546842101] [coverage_planner]: 触发避障!激光:True(前0.30m) 视觉:False 左空0.47右空4.99
[python3-5] [INFO] [1791397566.547384201] [coverage_planner]: 航点114第2次失败
[python3-5] [INFO] [1791397566.547840102] [coverage_planner]: 连续避障第1次，保持向左绕行
[python3-5] [INFO] [1791397566.548538441] [coverage_planner]: 侧向激光约束: 绕行方向空间0.47m，side_dist限制为0.27m
[python3-5] [INFO] [1791397566.549571111] [coverage_planner]: 开始绕行: (-1.23, -2.59)
[python3-5] [INFO] [1791397568.645957495] [coverage_planner]: 绕行完成，回到航点 114
[python3-5] [WARN] [1791397570.950791114] [coverage_planner]: 触发避障!激光:True(前0.29m) 视觉:False 左空0.45右空4.98
[python3-5] [INFO] [1791397570.951367849] [coverage_planner]: 航点114第3次失败
[python3-5] [WARN] [1791397570.951930569] [coverage_planner]: 🚨 航点114失败3次，跳过
[python3-5] [WARN] [1791397571.051607301] [coverage_planner]: 触发避障!激光:True(前0.29m) 视觉:False 左空0.45右空4.99
[python3-5] [INFO] [1791397571.052274493] [coverage_planner]: 航点115第1次失败
[python3-5] [INFO] [1791397571.052819708] [coverage_planner]: 连续避障第1次，保持向左绕行
[python3-5] [INFO] [1791397571.053650943] [coverage_planner]: 离边界0.79m，side_dist限制为0.20m
[python3-5] [INFO] [1791397571.055077097] [coverage_planner]: 开始绕行: (-1.20, -2.55)
[python3-5] [INFO] [1791397573.051599541] [coverage_planner]: 绕行完成，回到航点 115
[python3-5] [WARN] [1791397575.601798406] [coverage_planner]: 触发避障!激光:True(前0.29m) 视觉:False 左空0.48右空4.92
[python3-5] [INFO] [1791397575.601992780] [coverage_planner]: 航点115第2次失败
[python3-5] [INFO] [1791397575.602153614] [coverage_planner]: 连续避障第1次，保持向左绕行
[python3-5] [INFO] [1791397575.602422947] [coverage_planner]: 侧向激光约束: 绕行方向空间0.48m，side_dist限制为0.28m
[python3-5] [INFO] [1791397575.602884730] [coverage_planner]: 开始绕行: (-1.22, -2.52)
[python3-5] [INFO] [1791397577.705585038] [coverage_planner]: 绕行完成，回到航点 115
[python3-5] [WARN] [1791397579.907972079] [coverage_planner]: 触发避障!激光:True(前0.30m) 视觉:False 左空0.51右空4.94
[python3-5] [INFO] [1791397579.908519453] [coverage_planner]: 航点115第3次失败
[python3-5] [WARN] [1791397579.909019749] [coverage_planner]: 🚨 航点115失败3次，跳过
[python3-5] [INFO] [1791397579.959505196] [coverage_planner]: 🌀 航点116航线被挡，插入2个绕障圆弧航点
[python3-5] [WARN] [1791397580.005441476] [coverage_planner]: 触发避障!激光:True(前0.30m) 视觉:False 左空0.49右空4.93
[python3-5] [INFO] [1791397580.005641329] [coverage_planner]: 航点116第1次失败
[python3-5] [INFO] [1791397580.005807656] [coverage_planner]: 连续避障第1次，保持向左绕行
[python3-5] [INFO] [1791397580.006093128] [coverage_planner]: 侧向激光约束: 绕行方向空间0.49m，side_dist限制为0.29m
[python3-5] [INFO] [1791397580.006557397] [coverage_planner]: 开始绕行: (-1.21, -2.53)
[python3-5] [INFO] [1791397582.108309555] [coverage_planner]: 绕行完成，回到航点 116
[python3-5] [WARN] [1791397584.864838655] [coverage_planner]: 触发避障!激光:True(前0.28m) 视觉:False 左空0.47右空4.91
[python3-5] [INFO] [1791397584.865950900] [coverage_planner]: 航点116第2次失败
[python3-5] [INFO] [1791397584.866932985] [coverage_planner]: 连续避障第1次，保持向左绕行
[python3-5] [INFO] [1791397584.868358773] [coverage_planner]: 侧向激光约束: 绕行方向空间0.47m，side_dist限制为0.27m
[python3-5] [INFO] [1791397584.869739351] [coverage_planner]: 开始绕行: (-1.22, -2.52)
[python3-5] [INFO] [1791397586.964793999] [coverage_planner]: 绕行完成，回到航点 116
[python3-5] [WARN] [1791397589.066679509] [coverage_planner]: 触发避障!激光:True(前0.28m) 视觉:False 左空0.47右空4.98
[python3-5] [INFO] [1791397589.067337999] [coverage_planner]: 航点116第3次失败
[python3-5] [WARN] [1791397589.068020899] [coverage_planner]: 🚨 航点116失败3次，跳过
[python3-5] [WARN] [1791397589.166154001] [coverage_planner]: 触发避障!激光:True(前0.28m) 视觉:False 左空0.47右空4.96
[python3-5] [INFO] [1791397589.166670672] [coverage_planner]: 航点117第1次失败
[python3-5] [INFO] [1791397589.167111758] [coverage_planner]: 连续避障第1次，保持向左绕行
[python3-5] [INFO] [1791397589.167845281] [coverage_planner]: 侧向激光约束: 绕行方向空间0.47m，side_dist限制为0.27m
[python3-5] [INFO] [1791397589.168921208] [coverage_planner]: 开始绕行: (-1.21, -2.55)
[python3-5] [INFO] [1791397591.217712797] [coverage_planner]: 绕行完成，回到航点 117
[python3-5] [WARN] [1791397593.570389317] [coverage_planner]: 触发避障!激光:True(前0.30m) 视觉:False 左空0.47右空4.96
[python3-5] [INFO] [1791397593.570852163] [coverage_planner]: 航点117第2次失败
[python3-5] [INFO] [1791397593.571199383] [coverage_planner]: 连续避障第1次，保持向左绕行
[python3-5] [INFO] [1791397593.571774835] [coverage_planner]: 侧向激光约束: 绕行方向空间0.47m，side_dist限制为0.27m
[python3-5] [INFO] [1791397593.572667891] [coverage_planner]: 开始绕行: (-1.22, -2.58)
[python3-5] [INFO] [1791397595.672029832] [coverage_planner]: 绕行完成，回到航点 117
[python3-5] [WARN] [1791397598.173360709] [coverage_planner]: 触发避障!激光:True(前0.28m) 视觉:False 左空0.43右空5.02
[python3-5] [INFO] [1791397598.174103454] [coverage_planner]: 航点117第3次失败
[python3-5] [WARN] [1791397598.174779250] [coverage_planner]: 🚨 航点117失败3次，跳过
[python3-5] [INFO] [1791397598.224705069] [coverage_planner]: 🌀 航点118航线被挡，插入2个绕障圆弧航点
[python3-5] [WARN] [1791397598.271774369] [coverage_planner]: 触发避障!激光:True(前0.28m) 视觉:False 左空0.42右空5.00
[python3-5] [INFO] [1791397598.271964821] [coverage_planner]: 航点118第1次失败
[python3-5] [INFO] [1791397598.272122768] [coverage_planner]: 连续避障第1次，保持向左绕行
[python3-5] [INFO] [1791397598.272401296] [coverage_planner]: 离边界0.79m，side_dist限制为0.20m
[python3-5] [INFO] [1791397598.272859140] [coverage_planner]: 开始绕行: (-1.23, -2.56)
[python3-5] [INFO] [1791397600.324969104] [coverage_planner]: 绕行完成，回到航点 118
[python3-5] [WARN] [1791397602.480866508] [coverage_planner]: 触发避障!激光:True(前0.28m) 视觉:False 左空0.45右空4.97
[python3-5] [INFO] [1791397602.481511145] [coverage_planner]: 航点118第2次失败
[python3-5] [INFO] [1791397602.482006824] [coverage_planner]: 连续避障第1次，保持向左绕行
[python3-5] [INFO] [1791397602.483020639] [coverage_planner]: 侧向激光约束: 绕行方向空间0.45m，side_dist限制为0.25m
[python3-5] [INFO] [1791397602.484341209] [coverage_planner]: 开始绕行: (-1.21, -2.53)
[python3-5] [INFO] [1791397604.531759754] [coverage_planner]: 绕行完成，回到航点 118
[python3-5] [WARN] [1791397606.930724460] [coverage_planner]: 触发避障!激光:True(前0.30m) 视觉:False 左空0.45右空5.02
[python3-5] [INFO] [1791397606.931197893] [coverage_planner]: 航点118第3次失败
[python3-5] [WARN] [1791397606.931675998] [coverage_planner]: 🚨 航点118失败3次，跳过
[python3-5] [WARN] [1791397607.032059819] [coverage_planner]: 触发避障!激光:True(前0.29m) 视觉:False 左空0.45右空4.99
[python3-5] [INFO] [1791397607.032637399] [coverage_planner]: 航点119第1次失败
[python3-5] [INFO] [1791397607.033124162] [coverage_planner]: 连续避障第1次，保持向左绕行
[python3-5] [INFO] [1791397607.033912789] [coverage_planner]: 侧向激光约束: 绕行方向空间0.45m，side_dist限制为0.25m
[python3-5] [INFO] [1791397607.035110348] [coverage_planner]: 开始绕行: (-1.24, -2.58)
[python3-5] [INFO] [1791397609.130253162] [coverage_planner]: 绕行完成，回到航点 119
[python3-5] [WARN] [1791397611.536081877] [coverage_planner]: 触发避障!激光:True(前0.30m) 视觉:False 左空0.42右空5.03
[python3-5] [INFO] [1791397611.536668841] [coverage_planner]: 航点119第2次失败
[python3-5] [INFO] [1791397611.537115407] [coverage_planner]: 连续避障第1次，保持向左绕行
[python3-5] [INFO] [1791397611.537836403] [coverage_planner]: 离边界0.78m，side_dist限制为0.20m
[python3-5] [INFO] [1791397611.538922860] [coverage_planner]: 开始绕行: (-1.20, -2.56)
[python3-5] [INFO] [1791397613.634662591] [coverage_planner]: 绕行完成，回到航点 119
[python3-5] [WARN] [1791397615.939660888] [coverage_planner]: 触发避障!激光:True(前0.29m) 视觉:False 左空0.46右空4.94
[python3-5] [INFO] [1791397615.940269837] [coverage_planner]: 航点119第3次失败
[python3-5] [WARN] [1791397615.941065471] [coverage_planner]: 🚨 航点119失败3次，跳过
[python3-5] [INFO] [1791397615.989782124] [coverage_planner]: 🌀 航点120航线被挡，插入2个绕障圆弧航点
[python3-5] [WARN] [1791397616.037492403] [coverage_planner]: 触发避障!激光:True(前0.28m) 视觉:False 左空0.45右空4.97
[python3-5] [INFO] [1791397616.037710720] [coverage_planner]: 航点120第1次失败
[python3-5] [INFO] [1791397616.037895918] [coverage_planner]: 连续避障第1次，保持向左绕行
[python3-5] [INFO] [1791397616.038201578] [coverage_planner]: 侧向激光约束: 绕行方向空间0.45m，side_dist限制为0.25m
[python3-5] [INFO] [1791397616.038713039] [coverage_planner]: 开始绕行: (-1.23, -2.55)
[python3-5] [INFO] [1791397618.138244027] [coverage_planner]: 绕行完成，回到航点 120
[python3-5] [WARN] [1791397620.392813281] [coverage_planner]: 触发避障!激光:True(前0.29m) 视觉:False 左空0.43右空5.02
[python3-5] [INFO] [1791397620.393475435] [coverage_planner]: 航点120第2次失败
[python3-5] [INFO] [1791397620.394214447] [coverage_planner]: 连续避障第1次，保持向左绕行
[python3-5] [INFO] [1791397620.395129764] [coverage_planner]: 离边界0.75m，side_dist限制为0.20m
[python3-5] [INFO] [1791397620.396342182] [coverage_planner]: 开始绕行: (-1.22, -2.59)
[python3-5] [INFO] [1791397622.544619921] [coverage_planner]: 绕行完成，回到航点 120
[python3-5] [WARN] [1791397624.893959586] [coverage_planner]: 触发避障!激光:True(前0.30m) 视觉:False 左空0.46右空4.97
[python3-5] [INFO] [1791397624.894180440] [coverage_planner]: 航点120第3次失败
[python3-5] [WARN] [1791397624.894407009] [coverage_planner]: 🚨 航点120失败3次，跳过
[python3-5] [WARN] [1791397624.996064979] [coverage_planner]: 触发避障!激光:True(前0.29m) 视觉:False 左空0.43右空4.99
[python3-5] [INFO] [1791397624.996671242] [coverage_planner]: 航点121第1次失败
[python3-5] [INFO] [1791397624.997184102] [coverage_planner]: 连续避障第1次，保持向左绕行
[python3-5] [INFO] [1791397624.998094179] [coverage_planner]: 侧向激光约束: 绕行方向空间0.43m，side_dist限制为0.23m
[python3-5] [INFO] [1791397624.999375748] [coverage_planner]: 开始绕行: (-1.22, -2.56)
[python3-5] [INFO] [1791397626.996695253] [coverage_planner]: 绕行完成，回到航点 121
[python3-5] [WARN] [1791397629.648176333] [coverage_planner]: 触发避障!激光:True(前0.29m) 视觉:False 左空0.46右空4.97
[python3-5] [INFO] [1791397629.648370568] [coverage_planner]: 航点121第2次失败
[python3-5] [INFO] [1791397629.648533016] [coverage_planner]: 连续避障第1次，保持向左绕行
[python3-5] [INFO] [1791397629.648801011] [coverage_planner]: 侧向激光约束: 绕行方向空间0.46m，side_dist限制为0.26m
[python3-5] [INFO] [1791397629.649245700] [coverage_planner]: 开始绕行: (-1.23, -2.56)
[python3-5] [INFO] [1791397631.701619243] [coverage_planner]: 绕行完成，回到航点 121
[python3-5] [WARN] [1791397634.152487440] [coverage_planner]: 触发避障!激光:True(前0.29m) 视觉:False 左空0.49右空4.91
[python3-5] [INFO] [1791397634.152737036] [coverage_planner]: 航点121第3次失败
[python3-5] [WARN] [1791397634.152981814] [coverage_planner]: 🚨 航点121失败3次，跳过
[python3-5] [INFO] [1791397634.203312640] [coverage_planner]: 🌀 航点122航线被挡，插入2个绕障圆弧航点
[python3-5] [WARN] [1791397634.252757604] [coverage_planner]: 触发避障!激光:True(前0.28m) 视觉:False 左空0.47右空4.95
[python3-5] [INFO] [1791397634.253176928] [coverage_planner]: 航点122第1次失败
[python3-5] [INFO] [1791397634.253484640] [coverage_planner]: 连续避障第1次，保持向左绕行
[python3-5] [INFO] [1791397634.254046110] [coverage_planner]: 侧向激光约束: 绕行方向空间0.47m，side_dist限制为0.27m
[python3-5] [INFO] [1791397634.254919646] [coverage_planner]: 开始绕行: (-1.23, -2.51)
[python3-5] [INFO] [1791397636.307114408] [coverage_planner]: 绕行完成，回到航点 122
[python3-5] [WARN] [1791397638.809936750] [coverage_planner]: 触发避障!激光:True(前0.30m) 视觉:False 左空0.45右空5.01
[python3-5] [INFO] [1791397638.810517855] [coverage_planner]: 航点122第2次失败
[python3-5] [INFO] [1791397638.811038429] [coverage_planner]: 连续避障第1次，保持向左绕行
[python3-5] [INFO] [1791397638.811975470] [coverage_planner]: 侧向激光约束: 绕行方向空间0.45m，side_dist限制为0.25m
[python3-5] [INFO] [1791397638.814742972] [coverage_planner]: 开始绕行: (-1.22, -2.58)
[python3-5] [INFO] [1791397640.909973039] [coverage_planner]: 绕行完成，回到航点 122
[python3-5] [WARN] [1791397643.465279126] [coverage_planner]: 触发避障!激光:True(前0.30m) 视觉:False 左空0.48右空4.94
[python3-5] [INFO] [1791397643.465792388] [coverage_planner]: 航点122第3次失败
[python3-5] [WARN] [1791397643.466260340] [coverage_planner]: 🚨 航点122失败3次，跳过
[python3-5] [WARN] [1791397643.563911028] [coverage_planner]: 触发避障!激光:True(前0.28m) 视觉:False 左空0.45右空4.94
[python3-5] [INFO] [1791397643.564572668] [coverage_planner]: 航点123第1次失败
[python3-5] [INFO] [1791397643.565176299] [coverage_planner]: 连续避障第1次，保持向左绕行
[python3-5] [INFO] [1791397643.566216132] [coverage_planner]: 侧向激光约束: 绕行方向空间0.45m，side_dist限制为0.25m
[python3-5] [INFO] [1791397643.567717808] [coverage_planner]: 开始绕行: (-1.22, -2.52)
[python3-5] [INFO] [1791397645.663339062] [coverage_planner]: 绕行完成，回到航点 123
[python3-5] [WARN] [1791397648.116096963] [coverage_planner]: 触发避障!激光:True(前0.29m) 视觉:False 左空0.47右空4.97
[python3-5] [INFO] [1791397648.116510578] [coverage_planner]: 航点123第2次失败
[python3-5] [INFO] [1791397648.116841160] [coverage_planner]: 连续避障第1次，保持向左绕行
[python3-5] [INFO] [1791397648.117418430] [coverage_planner]: 侧向激光约束: 绕行方向空间0.47m，side_dist限制为0.27m
[python3-5] [INFO] [1791397648.118396816] [coverage_planner]: 开始绕行: (-1.22, -2.56)
[python3-5] [INFO] [1791397650.266308869] [coverage_planner]: 绕行完成，回到航点 123
[python3-5] [WARN] [1791397652.571085282] [coverage_planner]: 触发避障!激光:True(前0.29m) 视觉:False 左空0.50右空4.91
[python3-5] [INFO] [1791397652.571716377] [coverage_planner]: 航点123第3次失败
[python3-5] [WARN] [1791397652.572358218] [coverage_planner]: 🚨 航点123失败3次，跳过
[python3-5] [INFO] [1791397652.621483658] [coverage_planner]: 🌀 航点124航线被挡，插入2个绕障圆弧航点
[python3-5] [WARN] [1791397652.678504779] [coverage_planner]: 触发避障!激光:True(前0.29m) 视觉:False 左空0.49右空4.94
[python3-5] [INFO] [1791397652.678690253] [coverage_planner]: 航点124第1次失败
[python3-5] [INFO] [1791397652.678846931] [coverage_planner]: 连续避障第1次，保持向左绕行
[python3-5] [INFO] [1791397652.679109395] [coverage_planner]: 侧向激光约束: 绕行方向空间0.49m，side_dist限制为0.29m
[python3-5] [INFO] [1791397652.679560275] [coverage_planner]: 开始绕行: (-1.22, -2.53)
[python3-5] [INFO] [1791397654.769756720] [coverage_planner]: 绕行完成，回到航点 124
[python3-5] [WARN] [1791397656.974231694] [coverage_planner]: 触发避障!激光:True(前0.28m) 视觉:False 左空0.46右空4.95
[python3-5] [INFO] [1791397656.974869408] [coverage_planner]: 航点124第2次失败
[python3-5] [INFO] [1791397656.975395926] [coverage_planner]: 连续避障第1次，保持向左绕行
[python3-5] [INFO] [1791397656.976318242] [coverage_planner]: 侧向激光约束: 绕行方向空间0.46m，side_dist限制为0.26m
[python3-5] [INFO] [1791397656.977606094] [coverage_planner]: 开始绕行: (-1.22, -2.58)
[python3-5] [INFO] [1791397658.977227024] [coverage_planner]: 绕行完成，回到航点 124
[python3-5] [WARN] [1791397661.326438784] [coverage_planner]: 触发避障!激光:True(前0.29m) 视觉:False 左空0.48右空4.94
[python3-5] [INFO] [1791397661.326845035] [coverage_planner]: 航点124第3次失败
[python3-5] [WARN] [1791397661.327300028] [coverage_planner]: 🚨 航点124失败3次，跳过
[python3-5] [WARN] [1791397661.426857303] [coverage_planner]: 触发避障!激光:True(前0.28m) 视觉:False 左空0.46右空4.97
[python3-5] [INFO] [1791397661.427358591] [coverage_planner]: 航点125第1次失败
[python3-5] [INFO] [1791397661.427794209] [coverage_planner]: 连续避障第1次，保持向左绕行
[python3-5] [INFO] [1791397661.428478784] [coverage_planner]: 侧向激光约束: 绕行方向空间0.46m，side_dist限制为0.26m
[python3-5] [INFO] [1791397661.429480908] [coverage_planner]: 开始绕行: (-1.23, -2.55)
[python3-5] [INFO] [1791397663.477056894] [coverage_planner]: 绕行完成，回到航点 125
[python3-5] [WARN] [1791397665.881281245] [coverage_planner]: 触发避障!激光:True(前0.28m) 视觉:False 左空0.47右空4.93
[python3-5] [INFO] [1791397665.882007144] [coverage_planner]: 航点125第2次失败
[python3-5] [INFO] [1791397665.882609717] [coverage_planner]: 连续避障第1次，保持向左绕行
[python3-5] [INFO] [1791397665.883610192] [coverage_planner]: 侧向激光约束: 绕行方向空间0.47m，side_dist限制为0.27m
[python3-5] [INFO] [1791397665.885090493] [coverage_planner]: 开始绕行: (-1.23, -2.51)
[python3-5] [WARN] [1791397667.932530312] [coverage_planner]: 前方仍有障碍，跳过航点 125
[python3-5] [INFO] [1791397667.982249186] [coverage_planner]: 🌀 航点126航线被挡，插入2个绕障圆弧航点
[python3-5] [WARN] [1791397670.335369936] [coverage_planner]: 触发避障!激光:True(前0.29m) 视觉:False 左空0.46右空4.96
[python3-5] [INFO] [1791397670.335993170] [coverage_planner]: 航点126第1次失败
[python3-5] [INFO] [1791397670.336534092] [coverage_planner]: 连续避障第1次，保持向左绕行
[python3-5] [INFO] [1791397670.337406716] [coverage_planner]: 侧向激光约束: 绕行方向空间0.46m，side_dist限制为0.26m
[python3-5] [INFO] [1791397670.338719000] [coverage_planner]: 开始绕行: (-1.22, -2.55)
[python3-5] [INFO] [1791397672.488702618] [coverage_planner]: 绕行完成，回到航点 126
[python3-5] [WARN] [1791397674.785712720] [coverage_planner]: 触发避障!激光:True(前0.30m) 视觉:False 左空0.45右空5.02
[python3-5] [INFO] [1791397674.785910551] [coverage_planner]: 航点126第2次失败
[python3-5] [INFO] [1791397674.786073865] [coverage_planner]: 连续避障第1次，保持向左绕行
[python3-5] [INFO] [1791397674.786358277] [coverage_planner]: 离边界0.76m，side_dist限制为0.20m
[python3-5] [INFO] [1791397674.787123097] [coverage_planner]: 开始绕行: (-1.20, -2.58)
[python3-5] [INFO] [1791397676.942385618] [coverage_planner]: 绕行完成，回到航点 126
[python3-5] [WARN] [1791397679.494418101] [coverage_planner]: 触发避障!激光:True(前0.30m) 视觉:False 左空0.46右空4.98
[python3-5] [INFO] [1791397679.495320319] [coverage_planner]: 航点126第3次失败
[python3-5] [WARN] [1791397679.496317865] [coverage_planner]: 🚨 航点126失败3次，跳过
[python3-5] [WARN] [1791397679.593225907] [coverage_planner]: 触发避障!激光:True(前0.29m) 视觉:False 左空0.44右空5.03
[python3-5] [INFO] [1791397679.593843472] [coverage_planner]: 航点127第1次失败
[python3-5] [INFO] [1791397679.594373531] [coverage_planner]: 连续避障第1次，保持向左绕行
[python3-5] [INFO] [1791397679.595270070] [coverage_planner]: 离边界0.79m，side_dist限制为0.20m
[python3-5] [INFO] [1791397679.596726509] [coverage_planner]: 开始绕行: (-1.21, -2.56)
[python3-5] [INFO] [1791397681.596096158] [coverage_planner]: 绕行完成，回到航点 127
[python3-5] [WARN] [1791397683.995714871] [coverage_planner]: 触发避障!激光:True(前0.29m) 视觉:False 左空0.45右空4.99
[python3-5] [INFO] [1791397683.996351308] [coverage_planner]: 航点127第2次失败
[python3-5] [INFO] [1791397683.996866195] [coverage_planner]: 连续避障第1次，保持向左绕行
[python3-5] [INFO] [1791397683.997721303] [coverage_planner]: 离边界0.79m，side_dist限制为0.20m
[python3-5] [INFO] [1791397683.998909915] [coverage_planner]: 开始绕行: (-1.20, -2.55)
[python3-5] [INFO] [1791397686.147325499] [coverage_planner]: 绕行完成，回到航点 127
[python3-5] [WARN] [1791397688.600423096] [coverage_planner]: 触发避障!激光:True(前0.29m) 视觉:False 左空0.47右空4.98
[python3-5] [INFO] [1791397688.601061647] [coverage_planner]: 航点127第3次失败
[python3-5] [WARN] [1791397688.601704371] [coverage_planner]: 🚨 航点127失败3次，跳过
[python3-5] [INFO] [1791397688.647873932] [coverage_planner]: 🌀 航点128航线被挡，插入2个绕障圆弧航点
[python3-5] [WARN] [1791397688.698120991] [coverage_planner]: 触发避障!激光:True(前0.28m) 视觉:False 左空0.44右空5.01
[python3-5] [INFO] [1791397688.698300833] [coverage_planner]: 航点128第1次失败
[python3-5] [INFO] [1791397688.698464496] [coverage_planner]: 连续避障第1次，保持向左绕行
[python3-5] [INFO] [1791397688.698731242] [coverage_planner]: 侧向激光约束: 绕行方向空间0.44m，side_dist限制为0.24m
[python3-5] [INFO] [1791397688.699168405] [coverage_planner]: 开始绕行: (-1.23, -2.57)
[async_slam_toolbox_node-4] [INFO] [1791397688.732913352] [slam_toolbox]: Message Filter dropping message: frame 'lidar_Link' at time 1947.040 for reason 'discarding message because the queue is full'
[python3-5] [INFO] [1791397690.801056844] [coverage_planner]: 绕行完成，回到航点 128
[python3-5] [WARN] [1791397693.353325400] [coverage_planner]: 触发避障!激光:True(前0.29m) 视觉:False 左空0.47右空4.95
[python3-5] [INFO] [1791397693.353713353] [coverage_planner]: 航点128第2次失败
[python3-5] [INFO] [1791397693.354034488] [coverage_planner]: 连续避障第1次，保持向左绕行
[python3-5] [INFO] [1791397693.354577624] [coverage_planner]: 侧向激光约束: 绕行方向空间0.47m，side_dist限制为0.27m
[python3-5] [INFO] [1791397693.355496784] [coverage_planner]: 开始绕行: (-1.22, -2.56)
[python3-5] [INFO] [1791397695.506499301] [coverage_planner]: 绕行完成，回到航点 128
[async_slam_toolbox_node-4] [INFO] [1791397696.737008391] [slam_toolbox]: Message Filter dropping message: frame 'lidar_Link' at time 1963.040 for reason 'discarding message because the queue is full'
[python3-5] [WARN] [1791397698.107735361] [coverage_planner]: 触发避障!激光:True(前0.30m) 视觉:False 左空0.43右空5.02
[python3-5] [INFO] [1791397698.108262635] [coverage_planner]: 航点128第3次失败
[python3-5] [WARN] [1791397698.108826354] [coverage_planner]: 🚨 航点128失败3次，跳过
[python3-5] [WARN] [1791397698.206717350] [coverage_planner]: 触发避障!激光:True(前0.29m) 视觉:False 左空0.41右空5.03
[python3-5] [INFO] [1791397698.206922437] [coverage_planner]: 航点129第1次失败
[python3-5] [INFO] [1791397698.207101549] [coverage_planner]: 连续避障第1次，保持向左绕行
[python3-5] [INFO] [1791397698.207404147] [coverage_planner]: 离边界0.78m，side_dist限制为0.20m
[python3-5] [INFO] [1791397698.207910824] [coverage_planner]: 开始绕行: (-1.23, -2.57)
[python3-5] [INFO] [1791397700.260101967] [coverage_planner]: 绕行完成，回到航点 129
[python3-5] [WARN] [1791397702.661222799] [coverage_planner]: 触发避障!激光:True(前0.29m) 视觉:False 左空0.45右空4.99
[python3-5] [INFO] [1791397702.661420271] [coverage_planner]: 航点129第2次失败
[python3-5] [INFO] [1791397702.661587803] [coverage_planner]: 连续避障第1次，保持向左绕行
[python3-5] [INFO] [1791397702.661856328] [coverage_planner]: 离边界0.78m，side_dist限制为0.20m
[python3-5] [INFO] [1791397702.662294601] [coverage_planner]: 开始绕行: (-1.20, -2.56)
[python3-5] [INFO] [1791397704.814907584] [coverage_planner]: 绕行完成，回到航点 129
[python3-5] [WARN] [1791397707.115760192] [coverage_planner]: 触发避障!激光:True(前0.27m) 视觉:False 左空0.46右空4.97
[python3-5] [INFO] [1791397707.116076404] [coverage_planner]: 航点129第3次失败
[python3-5] [WARN] [1791397707.116363056] [coverage_planner]: 🚨 航点129失败3次，跳过
[python3-5] [INFO] [1791397707.167248538] [coverage_planner]: 🌀 航点130航线被挡，插入2个绕障圆弧航点
[python3-5] [WARN] [1791397707.222141744] [coverage_planner]: 触发避障!激光:True(前0.28m) 视觉:False 左空0.47右空4.96
[python3-5] [INFO] [1791397707.222327006] [coverage_planner]: 航点130第1次失败
[python3-5] [INFO] [1791397707.222485812] [coverage_planner]: 连续避障第1次，保持向左绕行
[python3-5] [INFO] [1791397707.222753036] [coverage_planner]: 侧向激光约束: 绕行方向空间0.47m，side_dist限制为0.27m
[python3-5] [INFO] [1791397707.223193712] [coverage_planner]: 开始绕行: (-1.22, -2.54)
[python3-5] [INFO] [1791397709.167831086] [coverage_planner]: 绕行完成，回到航点 130
[python3-5] [WARN] [1791397711.520268967] [coverage_planner]: 触发避障!激光:True(前0.29m) 视觉:False 左空0.48右空4.95
[python3-5] [INFO] [1791397711.520905353] [coverage_planner]: 航点130第2次失败
[python3-5] [INFO] [1791397711.521434122] [coverage_planner]: 连续避障第1次，保持向左绕行
[python3-5] [INFO] [1791397711.522331453] [coverage_planner]: 侧向激光约束: 绕行方向空间0.48m，side_dist限制为0.28m
[python3-5] [INFO] [1791397711.523807472] [coverage_planner]: 开始绕行: (-1.22, -2.56)
[python3-5] [INFO] [1791397713.719465811] [coverage_planner]: 绕行完成，回到航点 130
[python3-5] [WARN] [1791397716.073049205] [coverage_planner]: 触发避障!激光:True(前0.29m) 视觉:False 左空0.50右空4.99
[python3-5] [INFO] [1791397716.073808194] [coverage_planner]: 航点130第3次失败
[python3-5] [WARN] [1791397716.074420535] [coverage_planner]: 🚨 航点130失败3次，跳过
[python3-5] [WARN] [1791397716.174316121] [coverage_planner]: 触发避障!激光:True(前0.29m) 视觉:False 左空0.46右空4.94
[python3-5] [INFO] [1791397716.175016930] [coverage_planner]: 航点131第1次失败
[python3-5] [INFO] [1791397716.175585935] [coverage_planner]: 连续避障第1次，保持向左绕行
[python3-5] [INFO] [1791397716.176518266] [coverage_planner]: 侧向激光约束: 绕行方向空间0.46m，side_dist限制为0.26m
[python3-5] [INFO] [1791397716.177890230] [coverage_planner]: 开始绕行: (-1.21, -2.55)
[python3-5] [INFO] [1791397718.222944124] [coverage_planner]: 绕行完成，回到航点 131
[python3-5] [WARN] [1791397720.725637813] [coverage_planner]: 触发避障!激光:True(前0.29m) 视觉:False 左空0.50右空4.93
[python3-5] [INFO] [1791397720.725836233] [coverage_planner]: 航点131第2次失败
[python3-5] [INFO] [1791397720.725998085] [coverage_planner]: 连续避障第1次，保持向左绕行
[python3-5] [INFO] [1791397720.726265591] [coverage_planner]: 侧向激光约束: 绕行方向空间0.50m，side_dist限制为0.30m
[python3-5] [INFO] [1791397720.726714193] [coverage_planner]: 开始绕行: (-1.21, -2.52)
[python3-5] [INFO] [1791397722.878298803] [coverage_planner]: 绕行完成，回到航点 131
[python3-5] [WARN] [1791397725.229230559] [coverage_planner]: 触发避障!激光:True(前0.30m) 视觉:False 左空0.51右空4.92
[python3-5] [INFO] [1791397725.229436396] [coverage_planner]: 航点131第3次失败
[python3-5] [WARN] [1791397725.229649206] [coverage_planner]: 🚨 航点131失败3次，跳过
[python3-5] [INFO] [1791397725.281540246] [coverage_planner]: 🌀 航点132航线被挡，插入2个绕障圆弧航点
[python3-5] [WARN] [1791397725.329132857] [coverage_planner]: 触发避障!激光:True(前0.28m) 视觉:False 左空0.46右空4.94
[python3-5] [INFO] [1791397725.329318801] [coverage_planner]: 航点132第1次失败
[python3-5] [INFO] [1791397725.329483465] [coverage_planner]: 连续避障第1次，保持向左绕行
[python3-5] [INFO] [1791397725.329750436] [coverage_planner]: 侧向激光约束: 绕行方向空间0.46m，side_dist限制为0.26m
[python3-5] [INFO] [1791397725.330191737] [coverage_planner]: 开始绕行: (-1.21, -2.51)
[python3-5] [INFO] [1791397727.332012923] [coverage_planner]: 绕行完成，回到航点 132
[python3-5] [WARN] [1791397729.483904897] [coverage_planner]: 触发避障!激光:True(前0.29m) 视觉:False 左空0.47右空5.00
[python3-5] [INFO] [1791397729.484212202] [coverage_planner]: 航点132第2次失败
[python3-5] [INFO] [1791397729.484470265] [coverage_planner]: 连续避障第1次，保持向左绕行
[python3-5] [INFO] [1791397729.484897407] [coverage_planner]: 侧向激光约束: 绕行方向空间0.47m，side_dist限制为0.27m
[python3-5] [INFO] [1791397729.485603421] [coverage_planner]: 开始绕行: (-1.22, -2.57)
[python3-5] [INFO] [1791397731.536737647] [coverage_planner]: 绕行完成，回到航点 132
[python3-5] [WARN] [1791397734.040164003] [coverage_planner]: 触发避障!激光:True(前0.30m) 视觉:False 左空0.47右空4.95
[python3-5] [INFO] [1791397734.040768634] [coverage_planner]: 航点132第3次失败
[python3-5] [WARN] [1791397734.041373769] [coverage_planner]: 🚨 航点132失败3次，跳过
[python3-5] [WARN] [1791397734.139133556] [coverage_planner]: 触发避障!激光:True(前0.29m) 视觉:False 左空0.46右空4.99
[python3-5] [INFO] [1791397734.139607082] [coverage_planner]: 航点133第1次失败
[python3-5] [INFO] [1791397734.140000934] [coverage_planner]: 连续避障第1次，保持向左绕行
[python3-5] [INFO] [1791397734.140686674] [coverage_planner]: 侧向激光约束: 绕行方向空间0.46m，side_dist限制为0.26m
[python3-5] [INFO] [1791397734.142011100] [coverage_planner]: 开始绕行: (-1.23, -2.57)
[python3-5] [INFO] [1791397736.289532170] [coverage_planner]: 绕行完成，回到航点 133
[python3-5] [WARN] [1791397738.691068250] [coverage_planner]: 触发避障!激光:True(前0.29m) 视觉:False 左空0.50右空4.89
[python3-5] [INFO] [1791397738.691388188] [coverage_planner]: 航点133第2次失败
[python3-5] [INFO] [1791397738.691680006] [coverage_planner]: 连续避障第1次，保持向左绕行
[python3-5] [INFO] [1791397738.692117278] [coverage_planner]: 侧向激光约束: 绕行方向空间0.50m，side_dist限制为0.30m
[python3-5] [INFO] [1791397738.692790536] [coverage_planner]: 开始绕行: (-1.21, -2.54)
[python3-5] [INFO] [1791397740.844418449] [coverage_planner]: 绕行完成，回到航点 133
[python3-5] [WARN] [1791397742.997069540] [coverage_planner]: 触发避障!激光:True(前0.29m) 视觉:False 左空0.51右空4.93
[python3-5] [INFO] [1791397742.997699394] [coverage_planner]: 航点133第3次失败
[python3-5] [WARN] [1791397742.998352170] [coverage_planner]: 🚨 航点133失败3次，跳过
[python3-5] [INFO] [1791397743.047481025] [coverage_planner]: 🌀 航点134航线被挡，插入2个绕障圆弧航点
[python3-5] [WARN] [1791397743.095226896] [coverage_planner]: 触发避障!激光:True(前0.29m) 视觉:False 左空0.48右空4.95
[python3-5] [INFO] [1791397743.095438491] [coverage_planner]: 航点134第1次失败
[python3-5] [INFO] [1791397743.095622877] [coverage_planner]: 连续避障第1次，保持向左绕行
[python3-5] [INFO] [1791397743.095927584] [coverage_planner]: 侧向激光约束: 绕行方向空间0.48m，side_dist限制为0.28m
[python3-5] [INFO] [1791397743.096425730] [coverage_planner]: 开始绕行: (-1.22, -2.54)
[python3-5] [INFO] [1791397745.149761862] [coverage_planner]: 绕行完成，回到航点 134
[python3-5] [WARN] [1791397747.401266130] [coverage_planner]: 触发避障!激光:True(前0.30m) 视觉:False 左空0.51右空4.93
[python3-5] [INFO] [1791397747.401918657] [coverage_planner]: 航点134第2次失败
[python3-5] [INFO] [1791397747.402434420] [coverage_planner]: 连续避障第1次，保持向左绕行
[python3-5] [INFO] [1791397747.403381128] [coverage_planner]: 侧向激光约束: 绕行方向空间0.51m，side_dist限制为0.31m
[python3-5] [INFO] [1791397747.404880321] [coverage_planner]: 开始绕行: (-1.21, -2.55)
[python3-5] [INFO] [1791397749.554416647] [coverage_planner]: 绕行完成，回到航点 134
[python3-5] [WARN] [1791397752.104333037] [coverage_planner]: 触发避障!激光:True(前0.29m) 视觉:False 左空0.44右空5.02
[python3-5] [INFO] [1791397752.104902552] [coverage_planner]: 航点134第3次失败
[python3-5] [WARN] [1791397752.105469382] [coverage_planner]: 🚨 航点134失败3次，跳过
[python3-5] [WARN] [1791397752.204232104] [coverage_planner]: 触发避障!激光:True(前0.28m) 视觉:False 左空0.42右空5.00
[python3-5] [INFO] [1791397752.204794207] [coverage_planner]: 航点135第1次失败
[python3-5] [INFO] [1791397752.205273697] [coverage_planner]: 连续避障第1次，保持向左绕行
[python3-5] [INFO] [1791397752.206030151] [coverage_planner]: 离边界0.79m，side_dist限制为0.20m
[python3-5] [INFO] [1791397752.207168707] [coverage_planner]: 开始绕行: (-1.22, -2.55)
[python3-5] [INFO] [1791397754.254379363] [coverage_planner]: 绕行完成，回到航点 135
[python3-5] [WARN] [1791397756.557631237] [coverage_planner]: 触发避障!激光:True(前0.29m) 视觉:False 左空0.48右空4.97
[python3-5] [INFO] [1791397756.558163307] [coverage_planner]: 航点135第2次失败
[python3-5] [INFO] [1791397756.558582466] [coverage_planner]: 连续避障第1次，保持向左绕行
[python3-5] [INFO] [1791397756.559277895] [coverage_planner]: 侧向激光约束: 绕行方向空间0.48m，side_dist限制为0.28m
[python3-5] [INFO] [1791397756.560505180] [coverage_planner]: 开始绕行: (-1.23, -2.57)
[async_slam_toolbox_node-4] [INFO] [1791397758.737376832] [slam_toolbox]: Message Filter dropping message: frame 'lidar_Link' at time 2086.942 for reason 'discarding message because the queue is full'
[python3-5] [INFO] [1791397758.758461090] [coverage_planner]: 绕行完成，回到航点 135
[python3-5] [WARN] [1791397761.163993865] [coverage_planner]: 触发避障!激光:True(前0.29m) 视觉:False 左空0.43右空5.01
[python3-5] [INFO] [1791397761.164683365] [coverage_planner]: 航点135第3次失败
[python3-5] [WARN] [1791397761.165317975] [coverage_planner]: 🚨 航点135失败3次，跳过
[python3-5] [INFO] [1791397761.210432365] [coverage_planner]: 🌀 航点136航线被挡，插入2个绕障圆弧航点
[python3-5] [WARN] [1791397761.271975731] [coverage_planner]: 触发避障!激光:True(前0.27m) 视觉:False 左空0.42右空4.98
[python3-5] [INFO] [1791397761.272158329] [coverage_planner]: 航点136第1次失败
[python3-5] [INFO] [1791397761.272310895] [coverage_planner]: 连续避障第1次，保持向左绕行
[python3-5] [INFO] [1791397761.272572597] [coverage_planner]: 离边界0.79m，side_dist限制为0.20m
[python3-5] [INFO] [1791397761.273000543] [coverage_planner]: 开始绕行: (-1.22, -2.55)
[python3-5] [INFO] [1791397763.312505510] [coverage_planner]: 绕行完成，回到航点 136
[python3-5] [WARN] [1791397765.716192004] [coverage_planner]: 触发避障!激光:True(前0.29m) 视觉:False 左空0.46右空5.00
[python3-5] [INFO] [1791397765.716865682] [coverage_planner]: 航点136第2次失败
[python3-5] [INFO] [1791397765.717396365] [coverage_planner]: 连续避障第1次，保持向左绕行
[python3-5] [INFO] [1791397765.718284555] [coverage_planner]: 侧向激光约束: 绕行方向空间0.46m，side_dist限制为0.26m
[python3-5] [INFO] [1791397765.719579230] [coverage_planner]: 开始绕行: (-1.23, -2.57)
[python3-5] [INFO] [1791397767.816521666] [coverage_planner]: 绕行完成，回到航点 136
[python3-5] [WARN] [1791397769.969950994] [coverage_planner]: 触发避障!激光:True(前0.30m) 视觉:False 左空0.42右空5.05
[python3-5] [INFO] [1791397769.970617599] [coverage_planner]: 航点136第3次失败
[python3-5] [WARN] [1791397769.971279029] [coverage_planner]: 🚨 航点136失败3次，跳过
[python3-5] [WARN] [1791397770.220054047] [coverage_planner]: 触发避障!激光:True(前0.28m) 视觉:False 左空0.42右空5.02
[python3-5] [INFO] [1791397770.220643551] [coverage_planner]: 航点137第1次失败
[python3-5] [INFO] [1791397770.221115576] [coverage_planner]: 连续避障第1次，保持向左绕行
[python3-5] [INFO] [1791397770.221836377] [coverage_planner]: 离边界0.75m，side_dist限制为0.20m
[python3-5] [INFO] [1791397770.222915901] [coverage_planner]: 开始绕行: (-1.23, -2.60)
[python3-5] [INFO] [1791397772.318502649] [coverage_planner]: 绕行完成，回到航点 137
[python3-5] [WARN] [1791397774.720555213] [coverage_planner]: 触发避障!激光:True(前0.29m) 视觉:False 左空0.47右空4.97
[python3-5] [INFO] [1791397774.720754228] [coverage_planner]: 航点137第2次失败
[python3-5] [INFO] [1791397774.720911754] [coverage_planner]: 连续避障第1次，保持向左绕行
[python3-5] [INFO] [1791397774.721200203] [coverage_planner]: 侧向激光约束: 绕行方向空间0.47m，side_dist限制为0.27m
[python3-5] [INFO] [1791397774.721679246] [coverage_planner]: 开始绕行: (-1.23, -2.56)
[python3-5] [INFO] [1791397776.874522878] [coverage_planner]: 绕行完成，回到航点 137
[python3-5] [WARN] [1791397779.226310030] [coverage_planner]: 触发避障!激光:True(前0.28m) 视觉:False 左空0.47右空4.96
[python3-5] [INFO] [1791397779.226982473] [coverage_planner]: 航点137第3次失败
[python3-5] [WARN] [1791397779.227631841] [coverage_planner]: 🚨 航点137失败3次，跳过
[python3-5] [INFO] [1791397779.274103861] [coverage_planner]: 🌀 航点138航线被挡，插入2个绕障圆弧航点
[python3-5] [WARN] [1791397779.324328673] [coverage_planner]: 触发避障!激光:True(前0.26m) 视觉:False 左空0.40右空4.96
[python3-5] [INFO] [1791397779.324591917] [coverage_planner]: 航点138第1次失败
[python3-5] [INFO] [1791397779.324815192] [coverage_planner]: 连续避障第1次，保持向左绕行
[python3-5] [INFO] [1791397779.325182677] [coverage_planner]: 侧向激光约束: 绕行方向空间0.40m，side_dist限制为0.20m
[python3-5] [INFO] [1791397779.325800030] [coverage_planner]: 开始绕行: (-1.23, -2.50)
[python3-5] [INFO] [1791397781.427811288] [coverage_planner]: 绕行完成，回到航点 138
[python3-5] [WARN] [1791397783.579857924] [coverage_planner]: 触发避障!激光:True(前0.29m) 视觉:False 左空0.47右空4.92
[python3-5] [INFO] [1791397783.580482873] [coverage_planner]: 航点138第2次失败
[python3-5] [INFO] [1791397783.581003976] [coverage_planner]: 连续避障第1次，保持向左绕行
[python3-5] [INFO] [1791397783.581907107] [coverage_planner]: 侧向激光约束: 绕行方向空间0.47m，side_dist限制为0.27m
[python3-5] [INFO] [1791397783.583352043] [coverage_planner]: 开始绕行: (-1.21, -2.53)
[python3-5] [INFO] [1791397785.629964938] [coverage_planner]: 绕行完成，回到航点 138
[python3-5] [WARN] [1791397787.933356400] [coverage_planner]: 触发避障!激光:True(前0.29m) 视觉:False 左空0.47右空4.94
[python3-5] [INFO] [1791397787.933772669] [coverage_planner]: 航点138第3次失败
[python3-5] [WARN] [1791397787.934184262] [coverage_planner]: 🚨 航点138失败3次，跳过
[python3-5] [WARN] [1791397788.034926079] [coverage_planner]: 触发避障!激光:True(前0.28m) 视觉:False 左空0.44右空4.97
[python3-5] [INFO] [1791397788.035541256] [coverage_planner]: 航点139第1次失败
[python3-5] [INFO] [1791397788.035996944] [coverage_planner]: 连续避障第1次，保持向左绕行
[python3-5] [INFO] [1791397788.036836774] [coverage_planner]: 侧向激光约束: 绕行方向空间0.44m，side_dist限制为0.24m
[python3-5] [INFO] [1791397788.038015758] [coverage_planner]: 开始绕行: (-1.22, -2.53)
[python3-5] [INFO] [1791397790.085565044] [coverage_planner]: 绕行完成，回到航点 139
[python3-5] [WARN] [1791397792.438342953] [coverage_planner]: 触发避障!激光:True(前0.29m) 视觉:False 左空0.46右空4.98
[python3-5] [INFO] [1791397792.439125841] [coverage_planner]: 航点139第2次失败
[python3-5] [INFO] [1791397792.439768271] [coverage_planner]: 连续避障第1次，保持向左绕行
[python3-5] [INFO] [1791397792.440807780] [coverage_planner]: 侧向激光约束: 绕行方向空间0.46m，side_dist限制为0.26m
[python3-5] [INFO] [1791397792.442322995] [coverage_planner]: 开始绕行: (-1.22, -2.57)
[python3-5] [INFO] [1791397794.538473582] [coverage_planner]: 绕行完成，回到航点 139
[python3-5] [WARN] [1791397796.893274955] [coverage_planner]: 触发避障!激光:True(前0.29m) 视觉:False 左空0.44右空4.99
[python3-5] [INFO] [1791397796.894026781] [coverage_planner]: 航点139第3次失败
[python3-5] [WARN] [1791397796.895155762] [coverage_planner]: 🚨 航点139失败3次，跳过
[python3-5] [INFO] [1791397796.939747533] [coverage_planner]: 🌀 航点140航线被挡，插入2个绕障圆弧航点
[python3-5] [WARN] [1791397796.989092683] [coverage_planner]: 触发避障!激光:True(前0.29m) 视觉:False 左空0.43右空5.02
[python3-5] [INFO] [1791397796.989297050] [coverage_planner]: 航点140第1次失败
[python3-5] [INFO] [1791397796.989483081] [coverage_planner]: 连续避障第1次，保持向左绕行
[python3-5] [INFO] [1791397796.989788226] [coverage_planner]: 离边界0.79m，side_dist限制为0.20m
[python3-5] [INFO] [1791397796.990296781] [coverage_planner]: 开始绕行: (-1.22, -2.55)
[python3-5] [INFO] [1791397799.042162842] [coverage_planner]: 绕行完成，回到航点 140
[python3-5] [WARN] [1791397801.397664370] [coverage_planner]: 触发避障!激光:True(前0.30m) 视觉:False 左空0.49右空4.94
[python3-5] [INFO] [1791397801.398261108] [coverage_planner]: 航点140第2次失败
[python3-5] [INFO] [1791397801.398738731] [coverage_planner]: 连续避障第1次，保持向左绕行
[python3-5] [INFO] [1791397801.399565358] [coverage_planner]: 侧向激光约束: 绕行方向空间0.49m，side_dist限制为0.29m
[python3-5] [INFO] [1791397801.400975691] [coverage_planner]: 开始绕行: (-1.23, -2.57)
[python3-5] [INFO] [1791397803.546620831] [coverage_planner]: 绕行完成，回到航点 140
[python3-5] [WARN] [1791397806.001351055] [coverage_planner]: 触发避障!激光:True(前0.30m) 视觉:False 左空0.43右空5.00
[python3-5] [INFO] [1791397806.001680449] [coverage_planner]: 航点140第3次失败
[python3-5] [WARN] [1791397806.002003038] [coverage_planner]: 🚨 航点140失败3次，跳过
[python3-5] [WARN] [1791397806.099751212] [coverage_planner]: 触发避障!激光:True(前0.29m) 视觉:False 左空0.42右空5.02
[python3-5] [INFO] [1791397806.100173804] [coverage_planner]: 航点141第1次失败
[python3-5] [INFO] [1791397806.100565089] [coverage_planner]: 连续避障第1次，保持向左绕行
[python3-5] [INFO] [1791397806.101231389] [coverage_planner]: 离边界0.77m，side_dist限制为0.20m
[python3-5] [INFO] [1791397806.102453716] [coverage_planner]: 开始绕行: (-1.22, -2.57)
[python3-5] [INFO] [1791397808.100576785] [coverage_planner]: 绕行完成，回到航点 141
[python3-5] [WARN] [1791397810.652030584] [coverage_planner]: 触发避障!激光:True(前0.29m) 视觉:False 左空0.49右空4.96
[python3-5] [INFO] [1791397810.652233501] [coverage_planner]: 航点141第2次失败
[python3-5] [INFO] [1791397810.652397551] [coverage_planner]: 连续避障第1次，保持向左绕行
[python3-5] [INFO] [1791397810.652680705] [coverage_planner]: 侧向激光约束: 绕行方向空间0.49m，side_dist限制为0.29m
[python3-5] [INFO] [1791397810.653142576] [coverage_planner]: 开始绕行: (-1.23, -2.59)
[python3-5] [INFO] [1791397812.803485329] [coverage_planner]: 绕行完成，回到航点 141
[python3-5] [WARN] [1791397815.057752071] [coverage_planner]: 触发避障!激光:True(前0.29m) 视觉:False 左空0.48右空4.97
[python3-5] [INFO] [1791397815.058360308] [coverage_planner]: 航点141第3次失败
[python3-5] [WARN] [1791397815.058938403] [coverage_planner]: 🚨 航点141失败3次，跳过
[python3-5] [INFO] [1791397815.107957301] [coverage_planner]: 🌀 航点142航线被挡，插入2个绕障圆弧航点
[python3-5] [WARN] [1791397815.155079953] [coverage_planner]: 触发避障!激光:True(前0.29m) 视觉:False 左空0.47右空4.97
[python3-5] [INFO] [1791397815.155385685] [coverage_planner]: 航点142第1次失败
[python3-5] [INFO] [1791397815.155681742] [coverage_planner]: 连续避障第1次，保持向左绕行
[python3-5] [INFO] [1791397815.156082187] [coverage_planner]: 侧向激光约束: 绕行方向空间0.47m，side_dist限制为0.27m
[python3-5] [INFO] [1791397815.156665581] [coverage_planner]: 开始绕行: (-1.23, -2.55)
[python3-5] [INFO] [1791397817.208433612] [coverage_planner]: 绕行完成，回到航点 142
[python3-5] [WARN] [1791397819.511104514] [coverage_planner]: 触发避障!激光:True(前0.30m) 视觉:False 左空0.49右空4.93
[python3-5] [INFO] [1791397819.511538096] [coverage_planner]: 航点142第2次失败
[python3-5] [INFO] [1791397819.511877954] [coverage_planner]: 连续避障第1次，保持向左绕行
[python3-5] [INFO] [1791397819.512466514] [coverage_planner]: 侧向激光约束: 绕行方向空间0.49m，side_dist限制为0.29m
[python3-5] [INFO] [1791397819.513333816] [coverage_planner]: 开始绕行: (-1.21, -2.55)
[python3-5] [INFO] [1791397821.613717120] [coverage_planner]: 绕行完成，回到航点 142
[python3-5] [WARN] [1791397824.066012214] [coverage_planner]: 触发避障!激光:True(前0.30m) 视觉:False 左空0.50右空4.93
[python3-5] [INFO] [1791397824.067041830] [coverage_planner]: 航点142第3次失败
[python3-5] [WARN] [1791397824.067832714] [coverage_planner]: 🚨 航点142失败3次，跳过
[python3-5] [WARN] [1791397824.163931712] [coverage_planner]: 触发避障!激光:True(前0.28m) 视觉:False 左空0.48右空4.95
[python3-5] [INFO] [1791397824.164227004] [coverage_planner]: 航点143第1次失败
[python3-5] [INFO] [1791397824.164478392] [coverage_planner]: 连续避障第1次，保持向左绕行
[python3-5] [INFO] [1791397824.164900947] [coverage_planner]: 侧向激光约束: 绕行方向空间0.48m，side_dist限制为0.28m
[python3-5] [INFO] [1791397824.165576468] [coverage_planner]: 开始绕行: (-1.23, -2.55)
[python3-5] [INFO] [1791397826.264909860] [coverage_planner]: 绕行完成，回到航点 143
[python3-5] [WARN] [1791397828.767189343] [coverage_planner]: 触发避障!激光:True(前0.30m) 视觉:False 左空0.47右空4.96
[python3-5] [INFO] [1791397828.767891003] [coverage_planner]: 航点143第2次失败
[python3-5] [INFO] [1791397828.768528467] [coverage_planner]: 连续避障第1次，保持向左绕行
[python3-5] [INFO] [1791397828.769503228] [coverage_planner]: 侧向激光约束: 绕行方向空间0.47m，side_dist限制为0.27m
[python3-5] [INFO] [1791397828.770811766] [coverage_planner]: 开始绕行: (-1.23, -2.56)
[python3-5] [INFO] [1791397830.919835226] [coverage_planner]: 绕行完成，回到航点 143
[python3-5] [WARN] [1791397833.521936785] [coverage_planner]: 触发避障!激光:True(前0.29m) 视觉:False 左空0.46右空4.94
[python3-5] [INFO] [1791397833.522555297] [coverage_planner]: 航点143第3次失败
[python3-5] [WARN] [1791397833.523200864] [coverage_planner]: 🚨 航点143失败3次，跳过
[python3-5] [INFO] [1791397833.571333639] [coverage_planner]: 🌀 航点144航线被挡，插入2个绕障圆弧航点
[python3-5] [WARN] [1791397833.619665920] [coverage_planner]: 触发避障!激光:True(前0.28m) 视觉:False 左空0.44右空4.98
[python3-5] [INFO] [1791397833.619885383] [coverage_planner]: 航点144第1次失败
[python3-5] [INFO] [1791397833.620077421] [coverage_planner]: 连续避障第1次，保持向左绕行
[python3-5] [INFO] [1791397833.620408920] [coverage_planner]: 侧向激光约束: 绕行方向空间0.44m，side_dist限制为0.24m
[python3-5] [INFO] [1791397833.620952544] [coverage_planner]: 开始绕行: (-1.23, -2.52)
[python3-5] [INFO] [1791397835.671425252] [coverage_planner]: 绕行完成，回到航点 144
[python3-5] [WARN] [1791397838.177961864] [coverage_planner]: 触发避障!激光:True(前0.30m) 视觉:False 左空0.46右空5.00
[python3-5] [INFO] [1791397838.178985641] [coverage_planner]: 航点144第2次失败
[python3-5] [INFO] [1791397838.179931161] [coverage_planner]: 连续避障第1次，保持向左绕行
[python3-5] [INFO] [1791397838.181077978] [coverage_planner]: 离边界0.79m，side_dist限制为0.20m
[python3-5] [INFO] [1791397838.182422331] [coverage_planner]: 开始绕行: (-1.20, -2.55)
[python3-5] [INFO] [1791397840.324966588] [coverage_planner]: 绕行完成，回到航点 144
[python3-5] [WARN] [1791397842.778959222] [coverage_planner]: 触发避障!激光:True(前0.30m) 视觉:False 左空0.47右空4.94
[python3-5] [INFO] [1791397842.779473900] [coverage_planner]: 航点144第3次失败
[python3-5] [WARN] [1791397842.779968152] [coverage_planner]: 🚨 航点144失败3次，跳过
[python3-5] [WARN] [1791397842.881571525] [coverage_planner]: 触发避障!激光:True(前0.28m) 视觉:False 左空0.48右空4.93
[python3-5] [INFO] [1791397842.882764492] [coverage_planner]: 航点145第1次失败
[python3-5] [INFO] [1791397842.883295289] [coverage_planner]: 连续避障第1次，保持向左绕行
[python3-5] [INFO] [1791397842.884008761] [coverage_planner]: 侧向激光约束: 绕行方向空间0.48m，side_dist限制为0.28m
[python3-5] [INFO] [1791397842.884915492] [coverage_planner]: 开始绕行: (-1.23, -2.52)
[python3-5] [INFO] [1791397844.980093427] [coverage_planner]: 绕行完成，回到航点 145
[python3-5] [WARN] [1791397847.582957840] [coverage_planner]: 触发避障!激光:True(前0.29m) 视觉:False 左空0.45右空4.94
[python3-5] [INFO] [1791397847.583425345] [coverage_planner]: 航点145第2次失败
[python3-5] [INFO] [1791397847.583798221] [coverage_planner]: 连续避障第1次，保持向左绕行
[python3-5] [INFO] [1791397847.584430780] [coverage_planner]: 侧向激光约束: 绕行方向空间0.45m，side_dist限制为0.25m
[python3-5] [INFO] [1791397847.585413313] [coverage_planner]: 开始绕行: (-1.23, -2.56)
[python3-5] [INFO] [1791397849.735408611] [coverage_planner]: 绕行完成，回到航点 145
[python3-5] [WARN] [1791397852.186204894] [coverage_planner]: 触发避障!激光:True(前0.30m) 视觉:False 左空0.48右空4.98
[python3-5] [INFO] [1791397852.186485875] [coverage_planner]: 航点145第3次失败
[python3-5] [WARN] [1791397852.186752375] [coverage_planner]: 🚨 航点145失败3次，跳过
[python3-5] [INFO] [1791397852.235886986] [coverage_planner]: 🌀 航点146航线被挡，插入2个绕障圆弧航点
[python3-5] [WARN] [1791397852.285219640] [coverage_planner]: 触发避障!激光:True(前0.29m) 视觉:False 左空0.45右空4.99
[python3-5] [INFO] [1791397852.285415239] [coverage_planner]: 航点146第1次失败
[python3-5] [INFO] [1791397852.285584338] [coverage_planner]: 连续避障第1次，保持向左绕行
[python3-5] [INFO] [1791397852.285858190] [coverage_planner]: 侧向激光约束: 绕行方向空间0.45m，side_dist限制为0.25m
[python3-5] [INFO] [1791397852.286318812] [coverage_planner]: 开始绕行: (-1.24, -2.58)
[python3-5] [INFO] [1791397854.387902900] [coverage_planner]: 绕行完成，回到航点 146
[python3-5] [WARN] [1791397856.989907063] [coverage_planner]: 触发避障!激光:True(前0.29m) 视觉:False 左空0.46右空4.97
[python3-5] [INFO] [1791397856.990582652] [coverage_planner]: 航点146第2次失败
[python3-5] [INFO] [1791397856.991236602] [coverage_planner]: 连续避障第1次，保持向左绕行
[python3-5] [INFO] [1791397856.992332920] [coverage_planner]: 侧向激光约束: 绕行方向空间0.46m，side_dist限制为0.26m
[python3-5] [INFO] [1791397856.993811039] [coverage_planner]: 开始绕行: (-1.23, -2.57)
[python3-5] [INFO] [1791397859.093276042] [coverage_planner]: 绕行完成，回到航点 146
[python3-5] [WARN] [1791397861.594886049] [coverage_planner]: 触发避障!激光:True(前0.30m) 视觉:False 左空0.42右空5.01
[python3-5] [INFO] [1791397861.595507472] [coverage_planner]: 航点146第3次失败
[python3-5] [WARN] [1791397861.596128275] [coverage_planner]: 🚨 航点146失败3次，跳过
[python3-5] [WARN] [1791397861.694896828] [coverage_planner]: 触发避障!激光:True(前0.28m) 视觉:False 左空0.42右空5.05
[python3-5] [INFO] [1791397861.695336360] [coverage_planner]: 航点147第1次失败
[python3-5] [INFO] [1791397861.695830566] [coverage_planner]: 连续避障第1次，保持向左绕行
[python3-5] [INFO] [1791397861.696582649] [coverage_planner]: 离边界0.78m，side_dist限制为0.20m
[python3-5] [INFO] [1791397861.697745429] [coverage_planner]: 开始绕行: (-1.23, -2.57)
[python3-5] [INFO] [1791397863.745853359] [coverage_planner]: 绕行完成，回到航点 147
[python3-5] [WARN] [1791397866.297744121] [coverage_planner]: 触发避障!激光:True(前0.30m) 视觉:False 左空0.46右空4.94
[python3-5] [INFO] [1791397866.298360794] [coverage_planner]: 航点147第2次失败
[python3-5] [INFO] [1791397866.298916308] [coverage_planner]: 连续避障第1次，保持向左绕行
[python3-5] [INFO] [1791397866.299676033] [coverage_planner]: 侧向激光约束: 绕行方向空间0.46m，side_dist限制为0.26m
[python3-5] [INFO] [1791397866.300635643] [coverage_planner]: 开始绕行: (-1.23, -2.57)
[python3-5] [INFO] [1791397868.497405581] [coverage_planner]: 绕行完成，回到航点 147
[python3-5] [WARN] [1791397871.151116333] [coverage_planner]: 触发避障!激光:True(前0.29m) 视觉:False 左空0.43右空5.00
[python3-5] [INFO] [1791397871.151739273] [coverage_planner]: 航点147第3次失败
[python3-5] [WARN] [1791397871.152365310] [coverage_planner]: 🚨 航点147失败3次，跳过
[python3-5] [INFO] [1791397871.204159558] [coverage_planner]: 🌀 航点148航线被挡，插入2个绕障圆弧航点
[python3-5] [WARN] [1791397871.248629756] [coverage_planner]: 触发避障!激光:True(前0.29m) 视觉:False 左空0.42右空5.03
[python3-5] [INFO] [1791397871.248820459] [coverage_planner]: 航点148第1次失败
[python3-5] [INFO] [1791397871.248983758] [coverage_planner]: 连续避障第1次，保持向左绕行
[python3-5] [INFO] [1791397871.249260224] [coverage_planner]: 离边界0.76m，side_dist限制为0.20m
[python3-5] [INFO] [1791397871.249722744] [coverage_planner]: 开始绕行: (-1.23, -2.59)
[python3-5] [INFO] [1791397873.401751908] [coverage_planner]: 绕行完成，回到航点 148
[python3-5] [WARN] [1791397876.055379652] [coverage_planner]: 触发避障!激光:True(前0.29m) 视觉:False 左空0.47右空4.94
[python3-5] [INFO] [1791397876.056016175] [coverage_planner]: 航点148第2次失败
[python3-5] [INFO] [1791397876.056556873] [coverage_planner]: 连续避障第1次，保持向左绕行
[python3-5] [INFO] [1791397876.057487227] [coverage_planner]: 侧向激光约束: 绕行方向空间0.47m，side_dist限制为0.27m
[python3-5] [INFO] [1791397876.058936023] [coverage_planner]: 开始绕行: (-1.23, -2.56)
[python3-5] [INFO] [1791397878.257942885] [coverage_planner]: 绕行完成，回到航点 148
[python3-5] [WARN] [1791397880.706285979] [coverage_planner]: 触发避障!激光:True(前0.29m) 视觉:False 左空0.41右空4.99
[python3-5] [INFO] [1791397880.706481393] [coverage_planner]: 航点148第3次失败
[python3-5] [WARN] [1791397880.706666384] [coverage_planner]: 🚨 航点148失败3次，跳过
[python3-5] [WARN] [1791397880.810305550] [coverage_planner]: 触发避障!激光:True(前0.28m) 视觉:False 左空0.43右空5.02
[python3-5] [INFO] [1791397880.810624859] [coverage_planner]: 航点149第1次失败
[python3-5] [INFO] [1791397880.810909976] [coverage_planner]: 连续避障第1次，保持向左绕行
[python3-5] [INFO] [1791397880.811352444] [coverage_planner]: 离边界0.78m，side_dist限制为0.20m
[python3-5] [INFO] [1791397880.812028191] [coverage_planner]: 开始绕行: (-1.22, -2.56)
[python3-5] [INFO] [1791397882.909982529] [coverage_planner]: 绕行完成，回到航点 149
[python3-5] [WARN] [1791397885.263086636] [coverage_planner]: 触发避障!激光:True(前0.30m) 视觉:False 左空0.47右空5.00
[python3-5] [INFO] [1791397885.263680513] [coverage_planner]: 航点149第2次失败
[python3-5] [INFO] [1791397885.264147986] [coverage_planner]: 连续避障第1次，保持向左绕行
[python3-5] [INFO] [1791397885.264956741] [coverage_planner]: 离边界0.78m，side_dist限制为0.20m
[python3-5] [INFO] [1791397885.266088915] [coverage_planner]: 开始绕行: (-1.19, -2.56)
[python3-5] [INFO] [1791397887.412565383] [coverage_planner]: 绕行完成，回到航点 149
[python3-5] [WARN] [1791397889.817518591] [coverage_planner]: 触发避障!激光:True(前0.29m) 视觉:False 左空0.52右空4.90
[python3-5] [INFO] [1791397889.818061753] [coverage_planner]: 航点149第3次失败
[python3-5] [WARN] [1791397889.818592314] [coverage_planner]: 🚨 航点149失败3次，跳过
[python3-5] [INFO] [1791397889.863588493] [coverage_planner]: 🌀 航点150航线被挡，插入2个绕障圆弧航点
[python3-5] [WARN] [1791397889.913958812] [coverage_planner]: 触发避障!激光:True(前0.28m) 视觉:False 左空0.50右空4.90
[python3-5] [INFO] [1791397889.914212913] [coverage_planner]: 航点150第1次失败
[python3-5] [INFO] [1791397889.914432478] [coverage_planner]: 连续避障第1次，保持向左绕行
[python3-5] [INFO] [1791397889.914825296] [coverage_planner]: 侧向激光约束: 绕行方向空间0.50m，side_dist限制为0.30m
[python3-5] [INFO] [1791397889.915411802] [coverage_planner]: 开始绕行: (-1.21, -2.51)
[python3-5] [INFO] [1791397891.916174971] [coverage_planner]: 绕行完成，回到航点 150
[python3-5] [WARN] [1791397894.220219011] [coverage_planner]: 触发避障!激光:True(前0.30m) 视觉:False 左空0.50右空4.93
[python3-5] [INFO] [1791397894.220718556] [coverage_planner]: 航点150第2次失败
[python3-5] [INFO] [1791397894.221094518] [coverage_planner]: 连续避障第1次，保持向左绕行
[python3-5] [INFO] [1791397894.221739050] [coverage_planner]: 侧向激光约束: 绕行方向空间0.50m，side_dist限制为0.30m
[python3-5] [INFO] [1791397894.223206041] [coverage_planner]: 开始绕行: (-1.22, -2.55)
[python3-5] [INFO] [1791397896.422689980] [coverage_planner]: 绕行完成，回到航点 150
[python3-5] [WARN] [1791397899.022675185] [coverage_planner]: 触发避障!激光:True(前0.28m) 视觉:False 左空0.44右空5.01
[python3-5] [INFO] [1791397899.023216383] [coverage_planner]: 航点150第3次失败
[python3-5] [WARN] [1791397899.023756610] [coverage_planner]: 🚨 航点150失败3次，跳过
[python3-5] [WARN] [1791397899.124205776] [coverage_planner]: 触发避障!激光:True(前0.28m) 视觉:False 左空0.43右空5.02
[python3-5] [INFO] [1791397899.125039694] [coverage_planner]: 航点151第1次失败
[python3-5] [INFO] [1791397899.125802755] [coverage_planner]: 连续避障第1次，保持向左绕行
[python3-5] [INFO] [1791397899.127014537] [coverage_planner]: 离边界0.79m，side_dist限制为0.20m
[python3-5] [INFO] [1791397899.128953617] [coverage_planner]: 开始绕行: (-1.22, -2.55)
[python3-5] [INFO] [1791397901.274586830] [coverage_planner]: 绕行完成，回到航点 151
[python3-5] [WARN] [1791397903.627693425] [coverage_planner]: 触发避障!激光:True(前0.29m) 视觉:False 左空0.48右空4.95
[python3-5] [INFO] [1791397903.628357026] [coverage_planner]: 航点151第2次失败
[python3-5] [INFO] [1791397903.628938765] [coverage_planner]: 连续避障第1次，保持向左绕行
[python3-5] [INFO] [1791397903.629903729] [coverage_planner]: 侧向激光约束: 绕行方向空间0.48m，side_dist限制为0.28m
[python3-5] [INFO] [1791397903.631369018] [coverage_planner]: 开始绕行: (-1.22, -2.57)
[python3-5] [INFO] [1791397905.779468480] [coverage_planner]: 绕行完成，回到航点 151
[python3-5] [WARN] [1791397908.330825228] [coverage_planner]: 触发避障!激光:True(前0.30m) 视觉:False 左空0.45右空5.00
[python3-5] [INFO] [1791397908.331291196] [coverage_planner]: 航点151第3次失败
[python3-5] [WARN] [1791397908.331751817] [coverage_planner]: 🚨 航点151失败3次，跳过
[python3-5] [INFO] [1791397908.378811492] [coverage_planner]: 🌀 航点152航线被挡，插入2个绕障圆弧航点
[python3-5] [WARN] [1791397908.428462875] [coverage_planner]: 触发避障!激光:True(前0.29m) 视觉:False 左空0.44右空4.98
[python3-5] [INFO] [1791397908.428665487] [coverage_planner]: 航点152第1次失败
[python3-5] [INFO] [1791397908.428838962] [coverage_planner]: 连续避障第1次，保持向左绕行
[python3-5] [INFO] [1791397908.429140393] [coverage_planner]: 侧向激光约束: 绕行方向空间0.44m，side_dist限制为0.24m
[python3-5] [INFO] [1791397908.429639284] [coverage_planner]: 开始绕行: (-1.23, -2.56)
[python3-5] [INFO] [1791397910.530026319] [coverage_planner]: 绕行完成，回到航点 152
[python3-5] [WARN] [1791397913.034735705] [coverage_planner]: 触发避障!激光:True(前0.29m) 视觉:False 左空0.44右空5.02
[python3-5] [INFO] [1791397913.035286406] [coverage_planner]: 航点152第2次失败
[python3-5] [INFO] [1791397913.035772174] [coverage_planner]: 连续避障第1次，保持向左绕行
[python3-5] [INFO] [1791397913.036661053] [coverage_planner]: 离边界0.78m，side_dist限制为0.20m
[python3-5] [INFO] [1791397913.037948044] [coverage_planner]: 开始绕行: (-1.21, -2.57)
[python3-5] [INFO] [1791397915.185357437] [coverage_planner]: 绕行完成，回到航点 152
[python3-5] [WARN] [1791397917.436537499] [coverage_planner]: 触发避障!激光:True(前0.30m) 视觉:False 左空0.44右空4.99
[python3-5] [INFO] [1791397917.436888264] [coverage_planner]: 航点152第3次失败
[python3-5] [WARN] [1791397917.437225396] [coverage_planner]: 🚨 航点152失败3次，跳过
[python3-5] [WARN] [1791397917.537378331] [coverage_planner]: 触发避障!激光:True(前0.30m) 视觉:False 左空0.46右空5.00
[python3-5] [INFO] [1791397917.537991077] [coverage_planner]: 航点153第1次失败
[python3-5] [INFO] [1791397917.538486729] [coverage_planner]: 连续避障第1次，保持向左绕行
[python3-5] [INFO] [1791397917.539270106] [coverage_planner]: 离边界0.79m，side_dist限制为0.20m
[python3-5] [INFO] [1791397917.540773252] [coverage_planner]: 开始绕行: (-1.18, -2.55)
[python3-5] [INFO] [1791397919.588338572] [coverage_planner]: 绕行完成，回到航点 153
[python3-5] [WARN] [1791397922.041911094] [coverage_planner]: 触发避障!激光:True(前0.29m) 视觉:False 左空0.46右空4.97
[python3-5] [INFO] [1791397922.042523925] [coverage_planner]: 航点153第2次失败
[python3-5] [INFO] [1791397922.043054580] [coverage_planner]: 连续避障第1次，保持向左绕行
[python3-5] [INFO] [1791397922.043951039] [coverage_planner]: 侧向激光约束: 绕行方向空间0.46m，side_dist限制为0.26m
[python3-5] [INFO] [1791397922.045363113] [coverage_planner]: 开始绕行: (-1.22, -2.56)
[python3-5] [INFO] [1791397924.193220413] [coverage_planner]: 绕行完成，回到航点 153
[python3-5] [WARN] [1791397926.494990097] [coverage_planner]: 触发避障!激光:True(前0.29m) 视觉:False 左空0.48右空4.93
[python3-5] [INFO] [1791397926.495528385] [coverage_planner]: 航点153第3次失败
[python3-5] [WARN] [1791397926.496123910] [coverage_planner]: 🚨 航点153失败3次，跳过
[python3-5] [INFO] [1791397926.545202043] [coverage_planner]: 🌀 航点154航线被挡，插入2个绕障圆弧航点
[python3-5] [WARN] [1791397926.593780237] [coverage_planner]: 触发避障!激光:True(前0.28m) 视觉:False 左空0.47右空4.95
[python3-5] [INFO] [1791397926.593962290] [coverage_planner]: 航点154第1次失败
[python3-5] [INFO] [1791397926.594119654] [coverage_planner]: 连续避障第1次，保持向左绕行
[python3-5] [INFO] [1791397926.594387574] [coverage_planner]: 侧向激光约束: 绕行方向空间0.47m，side_dist限制为0.27m
[python3-5] [INFO] [1791397926.594843943] [coverage_planner]: 开始绕行: (-1.22, -2.52)
[python3-5] [INFO] [1791397928.645237353] [coverage_planner]: 绕行完成，回到航点 154
[python3-6] [WARN] [1791397929.846414978] [metrics_recorder]: 📼 超时，强制结束记录
[python3-6] [INFO] [1791397930.083747499] [metrics_recorder]: 📼 落盘完成: status=timeout odom=120041 点, 时长=2400.9
[python3-5] [WARN] [1791397931.099705538] [coverage_planner]: 触发避障!激光:True(前0.30m) 视觉:False 左空0.46右空5.00
[python3-5] [INFO] [1791397931.100196718] [coverage_planner]: 航点154第2次失败
[python3-5] [INFO] [1791397931.100594457] [coverage_planner]: 连续避障第1次，保持向左绕行
[python3-5] [INFO] [1791397931.101266577] [coverage_planner]: 离边界0.79m，side_dist限制为0.20m
[python3-5] [INFO] [1791397931.102391561] [coverage_planner]: 开始绕行: (-1.19, -2.55)
